budget_year,budget_vintage,max_source_month,month,entity,division,budget_model,revenue_budget,marginal_contribution_budget,gross_profit_budget,opex_budget,depreciation_budget,ebit_budget,revenue_growth_target,mc_margin_target,gross_margin_target,opex_pct_target,revenue,marginal_contribution,gross_profit,opex,depreciation,ebit,revenue_variance,revenue_variance_pct,marginal_contribution_variance,marginal_contribution_variance_pct,gross_profit_variance,gross_profit_variance_pct,opex_variance,opex_variance_pct,depreciation_variance,depreciation_variance_pct,ebit_variance,ebit_variance_pct
2025,2024-10,2024-10,2025-01,CN01,Hardware,Cost center run-rate,0.0,0.0,-238905.79,0.0,236111.11,-475016.9,0.0,0.0,0.0,0.0,0.0,0.0,-681208.18,0.0,236111.11,-917319.29,0.0,0.0,0.0,0.0,-442302.39,1.851367394653767,0.0,0.0,0.0,0.0,-442302.39,0.931129797697724
2025,2024-10,2024-10,2025-02,CN01,Hardware,Cost center run-rate,0.0,0.0,-238905.79,0.0,236111.11,-475016.9,0.0,0.0,0.0,0.0,0.0,0.0,-255801.4,0.0,236111.11,-491912.51,0.0,0.0,0.0,0.0,-16895.609999999986,0.07072080588754247,0.0,0.0,0.0,0.0,-16895.609999999986,0.035568439775511114
2025,2024-10,2024-10,2025-03,CN01,Hardware,Cost center run-rate,0.0,0.0,-238905.79,0.0,236111.11,-475016.9,0.0,0.0,0.0,0.0,0.0,0.0,-67408.38,0.0,236111.11,-303519.49,0.0,0.0,0.0,0.0,171497.41,-0.7178453481600425,0.0,0.0,0.0,0.0,171497.41000000003,-0.3610343337258107
2025,2024-10,2024-10,2025-04,CN01,Hardware,Cost center run-rate,0.0,0.0,-238905.79,0.0,236111.11,-475016.9,0.0,0.0,0.0,0.0,0.0,0.0,-266963.85,0.0,236111.11,-503074.95999999996,0.0,0.0,0.0,0.0,-28058.05999999997,0.11744403515712185,0.0,0.0,0.0,0.0,-28058.05999999994,0.05906749844058167
2025,2024-10,2024-10,2025-05,CN01,Hardware,Cost center run-rate,0.0,0.0,-238905.79,0.0,236111.11,-475016.9,0.0,0.0,0.0,0.0,0.0,0.0,-198678.76,0.0,236111.11,-434789.87,0.0,0.0,0.0,0.0,40227.03,-0.1683803058938002,0.0,0.0,0.0,0.0,40227.03000000003,-0.08468547119060402
2025,2024-10,2024-10,2025-06,CN01,Hardware,Cost center run-rate,0.0,0.0,-238905.79,0.0,236111.11,-475016.9,0.0,0.0,0.0,0.0,0.0,0.0,-190201.63,0.0,236111.11,-426312.74,0.0,0.0,0.0,0.0,48704.16,-0.2038634559673083,0.0,0.0,0.0,0.0,48704.16000000003,-0.10253142572401115
2025,2024-10,2024-10,2025-07,CN01,Hardware,Cost center run-rate,0.0,0.0,-238905.79,0.0,236111.11,-475016.9,0.0,0.0,0.0,0.0,0.0,0.0,-394708.57,0.0,236111.11,-630819.6799999999,0.0,0.0,0.0,0.0,-155802.78,0.6521515447574544,0.0,0.0,0.0,0.0,-155802.7799999999,0.3279941829438066
2025,2024-10,2024-10,2025-08,CN01,Hardware,Cost center run-rate,0.0,0.0,-238905.79,0.0,236111.11,-475016.9,0.0,0.0,0.0,0.0,0.0,0.0,-545604.86,0.0,236111.11,-781715.97,0.0,0.0,0.0,0.0,-306699.06999999995,1.2837657471591624,0.0,0.0,0.0,0.0,-306699.06999999995,0.6456592807540109
2025,2024-10,2024-10,2025-09,CN01,Hardware,Cost center run-rate,0.0,0.0,-238905.79,0.0,236111.11,-475016.9,0.0,0.0,0.0,0.0,0.0,0.0,157185.38,0.0,236111.11,-78925.72999999998,0.0,0.0,0.0,0.0,396091.17000000004,-1.6579387632254539,0.0,0.0,0.0,0.0,396091.17000000004,-0.8338464799883962
2025,2024-10,2024-10,2025-10,CN01,Hardware,Cost center run-rate,0.0,0.0,-238905.79,0.0,236111.11,-475016.9,0.0,0.0,0.0,0.0,0.0,0.0,-82946.43,0.0,236111.11,-319057.54,0.0,0.0,0.0,0.0,155959.36000000002,-0.6528069495511181,0.0,0.0,0.0,0.0,155959.36000000004,-0.3283238133211682
2025,2024-10,2024-10,2025-11,CN01,Hardware,Cost center run-rate,0.0,0.0,-238905.79,0.0,236111.11,-475016.9,0.0,0.0,0.0,0.0,0.0,0.0,-66841.44,0.0,236111.11,-302952.55,0.0,0.0,0.0,0.0,172064.35,-0.72021841747745,0.0,0.0,0.0,0.0,172064.35000000003,-0.3622278491565248
2025,2024-10,2024-10,2025-12,CN01,Hardware,Cost center run-rate,0.0,0.0,-238905.79,0.0,236111.11,-475016.9,0.0,0.0,0.0,0.0,0.0,0.0,33609.06,0.0,236111.11,-202502.05,0.0,0.0,0.0,0.0,272514.85,-1.1406791354868375,0.0,0.0,0.0,0.0,272514.85000000003,-0.5736950622177864
2025,2024-10,2024-10,2025-01,CZ01,Hardware,Cost center run-rate,0.0,0.0,-39278.98,0.0,236111.11,-275390.09,0.0,0.0,0.0,0.0,0.0,0.0,-526197.48,0.0,236111.11,-762308.59,0.0,0.0,0.0,0.0,-486918.5,12.396414061668606,0.0,0.0,0.0,0.0,-486918.49999999994,1.7681046547462906
2025,2024-10,2024-10,2025-02,CZ01,Hardware,Cost center run-rate,0.0,0.0,-39278.98,0.0,236111.11,-275390.09,0.0,0.0,0.0,0.0,0.0,0.0,-2167.49,0.0,236111.11,-238278.59999999998,0.0,0.0,0.0,0.0,37111.490000000005,-0.9448180680862894,0.0,0.0,0.0,0.0,37111.49000000005,-0.13475971484667457
2025,2024-10,2024-10,2025-03,CZ01,Hardware,Cost center run-rate,0.0,0.0,-39278.98,0.0,236111.11,-275390.09,0.0,0.0,0.0,0.0,0.0,0.0,178017.85,0.0,236111.11,-58093.25999999998,0.0,0.0,0.0,0.0,217296.83000000002,-5.532140345803277,0.0,0.0,0.0,0.0,217296.83000000005,-0.789051014871305
2025,2024-10,2024-10,2025-04,CZ01,Hardware,Cost center run-rate,0.0,0.0,-39278.98,0.0,236111.11,-275390.09,0.0,0.0,0.0,0.0,0.0,0.0,-68188.37,0.0,236111.11,-304299.48,0.0,0.0,0.0,0.0,-28909.389999999992,0.7360015458649891,0.0,0.0,0.0,0.0,-28909.389999999956,0.10497614492954323
2025,2024-10,2024-10,2025-05,CZ01,Hardware,Cost center run-rate,0.0,0.0,-39278.98,0.0,236111.11,-275390.09,0.0,0.0,0.0,0.0,0.0,0.0,116374.4,0.0,236111.11,-119736.70999999999,0.0,0.0,0.0,0.0,155653.38,-3.9627653263908584,0.0,0.0,0.0,0.0,155653.38000000003,-0.5652105346274444
2025,2024-10,2024-10,2025-06,CZ01,Hardware,Cost center run-rate,0.0,0.0,-39278.98,0.0,236111.11,-275390.09,0.0,0.0,0.0,0.0,0.0,0.0,80988.15,0.0,236111.11,-155122.96,0.0,0.0,0.0,0.0,120267.13,-3.061869987458941,0.0,0.0,0.0,0.0,120267.13000000003,-0.43671553322779344
2025,2024-10,2024-10,2025-07,CZ01,Hardware,Cost center run-rate,0.0,0.0,-39278.98,0.0,236111.11,-275390.09,0.0,0.0,0.0,0.0,0.0,0.0,-174818.31,0.0,236111.11,-410929.42,0.0,0.0,0.0,0.0,-135539.33,3.450683546263166,0.0,0.0,0.0,0.0,-135539.32999999996,0.4921721402538484
2025,2024-10,2024-10,2025-08,CZ01,Hardware,Cost center run-rate,0.0,0.0,-39278.98,0.0,236111.11,-275390.09,0.0,0.0,0.0,0.0,0.0,0.0,-318841.3,0.0,236111.11,-554952.4099999999,0.0,0.0,0.0,0.0,-279562.32,7.1173518253274395,0.0,0.0,0.0,0.0,-279562.3199999999,1.015150254680551
2025,2024-10,2024-10,2025-09,CZ01,Hardware,Cost center run-rate,0.0,0.0,-39278.98,0.0,236111.11,-275390.09,0.0,0.0,0.0,0.0,0.0,0.0,365002.22,0.0,236111.11,128891.10999999999,0.0,0.0,0.0,0.0,404281.19999999995,-10.292558513484819,0.0,0.0,0.0,0.0,404281.2,-1.4680310391706541
2025,2024-10,2024-10,2025-10,CZ01,Hardware,Cost center run-rate,0.0,0.0,-39278.98,0.0,236111.11,-275390.09,0.0,0.0,0.0,0.0,0.0,0.0,108613.7,0.0,236111.11,-127497.40999999999,0.0,0.0,0.0,0.0,147892.68,-3.765186366855758,0.0,0.0,0.0,0.0,147892.68000000005,-0.5370297820084958
2025,2024-10,2024-10,2025-11,CZ01,Hardware,Cost center run-rate,0.0,0.0,-39278.98,0.0,236111.11,-275390.09,0.0,0.0,0.0,0.0,0.0,0.0,60831.42,0.0,236111.11,-175279.69,0.0,0.0,0.0,0.0,100110.4,-2.5487016210706077,0.0,0.0,0.0,0.0,100110.40000000002,-0.3635221586949625
2025,2024-10,2024-10,2025-12,CZ01,Hardware,Cost center run-rate,0.0,0.0,-39278.98,0.0,236111.11,-275390.09,0.0,0.0,0.0,0.0,0.0,0.0,147345.71,0.0,300694.44,-153348.73,0.0,0.0,0.0,0.0,186624.69,-4.751261107085774,0.0,0.0,64583.330000000016,0.2735293989342561,122041.36000000002,-0.4431581397863663
2025,2024-10,2024-10,2025-01,DE01,Hardware,Driver-based commercial,4220284.71,1468278.09,1239053.81,487968.06,49837.38,701248.36,0.045,0.34791,0.29359,0.11562,4346465.42,1546197.19,1319004.23,558872.9299999999,53503.98830235478,706627.3116976452,126180.70999999996,0.02989862501480379,77919.09999999986,0.05306835301206453,79950.41999999993,0.06452538167006638,70904.86999999994,0.14530637517545705,3666.6083023547835,0.07357144983052447,5378.951697645243,0.0076705372938700965
2025,2024-10,2024-10,2025-02,DE01,Hardware,Driver-based commercial,4412115.84,1535018.0,1295374.44,510148.43,52102.72,733123.29,0.045,0.34791,0.29359,0.11562,4671905.56,1665950.16,1398672.3,564801.3300000001,54032.10363087329,779838.8663691267,259789.71999999974,0.058880983505637,130932.15999999992,0.08529682388089255,103297.8600000001,0.07974362995768243,54652.90000000008,0.10713136958982719,1929.3836308732862,0.037030382115814414,46715.57636912668,0.06372130991654443
2025,2024-10,2024-10,2025-03,DE01,Hardware,Driver-based commercial,4747820.3,1651812.85,1393935.54,548964.07,56067.06,788904.41,0.045,0.34791,0.29359,0.11562,5044531.37,1816376.81,1520945.35,571896.6900000001,54408.91262220559,894639.7473777944,296711.0700000003,0.06249416600708336,164563.95999999996,0.09962627424771514,127009.81000000006,0.0911159851767608,22932.62000000011,0.04177435510487984,-1658.1473777944047,-0.029574359308199946,105735.33737779432,0.1340280723970022
2025,2024-10,2024-10,2025-04,DE01,Hardware,Driver-based commercial,4843735.86,1685182.8,1422095.85,560054.25,57199.72,804841.87,0.045,0.34791,0.29359,0.11562,4804531.26,1782014.7,1560108.36,562584.18,53946.11955247332,943578.0604475267,-39204.60000000056,-0.008093876531079165,96831.8999999999,0.05746076924117663,138012.51,0.09704866939876099,2529.930000000051,0.004517294529949646,-3253.600447526682,-0.056881405145456684,138736.19044752675,0.17237695455323013
2025,2024-10,2024-10,2025-05,DE01,Hardware,Driver-based commercial,4939651.43,1718552.76,1450256.16,571144.44,58332.39,820779.33,0.045,0.34791,0.29359,0.11562,5113897.66,1898426.94,1617818.46,570320.9199999999,54378.53446174202,993119.0055382581,174246.23000000045,0.03527500522440719,179874.17999999993,0.10466607961457054,167562.30000000005,0.11553979539724903,-823.5200000000186,-0.001441876944473133,-3953.85553825798,-0.06778147677916128,172339.67553825816,0.20997077928151306
2025,2024-10,2024-10,2025-06,DE01,Hardware,Driver-based commercial,5035566.99,1751922.72,1478416.48,582234.62,59465.06,836716.8,0.045,0.34791,0.29359,0.11562,5113854.93,1883955.43,1598270.8699999999,571603.33,54330.49583373695,972337.044166263,78287.93999999948,0.015546996029537376,132032.70999999996,0.07536446014011393,119854.3899999999,0.08106943586018461,-10631.290000000037,-0.01825946042164246,-5134.564166263044,-0.08634590070644921,135620.2441662629,0.16208619710547573
2025,2024-10,2024-10,2025-07,DE01,Hardware,Driver-based commercial,4555989.18,1585072.93,1337614.91,526783.7,53801.72,757029.48,0.045,0.34791,0.29359,0.11562,4722270.85,1742354.43,1478580.04,562174.8900000001,53731.36145725666,862673.7885427433,166281.66999999993,0.03649738035593841,157281.5,0.09922666460526836,140965.13000000012,0.10538543563333944,35391.19000000018,0.067183532823814,-70.3585427433427,-0.0013077377961771984,105644.30854274333,0.13955111568804868
2025,2024-10,2024-10,2025-08,DE01,Hardware,Driver-based commercial,4028453.59,1401538.17,1182733.18,465787.7,47572.05,669373.44,0.045,0.34791,0.29359,0.11562,4305816.89,1619219.35,1384274.53,548032.81,52880.569742244275,783361.1502577555,277363.2999999998,0.0688510600416275,217681.18000000017,0.15531591265901817,201541.3500000001,0.17040305743346112,82245.11000000004,0.17657209496944648,5308.5197422442725,0.11158904739745863,113987.71025775559,0.17029016009024142
2025,2024-10,2024-10,2025-09,DE01,Hardware,Driver-based commercial,4987609.21,1735237.74,1464336.32,576689.53,58898.73,828748.07,0.045,0.34791,0.29359,0.11562,5132921.29,1920423.02,1628278.24,572440.7400000001,54041.40779624703,1001796.092203753,145312.08000000007,0.029134616182168786,185185.28000000003,0.10672040823639534,163941.91999999993,0.11195646639427746,-4248.789999999921,-0.007367551826369937,-4857.32220375297,-0.08246904820788105,173048.022203753,0.20880654624481118
2025,2024-10,2024-10,2025-10,DE01,Hardware,Driver-based commercial,5179440.33,1801977.65,1520656.95,598869.9,61164.06,860622.99,0.045,0.34791,0.29359,0.11562,5456597.86,2051039.95,1744577.2200000002,579310.2,54342.58051197358,1110924.4394880265,277157.53000000026,0.05351109624618462,249062.30000000005,0.13821608719730794,223920.27000000025,0.1472523240695413,-19559.70000000007,-0.03266101702556777,-6821.479488026416,-0.11152757825472044,250301.44948802656,0.290837512356051
2025,2024-10,2024-10,2025-11,DE01,Hardware,Driver-based commercial,5371271.45,1868717.56,1576977.58,621050.26,63429.4,892497.92,0.045,0.34791,0.29359,0.11562,5643282.3,2142366.26,1843776.9100000001,589527.5599999999,54533.4227512778,1199715.9272487222,272010.8499999996,0.05064179915911709,273648.6999999997,0.14643662897885956,266799.3300000001,0.16918397153116158,-31522.70000000007,-0.050757083653744976,-8895.9772487222,-0.14025006146553806,307218.00724872213,0.3442226590833087
2025,2024-10,2024-10,2025-12,DE01,Hardware,Driver-based commercial,5659018.14,1968827.43,1661458.52,654320.81,66827.4,940310.31,0.045,0.34791,0.29359,0.11562,5888462.87,2230042.2,1902818.0999999999,622745.62,54802.14917357261,1225270.3308264273,229444.73000000045,0.040544971640610515,261214.77000000025,0.1326753000388664,241359.57999999984,0.14526969954085875,-31575.19000000006,-0.04825643555490778,-12025.250826427386,-0.1799449152058495,284960.02082642727,0.30304891672029766
2025,2024-10,2024-10,2025-01,DE01,Software,Driver-based commercial,648329.78,509728.58,481274.78,110543.55,7727.21,363004.02,0.12,0.78622,0.74233,0.17051,730802.6,575873.18,543085.28,125936.59000000001,8996.011697645223,408152.67830235476,82472.81999999995,0.12720813163942576,66144.60000000003,0.12976435419807153,61810.5,0.12843078957929188,15393.040000000008,0.1392486490618404,1268.8016976452227,0.16419919966523785,45148.65830235474,0.12437509177544298
2025,2024-10,2024-10,2025-02,DE01,Software,Driver-based commercial,677799.31,532898.06,503150.91,115568.26,8078.45,379504.2,0.12,0.78622,0.74233,0.17051,732179.75,579761.18,546918.94,126387.07,8467.896369126713,412063.97363087325,54380.439999999944,0.08023088722235486,46863.119999999995,0.08794012123069089,43768.02999999997,0.08698787805034472,10818.810000000012,0.09361402516573333,389.44636912671285,0.048208055892740916,32559.773630873242,0.08579555544015914
2025,2024-10,2024-10,2025-03,DE01,Software,Driver-based commercial,729371.0,573444.65,541434.13,124361.5,8693.11,408379.52,0.12,0.78622,0.74233,0.17051,750166.51,596741.7,563051.41,128672.84000000001,8091.087377794405,426287.4826222057,20795.51000000001,0.028511566815790604,23297.04999999993,0.04062650161615411,21617.280000000028,0.03992596477063614,4311.340000000011,0.034667803138431194,-602.0226222055953,-0.06925284762364622,17907.96262220567,0.04385127496649604
2025,2024-10,2024-10,2025-04,DE01,Software,Driver-based commercial,744105.77,585029.39,552372.19,126873.85,8868.73,416629.61,0.12,0.78622,0.74233,0.17051,761822.84,610597.28,576393.47,131435.55000000002,8553.880447526686,436404.0395524733,17717.06999999995,0.023809881221590244,25567.890000000014,0.04370359923285224,24021.280000000028,0.043487489839052235,4561.700000000012,0.03595461160830235,-314.84955247331345,-0.03550108668020263,19774.429552473302,0.047462852082148704
2025,2024-10,2024-10,2025-05,DE01,Software,Driver-based commercial,758840.54,596614.13,563310.26,129386.2,9044.35,424879.7,0.12,0.78622,0.74233,0.17051,763763.57,614391.29,580079.81,133139.75000000003,8121.465538257978,438818.5944617421,4923.0299999999115,0.006487568521312674,17777.160000000033,0.02979674651688191,16769.550000000047,0.02976965127530261,3753.550000000032,0.02901043542510741,-922.8844617420227,-0.1020398880784161,13938.894461742078,0.03280668495515808
2025,2024-10,2024-10,2025-06,DE01,Software,Driver-based commercial,773575.3,608198.87,574248.32,131898.56,9219.97,433129.8,0.12,0.78622,0.74233,0.17051,768954.13,614529.29,580044.71,134970.85,8169.504166263047,436904.35583373695,-4621.170000000042,-0.005973781737860609,6330.420000000042,0.010408470505708178,5796.390000000014,0.0100938736747197,3072.290000000008,0.02329282442507339,-1050.465833736952,-0.11393375832426267,3774.5558337369584,0.008714606646176178
2025,2024-10,2024-10,2025-07,DE01,Software,Driver-based commercial,699901.46,550275.17,519558.0,119336.79,8341.87,391879.34,0.12,0.78622,0.74233,0.17051,770646.51,615433.85,580847.84,136194.44999999998,8768.638542743342,435884.7514572567,70745.05000000005,0.10107858611982329,65158.679999999935,0.118411085130372,61289.83999999997,0.11796534746842502,16857.65999999999,0.1412612154223353,426.76854274334073,0.05115981701265312,44005.41145725665,0.11229326725225332
2025,2024-10,2024-10,2025-08,DE01,Software,Driver-based commercial,618860.24,486559.1,459398.66,105518.85,7375.97,346503.84,0.12,0.78622,0.74233,0.17051,783265.11,626935.62,591800.0,137675.72999999998,9619.430257755721,444504.8397422443,164404.87,0.26565750935946375,140376.52000000002,0.28850867243054346,132401.34000000003,0.28820576011257854,32156.879999999976,0.3047500991528999,2243.4602577557207,0.3041579965422474,98000.99974224425,0.28282803371600224
2025,2024-10,2024-10,2025-09,DE01,Software,Driver-based commercial,766207.92,602406.5,568779.29,130642.38,9132.16,429004.75,0.12,0.78622,0.74233,0.17051,803407.79,644969.25,608879.79,139697.13999999998,8458.592203752964,460724.05779624707,37199.869999999995,0.048550620567847945,42562.75,0.0706545331101175,40100.5,0.07050274281259432,9054.75999999998,0.06930951502873707,-673.5677962470363,-0.07375777431046283,31719.30779624707,0.07393696176148883
2025,2024-10,2024-10,2025-10,DE01,Software,Driver-based commercial,795677.45,625575.98,590655.41,135667.09,9483.39,445504.93,0.12,0.78622,0.74233,0.17051,819095.4,660055.22,623283.78,141881.93,8157.41948802641,473244.4305119736,23417.95000000007,0.029431461203280388,34479.23999999999,0.0551159908665291,32628.369999999995,0.0552409568211692,6214.8399999999965,0.04580948850601864,-1325.970511973589,-0.13982030813597132,27739.50051197363,0.06226530537377809
2025,2024-10,2024-10,2025-11,DE01,Software,Driver-based commercial,825146.99,648745.46,612531.54,140691.8,9834.63,462005.12,0.12,0.78622,0.74233,0.17051,824405.33,665041.58,628016.13,144008.63,7966.577248722198,476040.9227512778,-741.6600000000326,-0.0008988216753963226,16296.119999999995,0.02511943590325857,15484.589999999967,0.025279661517511355,3316.8300000000163,0.023575147947499545,-1868.0527512778008,-0.18994641905977153,14035.802751277806,0.03038018875478654
2025,2024-10,2024-10,2025-12,DE01,Software,Driver-based commercial,869351.29,683499.68,645345.73,148228.86,10361.49,486755.39,0.12,0.78622,0.74233,0.17051,827130.13,668531.22,631410.36,145997.69999999998,7697.8508264273905,477714.8091735726,-42221.16000000003,-0.04856628210674195,-14968.46000000008,-0.02189973227200352,-13935.369999999995,-0.02159365027486894,-2231.1600000000035,-0.01505212952457439,-2663.6391735726093,-0.2570710557625022,-9040.580826427438,-0.018573149906829872
2025,2024-10,2024-10,2025-01,ES01,Events,Driver-based commercial,2384404.23,1078359.85,950211.44,335737.5,16864.02,597609.91,0.03,0.45226,0.39851,0.14081,2528238.4,1145921.63,1006641.9299999999,375726.63999999996,19975.735511876137,610939.5544881237,143834.16999999993,0.06032289667595495,67561.7799999998,0.06265235116088548,56430.48999999999,0.059387298052315594,39989.139999999956,0.11910835101828052,3111.7155118761366,0.18451801598172538,13329.644488123711,0.022304925445636788
2025,2024-10,2024-10,2025-02,ES01,Events,Driver-based commercial,2492786.24,1127376.21,993402.87,350998.3,17630.57,624774.0,0.03,0.45226,0.39851,0.14081,2673720.76,1294093.59,1150217.57,379683.61000000004,20012.829848126486,750521.1301518735,180934.51999999955,0.07258324725027347,166717.38000000012,0.14788087465496555,156814.70000000007,0.15785609719448473,28685.310000000056,0.0817249257332587,2382.2598481264868,0.13512097726429076,125747.13015187345,0.2012681868193514
2025,2024-10,2024-10,2025-03,ES01,Events,Driver-based commercial,2682454.76,1213154.84,1068987.87,377704.69,18972.03,672311.15,0.03,0.45226,0.39851,0.14081,1771646.13,767058.87,669238.28,336321.19,13378.074400650296,319539.01559934975,-910808.6299999999,-0.33954296026971953,-446095.9700000001,-0.36771560833899825,-399749.5900000001,-0.3739514743043811,-41383.5,-0.10956575625258982,-5593.955599349703,-0.29485277006992416,-352772.1344006503,-0.524715579089608
2025,2024-10,2024-10,2025-04,ES01,Events,Driver-based commercial,2736645.77,1237663.01,1090583.58,385335.09,19355.3,685893.19,0.03,0.45226,0.39851,0.14081,2047813.5299999998,1001776.13,891166.88,348598.22000000003,15105.462669377781,527463.1973306222,-688832.2400000002,-0.25170675998742803,-235886.88,-0.19059055501707206,-199416.70000000007,-0.1828532023194408,-36736.869999999995,-0.0953374632972045,-4249.837330622218,-0.2195696956710678,-158429.9926693777,-0.23098347523960358
2025,2024-10,2024-10,2025-05,ES01,Events,Driver-based commercial,2790836.77,1262171.19,1112179.3,392965.49,19738.57,699475.24,0.03,0.45226,0.39851,0.14081,2691589.14,1238545.15,1093393.64,376678.61,17974.806688174474,698740.2233118253,-99247.62999999989,-0.03556196158329958,-23626.040000000037,-0.018718570180642484,-18785.66000000015,-0.016890855638115317,-16286.880000000005,-0.04144608219922825,-1763.7633118255253,-0.08935618496302039,-735.0166881746845,-0.0010508115886627874
2025,2024-10,2024-10,2025-06,ES01,Events,Driver-based commercial,2845027.78,1286679.37,1133775.01,400595.88,20121.85,713057.28,0.03,0.45226,0.39851,0.14081,3323926.6,1540271.81,1358391.37,403009.54,20427.045362618144,934954.7846373819,478898.8200000003,0.1683283458131999,253592.43999999994,0.19709062406122196,224616.3600000001,0.198113698060782,2413.6599999999744,0.006025174297848431,305.19536261814574,0.015167360984111589,221897.50463738188,0.31119169646144257
2025,2024-10,2024-10,2025-07,ES01,Events,Driver-based commercial,2574072.75,1164138.48,1025796.44,362443.9,18205.48,645147.06,0.03,0.45226,0.39851,0.14081,3546902.57,1591673.98,1394453.25,411967.95999999996,22702.227677451618,959783.0623225485,972829.8199999998,0.37793408131141587,427535.5,0.3672548475504392,368656.81000000006,0.35938593235905564,49524.05999999994,0.13663924265244892,4496.747677451618,0.2469996768803469,314636.0023225484,0.4876965607229899
2025,2024-10,2024-10,2025-08,ES01,Events,Driver-based commercial,2276022.22,1029343.5,907020.01,320476.71,16097.48,570445.82,0.03,0.45226,0.39851,0.14081,1659616.36,772450.6799999999,681517.32,352679.88999999996,14784.780945535356,314052.64905446465,-616405.8600000001,-0.27082594123356146,-256892.82000000007,-0.2495695751709707,-225502.69000000006,-0.2486193110557727,32203.179999999935,0.10048524274977715,-1312.6990544646433,-0.08154686661916295,-256393.1709455353,-0.4494610389914599
2025,2024-10,2024-10,2025-09,ES01,Events,Driver-based commercial,2817932.28,1274425.28,1122977.15,396780.69,19930.21,706266.26,0.03,0.45226,0.39851,0.14081,2098177.43,988435.63,873669.65,363805.12,14714.942349818048,495149.58765018196,-719754.8499999996,-0.25541949858354995,-285989.65,-0.22440676161100634,-249307.49999999988,-0.22200585292407768,-32975.57000000001,-0.08310779942441253,-5215.2676501819515,-0.26167650266514764,-211116.67234981805,-0.29891937971073124
2025,2024-10,2024-10,2025-10,ES01,Events,Driver-based commercial,2926314.29,1323441.64,1166168.58,412041.48,20696.76,733430.35,0.03,0.45226,0.39851,0.14081,3244030.3,1532932.75,1354751.74,414409.38000000006,19451.690951120472,920890.6690488794,317716.0099999998,0.10857207343917928,209491.1100000001,0.15829266940701678,188583.15999999992,0.16171174839918934,2367.9000000000815,0.005746751516376656,-1245.0690488795262,-0.06015767921546785,187460.31904887944,0.25559389388355613
2025,2024-10,2024-10,2025-11,ES01,Events,Driver-based commercial,3034696.3,1372458.0,1209360.01,427302.28,21463.3,760594.43,0.03,0.45226,0.39851,0.14081,3330726.18,1510041.01,1325676.93,414660.98,19602.649988790246,891413.3000112096,296029.88000000035,0.09754843672495346,137583.01,0.10024569786470698,116316.91999999993,0.096180557516533,-12641.300000000047,-0.02958397507263487,-1860.6500112097528,-0.08668983852481925,130818.87001120951,0.17199556669276359
2025,2024-10,2024-10,2025-12,ES01,Events,Driver-based commercial,3197269.31,1445982.53,1274147.16,450193.47,22613.12,801340.56,0.03,0.45226,0.39851,0.14081,2470654.47,1139716.3599999999,1004155.44,372113.70999999996,14993.073250921609,617048.6567490784,-726614.8399999999,-0.22726106860231923,-306266.17000000016,-0.21180488950997226,-269991.72,-0.21189995039505483,-78079.76000000001,-0.17343601185508092,-7620.04674907839,-0.336974585951801,-184291.90325092163,-0.22997950241146115
2025,2024-10,2024-10,2025-01,ES01,Hardware,Driver-based commercial,3858031.34,1330590.96,1119753.08,332591.05,27965.47,759196.57,0.045,0.34489,0.29024,0.08621,3735081.48,1348087.62,1158490.01,384362.54000000004,29511.06183648934,744616.4081635105,-122949.85999999987,-0.031868548792037515,17496.66000000015,0.013149540712346452,38736.929999999935,0.034594171422149544,51771.49000000005,0.1556611039292851,1545.5918364893405,0.05526786556740654,-14580.161836489453,-0.019204725643701806
2025,2024-10,2024-10,2025-02,ES01,Hardware,Driver-based commercial,4033396.4,1391072.37,1170650.95,347708.82,29236.62,793705.51,0.045,0.34489,0.29024,0.08621,3932186.89,1409386.2,1186733.6300000001,384357.92000000004,29432.46293251793,772943.2470674821,-101209.50999999978,-0.025092874580837077,18313.82999999984,0.01316526040985189,16082.680000000168,0.013738236833105691,36649.100000000035,0.10540169789193163,195.84293251793133,0.006698549029194597,-20762.262932517915,-0.026158647849777325
2025,2024-10,2024-10,2025-03,ES01,Hardware,Driver-based commercial,4340285.26,1496914.83,1259722.22,374164.93,31461.15,854096.14,0.045,0.34489,0.29024,0.08621,4581028.1,1624873.04,1380137.5999999999,403488.36,34592.311475469236,942056.9285245307,240742.83999999985,0.055467054716122476,127958.20999999996,0.08548128954003345,120415.37999999989,0.09558883544977073,29323.429999999993,0.07837033256965048,3131.1614754692346,0.09952469873063237,87960.78852453071,0.10298698753577169
2025,2024-10,2024-10,2025-04,ES01,Hardware,Driver-based commercial,4427967.79,1527155.53,1285171.15,381723.82,32096.73,871350.61,0.045,0.34489,0.29024,0.08621,4490297.08,1630541.45,1376201.44,397076.45999999996,33122.163674910415,946002.8163250897,62329.29000000004,0.014076274479855698,103385.91999999993,0.06769835682682557,91030.29000000004,0.07083125854482498,15352.639999999956,0.04021923494321092,1025.433674910415,0.03194822883547374,74652.20632508968,0.08567413101953263
2025,2024-10,2024-10,2025-05,ES01,Hardware,Driver-based commercial,4515650.32,1557396.24,1310620.09,389282.7,32732.31,888605.08,0.045,0.34489,0.29024,0.08621,4691848.15,1710165.8,1460927.24,402063.62,31332.814601309856,1027530.8053986902,176197.83000000007,0.039019369861216374,152769.56000000006,0.0980929297736073,150307.1499999999,0.11468399664162014,12780.919999999984,0.032831975322818056,-1399.4953986901455,-0.04275577857750172,138925.7253986902,0.15634135852418288
2025,2024-10,2024-10,2025-06,ES01,Hardware,Driver-based commercial,4603332.85,1587636.94,1336069.02,396841.59,33367.89,905859.54,0.045,0.34489,0.29024,0.08621,4808227.65,1713941.23,1439060.18,405373.19,29548.752466539077,1004138.237533461,204894.80000000075,0.0445100988080844,126304.29000000004,0.07955489496232057,102991.15999999992,0.07708520926561108,8531.599999999977,0.02149875470461646,-3819.137533460922,-0.11445547001805993,98278.69753346092,0.10849220347501215
2025,2024-10,2024-10,2025-07,ES01,Hardware,Driver-based commercial,4164920.2,1436433.42,1208824.35,359047.15,30189.99,819587.21,0.045,0.34489,0.29024,0.08621,4357362.47,1581000.64,1327825.76,394231.36,27889.639739138067,905704.7602608618,192442.26999999955,0.046205511932737524,144567.21999999997,0.10064317495481272,119001.40999999992,0.09844392198088987,35184.20999999996,0.09799328584003511,-2300.3502608619347,-0.07619579406491803,86117.55026086187,0.10507429741474598
2025,2024-10,2024-10,2025-08,ES01,Hardware,Driver-based commercial,3682666.28,1270109.55,1068855.22,317473.27,26694.31,724687.64,0.045,0.34489,0.29024,0.08621,3706548.86,1413493.96,1218923.4500000002,372689.13999999996,33019.98840203274,813214.3215979674,23882.580000000075,0.006485132831530984,143384.40999999992,0.11289137224422878,150068.2300000002,0.14040089545523313,55215.86999999994,0.1739228943589485,6325.678402032736,0.2369672938552349,88526.6815979674,0.12215839861428766
2025,2024-10,2024-10,2025-09,ES01,Hardware,Driver-based commercial,4559491.58,1572516.59,1323344.55,393062.15,33050.1,897232.31,0.045,0.34489,0.29024,0.08621,4752466.38,1749860.59,1469665.56,407964.27999999997,33330.007177299805,1028371.2728227,192974.7999999998,0.04232375400065983,177344.0,0.11277718857007415,146321.01,0.1105690955541397,14902.129999999946,0.03791291021025542,279.9071772998068,0.008469177923812842,131138.96282269992,0.14615942979438615
2025,2024-10,2024-10,2025-10,ES01,Hardware,Driver-based commercial,4734856.65,1632998.0,1374242.42,408179.92,34321.25,931741.25,0.045,0.34489,0.29024,0.08621,5042217.8,1853994.69,1591025.81,409274.13,30233.892190784587,1151517.7878092153,307361.14999999944,0.06491456293613439,220996.68999999994,0.13533188038197227,216783.39000000013,0.15774756101619986,1094.210000000021,0.0026807051165084776,-4087.357809215413,-0.1190911697334862,219776.53780921525,0.2358772221464009
2025,2024-10,2024-10,2025-11,ES01,Hardware,Driver-based commercial,4910221.71,1693479.4,1425140.29,423297.7,35592.41,966250.18,0.045,0.34489,0.29024,0.08621,5042528.53,1865950.81,1583920.9400000002,409392.18,29677.288522132134,1144851.4714778678,132306.8200000003,0.026945182481383372,172471.41000000015,0.10184440979913907,158780.65000000014,0.11141404892847435,-13905.520000000019,-0.032850450167813385,-5915.1214778678695,-0.16619052988735153,178601.29147786775,0.18483959452185328
2025,2024-10,2024-10,2025-12,ES01,Hardware,Driver-based commercial,5173269.3,1784201.51,1501487.09,445974.36,37499.15,1018013.58,0.045,0.34489,0.29024,0.08621,5478749.67,2031389.65,1756798.5499999998,445107.52999999997,33247.5852545146,1278443.4347454854,305480.3700000001,0.0590497714858958,247188.1399999999,0.13854272547947788,255311.45999999973,0.17003906440514233,-866.8300000000163,-0.0019436767620452807,-4251.564745485404,-0.1133776297725523,260429.85474548547,0.2558215920316952
2025,2024-10,2024-10,2025-01,ES01,Spare Parts,Driver-based commercial,1672011.07,768196.41,711105.43,154664.25,12143.91,544297.27,0.06,0.45944,0.4253,0.0925,1647022.14,763976.82,713879.42,176823.89,13013.202651634523,524042.32734836545,-24988.930000000168,-0.014945433345725496,-4219.590000000084,-0.005492853058243378,2773.9899999999907,0.0039009546024701153,22159.640000000014,0.14327577316671444,869.2926516345233,0.07158259997270429,-20254.94265163457,-0.03721301532824989
2025,2024-10,2024-10,2025-02,ES01,Spare Parts,Driver-based commercial,1748011.58,803114.43,743428.41,161694.44,12695.91,569038.06,0.06,0.45944,0.4253,0.0925,1744113.25,810806.18,747667.1,176459.91,13054.707219355583,558152.4827806443,-3898.3300000000745,-0.002230151129776883,7691.75,0.009577402313640411,4238.689999999944,0.005701544281849471,14765.470000000001,0.0913171164079606,358.79721935558337,0.028260850884700928,-10885.577219355735,-0.01912978759163444
2025,2024-10,2024-10,2025-03,ES01,Spare Parts,Driver-based commercial,1881012.46,864220.97,799993.61,173997.28,13661.9,612334.43,0.06,0.45944,0.4253,0.0925,1924143.48,900149.82,827896.7200000001,181361.64,14529.61412388047,632005.4658761194,43131.02000000002,0.022929683304702842,35928.84999999998,0.04157368456356709,27903.110000000102,0.034879166097339334,7364.360000000015,0.04232456967143403,867.7141238804707,0.06351342960206638,19671.035876119393,0.032124660826469274
2025,2024-10,2024-10,2025-04,ES01,Spare Parts,Driver-based commercial,1919012.71,881679.97,816155.1,177512.38,13937.9,624704.82,0.06,0.45944,0.4253,0.0925,1934873.53,911617.23,850803.35,180358.7,14272.373655711814,656172.2763442883,15860.820000000065,0.008265093773141328,29937.26000000001,0.0339547920091686,34648.25,0.04245302149064559,2846.320000000007,0.016034487284774204,334.473655711814,0.023997421111631882,31467.456344288308,0.05037172010980852
2025,2024-10,2024-10,2025-05,ES01,Spare Parts,Driver-based commercial,1957012.96,899138.98,832316.58,181027.47,14213.9,637075.22,0.06,0.45944,0.4253,0.0925,1975457.31,934440.9,865229.02,180843.82,13192.37871051566,671192.8212894843,18444.350000000093,0.009424745965913323,35301.92000000004,0.03926191699530149,32912.44000000006,0.039543174785728843,-183.64999999999418,-0.0010144869173722318,-1021.5212894843389,-0.07186776954138828,34117.6012894843,0.05355348978961119
2025,2024-10,2024-10,2025-06,ES01,Spare Parts,Driver-based commercial,1995013.21,916597.99,848478.07,184542.57,14489.89,649445.61,0.06,0.45944,0.4253,0.0925,2037961.34,958562.45,886530.49,184434.81,12524.20217084278,689571.4778291573,42948.13000000012,0.02152774216467475,41964.45999999996,0.04578284095953556,38052.42000000004,0.044847853286296535,-107.76000000000931,-0.0005839303094132118,-1965.6878291572193,-0.1356592651260444,40125.86782915727,0.06178480108466246
2025,2024-10,2024-10,2025-07,ES01,Spare Parts,Driver-based commercial,1805011.96,829302.95,767670.64,166967.09,13109.9,587593.65,0.06,0.45944,0.4253,0.0925,1860477.6,875776.54,814035.73,180762.97,11908.132583410308,621364.6274165896,55465.64000000013,0.03072868281714883,46473.590000000084,0.0560393400264645,46365.08999999997,0.06039711249084629,13795.880000000005,0.08262634271220756,-1201.7674165896915,-0.09166869439047526,33770.97741658962,0.05747335325456567
2025,2024-10,2024-10,2025-08,ES01,Spare Parts,Driver-based commercial,1596010.57,733278.39,678782.46,147634.05,11591.92,519556.49,0.06,0.45944,0.4253,0.0925,1649564.19,779513.33,723682.0900000001,173287.42,14695.230652431903,535699.4393475682,53553.61999999988,0.033554677523219584,46234.939999999944,0.06305236951003007,44899.63000000012,0.0661473043955793,25653.370000000024,0.17376323415905767,3103.310652431903,0.2677132565124589,16142.94934756821,0.031070633623628125
2025,2024-10,2024-10,2025-09,ES01,Spare Parts,Driver-based commercial,1976013.09,907868.49,840397.33,182785.02,14351.9,643260.41,0.06,0.45944,0.4253,0.0925,2061119.91,977737.42,898359.96,186224.26,14455.050472882152,697680.6495271178,85106.81999999983,0.04306996771969756,69868.93000000005,0.07695930717895061,57962.630000000005,0.06897050708145397,3439.24000000002,0.018815765099350155,103.15047288215283,0.007187234643646683,54420.23952711781,0.08460063557637226
2025,2024-10,2024-10,2025-10,ES01,Spare Parts,Driver-based commercial,2052013.59,942786.51,872720.3,189815.21,14903.89,668001.2,0.06,0.45944,0.4253,0.0925,2137107.6,1017897.34,945117.23,186741.74,12814.416858094943,745561.073141905,85094.01000000001,0.04146854115132834,75110.82999999996,0.07966896980738508,72396.92999999993,0.08295547840470759,-3073.470000000001,-0.0161919058014371,-2089.4731419050568,-0.14019649513684393,77559.87314190506,0.11610738594766756
2025,2024-10,2024-10,2025-11,ES01,Spare Parts,Driver-based commercial,2128014.09,977704.53,905043.28,196845.41,15455.89,692741.98,0.06,0.45944,0.4253,0.0925,2246247.57,1075256.59,997870.99,192055.01,13220.061489077621,792595.9185109223,118233.47999999998,0.05556047798536897,97552.06000000006,0.09977662678928167,92827.70999999996,0.10256715015882993,-4790.399999999994,-0.02433584811553388,-2235.828510922378,-0.14465867128469329,99853.93851092237,0.14414304516513113
2025,2024-10,2024-10,2025-12,ES01,Spare Parts,Driver-based commercial,2242014.85,1030081.55,953527.74,207390.7,16283.88,729853.16,0.06,0.45944,0.4253,0.0925,2349745.46,1124388.06,1041544.85,206598.61000000002,14259.341494563781,820686.8985054363,107730.60999999987,0.04805080126922436,94306.51000000001,0.09155246980202685,88017.10999999999,0.09230681637012468,-792.0899999999965,-0.0038193130164467185,-2024.5385054362177,-0.12432777111082972,90833.73850543622,0.12445481294543716
2025,2024-10,2024-10,2025-01,JP01,Hardware,Driver-based commercial,2514548.67,957524.43,825443.53,288318.71,26832.23,510292.58,0.045,0.38079,0.32827,0.11466,2307558.84,897787.24,779826.44,323784.92000000004,27641.23416175029,428400.28583824966,-206989.83000000007,-0.08231689148414856,-59737.19000000006,-0.062387118415349524,-45617.090000000084,-0.05526373197207092,35466.21000000002,0.12301043522288241,809.0041617502902,0.030150463146383668,-81892.29416175035,-0.160481060025898
2025,2024-10,2024-10,2025-02,JP01,Hardware,Driver-based commercial,2628846.34,1001048.27,862963.69,301424.11,28051.88,533487.7,0.045,0.38079,0.32827,0.11466,2538483.48,995859.76,859914.48,330396.55,28449.48272328608,501068.44727671397,-90362.85999999987,-0.03437358000924461,-5188.510000000009,-0.005183076736149805,-3049.2099999999627,-0.0035334163364393266,28972.440000000002,0.0961185221713021,397.6027232860797,0.014173835168483527,-32419.252723285987,-0.06076851017049876
2025,2024-10,2024-10,2025-03,JP01,Hardware,Driver-based commercial,2828867.26,1077214.98,928623.97,324358.55,30186.26,574079.16,0.045,0.38079,0.32827,0.11466,3071011.94,1206332.36,1034425.24,346132.63,30316.261780346118,657976.3482196538,242144.68000000017,0.08559775264958887,129117.38000000012,0.1198622210025339,105801.27000000002,0.11393338252942149,21774.080000000016,0.06712966252932139,130.00178034611963,0.004306654098458028,83897.18821965379,0.1461421944312589
2025,2024-10,2024-10,2025-04,JP01,Hardware,Driver-based commercial,2886016.09,1098976.9,947384.05,330911.25,30796.08,585676.72,0.045,0.38079,0.32827,0.11466,3179389.49,1270078.2,1100421.37,345994.21,30649.661673274713,723777.4983267253,293373.4000000004,0.10165341801680683,171101.30000000005,0.15569144355991474,153037.32000000007,0.1615367284260275,15082.960000000021,0.04558007622889829,-146.41832672528835,-0.004754446888217213,138100.77832672535,0.2357969398659475
2025,2024-10,2024-10,2025-05,JP01,Hardware,Driver-based commercial,2943164.92,1120738.82,966144.13,337463.95,31405.91,597274.27,0.045,0.38079,0.32827,0.11466,3268108.44,1300023.3,1127050.14,346969.13,30857.62386788721,749223.3861321128,324943.52,0.1104061542021913,179284.47999999998,0.1599699027111419,160906.0099999999,0.1665445196049578,9505.179999999993,0.028166504896300754,-548.2861321127893,-0.01745805589179837,151949.1161321128,0.2544042557401858
2025,2024-10,2024-10,2025-06,JP01,Hardware,Driver-based commercial,3000313.76,1142500.74,984904.21,344016.65,32015.73,608871.83,0.045,0.38079,0.32827,0.11466,3267211.05,1288927.48,1112419.04,347401.31,30362.694696069426,734655.0353039306,266897.29000000004,0.08895645967373761,146426.74,0.12816336556596014,127514.83000000007,0.12946927092534216,3384.6599999999744,0.009838651704793864,-1653.0353039305737,-0.05163197290614875,125783.20530393068,0.2065840446320709
2025,2024-10,2024-10,2025-07,JP01,Hardware,Driver-based commercial,2714569.59,1033691.15,891103.81,311253.16,28966.61,550884.04,0.045,0.38079,0.32827,0.11466,2913153.02,1157006.79,998988.36,339422.98,29738.006922861594,629827.3730771384,198583.43000000017,0.07315466537735736,123315.64000000001,0.11929640686195292,107884.54999999993,0.12106844207073912,28169.820000000007,0.09050452692592746,771.3969228615933,0.026630555762707245,78943.3330771384,0.1433029954491664
2025,2024-10,2024-10,2025-08,JP01,Hardware,Driver-based commercial,2400251.01,914000.59,787923.37,275213.32,25612.58,487097.47,0.045,0.38079,0.32827,0.11466,2264184.89,923162.2,806288.0499999999,315981.98,27261.580970260962,463044.48902973905,-136066.11999999965,-0.056688287780368295,9161.609999999986,0.010023636855639215,18364.679999999935,0.023307698056982285,40768.659999999974,0.148134763244744,1649.0009702609605,0.06438246245637731,-24052.98097026092,-0.04938022151964969
2025,2024-10,2024-10,2025-09,JP01,Hardware,Driver-based commercial,2971739.34,1131619.78,975524.17,340740.3,31710.82,603073.05,0.045,0.38079,0.32827,0.11466,3420851.08,1362675.99,1168378.92,360427.83,30923.455070765172,777027.6349292347,449111.7400000002,0.15112756827454465,231056.20999999996,0.20418184100670275,192854.74999999988,0.19769346155718506,19687.530000000028,0.05777869538766042,-787.3649292348273,-0.024829535446728508,173954.5849292347,0.28844695502349954
2025,2024-10,2024-10,2025-10,JP01,Hardware,Driver-based commercial,3086037.01,1175143.62,1013044.33,353845.69,32930.46,626268.17,0.045,0.38079,0.32827,0.11466,3573820.2199999997,1433289.49,1252530.4,350184.73000000004,30926.635719875583,871419.0342801244,487783.20999999996,0.15806136103338567,258145.86999999988,0.219671762333186,239486.06999999995,0.23640235960848816,-3660.9599999999627,-0.010346204866872797,-2003.824280124416,-0.06085017579846792,245150.8642801243,0.3914471084808993
2025,2024-10,2024-10,2025-11,JP01,Hardware,Driver-based commercial,3200334.68,1218667.46,1050564.49,366951.09,34150.11,649463.29,0.045,0.38079,0.32827,0.11466,3715131.39,1495405.62,1297315.4500000002,357625.58,31016.472712730832,908673.3972872691,514796.70999999996,0.16085714822800967,276738.16000000015,0.2270825874024733,246750.9600000002,0.2348746434404995,-9325.51000000001,-0.02541349584218433,-3133.637287269168,-0.09176067916821258,259210.1072872691,0.39911433221617354
2025,2024-10,2024-10,2025-12,JP01,Hardware,Driver-based commercial,3371781.18,1283953.21,1106844.73,386609.18,35979.58,684255.96,0.045,0.38079,0.32827,0.11466,3812651.53,1531859.61,1326954.11,386259.22,30709.757614695216,909985.1323853048,440870.3499999996,0.13075295414039875,247906.40000000014,0.1930805562610807,220109.38000000012,0.1988620210533054,-349.96000000002095,-0.0009052035443132027,-5269.822385304786,-0.14646703450414889,225729.17238530482,0.32988996162387074
2025,2024-10,2024-10,2025-01,JP01,Software,Driver-based commercial,534434.07,419964.33,396443.14,87341.83,5836.21,303265.1,0.12,0.78581,0.7418,0.16343,598285.56,471067.3,444132.34,98615.42999999998,7166.600033286218,338350.30996671383,63851.49000000011,0.11947496161687468,51102.96999999997,0.12168407254968527,47689.20000000001,0.12029266037999803,11273.599999999977,0.12907446523618724,1330.3900332862177,0.22795444874091536,35085.209966713854,0.11569155160522544
2025,2024-10,2024-10,2025-02,JP01,Software,Driver-based commercial,558726.53,439053.62,414463.28,91311.91,6101.5,317049.88,0.12,0.78581,0.7418,0.16343,606867.23,480283.87,452931.35,99632.65,6801.328002029574,346497.37199797045,48140.69999999995,0.08616147151630682,41230.25,0.09390709499217886,38468.06999999995,0.09281418127077493,8320.73999999999,0.09112436701849726,699.8280020295742,0.11469769762018753,29447.491997970443,0.09287968189097073
2025,2024-10,2024-10,2025-03,JP01,Software,Driver-based commercial,601238.33,472459.88,445998.53,98259.55,6565.74,341173.24,0.12,0.78581,0.7418,0.16343,600048.53,477554.88,450530.66,100661.04,5923.529009917125,343946.0909900828,-1189.7999999999302,-0.001978915748767931,5095.0,0.010783984451759163,4532.129999999946,0.010161759950195231,2401.4899999999907,0.024440270691245693,-642.2109900828746,-0.0978124309038851,2772.850990082836,0.008127398825543398
2025,2024-10,2024-10,2025-04,JP01,Software,Driver-based commercial,613384.56,482004.52,455008.6,100244.6,6698.38,348065.63,0.12,0.78581,0.7418,0.16343,618173.43,495403.99,467572.78,102679.06999999998,5959.259330918833,358934.4506690812,4788.869999999995,0.007807288139108025,13399.469999999972,0.027799469598334826,12564.180000000051,0.02761306050039505,2434.469999999972,0.02428529816069865,-739.1206690811669,-0.11034319777038132,10868.820669081178,0.031226354262789975
2025,2024-10,2024-10,2025-05,JP01,Software,Driver-based commercial,625530.79,491549.16,464018.67,102229.64,6831.02,354958.02,0.12,0.78581,0.7418,0.16343,616363.4,496596.04,468846.35,103445.85,5819.730376857419,359580.76962314255,-9167.390000000014,-0.014655377715300014,5046.880000000005,0.01026729452655357,4827.679999999993,0.010404064129574772,1216.2100000000064,0.011896843224724321,-1011.2896231425811,-0.14804372160271542,4622.749623142532,0.01302336998370267
2025,2024-10,2024-10,2025-06,JP01,Software,Driver-based commercial,637677.02,501093.81,473028.75,104214.68,6963.66,361850.4,0.12,0.78581,0.7418,0.16343,635120.07,507540.03,478971.77,105174.64,5902.268474745837,367894.86152525415,-2556.95000000007,-0.004009788528995556,6446.22000000003,0.012864297804836245,5943.020000000019,0.012563760659367996,959.9600000000064,0.009211370221546585,-1061.3915252541628,-0.1524186311873588,6044.461525254126,0.01670431074624797
2025,2024-10,2024-10,2025-07,JP01,Software,Driver-based commercial,576945.87,453370.59,427978.39,94289.47,6300.46,327388.46,0.12,0.78581,0.7418,0.16343,638190.11,509753.28,481025.14,106481.28,6514.763137736514,368029.09686226345,61244.23999999999,0.10615248879413937,56382.69,0.12436336022590261,53046.75,0.12394726285128554,12191.809999999998,0.12930192523088738,214.30313773651415,0.03401388751559634,40640.63686226343,0.12413582586956007
2025,2024-10,2024-10,2025-08,JP01,Software,Driver-based commercial,510141.62,400875.05,378423.0,83371.74,5570.93,289480.32,0.12,0.78581,0.7418,0.16343,658777.62,527182.38,497514.62,108649.03,7931.913823974776,380933.6761760252,148636.0,0.29136222996273076,126307.33000000002,0.31507905019282195,119091.62,0.3147050258573078,25277.289999999994,0.30318774683124033,2360.983823974776,0.42380425242729236,91453.35617602518,0.3159225337875306
2025,2024-10,2024-10,2025-09,JP01,Software,Driver-based commercial,631603.9,496321.49,468523.71,103222.16,6897.34,358404.21,0.12,0.78581,0.7418,0.16343,665617.74,534134.35,504131.21,110473.75000000001,6016.982264306652,387640.47773569333,34013.83999999997,0.053853119019689345,37812.859999999986,0.07618622357053285,35607.5,0.07599935550753664,7251.590000000011,0.07025225978607705,-880.3577356933483,-0.127637282734119,29236.267735693313,0.08157344952977341
2025,2024-10,2024-10,2025-10,JP01,Software,Driver-based commercial,655896.36,515410.77,486543.85,107192.24,7162.63,372188.99,0.12,0.78581,0.7418,0.16343,678511.8099999999,547082.71,516536.14,112546.12000000001,5871.612528820332,398118.4074711797,22615.449999999953,0.03448021879554257,31671.939999999944,0.06144989946562417,29992.290000000037,0.06164354970266306,5353.880000000005,0.04994652597986575,-1291.017471179668,-0.18024349591974848,25929.41747117968,0.06966734150620543
2025,2024-10,2024-10,2025-11,JP01,Software,Driver-based commercial,680188.82,534500.06,504564.0,111162.32,7427.91,385973.76,0.12,0.78581,0.7418,0.16343,690835.74,557107.58,525986.6900000001,114783.4,5767.572026218219,405435.7179737818,10646.920000000042,0.01565288885518589,22607.519999999902,0.04229657149149787,21422.69000000006,0.04245782497364073,3621.079999999987,0.032574706969051986,-1660.3379737817804,-0.22352693742678365,19461.9579737818,0.05042300796246304
2025,2024-10,2024-10,2025-12,JP01,Software,Driver-based commercial,716627.51,563133.99,531594.21,117117.45,7825.83,406650.93,0.12,0.78581,0.7418,0.16343,696583.87,563194.17,531852.33,116524.75,5610.772880155234,409716.8071198447,-20043.640000000014,-0.02796939793729104,60.18000000005122,0.000106866218464368,258.11999999999534,0.0004855583359344628,-592.6999999999971,-0.005060731769689291,-2215.057119844766,-0.28304436971474795,3065.877119844721,0.007539333845479515
2025,2024-10,2024-10,2025-01,JP01,Spare Parts,Driver-based commercial,2326679.04,1069804.23,990292.14,271673.58,25125.06,693493.49,0.06,0.4598,0.42562,0.11676,2311810.7399999998,1070770.29,1000032.21,312640.19,27692.16580496349,659699.8541950365,-14868.30000000028,-0.006390352835258395,966.0600000000559,0.0009030250329072413,9740.069999999949,0.009835552163425177,40966.609999999986,0.1507935000525262,2567.1058049634885,0.1021731213761674,-33793.63580496353,-0.04872956457740293
2025,2024-10,2024-10,2025-02,JP01,Spare Parts,Driver-based commercial,2432437.18,1118431.69,1035305.42,284022.38,26267.11,725015.92,0.06,0.4598,0.42562,0.11676,2431383.99,1132258.63,1044004.7799999999,312806.47,27249.189274684344,703949.1207253156,-1053.1899999999441,-0.00043297726603568195,13826.939999999944,0.012362793475567511,8699.35999999987,0.008402699176441934,28784.089999999967,0.1013444433498514,982.0792746843435,0.03738817382971874,-21066.799274684396,-0.029057016119983122
2025,2024-10,2024-10,2025-03,JP01,Spare Parts,Driver-based commercial,2617513.92,1203529.76,1114078.66,305632.78,28265.7,780180.18,0.06,0.4598,0.42562,0.11676,2660137.21,1244943.68,1145624.54,318493.62000000005,26260.20920973676,800870.7107902633,42623.29000000004,0.016283882837956423,41413.919999999925,0.03441038300540231,31545.88000000012,0.028315666687305657,12860.840000000026,0.042079386903459845,-2005.4907902632403,-0.07095139304044266,20690.530790263205,0.02652019536085011
2025,2024-10,2024-10,2025-04,JP01,Spare Parts,Driver-based commercial,2670392.99,1227843.49,1136585.3,311807.18,28836.72,795941.39,0.06,0.4598,0.42562,0.11676,2685766.17,1267934.3,1176295.0699999998,317119.27999999997,25891.07899580646,833284.7110041933,15373.179999999702,0.005756897976278653,40090.810000000056,0.03265140087194668,39709.769999999786,0.03493778249639493,5312.099999999977,0.017036490307888282,-2945.6410041935414,-0.10214896160844719,37343.321004193276,0.0469171743967144
2025,2024-10,2024-10,2025-05,JP01,Spare Parts,Driver-based commercial,2723272.06,1252157.22,1159091.94,317981.58,29407.75,811702.61,0.06,0.4598,0.42562,0.11676,2734857.58,1297510.73,1199142.66,317084.19999999995,25822.645755255373,856235.8142447446,11585.520000000019,0.004254264628999285,45353.51000000001,0.036220299875761613,40050.71999999997,0.03455353162062362,-897.3800000000629,-0.0028221131551081128,-3585.104244744627,-0.12191018506157822,44533.204244744615,0.05486394117267236
2025,2024-10,2024-10,2025-06,JP01,Spare Parts,Driver-based commercial,2776151.13,1276470.95,1181598.58,324155.98,29978.77,827463.83,0.06,0.4598,0.42562,0.11676,2823049.9,1330715.3800000001,1230520.95,320981.26999999996,26235.036829184734,883304.6431708153,46898.77000000002,0.01689344988937977,54244.43000000017,0.04249562436183931,48922.36999999988,0.041403545017801115,-3174.710000000021,-0.00979377273866742,-3743.733170815267,-0.12487947873829602,55840.81317081535,0.06748429495802294
2025,2024-10,2024-10,2025-07,JP01,Spare Parts,Driver-based commercial,2511755.78,1154902.29,1069065.38,293283.98,27123.65,748657.75,0.06,0.4598,0.42562,0.11676,2571194.41,1214661.06,1129840.29,316271.25999999995,26247.229939401892,787321.8000605982,59438.630000000354,0.023664175662810802,59758.77000000002,0.0517435721770021,60774.91000000015,0.056848637264823,22987.27999999997,0.07837891452509602,-876.4200605981096,-0.032312025136665215,38664.05006059818,0.05164449317541718
2025,2024-10,2024-10,2025-08,JP01,Spare Parts,Driver-based commercial,2220920.9,1021176.76,945278.86,259324.78,23983.02,661971.06,0.06,0.4598,0.42562,0.11676,2267916.03,1076491.34,999446.86,305731.06000000006,27306.50520576426,666409.2947942357,46995.12999999989,0.021160199807206053,55314.580000000075,0.054167488104605976,54168.0,0.05730372516740721,46406.28000000006,0.1789504265654831,3323.48520576426,0.13857659317985224,4438.234794235672,0.006704575263812396
2025,2024-10,2024-10,2025-09,JP01,Spare Parts,Driver-based commercial,2749711.6,1264314.09,1170345.26,321068.78,29693.26,819583.22,0.06,0.4598,0.42562,0.11676,2827480.22,1345480.85,1234590.98,323065.00999999995,25559.562664928177,885966.4073350718,77768.62000000011,0.028282464240977166,81166.76000000001,0.06419825630512431,64245.71999999997,0.054894672705386074,1996.2299999999232,0.00621745284608464,-4133.697335071822,-0.13921332097155456,66383.18733507185,0.08099627434425982
2025,2024-10,2024-10,2025-10,JP01,Spare Parts,Driver-based commercial,2855469.73,1312941.55,1215358.54,333417.58,30835.31,851105.65,0.06,0.4598,0.42562,0.11676,2970043.07,1417809.42,1322214.02,324723.55000000005,25701.751751304084,971788.7182486957,114573.33999999985,0.04012416549062835,104867.86999999988,0.07987245890725286,106855.47999999998,0.0879209521167309,-8694.02999999997,-0.026075499678211236,-5133.558248695917,-0.16648310812169287,120683.0682486957,0.14179563753183366
2025,2024-10,2024-10,2025-11,JP01,Spare Parts,Driver-based commercial,2961227.87,1361569.02,1260371.81,345766.38,31977.36,882628.08,0.06,0.4598,0.42562,0.11676,3080239.12,1476521.66,1370786.3499999999,329873.06,25715.95526105095,1015197.334738949,119011.25,0.040189831794336044,114952.6399999999,0.08442659777908276,110414.5399999998,0.08760473625635899,-15893.320000000007,-0.04596548687006529,-6261.4047389490515,-0.19580743185019187,132569.254738949,0.15019831992989507
2025,2024-10,2024-10,2025-12,JP01,Spare Parts,Driver-based commercial,3119865.08,1434510.21,1327891.73,364289.58,33690.43,929911.73,0.06,0.4598,0.42562,0.11676,3250211.08,1559107.93,1443371.1300000001,352801.45999999996,26179.469505149547,1064390.2004948503,130346.0,0.0417793707925344,124597.71999999997,0.08685732533057396,115479.40000000014,0.08696446961078683,-11488.120000000054,-0.03153568103704765,-7510.960494850453,-0.22294047582207924,134478.4704948503,0.1446142318205302
2025,2024-10,2024-10,2025-01,US01,Events,Driver-based commercial,1942848.99,854676.3,748832.79,386790.44,14636.57,347405.77,0.03,0.43991,0.38543,0.19908,2553570.29,1107604.12,963972.11,498848.27999999997,19182.41974009245,445941.41025990754,610721.3,0.31434316467385354,252927.82000000007,0.29593405128935957,215139.31999999995,0.28729954520287493,112057.83999999997,0.2897120208038233,4545.84974009245,0.31058162807901374,98535.64025990752,0.2836327107057189
2025,2024-10,2024-10,2025-02,US01,Events,Driver-based commercial,2031160.31,893525.23,782870.64,404371.83,15301.87,363196.94,0.03,0.43991,0.38543,0.19908,1986978.21,880146.02,772928.32,494047.03,15655.759255586558,263225.5307444134,-44182.10000000009,-0.021752148160082987,-13379.209999999963,-0.014973511156478438,-9942.320000000065,-0.012699824839516354,89675.20000000001,0.22176421141898042,353.8892555865568,0.023127190048442235,-99971.40925558662,-0.27525399651105714
2025,2024-10,2024-10,2025-03,US01,Events,Driver-based commercial,2185705.12,961510.84,842436.89,435139.25,16466.14,390831.49,0.03,0.43991,0.38543,0.19908,2175443.6,964050.61,842794.82,499189.1,15548.597034165574,328057.1229658344,-10261.520000000019,-0.0046948327595078415,2539.7700000000186,0.0026414366789666343,357.9299999999348,0.00042487455647856874,64049.84999999998,0.1471939155109542,-917.5429658344256,-0.05572301497706357,-62774.367034165596,-0.16061747489734154
2025,2024-10,2024-10,2025-04,US01,Events,Driver-based commercial,2229860.78,980935.3,859455.81,443929.94,16798.79,398727.08,0.03,0.43991,0.38543,0.19908,2207176.32,1005026.03,882348.75,498218.61000000004,16110.557556899379,368019.5824431006,-22684.459999999963,-0.010173038695267768,24090.72999999998,0.024558938800550843,22892.939999999944,0.02663655272747524,54288.67000000004,0.12229107592968395,-688.2324431006218,-0.040969167606751546,-30707.49755689944,-0.07701382498750634
2025,2024-10,2024-10,2025-05,US01,Events,Driver-based commercial,2274016.43,1000359.76,876474.74,452720.63,17131.44,406622.67,0.03,0.43991,0.38543,0.19908,3069954.84,1408763.18,1238440.7,535363.96,19864.29681617469,683212.4431838254,795938.4099999997,0.3500143620334351,408403.4199999999,0.4082565456251458,361965.95999999996,0.41297934039719153,82643.32999999996,0.18254818650521837,2732.8568161746916,0.15952288985483368,276589.77318382537,0.6802123776911537
2025,2024-10,2024-10,2025-06,US01,Events,Driver-based commercial,2318172.09,1019784.22,893493.67,461511.33,17464.09,414518.25,0.03,0.43991,0.38543,0.19908,2256814.93,1124496.14,1003878.3,511527.9,15780.593909961042,476569.80609003897,-61357.15999999968,-0.02646790558159109,104711.91999999993,0.10268046705017649,110384.63,0.12354271071668588,50016.57000000001,0.1083756058599905,-1683.4960900389578,-0.09639758441687817,62051.55609003897,0.14969559504325555
2025,2024-10,2024-10,2025-07,US01,Events,Driver-based commercial,2097393.8,922661.92,808399.03,417557.87,15800.84,375040.32,0.03,0.43991,0.38543,0.19908,1513970.65,753844.21,673258.51,487079.13000000006,12253.006646671141,173926.37335332885,-583423.1499999999,-0.27816576457887876,-168817.71000000008,-0.18296811252381595,-135140.52000000002,-0.16717056179545392,69521.26000000007,0.16649491003486552,-3547.8333533288587,-0.22453447749163075,-201113.94664667116,-0.5362462005329751
2025,2024-10,2024-10,2025-08,US01,Events,Driver-based commercial,1854537.68,815827.38,714794.93,369209.06,13971.27,331614.6,0.03,0.43991,0.38543,0.19908,1368544.87,639799.1599999999,566463.01,477411.32999999996,12496.47584454699,76555.20415545307,-485992.8099999998,-0.2620560451486755,-176028.2200000001,-0.21576650197741595,-148331.92000000004,-0.20751674889467953,108202.26999999996,0.2930650455869094,-1474.7941554530098,-0.10555906195020279,-255059.3958445469,-0.7691440480743216
2025,2024-10,2024-10,2025-09,US01,Events,Driver-based commercial,2296094.26,1010071.99,884984.2,457115.98,17297.77,410570.46,0.03,0.43991,0.38543,0.19908,3680310.3,1619810.67,1414488.68,584202.57,22163.75387758435,808122.3561224156,1384216.04,0.6028568008353455,609738.6799999999,0.6036586362522536,529504.48,0.5983208287786381,127086.58999999997,0.2780182613611538,4865.983877584349,0.28130700532984015,397551.8961224156,0.9682915232684193
2025,2024-10,2024-10,2025-10,US01,Events,Driver-based commercial,2384405.58,1048920.92,919022.06,474697.36,17963.06,426361.63,0.03,0.43991,0.38543,0.19908,2152138.58,1008847.52,889807.02,504922.68000000005,14928.305088529187,369956.0349114708,-232267.0,-0.09741086078149506,-40073.39999999991,-0.03820440534258761,-29215.040000000037,-0.03178926956334436,30225.320000000065,0.0636728209316354,-3034.7549114708145,-0.16894420613585961,-56405.595088529226,-0.13229519525133918
2025,2024-10,2024-10,2025-11,US01,Events,Driver-based commercial,2472716.9,1087769.84,953059.91,492278.75,18628.36,442152.8,0.03,0.43991,0.38543,0.19908,2247091.5,1043154.8,918794.88,511878.75,15097.471077075825,391818.6589229242,-225625.3999999999,-0.09124594893980784,-44615.04000000004,-0.04101514710133904,-34265.03000000003,-0.03595265065760664,19600.0,0.039814840677156994,-3530.888922924176,-0.18954373454905185,-50334.141077075794,-0.11383879300792801
2025,2024-10,2024-10,2025-12,US01,Events,Driver-based commercial,2605183.88,1146043.22,1004116.69,518650.82,19626.31,465839.56,0.03,0.43991,0.38543,0.19908,2120276.55,1055361.68,942201.44,535733.29,13895.738295778352,392572.4117042216,-484907.3300000001,-0.18613170982771476,-90681.54000000004,-0.0791257593234573,-61915.25,-0.06166140909379766,17082.47000000003,0.03293635976513067,-5730.571704221649,-0.2919841633104567,-73267.14829577837,-0.15727979026894662
2025,2024-10,2024-10,2025-01,US01,Hardware,Driver-based commercial,4770967.83,1623530.06,1363046.45,668545.28,36415.5,658085.66,0.045,0.34029,0.2857,0.14013,4843942.49,1677817.28,1425907.15,751911.8600000001,36387.69545679848,637607.5945432015,72974.66000000015,0.015295567398533506,54287.21999999997,0.03343776708390602,62860.69999999995,0.04611779737953901,83366.58000000007,0.12469847966019605,-27.804543201520573,-0.0007635359449004016,-20478.065456798533,-0.03111762905880449
2025,2024-10,2024-10,2025-02,US01,Hardware,Driver-based commercial,4987830.0,1697326.88,1425003.1,698933.71,38070.75,687998.65,0.045,0.34029,0.2857,0.14013,5024694.01,1756501.94,1472066.19,756618.67,39590.4692651601,675857.0507348399,36864.00999999978,0.007390791185746062,59175.060000000056,0.0348636792931719,47063.08999999985,0.03302665797709482,57684.96000000008,0.08253280557894407,1519.7192651601,0.039918290686684656,-12141.599265160155,-0.017647707979020242
2025,2024-10,2024-10,2025-03,US01,Hardware,Driver-based commercial,5367338.8,1826471.32,1533427.25,752113.45,40967.44,740346.37,0.045,0.34029,0.2857,0.14013,5643557.42,2021356.3,1722694.73,772677.75,40336.325043202734,909680.6549567971,276218.6200000001,0.051462862750531066,194884.97999999998,0.10670026836227572,189267.47999999998,0.12342775309360127,20564.300000000047,0.02734201868082541,-631.114956797268,-0.015405281774923401,169334.28495679714,0.228723056961564
2025,2024-10,2024-10,2025-04,US01,Hardware,Driver-based commercial,5475769.89,1863369.73,1564405.58,767307.66,41795.06,755302.86,0.045,0.34029,0.2857,0.14013,5414874.6,1971657.61,1671840.4100000001,759471.2600000001,39524.09606618672,872845.0539338132,-60895.29000000004,-0.011120863590562613,108287.88000000012,0.05811400617739997,107434.83000000007,0.06867453771163362,-7836.399999999907,-0.010212852560340538,-2270.9639338132765,-0.05433570220531509,117542.19393381325,0.15562259877291243
2025,2024-10,2024-10,2025-05,US01,Hardware,Driver-based commercial,5584200.98,1900268.14,1595383.91,782501.87,42622.68,770259.36,0.045,0.34029,0.2857,0.14013,5637315.36,2099325.01,1771481.01,763323.43,36476.53186892504,971681.0481310749,53114.37999999989,0.00951154519513728,199056.86999999988,0.10475199042173064,176097.1000000001,0.1103791375205734,-19178.439999999944,-0.024509129927063233,-6146.148131074959,-0.1441990069858338,201421.6881310749,0.26149852710790156
2025,2024-10,2024-10,2025-06,US01,Hardware,Driver-based commercial,5692632.06,1937166.55,1626362.24,797696.08,43450.31,785215.85,0.045,0.34029,0.2857,0.14013,5719263.22,2089484.03,1772946.1600000001,769128.06,39991.48053269755,963826.6194673026,26631.16000000015,0.004678180447868284,152317.47999999998,0.0786290058539365,146583.92000000016,0.0901299331691322,-28568.019999999902,-0.03581316332907127,-3458.82946730245,-0.07960425293404007,178610.7694673026,0.22746709642616436
2025,2024-10,2024-10,2025-07,US01,Hardware,Driver-based commercial,5150476.63,1752674.5,1471470.6,721725.02,39312.19,710433.39,0.045,0.34029,0.2857,0.14013,5224763.8,1901771.35,1623383.2999999998,756035.06,42285.53939845978,825062.70060154,74287.16999999993,0.014423358329071755,149096.8500000001,0.08506819149819324,151912.69999999972,0.10323869195891491,34310.04000000004,0.04753893664376501,2973.349398459781,0.07563428540765042,114629.31060154003,0.16135124307929843
2025,2024-10,2024-10,2025-08,US01,Hardware,Driver-based commercial,4554105.65,1549733.24,1301089.79,638156.86,34760.25,628172.68,0.045,0.34029,0.2857,0.14013,4496825.37,1653528.66,1404077.23,731463.89,41061.47401170053,631551.8659882995,-57280.28000000026,-0.012577723136484604,103795.41999999993,0.06697631393645524,102987.43999999994,0.07915475226348517,93307.03000000003,0.14621331501474422,6301.224011700528,0.18127671727621428,3379.185988299432,0.005379390247120317
2025,2024-10,2024-10,2025-09,US01,Hardware,Driver-based commercial,5638416.52,1918717.34,1610873.07,790098.97,43036.5,777737.6,0.045,0.34029,0.2857,0.14013,5710211.41,2127820.19,1795821.27,771920.23,34388.328690712275,989512.7113092878,71794.8900000006,0.01273316537459361,209102.84999999986,0.10898053905115583,184948.19999999995,0.11481239797496891,-18178.73999999999,-0.023008180861190074,-8648.171309287725,-0.20094968943310274,211775.11130928784,0.2722963520206402
2025,2024-10,2024-10,2025-10,US01,Hardware,Driver-based commercial,5855278.7,1992514.16,1672829.73,820487.39,44691.75,807650.59,0.045,0.34029,0.2857,0.14013,5845785.48,2199527.14,1910117.1199999999,764877.5,40549.27965072493,1104690.3403492752,-9493.21999999974,-0.001621309673952794,207012.9800000002,0.10389536202844361,237287.3899999999,0.14184790343246703,-55609.890000000014,-0.06777665406899186,-4142.4703492750705,-0.09268982193078298,297039.7503492752,0.3677824965735185
2025,2024-10,2024-10,2025-11,US01,Hardware,Driver-based commercial,6072140.87,2066310.98,1734786.39,850875.82,46347.0,837563.57,0.045,0.34029,0.2857,0.14013,6014569.7,2292506.04,1949581.81,768107.6,40409.921930996854,1141064.2880690033,-57571.169999999925,-0.009481198021020208,226195.06000000006,0.1094680627404884,214795.42000000016,0.12381663888889523,-82768.21999999997,-0.09727414747783052,-5937.078069003146,-0.12810059052372638,303500.7180690033,0.36236141224361434
2025,2024-10,2024-10,2025-12,US01,Hardware,Driver-based commercial,6397434.13,2177006.22,1827721.37,896458.45,48829.87,882433.05,0.045,0.34029,0.2857,0.14013,6382523.77,2437544.81,2083846.78,808461.1600000001,41829.392479252114,1233556.2275207478,-14910.360000000335,-0.002330678158932499,260538.58999999985,0.11967746697572589,256125.40999999992,0.14013372837020552,-87997.2899999998,-0.09816103579591426,-7000.477520747889,-0.14336465611618235,351123.17752074776,0.3979034755336371
2025,2024-10,2024-10,2025-01,US01,Software,Driver-based commercial,810568.17,638389.95,602846.54,164871.76,6196.89,431777.89,0.12,0.78758,0.74373,0.2034,922508.64,727495.25,686125.67,188043.58,6929.8848031090765,491152.2051968909,111940.46999999997,0.13810124076300698,89105.30000000005,0.13957816848463866,83279.13,0.13814316658431847,23171.819999999978,0.1405445056206107,732.9948031090762,0.11828430117511787,59374.31519689091,0.13751124495256323
2025,2024-10,2024-10,2025-02,US01,Software,Driver-based commercial,847412.17,667407.67,630248.65,172365.93,6478.57,451404.15,0.12,0.78758,0.74373,0.2034,920625.16,729825.67,688529.82,189209.25,7253.771479253341,492066.7985207466,73212.98999999999,0.08639596242758703,62418.0,0.09352304866379495,58281.169999999925,0.09247329605545354,16843.320000000007,0.09771838320948929,775.201479253341,0.1196562635355242,40662.64852074656,0.09008036040596117
2025,2024-10,2024-10,2025-03,US01,Software,Driver-based commercial,911889.19,718188.69,678202.36,185480.73,6971.51,485750.12,0.12,0.78758,0.74373,0.2034,925532.31,737515.11,696025.8,191901.14999999997,6615.077922631693,497509.5720773683,13643.120000000112,0.014961379243897071,19326.420000000042,0.02690994757937506,17823.44000000006,0.0262804157744306,6420.419999999955,0.03461502442868299,-356.43207736830755,-0.05112695490192333,11759.452077368333,0.024208850586322724
2025,2024-10,2024-10,2025-04,US01,Software,Driver-based commercial,930311.19,732697.56,691903.41,189227.81,7112.34,495563.26,0.12,0.78758,0.74373,0.2034,940565.21,755211.2,713066.44,195292.73,6865.346376913898,510908.3636230861,10254.020000000019,0.011022139806788758,22513.639999999898,0.03072705742325646,21163.02999999991,0.03058668261224484,6064.920000000013,0.03205089146251818,-246.99362308610216,-0.03472747690438058,15345.103623086063,0.030964974326559362
2025,2024-10,2024-10,2025-05,US01,Software,Driver-based commercial,948733.19,747206.42,705604.47,192974.9,7253.18,505376.39,0.12,0.78758,0.74373,0.2034,951877.53,767237.87,724604.74,197674.52,6159.1713149002635,520771.0486850997,3144.340000000084,0.003314251080432934,20031.449999999953,0.02680845541985567,19000.27000000002,0.026927649707207808,4699.619999999995,0.024353529915030377,-1094.0086850997368,-0.15083159181210679,15394.658685099683,0.030461768673245068
2025,2024-10,2024-10,2025-06,US01,Software,Driver-based commercial,967155.2,761715.28,719305.53,196721.98,7394.02,515189.52,0.12,0.78758,0.74373,0.2034,962174.36,769620.46,726488.39,200076.24,6727.925557341409,519684.22444265865,-4980.839999999967,-0.005149990404849157,7905.179999999935,0.010378129738975348,7182.859999999986,0.009985826189880656,3354.25999999998,0.017050763722487847,-666.0944426585911,-0.0900855613940172,4494.704442658636,0.008724370873574128
2025,2024-10,2024-10,2025-07,US01,Software,Driver-based commercial,875045.18,689170.97,650800.24,177986.56,6689.83,466123.86,0.12,0.78758,0.74373,0.2034,983710.2,786212.95,742115.63,203323.03000000003,7961.453954869071,530831.1460451309,108665.0199999999,0.1241821822274364,97041.97999999998,0.14080973259799376,91315.39000000001,0.14031247130455884,25336.47000000003,0.14235046736113127,1271.623954869071,0.19008314932802045,64707.286045130924,0.13881993950091062
2025,2024-10,2024-10,2025-08,US01,Software,Driver-based commercial,773724.16,609372.22,575444.42,157377.59,5915.22,412151.62,0.12,0.78758,0.74373,0.2034,979283.84,784805.77,740911.6,205314.63999999998,8942.05014375248,526654.9098562475,205559.67999999993,0.2656756640506094,175433.55000000005,0.2878922672254407,165467.17999999993,0.28754676255267175,47937.04999999999,0.3045989584667041,3026.8301437524797,0.5117020404570717,114503.28985624749,0.27781836659103143
2025,2024-10,2024-10,2025-09,US01,Software,Driver-based commercial,957944.2,754460.85,712455.0,194848.44,7323.6,510282.96,0.12,0.78758,0.74373,0.2034,987656.78,794018.57,749776.32,207785.09,5947.917431703374,536043.3125682966,29712.580000000075,0.03101702583511657,39557.71999999997,0.05243177296741106,37321.31999999995,0.05238410847000856,12936.649999999994,0.06639339786348812,-1375.6825682966264,-0.1878423955836783,25760.35256829654,0.050482486360697874
2025,2024-10,2024-10,2025-10,US01,Software,Driver-based commercial,994788.2,783478.57,739857.12,202342.61,7605.28,529909.22,0.12,0.78758,0.74373,0.2034,1012386.25,817068.27,771700.09,210932.74000000002,7022.415260745886,553744.9347392541,17598.050000000047,0.017690248034707336,33589.70000000007,0.0428725191551826,31842.969999999972,0.04303935062488819,8590.130000000034,0.04245339130497543,-582.8647392541134,-0.07663948457573073,23835.714739254094,0.04498075111668013
2025,2024-10,2024-10,2025-11,US01,Software,Driver-based commercial,1031632.21,812496.3,767259.23,209836.78,7886.96,549535.49,0.12,0.78758,0.74373,0.2034,1040772.17,840564.95,793905.68,214262.59999999998,6992.606991927318,572650.4730080727,9139.96000000008,0.008859707860420604,28068.649999999907,0.0345461880872564,26646.45000000007,0.03472939647790235,4425.819999999978,0.021091726626761894,-894.3530080726823,-0.1133964173867602,23114.98300807271,0.04206276651590366
2025,2024-10,2024-10,2025-12,US01,Software,Driver-based commercial,1086898.22,856022.89,808362.4,221078.04,8309.47,578974.89,0.12,0.78758,0.74373,0.2034,1033741.14,836569.24,790234.54,216549.56999999998,6774.869224969532,566910.1007750304,-53157.07999999996,-0.04890713686144408,-19453.650000000023,-0.022725618937596427,-18127.859999999986,-0.02242541216662228,-4528.47000000003,-0.020483581272929822,-1534.600775030467,-0.1846809453587855,-12064.789224969572,-0.02083819079782471
2026,2025-10,2025-10,2026-01,CN01,Hardware,Cost center run-rate,0.0,0.0,-199508.46,0.0,236111.11,-435619.57,0.0,0.0,0.0,0.0,0.0,0.0,-717517.22,0.0,236111.11,-953628.33,0.0,0.0,0.0,0.0,-518008.76,2.596425033805584,0.0,0.0,0.0,0.0,-518008.75999999995,1.1891310576336136
2026,2025-10,2025-10,2026-02,CN01,Hardware,Cost center run-rate,0.0,0.0,-199508.46,0.0,236111.11,-435619.57,0.0,0.0,0.0,0.0,0.0,0.0,-188032.88,0.0,236111.11,-424143.99,0.0,0.0,0.0,0.0,11475.579999999987,-0.057519265097830875,0.0,0.0,0.0,0.0,11475.580000000016,-0.026343123198069397
2026,2025-10,2025-10,2026-03,CN01,Hardware,Cost center run-rate,0.0,0.0,-199508.46,0.0,236111.11,-435619.57,0.0,0.0,0.0,0.0,0.0,0.0,75955.95,0.0,236111.11,-160155.15999999997,0.0,0.0,0.0,0.0,275464.41,-1.3807154343229353,0.0,0.0,0.0,0.0,275464.41000000003,-0.6323508606374135
2026,2025-10,2025-10,2026-04,CN01,Hardware,Cost center run-rate,0.0,0.0,-199508.46,0.0,236111.11,-435619.57,0.0,0.0,0.0,0.0,0.0,0.0,-132.82,0.0,236111.11,-236243.93,0.0,0.0,0.0,0.0,199375.63999999998,-0.9993342638201909,0.0,0.0,0.0,0.0,199375.64,-0.45768292733037685
2026,2025-10,2025-10,2026-05,CN01,Hardware,Cost center run-rate,0.0,0.0,-199508.46,0.0,236111.11,-435619.57,0.0,0.0,0.0,0.0,0.0,0.0,-107605.16,0.0,236111.11,-343716.27,0.0,0.0,0.0,0.0,91903.29999999999,-0.4606486361530734,0.0,0.0,0.0,0.0,91903.29999999999,-0.2109714676041758
2026,2025-10,2025-10,2026-06,CN01,Hardware,Cost center run-rate,0.0,0.0,-199508.46,0.0,236111.11,-435619.57,0.0,0.0,0.0,0.0,0.0,0.0,-164561.43,0.0,236111.11,-400672.54,0.0,0.0,0.0,0.0,34947.03,-0.17516565462938263,0.0,0.0,0.0,0.0,34947.03000000003,-0.08022373742299968
2026,2025-10,2025-10,2026-07,CN01,Hardware,Cost center run-rate,0.0,0.0,-199508.46,0.0,236111.11,-435619.57,0.0,0.0,0.0,0.0,0.0,0.0,-333944.51,0.0,236111.11,-570055.62,0.0,0.0,0.0,0.0,-134436.05000000002,0.6738363375668381,0.0,0.0,0.0,0.0,-134436.05,0.30860883958909374
2026,2025-10,2025-10,2026-08,CN01,Hardware,Cost center run-rate,0.0,0.0,-199508.46,0.0,236111.11,-435619.57,0.0,0.0,0.0,0.0,0.0,0.0,-285550.96,0.0,236111.11,-521662.07,0.0,0.0,0.0,0.0,-86042.50000000003,0.4312724382715401,0.0,0.0,0.0,0.0,-86042.5,0.1975175265886241
2026,2025-10,2025-10,2026-09,CN01,Hardware,Cost center run-rate,0.0,0.0,-199508.46,0.0,236111.11,-435619.57,0.0,0.0,0.0,0.0,0.0,0.0,395796.26,0.0,303611.11,92185.15000000002,0.0,0.0,0.0,0.0,595304.72,-2.9838570254113534,0.0,0.0,67500.0,0.2858823542865052,527804.72,-1.211618477103772
2026,2025-10,2025-10,2026-01,CZ01,Hardware,Cost center run-rate,0.0,0.0,-4596.92,0.0,236111.11,-240708.03,0.0,0.0,0.0,0.0,0.0,0.0,-571858.78,0.0,300694.44,-872553.22,0.0,0.0,0.0,0.0,-567261.86,123.4004202814058,0.0,0.0,64583.330000000016,0.2735293989342561,-631845.19,2.624944377634597
2026,2025-10,2025-10,2026-02,CZ01,Hardware,Cost center run-rate,0.0,0.0,-4596.92,0.0,236111.11,-240708.03,0.0,0.0,0.0,0.0,0.0,0.0,1642.92,0.0,300694.44,-299051.52,0.0,0.0,0.0,0.0,6239.84,-1.3573958215500814,0.0,0.0,64583.330000000016,0.2735293989342561,-58343.49000000002,0.24238281539672782
2026,2025-10,2025-10,2026-03,CZ01,Hardware,Cost center run-rate,0.0,0.0,-4596.92,0.0,236111.11,-240708.03,0.0,0.0,0.0,0.0,0.0,0.0,156402.4,0.0,300694.44,-144292.04,0.0,0.0,0.0,0.0,160999.32,-35.02330255910479,0.0,0.0,64583.330000000016,0.2735293989342561,96415.98999999999,-0.40055161433542535
2026,2025-10,2025-10,2026-04,CZ01,Hardware,Cost center run-rate,0.0,0.0,-4596.92,0.0,236111.11,-240708.03,0.0,0.0,0.0,0.0,0.0,0.0,87972.93,0.0,300694.44,-212721.51,0.0,0.0,0.0,0.0,92569.84999999999,-20.137363713094853,0.0,0.0,64583.330000000016,0.2735293989342561,27986.51999999999,-0.11626749635232356
2026,2025-10,2025-10,2026-05,CZ01,Hardware,Cost center run-rate,0.0,0.0,-4596.92,0.0,236111.11,-240708.03,0.0,0.0,0.0,0.0,0.0,0.0,-8803.88,0.0,300694.44,-309498.32,0.0,0.0,0.0,0.0,-4206.959999999999,0.9151692872619056,0.0,0.0,64583.330000000016,0.2735293989342561,-68790.29000000001,0.2857831124287794
2026,2025-10,2025-10,2026-06,CZ01,Hardware,Cost center run-rate,0.0,0.0,-4596.92,0.0,236111.11,-240708.03,0.0,0.0,0.0,0.0,0.0,0.0,-40538.72,0.0,300694.44,-341233.16000000003,0.0,0.0,0.0,0.0,-35941.8,7.818669892014654,0.0,0.0,64583.330000000016,0.2735293989342561,-100525.13000000003,0.41762266925619407
2026,2025-10,2025-10,2026-07,CZ01,Hardware,Cost center run-rate,0.0,0.0,-4596.92,0.0,236111.11,-240708.03,0.0,0.0,0.0,0.0,0.0,0.0,-176124.25,0.0,300694.44,-476818.69,0.0,0.0,0.0,0.0,-171527.33,37.31353384440016,0.0,0.0,64583.330000000016,0.2735293989342561,-236110.66,0.9809006371744224
2026,2025-10,2025-10,2026-08,CZ01,Hardware,Cost center run-rate,0.0,0.0,-4596.92,0.0,236111.11,-240708.03,0.0,0.0,0.0,0.0,0.0,0.0,-103077.3,0.0,300694.44,-403771.74,0.0,0.0,0.0,0.0,-98480.38,21.4231224385023,0.0,0.0,64583.330000000016,0.2735293989342561,-163063.71,0.6774336111678534
2026,2025-10,2025-10,2026-09,CZ01,Hardware,Cost center run-rate,0.0,0.0,-4596.92,0.0,236111.11,-240708.03,0.0,0.0,0.0,0.0,0.0,0.0,519074.17,0.0,300694.44,218379.72999999998,0.0,0.0,0.0,0.0,523671.08999999997,-113.91781671205938,0.0,0.0,64583.330000000016,0.2735293989342561,459087.76,-1.907239072996443
2026,2025-10,2025-10,2026-01,DE01,Hardware,Driver-based commercial,4523383.04,1666797.37,1422214.67,507285.25,49467.0,865462.43,0.045,0.36848,0.31441,0.11215,4361789.12,1637207.33,1412295.7,593376.9799999999,52561.713481370396,766357.0065186297,-161593.91999999993,-0.03572412916859677,-29590.040000000037,-0.017752631803108758,-9918.969999999972,-0.00697431281594077,86091.72999999986,0.1697106903857344,3094.713481370396,0.06256117171792096,-99105.42348137032,-0.11451152591496122
2026,2025-10,2025-10,2026-02,DE01,Hardware,Driver-based commercial,4728991.36,1742560.89,1486860.8,530343.67,51715.5,904801.63,0.045,0.36848,0.31441,0.11215,4590563.92,1728472.36,1467613.24,600032.59,52849.78124259877,814730.8687574014,-138427.4400000004,-0.02927208562292666,-14088.529999999795,-0.008084957077166926,-19247.560000000056,-0.012945098828350344,69688.91999999993,0.13140332192519602,1134.2812425987722,0.021933100184640432,-90070.76124259864,-0.09954752318759488
2026,2025-10,2025-10,2026-03,DE01,Hardware,Driver-based commercial,5088805.92,1875147.04,1599991.51,570695.91,55650.37,973645.23,0.045,0.36848,0.31441,0.11215,5078909.1,1717741.24,1426402.38,608875.29,53448.08319717028,764079.0068028296,-9896.820000000298,-0.0019448216645684727,-157405.80000000005,-0.08394317706413042,-173589.13000000012,-0.10849378194513053,38179.380000000005,0.06689969094048703,-2202.2868028297235,-0.039573623730259536,-209566.22319717042,-0.21523879205690805
2026,2025-10,2025-10,2026-04,DE01,Hardware,Driver-based commercial,5191610.08,1913028.8,1632314.57,582225.12,56774.62,993314.83,0.045,0.36848,0.31441,0.11215,5292387.16,1723613.15,1444104.8900000001,613801.69,53556.8301262004,776746.3698737996,100777.08000000007,0.019411527146121897,-189415.65000000014,-0.09901348583983688,-188209.67999999993,-0.11530233415731866,31576.56999999995,0.05423429686441552,-3217.7898737996,-0.056676555013483135,-216568.46012620034,-0.2180260010073547
2026,2025-10,2025-10,2026-05,DE01,Hardware,Driver-based commercial,5294414.24,1950910.56,1664637.63,593754.33,57898.87,1012984.43,0.045,0.36848,0.31441,0.11215,5381249.6,1841191.89,1532972.6300000001,613145.6200000001,53669.59362259349,866157.4163774066,86835.3599999994,0.01640131581392834,-109718.67000000016,-0.05623972326030167,-131664.99999999977,-0.07909529234900198,19391.290000000154,0.032658776568417036,-4229.27637740651,-0.07304592261310988,-146827.01362259348,-0.144944985603178
2026,2025-10,2025-10,2026-06,DE01,Hardware,Driver-based commercial,5397218.4,1988792.32,1696960.69,605283.54,59023.12,1032654.03,0.045,0.36848,0.31441,0.11215,5375821.92,1964029.55,1665837.85,612410.12,53422.99834757193,1000004.731652428,-21396.480000000447,-0.0039643531934895285,-24762.77000000002,-0.01245115930455726,-31122.83999999985,-0.018340342344641967,7126.579999999958,0.011773953079906911,-5600.121652428075,-0.09488013599464201,-32649.29834757198,-0.03161687980588424
2026,2025-10,2025-10,2026-07,DE01,Hardware,Driver-based commercial,4883197.6,1799383.53,1535345.39,547637.49,53401.87,934306.03,0.045,0.36848,0.31441,0.11215,5009268.27,1837250.87,1566569.8,605760.4500000001,52985.89518784554,907823.4548121544,126070.66999999993,0.025817237049756074,37867.340000000084,0.021044618542218226,31224.41000000015,0.02033705914211274,58122.96000000008,0.10613400481402412,-415.9748121544617,-0.007789517710792931,-26482.57518784562,-0.028344647618131737
2026,2025-10,2025-10,2026-08,DE01,Hardware,Driver-based commercial,4317774.72,1591033.86,1357568.55,484226.83,47218.5,826123.23,0.045,0.36848,0.31441,0.11215,4959088.61,1779202.23,1500746.9,601619.64,52745.31816500813,846381.9418349919,641313.8900000006,0.14852879818611764,188168.36999999988,0.11826798582400998,143178.34999999986,0.10546675525151188,117392.81,0.24243350993169874,5526.8181650081315,0.11704772843288397,20258.711834991933,0.02452262701170131
2026,2025-10,2025-10,2026-09,DE01,Hardware,Driver-based commercial,5345816.32,1969851.44,1680799.16,599518.93,58460.99,1022819.23,0.045,0.36848,0.31441,0.11215,6069665.33,2038937.78,1683224.67,633782.14,54056.12175755089,995386.4082424489,723849.0099999998,0.13540476639496654,69086.34000000008,0.03507185293120383,2425.5100000000093,0.0014430694979642954,34263.20999999996,0.05715117285787783,-4404.868242449105,-0.07534713733806261,-27432.82175755105,-0.02682079193754604
2026,2025-10,2025-10,2026-01,DE01,Software,Driver-based commercial,739172.9,592756.15,560307.96,127558.8,8124.18,424624.98,0.12,0.80192,0.75802,0.17257,824720.26,658020.27,620988.08,147239.66,9938.286518629608,463810.1334813704,85547.35999999999,0.11573389662959774,65264.119999999995,0.1101028137793256,60680.119999999995,0.10829780108781606,19680.86,0.1542885320338542,1814.1065186296073,0.22329718428562725,39185.15348137042,0.09228179058464818
2026,2025-10,2025-10,2026-02,DE01,Software,Driver-based commercial,772771.66,619699.61,585776.5,133356.92,8493.46,443926.12,0.12,0.80192,0.75802,0.17257,838223.83,670047.32,632450.65,148791.35,9650.218757401226,474009.08124259877,65452.169999999925,0.08469794298615961,50347.70999999996,0.08124534724170629,46674.15000000002,0.07967910969456785,15434.429999999993,0.11573775099184948,1156.7587574012268,0.13619405488472625,30082.961242598773,0.06776569318020478
2026,2025-10,2025-10,2026-03,DE01,Software,Driver-based commercial,831569.51,666850.67,630346.45,143503.65,9139.7,477703.1,0.12,0.80192,0.75802,0.17257,860159.24,662841.64,624216.17,150797.56,9051.916802829717,464366.69319717033,28589.72999999998,0.03438044523782501,-4009.030000000028,-0.006011885689490314,-6130.2799999999115,-0.009725255056167783,7293.9100000000035,0.05082734829392844,-87.78319717028353,-0.009604603780242625,-13336.406802829646,-0.02791777320019411
2026,2025-10,2025-10,2026-04,DE01,Software,Driver-based commercial,848368.89,680322.4,643080.72,146402.71,9324.34,487353.67,0.12,0.80192,0.75802,0.17257,883747.55,670477.48,630836.81,153375.88999999998,8943.169873799596,468517.75012620044,35378.66000000003,0.041701977072733105,-9844.920000000042,-0.014470962590677658,-12243.909999999916,-0.019039460551701685,6973.179999999993,0.047630129251022696,-381.1701262004044,-0.040879046259617774,-18835.919873799547,-0.03864938551462954
2026,2025-10,2025-10,2026-05,DE01,Software,Driver-based commercial,865168.28,693794.13,655815.0,149301.77,9508.98,497004.24,0.12,0.80192,0.75802,0.17257,885391.85,681189.96,641481.07,155540.31,8830.406377406514,477110.3536225934,20223.56999999995,0.023375302201324288,-12604.170000000042,-0.018167017354269115,-14333.930000000051,-0.021856666895389783,6238.540000000008,0.04178476919597141,-678.5736225934852,-0.07136134712592573,-19893.886377406598,-0.040027598914259964
2026,2025-10,2025-10,2026-06,DE01,Software,Driver-based commercial,881967.66,707265.86,668549.27,152200.84,9693.62,506654.81,0.12,0.80192,0.75802,0.17257,913395.84,719110.76,678102.16,159256.24000000002,9077.001652428076,509768.918347572,31428.179999999935,0.03563416372886046,11844.900000000023,0.016747450527302452,9552.890000000014,0.014288984265886663,7055.400000000023,0.04635585454061898,-616.6183475719245,-0.06361074062857058,3114.108347571979,0.006146410309559636
2026,2025-10,2025-10,2026-07,DE01,Software,Driver-based commercial,797970.74,639907.21,604877.91,137705.52,8770.42,458401.97,0.12,0.80192,0.75802,0.17257,899460.19,708098.19,667702.95,160653.40000000002,9514.104812154459,497535.44518784544,101489.44999999995,0.12718442533369076,68190.97999999998,0.10656385634410961,62825.03999999992,0.10386400124944209,22947.880000000034,0.1666445905726948,743.684812154459,0.08479466344308015,39133.47518784547,0.08536934339057371
2026,2025-10,2025-10,2026-08,DE01,Software,Driver-based commercial,705574.13,565812.69,534839.41,121760.67,7754.9,405323.85,0.12,0.80192,0.75802,0.17257,917130.34,714207.02,673050.63,163092.76,9754.68183499187,500203.18816500815,211556.20999999996,0.2998355537780275,148394.33000000007,0.2622675889436133,138211.21999999997,0.2584162973330629,41332.09000000001,0.3394535361870135,1999.7818349918707,0.2578733233171119,94879.33816500817,0.23408279124213435
2026,2025-10,2025-10,2026-09,DE01,Software,Driver-based commercial,873567.97,700529.99,662182.13,150751.3,9601.3,501829.52,0.12,0.80192,0.75802,0.17257,948116.76,719467.53,676893.82,166005.63,8443.878242449104,502444.31175755087,74548.79000000004,0.08533828226325656,18937.540000000037,0.0270331609928649,14711.689999999944,0.0222169843212168,15254.330000000016,0.10118871280048675,-1157.4217575508956,-0.12054844214334472,614.7917575508473,0.0012251008221892711
2026,2025-10,2025-10,2026-01,ES01,Events,Driver-based commercial,2302344.37,1082575.43,959204.2,334198.08,15841.36,609164.76,0.03,0.47021,0.41662,0.14516,4029079.65,1868246.75,1645419.46,455857.69,25883.787490854076,1163677.982509146,1726735.2799999998,0.7499900112683837,785671.3200000001,0.7257427965088771,686215.26,0.7154005997888667,121659.60999999999,0.36403443730137525,10042.427490854076,0.6339372055716224,554513.222509146,0.9102844729710661
2026,2025-10,2025-10,2026-02,ES01,Events,Driver-based commercial,2406996.38,1131783.4,1002804.39,349388.9,16561.42,636854.07,0.03,0.47021,0.41662,0.14516,2671339.66,1248669.9,1102936.75,411192.63999999996,19259.140171908653,672484.9698280913,264343.28000000026,0.10982288224297217,116886.5,0.10327638663016263,100132.35999999999,0.09985233510994102,61803.73999999993,0.17689096591219677,2697.720171908655,0.1628918397038814,35630.89982809138,0.05594829570311356
2026,2025-10,2025-10,2026-03,ES01,Events,Driver-based commercial,2590137.41,1217897.36,1079104.72,375972.84,17821.53,685310.36,0.03,0.47021,0.41662,0.14516,4347630.29,1906373.27,1667373.56,480414.46,24837.4069864327,1162121.6930135675,1757492.88,0.678532680627164,688475.9099999999,0.565298794965776,588268.8400000001,0.5451452756132881,104441.62,0.27779033187610036,7015.8769864327005,0.39367422361787685,476811.3330135675,0.6957597036962457
2026,2025-10,2025-10,2026-04,ES01,Events,Driver-based commercial,2642463.42,1242501.34,1100904.82,383568.25,18181.56,699155.01,0.03,0.47021,0.41662,0.14516,1899602.31,897091.15,794395.15,407554.97000000003,13439.749787040362,373400.43021295965,-742861.1099999999,-0.2811244630209488,-345410.19000000006,-0.27799582896224484,-306509.67000000004,-0.2784161395532813,23986.72000000003,0.06253572864803078,-4741.810212959639,-0.2608032651191448,-325754.57978704036,-0.46592611813943857
2026,2025-10,2025-10,2026-05,ES01,Events,Driver-based commercial,2694789.43,1267105.33,1122704.91,391163.66,18541.59,712999.66,0.03,0.47021,0.41662,0.14516,3489160.2399999998,1474134.8,1279541.8900000001,468690.22000000003,20196.39585316568,790655.2741468345,794370.8099999996,0.2947802901245607,207029.46999999997,0.16338773509854934,156836.9800000002,0.13969563916844385,77526.56000000006,0.19819468914878252,1654.8058531656789,0.08924832515257207,77655.61414683447,0.10891395677079911
2026,2025-10,2025-10,2026-06,ES01,Events,Driver-based commercial,2747115.44,1291709.32,1144505.01,398759.07,18901.62,726844.32,0.03,0.47021,0.41662,0.14516,2432535.35,1138924.15,1005512.51,413565.61,15739.588508169543,576207.3114918305,-314580.08999999985,-0.11451287609522513,-152785.17000000016,-0.11828138702289472,-138992.5,-0.12144333033544344,14806.539999999979,0.037131544117604595,-3162.0314918304557,-0.16728891448618985,-150637.00850816944,-0.20724796818687316
2026,2025-10,2025-10,2026-07,ES01,Events,Driver-based commercial,2485485.4,1168689.38,1035504.53,360782.01,17101.47,657621.05,0.03,0.47021,0.41662,0.14516,3033738.22,1260666.92,1089801.91,442985.36999999994,19407.740173307273,627408.7998266927,548252.8200000003,0.22058179058303876,91977.54000000004,0.07870144246540517,54297.37999999989,0.052435675969471504,82203.35999999993,0.22784772444723594,2306.2701733072718,0.1348580077213989,-30212.250173307373,-0.045941732207792574
2026,2025-10,2025-10,2026-08,ES01,Events,Driver-based commercial,2197692.35,1033367.46,915604.01,319007.25,15121.3,581475.45,0.03,0.47021,0.41662,0.14516,3285979.84,1513486.62,1333698.32,450570.26000000007,21148.136213129186,861979.9237868708,1088287.4899999998,0.4951955581953951,480119.16000000015,0.4646161008398698,418094.31000000006,0.4566322399570968,131563.01000000007,0.41241385579794837,6026.836213129187,0.398566010404475,280504.47378687083,0.4824012325660023
2026,2025-10,2025-10,2026-09,ES01,Events,Driver-based commercial,2720952.43,1279407.33,1133604.96,394961.36,18721.61,719921.99,0.03,0.47021,0.41662,0.14516,4042369.35,1729398.74,1506211.1,481604.8,21182.20034856835,1003424.0996514317,1321416.92,0.48564499159582875,449991.4099999999,0.35171864303763206,372606.14000000013,0.3286913458811967,86643.44,0.21937194058679566,2460.5903485683484,0.13143048854069433,283502.1096514317,0.393795596730462
2026,2025-10,2025-10,2026-01,ES01,Hardware,Driver-based commercial,4129175.81,1499179.09,1277316.43,354580.25,28694.02,894042.16,0.045,0.36307,0.30934,0.08587,3969315.91,1488237.76,1282488.41,408859.27,25499.85069133743,848129.2893086625,-159859.8999999999,-0.03871472355641837,-10941.330000000075,-0.00729821411796777,5171.979999999981,0.0040490984681062795,54279.02000000002,0.153079648401173,-3194.169308662571,-0.11131829240596372,-45912.870691337506,-0.05135425681864657
2026,2025-10,2025-10,2026-02,ES01,Hardware,Driver-based commercial,4316865.62,1567323.6,1335376.27,370697.53,29998.29,934680.44,0.045,0.36307,0.30934,0.08587,4158406.09,1553222.5,1318863.24,408934.09,29980.210670412685,879948.9393295873,-158459.53000000026,-0.036707079614861915,-14101.100000000093,-0.008996929542820699,-16513.030000000028,-0.012365825551175946,38236.56,0.10314759852864408,-18.079329587315442,-0.0006026786722615003,-54731.50067041267,-0.0585563774827819
2026,2025-10,2025-10,2026-03,ES01,Hardware,Driver-based commercial,4645322.78,1686576.48,1436980.99,398902.78,32280.77,1005797.43,0.045,0.36307,0.30934,0.08587,4575854.05,1523914.56,1265660.3900000001,420380.65,26141.217575877723,819138.5224241223,-69468.73000000045,-0.01495455392230041,-162661.91999999993,-0.09644503046787414,-171320.59999999986,-0.11922259319519589,21477.869999999995,0.05384236730563771,-6139.552424122277,-0.19019225452559765,-186658.90757587773,-0.18558300310617987
2026,2025-10,2025-10,2026-04,ES01,Hardware,Driver-based commercial,4739167.69,1720648.73,1466010.9,406961.42,32932.91,1026116.57,0.045,0.36307,0.30934,0.08587,4826801.56,1534535.71,1264679.21,425632.64999999997,34149.78224473526,804896.7777552648,87633.86999999918,0.01849140518595981,-186113.02000000002,-0.10816444795213956,-201331.68999999994,-0.13733301027980074,18671.22999999998,0.04587960696618363,1216.8722447352557,0.03695003705215408,-221219.79224473517,-0.2155893382023206
2026,2025-10,2025-10,2026-05,ES01,Hardware,Driver-based commercial,4833012.59,1754720.99,1495040.82,415020.07,33585.04,1046435.71,0.045,0.36307,0.30934,0.08587,5134093.25,1702561.93,1413582.75,433144.69,29717.803853017056,950720.256146983,301080.66000000015,0.062296684395767354,-52159.060000000056,-0.02972498778851449,-81458.07000000007,-0.054485515653010776,18124.619999999995,0.04367167110737559,-3867.236146982945,-0.1151475819883777,-95715.45385301695,-0.09146806912105183
2026,2025-10,2025-10,2026-06,ES01,Hardware,Driver-based commercial,4926857.5,1788793.24,1524070.74,423078.71,34237.18,1066754.85,0.045,0.36307,0.30934,0.08587,5025591.43,1798207.86,1523559.3900000001,430927.48000000004,32517.81772395757,1060114.0922760426,98733.9299999997,0.02003994026618381,9414.620000000112,0.005263112465697887,-511.3499999998603,-0.00033551592231201836,7848.770000000019,0.01855155982677554,-1719.3622760424296,-0.05021915578451349,-6640.757723957533,-0.00622519571760797
2026,2025-10,2025-10,2026-07,ES01,Hardware,Driver-based commercial,4457632.97,1618431.98,1378921.15,382785.5,30976.5,965159.15,0.045,0.36307,0.30934,0.08587,4727054.36,1691937.1199999999,1424055.89,429084.4,30240.395232248913,964731.094767751,269421.3900000006,0.06044046062410576,73505.1399999999,0.04541750342822557,45134.73999999999,0.03273192234378303,46298.90000000002,0.12095259616678276,-736.1047677510869,-0.02376332922541562,-428.0552322489675,-0.0004435074073006172
2026,2025-10,2025-10,2026-08,ES01,Hardware,Driver-based commercial,3941486.0,1431034.59,1219256.59,338462.97,27389.75,853403.88,0.045,0.36307,0.30934,0.08587,4556218.7,1614882.89,1364426.48,424017.67999999993,29323.227279570405,911085.5727204296,614732.7000000002,0.15596470468244722,183848.2999999998,0.1284722963964133,145169.8899999999,0.1190642652175453,85554.70999999996,0.25277421042544174,1933.4772795704048,0.07059127153662975,57681.69272042962,0.0675901458526643
2026,2025-10,2025-10,2026-09,ES01,Hardware,Driver-based commercial,4879935.04,1771757.11,1509555.78,419049.39,33911.11,1056595.28,0.045,0.36307,0.30934,0.08587,5537028.63,1822579.43,1502410.47,451780.16000000003,29014.283362409456,1021616.0266375906,657093.5899999999,0.13465211823803291,50822.31999999983,0.028684699337822795,-7145.310000000056,-0.004733385870643386,32730.77000000002,0.0781071892265492,-4896.826637590544,-0.1444018387363476,-34979.25336240942,-0.03310563091140197
2026,2025-10,2025-10,2026-01,ES01,Spare Parts,Driver-based commercial,1789386.66,845855.67,785528.74,163860.99,12457.35,609210.4,0.06,0.47271,0.43899,0.09157,1730376.87,819879.91,766958.71,192287.12999999998,11116.3618178085,563555.2181821915,-59009.789999999804,-0.03297766286018909,-25975.76000000001,-0.03070944715662899,-18570.030000000028,-0.02364016624013022,28426.139999999985,0.17347716500431243,-1340.9881821915005,-0.10764634390070926,-45655.18181780854,-0.07494156668666282
2026,2025-10,2025-10,2026-02,ES01,Spare Parts,Driver-based commercial,1870722.41,884303.66,821234.59,171309.22,13023.59,636901.78,0.06,0.47271,0.43899,0.09157,1839318.77,875132.09,809038.4299999999,192276.32,13260.649157678667,603501.4608423213,-31403.639999999898,-0.016786905332469876,-9171.570000000065,-0.010371516499208049,-12196.160000000033,-0.014851006214923355,20967.100000000006,0.12239329558560832,237.05915767866645,0.018202289666571694,-33400.31915767875,-0.05244186812867559
2026,2025-10,2025-10,2026-03,ES01,Spare Parts,Driver-based commercial,2013059.99,951587.63,883719.84,184343.62,14014.52,685361.7,0.06,0.47271,0.43899,0.09157,2016743.57,931980.04,855203.18,196975.07,11521.37543768958,646706.7345623105,3683.5800000000745,0.0018298411464628406,-19607.589999999967,-0.020605133339112413,-28516.659999999916,-0.03226889191488551,12631.450000000012,0.0685212214016412,-2493.144562310421,-0.17789724958902772,-38654.96543768945,-0.05640082519593588
2026,2025-10,2025-10,2026-04,ES01,Spare Parts,Driver-based commercial,2053727.87,970811.63,901572.76,188067.73,14297.64,699207.39,0.06,0.47271,0.43899,0.09157,2107476.69,964527.61,892336.88,198547.44999999998,14910.467968224375,678878.9620317756,53748.81999999983,0.026171344697191956,-6284.020000000019,-0.006472955005699735,-9235.880000000005,-0.010244187058180422,10479.719999999972,0.0557231163474987,612.8279682243756,0.042862176430821845,-20328.427968224394,-0.029073531342717063
2026,2025-10,2025-10,2026-05,ES01,Spare Parts,Driver-based commercial,2094395.75,990035.62,919425.69,191791.85,14580.76,713053.08,0.06,0.47271,0.43899,0.09157,2174342.11,1012685.33,936620.4400000001,199584.91,12585.800293817263,724449.7297061827,79946.35999999987,0.038171563325603515,22649.709999999963,0.022877671815484744,17194.750000000116,0.018701620138545528,7793.059999999998,0.04063290489142264,-1994.9597061827371,-0.1368213801052028,11396.649706182769,0.01598289107198411
2026,2025-10,2025-10,2026-06,ES01,Spare Parts,Driver-based commercial,2135063.63,1009259.61,937278.61,195515.96,14863.89,726898.77,0.06,0.47271,0.43899,0.09157,2201176.53,1044640.73,968505.56,201641.14000000004,14242.593767872893,752621.826232127,66112.8999999999,0.030965306640533197,35381.119999999995,0.03505651038586593,31226.95000000007,0.03331661436293747,6125.180000000051,0.03132828644781762,-621.2962321271061,-0.04179903323605773,25723.05623212701,0.03538739820969433
2026,2025-10,2025-10,2026-07,ES01,Spare Parts,Driver-based commercial,1931724.23,913139.65,848013.98,176895.39,13448.28,657670.32,0.06,0.47271,0.43899,0.09157,2008950.68,958179.46,891704.51,198903.09,12851.864594443803,679949.5554055561,77226.44999999995,0.03997798899069561,45039.80999999994,0.04932412035771302,43690.53000000003,0.051521002047631374,22007.699999999983,0.12441081703711997,-596.4154055561976,-0.04434882420325852,22279.23540555616,0.03387599337850028
2026,2025-10,2025-10,2026-08,ES01,Spare Parts,Driver-based commercial,1708050.9,807407.69,749822.89,156412.77,11891.11,581519.02,0.06,0.47271,0.43899,0.09157,1868999.55,887769.97,822722.3999999999,193536.84,12028.636507300409,617156.9234926995,160948.65000000014,0.09422942255409376,80362.28000000003,0.09953122938425324,72899.5099999999,0.09722230539001002,37124.07000000001,0.23734679719565102,137.5265073004084,0.011565489453920485,35637.903492699494,0.06128415798454794
2026,2025-10,2025-10,2026-09,ES01,Spare Parts,Driver-based commercial,2114729.69,999647.61,928352.15,193653.9,14722.32,719975.92,0.06,0.47271,0.43899,0.09157,2347978.79,1099657.24,1007608.6499999999,207916.41999999998,12303.5162890222,787388.7137109778,233249.1000000001,0.11029735909179017,100009.63,0.10004488481696065,79256.49999999988,0.08537331442599652,14262.51999999999,0.07364953662177726,-2418.8037109777997,-0.16429500995616178,67412.79371097777,0.0936320116247468
2026,2025-10,2025-10,2026-01,JP01,Hardware,Driver-based commercial,2805012.96,1114582.13,967378.77,305823.62,27364.96,634190.19,0.045,0.39735,0.34487,0.10903,2301293.04,938876.93,820092.03,349032.69,26809.679956342767,444249.66004365723,-503719.9199999999,-0.1795784644075227,-175705.19999999984,-0.15764221879279533,-147286.74,-0.15225343429854263,43209.07000000001,0.14128754999368592,-555.2800436572325,-0.020291644630842962,-189940.5299563427,-0.2995008957113366
2026,2025-10,2025-10,2026-02,JP01,Hardware,Driver-based commercial,2932513.55,1165244.96,1011350.54,319724.7,28608.83,663017.02,0.045,0.39735,0.34487,0.10903,2845134.32,1140710.68,987076.7999999999,367467.55000000005,29248.985016640516,590360.2649833594,-87379.22999999998,-0.029796701195123204,-24534.280000000028,-0.021055040649993483,-24273.740000000107,-0.02400131214642957,47742.850000000035,0.14932487230420433,640.1550166405141,0.02237613410406906,-72656.75501664064,-0.10958505260791139
2026,2025-10,2025-10,2026-03,JP01,Hardware,Driver-based commercial,3155639.58,1253904.9,1088301.12,344051.57,30785.58,713463.96,0.045,0.39735,0.34487,0.10903,3265538.72,1197802.45,1016851.5499999999,376871.96,30012.456741437338,609967.1332585627,109899.14000000013,0.03482626491837833,-56102.44999999995,-0.044742188980998444,-71449.57000000018,-0.0656523903972461,32820.390000000014,0.09539380971288698,-773.123258562664,-0.025113162024644784,-103496.82674143731,-0.14506244539869584
2026,2025-10,2025-10,2026-04,JP01,Hardware,Driver-based commercial,3219389.88,1279236.31,1110287.0,351002.11,31407.52,727877.38,0.045,0.39735,0.34487,0.10903,3471706.0,1226390.45,1040489.37,381069.12,30335.125113426107,629085.1248865738,252316.1200000001,0.07837389362732299,-52845.8600000001,-0.04131047531007004,-69797.63,-0.06286449359489935,30067.01000000001,0.08566048221191608,-1072.394886573893,-0.03414452610629216,-98792.25511342625,-0.13572650810144182
2026,2025-10,2025-10,2026-05,JP01,Hardware,Driver-based commercial,3283140.17,1304567.72,1132272.88,357952.65,32029.45,742290.79,0.045,0.39735,0.34487,0.10903,3584493.15,1310618.06,1120371.06,382270.58,30469.129792754735,707631.3502072452,301352.98,0.09178803352766994,6050.340000000084,0.004637812132895703,-11901.819999999832,-0.010511441376216513,24317.929999999993,0.06793616418260905,-1560.320207245266,-0.04871517329349289,-34659.43979275483,-0.04669253648257555
2026,2025-10,2025-10,2026-06,JP01,Hardware,Driver-based commercial,3346890.47,1329899.14,1154258.76,364903.18,32651.38,756704.2,0.045,0.39735,0.34487,0.10903,3639861.9,1403933.48,1207110.87,384922.32,30601.308605454553,791587.2413945455,292971.4299999997,0.0875354101444496,74034.34000000008,0.055669138939363545,52852.1100000001,0.04578878829561588,20019.140000000014,0.05486151148367634,-2050.071394545448,-0.06278666918658408,34883.04139454558,0.04609864910825866
2026,2025-10,2025-10,2026-07,JP01,Hardware,Driver-based commercial,3028139.0,1203242.08,1044329.36,330150.5,29541.72,684637.14,0.045,0.39735,0.34487,0.10903,3142643.03,1237738.81,1067537.39,375286.2800000001,29433.0174983215,662818.0925016784,114504.0299999998,0.03781333353587791,34496.72999999998,0.028669816800290078,23208.02999999991,0.022222902935525927,45135.780000000086,0.1367127416132948,-108.702501678501,-0.003679626700087232,-21819.047498321626,-0.03186950608364838
2026,2025-10,2025-10,2026-08,JP01,Hardware,Driver-based commercial,2677512.37,1063919.31,923407.01,291922.55,26121.1,605363.36,0.045,0.39735,0.34487,0.10903,2819534.27,1098894.62,947195.16,362587.38999999996,28457.41408373582,556150.3559162642,142021.8999999999,0.053042481368629456,34975.310000000056,0.03287402500477227,23788.150000000023,0.025761283748539036,70664.83999999997,0.24206708251897624,2336.3140837358224,0.08944164234032344,-49213.00408373575,-0.0812949830391713
2026,2025-10,2025-10,2026-09,JP01,Hardware,Driver-based commercial,3315015.32,1317233.43,1143265.82,361427.92,32340.41,749497.5,0.045,0.39735,0.34487,0.10903,4084597.49,1474514.96,1239026.34,408086.82999999996,31209.87225992389,799729.6377400762,769582.1700000004,0.2321504112988535,157281.53000000003,0.11940292921354116,95760.52000000002,0.08376050287237662,46658.909999999974,0.12909603109798484,-1130.53774007611,-0.03495743375164724,50232.13774007617,0.067021087782249
2026,2025-10,2025-10,2026-01,JP01,Software,Driver-based commercial,608079.24,487643.08,460864.96,99942.84,6035.01,354887.11,0.12,0.80194,0.7579,0.16436,666552.84,532356.8099999999,502394.36,116152.37000000001,7765.2293748697675,378476.7606251302,58473.59999999998,0.09616115162885676,44713.72999999992,0.0916935599701321,41529.399999999965,0.09011186270268837,16209.530000000013,0.16218800666460964,1730.2193748697673,0.2866970187074698,23589.65062513022,0.06647085780357088
2026,2025-10,2025-10,2026-02,JP01,Software,Driver-based commercial,635719.21,509808.67,481813.36,104485.69,6309.33,371018.35,0.12,0.80194,0.7579,0.16436,688429.15,549905.93,518919.83,117749.26999999999,7077.29464715345,394093.2653528466,52709.94000000006,0.08291387010312315,40097.26000000007,0.07865158511329372,37106.47000000003,0.07701419902511634,13263.579999999987,0.1269415936287542,767.9646471534497,0.12171889046118205,23074.915352846612,0.06219346119362186
2026,2025-10,2025-10,2026-03,JP01,Software,Driver-based commercial,684089.14,548598.46,518473.08,112435.69,6789.38,399248.0,0.12,0.80194,0.7579,0.16436,727869.52,560859.15,528090.38,120080.89,6689.60142735982,401319.88857264025,43780.380000000005,0.06399806317638664,12260.69000000006,0.0223491148699179,9617.299999999988,0.018549275499510964,7645.199999999997,0.06799620298501301,-99.77857264017985,-0.014696271624239598,2071.8885726402514,0.005189477649581842
2026,2025-10,2025-10,2026-04,JP01,Software,Driver-based commercial,697909.13,559681.26,528947.28,114707.12,6926.54,407313.62,0.12,0.80194,0.7579,0.16436,741056.59,562005.38,528645.31,121699.46000000002,6475.215462881624,400470.6345371184,43147.45999999996,0.061823893892891134,2324.1199999999953,0.0041525778440392935,-301.96999999997206,-0.0005708886526460104,6992.340000000026,0.06095820381507291,-451.3245371183757,-0.06515872818440024,-6842.9854628815665,-0.016800286380999403
2026,2025-10,2025-10,2026-05,JP01,Software,Driver-based commercial,711729.11,570764.06,539421.48,116978.55,7063.7,415379.24,0.12,0.80194,0.7579,0.16436,748277.66,575011.59,541316.41,124406.34000000001,6360.55592505702,410549.51407494297,36548.55000000005,0.051351770619583126,4247.5299999999115,0.0074418315687219535,1894.9300000000512,0.0035128931091139553,7427.790000000008,0.06349702573676975,-703.1440749429794,-0.09954330944731223,-4829.7259250570205,-0.011627268433196182
2026,2025-10,2025-10,2026-06,JP01,Software,Driver-based commercial,725549.09,581846.85,549895.69,119249.97,7200.86,423444.85,0.12,0.80194,0.7579,0.16436,761159.52,599067.31,564786.36,127466.74999999999,6399.275030049809,430920.3349699502,35610.43000000005,0.04908066248143189,17220.46000000008,0.02959620731812861,14890.670000000042,0.027079081125367693,8216.779999999984,0.06890383284792427,-801.5849699501905,-0.11131794951577874,7475.484969950223,0.017653975411320324
2026,2025-10,2025-10,2026-07,JP01,Software,Driver-based commercial,656449.18,526432.87,497524.67,107892.83,6515.06,383116.77,0.12,0.80194,0.7579,0.16436,739957.45,582416.57,549069.27,127963.65000000001,6930.211406754446,414175.40859324555,83508.2699999999,0.12721208669953687,55983.69999999995,0.10634537315270598,51544.600000000035,0.10360209876627834,20070.820000000007,0.18602552180714887,415.1514067544458,0.06372180866399478,31058.63859324553,0.08106833484017295
2026,2025-10,2025-10,2026-08,JP01,Software,Driver-based commercial,580439.27,465477.48,439916.55,95399.98,5760.69,338755.88,0.12,0.80194,0.7579,0.16436,776565.13,604307.33,569265.18,130813.33,7837.831837170803,430614.0181628292,196125.86,0.3378921278017595,138829.84999999998,0.29825255993050404,129348.63000000006,0.2940299245390974,35413.350000000006,0.37120919731849006,2077.1418371708032,0.3605717088006477,91858.13816282921,0.2711632287027142
2026,2025-10,2025-10,2026-09,JP01,Software,Driver-based commercial,718639.1,576305.45,544658.59,118114.26,7132.28,419412.04,0.12,0.80194,0.7579,0.16436,799035.7,606225.31,570258.41,132833.08,6105.326703346444,431320.0032966536,80396.59999999998,0.11187340070975818,29919.860000000102,0.051916670231038256,25599.820000000065,0.047001590482581145,14718.819999999992,0.12461509727953249,-1026.9532966535553,-0.1439866770028035,11907.963296653645,0.02839203971505836
2026,2025-10,2025-10,2026-01,JP01,Spare Parts,Driver-based commercial,2483224.45,1176062.88,1091853.09,288017.93,24396.54,779438.62,0.06,0.4736,0.43969,0.11599,2397037.82,1138709.26,1065521.49,337410.5,27925.090668787474,700185.8993312124,-86186.63000000035,-0.03470754727789522,-37353.61999999988,-0.031761584040472295,-26331.600000000093,-0.02411643126823966,49392.57000000001,0.1714913026421654,3528.550668787473,0.14463324179524936,-79252.7206687876,-0.10167923250811925
2026,2025-10,2025-10,2026-02,JP01,Spare Parts,Driver-based commercial,2596098.29,1229520.29,1141482.77,301109.65,25505.47,814867.65,0.06,0.4736,0.43969,0.11599,2545994.33,1213259.05,1120899.84,338732.69999999995,26173.72033620603,755993.419663794,-50103.95999999996,-0.01929971611359906,-16261.23999999999,-0.01322567844732354,-20582.929999999935,-0.01803174830225421,37623.04999999993,0.12494800482149918,668.2503362060306,0.026200275321569474,-58874.230336206034,-0.07225005230752016
2026,2025-10,2025-10,2026-03,JP01,Spare Parts,Driver-based commercial,2793627.51,1323070.74,1228334.72,324020.17,27446.11,876868.45,0.06,0.4736,0.43969,0.11599,2806973.74,1298042.51,1191041.6099999999,345253.05,25797.94183120284,819990.618168797,13346.230000000447,0.004777383510230556,-25028.22999999998,-0.018916773868039725,-37293.1100000001,-0.03036070656701791,21232.880000000005,0.06552950083323518,-1648.1681687971613,-0.06005106620927925,-56877.83183120296,-0.06486472609569081
2026,2025-10,2025-10,2026-04,JP01,Spare Parts,Driver-based commercial,2850064.43,1349799.45,1253149.57,330566.03,28000.57,894582.96,0.06,0.4736,0.43969,0.11599,2940055.28,1346524.8,1244990.89,347169.65,25689.659423692276,872131.5805763076,89990.84999999963,0.03157502302500566,-3274.649999999907,-0.0024260270664652494,-8158.680000000168,-0.0065105396796331086,16603.619999999995,0.0502278470658343,-2310.910576307724,-0.08253084049030873,-22451.379423692357,-0.02509703451504638
2026,2025-10,2025-10,2026-05,JP01,Spare Parts,Driver-based commercial,2906501.34,1376528.15,1277964.41,337111.89,28555.04,912297.48,0.06,0.4736,0.43969,0.11599,3019944.0,1409897.55,1303934.8299999998,347721.03,25670.31428218824,930543.4857178117,113442.66000000015,0.03903065807635243,33369.40000000014,0.024241712746666418,25970.419999999925,0.020321708333019953,10609.140000000014,0.03147067877077849,-2884.7257178117616,-0.10102334711531699,18246.005717811757,0.020000061512623884
2026,2025-10,2025-10,2026-06,JP01,Spare Parts,Driver-based commercial,2962938.26,1403256.85,1302779.25,343657.75,29109.51,930011.99,0.06,0.4736,0.43969,0.11599,3033019.12,1441101.03,1336613.0399999998,351230.19999999995,25499.41636449564,959883.4236355043,70080.86000000034,0.02365248744670108,37844.179999999935,0.02696881900131108,33833.789999999804,0.025970470438487415,7572.449999999953,0.022034858809382163,-3610.0936355043596,-0.1240176710464848,29871.433635504334,0.03211940701485401
2026,2025-10,2025-10,2026-07,JP01,Spare Parts,Driver-based commercial,2680753.67,1269613.34,1178705.04,310928.44,26337.17,841439.42,0.06,0.4736,0.43969,0.11599,2790693.87,1331317.41,1237848.9300000002,348884.09,26136.771094924054,862828.0689050761,109940.20000000019,0.041010929586827796,61704.06999999983,0.04860067869167146,59143.89000000013,0.050177006115117766,37955.65000000002,0.12207197900584463,-200.39890507594464,-0.007608976403916771,21388.648905076087,0.02541911918635341
2026,2025-10,2025-10,2026-08,JP01,Spare Parts,Driver-based commercial,2370350.61,1122605.48,1042223.4,274926.2,23287.61,744009.59,0.06,0.4736,0.43969,0.11599,2596342.8,1233913.67,1143549.9300000002,341828.77999999997,26204.754079093385,775516.3959209067,225992.18999999994,0.09534124995964202,111308.18999999994,0.09915165388289388,101326.53000000014,0.09722150740426683,66902.57999999996,0.2433474146880143,2917.144079093385,0.1252659280661856,31506.805920906714,0.04234731157283432
2026,2025-10,2025-10,2026-09,JP01,Spare Parts,Driver-based commercial,2934719.8,1389892.5,1290371.83,340384.82,28832.27,921154.73,0.06,0.4736,0.43969,0.11599,3296065.24,1542742.11,1412329.94,362597.07,25184.801036729663,1024548.0689632704,361345.4400000004,0.12312774800510783,152849.6100000001,0.10997225324980177,121958.10999999987,0.09451392781877442,22212.25,0.06525628845610683,-3647.4689632703376,-0.12650647913849092,103393.33896327042,0.11224318303535219
2026,2025-10,2025-10,2026-01,US01,Events,Driver-based commercial,2091601.23,969046.03,856360.71,452177.62,14765.23,389417.86,0.03,0.4633,0.40943,0.21619,1694382.05,743308.65,649526.76,511794.73000000004,14253.339094731315,123478.69090526864,-397219.17999999993,-0.18991152534367173,-225737.38,-0.23294804685387338,-206833.94999999995,-0.2415266692933635,59617.110000000044,0.1318444508598193,-511.89090526868495,-0.0346686712816993,-265939.16909473133,-0.6829146693341989
2026,2025-10,2025-10,2026-02,US01,Events,Driver-based commercial,2186674.01,1013093.58,895286.2,472731.15,15436.38,407118.67,0.03,0.4633,0.40943,0.21619,2126392.69,1026635.98,910548.54,529373.77,15996.71356861834,365178.0564313817,-60281.31999999983,-0.027567584250932694,13542.400000000023,0.0133673732292332,15262.340000000084,0.017047442482638606,56642.619999999995,0.11981994416911175,560.33356861834,0.03629954488152922,-41940.61356861831,-0.10301815332767301
2026,2025-10,2025-10,2026-03,US01,Events,Driver-based commercial,2353051.38,1090176.79,963405.8,508699.83,16610.88,438095.09,0.03,0.4633,0.40943,0.21619,2052129.69,900654.9,785682.07,522123.51000000007,14608.24025634435,248950.31974365556,-300921.68999999994,-0.12788572853007568,-189521.89,-0.1738450971791465,-177723.7300000001,-0.18447442396547756,13423.680000000051,0.026388214047565244,-2002.6397436556508,-0.12056192950979422,-189144.77025634446,-0.4317436432723874
2026,2025-10,2025-10,2026-04,US01,Events,Driver-based commercial,2400587.78,1112200.56,982868.54,518976.59,16946.46,446945.49,0.03,0.4633,0.40943,0.21619,2301375.69,938851.64,809808.75,531635.11,15255.981250244207,262917.65874975576,-99212.08999999985,-0.041328249200701946,-173348.92000000004,-0.15586120546459717,-173059.79000000004,-0.17607623294158956,12658.51999999996,0.024391312139917447,-1690.4787497557918,-0.09975409317083284,-184027.83125024423,-0.4117455827784373
2026,2025-10,2025-10,2026-05,US01,Events,Driver-based commercial,2448124.17,1134224.33,1002331.28,529253.35,17282.03,455795.9,0.03,0.4633,0.40943,0.21619,1834312.06,805320.61,703632.91,505665.67,13033.605932702549,184933.63406729753,-613812.1099999999,-0.25072752335107246,-328903.7200000001,-0.28998118917092885,-298698.37,-0.29800364007396835,-23587.679999999993,-0.04456784260316915,-4248.42406729745,-0.24582899504846656,-270862.26593270246,-0.5942621816754
2026,2025-10,2025-10,2026-06,US01,Events,Driver-based commercial,2495660.56,1156248.11,1021794.03,539530.12,17617.6,464646.31,0.03,0.4633,0.40943,0.21619,1106838.42,534812.21,475685.99,469878.33,8429.35795467366,-2621.6979546736948,-1388822.1400000001,-0.5564948063289504,-621435.9000000001,-0.5374589542031771,-546108.04,-0.5344600026680524,-69651.78999999998,-0.1290971299248316,-9188.242045326338,-0.5215376694513634,-467268.00795467367,-1.00564235182385
2026,2025-10,2025-10,2026-07,US01,Events,Driver-based commercial,2257978.6,1046129.24,924480.31,488146.3,15939.74,420394.28,0.03,0.4633,0.40943,0.21619,2810554.0,1254958.33,1099078.41,548987.81,18863.476588596186,531227.1234114036,552575.3999999999,0.24472127415202247,208829.09000000008,0.19962073710892556,174598.09999999986,0.18886080981,60841.51000000007,0.12463785959250345,2923.7365885961863,0.1834243587785112,110832.84341140359,0.26364022700642736
2026,2025-10,2025-10,2026-08,US01,Events,Driver-based commercial,1996528.45,924998.49,817435.22,431624.09,14094.08,371717.04,0.03,0.4633,0.40943,0.21619,3051386.78,1408554.99,1240735.31,555115.78,20347.550432864544,665271.9795671355,1054858.3299999998,0.5283462552211564,483556.5,0.522764637161732,423300.0900000001,0.5178393096397291,123491.69,0.2861093550176961,6253.470432864544,0.4436948302311711,293554.9395671355,0.7897268835648091
2026,2025-10,2025-10,2026-09,US01,Events,Driver-based commercial,2471892.36,1145236.22,1012062.66,534391.74,17449.82,460221.1,0.03,0.4633,0.40943,0.21619,2597468.57,1209759.93,1068786.92,527504.52,15487.996858613898,525794.403141386,125576.20999999996,0.050801649793520934,64523.70999999996,0.05634096169260169,56724.25999999989,0.05604816998188619,-6887.219999999972,-0.012887961179938845,-1961.8231413861013,-0.11242655462268959,65573.30314138602,0.1424821746360304
2026,2025-10,2025-10,2026-01,US01,Hardware,Driver-based commercial,4986072.57,1820806.64,1553936.53,682953.52,35821.52,835161.49,0.045,0.36518,0.31166,0.13697,4715868.51,1724333.36,1483503.92,778574.9400000001,39670.43501151072,665258.5449884892,-270204.0600000005,-0.054191762395468,-96473.2799999998,-0.05298381381122369,-70432.6100000001,-0.04532528107824333,95621.42000000004,0.14001160723207054,3848.915011510726,0.10744700424523376,-169902.94501151075,-0.20343723584705845
2026,2025-10,2025-10,2026-02,US01,Hardware,Driver-based commercial,5212712.23,1903570.58,1624570.0,713996.86,37449.77,873123.38,0.045,0.36518,0.31166,0.13697,5150460.5,1889162.02,1595438.69,792800.63,38746.57853765609,763891.4814623438,-62251.73000000045,-0.011942291700226936,-14408.560000000056,-0.007569228139678464,-29131.310000000056,-0.017931705005016747,78803.77000000002,0.11036991115058968,1296.808537656092,0.03462794398086002,-109231.89853765618,-0.12510476874145343
2026,2025-10,2025-10,2026-03,US01,Hardware,Driver-based commercial,5609331.64,2048407.47,1748178.59,768322.71,40299.21,939556.68,0.045,0.36518,0.31166,0.13697,5641419.01,1896534.96,1573278.6099999999,803782.06,40158.86748599611,729337.6825140037,32087.37000000011,0.005720355304219472,-151872.51,-0.07414174778419452,-174899.9800000002,-0.10004697517774783,35459.35000000009,0.04615163594474527,-140.34251400388894,-0.0034825127838458603,-210218.99748599634,-0.22374275225843354
2026,2025-10,2025-10,2026-04,US01,Hardware,Driver-based commercial,5722651.47,2089789.44,1783495.33,783844.38,41113.33,958537.62,0.045,0.36518,0.31166,0.13697,6025098.71,1954216.8699999999,1651988.8800000001,810818.9,39940.802951051664,801229.1770489485,302447.2400000002,0.0528508929096114,-135572.57000000007,-0.06487379417516823,-131506.44999999995,-0.07373523652568238,26974.52000000002,0.034413106336234775,-1172.5270489483373,-0.028519388941453717,-157308.44295105152,-0.1641129567257376
2026,2025-10,2025-10,2026-05,US01,Hardware,Driver-based commercial,5835971.3,2131171.41,1818812.07,799366.05,41927.46,977518.57,0.045,0.36518,0.31166,0.13697,5861610.25,1992263.69,1665089.25,800136.08,41649.35715986628,823303.8128401338,25638.950000000186,0.004393261838008043,-138907.7200000002,-0.0651790462973601,-153722.82000000007,-0.08451825371930816,770.0299999999115,0.0009633008557217454,-278.1028401337171,-0.0066329522497598735,-154214.75715986616,-0.15776146038828312
2026,2025-10,2025-10,2026-06,US01,Hardware,Driver-based commercial,5949291.13,2172553.38,1854128.81,814887.72,42741.58,996499.51,0.045,0.36518,0.31166,0.13697,5969717.7700000005,2164366.9899999998,1839008.69,813965.8999999999,45463.626002164085,979579.163997836,20426.640000000596,0.003433457794155822,-8186.39000000013,-0.003768096137642487,-15120.120000000112,-0.00815483795864221,-921.8200000000652,-0.0011312233297613875,2722.046002164083,0.06368613425531024,-16920.346002164064,-0.01697978356473458
2026,2025-10,2025-10,2026-07,US01,Hardware,Driver-based commercial,5382691.98,1965643.54,1677545.11,737279.37,38670.95,901594.79,0.045,0.36518,0.31166,0.13697,5368735.5,1938859.36,1648533.75,805344.7200000001,36033.115326948086,807155.9146730517,-13956.480000000447,-0.0025928438877530656,-26784.179999999935,-0.013626163368359217,-29011.360000000102,-0.017293937329649574,68065.3500000001,0.09231961827441353,-2637.8346730519115,-0.06821230595710505,-94438.87532694836,-0.10474647410833901
2026,2025-10,2025-10,2026-08,US01,Hardware,Driver-based commercial,4759432.91,1738042.71,1483303.05,651910.18,34193.27,797199.61,0.045,0.36518,0.31166,0.13697,5173236.29,1867423.47,1582459.37,796073.97,34496.6711535337,751888.7288464663,413803.3799999999,0.08694384138298525,129380.76000000001,0.07444049519358475,99156.32000000007,0.06684832206068751,144163.78999999992,0.22114057184994398,303.4011535337049,0.008873124843973828,-45310.8811535337,-0.056837560612371225
2026,2025-10,2025-10,2026-09,US01,Hardware,Driver-based commercial,5892631.22,2151862.4,1836470.44,807126.88,42334.52,987009.04,0.045,0.36518,0.31166,0.13697,6672882.34,2290579.08,1901621.9300000002,842193.37,39788.577969134065,1019639.9820308661,780251.1200000001,0.13241132710829986,138716.68000000017,0.06446354562447867,65151.49000000022,0.03547647083282224,35066.48999999999,0.04344606885103367,-2545.942030865932,-0.06013867715674896,32630.94203086605,0.03306042873818668
2026,2025-10,2025-10,2026-01,US01,Software,Driver-based commercial,923679.8,741538.39,701046.03,190304.44,6693.61,504047.98,0.12,0.80281,0.75897,0.20603,1019508.7,814328.27,768613.96,218506.26,8576.225893757963,541531.474106242,95828.8999999999,0.10374688284836359,72789.88,0.0981606360258705,67567.92999999993,0.09638158852422277,28201.820000000007,0.14819317930785014,1882.615893757963,0.2812556891958096,37483.49410624197,0.07436493269200675
2026,2025-10,2025-10,2026-02,US01,Software,Driver-based commercial,965665.25,775244.68,732911.76,198954.64,6997.86,526959.25,0.12,0.80281,0.75897,0.20603,1031074.72,824556.17,778301.44,220767.83000000002,7756.707893725574,549776.9021062744,65409.46999999997,0.06773513906604796,49311.48999999999,0.06360764707214758,45389.679999999935,0.061930620406472854,21813.190000000002,0.10963901118365472,758.8478937255741,0.10843999361598747,22817.652106274385,0.04330060076993503
2026,2025-10,2025-10,2026-03,US01,Software,Driver-based commercial,1039139.78,834230.69,788676.78,214092.5,7530.31,567053.98,0.12,0.80281,0.75897,0.20603,1086297.7,838564.74,789902.12,224440.75000000003,7732.892257659543,557728.4777423404,47157.919999999925,0.045381690613364764,4334.050000000047,0.00519526559254257,1225.3399999999674,0.001553665622056183,10348.25000000003,0.04833541576654964,202.58225765954285,0.0269022467414413,-9325.502257659566,-0.016445528268154586
2026,2025-10,2025-10,2026-04,US01,Software,Driver-based commercial,1060132.5,851083.83,804609.65,218417.6,7682.43,578509.61,0.12,0.80281,0.75897,0.20603,1101695.33,836395.09,786990.7,227125.4,7303.215798704125,552562.0842012959,41562.830000000075,0.03920531631659257,-14688.73999999999,-0.01725886391238333,-17618.95000000007,-0.021897512663438812,8707.799999999988,0.03986766634190646,-379.2142012958757,-0.04936123092509475,-25947.525798704126,-0.044852367791615645
2026,2025-10,2025-10,2026-05,US01,Software,Driver-based commercial,1081125.22,867936.98,820542.51,222742.7,7834.56,589965.25,0.12,0.80281,0.75897,0.20603,1100147.2,847297.61,797992.13,230511.71000000002,7817.036907431169,559663.3830925688,19021.97999999998,0.017594613138337465,-20639.369999999995,-0.023779802538198103,-22550.380000000005,-0.027482281204419264,7769.010000000009,0.03487885349329073,-17.52309256883109,-0.0022366402923496773,-30301.866907431162,-0.051362121595180665
2026,2025-10,2025-10,2026-06,US01,Software,Driver-based commercial,1102117.94,884790.12,836475.37,227067.8,7986.69,601420.89,0.12,0.80281,0.75897,0.20603,1130166.27,890924.87,840217.28,236021.58,8607.016043162253,595588.6839568379,28048.330000000075,0.025449481386719895,6134.75,0.006933565216573621,3741.9100000000326,0.0044734252007922635,8953.779999999999,0.03943218721456763,620.3260431622539,0.07766997882254775,-5832.20604316215,-0.00969737855823756
2026,2025-10,2025-10,2026-07,US01,Software,Driver-based commercial,997154.33,800524.4,756811.05,205442.3,7226.05,544142.71,0.12,0.80281,0.75897,0.20603,1132865.88,892750.74,841908.63,239194.56,7603.408084455738,595110.6619155442,135711.54999999993,0.13609884239283196,92226.33999999997,0.1152074065450097,85097.57999999996,0.11244230643831106,33752.26000000001,0.1642907035211347,377.3580844557382,0.05222190331588326,50967.951915544225,0.09366651611586274
2026,2025-10,2025-10,2026-08,US01,Software,Driver-based commercial,881694.36,707832.1,669180.3,181654.24,6389.35,481136.71,0.12,0.80281,0.75897,0.20603,1148086.16,895636.26,844203.85,242594.74,7655.7784136017635,593953.3315863982,266391.79999999993,0.3021362187232319,187804.16000000003,0.26532303352730124,175023.54999999993,0.2615491669434978,60940.5,0.3354752413155895,1266.4284136017632,0.19820927224236629,112816.62158639816,0.23447934701635667
2026,2025-10,2025-10,2026-09,US01,Software,Driver-based commercial,1091621.58,876363.55,828508.94,224905.25,7910.62,595693.07,0.12,0.80281,0.75897,0.20603,1211429.73,920373.99,866028.18,248127.61000000002,7223.425172252029,610677.1448277481,119808.1499999999,0.109752456524357,44010.439999999944,0.05021938669174447,37519.24000000011,0.04528525666844357,23222.360000000015,0.10325397028304148,-687.1948277479705,-0.08686990751015351,14984.074827748118,0.02515401904498926
