month,entity,division,customer,customer_name,customer_segment,risk_score,payment_terms_days,current,overdue_1_30,overdue_31_60,overdue_61_90,overdue_90_plus,total_ar,overdue_ar,overdue_pct,weighted_age_days,risk_multiplier,ecl_current,ecl_overdue_1_30,ecl_overdue_31_60,ecl_overdue_61_90,ecl_overdue_90_plus,gross_ar,credit_loss_allowance,net_ar,allowance_pct
2023-10,DE01,Hardware,C008,Redwood DE01,Core,2.225305,45,478729.5,0.0,0.0,0.0,0.0,478729.5,0.0,0.0,0.0,0.8991120625,860.8629362491876,0.0,0.0,0.0,0.0,478729.5,860.8629362491876,477868.6370637508,0.0017982241250000001
2023-10,DE01,Hardware,C009,Pioneer DE01,Strategic,1.306745,45,855414.45,0.0,0.0,0.0,0.0,855414.45,0.0,0.0,0.0,0.7498460625,1282.858314276206,0.0,0.0,0.0,0.0,855414.45,1282.858314276206,854131.5916857237,0.0014996921249999999
2023-10,DE01,Hardware,C010,Keystone DE01,Growth,3.8942900000000003,45,322676.77,0.0,0.0,0.0,0.0,322676.77,0.0,0.0,0.0,1.1703221250000002,755.2715263090727,0.0,0.0,0.0,0.0,322676.77,755.2715263090727,321921.49847369094,0.0023406442500000005
2023-10,DE01,Hardware,C011,Axiom DE01,Strategic,1.0,45,1445188.33,0.0,0.0,0.0,0.0,1445188.33,0.0,0.0,0.0,0.7,2023.263662,0.0,0.0,0.0,0.0,1445188.33,2023.263662,1443165.0663380001,0.0014
2023-10,DE01,Hardware,C012,Northstar DE01,Growth,2.752895,45,444061.92,0.0,0.0,0.0,0.0,444061.92,0.0,0.0,0.0,0.9848454375,874.6647117589799,0.0,0.0,0.0,0.0,444061.92,874.6647117589799,443187.255288241,0.001969690875
2023-10,DE01,Hardware,C013,Kestrel DE01,Core,1.8694799999999998,45,813037.86,0.0,0.0,0.0,0.0,813037.86,0.0,0.0,0.0,0.8412904999999999,1368.00205551666,0.0,0.0,0.0,0.0,813037.86,1368.00205551666,811669.8579444833,0.001682581
2023-10,DE01,Hardware,C014,Helix DE01,Core,2.0470550000000003,45,567420.99,0.0,0.0,0.0,0.0,567420.99,0.0,0.0,0.0,0.8701464375000001,987.4787060224463,0.0,0.0,0.0,0.0,567420.99,987.4787060224463,566433.5112939775,0.0017402928750000002
2023-10,DE01,Software,C001,Meridian DE01,Growth,3.922925,30,52463.05,0.0,0.0,0.0,0.0,52463.05,0.0,0.0,0.0,1.1749753125,123.28557713690626,0.0,0.0,0.0,0.0,52463.05,123.28557713690626,52339.764422863096,0.002349950625
2023-10,DE01,Software,C002,Orion DE01,Core,1.8911449999999999,30,73071.26,0.0,0.0,0.0,0.0,73071.26,0.0,0.0,0.0,0.8448110624999999,123.46281759762748,0.0,0.0,0.0,0.0,73071.26,123.46281759762748,72947.79718240237,0.0016896221249999997
2023-10,DE01,Software,C003,Atlas DE01,Growth,2.7558400000000005,30,40687.39,0.0,0.0,0.0,0.0,40687.39,0.0,0.0,0.0,0.9853240000000001,80.18052372872,0.0,0.0,0.0,0.0,40687.39,80.18052372872,40607.20947627128,0.001970648
2023-10,DE01,Software,C004,Nimbus DE01,Strategic,1.0,30,227205.13999999998,0.0,0.0,0.0,0.0,227205.13999999998,0.0,0.0,0.0,0.7,318.087196,0.0,0.0,0.0,0.0,227205.13999999998,318.087196,226887.05280399998,0.0014000000000000002
2023-10,DE01,Software,C005,Summit DE01,Core,2.047655,30,80140.97,0.0,0.0,0.0,0.0,80140.97,0.0,0.0,0.0,0.8702439375,139.48438657573874,0.0,0.0,0.0,0.0,80140.97,139.48438657573874,80001.48561342426,0.0017404878749999997
2023-10,DE01,Software,C006,Cobalt DE01,Core,2.081205,30,86964.5,0.0,0.0,0.0,0.0,86964.5,0.0,0.0,0.0,0.8756958125000001,152.3088969723125,0.0,0.0,0.0,0.0,86964.5,152.3088969723125,86812.19110302768,0.001751391625
2023-10,DE01,Software,C007,Vertex DE01,Core,2.185245,30,60905.99,0.0,0.0,0.0,0.0,60905.99,0.0,0.0,0.0,0.8926023125,108.72965503820376,0.0,0.0,0.0,0.0,60905.99,108.72965503820376,60797.2603449618,0.0017852046250000002
2023-10,ES01,Events,C022,Vector ES01,Strategic,1.0,30,477988.52,0.0,0.0,0.0,0.0,477988.52,0.0,0.0,0.0,0.7,669.183928,0.0,0.0,0.0,0.0,477988.52,669.183928,477319.33607200003,0.0014
2023-10,ES01,Events,C023,Redwood ES01,Growth,2.795945,30,330286.16,0.0,0.0,0.0,0.0,330286.16,0.0,0.0,0.0,0.9918410625,655.18275172689,0.0,0.0,0.0,0.0,330286.16,655.18275172689,329630.9772482731,0.0019836821250000004
2023-10,ES01,Events,C024,Pioneer ES01,Strategic,1.02279,30,206077.25,0.0,0.0,0.0,0.0,206077.25,0.0,0.0,0.0,0.703703375,290.0345126714375,0.0,0.0,0.0,0.0,206077.25,290.0345126714375,205787.21548732856,0.00140740675
2023-10,ES01,Events,C025,Keystone ES01,Core,2.0810400000000002,30,192639.40999999997,0.0,0.0,0.0,0.0,192639.40999999997,0.0,0.0,0.0,0.875669,337.37671903058,0.0,0.0,0.0,0.0,192639.40999999997,337.37671903058,192302.0332809694,0.001751338
2023-10,ES01,Events,C026,Axiom ES01,Core,2.21812,30,109324.8,0.0,0.0,0.0,0.0,109324.8,0.0,0.0,0.0,0.8979444999999999,196.3352057472,0.0,0.0,0.0,0.0,109324.8,196.3352057472,109128.46479425281,0.001795889
2023-10,ES01,Hardware,C015,Nova ES01,Strategic,1.134235,45,548500.28,0.0,0.0,0.0,0.0,548500.28,0.0,0.0,0.0,0.7218131875,791.8294709028852,0.0,0.0,0.0,0.0,548500.28,791.8294709028852,547708.4505290971,0.0014436263750000002
2023-10,ES01,Hardware,C016,Meridian ES01,Core,2.18475,45,335423.83,0.0,0.0,0.0,0.0,335423.83,0.0,0.0,0.0,0.892521875,598.7462113425626,0.0,0.0,0.0,0.0,335423.83,598.7462113425626,334825.08378865744,0.00178504375
2023-10,ES01,Hardware,C017,Orion ES01,Strategic,1.2359149999999999,45,837501.98,0.0,0.0,0.0,0.0,837501.98,0.0,0.0,0.0,0.7383361875,1236.7160378738024,0.0,0.0,0.0,0.0,837501.98,1236.7160378738024,836265.2639621262,0.0014766723749999999
2023-10,ES01,Hardware,C018,Atlas ES01,Strategic,1.285565,45,720720.77,0.0,0.0,0.0,0.0,720720.77,0.0,0.0,0.0,0.7464043125,1075.8981816726412,0.0,0.0,0.0,0.0,720720.77,1075.8981816726412,719644.8718183273,0.0014928086249999999
2023-10,ES01,Hardware,C019,Nimbus ES01,Core,2.209905,45,461683.4,0.0,0.0,0.0,0.0,461683.4,0.0,0.0,0.0,0.8966095625,827.899502575025,0.0,0.0,0.0,0.0,461683.4,827.899502575025,460855.500497425,0.0017932191250000001
2023-10,ES01,Hardware,C020,Summit ES01,Strategic,1.0,45,1082835.25,0.0,0.0,0.0,0.0,1082835.25,0.0,0.0,0.0,0.7,1515.96935,0.0,0.0,0.0,0.0,1082835.25,1515.96935,1081319.28065,0.0014
2023-10,ES01,Hardware,C021,Cobalt ES01,Core,1.9086199999999998,45,366021.43,0.0,0.0,0.0,0.0,366021.43,0.0,0.0,0.0,0.8476507499999999,620.5166793111449,0.0,0.0,0.0,0.0,366021.43,620.5166793111449,365400.9133206888,0.0016953014999999997
2023-10,ES01,Spare Parts,C027,Cobalt ES01,Core,2.25286,45,323648.75,0.0,0.0,0.0,0.0,323648.75,0.0,0.0,0.0,0.9035897500000001,584.8913862006251,0.0,0.0,0.0,0.0,323648.75,584.8913862006251,323063.8586137994,0.0018071795000000003
2023-10,ES01,Spare Parts,C028,Vertex ES01,Growth,3.0423750000000003,45,312641.32,0.0,0.0,0.0,0.0,312641.32,0.0,0.0,0.0,1.0318859375,645.220363178875,0.0,0.0,0.0,0.0,312641.32,645.220363178875,311996.09963682113,0.002063771875
2023-10,ES01,Spare Parts,C029,Nova ES01,Core,2.341555,45,257980.65,0.0,0.0,0.0,0.0,257980.65,0.0,0.0,0.0,0.9180026875,473.65386004599384,0.0,0.0,0.0,0.0,257980.65,473.65386004599384,257506.996139954,0.0018360053750000004
2023-10,ES01,Spare Parts,C030,Meridian ES01,Growth,2.7239050000000002,45,180595.86,0.0,0.0,0.0,0.0,180595.86,0.0,0.0,0.0,0.9801345625,354.0164884608225,0.0,0.0,0.0,0.0,180595.86,354.0164884608225,180241.84351153916,0.001960269125
2023-10,ES01,Spare Parts,C031,Orion ES01,Growth,2.81174,45,193006.97,0.0,0.0,0.0,0.0,193006.97,0.0,0.0,0.0,0.9944077499999999,383.85525354403495,0.0,0.0,0.0,0.0,193006.97,383.85525354403495,192623.11474645598,0.0019888155
2023-10,ES01,Spare Parts,C032,Atlas ES01,Core,2.0051500000000004,45,444851.31,0.0,0.0,0.0,0.0,444851.31,0.0,0.0,0.0,0.8633368750000001,768.1130796301127,0.0,0.0,0.0,0.0,444851.31,768.1130796301127,444083.19692036987,0.0017266737500000004
2023-10,ES01,Spare Parts,C033,Nimbus ES01,Growth,2.8488800000000003,45,174781.09,0.0,0.0,0.0,0.0,174781.09,0.0,0.0,0.0,1.0004430000000002,349.7170360457401,0.0,0.0,0.0,0.0,174781.09,349.7170360457401,174431.37296395426,0.0020008860000000003
2023-10,JP01,Hardware,C060,Keystone JP01,Growth,2.7943000000000002,45,556910.29,0.0,0.0,0.0,0.0,556910.29,0.0,0.0,0.0,0.99157375,1104.435249337775,0.0,0.0,0.0,0.0,556910.29,1104.435249337775,555805.8547506622,0.0019831475
2023-10,JP01,Hardware,C061,Axiom JP01,Core,1.97168,45,662475.89,0.0,0.0,0.0,0.0,662475.89,0.0,0.0,0.0,0.857898,1136.67348215844,0.0,0.0,0.0,0.0,662475.89,1136.67348215844,661339.2165178416,0.0017157960000000001
2023-10,JP01,Hardware,C062,Northstar JP01,Growth,2.8876500000000003,45,629182.94,0.0,0.0,0.0,0.0,629182.94,0.0,0.0,0.0,1.006743125,1266.851198424575,0.0,0.0,0.0,0.0,629182.94,1266.851198424575,627916.0888015754,0.00201348625
2023-10,JP01,Hardware,C063,Kestrel JP01,Growth,2.933765,45,352453.08,0.0,0.0,0.0,0.0,352453.08,0.0,0.0,0.0,1.0142368125,714.9417768300151,0.0,0.0,0.0,0.0,352453.08,714.9417768300151,351738.13822317,0.0020284736250000004
2023-10,JP01,Hardware,C064,Helix JP01,Growth,3.0409900000000003,45,248248.31,0.0,0.0,0.0,0.0,248248.31,0.0,0.0,0.0,1.031660875,512.2161374237426,0.0,0.0,0.0,0.0,248248.31,512.2161374237426,247736.09386257626,0.0020633217500000004
2023-10,JP01,Hardware,C065,Vector JP01,Growth,3.1325000000000003,45,210039.62,0.0,0.0,0.0,0.0,210039.62,0.0,0.0,0.0,1.0465312500000001,439.6260521362501,0.0,0.0,0.0,0.0,210039.62,439.6260521362501,209599.99394786375,0.0020930625000000007
2023-10,JP01,Hardware,C066,Redwood JP01,Growth,3.086145,45,484845.2,0.0,0.0,0.0,0.0,484845.2,0.0,0.0,0.0,1.0389985625,1007.5069316700501,0.0,0.0,0.0,0.0,484845.2,1007.5069316700501,483837.69306832994,0.002077997125
2023-10,JP01,Software,C053,Atlas JP01,Core,2.188565,30,51637.590000000004,0.0,0.0,0.0,0.0,51637.590000000004,0.0,0.0,0.0,0.8931418125,92.23938145146376,0.0,0.0,0.0,0.0,51637.590000000004,92.23938145146376,51545.35061854854,0.001786283625
2023-10,JP01,Software,C054,Nimbus JP01,Core,2.16125,30,66975.6,0.0,0.0,0.0,0.0,66975.6,0.0,0.0,0.0,0.8887031249999999,119.04285003750002,0.0,0.0,0.0,0.0,66975.6,119.04285003750002,66856.55714996251,0.0017774062500000001
2023-10,JP01,Software,C055,Summit JP01,Strategic,1.29925,30,96755.39,0.0,0.0,0.0,0.0,96755.39,0.0,0.0,0.0,0.748628125,144.8676123986875,0.0,0.0,0.0,0.0,96755.39,144.8676123986875,96610.52238760132,0.00149725625
2023-10,JP01,Software,C056,Cobalt JP01,Core,2.1768300000000003,30,103444.4,0.0,0.0,0.0,0.0,103444.4,0.0,0.0,0.0,0.8912348750000001,184.3865138069,0.0,0.0,0.0,0.0,103444.4,184.3865138069,103260.0134861931,0.0017824697500000003
2023-10,JP01,Software,C057,Vertex JP01,Core,2.26337,30,73493.9,0.0,0.0,0.0,0.0,73493.9,0.0,0.0,0.0,0.905297625,133.06770624397498,0.0,0.0,0.0,0.0,73493.9,133.06770624397498,73360.83229375602,0.00181059525
2023-10,JP01,Software,C058,Nova JP01,Core,2.3047950000000004,30,76737.71,0.0,0.0,0.0,0.0,76737.71,0.0,0.0,0.0,0.9120291875000001,139.97406260382127,0.0,0.0,0.0,0.0,76737.71,139.97406260382127,76597.73593739618,0.0018240583750000002
2023-10,JP01,Software,C059,Meridian JP01,Growth,3.295,30,46210.08,0.0,0.0,0.0,0.0,46210.08,0.0,0.0,0.0,1.0729375,99.16105542000003,0.0,0.0,0.0,0.0,46210.08,99.16105542000003,46110.91894458,0.0021458750000000006
2023-10,JP01,Spare Parts,C067,Orion JP01,Core,2.41448,45,245970.87,0.0,0.0,0.0,0.0,245970.87,0.0,0.0,0.0,0.929853,457.43350276422,0.0,0.0,0.0,0.0,245970.87,457.43350276422,245513.4364972358,0.001859706
2023-10,JP01,Spare Parts,C068,Atlas JP01,Core,2.34401,45,392278.4,0.0,0.0,0.0,0.0,392278.4,0.0,0.0,0.0,0.918401625,720.5382400248001,0.0,0.0,0.0,0.0,392278.4,720.5382400248001,391557.8617599752,0.00183680325
2023-10,JP01,Spare Parts,C069,Nimbus JP01,Growth,3.28588,45,259558.89,0.0,0.0,0.0,0.0,259558.89,0.0,0.0,0.0,1.0714555000000001,556.2116005287901,0.0,0.0,0.0,0.0,259558.89,556.2116005287901,259002.67839947122,0.0021429110000000004
2023-10,JP01,Spare Parts,C070,Summit JP01,Core,1.9708350000000001,45,450279.99,0.0,0.0,0.0,0.0,450279.99,0.0,0.0,0.0,0.8577606875,772.4649475797862,0.0,0.0,0.0,0.0,450279.99,772.4649475797862,449507.5250524202,0.001715521375
2023-10,JP01,Spare Parts,C071,Cobalt JP01,Growth,2.876375,45,291286.87,0.0,0.0,0.0,0.0,291286.87,0.0,0.0,0.0,1.0049109375,585.4347232262813,0.0,0.0,0.0,0.0,291286.87,585.4347232262813,290701.4352767737,0.002009821875
2023-10,JP01,Spare Parts,C072,Vertex JP01,Strategic,1.1821099999999998,45,552564.43,0.0,0.0,0.0,0.0,552564.43,0.0,0.0,0.0,0.7295928749999999,806.2941422128724,0.0,0.0,0.0,0.0,552564.43,806.2941422128724,551758.1358577872,0.0014591857499999998
2023-10,JP01,Spare Parts,C073,Nova JP01,Core,2.219815,45,397641.65,0.0,0.0,0.0,0.0,397641.65,0.0,0.0,0.0,0.8982199375,714.3393160207937,0.0,0.0,0.0,0.0,397641.65,714.3393160207937,396927.31068397925,0.001796439875
2023-10,US01,Events,C048,Northstar US01,Growth,3.1211550000000003,30,79533.79,0.0,0.0,0.0,0.0,79533.79,0.0,0.0,0.0,1.0446876875000002,166.17594230642126,0.0,0.0,0.0,0.0,79533.79,166.17594230642126,79367.61405769357,0.0020893753750000003
2023-10,US01,Events,C049,Kestrel US01,Strategic,1.447995,30,503431.36,0.0,0.0,0.0,0.0,503431.36,0.0,0.0,0.0,0.7727991875,778.1026919400399,0.0,0.0,0.0,0.0,503431.36,778.1026919400399,502653.25730805995,0.0015455983749999998
2023-10,US01,Events,C050,Helix US01,Growth,2.8449999999999998,30,206566.93,0.0,0.0,0.0,0.0,206566.93,0.0,0.0,0.0,0.9998125,413.05639740124997,0.0,0.0,0.0,0.0,206566.93,413.05639740124997,206153.87360259873,0.001999625
2023-10,US01,Events,C051,Vector US01,Growth,2.8275900000000003,30,217920.77,0.0,0.0,0.0,0.0,217920.77,0.0,0.0,0.0,0.9969833750000001,434.5267695143976,0.0,0.0,0.0,0.0,217920.77,434.5267695143976,217486.2432304856,0.0019939667500000007
2023-10,US01,Events,C052,Redwood US01,Growth,2.88081,30,127033.14,0.0,0.0,0.0,0.0,127033.14,0.0,0.0,0.0,1.005631625,255.49708601410498,0.0,0.0,0.0,0.0,127033.14,255.49708601410498,126777.6429139859,0.00201126325
2023-10,US01,Hardware,C041,Summit US01,Growth,2.82761,45,634879.18,0.0,0.0,0.0,0.0,634879.18,0.0,0.0,0.0,0.996986625,1265.932101901935,0.0,0.0,0.0,0.0,634879.18,1265.932101901935,633613.2478980981,0.00199397325
2023-10,US01,Hardware,C042,Cobalt US01,Growth,2.902705,45,381936.33999999997,0.0,0.0,0.0,0.0,381936.33999999997,0.0,0.0,0.0,1.0091895625,770.8923357349024,0.0,0.0,0.0,0.0,381936.33999999997,770.8923357349024,381165.44766426506,0.0020183791249999998
2023-10,US01,Hardware,C043,Vertex US01,Core,2.0013,45,586418.79,0.0,0.0,0.0,0.0,586418.79,0.0,0.0,0.0,0.86271125,1011.8201746887752,0.0,0.0,0.0,0.0,586418.79,1011.8201746887752,585406.9698253112,0.0017254225000000003
2023-10,US01,Hardware,C044,Nova US01,Core,2.11017,45,781490.22,0.0,0.0,0.0,0.0,781490.22,0.0,0.0,0.0,0.880402625,1376.052082199655,0.0,0.0,0.0,0.0,781490.22,1376.052082199655,780114.1679178004,0.00176080525
2023-10,US01,Hardware,C045,Meridian US01,Strategic,1.0499999999999998,45,1017669.37,0.0,0.0,0.0,0.0,1017669.37,0.0,0.0,0.0,0.7081249999999999,1441.2742452624998,0.0,0.0,0.0,0.0,1017669.37,1441.2742452624998,1016228.0957547375,0.0014162499999999998
2023-10,US01,Hardware,C046,Orion US01,Core,2.182275,45,1058542.3,0.0,0.0,0.0,0.0,1058542.3,0.0,0.0,0.0,0.8921196875,1888.6928517630627,0.0,0.0,0.0,0.0,1058542.3,1888.6928517630627,1056653.607148237,0.001784239375
2023-10,US01,Hardware,C047,Atlas US01,Core,2.2454699999999996,45,1159936.06,0.0,0.0,0.0,0.0,1159936.06,0.0,0.0,0.0,0.902388875,2093.426792510665,0.0,0.0,0.0,0.0,1159936.06,2093.426792510665,1157842.6332074895,0.00180477775
2023-10,US01,Software,C034,Kestrel US01,Growth,2.9399699999999998,30,79614.15,0.0,0.0,0.0,0.0,79614.15,0.0,0.0,0.0,1.0152451249999999,161.65575533703748,0.0,0.0,0.0,0.0,79614.15,161.65575533703748,79452.49424466296,0.0020304902499999997
2023-10,US01,Software,C035,Helix US01,Core,2.18574,30,77574.99,0.0,0.0,0.0,0.0,77574.99,0.0,0.0,0.0,0.89268275,138.499710808845,0.0,0.0,0.0,0.0,77574.99,138.499710808845,77436.49028919116,0.0017853655
2023-10,US01,Software,C036,Vector US01,Growth,3.016975,30,69353.71,0.0,0.0,0.0,0.0,69353.71,0.0,0.0,0.0,1.0277584375,142.55772124885627,0.0,0.0,0.0,0.0,69353.71,142.55772124885627,69211.15227875115,0.0020555168750000003
2023-10,US01,Software,C037,Redwood US01,Core,2.305165,30,108271.84999999999,0.0,0.0,0.0,0.0,108271.84999999999,0.0,0.0,0.0,0.9120893125,197.50719445920626,0.0,0.0,0.0,0.0,108271.84999999999,197.50719445920626,108074.34280554079,0.0018241786250000002
2023-10,US01,Software,C038,Pioneer US01,Strategic,1.2493699999999999,30,230878.21,0.0,0.0,0.0,0.0,230878.21,0.0,0.0,0.0,0.740522625,341.9410762490025,0.0,0.0,0.0,0.0,230878.21,341.9410762490025,230536.268923751,0.00148104525
2023-10,US01,Software,C039,Keystone US01,Strategic,1.335245,30,153587.53,0.0,0.0,0.0,0.0,153587.53,0.0,0.0,0.0,0.7544773124999999,231.75661373582625,0.0,0.0,0.0,0.0,153587.53,231.75661373582625,153355.77338626416,0.001508954625
2023-10,US01,Software,C040,Axiom US01,Growth,2.8075,30,54763.99,0.0,0.0,0.0,0.0,54763.99,0.0,0.0,0.0,0.99371875,108.84000737562499,0.0,0.0,0.0,0.0,54763.99,108.84000737562499,54655.14999262437,0.0019874375
2023-11,DE01,Hardware,C008,Redwood DE01,Core,2.225305,45,1050272.06,0.0,0.0,0.0,0.0,1050272.06,0.0,0.0,13.674442601091377,0.8991120625,1888.6245561054475,0.0,0.0,0.0,0.0,1050272.06,1888.6245561054475,1048383.4354438946,0.001798224125
2023-11,DE01,Hardware,C009,Pioneer DE01,Strategic,1.306745,45,1734628.29,0.0,0.0,0.0,0.0,1734628.29,0.0,0.0,14.794197493458382,0.7498460625,2601.4083863152164,0.0,0.0,0.0,0.0,1734628.29,2601.4083863152164,1732026.8816136848,0.001499692125
2023-11,DE01,Hardware,C010,Keystone DE01,Growth,3.8942900000000003,45,709141.93,0.0,0.0,0.0,0.0,709141.93,0.0,0.0,13.650727295169249,1.1703221250000002,1659.848980888403,0.0,0.0,0.0,0.0,709141.93,1659.848980888403,707482.0810191117,0.0023406442500000005
2023-11,DE01,Hardware,C011,Axiom DE01,Strategic,1.0,45,2317320.47,0.0,0.0,0.0,0.0,2317320.47,0.0,0.0,11.248461806406949,0.7,3244.248658,0.0,0.0,0.0,0.0,2317320.47,3244.248658,2314076.221342,0.0013999999999999998
2023-11,DE01,Hardware,C012,Northstar DE01,Growth,2.752895,45,889219.01,0.0,0.0,0.0,0.0,889219.01,0.0,0.0,14.98152586728887,0.9848454375,1751.4865698735337,0.0,0.0,0.0,0.0,889219.01,1751.4865698735337,887467.5234301265,0.001969690875
2023-11,DE01,Hardware,C013,Kestrel DE01,Core,1.8694799999999998,45,1651063.85,0.0,0.0,0.0,0.0,1651063.85,0.0,0.0,14.772981553681282,0.8412904999999999,2778.04866379685,0.0,0.0,0.0,0.0,1651063.85,2778.04866379685,1648285.8013362032,0.001682581
2023-11,DE01,Hardware,C014,Helix DE01,Core,2.0470550000000003,45,1218833.6600000001,0.0,0.0,0.0,0.0,1218833.6600000001,0.0,0.0,13.966327201695428,0.8701464375000001,2121.127534308173,0.0,0.0,0.0,0.0,1218833.6600000001,2121.127534308173,1216712.532465692,0.0017402928750000002
2023-11,DE01,Software,C001,Meridian DE01,Growth,3.922925,30,87700.71,0.0,0.0,0.0,0.0,87700.71,0.0,0.0,10.879376005051727,1.1749753125,206.0923382774438,0.0,0.0,0.0,0.0,87700.71,206.0923382774438,87494.61766172256,0.002349950625
2023-11,DE01,Software,C002,Orion DE01,Core,1.8911449999999999,30,76025.51,0.0,0.0,0.0,0.0,76025.51,0.0,0.0,0.0,0.8448110624999999,128.45438376040875,0.0,0.0,0.0,0.0,76025.51,128.45438376040875,75897.05561623958,0.0016896221250000001
2023-11,DE01,Software,C003,Atlas DE01,Growth,2.7558400000000005,30,45710.96,0.0,0.0,0.0,0.0,45710.96,0.0,0.0,0.0,0.9853240000000001,90.08021190208001,0.0,0.0,0.0,0.0,45710.96,90.08021190208001,45620.87978809792,0.001970648
2023-11,DE01,Software,C004,Nimbus DE01,Strategic,1.0,30,79322.92999999993,0.0,0.0,0.0,0.0,79322.92999999993,0.0,0.0,0.0,0.7,111.05210199999992,0.0,0.0,0.0,0.0,79322.92999999993,111.05210199999992,79211.87789799993,0.0014000000000000002
2023-11,DE01,Software,C005,Summit DE01,Core,2.047655,30,81580.45,0.0,0.0,0.0,0.0,81580.45,0.0,0.0,0.0,0.8702439375,141.98978406204375,0.0,0.0,0.0,0.0,81580.45,141.98978406204375,81438.46021593796,0.0017404878750000002
2023-11,DE01,Software,C006,Cobalt DE01,Core,2.081205,30,85721.17,0.0,0.0,0.0,0.0,85721.17,0.0,0.0,0.0,0.8756958125000001,150.13133922320125,0.0,0.0,0.0,0.0,85721.17,150.13133922320125,85571.0386607768,0.001751391625
2023-11,DE01,Software,C007,Vertex DE01,Core,2.185245,30,63084.06,0.0,0.0,0.0,0.0,63084.06,0.0,0.0,0.0,0.8926023125,112.6179556757775,0.0,0.0,0.0,0.0,63084.06,112.6179556757775,62971.44204432422,0.001785204625
2023-11,ES01,Events,C022,Vector ES01,Strategic,1.0,30,2119429.21,0.0,0.0,0.0,0.0,2119429.21,0.0,0.0,6.367492500492621,0.7,2967.2008939999996,0.0,0.0,0.0,0.0,2119429.21,2967.2008939999996,2116462.009106,0.0013999999999999998
2023-11,ES01,Events,C023,Redwood ES01,Growth,2.795945,30,1146952.21,0.0,0.0,0.0,0.0,1146952.21,0.0,0.0,7.6090151131929025,0.9918410625,2275.188597206246,0.0,0.0,0.0,0.0,1146952.21,2275.188597206246,1144677.0214027937,0.001983682125
2023-11,ES01,Events,C024,Pioneer ES01,Strategic,1.02279,30,1497589.01,0.0,0.0,0.0,0.0,1497589.01,0.0,0.0,4.128180334336188,0.703703375,2107.716881399818,0.0,0.0,0.0,0.0,1497589.01,2107.716881399818,1495481.2931186003,0.0014074067500000002
2023-11,ES01,Events,C025,Keystone ES01,Core,2.0810400000000002,30,329175.8,0.0,0.0,0.0,0.0,329175.8,0.0,0.0,17.55652238104988,0.875669,576.4980872204,0.0,0.0,0.0,0.0,329175.8,576.4980872204,328599.30191277957,0.0017513379999999999
2023-11,ES01,Events,C026,Axiom ES01,Core,2.21812,30,447244.46,0.0,0.0,0.0,0.0,447244.46,0.0,0.0,7.333224429431724,0.8979444999999999,803.20140602494,0.0,0.0,0.0,0.0,447244.46,803.20140602494,446441.2585939751,0.0017958889999999997
2023-11,ES01,Hardware,C015,Nova ES01,Strategic,1.134235,45,1196635.96,0.0,0.0,0.0,0.0,1196635.96,0.0,0.0,13.751056252730363,0.7218131875,1727.495233129445,0.0,0.0,0.0,0.0,1196635.96,1727.495233129445,1194908.4647668705,0.0014436263750000002
2023-11,ES01,Hardware,C016,Meridian ES01,Core,2.18475,45,648499.69,0.0,0.0,0.0,0.0,648499.69,0.0,0.0,15.516915513097626,0.892521875,1157.6003185114375,0.0,0.0,0.0,0.0,648499.69,1157.6003185114375,647342.0896814885,0.0017850437500000003
2023-11,ES01,Hardware,C017,Orion ES01,Strategic,1.2359149999999999,45,1814523.2,0.0,0.0,0.0,0.0,1814523.2,0.0,0.0,13.846645443827887,0.7383361875,2679.4562832366,0.0,0.0,0.0,0.0,1814523.2,2679.4562832366,1811843.7437167633,0.001476672375
2023-11,ES01,Hardware,C018,Atlas ES01,Strategic,1.285565,45,1474175.04,0.0,0.0,0.0,0.0,1474175.04,0.0,0.0,14.666930665167143,0.7464043125,2200.66121447172,0.0,0.0,0.0,0.0,1474175.04,2200.66121447172,1471974.3787855282,0.001492808625
2023-11,ES01,Hardware,C019,Nimbus ES01,Core,2.209905,45,949077.66,0.0,0.0,0.0,0.0,949077.66,0.0,0.0,14.593644528520459,0.8966095625,1701.9042110222476,0.0,0.0,0.0,0.0,949077.66,1701.9042110222476,947375.7557889778,0.0017932191250000001
2023-11,ES01,Hardware,C020,Summit ES01,Strategic,1.0,45,1815667.95,0.0,0.0,0.0,0.0,1815667.95,0.0,0.0,11.042595811640558,0.7,2541.93513,0.0,0.0,0.0,0.0,1815667.95,2541.93513,1813126.0148699998,0.0014
2023-11,ES01,Hardware,C021,Cobalt ES01,Core,1.9086199999999998,45,765404.62,0.0,0.0,0.0,0.0,765404.62,0.0,0.0,14.346193651143627,0.8476507499999999,1297.5916003929299,0.0,0.0,0.0,0.0,765404.62,1297.5916003929299,764107.028399607,0.0016953015
2023-11,ES01,Spare Parts,C027,Cobalt ES01,Core,2.25286,45,537129.9299999999,0.0,0.0,0.0,0.0,537129.9299999999,0.0,0.0,10.516115905140493,0.9035897500000001,970.690198332435,0.0,0.0,0.0,0.0,537129.9299999999,970.690198332435,536159.2398016675,0.0018071795000000003
2023-11,ES01,Spare Parts,C028,Vertex ES01,Growth,3.0423750000000003,45,639199.9199999999,0.0,0.0,0.0,0.0,639199.9199999999,0.0,0.0,14.673405466008195,1.0318859375,1319.16281739825,0.0,0.0,0.0,0.0,639199.9199999999,1319.16281739825,637880.7571826017,0.0020637718750000002
2023-11,ES01,Spare Parts,C029,Nova ES01,Core,2.341555,45,526170.29,0.0,0.0,0.0,0.0,526170.29,0.0,0.0,14.708963328203117,0.9180026875,966.0514806053088,0.0,0.0,0.0,0.0,526170.29,966.0514806053088,525204.2385193948,0.001836005375
2023-11,ES01,Spare Parts,C030,Meridian ES01,Growth,2.7239050000000002,45,369737.15,0.0,0.0,0.0,0.0,369737.15,0.0,0.0,14.653317363429668,0.9801345625,724.7843195104938,0.0,0.0,0.0,0.0,369737.15,724.7843195104938,369012.3656804895,0.001960269125
2023-11,ES01,Spare Parts,C031,Orion ES01,Growth,2.81174,45,386832.37,0.0,0.0,0.0,0.0,386832.37,0.0,0.0,14.968264160519968,0.9944077499999999,769.338213357735,0.0,0.0,0.0,0.0,386832.37,769.338213357735,386063.03178664227,0.0019888155
2023-11,ES01,Spare Parts,C033,Nimbus ES01,Growth,2.8488800000000003,45,360515.69,0.0,0.0,0.0,0.0,360515.69,0.0,0.0,14.544256589775607,1.0004430000000002,721.3507969013401,0.0,0.0,0.0,0.0,360515.69,721.3507969013401,359794.3392030987,0.0020008860000000003
2023-11,ES01,Spare Parts,C032,Atlas ES01,Core,2.0051500000000004,45,448639.42,0.0,0.0,0.0,0.0,448639.42,0.0,0.0,0.0,0.8633368750000001,774.653909729225,0.0,0.0,0.0,0.0,448639.42,774.653909729225,447864.7660902708,0.00172667375
2023-11,JP01,Hardware,C060,Keystone JP01,Growth,2.7943000000000002,45,1112467.8599999999,0.0,0.0,0.0,0.0,1112467.8599999999,0.0,0.0,15.018239448283929,0.99157375,2206.18785538935,0.0,0.0,0.0,0.0,1112467.8599999999,2206.18785538935,1110261.6721446104,0.0019831475
2023-11,JP01,Hardware,C061,Axiom JP01,Core,1.97168,45,791309.3300000001,0.0,0.0,0.0,0.0,791309.3300000001,0.0,0.0,5.5399387240891,0.857898,1357.7253831766802,0.0,0.0,0.0,0.0,791309.3300000001,1357.7253831766802,789951.6046168234,0.0017157960000000001
2023-11,JP01,Hardware,C062,Northstar JP01,Growth,2.8876500000000003,45,1230356.69,0.0,0.0,0.0,0.0,1230356.69,0.0,0.0,15.341476462407012,1.006743125,2477.306277910513,0.0,0.0,0.0,0.0,1230356.69,2477.306277910513,1227879.3837220895,0.0020134862500000004
2023-11,JP01,Hardware,C063,Kestrel JP01,Growth,2.933765,45,765869.8500000001,0.0,0.0,0.0,0.0,765869.8500000001,0.0,0.0,13.805991187667198,1.0142368125,1553.5467909077067,0.0,0.0,0.0,0.0,765869.8500000001,1553.5467909077067,764316.3032090924,0.0020284736250000004
2023-11,JP01,Hardware,C064,Helix JP01,Growth,3.0409900000000003,45,518838.95,0.0,0.0,0.0,0.0,518838.95,0.0,0.0,14.354067480862799,1.031660875,1070.5316902821626,0.0,0.0,0.0,0.0,518838.95,1070.5316902821626,517768.41830971785,0.00206332175
2023-11,JP01,Hardware,C065,Vector JP01,Growth,3.1325000000000003,45,421978.49,0.0,0.0,0.0,0.0,421978.49,0.0,0.0,14.932487672535157,1.0465312500000001,883.2273532256252,0.0,0.0,0.0,0.0,421978.49,883.2273532256252,421095.26264677435,0.0020930625000000003
2023-11,JP01,Hardware,C066,Redwood JP01,Growth,3.086145,45,940352.65,0.0,0.0,0.0,0.0,940352.65,0.0,0.0,15.467980017921999,1.0389985625,1954.0501031861313,0.0,0.0,0.0,0.0,940352.65,1954.0501031861313,938398.5998968139,0.002077997125
2023-11,JP01,Software,C053,Atlas JP01,Core,2.188565,30,50755.63,0.0,0.0,0.0,0.0,50755.63,0.0,0.0,0.0,0.8931418125,90.66395074555875,0.0,0.0,0.0,0.0,50755.63,90.66395074555875,50664.966049254435,0.0017862836250000002
2023-11,JP01,Software,C054,Nimbus JP01,Core,2.16125,30,71542.56999999999,0.0,0.0,0.0,0.0,71542.56999999999,0.0,0.0,0.0,0.8887031249999999,127.16021105906249,0.0,0.0,0.0,0.0,71542.56999999999,127.16021105906249,71415.40978894093,0.0017774062500000001
2023-11,JP01,Software,C055,Summit JP01,Strategic,1.29925,30,20241.510000000068,0.0,0.0,0.0,0.0,20241.510000000068,0.0,0.0,0.0,0.748628125,30.306727356937603,0.0,0.0,0.0,0.0,20241.510000000068,30.306727356937603,20211.20327264313,0.00149725625
2023-11,JP01,Software,C056,Cobalt JP01,Core,2.1768300000000003,30,102574.28,0.0,0.0,0.0,0.0,102574.28,0.0,0.0,0.0,0.8912348750000001,182.83555122803003,0.0,0.0,0.0,0.0,102574.28,182.83555122803003,102391.44444877197,0.0017824697500000003
2023-11,JP01,Software,C057,Vertex JP01,Core,2.26337,30,81547.61,0.0,0.0,0.0,0.0,81547.61,0.0,0.0,0.0,0.905297625,147.6497153148525,0.0,0.0,0.0,0.0,81547.61,147.6497153148525,81399.96028468515,0.00181059525
2023-11,JP01,Software,C058,Nova JP01,Core,2.3047950000000004,30,79264.41,0.0,0.0,0.0,0.0,79264.41,0.0,0.0,0.0,0.9120291875000001,144.58291089993378,0.0,0.0,0.0,0.0,79264.41,144.58291089993378,79119.82708910007,0.0018240583750000004
2023-11,JP01,Software,C059,Meridian JP01,Growth,3.295,30,46417.49,0.0,0.0,0.0,0.0,46417.49,0.0,0.0,0.0,1.0729375,99.60613135375002,0.0,0.0,0.0,0.0,46417.49,99.60613135375002,46317.88386864625,0.002145875
2023-11,JP01,Spare Parts,C067,Orion JP01,Core,2.41448,45,515579.05,0.0,0.0,0.0,0.0,515579.05,0.0,0.0,14.31230787984888,0.929853,958.8254527593001,0.0,0.0,0.0,0.0,515579.05,958.8254527593001,514620.2245472407,0.0018597060000000002
2023-11,JP01,Spare Parts,C068,Atlas JP01,Core,2.34401,45,801847.15,0.0,0.0,0.0,0.0,801847.15,0.0,0.0,14.676552756968706,0.918401625,1472.8354511232376,0.0,0.0,0.0,0.0,801847.15,1472.8354511232376,800374.3145488768,0.00183680325
2023-11,JP01,Spare Parts,C069,Nimbus JP01,Growth,3.28588,45,529208.8400000001,0.0,0.0,0.0,0.0,529208.8400000001,0.0,0.0,14.713977000081856,1.0714555000000001,1134.0474445332404,0.0,0.0,0.0,0.0,529208.8400000001,1134.0474445332404,528074.7925554669,0.0021429110000000004
2023-11,JP01,Spare Parts,C070,Summit JP01,Core,1.9708350000000001,45,704754.6000000001,0.0,0.0,0.0,0.0,704754.6000000001,0.0,0.0,9.948448864328094,0.8577606875,1209.0215804295751,0.0,0.0,0.0,0.0,704754.6000000001,1209.0215804295751,703545.5784195705,0.001715521375
2023-11,JP01,Spare Parts,C071,Cobalt JP01,Growth,2.876375,45,589865.59,0.0,0.0,0.0,0.0,589865.59,0.0,0.0,14.814571739978934,1.0049109375,1185.5247660917812,0.0,0.0,0.0,0.0,589865.59,1185.5247660917812,588680.0652339081,0.002009821875
2023-11,JP01,Spare Parts,C073,Nova JP01,Core,2.219815,45,830335.38,0.0,0.0,0.0,0.0,830335.38,0.0,0.0,14.366784539519442,0.8982199375,1491.6475862552775,0.0,0.0,0.0,0.0,830335.38,1491.6475862552775,828843.7324137447,0.001796439875
2023-11,JP01,Spare Parts,C072,Vertex JP01,Strategic,1.1821099999999998,45,579519.01,0.0,0.0,0.0,0.0,579519.01,0.0,0.0,0.0,0.7295928749999999,845.6258812461074,0.0,0.0,0.0,0.0,579519.01,845.6258812461074,578673.384118754,0.0014591857499999998
2023-11,US01,Events,C048,Northstar US01,Growth,3.1211550000000003,30,300738.89999999997,0.0,0.0,0.0,0.0,300738.89999999997,0.0,0.0,7.933837957111634,1.0446876875000002,628.3564519645874,0.0,0.0,0.0,0.0,300738.89999999997,628.3564519645874,300110.5435480354,0.002089375375
2023-11,US01,Events,C050,Helix US01,Growth,2.8449999999999998,30,424511.06,0.0,0.0,0.0,0.0,424511.06,0.0,0.0,13.417659601142075,0.9998125,848.8629283524999,0.0,0.0,0.0,0.0,424511.06,848.8629283524999,423662.1970716475,0.0019996249999999997
2023-11,US01,Events,C051,Vector US01,Growth,2.8275900000000003,30,380653.11,0.0,0.0,0.0,0.0,380653.11,0.0,0.0,4.175372427667799,0.9969833750000001,759.0096446240925,0.0,0.0,0.0,0.0,380653.11,759.0096446240925,379894.1003553759,0.0019939667500000003
2023-11,US01,Events,C052,Redwood US01,Growth,2.88081,30,576941.09,0.0,0.0,0.0,0.0,576941.09,0.0,0.0,6.605517038143358,1.005631625,1160.3804117319426,0.0,0.0,0.0,0.0,576941.09,1160.3804117319426,575780.7095882681,0.0020112632500000004
2023-11,US01,Events,C049,Kestrel US01,Strategic,1.447995,30,181607.09,0.0,0.0,0.0,0.0,181607.09,0.0,0.0,0.0,0.7727991875,280.69162319247874,0.0,0.0,0.0,0.0,181607.09,280.69162319247874,181326.3983768075,0.001545598375
2023-11,US01,Hardware,C041,Summit US01,Growth,2.82761,45,1271324.1600000001,0.0,0.0,0.0,0.0,1271324.1600000001,0.0,0.0,14.981525561505887,0.996986625,2534.9863671187204,0.0,0.0,0.0,0.0,1271324.1600000001,2534.9863671187204,1268789.1736328814,0.00199397325
2023-11,US01,Hardware,C042,Cobalt US01,Growth,2.902705,45,764814.6399999999,0.0,0.0,0.0,0.0,764814.6399999999,0.0,0.0,14.981525719748253,1.0091895625,1543.68590387039,0.0,0.0,0.0,0.0,764814.6399999999,1543.68590387039,763270.9540961295,0.002018379125
2023-11,US01,Hardware,C043,Vertex US01,Core,2.0013,45,1222175.49,0.0,0.0,0.0,0.0,1222175.49,0.0,0.0,14.39446613350101,0.86271125,2108.769089394525,0.0,0.0,0.0,0.0,1222175.49,2108.769089394525,1220066.7209106055,0.0017254225
2023-11,US01,Hardware,C044,Nova US01,Core,2.11017,45,1544679.77,0.0,0.0,0.0,0.0,1544679.77,0.0,0.0,15.177713242143385,0.880402625,2719.8802485847923,0.0,0.0,0.0,0.0,1544679.77,2719.8802485847923,1541959.8897514152,0.00176080525
2023-11,US01,Hardware,C045,Meridian US01,Strategic,1.0499999999999998,45,1284079.1,0.0,0.0,0.0,0.0,1284079.1,0.0,0.0,4.478109876564458,0.7081249999999999,1818.577025375,0.0,0.0,0.0,0.0,1284079.1,1818.577025375,1282260.522974625,0.0014162499999999998
2023-11,US01,Hardware,C046,Orion US01,Core,2.182275,45,2119909.81,0.0,0.0,0.0,0.0,2119909.81,0.0,0.0,14.980009456157005,0.8921196875,3782.426554450769,0.0,0.0,0.0,0.0,2119909.81,3782.426554450769,2116127.3834455493,0.001784239375
2023-11,US01,Hardware,C047,Atlas US01,Core,2.2454699999999996,45,2341748.19,0.0,0.0,0.0,0.0,2341748.19,0.0,0.0,14.85987346914529,0.902388875,4226.335029414772,0.0,0.0,0.0,0.0,2341748.19,4226.335029414772,2337521.854970585,0.0018047777499999999
2023-11,US01,Software,C034,Kestrel US01,Growth,2.9399699999999998,30,82169.16,0.0,0.0,0.0,0.0,82169.16,0.0,0.0,0.0,1.0152451249999999,166.84367823069,0.0,0.0,0.0,0.0,82169.16,166.84367823069,82002.3163217693,0.0020304902499999997
2023-11,US01,Software,C035,Helix US01,Core,2.18574,30,78702.63,0.0,0.0,0.0,0.0,78702.63,0.0,0.0,0.0,0.89268275,140.512960361265,0.0,0.0,0.0,0.0,78702.63,140.512960361265,78562.11703963875,0.0017853654999999996
2023-11,US01,Software,C036,Vector US01,Growth,3.016975,30,69883.74,0.0,0.0,0.0,0.0,69883.74,0.0,0.0,0.0,1.0277584375,143.6472068581125,0.0,0.0,0.0,0.0,69883.74,143.6472068581125,69740.0927931419,0.002055516875
2023-11,US01,Software,C037,Redwood US01,Core,2.305165,30,100510.53,0.0,0.0,0.0,0.0,100510.53,0.0,0.0,0.0,0.9120893125,183.34916041342126,0.0,0.0,0.0,0.0,100510.53,183.34916041342126,100327.18083958658,0.0018241786250000002
2023-11,US01,Software,C038,Pioneer US01,Strategic,1.2493699999999999,30,94178.12000000011,0.0,0.0,0.0,0.0,94178.12000000011,0.0,0.0,0.0,0.740522625,139.4820572799302,0.0,0.0,0.0,0.0,94178.12000000011,139.4820572799302,94038.63794272018,0.0014810452500000001
2023-11,US01,Software,C039,Keystone US01,Strategic,1.335245,30,156797.04,0.0,0.0,0.0,0.0,156797.04,0.0,0.0,0.0,0.7544773124999999,236.59961869431,0.0,0.0,0.0,0.0,156797.04,236.59961869431,156560.4403813057,0.001508954625
2023-11,US01,Software,C040,Axiom US01,Growth,2.8075,30,58298.83,0.0,0.0,0.0,0.0,58298.83,0.0,0.0,0.0,0.99371875,115.865280948125,0.0,0.0,0.0,0.0,58298.83,115.865280948125,58182.96471905187,0.0019874375
2023-12,DE01,Hardware,C010,Keystone DE01,Growth,3.8942900000000003,45,774196.27,322676.77,0.0,0.0,0.0,1096873.04,322676.77,0.294178777518317,28.22073282063711,1.1703221250000002,1812.118047746948,3776.357631545364,0.0,0.0,0.0,1096873.04,5588.475679292312,1091284.5643207077,0.005094915706281113
2023-12,DE01,Hardware,C008,Redwood DE01,Core,2.225305,45,1142098.19,0.0,0.0,0.0,0.0,1142098.19,0.0,0.0,15.012962064146164,0.8991120625,2053.7485183768335,0.0,0.0,0.0,0.0,1142098.19,2053.7485183768335,1140044.441481623,0.001798224125
2023-12,DE01,Hardware,C009,Pioneer DE01,Strategic,1.306745,45,1834077.3199999998,0.0,0.0,0.0,0.0,1834077.3199999998,0.0,0.0,14.381299475422335,0.7498460625,2750.551313445105,0.0,0.0,0.0,0.0,1834077.3199999998,2750.551313445105,1831326.7686865546,0.001499692125
2023-12,DE01,Hardware,C011,Axiom DE01,Strategic,1.0,45,1853697.7400000005,0.0,0.0,0.0,0.0,1853697.7400000005,0.0,0.0,5.805090424288921,0.7,2595.1768360000005,0.0,0.0,0.0,0.0,1853697.7400000005,2595.1768360000005,1851102.5631640004,0.0014
2023-12,DE01,Hardware,C012,Northstar DE01,Growth,2.752895,45,891772.4,0.0,0.0,0.0,0.0,891772.4,0.0,0.0,14.975472104765746,0.9848454375,1756.5159588568501,0.0,0.0,0.0,0.0,891772.4,1756.5159588568501,890015.8840411431,0.001969690875
2023-12,DE01,Hardware,C013,Kestrel DE01,Core,1.8694799999999998,45,1673540.51,0.0,0.0,0.0,0.0,1673540.51,0.0,0.0,15.022510390262378,0.8412904999999999,2815.8674648563097,0.0,0.0,0.0,0.0,1673540.51,2815.8674648563097,1670724.6425351438,0.0016825809999999998
2023-12,DE01,Hardware,C014,Helix DE01,Core,2.0470550000000003,45,1304959.2000000002,0.0,0.0,0.0,0.0,1304959.2000000002,0.0,0.0,14.97547210671414,0.8701464375000001,2271.011197925701,0.0,0.0,0.0,0.0,1304959.2000000002,2271.011197925701,1302688.1888020744,0.0017402928750000005
2023-12,DE01,Software,C001,Meridian DE01,Growth,3.922925,30,110861.86,0.0,0.0,0.0,0.0,110861.86,0.0,0.0,15.12596216588825,1.1749753125,260.5198971956625,0.0,0.0,0.0,0.0,110861.86,260.5198971956625,110601.34010280434,0.002349950625
2023-12,DE01,Software,C002,Orion DE01,Core,1.8911449999999999,30,75507.77,0.0,0.0,0.0,0.0,75507.77,0.0,0.0,0.0,0.8448110624999999,127.57959880141125,0.0,0.0,0.0,0.0,75507.77,127.57959880141125,75380.19040119859,0.001689622125
2023-12,DE01,Software,C003,Atlas DE01,Growth,2.7558400000000005,30,43521.05,0.0,0.0,0.0,0.0,43521.05,0.0,0.0,0.0,0.9853240000000001,85.76467014040001,0.0,0.0,0.0,0.0,43521.05,85.76467014040001,43435.2853298596,0.001970648
2023-12,DE01,Software,C004,Nimbus DE01,Strategic,1.0,30,40865.55999999988,0.0,0.0,0.0,0.0,40865.55999999988,0.0,0.0,0.0,0.7,57.21178399999983,0.0,0.0,0.0,0.0,40865.55999999988,57.21178399999983,40808.34821599988,0.0014
2023-12,DE01,Software,C005,Summit DE01,Core,2.047655,30,79079.02,0.0,0.0,0.0,0.0,79079.02,0.0,0.0,0.0,0.8702439375,137.6360754768825,0.0,0.0,0.0,0.0,79079.02,137.6360754768825,78941.38392452312,0.001740487875
2023-12,DE01,Software,C006,Cobalt DE01,Core,2.081205,30,89302.37,0.0,0.0,0.0,0.0,89302.37,0.0,0.0,0.0,0.8756958125000001,156.40342291065124,0.0,0.0,0.0,0.0,89302.37,156.40342291065124,89145.96657708935,0.001751391625
2023-12,DE01,Software,C007,Vertex DE01,Core,2.185245,30,65189.13,0.0,0.0,0.0,0.0,65189.13,0.0,0.0,0.0,0.8926023125,116.37593637572625,0.0,0.0,0.0,0.0,65189.13,116.37593637572625,65072.75406362427,0.0017852046250000002
2023-12,ES01,Events,C023,Redwood ES01,Growth,2.795945,30,1851138.8800000001,0.0,0.0,0.0,0.0,1851138.8800000001,0.0,0.0,13.873291667883935,0.9918410625,3672.0711071485207,0.0,0.0,0.0,0.0,1851138.8800000001,3672.0711071485207,1847466.8088928517,0.0019836821250000004
2023-12,ES01,Events,C026,Axiom ES01,Core,2.21812,30,289884.6599999993,0.0,0.0,0.0,0.0,289884.6599999993,0.0,0.0,11.537543587163208,0.8979444999999999,520.6006721627386,0.0,0.0,0.0,0.0,289884.6599999993,520.6006721627386,289364.05932783656,0.0017958889999999997
2023-12,ES01,Events,C022,Vector ES01,Strategic,1.0,30,967465.6,0.0,0.0,0.0,0.0,967465.6,0.0,0.0,0.0,0.7,1354.45184,0.0,0.0,0.0,0.0,967465.6,1354.45184,966111.14816,0.0014
2023-12,ES01,Events,C024,Pioneer ES01,Strategic,1.02279,30,1219654.53,0.0,0.0,0.0,0.0,1219654.53,0.0,0.0,0.0,0.703703375,1716.5500181900775,0.0,0.0,0.0,0.0,1219654.53,1716.5500181900775,1217937.9799818099,0.00140740675
2023-12,ES01,Events,C025,Keystone ES01,Core,2.0810400000000002,30,554604.3,0.0,0.0,0.0,0.0,554604.3,0.0,0.0,0.0,0.875669,971.2995855534002,0.0,0.0,0.0,0.0,554604.3,971.2995855534002,553633.0004144467,0.0017513380000000003
2023-12,ES01,Hardware,C015,Nova ES01,Strategic,1.134235,45,1332299.33,0.0,0.0,0.0,0.0,1332299.33,0.0,0.0,14.594370771018854,0.7218131875,1923.3424521828288,0.0,0.0,0.0,0.0,1332299.33,1923.3424521828288,1330375.9875478172,0.001443626375
2023-12,ES01,Hardware,C016,Meridian ES01,Core,2.18475,45,678326.8,0.0,0.0,0.0,0.0,678326.8,0.0,0.0,13.846240189831802,0.892521875,1210.8430147975,0.0,0.0,0.0,0.0,678326.8,1210.8430147975,677115.9569852025,0.0017850437499999999
2023-12,ES01,Hardware,C017,Orion ES01,Strategic,1.2359149999999999,45,2049350.26,0.0,0.0,0.0,0.0,2049350.26,0.0,0.0,14.302404607009441,0.7383361875,3026.2189156410677,0.0,0.0,0.0,0.0,2049350.26,3026.2189156410677,2046324.041084359,0.001476672375
2023-12,ES01,Hardware,C018,Atlas ES01,Strategic,1.285565,45,1492711.07,0.0,0.0,0.0,0.0,1492711.07,0.0,0.0,15.14266796453784,0.7464043125,2228.331959928979,0.0,0.0,0.0,0.0,1492711.07,2228.331959928979,1490482.738040071,0.001492808625
2023-12,ES01,Hardware,C019,Nimbus ES01,Core,2.209905,45,1012415.9400000001,0.0,0.0,0.0,0.0,1012415.9400000001,0.0,0.0,14.442510456719992,0.8966095625,1815.4836260628526,0.0,0.0,0.0,0.0,1012415.9400000001,1815.4836260628526,1010600.4563739372,0.0017932191250000001
2023-12,ES01,Hardware,C020,Summit ES01,Strategic,1.0,45,1795921.0100000002,0.0,0.0,0.0,0.0,1795921.0100000002,0.0,0.0,10.03678357769199,0.7,2514.2894140000003,0.0,0.0,0.0,0.0,1795921.0100000002,2514.2894140000003,1793406.7205860002,0.0014
2023-12,ES01,Hardware,C021,Cobalt ES01,Core,1.9086199999999998,45,833450.62,0.0,0.0,0.0,0.0,833450.62,0.0,0.0,14.375771536410879,0.8476507499999999,1412.9500862619298,0.0,0.0,0.0,0.0,833450.62,1412.9500862619298,832037.669913738,0.0016953014999999997
2023-12,ES01,Spare Parts,C027,Cobalt ES01,Core,2.25286,45,587285.5899999996,0.0,0.0,0.0,0.0,587285.5899999996,0.0,0.0,11.079144134968457,0.9035897500000001,1061.3304788934045,0.0,0.0,0.0,0.0,587285.5899999996,1061.3304788934045,586224.2595211063,0.0018071795000000003
2023-12,ES01,Spare Parts,C028,Vertex ES01,Growth,3.0423750000000003,45,674273.22,0.0,0.0,0.0,0.0,674273.22,0.0,0.0,14.529359478343215,1.0318859375,1391.5461075016876,0.0,0.0,0.0,0.0,674273.22,1391.5461075016876,672881.6738924982,0.0020637718750000002
2023-12,ES01,Spare Parts,C029,Nova ES01,Core,2.341555,45,546188.22,0.0,0.0,0.0,0.0,546188.22,0.0,0.0,14.73061648967823,0.9180026875,1002.8045076816825,0.0,0.0,0.0,0.0,546188.22,1002.8045076816825,545185.4154923183,0.0018360053750000002
2023-12,ES01,Spare Parts,C030,Meridian ES01,Growth,2.7239050000000002,45,383997.26,0.0,0.0,0.0,0.0,383997.26,0.0,0.0,14.776768719651802,0.9801345625,752.7379728625975,0.0,0.0,0.0,0.0,383997.26,752.7379728625975,383244.5220271374,0.001960269125
2023-12,ES01,Spare Parts,C031,Orion ES01,Growth,2.81174,45,397672.88,0.0,0.0,0.0,0.0,397672.88,0.0,0.0,14.621972712848812,0.9944077499999999,790.8979876736399,0.0,0.0,0.0,0.0,397672.88,790.8979876736399,396881.98201232636,0.0019888155
2023-12,ES01,Spare Parts,C033,Nimbus ES01,Growth,2.8488800000000003,45,379253.67000000004,0.0,0.0,0.0,0.0,379253.67000000004,0.0,0.0,14.692113592467013,1.0004430000000002,758.8433587516203,0.0,0.0,0.0,0.0,379253.67000000004,758.8433587516203,378494.8266412484,0.0020008860000000003
2023-12,ES01,Spare Parts,C032,Atlas ES01,Core,2.0051500000000004,45,482171.46,0.0,0.0,0.0,0.0,482171.46,0.0,0.0,0.0,0.8633368750000001,832.5528029811752,0.0,0.0,0.0,0.0,482171.46,832.5528029811752,481338.90719701885,0.0017266737500000004
2023-12,JP01,Hardware,C060,Keystone JP01,Growth,2.7943000000000002,45,1143568.54,0.0,0.0,0.0,0.0,1143568.54,0.0,0.0,14.574314102764664,0.99157375,2267.86509117965,0.0,0.0,0.0,0.0,1143568.54,2267.86509117965,1141300.6749088203,0.0019831475
2023-12,JP01,Hardware,C061,Axiom JP01,Core,1.97168,45,1109963.1799999997,0.0,0.0,0.0,0.0,1109963.1799999997,0.0,0.0,10.622415601209399,0.857898,1904.4703843912796,0.0,0.0,0.0,0.0,1109963.1799999997,1904.4703843912796,1108058.7096156084,0.0017157960000000001
2023-12,JP01,Hardware,C062,Northstar JP01,Growth,2.8876500000000003,45,1201409.1400000001,0.0,0.0,0.0,0.0,1201409.1400000001,0.0,0.0,15.011715742398962,1.006743125,2419.0207840143257,0.0,0.0,0.0,0.0,1201409.1400000001,2419.0207840143257,1198990.1192159858,0.0020134862500000004
2023-12,JP01,Hardware,C063,Kestrel JP01,Growth,2.933765,45,856889.46,0.0,0.0,0.0,0.0,856889.46,0.0,0.0,14.473865858963888,1.0142368125,1738.1776691504926,0.0,0.0,0.0,0.0,856889.46,1738.1776691504926,855151.2823308494,0.0020284736250000004
2023-12,JP01,Hardware,C064,Helix JP01,Growth,3.0409900000000003,45,620377.54,0.0,0.0,0.0,0.0,620377.54,0.0,0.0,13.08512748543411,1.031660875,1280.038471493495,0.0,0.0,0.0,0.0,620377.54,1280.038471493495,619097.5015285065,0.00206332175
2023-12,JP01,Hardware,C065,Vector JP01,Growth,3.1325000000000003,45,507294.66,0.0,0.0,0.0,0.0,507294.66,0.0,0.0,12.533477289116348,1.0465312500000001,1061.79942929625,0.0,0.0,0.0,0.0,507294.66,1061.79942929625,506232.86057070375,0.0020930625000000003
2023-12,JP01,Hardware,C066,Redwood JP01,Growth,3.086145,45,943140.54,0.0,0.0,0.0,0.0,943140.54,0.0,0.0,14.489063846200482,1.0389985625,1959.8433305909477,0.0,0.0,0.0,0.0,943140.54,1959.8433305909477,941180.696669409,0.002077997125
2023-12,JP01,Software,C053,Atlas JP01,Core,2.188565,30,47070.45,0.0,0.0,0.0,0.0,47070.45,0.0,0.0,0.0,0.8931418125,84.08117405638126,0.0,0.0,0.0,0.0,47070.45,84.08117405638126,46986.36882594362,0.0017862836250000004
2023-12,JP01,Software,C054,Nimbus JP01,Core,2.16125,30,73302.64,0.0,0.0,0.0,0.0,73302.64,0.0,0.0,0.0,0.8887031249999999,130.28857047749997,0.0,0.0,0.0,0.0,73302.64,130.28857047749997,73172.3514295225,0.0017774062499999997
2023-12,JP01,Software,C055,Summit JP01,Strategic,1.29925,30,5459.6300000001065,0.0,0.0,0.0,0.0,5459.6300000001065,0.0,0.0,0.0,0.748628125,8.174465140187658,0.0,0.0,0.0,0.0,5459.6300000001065,8.174465140187658,5451.455534859919,0.0014972562499999998
2023-12,JP01,Software,C056,Cobalt JP01,Core,2.1768300000000003,30,104047.38,0.0,0.0,0.0,0.0,104047.38,0.0,0.0,0.0,0.8912348750000001,185.46130741675503,0.0,0.0,0.0,0.0,104047.38,185.46130741675503,103861.91869258325,0.0017824697500000003
2023-12,JP01,Software,C057,Vertex JP01,Core,2.26337,30,76354.23,0.0,0.0,0.0,0.0,76354.23,0.0,0.0,0.0,0.905297625,138.2466061554075,0.0,0.0,0.0,0.0,76354.23,138.2466061554075,76215.9833938446,0.0018105952500000002
2023-12,JP01,Software,C058,Nova JP01,Core,2.3047950000000004,30,76051.36,0.0,0.0,0.0,0.0,76051.36,0.0,0.0,0.0,0.9120291875000001,138.72212013814,0.0,0.0,0.0,0.0,76051.36,138.72212013814,75912.63787986185,0.0018240583750000002
2023-12,JP01,Software,C059,Meridian JP01,Growth,3.295,30,46758.42,0.0,0.0,0.0,0.0,46758.42,0.0,0.0,0.0,1.0729375,100.3377245175,0.0,0.0,0.0,0.0,46758.42,100.3377245175,46658.0822754825,0.002145875
2023-12,JP01,Spare Parts,C067,Orion JP01,Core,2.41448,45,557103.35,0.0,0.0,0.0,0.0,557103.35,0.0,0.0,14.518393041434772,0.929853,1036.0484426151,0.0,0.0,0.0,0.0,557103.35,1036.0484426151,556067.3015573849,0.001859706
2023-12,JP01,Spare Parts,C068,Atlas JP01,Core,2.34401,45,842859.4199999999,0.0,0.0,0.0,0.0,842859.4199999999,0.0,0.0,14.577831377858956,0.918401625,1548.1669219491148,0.0,0.0,0.0,0.0,842859.4199999999,1548.1669219491148,841311.2530780508,0.00183680325
2023-12,JP01,Spare Parts,C069,Nimbus JP01,Growth,3.28588,45,557800.5800000001,0.0,0.0,0.0,0.0,557800.5800000001,0.0,0.0,14.502492091349204,1.0714555000000001,1195.3169986883804,0.0,0.0,0.0,0.0,557800.5800000001,1195.3169986883804,556605.2630013117,0.0021429110000000004
2023-12,JP01,Spare Parts,C070,Summit JP01,Core,1.9708350000000001,45,731076.3799999999,0.0,0.0,0.0,0.0,731076.3799999999,0.0,0.0,9.620827853855706,0.8577606875,1254.1771566476223,0.0,0.0,0.0,0.0,731076.3799999999,1254.1771566476223,729822.2028433522,0.001715521375
2023-12,JP01,Spare Parts,C071,Cobalt JP01,Growth,2.876375,45,618986.86,0.0,0.0,0.0,0.0,618986.86,0.0,0.0,14.471004441031267,1.0049109375,1244.0533315655625,0.0,0.0,0.0,0.0,618986.86,1244.0533315655625,617742.8066684344,0.002009821875
2023-12,JP01,Spare Parts,C073,Nova JP01,Core,2.219815,45,882284.1599999999,0.0,0.0,0.0,0.0,882284.1599999999,0.0,0.0,14.712733707017929,0.8982199375,1584.9704461048798,0.0,0.0,0.0,0.0,882284.1599999999,1584.9704461048798,880699.189553895,0.001796439875
2023-12,JP01,Spare Parts,C072,Vertex JP01,Strategic,1.1821099999999998,45,596267.57,0.0,0.0,0.0,0.0,596267.57,0.0,0.0,0.0,0.7295928749999999,870.0651413311274,0.0,0.0,0.0,0.0,596267.57,870.0651413311274,595397.5048586688,0.00145918575
2023-12,US01,Events,C048,Northstar US01,Growth,3.1211550000000003,30,367408.8,0.0,0.0,0.0,0.0,367408.8,0.0,0.0,18.06204233540405,1.0446876875000002,767.6548992783001,0.0,0.0,0.0,0.0,367408.8,767.6548992783001,366641.1451007217,0.0020893753750000003
2023-12,US01,Events,C052,Redwood US01,Growth,2.88081,30,443616.8700000001,0.0,0.0,0.0,0.0,443616.8700000001,0.0,0.0,18.651260489710413,1.005631625,892.2303077110276,0.0,0.0,0.0,0.0,443616.8700000001,892.2303077110276,442724.63969228906,0.00201126325
2023-12,US01,Events,C049,Kestrel US01,Strategic,1.447995,30,412611.94999999995,0.0,0.0,0.0,0.0,412611.94999999995,0.0,0.0,0.0,0.7727991875,637.7323594255812,0.0,0.0,0.0,0.0,412611.94999999995,637.7323594255812,411974.2176405744,0.001545598375
2023-12,US01,Events,C050,Helix US01,Growth,2.8449999999999998,30,515608.71,0.0,0.0,0.0,0.0,515608.71,0.0,0.0,0.0,0.9998125,1031.0240667337503,0.0,0.0,0.0,0.0,515608.71,1031.0240667337503,514577.68593326624,0.0019996250000000005
2023-12,US01,Events,C051,Vector US01,Growth,2.8275900000000003,30,354019.48,0.0,0.0,0.0,0.0,354019.48,0.0,0.0,0.0,0.9969833750000001,705.90307197229,0.0,0.0,0.0,0.0,354019.48,705.90307197229,353313.5769280277,0.0019939667500000003
2023-12,US01,Hardware,C041,Summit US01,Growth,2.82761,45,1274974.74,0.0,0.0,0.0,0.0,1274974.74,0.0,0.0,14.975472690541304,0.996986625,2542.265525985705,0.0,0.0,0.0,0.0,1274974.74,2542.265525985705,1272432.4744740142,0.0019939732500000003
2023-12,US01,Hardware,C042,Cobalt US01,Growth,2.902705,45,792480.3999999999,0.0,0.0,0.0,0.0,792480.3999999999,0.0,0.0,14.494174240776177,1.0091895625,1599.5258963316498,0.0,0.0,0.0,0.0,792480.3999999999,1599.5258963316498,790880.8741036683,0.002018379125
2023-12,US01,Hardware,C043,Vertex US01,Core,2.0013,45,1325480.16,0.0,0.0,0.0,0.0,1325480.16,0.0,0.0,14.38927686401583,0.86271125,2287.0132913676,0.0,0.0,0.0,0.0,1325480.16,2287.0132913676,1323193.1467086324,0.0017254224999999998
2023-12,US01,Hardware,C044,Nova US01,Core,2.11017,45,1629519.8599999999,0.0,0.0,0.0,0.0,1629519.8599999999,0.0,0.0,14.050572234204008,0.880402625,2869.2671244672647,0.0,0.0,0.0,0.0,1629519.8599999999,2869.2671244672647,1626650.5928755326,0.00176080525
2023-12,US01,Hardware,C045,Meridian US01,Strategic,1.0499999999999998,45,1510312.5699999994,0.0,0.0,0.0,0.0,1510312.5699999994,0.0,0.0,8.295950155536339,0.7081249999999999,2138.9801772624987,0.0,0.0,0.0,0.0,1510312.5699999994,2138.9801772624987,1508173.5898227368,0.0014162499999999998
2023-12,US01,Hardware,C046,Orion US01,Core,2.182275,45,2224725.45,0.0,0.0,0.0,0.0,2224725.45,0.0,0.0,14.31233921471074,0.8921196875,3969.4427464545947,0.0,0.0,0.0,0.0,2224725.45,3969.4427464545947,2220756.007253546,0.0017842393750000002
2023-12,US01,Hardware,C047,Atlas US01,Core,2.2454699999999996,45,2416523.36,0.0,0.0,0.0,0.0,2416523.36,0.0,0.0,14.671641287175474,0.902388875,4361.287592483241,0.0,0.0,0.0,0.0,2416523.36,4361.287592483241,2412162.0724075167,0.0018047777500000003
2023-12,US01,Software,C034,Kestrel US01,Growth,2.9399699999999998,30,80065.67,0.0,0.0,0.0,0.0,80065.67,0.0,0.0,0.0,1.0152451249999999,162.57256229471747,0.0,0.0,0.0,0.0,80065.67,162.57256229471747,79903.09743770528,0.0020304902499999997
2023-12,US01,Software,C035,Helix US01,Core,2.18574,30,81941.9,0.0,0.0,0.0,0.0,81941.9,0.0,0.0,0.0,0.89268275,146.29624126444998,0.0,0.0,0.0,0.0,81941.9,146.29624126444998,81795.60375873554,0.0017853654999999999
2023-12,US01,Software,C036,Vector US01,Growth,3.016975,30,68252.44,0.0,0.0,0.0,0.0,68252.44,0.0,0.0,0.0,1.0277584375,140.29404217992501,0.0,0.0,0.0,0.0,68252.44,140.29404217992501,68112.14595782007,0.0020555168750000003
2023-12,US01,Software,C037,Redwood US01,Core,2.305165,30,105517.70999999999,0.0,0.0,0.0,0.0,105517.70999999999,0.0,0.0,0.0,0.9120893125,192.48315114094873,0.0,0.0,0.0,0.0,105517.70999999999,192.48315114094873,105325.22684885905,0.001824178625
2023-12,US01,Software,C038,Pioneer US01,Strategic,1.2493699999999999,30,102962.09000000019,0.0,0.0,0.0,0.0,102962.09000000019,0.0,0.0,0.0,0.740522625,152.4915143245728,0.0,0.0,0.0,0.0,102962.09000000019,152.4915143245728,102809.59848567561,0.0014810452500000001
2023-12,US01,Software,C039,Keystone US01,Strategic,1.335245,30,166006.29,0.0,0.0,0.0,0.0,166006.29,0.0,0.0,0.0,0.7544773124999999,250.49595907459124,0.0,0.0,0.0,0.0,166006.29,250.49595907459124,165755.79404092542,0.001508954625
2023-12,US01,Software,C040,Axiom US01,Growth,2.8075,30,58657.63,0.0,0.0,0.0,0.0,58657.63,0.0,0.0,0.0,0.99371875,116.578373523125,0.0,0.0,0.0,0.0,58657.63,116.578373523125,58541.051626476874,0.0019874375
2024-01,DE01,Hardware,C010,Keystone DE01,Growth,3.8942900000000003,45,633317.09,329424.81000000064,0.0,0.0,0.0,962741.9000000006,329424.81000000064,0.34217354620173945,32.61250175150787,1.1703221250000002,1482.3700051352328,3855.331436669221,0.0,0.0,0.0,962741.9000000006,5337.701441804454,957404.1985581962,0.005544270423676845
2024-01,DE01,Hardware,C008,Redwood DE01,Core,2.225305,45,888095.72,0.0,0.0,0.0,0.0,888095.72,0.0,0.0,19.27345050148423,0.8991120625,1596.995149013245,0.0,0.0,0.0,0.0,888095.72,1596.995149013245,886498.7248509867,0.0017982241250000001
2024-01,DE01,Hardware,C012,Northstar DE01,Growth,2.752895,45,817068.46,0.0,0.0,0.0,0.0,817068.46,0.0,0.0,16.398208908957276,0.9848454375,1609.3722899123024,0.0,0.0,0.0,0.0,817068.46,1609.3722899123024,815459.0877100877,0.001969690875
2024-01,DE01,Hardware,C013,Kestrel DE01,Core,1.8694799999999998,45,1407219.98,0.0,0.0,0.0,0.0,1407219.98,0.0,0.0,17.812023675218143,0.8412904999999999,2367.76160116838,0.0,0.0,0.0,0.0,1407219.98,2367.76160116838,1404852.2183988316,0.001682581
2024-01,DE01,Hardware,C014,Helix DE01,Core,2.0470550000000003,45,1120143.4100000001,0.0,0.0,0.0,0.0,1120143.4100000001,0.0,0.0,17.503469399511978,0.8701464375000001,1949.3775954012042,0.0,0.0,0.0,0.0,1120143.4100000001,1949.3775954012042,1118194.032404599,0.0017402928750000002
2024-01,DE01,Hardware,C009,Pioneer DE01,Strategic,1.306745,45,689858.89,0.0,0.0,0.0,0.0,689858.89,0.0,0.0,0.0,0.7498460625,1034.5759446942411,0.0,0.0,0.0,0.0,689858.89,1034.5759446942411,688824.3140553058,0.0014996921249999997
2024-01,DE01,Hardware,C011,Axiom DE01,Strategic,1.0,45,1206325.04,0.0,0.0,0.0,0.0,1206325.04,0.0,0.0,0.0,0.7,1688.855056,0.0,0.0,0.0,0.0,1206325.04,1688.855056,1204636.184944,0.0014
2024-01,DE01,Software,C001,Meridian DE01,Growth,3.922925,30,109821.48,0.0,0.0,0.0,0.0,109821.48,0.0,0.0,15.014945163732998,1.1749753125,258.075055564425,0.0,0.0,0.0,0.0,109821.48,258.075055564425,109563.40494443558,0.002349950625
2024-01,DE01,Software,C002,Orion DE01,Core,1.8911449999999999,30,75600.05,0.0,0.0,0.0,0.0,75600.05,0.0,0.0,0.0,0.8448110624999999,127.73551713110626,0.0,0.0,0.0,0.0,75600.05,127.73551713110626,75472.3144828689,0.0016896221250000001
2024-01,DE01,Software,C003,Atlas DE01,Growth,2.7558400000000005,30,44019.3,0.0,0.0,0.0,0.0,44019.3,0.0,0.0,0.0,0.9853240000000001,86.74654550640001,0.0,0.0,0.0,0.0,44019.3,86.74654550640001,43932.5534544936,0.001970648
2024-01,DE01,Software,C004,Nimbus DE01,Strategic,1.0,30,52595.6699999999,0.0,0.0,0.0,0.0,52595.6699999999,0.0,0.0,0.0,0.7,73.63393799999986,0.0,0.0,0.0,0.0,52595.6699999999,73.63393799999986,52522.0360619999,0.0014
2024-01,DE01,Software,C005,Summit DE01,Core,2.047655,30,80571.81,0.0,0.0,0.0,0.0,80571.81,0.0,0.0,0.0,0.8702439375,140.23425837180375,0.0,0.0,0.0,0.0,80571.81,140.23425837180375,80431.5757416282,0.001740487875
2024-01,DE01,Software,C006,Cobalt DE01,Core,2.081205,30,82255.88,0.0,0.0,0.0,0.0,82255.88,0.0,0.0,0.0,0.8756958125000001,144.062259339005,0.0,0.0,0.0,0.0,82255.88,144.062259339005,82111.817740661,0.001751391625
2024-01,DE01,Software,C007,Vertex DE01,Core,2.185245,30,66896.49,0.0,0.0,0.0,0.0,66896.49,0.0,0.0,0.0,0.8926023125,119.42392334426624,0.0,0.0,0.0,0.0,66896.49,119.42392334426624,66777.06607665574,0.0017852046249999998
2024-01,ES01,Events,C023,Redwood ES01,Growth,2.795945,30,765312.0699999998,0.0,0.0,0.0,0.0,765312.0699999998,0.0,0.0,14.12760039182447,0.9918410625,1518.1358733057484,0.0,0.0,0.0,0.0,765312.0699999998,1518.1358733057484,763793.9341266941,0.001983682125
2024-01,ES01,Events,C022,Vector ES01,Strategic,1.0,30,962178.6,0.0,0.0,0.0,0.0,962178.6,0.0,0.0,0.0,0.7,1347.0500399999999,0.0,0.0,0.0,0.0,962178.6,1347.0500399999999,960831.54996,0.0014
2024-01,ES01,Events,C024,Pioneer ES01,Strategic,1.02279,30,743829.09,0.0,0.0,0.0,0.0,743829.09,0.0,0.0,0.0,0.703703375,1046.8700821123575,0.0,0.0,0.0,0.0,743829.09,1046.8700821123575,742782.2199178876,0.0014074067500000002
2024-01,ES01,Events,C025,Keystone ES01,Core,2.0810400000000002,30,425375.06,0.0,0.0,0.0,0.0,425375.06,0.0,0.0,0.0,0.875669,744.9755068302801,0.0,0.0,0.0,0.0,425375.06,744.9755068302801,424630.08449316974,0.0017513380000000003
2024-01,ES01,Events,C026,Axiom ES01,Core,2.21812,30,249147.91,0.0,0.0,0.0,0.0,249147.91,0.0,0.0,0.0,0.8979444999999999,447.44199094198996,0.0,0.0,0.0,0.0,249147.91,447.44199094198996,248700.468009058,0.0017958889999999997
2024-01,ES01,Hardware,C016,Meridian ES01,Core,2.18475,45,581670.63,0.0,0.0,0.0,0.0,581670.63,0.0,0.0,18.838029006209233,0.892521875,1038.3075226400624,0.0,0.0,0.0,0.0,581670.63,1038.3075226400624,580632.3224773599,0.0017850437499999999
2024-01,ES01,Hardware,C017,Orion ES01,Strategic,1.2359149999999999,45,1565552.4600000002,0.0,0.0,0.0,0.0,1565552.4600000002,0.0,0.0,16.360386863050252,0.7383361875,2311.808069295293,0.0,0.0,0.0,0.0,1565552.4600000002,2311.808069295293,1563240.651930705,0.0014766723750000003
2024-01,ES01,Hardware,C018,Atlas ES01,Strategic,1.285565,45,1288249.51,0.0,0.0,0.0,0.0,1288249.51,0.0,0.0,17.21537934060615,0.7464043125,1923.1099796800238,0.0,0.0,0.0,0.0,1288249.51,1923.1099796800238,1286326.40002032,0.001492808625
2024-01,ES01,Hardware,C019,Nimbus ES01,Core,2.209905,45,954454.72,0.0,0.0,0.0,0.0,954454.72,0.0,0.0,16.50224999673112,0.8966095625,1711.54645785052,0.0,0.0,0.0,0.0,954454.72,1711.54645785052,952743.1735421495,0.0017932191250000001
2024-01,ES01,Hardware,C021,Cobalt ES01,Core,1.9086199999999998,45,720076.05,0.0,0.0,0.0,0.0,720076.05,0.0,0.0,18.084232769580378,0.8476507499999999,1220.7460076790749,0.0,0.0,0.0,0.0,720076.05,1220.7460076790749,718855.303992321,0.0016953014999999997
2024-01,ES01,Hardware,C015,Nova ES01,Strategic,1.134235,45,442904.01,0.0,0.0,0.0,0.0,442904.01,0.0,0.0,0.0,0.7218131875,639.3879104292638,0.0,0.0,0.0,0.0,442904.01,639.3879104292638,442264.62208957074,0.0014436263750000002
2024-01,ES01,Hardware,C020,Summit ES01,Strategic,1.0,45,865295.58,0.0,0.0,0.0,0.0,865295.58,0.0,0.0,0.0,0.7,1211.4138119999998,0.0,0.0,0.0,0.0,865295.58,1211.4138119999998,864084.166188,0.0013999999999999998
2024-01,ES01,Spare Parts,C028,Vertex ES01,Growth,3.0423750000000003,45,607771.83,0.0,0.0,0.0,0.0,607771.83,0.0,0.0,17.163412460231992,1.0318859375,1254.3024091712814,0.0,0.0,0.0,0.0,607771.83,1254.3024091712814,606517.5275908287,0.0020637718750000002
2024-01,ES01,Spare Parts,C029,Nova ES01,Core,2.341555,45,305398.87999999966,0.0,0.0,0.0,0.0,305398.87999999966,0.0,0.0,9.58416284958214,0.9180026875,560.7139851989795,0.0,0.0,0.0,0.0,305398.87999999966,560.7139851989795,304838.16601480066,0.0018360053750000004
2024-01,ES01,Spare Parts,C030,Meridian ES01,Growth,2.7239050000000002,45,339733.47,0.0,0.0,0.0,0.0,339733.47,0.0,0.0,17.206662328560093,0.9801345625,665.9690319701136,0.0,0.0,0.0,0.0,339733.47,665.9690319701136,339067.50096802984,0.0019602691249999997
2024-01,ES01,Spare Parts,C031,Orion ES01,Growth,2.81174,45,359238.98,0.0,0.0,0.0,0.0,359238.98,0.0,0.0,17.023276260276656,0.9944077499999999,714.4600516281898,0.0,0.0,0.0,0.0,359238.98,714.4600516281898,358524.5199483718,0.0019888154999999994
2024-01,ES01,Spare Parts,C033,Nimbus ES01,Growth,2.8488800000000003,45,348216.08999999997,0.0,0.0,0.0,0.0,348216.08999999997,0.0,0.0,16.67232579631803,1.0004430000000002,696.74069945574,0.0,0.0,0.0,0.0,348216.08999999997,696.74069945574,347519.34930054424,0.0020008860000000003
2024-01,ES01,Spare Parts,C027,Cobalt ES01,Core,2.25286,45,270148.79,0.0,0.0,0.0,0.0,270148.79,0.0,0.0,0.0,0.9035897500000001,488.20735523780496,0.0,0.0,0.0,0.0,270148.79,488.20735523780496,269660.5826447622,0.0018071795
2024-01,ES01,Spare Parts,C032,Atlas ES01,Core,2.0051500000000004,45,363250.86,0.0,0.0,0.0,0.0,363250.86,0.0,0.0,0.0,0.8633368750000001,627.2157246269251,0.0,0.0,0.0,0.0,363250.86,627.2157246269251,362623.6442753731,0.0017266737500000002
2024-01,JP01,Hardware,C062,Northstar JP01,Growth,2.8876500000000003,45,513601.44999999914,0.0,0.0,0.0,0.0,513601.44999999914,0.0,0.0,4.374984143833663,1.006743125,1034.129457555061,0.0,0.0,0.0,0.0,513601.44999999914,1034.129457555061,512567.32054244407,0.0020134862500000004
2024-01,JP01,Hardware,C063,Kestrel JP01,Growth,2.933765,45,693617.14,0.0,0.0,0.0,0.0,693617.14,0.0,0.0,19.180870732231327,1.0142368125,1406.9840743379327,0.0,0.0,0.0,0.0,693617.14,1406.9840743379327,692210.155925662,0.0020284736250000004
2024-01,JP01,Hardware,C064,Helix JP01,Growth,3.0409900000000003,45,425299.91000000003,0.0,0.0,0.0,0.0,425299.91000000003,0.0,0.0,24.673428687064614,1.031660875,877.5305545760426,0.0,0.0,0.0,0.0,425299.91000000003,877.5305545760426,424422.379445424,0.00206332175
2024-01,JP01,Hardware,C065,Vector JP01,Growth,3.1325000000000003,45,326571.92,0.0,0.0,0.0,0.0,326571.92,0.0,0.0,27.132380824413808,1.0465312500000001,683.5354393050001,0.0,0.0,0.0,0.0,326571.92,683.5354393050001,325888.384560695,0.0020930625000000003
2024-01,JP01,Hardware,C066,Redwood JP01,Growth,3.086145,45,822862.8,0.0,0.0,0.0,0.0,822862.8,0.0,0.0,17.77816751468167,1.0389985625,1709.9065326694501,0.0,0.0,0.0,0.0,822862.8,1709.9065326694501,821152.8934673306,0.002077997125
2024-01,JP01,Hardware,C060,Keystone JP01,Growth,2.7943000000000002,45,287285.54,0.0,0.0,0.0,0.0,287285.54,0.0,0.0,0.0,0.99157375,569.72960043715,0.0,0.0,0.0,0.0,287285.54,569.72960043715,286715.8103995628,0.0019831475
2024-01,JP01,Hardware,C061,Axiom JP01,Core,1.97168,45,563287.74,0.0,0.0,0.0,0.0,563287.74,0.0,0.0,0.0,0.857898,966.48685114104,0.0,0.0,0.0,0.0,563287.74,966.48685114104,562321.2531488589,0.0017157960000000001
2024-01,JP01,Software,C053,Atlas JP01,Core,2.188565,30,51003.11,0.0,0.0,0.0,0.0,51003.11,0.0,0.0,0.0,0.8931418125,91.10602021707375,0.0,0.0,0.0,0.0,51003.11,91.10602021707375,50912.00397978293,0.001786283625
2024-01,JP01,Software,C054,Nimbus JP01,Core,2.16125,30,68193.48,0.0,0.0,0.0,0.0,68193.48,0.0,0.0,0.0,0.8887031249999999,121.20751756124999,0.0,0.0,0.0,0.0,68193.48,121.20751756124999,68072.27248243874,0.00177740625
2024-01,JP01,Software,C055,Summit JP01,Strategic,1.29925,30,14295.000000000131,0.0,0.0,0.0,0.0,14295.000000000131,0.0,0.0,0.0,0.748628125,21.403278093750195,0.0,0.0,0.0,0.0,14295.000000000131,21.403278093750195,14273.59672190638,0.0014972562499999998
2024-01,JP01,Software,C056,Cobalt JP01,Core,2.1768300000000003,30,98727.58,0.0,0.0,0.0,0.0,98727.58,0.0,0.0,0.0,0.8912348750000001,175.97892484070502,0.0,0.0,0.0,0.0,98727.58,175.97892484070502,98551.6010751593,0.00178246975
2024-01,JP01,Software,C057,Vertex JP01,Core,2.26337,30,77391.99,0.0,0.0,0.0,0.0,77391.99,0.0,0.0,0.0,0.905297625,140.12556948204752,0.0,0.0,0.0,0.0,77391.99,140.12556948204752,77251.86443051796,0.0018105952500000002
2024-01,JP01,Software,C058,Nova JP01,Core,2.3047950000000004,30,82027.3,0.0,0.0,0.0,0.0,82027.3,0.0,0.0,0.0,0.9120291875000001,149.62258354363752,0.0,0.0,0.0,0.0,82027.3,149.62258354363752,81877.67741645637,0.0018240583750000002
2024-01,JP01,Software,C059,Meridian JP01,Growth,3.295,30,46068.72,0.0,0.0,0.0,0.0,46068.72,0.0,0.0,0.0,1.0729375,98.85771453000001,0.0,0.0,0.0,0.0,46068.72,98.85771453000001,45969.86228547,0.002145875
2024-01,JP01,Spare Parts,C067,Orion JP01,Core,2.41448,45,501877.04,0.0,0.0,0.0,0.0,501877.04,0.0,0.0,17.185195600898577,0.929853,933.34374255024,0.0,0.0,0.0,0.0,501877.04,933.34374255024,500943.69625744974,0.001859706
2024-01,JP01,Spare Parts,C068,Atlas JP01,Core,2.34401,45,765452.0700000001,0.0,0.0,0.0,0.0,765452.0700000001,0.0,0.0,16.98175576166382,0.918401625,1405.9848498952276,0.0,0.0,0.0,0.0,765452.0700000001,1405.9848498952276,764046.0851501048,0.00183680325
2024-01,JP01,Spare Parts,C069,Nimbus JP01,Growth,3.28588,45,497851.5,0.0,0.0,0.0,0.0,497851.5,0.0,0.0,17.363649401478153,1.0714555000000001,1066.8514557165001,0.0,0.0,0.0,0.0,497851.5,1066.8514557165001,496784.6485442835,0.0021429110000000004
2024-01,JP01,Spare Parts,C071,Cobalt JP01,Growth,2.876375,45,561065.21,0.0,0.0,0.0,0.0,561065.21,0.0,0.0,17.132133714011605,1.0049109375,1127.6411323594687,0.0,0.0,0.0,0.0,561065.21,1127.6411323594687,559937.5688676405,0.002009821875
2024-01,JP01,Spare Parts,C073,Nova JP01,Core,2.219815,45,464024.03999999975,0.0,0.0,0.0,0.0,464024.03999999975,0.0,0.0,7.648759318590466,0.8982199375,833.5912884145945,0.0,0.0,0.0,0.0,464024.03999999975,833.5912884145945,463190.44871158514,0.001796439875
2024-01,JP01,Spare Parts,C070,Summit JP01,Core,1.9708350000000001,45,369625.91,0.0,0.0,0.0,0.0,369625.91,0.0,0.0,0.0,0.8577606875,634.1011493588262,0.0,0.0,0.0,0.0,369625.91,634.1011493588262,368991.80885064113,0.001715521375
2024-01,JP01,Spare Parts,C072,Vertex JP01,Strategic,1.1821099999999998,45,459233.1,0.0,0.0,0.0,0.0,459233.1,0.0,0.0,0.0,0.7295928749999999,670.1063954483249,0.0,0.0,0.0,0.0,459233.1,670.1063954483249,458562.99360455165,0.0014591857499999998
2024-01,US01,Events,C048,Northstar US01,Growth,3.1211550000000003,30,652067.2,0.0,0.0,0.0,0.0,652067.2,0.0,0.0,6.726470369925064,1.0446876875000002,1362.4131505252,0.0,0.0,0.0,0.0,652067.2,1362.4131505252,650704.7868494748,0.0020893753750000003
2024-01,US01,Events,C050,Helix US01,Growth,2.8449999999999998,30,971273.8300000001,0.0,0.0,0.0,0.0,971273.8300000001,0.0,0.0,12.682760638161126,0.9998125,1942.1834323137502,0.0,0.0,0.0,0.0,971273.8300000001,1942.1834323137502,969331.6465676863,0.001999625
2024-01,US01,Events,C052,Redwood US01,Growth,2.88081,30,600239.14,0.0,0.0,0.0,0.0,600239.14,0.0,0.0,8.387477531038712,1.005631625,1207.238923493605,0.0,0.0,0.0,0.0,600239.14,1207.238923493605,599031.9010765064,0.00201126325
2024-01,US01,Events,C049,Kestrel US01,Strategic,1.447995,30,964515.37,0.0,0.0,0.0,0.0,964515.37,0.0,0.0,0.0,0.7727991875,1490.7533885345238,0.0,0.0,0.0,0.0,964515.37,1490.7533885345238,963024.6166114655,0.001545598375
2024-01,US01,Events,C051,Vector US01,Growth,2.8275900000000003,30,454750.06999999995,0.0,0.0,0.0,0.0,454750.06999999995,0.0,0.0,0.0,0.9969833750000001,906.7565191401725,0.0,0.0,0.0,0.0,454750.06999999995,906.7565191401725,453843.3134808598,0.0019939667500000003
2024-01,US01,Hardware,C041,Summit US01,Growth,2.82761,45,1117254.92,0.0,0.0,0.0,0.0,1117254.92,0.0,0.0,17.145498719307497,0.996986625,2227.7764239108897,0.0,0.0,0.0,0.0,1117254.92,2227.7764239108897,1115027.143576089,0.00199397325
2024-01,US01,Hardware,C042,Cobalt US01,Growth,2.902705,45,640401.79,0.0,0.0,0.0,0.0,640401.79,0.0,0.0,19.188052238267478,1.0091895625,1292.5736045486337,0.0,0.0,0.0,0.0,640401.79,1292.5736045486337,639109.2163954515,0.0020183791249999998
2024-01,US01,Hardware,C044,Nova US01,Core,2.11017,45,805896.0799999995,0.0,0.0,0.0,0.0,805896.0799999995,0.0,0.0,6.018914870512818,0.880402625,1419.026048618419,0.0,0.0,0.0,0.0,805896.0799999995,1419.026048618419,804477.0539513811,0.00176080525
2024-01,US01,Hardware,C046,Orion US01,Core,2.182275,45,1944474.75,0.0,0.0,0.0,0.0,1944474.75,0.0,0.0,17.94867133142253,0.8921196875,3469.4084126432817,0.0,0.0,0.0,0.0,1944474.75,3469.4084126432817,1941005.3415873568,0.0017842393750000002
2024-01,US01,Hardware,C047,Atlas US01,Core,2.2454699999999996,45,2097323.83,0.0,0.0,0.0,0.0,2097323.83,0.0,0.0,17.661238751099297,0.902388875,3785.203382928783,0.0,0.0,0.0,0.0,2097323.83,3785.203382928783,2093538.6266170712,0.00180477775
2024-01,US01,Hardware,C043,Vertex US01,Core,2.0013,45,489765.54,0.0,0.0,0.0,0.0,489765.54,0.0,0.0,0.0,0.86271125,845.05248244065,0.0,0.0,0.0,0.0,489765.54,845.05248244065,488920.4875175593,0.0017254225
2024-01,US01,Hardware,C045,Meridian US01,Strategic,1.0499999999999998,45,842237.47,0.0,0.0,0.0,0.0,842237.47,0.0,0.0,0.0,0.7081249999999999,1192.8188168875,0.0,0.0,0.0,0.0,842237.47,1192.8188168875,841044.6511831125,0.00141625
2024-01,US01,Software,C034,Kestrel US01,Growth,2.9399699999999998,30,80723.16,0.0,0.0,0.0,0.0,80723.16,0.0,0.0,0.0,1.0152451249999999,163.90758932919,0.0,0.0,0.0,0.0,80723.16,163.90758932919,80559.25241067082,0.0020304902499999997
2024-01,US01,Software,C035,Helix US01,Core,2.18574,30,83979.26,0.0,0.0,0.0,0.0,83979.26,0.0,0.0,0.0,0.89268275,149.93367351952998,0.0,0.0,0.0,0.0,83979.26,149.93367351952998,83829.32632648047,0.0017853654999999999
2024-01,US01,Software,C036,Vector US01,Growth,3.016975,30,70605.72,0.0,0.0,0.0,0.0,70605.72,0.0,0.0,0.0,1.0277584375,145.131248931525,0.0,0.0,0.0,0.0,70605.72,145.131248931525,70460.58875106847,0.002055516875
2024-01,US01,Software,C037,Redwood US01,Core,2.305165,30,105390.94,0.0,0.0,0.0,0.0,105390.94,0.0,0.0,0.0,0.9120893125,192.25190001665752,0.0,0.0,0.0,0.0,105390.94,192.25190001665752,105198.68809998335,0.0018241786250000002
2024-01,US01,Software,C038,Pioneer US01,Strategic,1.2493699999999999,30,79319.68000000017,0.0,0.0,0.0,0.0,79319.68000000017,0.0,0.0,0.0,0.740522625,117.47603529552026,0.0,0.0,0.0,0.0,79319.68000000017,117.47603529552026,79202.20396470465,0.0014810452500000001
2024-01,US01,Software,C039,Keystone US01,Strategic,1.335245,30,158474.79,0.0,0.0,0.0,0.0,158474.79,0.0,0.0,0.0,0.7544773124999999,239.13126731640375,0.0,0.0,0.0,0.0,158474.79,239.13126731640375,158235.6587326836,0.001508954625
2024-01,US01,Software,C040,Axiom US01,Growth,2.8075,30,56385.74,0.0,0.0,0.0,0.0,56385.74,0.0,0.0,0.0,0.99371875,112.06313414124999,0.0,0.0,0.0,0.0,56385.74,112.06313414124999,56273.676865858746,0.0019874375
2024-02,DE01,Hardware,C010,Keystone DE01,Growth,3.8942900000000003,45,545560.63,387731.11,0.0,0.0,0.0,933291.74,387731.11,0.4154447032821698,32.82086906715793,1.1703221250000002,1276.9633516358779,4537.702965838088,0.0,0.0,0.0,933291.74,5814.666317473966,927477.073682526,0.006230277273721469
2024-02,DE01,Hardware,C008,Redwood DE01,Core,2.225305,45,668481.69,0.0,0.0,0.0,0.0,668481.69,0.0,0.0,14.250506547157636,0.8991120625,1202.079902078771,0.0,0.0,0.0,0.0,668481.69,1202.079902078771,667279.6100979212,0.001798224125
2024-02,DE01,Hardware,C009,Pioneer DE01,Strategic,1.306745,45,1424116.1,0.0,0.0,0.0,0.0,1424116.1,0.0,0.0,14.532359194590946,0.7498460625,2135.735700255713,0.0,0.0,0.0,0.0,1424116.1,2135.735700255713,1421980.3642997444,0.001499692125
2024-02,DE01,Hardware,C011,Axiom DE01,Strategic,1.0,45,1768220.6700000009,0.0,0.0,0.0,0.0,1768220.6700000009,0.0,0.0,7.6618890559626935,0.7,2475.508938000001,0.0,0.0,0.0,0.0,1768220.6700000009,2475.508938000001,1765745.1610620008,0.0013999999999999998
2024-02,DE01,Hardware,C012,Northstar DE01,Growth,2.752895,45,819202.0900000001,0.0,0.0,0.0,0.0,819202.0900000001,0.0,0.0,13.566364924679329,0.9848454375,1613.574881453929,0.0,0.0,0.0,0.0,819202.0900000001,1613.574881453929,817588.5151185462,0.001969690875
2024-02,DE01,Hardware,C013,Kestrel DE01,Core,1.8694799999999998,45,1186123.08,0.0,0.0,0.0,0.0,1186123.08,0.0,0.0,14.459851670705199,0.8412904999999999,1995.74815806948,0.0,0.0,0.0,0.0,1186123.08,1995.74815806948,1184127.3318419305,0.0016825809999999998
2024-02,DE01,Hardware,C014,Helix DE01,Core,2.0470550000000003,45,902915.5,0.0,0.0,0.0,0.0,902915.5,0.0,0.0,15.503008199549127,0.8701464375000001,1571.3374113770628,0.0,0.0,0.0,0.0,902915.5,1571.3374113770628,901344.1625886229,0.0017402928750000005
2024-02,DE01,Software,C001,Meridian DE01,Growth,3.922925,30,114403.70999999999,0.0,0.0,0.0,0.0,114403.70999999999,0.0,0.0,14.384856050559899,1.1749753125,268.84306981681874,0.0,0.0,0.0,0.0,114403.70999999999,268.84306981681874,114134.86693018317,0.002349950625
2024-02,DE01,Software,C002,Orion DE01,Core,1.8911449999999999,30,74772.38,0.0,0.0,0.0,0.0,74772.38,0.0,0.0,0.0,0.8448110624999999,126.33706758690751,0.0,0.0,0.0,0.0,74772.38,126.33706758690751,74646.0429324131,0.001689622125
2024-02,DE01,Software,C003,Atlas DE01,Growth,2.7558400000000005,30,47363.08,0.0,0.0,0.0,0.0,47363.08,0.0,0.0,0.0,0.9853240000000001,93.33595887584002,0.0,0.0,0.0,0.0,47363.08,93.33595887584002,47269.74404112416,0.001970648
2024-02,DE01,Software,C004,Nimbus DE01,Strategic,1.0,30,66219.6699999999,0.0,0.0,0.0,0.0,66219.6699999999,0.0,0.0,0.0,0.7,92.70753799999984,0.0,0.0,0.0,0.0,66219.6699999999,92.70753799999984,66126.9624619999,0.0013999999999999998
2024-02,DE01,Software,C005,Summit DE01,Core,2.047655,30,83857.57,0.0,0.0,0.0,0.0,83857.57,0.0,0.0,0.0,0.8702439375,145.95308381196375,0.0,0.0,0.0,0.0,83857.57,145.95308381196375,83711.61691618804,0.001740487875
2024-02,DE01,Software,C006,Cobalt DE01,Core,2.081205,30,90325.36,0.0,0.0,0.0,0.0,90325.36,0.0,0.0,0.0,0.8756958125000001,158.19507902911002,0.0,0.0,0.0,0.0,90325.36,158.19507902911002,90167.16492097088,0.0017513916250000003
2024-02,DE01,Software,C007,Vertex DE01,Core,2.185245,30,65549.06999999999,0.0,0.0,0.0,0.0,65549.06999999999,0.0,0.0,0.0,0.8926023125,117.01850292844875,0.0,0.0,0.0,0.0,65549.06999999999,117.01850292844875,65432.051497071545,0.0017852046250000002
2024-02,ES01,Events,C023,Redwood ES01,Growth,2.795945,30,253726.73999999973,0.0,0.0,0.0,0.0,253726.73999999973,0.0,0.0,30.0,0.9918410625,503.31319877252196,0.0,0.0,0.0,0.0,253726.73999999973,503.31319877252196,253223.4268012272,0.001983682125
2024-02,ES01,Events,C022,Vector ES01,Strategic,1.0,30,1104161.51,0.0,0.0,0.0,0.0,1104161.51,0.0,0.0,0.0,0.7,1545.8261140000002,0.0,0.0,0.0,0.0,1104161.51,1545.8261140000002,1102615.683886,0.0014000000000000002
2024-02,ES01,Events,C024,Pioneer ES01,Strategic,1.02279,30,856661.77,0.0,0.0,0.0,0.0,856661.77,0.0,0.0,0.0,0.703703375,1205.6715575649475,0.0,0.0,0.0,0.0,856661.77,1205.6715575649475,855456.098442435,0.00140740675
2024-02,ES01,Events,C025,Keystone ES01,Core,2.0810400000000002,30,422058.77,0.0,0.0,0.0,0.0,422058.77,0.0,0.0,0.0,0.875669,739.16756213426,0.0,0.0,0.0,0.0,422058.77,739.16756213426,421319.60243786575,0.001751338
2024-02,ES01,Events,C026,Axiom ES01,Core,2.21812,30,237052.37,0.0,0.0,0.0,0.0,237052.37,0.0,0.0,0.0,0.8979444999999999,425.71974370692993,0.0,0.0,0.0,0.0,237052.37,425.71974370692993,236626.65025629307,0.0017958889999999997
2024-02,ES01,Hardware,C015,Nova ES01,Strategic,1.134235,45,916042.0900000001,0.0,0.0,0.0,0.0,916042.0900000001,0.0,0.0,14.504923349100695,0.7218131875,1322.422521734124,0.0,0.0,0.0,0.0,916042.0900000001,1322.422521734124,914719.6674782659,0.0014436263750000002
2024-02,ES01,Hardware,C016,Meridian ES01,Core,2.18475,45,431468.39,0.0,0.0,0.0,0.0,431468.39,0.0,0.0,15.047662471867291,0.892521875,770.1899528920625,0.0,0.0,0.0,0.0,431468.39,770.1899528920625,430698.20004710794,0.0017850437499999999
2024-02,ES01,Hardware,C017,Orion ES01,Strategic,1.2359149999999999,45,1418091.72,0.0,0.0,0.0,0.0,1418091.72,0.0,0.0,15.057932853595675,0.7383361875,2094.0568681402347,0.0,0.0,0.0,0.0,1418091.72,2094.0568681402347,1415997.6631318599,0.0014766723749999999
2024-02,ES01,Hardware,C018,Atlas ES01,Strategic,1.285565,45,1146184.71,0.0,0.0,0.0,0.0,1146184.71,0.0,0.0,14.369220908556702,0.7464043125,1711.0344209311236,0.0,0.0,0.0,0.0,1146184.71,1711.0344209311236,1144473.675579069,0.0014928086249999999
2024-02,ES01,Hardware,C019,Nimbus ES01,Core,2.209905,45,859786.4299999999,0.0,0.0,0.0,0.0,859786.4299999999,0.0,0.0,14.983943396268769,0.8966095625,1541.7854696914737,0.0,0.0,0.0,0.0,859786.4299999999,1541.7854696914737,858244.6445303084,0.0017932191250000001
2024-02,ES01,Hardware,C020,Summit ES01,Strategic,1.0,45,1485961.0700000003,0.0,0.0,0.0,0.0,1485961.0700000003,0.0,0.0,9.960817344965845,0.7,2080.345498,0.0,0.0,0.0,0.0,1485961.0700000003,2080.345498,1483880.7245020003,0.0013999999999999998
2024-02,ES01,Hardware,C021,Cobalt ES01,Core,1.9086199999999998,45,626093.91,0.0,0.0,0.0,0.0,626093.91,0.0,0.0,13.70442750353537,0.8476507499999999,1061.4179447638649,0.0,0.0,0.0,0.0,626093.91,1061.4179447638649,625032.4920552361,0.0016953014999999997
2024-02,ES01,Spare Parts,C027,Cobalt ES01,Core,2.25286,45,452391.9099999996,0.0,0.0,0.0,0.0,452391.9099999996,0.0,0.0,10.803884844006149,0.9035897500000001,817.5533857178444,0.0,0.0,0.0,0.0,452391.9099999996,817.5533857178444,451574.3566142818,0.0018071795000000003
2024-02,ES01,Spare Parts,C028,Vertex ES01,Growth,3.0423750000000003,45,537887.0599999999,0.0,0.0,0.0,0.0,537887.0599999999,0.0,0.0,14.504376253260304,1.0318859375,1110.0761863544374,0.0,0.0,0.0,0.0,537887.0599999999,1110.0761863544374,536776.9838136456,0.002063771875
2024-02,ES01,Spare Parts,C029,Nova ES01,Core,2.341555,45,423971.87,0.0,0.0,0.0,0.0,423971.87,0.0,0.0,14.706102553454784,0.9180026875,778.4146321688013,0.0,0.0,0.0,0.0,423971.87,778.4146321688013,423193.4553678312,0.0018360053750000002
2024-02,ES01,Spare Parts,C030,Meridian ES01,Growth,2.7239050000000002,45,296356.68,0.0,0.0,0.0,0.0,296356.68,0.0,0.0,14.665858046459421,0.9801345625,580.9388497915049,0.0,0.0,0.0,0.0,296356.68,580.9388497915049,295775.7411502085,0.0019602691249999997
2024-02,ES01,Spare Parts,C031,Orion ES01,Growth,2.81174,45,313118.41000000003,0.0,0.0,0.0,0.0,313118.41000000003,0.0,0.0,14.88812171727622,0.9944077499999999,622.734747143355,0.0,0.0,0.0,0.0,313118.41000000003,622.734747143355,312495.6752528567,0.0019888155
2024-02,ES01,Spare Parts,C033,Nimbus ES01,Growth,2.8488800000000003,45,309132.61,0.0,0.0,0.0,0.0,309132.61,0.0,0.0,15.01268533267972,1.0004430000000002,618.5391114924602,0.0,0.0,0.0,0.0,309132.61,618.5391114924602,308514.07088850753,0.0020008860000000008
2024-02,ES01,Spare Parts,C032,Atlas ES01,Core,2.0051500000000004,45,381579.86,0.0,0.0,0.0,0.0,381579.86,0.0,0.0,0.0,0.8633368750000001,658.8639277906751,0.0,0.0,0.0,0.0,381579.86,658.8639277906751,380920.9960722093,0.0017266737500000004
2024-02,JP01,Hardware,C060,Keystone JP01,Growth,2.7943000000000002,45,648910.37,0.0,0.0,0.0,0.0,648910.37,0.0,0.0,13.28159727205469,0.99157375,1286.8849779895752,0.0,0.0,0.0,0.0,648910.37,1286.8849779895752,647623.4850220104,0.0019831475000000004
2024-02,JP01,Hardware,C061,Axiom JP01,Core,1.97168,45,983136.8199999989,0.0,0.0,0.0,0.0,983136.8199999989,0.0,0.0,12.774678096177887,0.857898,1686.8622232087182,0.0,0.0,0.0,0.0,983136.8199999989,1686.8622232087182,981449.9577767901,0.0017157960000000001
2024-02,JP01,Hardware,C062,Northstar JP01,Growth,2.8876500000000003,45,879718.65,0.0,0.0,0.0,0.0,879718.65,0.0,0.0,14.960516410559217,1.006743125,1771.3014056435627,0.0,0.0,0.0,0.0,879718.65,1771.3014056435627,877947.3485943564,0.00201348625
2024-02,JP01,Hardware,C063,Kestrel JP01,Growth,2.933765,45,524267.65,0.0,0.0,0.0,0.0,524267.65,0.0,0.0,14.313935830295842,1.0142368125,1063.4631004657313,0.0,0.0,0.0,0.0,524267.65,1063.4631004657313,523204.1868995343,0.002028473625
2024-02,JP01,Hardware,C064,Helix JP01,Growth,3.0409900000000003,45,152466.28999999998,0.0,0.0,0.0,0.0,152466.28999999998,0.0,0.0,14.858302776305504,1.031660875,314.5870122988075,0.0,0.0,0.0,0.0,152466.28999999998,314.5870122988075,152151.70298770117,0.0020633217500000004
2024-02,JP01,Hardware,C065,Vector JP01,Growth,3.1325000000000003,45,132951.82,0.0,0.0,0.0,0.0,132951.82,0.0,0.0,7.043783981294878,1.0465312500000001,278.27646874875,0.0,0.0,0.0,0.0,132951.82,278.27646874875,132673.54353125126,0.0020930625
2024-02,JP01,Hardware,C066,Redwood JP01,Growth,3.086145,45,719359.31,0.0,0.0,0.0,0.0,719359.31,0.0,0.0,13.980344954456765,1.0389985625,1494.8265780219838,0.0,0.0,0.0,0.0,719359.31,1494.8265780219838,717864.4834219781,0.0020779971249999998
2024-02,JP01,Software,C053,Atlas JP01,Core,2.188565,30,49439.97,0.0,0.0,0.0,0.0,49439.97,0.0,0.0,0.0,0.8931418125,88.31380883149126,0.0,0.0,0.0,0.0,49439.97,88.31380883149126,49351.65619116851,0.0017862836250000002
2024-02,JP01,Software,C054,Nimbus JP01,Core,2.16125,30,67914.22,0.0,0.0,0.0,0.0,67914.22,0.0,0.0,0.0,0.8887031249999999,120.71115909187499,0.0,0.0,0.0,0.0,67914.22,120.71115909187499,67793.50884090812,0.00177740625
2024-02,JP01,Software,C055,Summit JP01,Strategic,1.29925,30,14360.570000000123,0.0,0.0,0.0,0.0,14360.570000000123,0.0,0.0,0.0,0.748628125,21.501453186062683,0.0,0.0,0.0,0.0,14360.570000000123,21.501453186062683,14339.06854681406,0.0014972562499999998
2024-02,JP01,Software,C056,Cobalt JP01,Core,2.1768300000000003,30,104179.11,0.0,0.0,0.0,0.0,104179.11,0.0,0.0,0.0,0.8912348750000001,185.69611215692254,0.0,0.0,0.0,0.0,104179.11,185.69611215692254,103993.41388784308,0.0017824697500000003
2024-02,JP01,Software,C057,Vertex JP01,Core,2.26337,30,76341.91,0.0,0.0,0.0,0.0,76341.91,0.0,0.0,0.0,0.905297625,138.22429962192749,0.0,0.0,0.0,0.0,76341.91,138.22429962192749,76203.68570037808,0.0018105952499999998
2024-02,JP01,Software,C058,Nova JP01,Core,2.3047950000000004,30,78378.17,0.0,0.0,0.0,0.0,78378.17,0.0,0.0,0.0,0.9120291875000001,142.96635740567376,0.0,0.0,0.0,0.0,78378.17,142.96635740567376,78235.20364259432,0.0018240583750000002
2024-02,JP01,Software,C059,Meridian JP01,Growth,3.295,30,45010.37,0.0,0.0,0.0,0.0,45010.37,0.0,0.0,0.0,1.0729375,96.58662772375001,0.0,0.0,0.0,0.0,45010.37,96.58662772375001,44913.78337227625,0.002145875
2024-02,JP01,Spare Parts,C067,Orion JP01,Core,2.41448,45,442266.79,0.0,0.0,0.0,0.0,442266.79,0.0,0.0,14.54202812741151,0.929853,822.4862029637401,0.0,0.0,0.0,0.0,442266.79,822.4862029637401,441444.30379703623,0.0018597060000000002
2024-02,JP01,Spare Parts,C068,Atlas JP01,Core,2.34401,45,672800.27,0.0,0.0,0.0,0.0,672800.27,0.0,0.0,14.810995839820338,0.918401625,1235.8017225368776,0.0,0.0,0.0,0.0,672800.27,1235.8017225368776,671564.4682774631,0.00183680325
2024-02,JP01,Spare Parts,C069,Nimbus JP01,Growth,3.28588,45,436552.41000000003,0.0,0.0,0.0,0.0,436552.41000000003,0.0,0.0,14.410700653330489,1.0714555000000001,935.4929614655102,0.0,0.0,0.0,0.0,436552.41000000003,935.4929614655102,435616.91703853454,0.0021429110000000004
2024-02,JP01,Spare Parts,C070,Summit JP01,Core,1.9708350000000001,45,547285.2799999996,0.0,0.0,0.0,0.0,547285.2799999996,0.0,0.0,8.965101162596577,0.8577606875,938.8795960628594,0.0,0.0,0.0,0.0,547285.2799999996,938.8795960628594,546346.4004039367,0.0017155213750000003
2024-02,JP01,Spare Parts,C071,Cobalt JP01,Growth,2.876375,45,495529.19,0.0,0.0,0.0,0.0,495529.19,0.0,0.0,14.569700929222758,1.0049109375,995.9254057630313,0.0,0.0,0.0,0.0,495529.19,995.9254057630313,494533.26459423697,0.002009821875
2024-02,JP01,Spare Parts,C073,Nova JP01,Core,2.219815,45,699556.09,0.0,0.0,0.0,0.0,699556.09,0.0,0.0,14.82584906093806,0.8982199375,1256.7104548750885,0.0,0.0,0.0,0.0,699556.09,1256.7104548750885,698299.3795451248,0.0017964398749999997
2024-02,JP01,Spare Parts,C072,Vertex JP01,Strategic,1.1821099999999998,45,471428.07,0.0,0.0,0.0,0.0,471428.07,0.0,0.0,0.0,0.7295928749999999,687.9011218940024,0.0,0.0,0.0,0.0,471428.07,687.9011218940024,470740.168878106,0.0014591857499999996
2024-02,US01,Events,C048,Northstar US01,Growth,3.1211550000000003,30,768495.95,0.0,0.0,0.0,0.0,768495.95,0.0,0.0,19.747541024777036,1.0446876875000002,1605.6765137172315,0.0,0.0,0.0,0.0,768495.95,1605.6765137172315,766890.2734862827,0.0020893753750000003
2024-02,US01,Events,C052,Redwood US01,Growth,2.88081,30,410399.51000000036,0.0,0.0,0.0,0.0,410399.51000000036,0.0,0.0,13.335093406909783,1.005631625,825.4214522810082,0.0,0.0,0.0,0.0,410399.51000000036,825.4214522810082,409574.08854771935,0.00201126325
2024-02,US01,Events,C049,Kestrel US01,Strategic,1.447995,30,2059648.92,0.0,0.0,0.0,0.0,2059648.92,0.0,0.0,0.0,0.7727991875,3183.390023822505,0.0,0.0,0.0,0.0,2059648.92,3183.390023822505,2056465.5299761775,0.001545598375
2024-02,US01,Events,C050,Helix US01,Growth,2.8449999999999998,30,787153.13,0.0,0.0,0.0,0.0,787153.13,0.0,0.0,0.0,0.9998125,1574.01107757625,0.0,0.0,0.0,0.0,787153.13,1574.01107757625,785579.1189224238,0.001999625
2024-02,US01,Events,C051,Vector US01,Growth,2.8275900000000003,30,141167.24,0.0,0.0,0.0,0.0,141167.24,0.0,0.0,0.0,0.9969833750000001,281.48278274927003,0.0,0.0,0.0,0.0,141167.24,281.48278274927003,140885.7572172507,0.0019939667500000003
2024-02,US01,Hardware,C041,Summit US01,Growth,2.82761,45,1064914.71,0.0,0.0,0.0,0.0,1064914.71,0.0,0.0,13.486295818000299,0.996986625,2123.4114452715075,0.0,0.0,0.0,0.0,1064914.71,2123.4114452715075,1062791.2985547285,0.0019939732500000003
2024-02,US01,Hardware,C042,Cobalt US01,Growth,2.902705,45,587928.51,0.0,0.0,0.0,0.0,587928.51,0.0,0.0,11.776926245675686,1.0091895625,1186.662631576354,0.0,0.0,0.0,0.0,587928.51,1186.662631576354,586741.8473684237,0.002018379125
2024-02,US01,Hardware,C043,Vertex US01,Core,2.0013,45,1019605.81,0.0,0.0,0.0,0.0,1019605.81,0.0,0.0,14.410437892659711,0.86271125,1759.2508057047253,0.0,0.0,0.0,0.0,1019605.81,1759.2508057047253,1017846.5591942953,0.0017254225000000003
2024-02,US01,Hardware,C044,Nova US01,Core,2.11017,45,1289798.1400000001,0.0,0.0,0.0,0.0,1289798.1400000001,0.0,0.0,14.983943533985867,0.880402625,2271.083336352235,0.0,0.0,0.0,0.0,1289798.1400000001,2271.083336352235,1287527.056663648,0.00176080525
2024-02,US01,Hardware,C045,Meridian US01,Strategic,1.0499999999999998,45,1428919.0099999998,0.0,0.0,0.0,0.0,1428919.0099999998,0.0,0.0,11.469173259861657,0.7081249999999999,2023.7065479124994,0.0,0.0,0.0,0.0,1428919.0099999998,2023.7065479124994,1426895.3034520873,0.0014162499999999998
2024-02,US01,Hardware,C046,Orion US01,Core,2.182275,45,1696742.81,0.0,0.0,0.0,0.0,1696742.81,0.0,0.0,13.810875851007731,0.8921196875,3027.395330850144,0.0,0.0,0.0,0.0,1696742.81,3027.395330850144,1693715.41466915,0.0017842393750000002
2024-02,US01,Hardware,C047,Atlas US01,Core,2.2454699999999996,45,1785818.5899999999,0.0,0.0,0.0,0.0,1785818.5899999999,0.0,0.0,14.4910452522504,0.902388875,3223.0056567683723,0.0,0.0,0.0,0.0,1785818.5899999999,3223.0056567683723,1782595.5843432315,0.00180477775
2024-02,US01,Software,C034,Kestrel US01,Growth,2.9399699999999998,30,80755.62,0.0,0.0,0.0,0.0,80755.62,0.0,0.0,0.0,1.0152451249999999,163.97349904270496,0.0,0.0,0.0,0.0,80755.62,163.97349904270496,80591.64650095729,0.0020304902499999997
2024-02,US01,Software,C035,Helix US01,Core,2.18574,30,82664.88,0.0,0.0,0.0,0.0,82664.88,0.0,0.0,0.0,0.89268275,147.58702481364003,0.0,0.0,0.0,0.0,82664.88,147.58702481364003,82517.29297518637,0.0017853655000000003
2024-02,US01,Software,C036,Vector US01,Growth,3.016975,30,73797.1,0.0,0.0,0.0,0.0,73797.1,0.0,0.0,0.0,1.0277584375,151.6911843760625,0.0,0.0,0.0,0.0,73797.1,151.6911843760625,73645.40881562394,0.002055516875
2024-02,US01,Software,C037,Redwood US01,Core,2.305165,30,105789.73999999999,0.0,0.0,0.0,0.0,105789.73999999999,0.0,0.0,0.0,0.9120893125,192.9793824523075,0.0,0.0,0.0,0.0,105789.73999999999,192.9793824523075,105596.76061754768,0.0018241786250000002
2024-02,US01,Software,C038,Pioneer US01,Strategic,1.2493699999999999,30,99327.4500000002,0.0,0.0,0.0,0.0,99327.4500000002,0.0,0.0,0.0,0.740522625,147.10844801711278,0.0,0.0,0.0,0.0,99327.4500000002,147.10844801711278,99180.34155198309,0.0014810452499999997
2024-02,US01,Software,C039,Keystone US01,Strategic,1.335245,30,163959.0,0.0,0.0,0.0,0.0,163959.0,0.0,0.0,0.0,0.7544773124999999,247.406691360375,0.0,0.0,0.0,0.0,163959.0,247.406691360375,163711.59330863963,0.001508954625
2024-02,US01,Software,C040,Axiom US01,Growth,2.8075,30,62570.63,0.0,0.0,0.0,0.0,62570.63,0.0,0.0,0.0,0.99371875,124.355216460625,0.0,0.0,0.0,0.0,62570.63,124.355216460625,62446.274783539375,0.0019874375
2024-03,DE01,Hardware,C010,Keystone DE01,Growth,3.8942900000000003,45,596796.49,245585.98,0.0,0.0,0.0,842382.47,245585.97999999998,0.291537382063518,28.175323140330782,1.1703221250000002,1396.8882727386826,2874.1470598380756,0.0,0.0,0.0,842382.47,4271.035332576758,838111.4346674233,0.005070185437948107
2024-03,DE01,Hardware,C008,Redwood DE01,Core,2.225305,45,736348.95,0.0,0.0,0.0,0.0,736348.95,0.0,0.0,14.297905904530726,0.8991120625,1324.1204463084187,0.0,0.0,0.0,0.0,736348.95,1324.1204463084187,735024.8295536916,0.001798224125
2024-03,DE01,Hardware,C009,Pioneer DE01,Strategic,1.306745,45,1555727.92,0.0,0.0,0.0,0.0,1555727.92,0.0,0.0,14.159105854447864,0.7498460625,2333.11291026663,0.0,0.0,0.0,0.0,1555727.92,2333.11291026663,1553394.8070897332,0.001499692125
2024-03,DE01,Hardware,C011,Axiom DE01,Strategic,1.0,45,2029593.2600000007,0.0,0.0,0.0,0.0,2029593.2600000007,0.0,0.0,9.647599095791248,0.7,2841.430564000001,0.0,0.0,0.0,0.0,2029593.2600000007,2841.430564000001,2026751.8294360007,0.0014
2024-03,DE01,Hardware,C012,Northstar DE01,Growth,2.752895,45,871367.1699999999,0.0,0.0,0.0,0.0,871367.1699999999,0.0,0.0,15.449822604631754,0.9848454375,1716.3239635235736,0.0,0.0,0.0,0.0,871367.1699999999,1716.3239635235736,869650.8460364763,0.001969690875
2024-03,DE01,Hardware,C013,Kestrel DE01,Core,1.8694799999999998,45,1303743.1,0.0,0.0,0.0,0.0,1303743.1,0.0,0.0,14.138160040885355,0.8412904999999999,2193.6533689411,0.0,0.0,0.0,0.0,1303743.1,2193.6533689411,1301549.446631059,0.0016825809999999998
2024-03,DE01,Hardware,C014,Helix DE01,Core,2.0470550000000003,45,983293.44,0.0,0.0,0.0,0.0,983293.44,0.0,0.0,13.31195558469301,0.8701464375000001,1711.21856766624,0.0,0.0,0.0,0.0,983293.44,1711.21856766624,981582.2214323337,0.001740292875
2024-03,DE01,Software,C001,Meridian DE01,Growth,3.922925,30,118823.97,0.0,0.0,0.0,0.0,118823.97,0.0,0.0,15.034259501681351,1.1749753125,279.23046256648126,0.0,0.0,0.0,0.0,118823.97,279.23046256648126,118544.73953743352,0.002349950625
2024-03,DE01,Software,C002,Orion DE01,Core,1.8911449999999999,30,81742.55,0.0,0.0,0.0,0.0,81742.55,0.0,0.0,0.0,0.8448110624999999,138.11402103391876,0.0,0.0,0.0,0.0,81742.55,138.11402103391876,81604.43597896608,0.0016896221250000001
2024-03,DE01,Software,C003,Atlas DE01,Growth,2.7558400000000005,30,44513.25,0.0,0.0,0.0,0.0,44513.25,0.0,0.0,0.0,0.9853240000000001,87.719947086,0.0,0.0,0.0,0.0,44513.25,87.719947086,44425.530052914,0.001970648
2024-03,DE01,Software,C004,Nimbus DE01,Strategic,1.0,30,60066.63999999993,0.0,0.0,0.0,0.0,60066.63999999993,0.0,0.0,0.0,0.7,84.0932959999999,0.0,0.0,0.0,0.0,60066.63999999993,84.0932959999999,59982.54670399993,0.0014
2024-03,DE01,Software,C005,Summit DE01,Core,2.047655,30,81627.62,0.0,0.0,0.0,0.0,81627.62,0.0,0.0,0.0,0.8702439375,142.0718828751075,0.0,0.0,0.0,0.0,81627.62,142.0718828751075,81485.54811712488,0.001740487875
2024-03,DE01,Software,C006,Cobalt DE01,Core,2.081205,30,93807.77,0.0,0.0,0.0,0.0,93807.77,0.0,0.0,0.0,0.8756958125000001,164.29414273792628,0.0,0.0,0.0,0.0,93807.77,164.29414273792628,93643.47585726208,0.0017513916250000003
2024-03,DE01,Software,C007,Vertex DE01,Core,2.185245,30,69235.22,0.0,0.0,0.0,0.0,69235.22,0.0,0.0,0.0,0.8926023125,123.5990349568925,0.0,0.0,0.0,0.0,69235.22,123.5990349568925,69111.62096504311,0.001785204625
2024-03,ES01,Events,C026,Axiom ES01,Core,2.21812,30,275443.0999999997,0.0,0.0,0.0,0.0,275443.0999999997,0.0,0.0,9.928902557370265,0.8979444999999999,494.66523341589937,0.0,0.0,0.0,0.0,275443.0999999997,494.66523341589937,274948.4347665838,0.0017958889999999997
2024-03,ES01,Events,C022,Vector ES01,Strategic,1.0,30,757010.53,0.0,0.0,0.0,0.0,757010.53,0.0,0.0,0.0,0.7,1059.814742,0.0,0.0,0.0,0.0,757010.53,1059.814742,755950.7152580001,0.0014
2024-03,ES01,Events,C023,Redwood ES01,Growth,2.795945,30,423760.93,0.0,0.0,0.0,0.0,423760.93,0.0,0.0,0.0,0.9918410625,840.6069821143763,0.0,0.0,0.0,0.0,423760.93,840.6069821143763,422920.3230178856,0.001983682125
2024-03,ES01,Events,C024,Pioneer ES01,Strategic,1.02279,30,125578.76,0.0,0.0,0.0,0.0,125578.76,0.0,0.0,0.0,0.703703375,176.74039448063002,0.0,0.0,0.0,0.0,125578.76,176.74039448063002,125402.01960551937,0.0014074067500000002
2024-03,ES01,Events,C025,Keystone ES01,Core,2.0810400000000002,30,216570.16,0.0,0.0,0.0,0.0,216570.16,0.0,0.0,0.0,0.875669,379.28755087408007,0.0,0.0,0.0,0.0,216570.16,379.28755087408007,216190.87244912592,0.0017513380000000003
2024-03,ES01,Hardware,C015,Nova ES01,Strategic,1.134235,45,1017034.73,0.0,0.0,0.0,0.0,1017034.73,0.0,0.0,13.956398912749027,0.7218131875,1468.2181605190037,0.0,0.0,0.0,0.0,1017034.73,1468.2181605190037,1015566.511839481,0.001443626375
2024-03,ES01,Hardware,C016,Meridian ES01,Core,2.18475,45,527682.56,0.0,0.0,0.0,0.0,527682.56,0.0,0.0,12.226026571732822,0.892521875,941.9364557120001,0.0,0.0,0.0,0.0,527682.56,941.9364557120001,526740.6235442881,0.00178504375
2024-03,ES01,Hardware,C017,Orion ES01,Strategic,1.2359149999999999,45,1553043.27,0.0,0.0,0.0,0.0,1553043.27,0.0,0.0,13.643677616271438,0.7383361875,2293.336093988666,0.0,0.0,0.0,0.0,1553043.27,2293.336093988666,1550749.9339060113,0.0014766723749999999
2024-03,ES01,Hardware,C018,Atlas ES01,Strategic,1.285565,45,1218226.87,0.0,0.0,0.0,0.0,1218226.87,0.0,0.0,14.706423278941465,0.7464043125,1818.579578742754,0.0,0.0,0.0,0.0,1218226.87,1818.579578742754,1216408.2904212573,0.001492808625
2024-03,ES01,Hardware,C019,Nimbus ES01,Core,2.209905,45,861489.27,0.0,0.0,0.0,0.0,861489.27,0.0,0.0,14.986375512256817,0.8966095625,1544.8390349462888,0.0,0.0,0.0,0.0,861489.27,1544.8390349462888,859944.4309650537,0.0017932191250000001
2024-03,ES01,Hardware,C020,Summit ES01,Strategic,1.0,45,1762216.27,0.0,0.0,0.0,0.0,1762216.27,0.0,0.0,11.946273257368121,0.7,2467.102778,0.0,0.0,0.0,0.0,1762216.27,2467.102778,1759749.167222,0.0014
2024-03,ES01,Hardware,C021,Cobalt ES01,Core,1.9086199999999998,45,680788.96,0.0,0.0,0.0,0.0,680788.96,0.0,0.0,14.98637507282727,0.8476507499999999,1154.1425450714398,0.0,0.0,0.0,0.0,680788.96,1154.1425450714398,679634.8174549285,0.0016953015
2024-03,ES01,Spare Parts,C027,Cobalt ES01,Core,2.25286,45,537477.1099999995,0.0,0.0,0.0,0.0,537477.1099999995,0.0,0.0,12.444758252123503,0.9035897500000001,971.3176149112444,0.0,0.0,0.0,0.0,537477.1099999995,971.3176149112444,536505.7923850883,0.0018071795000000005
2024-03,ES01,Spare Parts,C028,Vertex ES01,Growth,3.0423750000000003,45,578233.76,0.0,0.0,0.0,0.0,578233.76,0.0,0.0,14.414404824789198,1.0318859375,1193.3425710635001,0.0,0.0,0.0,0.0,578233.76,1193.3425710635001,577040.4174289365,0.0020637718750000002
2024-03,ES01,Spare Parts,C029,Nova ES01,Core,2.341555,45,457189.11,0.0,0.0,0.0,0.0,457189.11,0.0,0.0,14.182713800860217,0.9180026875,839.4016633514663,0.0,0.0,0.0,0.0,457189.11,839.4016633514663,456349.70833664853,0.0018360053750000002
2024-03,ES01,Spare Parts,C030,Meridian ES01,Growth,2.7239050000000002,45,308742.57999999996,0.0,0.0,0.0,0.0,308742.57999999996,0.0,0.0,14.718978509540213,0.9801345625,605.2185471468424,0.0,0.0,0.0,0.0,308742.57999999996,605.2185471468424,308137.36145285313,0.001960269125
2024-03,ES01,Spare Parts,C031,Orion ES01,Growth,2.81174,45,335171.16000000003,0.0,0.0,0.0,0.0,335171.16000000003,0.0,0.0,14.117584878126147,0.9944077499999999,666.59359816098,0.0,0.0,0.0,0.0,335171.16000000003,666.59359816098,334504.566401839,0.0019888155
2024-03,ES01,Spare Parts,C033,Nimbus ES01,Growth,2.8488800000000003,45,324004.49,0.0,0.0,0.0,0.0,324004.49,0.0,0.0,14.299393505318399,1.0004430000000002,648.2960479781401,0.0,0.0,0.0,0.0,324004.49,648.2960479781401,323356.19395202183,0.0020008860000000003
2024-03,ES01,Spare Parts,C032,Atlas ES01,Core,2.0051500000000004,45,410606.87,0.0,0.0,0.0,0.0,410606.87,0.0,0.0,0.0,0.8633368750000001,708.9841039986626,0.0,0.0,0.0,0.0,410606.87,708.9841039986626,409897.88589600136,0.0017266737500000002
2024-03,JP01,Hardware,C065,Vector JP01,Growth,3.1325000000000003,45,216282.4,30567.979999999046,0.0,0.0,0.0,246850.37999999904,30567.97999999905,0.12383201516643065,19.793971959856663,1.0465312500000001,452.69258085000007,319.90346319374004,0.0,0.0,0.0,246850.37999999904,772.5960440437401,246077.7839559553,0.003129815088977149
2024-03,JP01,Hardware,C060,Keystone JP01,Growth,2.7943000000000002,45,868445.28,0.0,0.0,0.0,0.0,868445.28,0.0,0.0,12.492145619122946,0.99157375,1722.2550859188002,0.0,0.0,0.0,0.0,868445.28,1722.2550859188002,866723.0249140812,0.0019831475000000004
2024-03,JP01,Hardware,C061,Axiom JP01,Core,1.97168,45,1180358.4,0.0,0.0,0.0,0.0,1180358.4,0.0,0.0,14.347208610537274,0.857898,2025.2542212863998,0.0,0.0,0.0,0.0,1180358.4,2025.2542212863998,1178333.1457787135,0.001715796
2024-03,JP01,Hardware,C062,Northstar JP01,Growth,2.8876500000000003,45,958389.13,0.0,0.0,0.0,0.0,958389.13,0.0,0.0,13.804950187613251,1.006743125,1929.7033354044627,0.0,0.0,0.0,0.0,958389.13,1929.7033354044627,956459.4266645955,0.00201348625
2024-03,JP01,Hardware,C063,Kestrel JP01,Growth,2.933765,45,633523.5700000001,0.0,0.0,0.0,0.0,633523.5700000001,0.0,0.0,12.980884041930752,1.0142368125,1285.0858525608414,0.0,0.0,0.0,0.0,633523.5700000001,1285.0858525608414,632238.4841474392,0.002028473625
2024-03,JP01,Hardware,C064,Helix JP01,Growth,3.0409900000000003,45,238625.11,0.0,0.0,0.0,0.0,238625.11,0.0,0.0,9.674582863471493,1.031660875,492.3603795591425,0.0,0.0,0.0,0.0,238625.11,492.3603795591425,238132.74962044085,0.00206332175
2024-03,JP01,Hardware,C066,Redwood JP01,Growth,3.086145,45,790030.79,0.0,0.0,0.0,0.0,790030.79,0.0,0.0,14.586631490653673,1.0389985625,1641.681710281479,0.0,0.0,0.0,0.0,790030.79,1641.681710281479,788389.1082897185,0.002077997125
2024-03,JP01,Software,C053,Atlas JP01,Core,2.188565,30,49927.090000000004,0.0,0.0,0.0,0.0,49927.090000000004,0.0,0.0,0.0,0.8931418125,89.18394331090127,0.0,0.0,0.0,0.0,49927.090000000004,89.18394331090127,49837.906056689106,0.0017862836250000004
2024-03,JP01,Software,C054,Nimbus JP01,Core,2.16125,30,69656.49,0.0,0.0,0.0,0.0,69656.49,0.0,0.0,0.0,0.8887031249999999,123.80788067906249,0.0,0.0,0.0,0.0,69656.49,123.80788067906249,69532.68211932095,0.0017774062499999997
2024-03,JP01,Software,C055,Summit JP01,Strategic,1.29925,30,13812.870000000155,0.0,0.0,0.0,0.0,13812.870000000155,0.0,0.0,0.0,0.748628125,20.681405937937733,0.0,0.0,0.0,0.0,13812.870000000155,20.681405937937733,13792.188594062218,0.00149725625
2024-03,JP01,Software,C056,Cobalt JP01,Core,2.1768300000000003,30,106026.9,0.0,0.0,0.0,0.0,106026.9,0.0,0.0,0.0,0.8912348750000001,188.989741936275,0.0,0.0,0.0,0.0,106026.9,188.989741936275,105837.91025806373,0.00178246975
2024-03,JP01,Software,C057,Vertex JP01,Core,2.26337,30,80583.91,0.0,0.0,0.0,0.0,80583.91,0.0,0.0,0.0,0.905297625,145.90484467242752,0.0,0.0,0.0,0.0,80583.91,145.90484467242752,80438.00515532757,0.0018105952500000002
2024-03,JP01,Software,C058,Nova JP01,Core,2.3047950000000004,30,80666.49,0.0,0.0,0.0,0.0,80666.49,0.0,0.0,0.0,0.9120291875000001,147.14038666635378,0.0,0.0,0.0,0.0,80666.49,147.14038666635378,80519.34961333364,0.0018240583750000002
2024-03,JP01,Software,C059,Meridian JP01,Growth,3.295,30,47882.77,0.0,0.0,0.0,0.0,47882.77,0.0,0.0,0.0,1.0729375,102.75043907375002,0.0,0.0,0.0,0.0,47882.77,102.75043907375002,47780.019560926245,0.0021458750000000006
2024-03,JP01,Spare Parts,C067,Orion JP01,Core,2.41448,45,471162.43,0.0,0.0,0.0,0.0,471162.43,0.0,0.0,14.50995912386308,0.929853,876.22359804558,0.0,0.0,0.0,0.0,471162.43,876.22359804558,470286.2064019544,0.001859706
2024-03,JP01,Spare Parts,C068,Atlas JP01,Core,2.34401,45,723499.4,0.0,0.0,0.0,0.0,723499.4,0.0,0.0,14.124636592649557,0.918401625,1328.92604929305,0.0,0.0,0.0,0.0,723499.4,1328.92604929305,722170.473950707,0.00183680325
2024-03,JP01,Spare Parts,C069,Nimbus JP01,Growth,3.28588,45,471053.94,0.0,0.0,0.0,0.0,471053.94,0.0,0.0,14.447488115692229,1.0714555000000001,1009.4266696193401,0.0,0.0,0.0,0.0,471053.94,1009.4266696193401,470044.51333038067,0.0021429110000000004
2024-03,JP01,Spare Parts,C070,Summit JP01,Core,1.9708350000000001,45,654645.2399999998,0.0,0.0,0.0,0.0,654645.2399999998,0.0,0.0,10.853121608277474,0.8577606875,1123.0579022620045,0.0,0.0,0.0,0.0,654645.2399999998,1123.0579022620045,653522.1820977378,0.0017155213749999998
2024-03,JP01,Spare Parts,C071,Cobalt JP01,Growth,2.876375,45,526503.44,0.0,0.0,0.0,0.0,526503.44,0.0,0.0,14.522533034162132,1.0049109375,1058.17813097475,0.0,0.0,0.0,0.0,526503.44,1058.17813097475,525445.2618690252,0.002009821875
2024-03,JP01,Spare Parts,C073,Nova JP01,Core,2.219815,45,738776.26,0.0,0.0,0.0,0.0,738776.26,0.0,0.0,14.368585287242444,0.8982199375,1327.1671321673673,0.0,0.0,0.0,0.0,738776.26,1327.1671321673673,737449.0928678326,0.0017964398749999997
2024-03,JP01,Spare Parts,C072,Vertex JP01,Strategic,1.1821099999999998,45,516654.09,0.0,0.0,0.0,0.0,516654.09,0.0,0.0,0.0,0.7295928749999999,753.8942858072174,0.0,0.0,0.0,0.0,516654.09,753.8942858072174,515900.1957141928,0.0014591857499999998
2024-03,US01,Events,C048,Northstar US01,Growth,3.1211550000000003,30,420193.7600000001,0.0,0.0,0.0,0.0,420193.7600000001,0.0,0.0,3.741358986387627,1.0446876875000002,877.9424948726604,0.0,0.0,0.0,0.0,420193.7600000001,877.9424948726604,419315.81750512746,0.0020893753750000003
2024-03,US01,Events,C049,Kestrel US01,Strategic,1.447995,30,458167.38,0.0,0.0,0.0,0.0,458167.38,0.0,0.0,0.0,0.7727991875,708.1427580060075,0.0,0.0,0.0,0.0,458167.38,708.1427580060075,457459.237241994,0.001545598375
2024-03,US01,Events,C051,Vector US01,Growth,2.8275900000000003,30,228415.01,0.0,0.0,0.0,0.0,228415.01,0.0,0.0,0.0,0.9969833750000001,455.4519351409176,0.0,0.0,0.0,0.0,228415.01,455.4519351409176,227959.5580648591,0.0019939667500000003
2024-03,US01,Hardware,C041,Summit US01,Growth,2.82761,45,1203298.55,0.0,0.0,0.0,0.0,1203298.55,0.0,0.0,14.614566351800224,0.996986625,2399.3451204637877,0.0,0.0,0.0,0.0,1203298.55,2399.3451204637877,1200899.2048795363,0.00199397325
2024-03,US01,Hardware,C042,Cobalt US01,Growth,2.902705,45,718042.15,0.0,0.0,0.0,0.0,718042.15,0.0,0.0,14.920941061746861,1.0091895625,1449.2812864301188,0.0,0.0,0.0,0.0,718042.15,1449.2812864301188,716592.86871357,0.002018379125
2024-03,US01,Hardware,C043,Vertex US01,Core,2.0013,45,1098985.46,0.0,0.0,0.0,0.0,1098985.46,0.0,0.0,14.463529026125606,0.86271125,1896.2142398568499,0.0,0.0,0.0,0.0,1098985.46,1896.2142398568499,1097089.245760143,0.0017254224999999998
2024-03,US01,Hardware,C044,Nova US01,Core,2.11017,45,1376202.76,0.0,0.0,0.0,0.0,1376202.76,0.0,0.0,14.073276309953048,0.880402625,2423.2250448724903,0.0,0.0,0.0,0.0,1376202.76,2423.2250448724903,1373779.5349551276,0.0017608052500000001
2024-03,US01,Hardware,C045,Meridian US01,Strategic,1.0499999999999998,45,1182348.1600000001,0.0,0.0,0.0,0.0,1182348.1600000001,0.0,0.0,6.659585870205951,0.7081249999999999,1674.5005816,0.0,0.0,0.0,0.0,1182348.1600000001,1674.5005816,1180673.6594184001,0.0014162499999999998
2024-03,US01,Hardware,C046,Orion US01,Core,2.182275,45,1813896.96,0.0,0.0,0.0,0.0,1813896.96,0.0,0.0,15.143517303209991,0.8921196875,3236.4263782248004,0.0,0.0,0.0,0.0,1813896.96,3236.4263782248004,1810660.5336217752,0.0017842393750000002
2024-03,US01,Hardware,C047,Atlas US01,Core,2.2454699999999996,45,1891324.93,0.0,0.0,0.0,0.0,1891324.93,0.0,0.0,14.64379772120912,0.902388875,3413.4211516843075,0.0,0.0,0.0,0.0,1891324.93,3413.4211516843075,1887911.5088483156,0.00180477775
2024-03,US01,Software,C034,Kestrel US01,Growth,2.9399699999999998,30,84802.37,0.0,0.0,0.0,0.0,84802.37,0.0,0.0,0.0,1.0152451249999999,172.19038546189248,0.0,0.0,0.0,0.0,84802.37,172.19038546189248,84630.17961453811,0.0020304902499999997
2024-03,US01,Software,C035,Helix US01,Core,2.18574,30,83615.31,0.0,0.0,0.0,0.0,83615.31,0.0,0.0,0.0,0.89268275,149.28388974580497,0.0,0.0,0.0,0.0,83615.31,149.28388974580497,83466.0261102542,0.0017853654999999996
2024-03,US01,Software,C036,Vector US01,Growth,3.016975,30,71461.07,0.0,0.0,0.0,0.0,71461.07,0.0,0.0,0.0,1.0277584375,146.88943529055626,0.0,0.0,0.0,0.0,71461.07,146.88943529055626,71314.18056470944,0.002055516875
2024-03,US01,Software,C037,Redwood US01,Core,2.305165,30,104930.84,0.0,0.0,0.0,0.0,104930.84,0.0,0.0,0.0,0.9120893125,191.41259543129502,0.0,0.0,0.0,0.0,104930.84,191.41259543129502,104739.4274045687,0.0018241786250000002
2024-03,US01,Software,C038,Pioneer US01,Strategic,1.2493699999999999,30,82204.42000000019,0.0,0.0,0.0,0.0,82204.42000000019,0.0,0.0,0.0,0.740522625,121.74846577000527,0.0,0.0,0.0,0.0,82204.42000000019,121.74846577000527,82082.67153423018,0.00148104525
2024-03,US01,Software,C039,Keystone US01,Strategic,1.335245,30,158857.81,0.0,0.0,0.0,0.0,158857.81,0.0,0.0,0.0,0.7544773124999999,239.70922711687123,0.0,0.0,0.0,0.0,158857.81,239.70922711687123,158618.10077288313,0.001508954625
2024-03,US01,Software,C040,Axiom US01,Growth,2.8075,30,62567.09,0.0,0.0,0.0,0.0,62567.09,0.0,0.0,0.0,0.99371875,124.34818093187499,0.0,0.0,0.0,0.0,62567.09,124.34818093187499,62442.74181906812,0.0019874375
2024-04,DE01,Hardware,C010,Keystone DE01,Growth,3.8942900000000003,45,657164.3099999999,299974.65,0.0,0.0,0.0,957138.96,299974.65,0.31340762682985973,28.107866594418013,1.1703221250000002,1538.1878635067178,3510.6696983413135,0.0,0.0,0.0,957138.96,5048.857561848032,952090.102438152,0.005274947288581829
2024-04,DE01,Hardware,C008,Redwood DE01,Core,2.225305,45,771533.3899999999,0.0,0.0,0.0,0.0,771533.3899999999,0.0,0.0,14.986027370766159,0.8991120625,1387.3899551410336,0.0,0.0,0.0,0.0,771533.3899999999,1387.3899551410336,770146.0000448589,0.0017982241250000001
2024-04,DE01,Hardware,C009,Pioneer DE01,Strategic,1.306745,45,1667880.29,0.0,0.0,0.0,0.0,1667880.29,0.0,0.0,14.775713489605417,0.7498460625,2501.306936355716,0.0,0.0,0.0,0.0,1667880.29,2501.306936355716,1665378.9830636443,0.0014996921249999999
2024-04,DE01,Hardware,C011,Axiom DE01,Strategic,1.0,45,1777658.8600000006,0.0,0.0,0.0,0.0,1777658.8600000006,0.0,0.0,7.362685774254804,0.7,2488.722404000001,0.0,0.0,0.0,0.0,1777658.8600000006,2488.722404000001,1775170.1375960005,0.0014000000000000002
2024-04,DE01,Hardware,C012,Northstar DE01,Growth,2.752895,45,873291.8899999999,0.0,0.0,0.0,0.0,873291.8899999999,0.0,0.0,14.518109059732595,0.9848454375,1720.1150669445037,0.0,0.0,0.0,0.0,873291.8899999999,1720.1150669445037,871571.7749330554,0.001969690875
2024-04,DE01,Hardware,C013,Kestrel DE01,Core,1.8694799999999998,45,1448259.74,0.0,0.0,0.0,0.0,1448259.74,0.0,0.0,14.279043895813881,0.8412904999999999,2436.81432158894,0.0,0.0,0.0,0.0,1448259.74,2436.81432158894,1445822.925678411,0.001682581
2024-04,DE01,Hardware,C014,Helix DE01,Core,2.0470550000000003,45,1081753.5,0.0,0.0,0.0,0.0,1081753.5,0.0,0.0,15.169116254303773,0.8701464375000001,1882.5679085563127,0.0,0.0,0.0,0.0,1081753.5,1882.5679085563127,1079870.9320914438,0.0017402928750000002
2024-04,DE01,Software,C001,Meridian DE01,Growth,3.922925,30,115510.89,0.0,0.0,0.0,0.0,115510.89,0.0,0.0,15.394987433652359,1.1749753125,271.4448881498063,0.0,0.0,0.0,0.0,115510.89,271.4448881498063,115239.44511185019,0.002349950625
2024-04,DE01,Software,C002,Orion DE01,Core,1.8911449999999999,30,79681.61,0.0,0.0,0.0,0.0,79681.61,0.0,0.0,0.0,0.8448110624999999,134.63181121162125,0.0,0.0,0.0,0.0,79681.61,134.63181121162125,79546.97818878837,0.0016896221250000001
2024-04,DE01,Software,C003,Atlas DE01,Growth,2.7558400000000005,30,42930.8,0.0,0.0,0.0,0.0,42930.8,0.0,0.0,0.0,0.9853240000000001,84.60149515840001,0.0,0.0,0.0,0.0,42930.8,84.60149515840001,42846.1985048416,0.001970648
2024-04,DE01,Software,C004,Nimbus DE01,Strategic,1.0,30,44218.52999999997,0.0,0.0,0.0,0.0,44218.52999999997,0.0,0.0,0.0,0.7,61.90594199999996,0.0,0.0,0.0,0.0,44218.52999999997,61.90594199999996,44156.62405799997,0.0014
2024-04,DE01,Software,C005,Summit DE01,Core,2.047655,30,85412.43,0.0,0.0,0.0,0.0,85412.43,0.0,0.0,0.0,0.8702439375,148.65929878928625,0.0,0.0,0.0,0.0,85412.43,148.65929878928625,85263.77070121071,0.0017404878750000002
2024-04,DE01,Software,C006,Cobalt DE01,Core,2.081205,30,91350.53,0.0,0.0,0.0,0.0,91350.53,0.0,0.0,0.0,0.8756958125000001,159.99055318131127,0.0,0.0,0.0,0.0,91350.53,159.99055318131127,91190.53944681869,0.0017513916250000003
2024-04,DE01,Software,C007,Vertex DE01,Core,2.185245,30,67660.26,0.0,0.0,0.0,0.0,67660.26,0.0,0.0,0.0,0.8926023125,120.78740908070249,0.0,0.0,0.0,0.0,67660.26,120.78740908070249,67539.4725909193,0.001785204625
2024-04,ES01,Events,C023,Redwood ES01,Growth,2.795945,30,991894.22,0.0,0.0,0.0,0.0,991894.22,0.0,0.0,11.722089075183842,0.9918410625,1967.6028341048177,0.0,0.0,0.0,0.0,991894.22,1967.6028341048177,989926.6171658952,0.0019836821250000004
2024-04,ES01,Events,C026,Axiom ES01,Core,2.21812,30,738120.9899999998,0.0,0.0,0.0,0.0,738120.9899999998,0.0,0.0,4.672766046119342,0.8979444999999999,1325.5833666101096,0.0,0.0,0.0,0.0,738120.9899999998,1325.5833666101096,736795.4066333896,0.001795889
2024-04,ES01,Events,C022,Vector ES01,Strategic,1.0,30,667163.27,0.0,0.0,0.0,0.0,667163.27,0.0,0.0,0.0,0.7,934.0285779999999,0.0,0.0,0.0,0.0,667163.27,934.0285779999999,666229.241422,0.0013999999999999998
2024-04,ES01,Events,C024,Pioneer ES01,Strategic,1.02279,30,507137.65,0.0,0.0,0.0,0.0,507137.65,0.0,0.0,0.0,0.703703375,713.7489517891375,0.0,0.0,0.0,0.0,507137.65,713.7489517891375,506423.90104821086,0.00140740675
2024-04,ES01,Events,C025,Keystone ES01,Core,2.0810400000000002,30,547541.39,0.0,0.0,0.0,0.0,547541.39,0.0,0.0,0.0,0.875669,958.93004287982,0.0,0.0,0.0,0.0,547541.39,958.93004287982,546582.4599571202,0.001751338
2024-04,ES01,Hardware,C015,Nova ES01,Strategic,1.134235,45,1129761.74,0.0,0.0,0.0,0.0,1129761.74,0.0,0.0,14.442779324426406,0.7218131875,1630.9538453298924,0.0,0.0,0.0,0.0,1129761.74,1630.9538453298924,1128130.7861546702,0.001443626375
2024-04,ES01,Hardware,C016,Meridian ES01,Core,2.18475,45,628450.6699999999,0.0,0.0,0.0,0.0,628450.6699999999,0.0,0.0,14.924028643330113,0.892521875,1121.8119406668125,0.0,0.0,0.0,0.0,628450.6699999999,1121.8119406668125,627328.858059333,0.00178504375
2024-04,ES01,Hardware,C017,Orion ES01,Strategic,1.2359149999999999,45,1645215.6099999999,0.0,0.0,0.0,0.0,1645215.6099999999,0.0,0.0,15.439968017322666,0.7383361875,2429.4444422057736,0.0,0.0,0.0,0.0,1645215.6099999999,2429.4444422057736,1642786.165557794,0.001476672375
2024-04,ES01,Hardware,C018,Atlas ES01,Strategic,1.285565,45,1207243.13,0.0,0.0,0.0,0.0,1207243.13,0.0,0.0,15.432720747808276,0.7464043125,1802.182956935996,0.0,0.0,0.0,0.0,1207243.13,1802.182956935996,1205440.9470430638,0.0014928086249999999
2024-04,ES01,Hardware,C019,Nimbus ES01,Core,2.209905,45,890890.8400000001,0.0,0.0,0.0,0.0,890890.8400000001,0.0,0.0,14.518138271575449,0.8966095625,1597.5624925753152,0.0,0.0,0.0,0.0,890890.8400000001,1597.5624925753152,889293.2775074248,0.0017932191250000001
2024-04,ES01,Hardware,C020,Summit ES01,Strategic,1.0,45,1365014.2300000004,0.0,0.0,0.0,0.0,1365014.2300000004,0.0,0.0,7.365697938548236,0.7,1911.0199220000004,0.0,0.0,0.0,0.0,1365014.2300000004,1911.0199220000004,1363103.2100780006,0.0013999999999999998
2024-04,ES01,Hardware,C021,Cobalt ES01,Core,1.9086199999999998,45,682247.62,0.0,0.0,0.0,0.0,682247.62,0.0,0.0,14.981525476043434,0.8476507499999999,1156.6154135574297,0.0,0.0,0.0,0.0,682247.62,1156.6154135574297,681091.0045864426,0.0016953014999999997
2024-04,ES01,Spare Parts,C027,Cobalt ES01,Core,2.25286,45,479630.11999999953,0.0,0.0,0.0,0.0,479630.11999999953,0.0,0.0,10.260563494219234,0.9035897500000001,866.7777204465392,0.0,0.0,0.0,0.0,479630.11999999953,866.7777204465392,478763.342279553,0.0018071795
2024-04,ES01,Spare Parts,C028,Vertex ES01,Growth,3.0423750000000003,45,606057.72,0.0,0.0,0.0,0.0,606057.72,0.0,0.0,14.870064356246463,1.0318859375,1250.764877162625,0.0,0.0,0.0,0.0,606057.72,1250.764877162625,604806.9551228373,0.0020637718750000002
2024-04,ES01,Spare Parts,C029,Nova ES01,Core,2.341555,45,489334.74,0.0,0.0,0.0,0.0,489334.74,0.0,0.0,14.77820888008074,0.9180026875,898.4212128142275,0.0,0.0,0.0,0.0,489334.74,898.4212128142275,488436.31878718577,0.001836005375
2024-04,ES01,Spare Parts,C030,Meridian ES01,Growth,2.7239050000000002,45,326884.49,0.0,0.0,0.0,0.0,326884.49,0.0,0.0,14.432933174651389,0.9801345625,640.7815731883712,0.0,0.0,0.0,0.0,326884.49,640.7815731883712,326243.7084268116,0.001960269125
2024-04,ES01,Spare Parts,C031,Orion ES01,Growth,2.81174,45,352714.37,0.0,0.0,0.0,0.0,352714.37,0.0,0.0,15.092459941453477,0.9944077499999999,701.483806128735,0.0,0.0,0.0,0.0,352714.37,701.483806128735,352012.88619387127,0.0019888155
2024-04,ES01,Spare Parts,C033,Nimbus ES01,Growth,2.8488800000000003,45,344038.39,0.0,0.0,0.0,0.0,344038.39,0.0,0.0,14.786335327287166,1.0004430000000002,688.3815980135403,0.0,0.0,0.0,0.0,344038.39,688.3815980135403,343350.0084019865,0.0020008860000000008
2024-04,ES01,Spare Parts,C032,Atlas ES01,Core,2.0051500000000004,45,425771.85,0.0,0.0,0.0,0.0,425771.85,0.0,0.0,0.0,0.8633368750000001,735.1690768839376,0.0,0.0,0.0,0.0,425771.85,735.1690768839376,425036.68092311604,0.0017266737500000002
2024-04,JP01,Hardware,C060,Keystone JP01,Growth,2.7943000000000002,45,1015291.19,0.0,0.0,0.0,0.0,1015291.19,0.0,0.0,14.975618472568447,0.99157375,2013.4721852205248,0.0,0.0,0.0,0.0,1015291.19,2013.4721852205248,1013277.7178147794,0.0019831475
2024-04,JP01,Hardware,C061,Axiom JP01,Core,1.97168,45,993602.5399999989,0.0,0.0,0.0,0.0,993602.5399999989,0.0,0.0,10.187615563060035,0.857898,1704.819263721838,0.0,0.0,0.0,0.0,993602.5399999989,1704.819263721838,991897.720736277,0.001715796
2024-04,JP01,Hardware,C062,Northstar JP01,Growth,2.8876500000000003,45,1036020.0,0.0,0.0,0.0,0.0,1036020.0,0.0,0.0,14.981525163606879,1.006743125,2086.012024725,0.0,0.0,0.0,0.0,1036020.0,2086.012024725,1033933.987975275,0.00201348625
2024-04,JP01,Hardware,C063,Kestrel JP01,Growth,2.933765,45,717911.77,0.0,0.0,0.0,0.0,717911.77,0.0,0.0,15.018574079096098,1.0142368125,1456.2650905220664,0.0,0.0,0.0,0.0,717911.77,1456.2650905220664,716455.5049094779,0.0020284736250000004
2024-04,JP01,Hardware,C064,Helix JP01,Growth,3.0409900000000003,45,387984.54,0.0,0.0,0.0,0.0,387984.54,0.0,0.0,12.500897329568852,1.031660875,800.536940045745,0.0,0.0,0.0,0.0,387984.54,800.536940045745,387184.0030599542,0.0020633217500000004
2024-04,JP01,Hardware,C065,Vector JP01,Growth,3.1325000000000003,45,269016.42,0.0,0.0,0.0,0.0,269016.42,0.0,0.0,12.77394628922651,1.0465312500000001,563.06818058625,0.0,0.0,0.0,0.0,269016.42,563.06818058625,268453.3518194137,0.0020930625000000003
2024-04,JP01,Hardware,C066,Redwood JP01,Growth,3.086145,45,867053.45,0.0,0.0,0.0,0.0,867053.45,0.0,0.0,14.044158061997216,1.0389985625,1801.7345763213311,0.0,0.0,0.0,0.0,867053.45,1801.7345763213311,865251.7154236786,0.0020779971249999998
2024-04,JP01,Software,C053,Atlas JP01,Core,2.188565,30,54866.93,0.0,0.0,0.0,0.0,54866.93,0.0,0.0,0.0,0.8931418125,98.00789861302125,0.0,0.0,0.0,0.0,54866.93,98.00789861302125,54768.922101386976,0.0017862836250000002
2024-04,JP01,Software,C054,Nimbus JP01,Core,2.16125,30,74338.9,0.0,0.0,0.0,0.0,74338.9,0.0,0.0,0.0,0.8887031249999999,132.13042547812498,0.0,0.0,0.0,0.0,74338.9,132.13042547812498,74206.76957452187,0.00177740625
2024-04,JP01,Software,C055,Summit JP01,Strategic,1.29925,30,16760.36000000019,0.0,0.0,0.0,0.0,16760.36000000019,0.0,0.0,0.0,0.748628125,25.094553762250285,0.0,0.0,0.0,0.0,16760.36000000019,25.094553762250285,16735.26544623794,0.00149725625
2024-04,JP01,Software,C056,Cobalt JP01,Core,2.1768300000000003,30,110810.4,0.0,0.0,0.0,0.0,110810.4,0.0,0.0,0.0,0.8912348750000001,197.51618598540003,0.0,0.0,0.0,0.0,110810.4,197.51618598540003,110612.8838140146,0.0017824697500000003
2024-04,JP01,Software,C057,Vertex JP01,Core,2.26337,30,79245.69,0.0,0.0,0.0,0.0,79245.69,0.0,0.0,0.0,0.905297625,143.4818698969725,0.0,0.0,0.0,0.0,79245.69,143.4818698969725,79102.20813010303,0.00181059525
2024-04,JP01,Software,C058,Nova JP01,Core,2.3047950000000004,30,84957.12,0.0,0.0,0.0,0.0,84957.12,0.0,0.0,0.0,0.9120291875000001,154.96674625188,0.0,0.0,0.0,0.0,84957.12,154.96674625188,84802.15325374811,0.0018240583750000002
2024-04,JP01,Software,C059,Meridian JP01,Growth,3.295,30,48185.26,0.0,0.0,0.0,0.0,48185.26,0.0,0.0,0.0,1.0729375,103.3995448025,0.0,0.0,0.0,0.0,48185.26,103.3995448025,48081.8604551975,0.0021458749999999998
2024-04,JP01,Spare Parts,C067,Orion JP01,Core,2.41448,45,497825.62,0.0,0.0,0.0,0.0,497825.62,0.0,0.0,14.660405183646436,0.929853,925.8092924677201,0.0,0.0,0.0,0.0,497825.62,925.8092924677201,496899.8107075323,0.0018597060000000002
2024-04,JP01,Spare Parts,C068,Atlas JP01,Core,2.34401,45,771252.3700000001,0.0,0.0,0.0,0.0,771252.3700000001,0.0,0.0,14.892422178229415,0.918401625,1416.6388597862028,0.0,0.0,0.0,0.0,771252.3700000001,1416.6388597862028,769835.7311402139,0.0018368032500000002
2024-04,JP01,Spare Parts,C069,Nimbus JP01,Growth,3.28588,45,485707.43,0.0,0.0,0.0,0.0,485707.43,0.0,0.0,15.08330230814052,1.0714555000000001,1040.82779452873,0.0,0.0,0.0,0.0,485707.43,1040.82779452873,484666.60220547125,0.002142911
2024-04,JP01,Spare Parts,C070,Summit JP01,Core,1.9708350000000001,45,602643.1599999993,0.0,0.0,0.0,0.0,602643.1599999993,0.0,0.0,8.139393799806815,0.8577606875,1033.847222477544,0.0,0.0,0.0,0.0,602643.1599999993,1033.847222477544,601609.3127775218,0.001715521375
2024-04,JP01,Spare Parts,C071,Cobalt JP01,Growth,2.876375,45,557278.8500000001,0.0,0.0,0.0,0.0,557278.8500000001,0.0,0.0,14.622732587106077,1.0049109375,1120.031223204844,0.0,0.0,0.0,0.0,557278.8500000001,1120.031223204844,556158.8187767953,0.002009821875
2024-04,JP01,Spare Parts,C073,Nova JP01,Core,2.219815,45,782736.8300000001,0.0,0.0,0.0,0.0,782736.8300000001,0.0,0.0,14.753513131610276,0.8982199375,1406.1396530430964,0.0,0.0,0.0,0.0,782736.8300000001,1406.1396530430964,781330.690346957,0.001796439875
2024-04,JP01,Spare Parts,C072,Vertex JP01,Strategic,1.1821099999999998,45,528590.8200000001,0.0,0.0,0.0,0.0,528590.8200000001,0.0,0.0,0.0,0.7295928749999999,771.312192124815,0.0,0.0,0.0,0.0,528590.8200000001,771.312192124815,527819.5078078753,0.0014591857499999998
2024-04,US01,Events,C048,Northstar US01,Growth,3.1211550000000003,30,708370.1900000002,0.0,0.0,0.0,0.0,708370.1900000002,0.0,0.0,12.279677664019152,1.0446876875000002,1480.051231370072,0.0,0.0,0.0,0.0,708370.1900000002,1480.051231370072,706890.1387686301,0.0020893753750000003
2024-04,US01,Events,C049,Kestrel US01,Strategic,1.447995,30,1126897.45,0.0,0.0,0.0,0.0,1126897.45,0.0,0.0,0.0,0.7727991875,1741.7308675116435,0.0,0.0,0.0,0.0,1126897.45,1741.7308675116435,1125155.7191324884,0.0015455983749999998
2024-04,US01,Events,C050,Helix US01,Growth,2.8449999999999998,30,241337.5,0.0,0.0,0.0,0.0,241337.5,0.0,0.0,0.0,0.9998125,482.58449843750003,0.0,0.0,0.0,0.0,241337.5,482.58449843750003,240854.9155015625,0.001999625
2024-04,US01,Events,C051,Vector US01,Growth,2.8275900000000003,30,804176.05,0.0,0.0,0.0,0.0,804176.05,0.0,0.0,0.0,0.9969833750000001,1603.5003048463377,0.0,0.0,0.0,0.0,804176.05,1603.5003048463377,802572.5496951537,0.0019939667500000003
2024-04,US01,Events,C052,Redwood US01,Growth,2.88081,30,241157.74000000002,0.0,0.0,0.0,0.0,241157.74000000002,0.0,0.0,0.0,1.005631625,485.031699915055,0.0,0.0,0.0,0.0,241157.74000000002,485.031699915055,240672.70830008495,0.00201126325
2024-04,US01,Hardware,C041,Summit US01,Growth,2.82761,45,1231513.76,0.0,0.0,0.0,0.0,1231513.76,0.0,0.0,15.032937999815772,0.996986625,2455.60549444692,0.0,0.0,0.0,0.0,1231513.76,2455.60549444692,1229058.1545055532,0.0019939732500000003
2024-04,US01,Hardware,C042,Cobalt US01,Growth,2.902705,45,722904.5700000001,0.0,0.0,0.0,0.0,722904.5700000001,0.0,0.0,14.97763376983493,1.0091895625,1459.0954934551014,0.0,0.0,0.0,0.0,722904.5700000001,1459.0954934551014,721445.474506545,0.002018379125
2024-04,US01,Hardware,C043,Vertex US01,Core,2.0013,45,1163805.2999999998,0.0,0.0,0.0,0.0,1163805.2999999998,0.0,0.0,14.671144477516988,0.86271125,2008.0558502392496,0.0,0.0,0.0,0.0,1163805.2999999998,2008.0558502392496,1161797.2441497606,0.0017254224999999998
2024-04,US01,Hardware,C044,Nova US01,Core,2.11017,45,1414611.12,0.0,0.0,0.0,0.0,1414611.12,0.0,0.0,15.494294361265872,0.880402625,2490.85468680438,0.0,0.0,0.0,0.0,1414611.12,2490.85468680438,1412120.2653131958,0.00176080525
2024-04,US01,Hardware,C045,Meridian US01,Strategic,1.0499999999999998,45,1241512.1300000004,0.0,0.0,0.0,0.0,1241512.1300000004,0.0,0.0,6.355844948530635,0.7081249999999999,1758.2915541125,0.0,0.0,0.0,0.0,1241512.1300000004,1758.2915541125,1239753.838445888,0.0014162499999999998
2024-04,US01,Hardware,C046,Orion US01,Core,2.182275,45,1898357.63,0.0,0.0,0.0,0.0,1898357.63,0.0,0.0,14.195496345965116,0.8921196875,3387.124431277681,0.0,0.0,0.0,0.0,1898357.63,3387.124431277681,1894970.5055687223,0.001784239375
2024-04,US01,Hardware,C047,Atlas US01,Core,2.2454699999999996,45,2023134.19,0.0,0.0,0.0,0.0,2023134.19,0.0,0.0,14.355730007212225,0.902388875,3651.3075713762723,0.0,0.0,0.0,0.0,2023134.19,3651.3075713762723,2019482.8824286237,0.00180477775
2024-04,US01,Software,C034,Kestrel US01,Growth,2.9399699999999998,30,89651.93,0.0,0.0,0.0,0.0,89651.93,0.0,0.0,0.0,1.0152451249999999,182.03736975868247,0.0,0.0,0.0,0.0,89651.93,182.03736975868247,89469.89263024132,0.0020304902499999997
2024-04,US01,Software,C035,Helix US01,Core,2.18574,30,86148.18,0.0,0.0,0.0,0.0,86148.18,0.0,0.0,0.0,0.89268275,153.80598845979,0.0,0.0,0.0,0.0,86148.18,153.80598845979,85994.3740115402,0.0017853655
2024-04,US01,Software,C036,Vector US01,Growth,3.016975,30,69905.07,0.0,0.0,0.0,0.0,69905.07,0.0,0.0,0.0,1.0277584375,143.69105103305625,0.0,0.0,0.0,0.0,69905.07,143.69105103305625,69761.37894896696,0.002055516875
2024-04,US01,Software,C037,Redwood US01,Core,2.305165,30,108704.59,0.0,0.0,0.0,0.0,108704.59,0.0,0.0,0.0,0.9120893125,198.29658951738875,0.0,0.0,0.0,0.0,108704.59,198.29658951738875,108506.29341048261,0.0018241786250000002
2024-04,US01,Software,C038,Pioneer US01,Strategic,1.2493699999999999,30,94302.73000000013,0.0,0.0,0.0,0.0,94302.73000000013,0.0,0.0,0.0,0.740522625,139.66661032853267,0.0,0.0,0.0,0.0,94302.73000000013,139.66661032853267,94163.06338967159,0.0014810452499999997
2024-04,US01,Software,C039,Keystone US01,Strategic,1.335245,30,167166.72,0.0,0.0,0.0,0.0,167166.72,0.0,0.0,0.0,0.7544773124999999,252.24699529007998,0.0,0.0,0.0,0.0,167166.72,252.24699529007998,166914.47300470993,0.001508954625
2024-04,US01,Software,C040,Axiom US01,Growth,2.8075,30,59929.92,0.0,0.0,0.0,0.0,59929.92,0.0,0.0,0.0,0.99371875,119.10697038,0.0,0.0,0.0,0.0,59929.92,119.10697038,59810.813029619996,0.0019874375
2024-05,DE01,Hardware,C010,Keystone DE01,Growth,3.8942900000000003,45,689991.1699999999,296821.83999999997,0.0,0.0,0.0,986813.0099999999,296821.83999999997,0.30078833273590505,29.0020340327698,1.1703221250000002,1615.0238646112725,3473.7716653521,0.0,0.0,0.0,986813.0099999999,5088.795529963372,981724.2144700366,0.005156798175941532
2024-05,DE01,Hardware,C008,Redwood DE01,Core,2.225305,45,807675.83,0.0,0.0,0.0,0.0,807675.83,0.0,0.0,14.34211693570179,0.8991120625,1452.3821626853987,0.0,0.0,0.0,0.0,807675.83,1452.3821626853987,806223.4478373146,0.0017982241250000001
2024-05,DE01,Hardware,C009,Pioneer DE01,Strategic,1.306745,45,1650199.7799999998,0.0,0.0,0.0,0.0,1650199.7799999998,0.0,0.0,15.387402002925974,0.7498460625,2474.7916147427322,0.0,0.0,0.0,0.0,1650199.7799999998,2474.7916147427322,1647724.988385257,0.001499692125
2024-05,DE01,Hardware,C011,Axiom DE01,Strategic,1.0,45,1444565.1399999997,0.0,0.0,0.0,0.0,1444565.1399999997,0.0,0.0,3.2106562532721714,0.7,2022.3911959999994,0.0,0.0,0.0,0.0,1444565.1399999997,2022.3911959999994,1442542.7488039997,0.0014
2024-05,DE01,Hardware,C012,Northstar DE01,Growth,2.752895,45,902970.3,0.0,0.0,0.0,0.0,902970.3,0.0,0.0,14.973039312588684,0.9848454375,1778.5723603060126,0.0,0.0,0.0,0.0,902970.3,1778.5723603060126,901191.727639694,0.001969690875
2024-05,DE01,Hardware,C013,Kestrel DE01,Core,1.8694799999999998,45,1455301.5699999998,0.0,0.0,0.0,0.0,1455301.5699999998,0.0,0.0,15.644886440959452,0.8412904999999999,2448.6627709521695,0.0,0.0,0.0,0.0,1455301.5699999998,2448.6627709521695,1452852.9072290477,0.0016825809999999998
2024-05,DE01,Hardware,C014,Helix DE01,Core,2.0470550000000003,45,1087584.88,0.0,0.0,0.0,0.0,1087584.88,0.0,0.0,14.75136395791012,0.8701464375000001,1892.71621762173,0.0,0.0,0.0,0.0,1087584.88,1892.71621762173,1085692.1637823782,0.0017402928750000002
2024-05,DE01,Software,C001,Meridian DE01,Growth,3.922925,30,115005.23999999999,0.0,0.0,0.0,0.0,115005.23999999999,0.0,0.0,14.669227245645503,1.1749753125,270.256635616275,0.0,0.0,0.0,0.0,115005.23999999999,270.256635616275,114734.98336438372,0.002349950625
2024-05,DE01,Software,C002,Orion DE01,Core,1.8911449999999999,30,80231.24,0.0,0.0,0.0,0.0,80231.24,0.0,0.0,0.0,0.8448110624999999,135.56047822018502,0.0,0.0,0.0,0.0,80231.24,135.56047822018502,80095.67952177982,0.0016896221250000001
2024-05,DE01,Software,C003,Atlas DE01,Growth,2.7558400000000005,30,45698.77,0.0,0.0,0.0,0.0,45698.77,0.0,0.0,0.0,0.9853240000000001,90.05618970296,0.0,0.0,0.0,0.0,45698.77,90.05618970296,45608.713810297035,0.001970648
2024-05,DE01,Software,C004,Nimbus DE01,Strategic,1.0,30,51234.26999999993,0.0,0.0,0.0,0.0,51234.26999999993,0.0,0.0,0.0,0.7,71.7279779999999,0.0,0.0,0.0,0.0,51234.26999999993,71.7279779999999,51162.54202199993,0.0013999999999999998
2024-05,DE01,Software,C005,Summit DE01,Core,2.047655,30,80748.70999999999,0.0,0.0,0.0,0.0,80748.70999999999,0.0,0.0,0.0,0.8702439375,140.54215067689123,0.0,0.0,0.0,0.0,80748.70999999999,140.54215067689123,80608.1678493231,0.001740487875
2024-05,DE01,Software,C006,Cobalt DE01,Core,2.081205,30,92863.0,0.0,0.0,0.0,0.0,92863.0,0.0,0.0,0.0,0.8756958125000001,162.639480472375,0.0,0.0,0.0,0.0,92863.0,162.639480472375,92700.36051952763,0.001751391625
2024-05,DE01,Software,C007,Vertex DE01,Core,2.185245,30,67619.98,0.0,0.0,0.0,0.0,67619.98,0.0,0.0,0.0,0.8926023125,120.7155010384075,0.0,0.0,0.0,0.0,67619.98,120.7155010384075,67499.2644989616,0.001785204625
2024-05,ES01,Events,C023,Redwood ES01,Growth,2.795945,30,293409.16999999987,0.0,0.0,0.0,0.0,293409.16999999987,0.0,0.0,11.641136164898997,0.9918410625,582.0305258400859,0.0,0.0,0.0,0.0,293409.16999999987,582.0305258400859,292827.1394741598,0.001983682125
2024-05,ES01,Events,C022,Vector ES01,Strategic,1.0,30,453730.18,0.0,0.0,0.0,0.0,453730.18,0.0,0.0,0.0,0.7,635.222252,0.0,0.0,0.0,0.0,453730.18,635.222252,453094.957748,0.0014
2024-05,ES01,Events,C024,Pioneer ES01,Strategic,1.02279,30,825405.09,0.0,0.0,0.0,0.0,825405.09,0.0,0.0,0.0,0.703703375,1161.6806951503575,0.0,0.0,0.0,0.0,825405.09,1161.6806951503575,824243.4093048496,0.00140740675
2024-05,ES01,Events,C025,Keystone ES01,Core,2.0810400000000002,30,349638.54000000004,0.0,0.0,0.0,0.0,349638.54000000004,0.0,0.0,0.0,0.875669,612.3352613665201,0.0,0.0,0.0,0.0,349638.54000000004,612.3352613665201,349026.20473863353,0.001751338
2024-05,ES01,Events,C026,Axiom ES01,Core,2.21812,30,138726.19,0.0,0.0,0.0,0.0,138726.19,0.0,0.0,0.0,0.8979444999999999,249.13683863290998,0.0,0.0,0.0,0.0,138726.19,249.13683863290998,138477.0531613671,0.001795889
2024-05,ES01,Hardware,C015,Nova ES01,Strategic,1.134235,45,1205217.83,0.0,0.0,0.0,0.0,1205217.83,0.0,0.0,14.58321662898067,0.7218131875,1739.8842470082664,0.0,0.0,0.0,0.0,1205217.83,1739.8842470082664,1203477.9457529918,0.001443626375
2024-05,ES01,Hardware,C016,Meridian ES01,Core,2.18475,45,581285.19,0.0,0.0,0.0,0.0,581285.19,0.0,0.0,16.29923566433888,0.892521875,1037.6194953770623,0.0,0.0,0.0,0.0,581285.19,1037.6194953770623,580247.5705046229,0.0017850437499999999
2024-05,ES01,Hardware,C017,Orion ES01,Strategic,1.2359149999999999,45,1564320.97,0.0,0.0,0.0,0.0,1564320.97,0.0,0.0,15.312964768349298,0.7383361875,2309.9895620322036,0.0,0.0,0.0,0.0,1564320.97,2309.9895620322036,1562010.9804379677,0.0014766723749999999
2024-05,ES01,Hardware,C018,Atlas ES01,Strategic,1.285565,45,1268171.12,0.0,0.0,0.0,0.0,1268171.12,0.0,0.0,13.86740915531967,0.7464043125,1893.1367859119102,0.0,0.0,0.0,0.0,1268171.12,1893.1367859119102,1266277.9832140882,0.001492808625
2024-05,ES01,Hardware,C019,Nimbus ES01,Core,2.209905,45,954966.17,0.0,0.0,0.0,0.0,954966.17,0.0,0.0,14.443075821209458,0.8966095625,1712.4635997720013,0.0,0.0,0.0,0.0,954966.17,1712.4635997720013,953253.7064002281,0.001793219125
2024-05,ES01,Hardware,C020,Summit ES01,Strategic,1.0,45,1478829.3500000006,0.0,0.0,0.0,0.0,1478829.3500000006,0.0,0.0,8.983815272532972,0.7,2070.361090000001,0.0,0.0,0.0,0.0,1478829.3500000006,2070.361090000001,1476758.9889100005,0.0014
2024-05,ES01,Hardware,C021,Cobalt ES01,Core,1.9086199999999998,45,714352.91,0.0,0.0,0.0,0.0,714352.91,0.0,0.0,14.343496549905563,0.8476507499999999,1211.043559852365,0.0,0.0,0.0,0.0,714352.91,1211.043559852365,713141.8664401476,0.0016953015
2024-05,ES01,Spare Parts,C027,Cobalt ES01,Core,2.25286,45,478575.9499999993,0.0,0.0,0.0,0.0,478575.9499999993,0.0,0.0,9.377996742209856,0.9035897500000001,864.8726460330238,0.0,0.0,0.0,0.0,478575.9499999993,864.8726460330238,477711.0773539663,0.0018071795
2024-05,ES01,Spare Parts,C028,Vertex ES01,Growth,3.0423750000000003,45,616243.81,0.0,0.0,0.0,0.0,616243.81,0.0,0.0,14.879848123748294,1.0318859375,1271.7866432208439,0.0,0.0,0.0,0.0,616243.81,1271.7866432208439,614972.0233567792,0.002063771875
2024-05,ES01,Spare Parts,C029,Nova ES01,Core,2.341555,45,495734.02,0.0,0.0,0.0,0.0,495734.02,0.0,0.0,15.025297638439257,0.9180026875,910.1703252903576,0.0,0.0,0.0,0.0,495734.02,910.1703252903576,494823.84967470967,0.0018360053750000002
2024-05,ES01,Spare Parts,C030,Meridian ES01,Growth,2.7239050000000002,45,339573.05,0.0,0.0,0.0,0.0,339573.05,0.0,0.0,14.985384440844173,0.9801345625,665.6545655970813,0.0,0.0,0.0,0.0,339573.05,665.6545655970813,338907.3954344029,0.001960269125
2024-05,ES01,Spare Parts,C031,Orion ES01,Growth,2.81174,45,356484.37,0.0,0.0,0.0,0.0,356484.37,0.0,0.0,14.749885387681934,0.9944077499999999,708.981640563735,0.0,0.0,0.0,0.0,356484.37,708.981640563735,355775.38835943624,0.0019888155000000003
2024-05,ES01,Spare Parts,C033,Nimbus ES01,Growth,2.8488800000000003,45,348107.91000000003,0.0,0.0,0.0,0.0,348107.91000000003,0.0,0.0,15.0358108782992,1.0004430000000002,696.5242436082602,0.0,0.0,0.0,0.0,348107.91000000003,696.5242436082602,347411.3857563918,0.0020008860000000003
2024-05,ES01,Spare Parts,C032,Atlas ES01,Core,2.0051500000000004,45,422536.75,0.0,0.0,0.0,0.0,422536.75,0.0,0.0,0.0,0.8633368750000001,729.5831146353125,0.0,0.0,0.0,0.0,422536.75,729.5831146353125,421807.1668853647,0.00172667375
2024-05,JP01,Hardware,C060,Keystone JP01,Growth,2.7943000000000002,45,1020711.5700000001,0.0,0.0,0.0,0.0,1020711.5700000001,0.0,0.0,14.944596150702983,0.99157375,2024.2215982665753,0.0,0.0,0.0,0.0,1020711.5700000001,2024.2215982665753,1018687.3484017334,0.0019831475
2024-05,JP01,Hardware,C061,Axiom JP01,Core,1.97168,45,773919.809999999,0.0,0.0,0.0,0.0,773919.809999999,0.0,0.0,6.625836467475846,0.857898,1327.8885143187586,0.0,0.0,0.0,0.0,773919.809999999,1327.8885143187586,772591.9214856803,0.0017157960000000003
2024-05,JP01,Hardware,C062,Northstar JP01,Growth,2.8876500000000003,45,1040306.72,0.0,0.0,0.0,0.0,1040306.72,0.0,0.0,14.956589245141087,1.006743125,2094.6432765026,0.0,0.0,0.0,0.0,1040306.72,2094.6432765026,1038212.0767234974,0.0020134862500000004
2024-05,JP01,Hardware,C063,Kestrel JP01,Growth,2.933765,45,776602.24,0.0,0.0,0.0,0.0,776602.24,0.0,0.0,13.849228660478754,1.0142368125,1575.3171609559201,0.0,0.0,0.0,0.0,776602.24,1575.3171609559201,775026.9228390441,0.0020284736250000004
2024-05,JP01,Hardware,C064,Helix JP01,Growth,3.0409900000000003,45,456326.36,0.0,0.0,0.0,0.0,456326.36,0.0,0.0,14.878345620884142,1.031660875,941.54810368633,0.0,0.0,0.0,0.0,456326.36,941.54810368633,455384.8118963137,0.00206332175
2024-05,JP01,Hardware,C065,Vector JP01,Growth,3.1325000000000003,45,312828.0,0.0,0.0,0.0,0.0,312828.0,0.0,0.0,14.813543864359968,1.0465312500000001,654.7685557500001,0.0,0.0,0.0,0.0,312828.0,654.7685557500001,312173.23144425,0.0020930625000000003
2024-05,JP01,Hardware,C066,Redwood JP01,Growth,3.086145,45,895991.45,0.0,0.0,0.0,0.0,895991.45,0.0,0.0,15.440513187932766,1.0389985625,1861.8676571245812,0.0,0.0,0.0,0.0,895991.45,1861.8676571245812,894129.5823428754,0.002077997125
2024-05,JP01,Software,C053,Atlas JP01,Core,2.188565,30,48850.12,0.0,0.0,0.0,0.0,48850.12,0.0,0.0,0.0,0.8931418125,87.26016943528501,0.0,0.0,0.0,0.0,48850.12,87.26016943528501,48762.85983056472,0.0017862836250000002
2024-05,JP01,Software,C054,Nimbus JP01,Core,2.16125,30,71456.38,0.0,0.0,0.0,0.0,71456.38,0.0,0.0,0.0,0.8887031249999999,127.007016414375,0.0,0.0,0.0,0.0,71456.38,127.007016414375,71329.37298358564,0.00177740625
2024-05,JP01,Software,C055,Summit JP01,Strategic,1.29925,30,17300.720000000234,0.0,0.0,0.0,0.0,17300.720000000234,0.0,0.0,0.0,0.748628125,25.903611149500346,0.0,0.0,0.0,0.0,17300.720000000234,25.903611149500346,17274.816388850733,0.0014972562499999998
2024-05,JP01,Software,C056,Cobalt JP01,Core,2.1768300000000003,30,105046.13,0.0,0.0,0.0,0.0,105046.13,0.0,0.0,0.0,0.8912348750000001,187.24154907956753,0.0,0.0,0.0,0.0,105046.13,187.24154907956753,104858.88845092044,0.0017824697500000003
2024-05,JP01,Software,C057,Vertex JP01,Core,2.26337,30,79681.05,0.0,0.0,0.0,0.0,79681.05,0.0,0.0,0.0,0.905297625,144.2701306450125,0.0,0.0,0.0,0.0,79681.05,144.2701306450125,79536.77986935498,0.00181059525
2024-05,JP01,Software,C058,Nova JP01,Core,2.3047950000000004,30,85744.78,0.0,0.0,0.0,0.0,85744.78,0.0,0.0,0.0,0.9120291875000001,156.40348407153252,0.0,0.0,0.0,0.0,85744.78,156.40348407153252,85588.37651592847,0.0018240583750000002
2024-05,JP01,Software,C059,Meridian JP01,Growth,3.295,30,45898.76,0.0,0.0,0.0,0.0,45898.76,0.0,0.0,0.0,1.0729375,98.49300161500001,0.0,0.0,0.0,0.0,45898.76,98.49300161500001,45800.266998385,0.002145875
2024-05,JP01,Spare Parts,C067,Orion JP01,Core,2.41448,45,506051.85,0.0,0.0,0.0,0.0,506051.85,0.0,0.0,15.09023887571995,0.929853,941.1076617561,0.0,0.0,0.0,0.0,506051.85,941.1076617561,505110.7423382439,0.001859706
2024-05,JP01,Spare Parts,C068,Atlas JP01,Core,2.34401,45,780152.96,0.0,0.0,0.0,0.0,780152.96,0.0,0.0,14.935218857594288,0.918401625,1432.98749242512,0.0,0.0,0.0,0.0,780152.96,1432.98749242512,778719.9725075748,0.0018368032500000002
2024-05,JP01,Spare Parts,C069,Nimbus JP01,Growth,3.28588,45,493965.5,0.0,0.0,0.0,0.0,493965.5,0.0,0.0,14.66732170566568,1.0714555000000001,1058.5241035705,0.0,0.0,0.0,0.0,493965.5,1058.5241035705,492906.9758964295,0.002142911
2024-05,JP01,Spare Parts,C070,Summit JP01,Core,1.9708350000000001,45,567086.5399999998,0.0,0.0,0.0,0.0,567086.5399999998,0.0,0.0,6.84786064574905,0.8577606875,972.8490808447922,0.0,0.0,0.0,0.0,567086.5399999998,972.8490808447922,566113.690919155,0.001715521375
2024-05,JP01,Spare Parts,C071,Cobalt JP01,Growth,2.876375,45,564402.46,0.0,0.0,0.0,0.0,564402.46,0.0,0.0,15.183183113695147,1.0049109375,1134.3484104118127,0.0,0.0,0.0,0.0,564402.46,1134.3484104118127,563268.1115895881,0.0020098218750000006
2024-05,JP01,Spare Parts,C073,Nova JP01,Core,2.219815,45,801457.1699999999,0.0,0.0,0.0,0.0,801457.1699999999,0.0,0.0,14.890361265343726,0.8982199375,1439.7696182926536,0.0,0.0,0.0,0.0,801457.1699999999,1439.7696182926536,800017.4003817072,0.001796439875
2024-05,JP01,Spare Parts,C072,Vertex JP01,Strategic,1.1821099999999998,45,530224.5,0.0,0.0,0.0,0.0,530224.5,0.0,0.0,0.0,0.7295928749999999,773.696034700875,0.0,0.0,0.0,0.0,530224.5,773.696034700875,529450.8039652992,0.00145918575
2024-05,US01,Events,C048,Northstar US01,Growth,3.1211550000000003,30,761225.79,0.0,0.0,0.0,0.0,761225.79,0.0,0.0,16.489914378754825,1.0446876875000002,1590.4864204409216,0.0,0.0,0.0,0.0,761225.79,1590.4864204409216,759635.3035795591,0.0020893753750000003
2024-05,US01,Events,C050,Helix US01,Growth,2.8449999999999998,30,498217.1500000005,0.0,0.0,0.0,0.0,498217.1500000005,0.0,0.0,2.028664810113449,0.9998125,996.2474685687511,0.0,0.0,0.0,0.0,498217.1500000005,996.2474685687511,497220.90253143176,0.001999625
2024-05,US01,Events,C052,Redwood US01,Growth,2.88081,30,561404.56,0.0,0.0,0.0,0.0,561404.56,0.0,0.0,12.886842600637229,1.005631625,1129.13235991042,0.0,0.0,0.0,0.0,561404.56,1129.13235991042,560275.4276400896,0.00201126325
2024-05,US01,Events,C049,Kestrel US01,Strategic,1.447995,30,551892.55,0.0,0.0,0.0,0.0,551892.55,0.0,0.0,0.0,0.7727991875,853.0042284546063,0.0,0.0,0.0,0.0,551892.55,853.0042284546063,551039.5457715455,0.0015455983749999998
2024-05,US01,Events,C051,Vector US01,Growth,2.8275900000000003,30,400326.07,0.0,0.0,0.0,0.0,400326.07,0.0,0.0,0.0,0.9969833750000001,798.2368727381727,0.0,0.0,0.0,0.0,400326.07,798.2368727381727,399527.83312726184,0.0019939667500000003
2024-05,US01,Hardware,C041,Summit US01,Growth,2.82761,45,1231022.15,0.0,0.0,0.0,0.0,1231022.15,0.0,0.0,14.973039112253181,0.996986625,2454.6252372574877,0.0,0.0,0.0,0.0,1231022.15,2454.6252372574877,1228567.5247627425,0.0019939732500000003
2024-05,US01,Hardware,C042,Cobalt US01,Growth,2.902705,45,721943.45,0.0,0.0,0.0,0.0,721943.45,0.0,0.0,15.042365437348312,1.0091895625,1457.1555889104814,0.0,0.0,0.0,0.0,721943.45,1457.1555889104814,720486.2944110895,0.002018379125
2024-05,US01,Hardware,C043,Vertex US01,Core,2.0013,45,1192851.55,0.0,0.0,0.0,0.0,1192851.55,0.0,0.0,14.95559384568851,0.86271125,2058.1729035298754,0.0,0.0,0.0,0.0,1192851.55,2058.1729035298754,1190793.3770964702,0.0017254225000000003
2024-05,US01,Hardware,C044,Nova US01,Core,2.11017,45,1389716.81,0.0,0.0,0.0,0.0,1389716.81,0.0,0.0,14.765549608628538,0.880402625,2447.020655061253,0.0,0.0,0.0,0.0,1389716.81,2447.020655061253,1387269.7893449387,0.0017608052500000001
2024-05,US01,Hardware,C045,Meridian US01,Strategic,1.0499999999999998,45,1095969.9000000004,0.0,0.0,0.0,0.0,1095969.9000000004,0.0,0.0,3.541582756971707,0.7081249999999999,1552.1673708750004,0.0,0.0,0.0,0.0,1095969.9000000004,1552.1673708750004,1094417.7326291255,0.00141625
2024-05,US01,Hardware,C046,Orion US01,Core,2.182275,45,1981737.3900000001,0.0,0.0,0.0,0.0,1981737.3900000001,0.0,0.0,15.139543842385695,0.8921196875,3535.893882147732,0.0,0.0,0.0,0.0,1981737.3900000001,3535.893882147732,1978201.4961178524,0.0017842393750000002
2024-05,US01,Hardware,C047,Atlas US01,Core,2.2454699999999996,45,2153742.46,0.0,0.0,0.0,0.0,2153742.46,0.0,0.0,14.69556276473279,0.902388875,3887.026471038265,0.0,0.0,0.0,0.0,2153742.46,3887.026471038265,2149855.4335289616,0.0018047777499999999
2024-05,US01,Software,C034,Kestrel US01,Growth,2.9399699999999998,30,85543.66,0.0,0.0,0.0,0.0,85543.66,0.0,0.0,0.0,1.0152451249999999,173.69556757931497,0.0,0.0,0.0,0.0,85543.66,173.69556757931497,85369.96443242069,0.0020304902499999997
2024-05,US01,Software,C035,Helix US01,Core,2.18574,30,79469.42,0.0,0.0,0.0,0.0,79469.42,0.0,0.0,0.0,0.89268275,141.88196077301,0.0,0.0,0.0,0.0,79469.42,141.88196077301,79327.53803922699,0.0017853655
2024-05,US01,Software,C036,Vector US01,Growth,3.016975,30,69515.44,0.0,0.0,0.0,0.0,69515.44,0.0,0.0,0.0,1.0277584375,142.89015999305,0.0,0.0,0.0,0.0,69515.44,142.89015999305,69372.54984000695,0.002055516875
2024-05,US01,Software,C037,Redwood US01,Core,2.305165,30,110235.62,0.0,0.0,0.0,0.0,110235.62,0.0,0.0,0.0,0.9120893125,201.0894617176225,0.0,0.0,0.0,0.0,110235.62,201.0894617176225,110034.53053828237,0.001824178625
2024-05,US01,Software,C038,Pioneer US01,Strategic,1.2493699999999999,30,89600.04000000012,0.0,0.0,0.0,0.0,89600.04000000012,0.0,0.0,0.0,0.740522625,132.7017136418102,0.0,0.0,0.0,0.0,89600.04000000012,132.7017136418102,89467.33828635831,0.00148104525
2024-05,US01,Software,C039,Keystone US01,Strategic,1.335245,30,169158.33000000002,0.0,0.0,0.0,0.0,169158.33000000002,0.0,0.0,0.0,0.7544773124999999,255.25224441077623,0.0,0.0,0.0,0.0,169158.33000000002,255.25224441077623,168903.07775558924,0.0015089546249999997
2024-05,US01,Software,C040,Axiom US01,Growth,2.8075,30,57371.73,0.0,0.0,0.0,0.0,57371.73,0.0,0.0,0.0,0.99371875,114.02272764187501,0.0,0.0,0.0,0.0,57371.73,114.02272764187501,57257.70727235813,0.0019874375
2024-06,DE01,Hardware,C010,Keystone DE01,Growth,3.8942900000000003,45,723089.77,360342.47,0.0,0.0,0.0,1083432.24,360342.47,0.33259345319094435,29.08350705901091,1.1703221250000002,1692.495912384323,4217.167652181488,0.0,0.0,0.0,1083432.24,5909.663564565811,1077522.5764354342,0.005454576065196113
2024-06,DE01,Hardware,C008,Redwood DE01,Core,2.225305,45,857555.33,0.0,0.0,0.0,0.0,857555.33,0.0,0.0,14.747146052954974,0.8991120625,1542.0766829283364,0.0,0.0,0.0,0.0,857555.33,1542.0766829283364,856013.2533170716,0.0017982241250000003
2024-06,DE01,Hardware,C009,Pioneer DE01,Strategic,1.306745,45,1675833.3599999999,0.0,0.0,0.0,0.0,1675833.3599999999,0.0,0.0,14.38908341101409,0.7498460625,2513.2340928042895,0.0,0.0,0.0,0.0,1675833.3599999999,2513.2340928042895,1673320.1259071955,0.0014996921249999999
2024-06,DE01,Hardware,C011,Axiom DE01,Strategic,1.0,45,1777170.5099999993,0.0,0.0,0.0,0.0,1777170.5099999993,0.0,0.0,6.577406070056826,0.7,2488.038713999999,0.0,0.0,0.0,0.0,1777170.5099999993,2488.038713999999,1774682.4712859993,0.0014
2024-06,DE01,Hardware,C012,Northstar DE01,Growth,2.752895,45,905489.06,0.0,0.0,0.0,0.0,905489.06,0.0,0.0,14.985160836730595,0.9848454375,1783.5335388943276,0.0,0.0,0.0,0.0,905489.06,1783.5335388943276,903705.5264611057,0.001969690875
2024-06,DE01,Hardware,C013,Kestrel DE01,Core,1.8694799999999998,45,1411506.81,0.0,0.0,0.0,0.0,1411506.81,0.0,0.0,14.80050903898933,0.8412904999999999,2374.97453987661,0.0,0.0,0.0,0.0,1411506.81,2374.97453987661,1409131.8354601234,0.0016825809999999998
2024-06,DE01,Hardware,C014,Helix DE01,Core,2.0470550000000003,45,1103181.52,0.0,0.0,0.0,0.0,1103181.52,0.0,0.0,15.033052765423408,0.8701464375000001,1919.8589390876703,0.0,0.0,0.0,0.0,1103181.52,1919.8589390876703,1101261.6610609123,0.0017402928750000002
2024-06,DE01,Software,C001,Meridian DE01,Growth,3.922925,30,116522.31,0.0,0.0,0.0,0.0,116522.31,0.0,0.0,15.131172734217165,1.1749753125,273.82167521094374,0.0,0.0,0.0,0.0,116522.31,273.82167521094374,116248.48832478905,0.002349950625
2024-06,DE01,Software,C002,Orion DE01,Core,1.8911449999999999,30,81892.87,0.0,0.0,0.0,0.0,81892.87,0.0,0.0,0.0,0.8448110624999999,138.36800503174874,0.0,0.0,0.0,0.0,81892.87,138.36800503174874,81754.50199496825,0.001689622125
2024-06,DE01,Software,C003,Atlas DE01,Growth,2.7558400000000005,30,46333.04,0.0,0.0,0.0,0.0,46333.04,0.0,0.0,0.0,0.9853240000000001,91.30611260992002,0.0,0.0,0.0,0.0,46333.04,91.30611260992002,46241.73388739008,0.0019706480000000006
2024-06,DE01,Software,C004,Nimbus DE01,Strategic,1.0,30,49302.50999999995,0.0,0.0,0.0,0.0,49302.50999999995,0.0,0.0,0.0,0.7,69.02351399999993,0.0,0.0,0.0,0.0,49302.50999999995,69.02351399999993,49233.48648599995,0.0014
2024-06,DE01,Software,C005,Summit DE01,Core,2.047655,30,80126.18,0.0,0.0,0.0,0.0,80126.18,0.0,0.0,0.0,0.8702439375,139.45864476006747,0.0,0.0,0.0,0.0,80126.18,139.45864476006747,79986.72135523992,0.0017404878749999997
2024-06,DE01,Software,C006,Cobalt DE01,Core,2.081205,30,93894.28,0.0,0.0,0.0,0.0,93894.28,0.0,0.0,0.0,0.8756958125000001,164.445655627405,0.0,0.0,0.0,0.0,93894.28,164.445655627405,93729.83434437259,0.0017513916249999998
2024-06,DE01,Software,C007,Vertex DE01,Core,2.185245,30,71229.25,0.0,0.0,0.0,0.0,71229.25,0.0,0.0,0.0,0.8926023125,127.15878653528127,0.0,0.0,0.0,0.0,71229.25,127.15878653528127,71102.09121346472,0.0017852046250000002
2024-06,ES01,Events,C023,Redwood ES01,Growth,2.795945,30,266581.97,0.0,0.0,0.0,0.0,266581.97,0.0,0.0,20.2063890517427,0.9918410625,528.8138887362862,0.0,0.0,0.0,0.0,266581.97,528.8138887362862,266053.15611126367,0.001983682125
2024-06,ES01,Events,C026,Axiom ES01,Core,2.21812,30,81430.06999999966,0.0,0.0,0.0,0.0,81430.06999999966,0.0,0.0,30.0,0.8979444999999999,146.23936698222937,0.0,0.0,0.0,0.0,81430.06999999966,146.23936698222937,81283.83063301742,0.0017958889999999997
2024-06,ES01,Events,C022,Vector ES01,Strategic,1.0,30,523356.83999999997,0.0,0.0,0.0,0.0,523356.83999999997,0.0,0.0,0.0,0.7,732.699576,0.0,0.0,0.0,0.0,523356.83999999997,732.699576,522624.140424,0.0014
2024-06,ES01,Events,C024,Pioneer ES01,Strategic,1.02279,30,435125.04,0.0,0.0,0.0,0.0,435125.04,0.0,0.0,0.0,0.703703375,612.39791839002,0.0,0.0,0.0,0.0,435125.04,612.39791839002,434512.64208161,0.00140740675
2024-06,ES01,Events,C025,Keystone ES01,Core,2.0810400000000002,30,351957.52,0.0,0.0,0.0,0.0,351957.52,0.0,0.0,0.0,0.875669,616.3965791617601,0.0,0.0,0.0,0.0,351957.52,616.3965791617601,351341.12342083827,0.001751338
2024-06,ES01,Hardware,C015,Nova ES01,Strategic,1.134235,45,1244609.65,0.0,0.0,0.0,0.0,1244609.65,0.0,0.0,14.928843111573176,0.7218131875,1796.7513173195186,0.0,0.0,0.0,0.0,1244609.65,1796.7513173195186,1242812.8986826804,0.001443626375
2024-06,ES01,Hardware,C016,Meridian ES01,Core,2.18475,45,583365.3,0.0,0.0,0.0,0.0,583365.3,0.0,0.0,13.65191141811143,0.892521875,1041.3325827318752,0.0,0.0,0.0,0.0,583365.3,1041.3325827318752,582323.9674172682,0.00178504375
2024-06,ES01,Hardware,C017,Orion ES01,Strategic,1.2359149999999999,45,1656474.78,0.0,0.0,0.0,0.0,1656474.78,0.0,0.0,13.869958949812686,0.7383361875,2446.0705475102022,0.0,0.0,0.0,0.0,1656474.78,2446.0705475102022,1654028.7094524899,0.0014766723749999999
2024-06,ES01,Hardware,C018,Atlas ES01,Strategic,1.285565,45,1324090.6,0.0,0.0,0.0,0.0,1324090.6,0.0,0.0,15.451273349421859,0.7464043125,1976.6138679614253,0.0,0.0,0.0,0.0,1324090.6,1976.6138679614253,1322113.9861320388,0.001492808625
2024-06,ES01,Hardware,C019,Nimbus ES01,Core,2.209905,45,929825.96,0.0,0.0,0.0,0.0,929825.96,0.0,0.0,15.97754519566221,0.8966095625,1667.381694393485,0.0,0.0,0.0,0.0,929825.96,1667.381694393485,928158.5783056065,0.0017932191250000001
2024-06,ES01,Hardware,C020,Summit ES01,Strategic,1.0,45,1535128.4600000004,0.0,0.0,0.0,0.0,1535128.4600000004,0.0,0.0,8.984822286468463,0.7,2149.1798440000002,0.0,0.0,0.0,0.0,1535128.4600000004,2149.1798440000002,1532979.2801560005,0.0013999999999999998
2024-06,ES01,Hardware,C021,Cobalt ES01,Core,1.9086199999999998,45,779401.25,0.0,0.0,0.0,0.0,779401.25,0.0,0.0,14.34982148155395,0.8476507499999999,1321.320108226875,0.0,0.0,0.0,0.0,779401.25,1321.320108226875,778079.9298917732,0.0016953015
2024-06,ES01,Spare Parts,C027,Cobalt ES01,Core,2.25286,45,504883.46999999945,0.0,0.0,0.0,0.0,504883.46999999945,0.0,0.0,10.479597995157159,0.9035897500000001,912.4150568728642,0.0,0.0,0.0,0.0,504883.46999999945,912.4150568728642,503971.05494312657,0.0018071795000000003
2024-06,ES01,Spare Parts,C028,Vertex ES01,Growth,3.0423750000000003,45,620557.9,0.0,0.0,0.0,0.0,620557.9,0.0,0.0,15.015037275329183,1.0318859375,1280.6899408290626,0.0,0.0,0.0,0.0,620557.9,1280.6899408290626,619277.210059171,0.0020637718750000002
2024-06,ES01,Spare Parts,C029,Nova ES01,Core,2.341555,45,497554.94,0.0,0.0,0.0,0.0,497554.94,0.0,0.0,14.919898895989256,0.9180026875,913.5135441978025,0.0,0.0,0.0,0.0,497554.94,913.5135441978025,496641.4264558022,0.001836005375
2024-06,ES01,Spare Parts,C030,Meridian ES01,Growth,2.7239050000000002,45,355206.99,0.0,0.0,0.0,0.0,355206.99,0.0,0.0,14.353768207095248,0.9801345625,696.3012954811837,0.0,0.0,0.0,0.0,355206.99,696.3012954811837,354510.68870451883,0.001960269125
2024-06,ES01,Spare Parts,C031,Orion ES01,Growth,2.81174,45,370765.13,0.0,0.0,0.0,0.0,370765.13,0.0,0.0,14.662725968863361,0.9944077499999999,737.3834374035149,0.0,0.0,0.0,0.0,370765.13,737.3834374035149,370027.74656259647,0.0019888155
2024-06,ES01,Spare Parts,C033,Nimbus ES01,Growth,2.8488800000000003,45,357190.30000000005,0.0,0.0,0.0,0.0,357190.30000000005,0.0,0.0,14.583689982622708,1.0004430000000002,714.6970706058003,0.0,0.0,0.0,0.0,357190.30000000005,714.6970706058003,356475.6029293942,0.0020008860000000003
2024-06,ES01,Spare Parts,C032,Atlas ES01,Core,2.0051500000000004,45,441864.95,0.0,0.0,0.0,0.0,441864.95,0.0,0.0,0.0,0.8633368750000001,762.9566102100626,0.0,0.0,0.0,0.0,441864.95,762.9566102100626,441101.99338978995,0.0017266737500000002
2024-06,JP01,Hardware,C060,Keystone JP01,Growth,2.7943000000000002,45,1080601.96,0.0,0.0,0.0,0.0,1080601.96,0.0,0.0,14.220985588439985,0.99157375,2142.9930754691,0.0,0.0,0.0,0.0,1080601.96,2142.9930754691,1078458.966924531,0.0019831475
2024-06,JP01,Hardware,C061,Axiom JP01,Core,1.97168,45,971501.5799999988,0.0,0.0,0.0,0.0,971501.5799999988,0.0,0.0,9.717117598511754,0.857898,1666.898524957678,0.0,0.0,0.0,0.0,971501.5799999988,1666.898524957678,969834.6814750411,0.0017157960000000001
2024-06,JP01,Hardware,C062,Northstar JP01,Growth,2.8876500000000003,45,1074675.12,0.0,0.0,0.0,0.0,1074675.12,0.0,0.0,14.562318424195025,1.006743125,2163.8435773371,0.0,0.0,0.0,0.0,1074675.12,2163.8435773371,1072511.2764226631,0.00201348625
2024-06,JP01,Hardware,C063,Kestrel JP01,Growth,2.933765,45,838970.03,0.0,0.0,0.0,0.0,838970.03,0.0,0.0,14.950146908108268,1.0142368125,1701.828578020459,0.0,0.0,0.0,0.0,838970.03,1701.828578020459,837268.2014219796,0.0020284736250000004
2024-06,JP01,Hardware,C064,Helix JP01,Growth,3.0409900000000003,45,481064.93,0.0,0.0,0.0,0.0,481064.93,0.0,0.0,14.344029401602816,1.031660875,992.5917332312275,0.0,0.0,0.0,0.0,481064.93,992.5917332312275,480072.3382667688,0.00206332175
2024-06,JP01,Hardware,C065,Vector JP01,Growth,3.1325000000000003,45,352341.89999999997,0.0,0.0,0.0,0.0,352341.89999999997,0.0,0.0,13.483348701928438,1.0465312500000001,737.4736180687499,0.0,0.0,0.0,0.0,352341.89999999997,737.4736180687499,351604.42638193123,0.0020930625
2024-06,JP01,Hardware,C066,Redwood JP01,Growth,3.086145,45,898568.79,0.0,0.0,0.0,0.0,898568.79,0.0,0.0,14.517726238855902,1.0389985625,1867.2233622347287,0.0,0.0,0.0,0.0,898568.79,1867.2233622347287,896701.5666377653,0.0020779971249999998
2024-06,JP01,Software,C053,Atlas JP01,Core,2.188565,30,45960.29,0.0,0.0,0.0,0.0,45960.29,0.0,0.0,0.0,0.8931418125,82.09811342725125,0.0,0.0,0.0,0.0,45960.29,82.09811342725125,45878.19188657275,0.001786283625
2024-06,JP01,Software,C054,Nimbus JP01,Core,2.16125,30,72279.79,0.0,0.0,0.0,0.0,72279.79,0.0,0.0,0.0,0.8887031249999999,128.47055049468747,0.0,0.0,0.0,0.0,72279.79,128.47055049468747,72151.3194495053,0.0017774062499999997
2024-06,JP01,Software,C055,Summit JP01,Strategic,1.29925,30,7880.550000000221,0.0,0.0,0.0,0.0,7880.550000000221,0.0,0.0,0.0,0.748628125,11.799202740937831,0.0,0.0,0.0,0.0,7880.550000000221,11.799202740937831,7868.750797259283,0.00149725625
2024-06,JP01,Software,C056,Cobalt JP01,Core,2.1768300000000003,30,103339.06,0.0,0.0,0.0,0.0,103339.06,0.0,0.0,0.0,0.8912348750000001,184.19874844343502,0.0,0.0,0.0,0.0,103339.06,184.19874844343502,103154.86125155656,0.0017824697500000003
2024-06,JP01,Software,C057,Vertex JP01,Core,2.26337,30,79890.43,0.0,0.0,0.0,0.0,79890.43,0.0,0.0,0.0,0.905297625,144.64923307845748,0.0,0.0,0.0,0.0,79890.43,144.64923307845748,79745.78076692154,0.00181059525
2024-06,JP01,Software,C058,Nova JP01,Core,2.3047950000000004,30,87555.99,0.0,0.0,0.0,0.0,87555.99,0.0,0.0,0.0,0.9120291875000001,159.70723684091627,0.0,0.0,0.0,0.0,87555.99,159.70723684091627,87396.28276315909,0.0018240583750000002
2024-06,JP01,Software,C059,Meridian JP01,Growth,3.295,30,48513.23,0.0,0.0,0.0,0.0,48513.23,0.0,0.0,0.0,1.0729375,104.10332742625002,0.0,0.0,0.0,0.0,48513.23,104.10332742625002,48409.12667257375,0.002145875
2024-06,JP01,Spare Parts,C067,Orion JP01,Core,2.41448,45,515394.41,0.0,0.0,0.0,0.0,515394.41,0.0,0.0,14.63949172440578,0.929853,958.48207664346,0.0,0.0,0.0,0.0,515394.41,958.48207664346,514435.92792335653,0.001859706
2024-06,JP01,Spare Parts,C068,Atlas JP01,Core,2.34401,45,795005.96,0.0,0.0,0.0,0.0,795005.96,0.0,0.0,14.783327662097024,0.918401625,1460.26953109737,0.0,0.0,0.0,0.0,795005.96,1460.26953109737,793545.6904689026,0.00183680325
2024-06,JP01,Spare Parts,C069,Nimbus JP01,Growth,3.28588,45,515144.56999999995,0.0,0.0,0.0,0.0,515144.56999999995,0.0,0.0,14.702307936585647,1.0714555000000001,1103.90896564327,0.0,0.0,0.0,0.0,515144.56999999995,1103.90896564327,514040.6610343567,0.0021429110000000004
2024-06,JP01,Spare Parts,C070,Summit JP01,Core,1.9708350000000001,45,639035.8299999998,0.0,0.0,0.0,0.0,639035.8299999998,0.0,0.0,8.847948478882627,0.8577606875,1096.279625755866,0.0,0.0,0.0,0.0,639035.8299999998,1096.279625755866,637939.550374244,0.001715521375
2024-06,JP01,Spare Parts,C071,Cobalt JP01,Growth,2.876375,45,574732.62,0.0,0.0,0.0,0.0,574732.62,0.0,0.0,14.550501588025401,1.0049109375,1155.1101919520625,0.0,0.0,0.0,0.0,574732.62,1155.1101919520625,573577.5098080479,0.0020098218749999997
2024-06,JP01,Spare Parts,C073,Nova JP01,Core,2.219815,45,820812.53,0.0,0.0,0.0,0.0,820812.53,0.0,0.0,14.753342398415871,0.8982199375,1474.5403587916337,0.0,0.0,0.0,0.0,820812.53,1474.5403587916337,819337.9896412084,0.001796439875
2024-06,JP01,Spare Parts,C072,Vertex JP01,Strategic,1.1821099999999998,45,556398.4400000001,0.0,0.0,0.0,0.0,556398.4400000001,0.0,0.0,0.0,0.7295928749999999,811.88867497023,0.0,0.0,0.0,0.0,556398.4400000001,811.88867497023,555586.5513250298,0.0014591857499999998
2024-06,US01,Events,C048,Northstar US01,Growth,3.1211550000000003,30,632001.54,0.0,0.0,0.0,0.0,632001.54,0.0,0.0,16.272469209489586,1.0446876875000002,1320.4884546380779,0.0,0.0,0.0,0.0,632001.54,1320.4884546380779,630681.051545362,0.0020893753750000003
2024-06,US01,Events,C052,Redwood US01,Growth,2.88081,30,446502.04000000027,0.0,0.0,0.0,0.0,446502.04000000027,0.0,0.0,0.472579475784719,1.005631625,898.0331441020305,0.0,0.0,0.0,0.0,446502.04000000027,898.0331441020305,445604.00685589825,0.00201126325
2024-06,US01,Events,C049,Kestrel US01,Strategic,1.447995,30,1062187.24,0.0,0.0,0.0,0.0,1062187.24,0.0,0.0,0.0,0.7727991875,1641.7148720897349,0.0,0.0,0.0,0.0,1062187.24,1641.7148720897349,1060545.5251279103,0.0015455983749999998
2024-06,US01,Events,C050,Helix US01,Growth,2.8449999999999998,30,253765.82,0.0,0.0,0.0,0.0,253765.82,0.0,0.0,0.0,0.9998125,507.4364778175,0.0,0.0,0.0,0.0,253765.82,507.4364778175,253258.3835221825,0.001999625
2024-06,US01,Events,C051,Vector US01,Growth,2.8275900000000003,30,104062.97,0.0,0.0,0.0,0.0,104062.97,0.0,0.0,0.0,0.9969833750000001,207.49810208624754,0.0,0.0,0.0,0.0,104062.97,207.49810208624754,103855.47189791375,0.0019939667500000003
2024-06,US01,Hardware,C041,Summit US01,Growth,2.82761,45,1264550.54,0.0,0.0,0.0,0.0,1264550.54,0.0,0.0,14.628534894303234,0.996986625,2521.479950033055,0.0,0.0,0.0,0.0,1264550.54,2521.479950033055,1262029.060049967,0.00199397325
2024-06,US01,Hardware,C042,Cobalt US01,Growth,2.902705,45,749741.6799999999,0.0,0.0,0.0,0.0,749741.6799999999,0.0,0.0,14.403049194223804,1.0091895625,1513.2629560544299,0.0,0.0,0.0,0.0,749741.6799999999,1513.2629560544299,748228.4170439455,0.002018379125
2024-06,US01,Hardware,C043,Vertex US01,Core,2.0013,45,1209795.9300000002,0.0,0.0,0.0,0.0,1209795.9300000002,0.0,0.0,14.833694472752939,0.86271125,2087.4091180304254,0.0,0.0,0.0,0.0,1209795.9300000002,2087.4091180304254,1207708.5208819697,0.0017254225
2024-06,US01,Hardware,C044,Nova US01,Core,2.11017,45,1433183.23,0.0,0.0,0.0,0.0,1433183.23,0.0,0.0,14.77241106149421,0.880402625,2523.5565555959574,0.0,0.0,0.0,0.0,1433183.23,2523.5565555959574,1430659.673444404,0.00176080525
2024-06,US01,Hardware,C045,Meridian US01,Strategic,1.0499999999999998,45,1232202.9600000004,0.0,0.0,0.0,0.0,1232202.9600000004,0.0,0.0,5.796114627090337,0.7081249999999999,1745.1074421000005,0.0,0.0,0.0,0.0,1232202.9600000004,1745.1074421000005,1230457.8525579004,0.00141625
2024-06,US01,Hardware,C046,Orion US01,Core,2.182275,45,1987962.63,0.0,0.0,0.0,0.0,1987962.63,0.0,0.0,14.813921124865411,0.8921196875,3547.0012004745563,0.0,0.0,0.0,0.0,1987962.63,3547.0012004745563,1984415.6287995253,0.0017842393750000002
2024-06,US01,Hardware,C047,Atlas US01,Core,2.2454699999999996,45,2240196.5999999996,0.0,0.0,0.0,0.0,2240196.5999999996,0.0,0.0,14.713805163350397,0.902388875,4043.0569793056493,0.0,0.0,0.0,0.0,2240196.5999999996,4043.0569793056493,2236153.543020694,0.00180477775
2024-06,US01,Software,C034,Kestrel US01,Growth,2.9399699999999998,30,85795.13,0.0,0.0,0.0,0.0,85795.13,0.0,0.0,0.0,1.0152451249999999,174.20617496248246,0.0,0.0,0.0,0.0,85795.13,174.20617496248246,85620.92382503752,0.0020304902499999997
2024-06,US01,Software,C035,Helix US01,Core,2.18574,30,82778.07,0.0,0.0,0.0,0.0,82778.07,0.0,0.0,0.0,0.89268275,147.78911033458502,0.0,0.0,0.0,0.0,82778.07,147.78911033458502,82630.28088966542,0.0017853655
2024-06,US01,Software,C036,Vector US01,Growth,3.016975,30,66368.26,0.0,0.0,0.0,0.0,66368.26,0.0,0.0,0.0,1.0277584375,136.42107839438748,0.0,0.0,0.0,0.0,66368.26,136.42107839438748,66231.83892160561,0.002055516875
2024-06,US01,Software,C037,Redwood US01,Core,2.305165,30,110685.74,0.0,0.0,0.0,0.0,110685.74,0.0,0.0,0.0,0.9120893125,201.91056100030752,0.0,0.0,0.0,0.0,110685.74,201.91056100030752,110483.8294389997,0.0018241786250000002
2024-06,US01,Software,C038,Pioneer US01,Strategic,1.2493699999999999,30,97869.59000000011,0.0,0.0,0.0,0.0,97869.59000000011,0.0,0.0,0.0,0.740522625,144.94929138894767,0.0,0.0,0.0,0.0,97869.59000000011,144.94929138894767,97724.64070861117,0.0014810452500000001
2024-06,US01,Software,C039,Keystone US01,Strategic,1.335245,30,165170.0,0.0,0.0,0.0,0.0,165170.0,0.0,0.0,0.0,0.7544773124999999,249.23403541125,0.0,0.0,0.0,0.0,165170.0,249.23403541125,164920.76596458876,0.001508954625
2024-06,US01,Software,C040,Axiom US01,Growth,2.8075,30,60505.44,0.0,0.0,0.0,0.0,60505.44,0.0,0.0,0.0,0.99371875,120.25078041,0.0,0.0,0.0,0.0,60505.44,120.25078041,60385.18921959,0.0019874375
2024-07,DE01,Hardware,C010,Keystone DE01,Growth,3.8942900000000003,45,723831.52,329648.7,0.0,0.0,0.0,1053480.22,329648.69999999995,0.3129139909242909,29.978877154428208,1.1703221250000002,1694.2320852567605,3857.9516708748756,0.0,0.0,0.0,1053480.22,5552.183756131636,1047928.0362438683,0.005270325584405976
2024-07,DE01,Hardware,C008,Redwood DE01,Core,2.225305,45,855467.48,0.0,0.0,0.0,0.0,855467.48,0.0,0.0,15.29007999228679,0.8991120625,1538.322260688955,0.0,0.0,0.0,0.0,855467.48,1538.322260688955,853929.157739311,0.0017982241250000001
2024-07,DE01,Hardware,C009,Pioneer DE01,Strategic,1.306745,45,1650635.499999999,0.0,0.0,0.0,0.0,1650635.499999999,0.0,0.0,15.314364376629479,0.7498460625,2475.445060595436,0.0,0.0,0.0,0.0,1650635.499999999,2475.445060595436,1648160.0549394037,0.001499692125
2024-07,DE01,Hardware,C012,Northstar DE01,Growth,2.752895,45,880616.7,0.0,0.0,0.0,0.0,880616.7,0.0,0.0,15.438922064503206,0.9848454375,1734.5426783626124,0.0,0.0,0.0,0.0,880616.7,1734.5426783626124,878882.1573216374,0.001969690875
2024-07,DE01,Hardware,C013,Kestrel DE01,Core,1.8694799999999998,45,1374553.44,0.0,0.0,0.0,0.0,1374553.44,0.0,0.0,15.608112697313537,0.8412904999999999,2312.7975016286396,0.0,0.0,0.0,0.0,1374553.44,2312.7975016286396,1372240.6424983712,0.0016825809999999998
2024-07,DE01,Hardware,C014,Helix DE01,Core,2.0470550000000003,45,1055692.52,0.0,0.0,0.0,0.0,1055692.52,0.0,0.0,15.640216528198946,0.8701464375000001,1837.2141707467954,0.0,0.0,0.0,0.0,1055692.52,1837.2141707467954,1053855.3058292533,0.0017402928750000002
2024-07,DE01,Hardware,C011,Axiom DE01,Strategic,1.0,45,1314471.53,0.0,0.0,0.0,0.0,1314471.53,0.0,0.0,0.0,0.7,1840.2601419999999,0.0,0.0,0.0,0.0,1314471.53,1840.2601419999999,1312631.269858,0.0013999999999999998
2024-07,DE01,Software,C001,Meridian DE01,Growth,3.922925,30,121233.23,0.0,0.0,0.0,0.0,121233.23,0.0,0.0,14.291049574444234,1.1749753125,284.8921046092687,0.0,0.0,0.0,0.0,121233.23,284.8921046092687,120948.33789539072,0.0023499506249999996
2024-07,DE01,Software,C002,Orion DE01,Core,1.8911449999999999,30,85600.08,0.0,0.0,0.0,0.0,85600.08,0.0,0.0,0.0,0.8448110624999999,144.63178906977,0.0,0.0,0.0,0.0,85600.08,144.63178906977,85455.44821093023,0.0016896221250000001
2024-07,DE01,Software,C003,Atlas DE01,Growth,2.7558400000000005,30,51102.49,0.0,0.0,0.0,0.0,51102.49,0.0,0.0,0.0,0.9853240000000001,100.70501971352,0.0,0.0,0.0,0.0,51102.49,100.70501971352,51001.78498028648,0.001970648
2024-07,DE01,Software,C004,Nimbus DE01,Strategic,1.0,30,69842.92999999996,0.0,0.0,0.0,0.0,69842.92999999996,0.0,0.0,0.0,0.7,97.78010199999994,0.0,0.0,0.0,0.0,69842.92999999996,97.78010199999994,69745.14989799996,0.0014
2024-07,DE01,Software,C005,Summit DE01,Core,2.047655,30,77580.76,0.0,0.0,0.0,0.0,77580.76,0.0,0.0,0.0,0.8702439375,135.028372113285,0.0,0.0,0.0,0.0,77580.76,135.028372113285,77445.73162788671,0.0017404878750000002
2024-07,DE01,Software,C006,Cobalt DE01,Core,2.081205,30,92414.71,0.0,0.0,0.0,0.0,92414.71,0.0,0.0,0.0,0.8756958125000001,161.8543491208038,0.0,0.0,0.0,0.0,92414.71,161.8543491208038,92252.85565087921,0.0017513916250000003
2024-07,DE01,Software,C007,Vertex DE01,Core,2.185245,30,74231.64,0.0,0.0,0.0,0.0,74231.64,0.0,0.0,0.0,0.8926023125,132.518667049335,0.0,0.0,0.0,0.0,74231.64,132.518667049335,74099.12133295066,0.001785204625
2024-07,ES01,Events,C023,Redwood ES01,Growth,2.795945,30,576166.3,0.0,0.0,0.0,0.0,576166.3,0.0,0.0,4.531330798069932,0.9918410625,1142.9307903373876,0.0,0.0,0.0,0.0,576166.3,1142.9307903373876,575023.3692096627,0.001983682125
2024-07,ES01,Events,C025,Keystone ES01,Core,2.0810400000000002,30,317477.3699999996,0.0,0.0,0.0,0.0,317477.3699999996,0.0,0.0,3.3127614733610433,0.875669,556.0101822210594,0.0,0.0,0.0,0.0,317477.3699999996,556.0101822210594,316921.3598177785,0.0017513380000000003
2024-07,ES01,Events,C022,Vector ES01,Strategic,1.0,30,636304.9,0.0,0.0,0.0,0.0,636304.9,0.0,0.0,0.0,0.7,890.8268600000001,0.0,0.0,0.0,0.0,636304.9,890.8268600000001,635414.07314,0.0014000000000000002
2024-07,ES01,Events,C024,Pioneer ES01,Strategic,1.02279,30,953582.28,0.0,0.0,0.0,0.0,953582.28,0.0,0.0,0.0,0.703703375,1342.0781375523902,0.0,0.0,0.0,0.0,953582.28,1342.0781375523902,952240.2018624477,0.0014074067500000002
2024-07,ES01,Events,C026,Axiom ES01,Core,2.21812,30,143032.19,0.0,0.0,0.0,0.0,143032.19,0.0,0.0,0.0,0.8979444999999999,256.86993666691,0.0,0.0,0.0,0.0,143032.19,256.86993666691,142775.32006333309,0.001795889
2024-07,ES01,Hardware,C015,Nova ES01,Strategic,1.134235,45,1175338.77,0.0,0.0,0.0,0.0,1175338.77,0.0,0.0,15.95940487864618,0.7218131875,1696.7500479320588,0.0,0.0,0.0,0.0,1175338.77,1696.7500479320588,1173642.0199520679,0.001443626375
2024-07,ES01,Hardware,C016,Meridian ES01,Core,2.18475,45,608226.54,0.0,0.0,0.0,0.0,608226.54,0.0,0.0,15.679860993898751,0.892521875,1085.710983811125,0.0,0.0,0.0,0.0,608226.54,1085.710983811125,607140.8290161889,0.00178504375
2024-07,ES01,Hardware,C017,Orion ES01,Strategic,1.2359149999999999,45,1676749.74,0.0,0.0,0.0,0.0,1676749.74,0.0,0.0,15.934999459132168,0.7383361875,2476.0100208464323,0.0,0.0,0.0,0.0,1676749.74,2476.0100208464323,1674273.7299791535,0.0014766723749999999
2024-07,ES01,Hardware,C018,Atlas ES01,Strategic,1.285565,45,1270225.04,0.0,0.0,0.0,0.0,1270225.04,0.0,0.0,15.165684499496246,0.7464043125,1896.20289540297,0.0,0.0,0.0,0.0,1270225.04,1896.20289540297,1268328.8371045971,0.0014928086249999999
2024-07,ES01,Hardware,C019,Nimbus ES01,Core,2.209905,45,898454.09,0.0,0.0,0.0,0.0,898454.09,0.0,0.0,14.512085419968427,0.8966095625,1611.1250571224712,0.0,0.0,0.0,0.0,898454.09,1611.1250571224712,896842.9649428775,0.001793219125
2024-07,ES01,Hardware,C020,Summit ES01,Strategic,1.0,45,1109807.2300000004,0.0,0.0,0.0,0.0,1109807.2300000004,0.0,0.0,2.3628562953225787,0.7,1553.7301220000006,0.0,0.0,0.0,0.0,1109807.2300000004,1553.7301220000006,1108253.4998780005,0.0014
2024-07,ES01,Hardware,C021,Cobalt ES01,Core,1.9086199999999998,45,751170.4299999999,0.0,0.0,0.0,0.0,751170.4299999999,0.0,0.0,16.23835046328967,0.8476507499999999,1273.4603567346446,0.0,0.0,0.0,0.0,751170.4299999999,1273.4603567346446,749896.9696432652,0.0016953014999999997
2024-07,ES01,Spare Parts,C027,Cobalt ES01,Core,2.25286,45,350257.2599999994,0.0,0.0,0.0,0.0,350257.2599999994,0.0,0.0,3.418544129534917,0.9035897500000001,632.9777399981691,0.0,0.0,0.0,0.0,350257.2599999994,632.9777399981691,349624.28226000123,0.0018071795000000005
2024-07,ES01,Spare Parts,C028,Vertex ES01,Growth,3.0423750000000003,45,595404.0,0.0,0.0,0.0,0.0,595404.0,0.0,0.0,15.618029102928432,1.0318859375,1228.7780294625,0.0,0.0,0.0,0.0,595404.0,1228.7780294625,594175.2219705374,0.002063771875
2024-07,ES01,Spare Parts,C029,Nova ES01,Core,2.341555,45,489930.97,0.0,0.0,0.0,0.0,489930.97,0.0,0.0,15.314767302830438,0.9180026875,899.5158942989638,0.0,0.0,0.0,0.0,489930.97,899.5158942989638,489031.454105701,0.0018360053750000002
2024-07,ES01,Spare Parts,C030,Meridian ES01,Growth,2.7239050000000002,45,346580.04000000004,0.0,0.0,0.0,0.0,346580.04000000004,0.0,0.0,16.03569236127966,0.9801345625,679.3901517532651,0.0,0.0,0.0,0.0,346580.04000000004,679.3901517532651,345900.6498482468,0.001960269125
2024-07,ES01,Spare Parts,C031,Orion ES01,Growth,2.81174,45,361860.53,0.0,0.0,0.0,0.0,361860.53,0.0,0.0,15.714690961183305,0.9944077499999999,719.6738309022151,0.0,0.0,0.0,0.0,361860.53,719.6738309022151,361140.8561690978,0.0019888155
2024-07,ES01,Spare Parts,C033,Nimbus ES01,Growth,2.8488800000000003,45,344163.67000000004,0.0,0.0,0.0,0.0,344163.67000000004,0.0,0.0,15.999818923362827,1.0004430000000002,688.6322690116202,0.0,0.0,0.0,0.0,344163.67000000004,688.6322690116202,343475.0377309884,0.0020008860000000003
2024-07,ES01,Spare Parts,C032,Atlas ES01,Core,2.0051500000000004,45,407663.48,0.0,0.0,0.0,0.0,407663.48,0.0,0.0,0.0,0.8633368750000001,703.9018297496501,0.0,0.0,0.0,0.0,407663.48,703.9018297496501,406959.57817025034,0.0017266737500000004
2024-07,JP01,Hardware,C060,Keystone JP01,Growth,2.7943000000000002,45,853137.2599999986,0.0,0.0,0.0,0.0,853137.2599999986,0.0,0.0,11.873088979843615,0.99157375,1691.8970243258473,0.0,0.0,0.0,0.0,853137.2599999986,1691.8970243258473,851445.3629756728,0.0019831475
2024-07,JP01,Hardware,C062,Northstar JP01,Growth,2.8876500000000003,45,998644.45,0.0,0.0,0.0,0.0,998644.45,0.0,0.0,16.61301206850947,1.006743125,2010.7568687138128,0.0,0.0,0.0,0.0,998644.45,2010.7568687138128,996633.6931312862,0.0020134862500000004
2024-07,JP01,Hardware,C063,Kestrel JP01,Growth,2.933765,45,753636.71,0.0,0.0,0.0,0.0,753636.71,0.0,0.0,16.753928693309007,1.0142368125,1528.7321890667738,0.0,0.0,0.0,0.0,753636.71,1528.7321890667738,752107.9778109331,0.0020284736250000004
2024-07,JP01,Hardware,C064,Helix JP01,Growth,3.0409900000000003,45,456416.1,0.0,0.0,0.0,0.0,456416.1,0.0,0.0,16.50147398393703,1.031660875,941.733266180175,0.0,0.0,0.0,0.0,456416.1,941.733266180175,455474.3667338198,0.00206332175
2024-07,JP01,Hardware,C065,Vector JP01,Growth,3.1325000000000003,45,313554.55,0.0,0.0,0.0,0.0,313554.55,0.0,0.0,18.559795416778357,1.0465312500000001,656.2892703093751,0.0,0.0,0.0,0.0,313554.55,656.2892703093751,312898.2607296906,0.0020930625000000003
2024-07,JP01,Hardware,C066,Redwood JP01,Growth,3.086145,45,903119.1,0.0,0.0,0.0,0.0,903119.1,0.0,0.0,15.40426727770457,1.0389985625,1876.6788933325874,0.0,0.0,0.0,0.0,903119.1,1876.6788933325874,901242.4211066674,0.002077997125
2024-07,JP01,Hardware,C061,Axiom JP01,Core,1.97168,45,606164.85,0.0,0.0,0.0,0.0,606164.85,0.0,0.0,0.0,0.857898,1040.0552249706,0.0,0.0,0.0,0.0,606164.85,1040.0552249706,605124.7947750294,0.001715796
2024-07,JP01,Software,C053,Atlas JP01,Core,2.188565,30,48910.68,0.0,0.0,0.0,0.0,48910.68,0.0,0.0,0.0,0.8931418125,87.368346771615,0.0,0.0,0.0,0.0,48910.68,87.368346771615,48823.31165322838,0.001786283625
2024-07,JP01,Software,C054,Nimbus JP01,Core,2.16125,30,71251.72,0.0,0.0,0.0,0.0,71251.72,0.0,0.0,0.0,0.8887031249999999,126.64325245125,0.0,0.0,0.0,0.0,71251.72,126.64325245125,71125.07674754875,0.0017774062500000001
2024-07,JP01,Software,C055,Summit JP01,Strategic,1.29925,30,19100.58000000025,0.0,0.0,0.0,0.0,19100.58000000025,0.0,0.0,0.0,0.748628125,28.598462783625372,0.0,0.0,0.0,0.0,19100.58000000025,28.598462783625372,19071.981537216623,0.00149725625
2024-07,JP01,Software,C056,Cobalt JP01,Core,2.1768300000000003,30,110413.56,0.0,0.0,0.0,0.0,110413.56,0.0,0.0,0.0,0.8912348750000001,196.80883068981004,0.0,0.0,0.0,0.0,110413.56,196.80883068981004,110216.75116931018,0.0017824697500000003
2024-07,JP01,Software,C057,Vertex JP01,Core,2.26337,30,84897.84,0.0,0.0,0.0,0.0,84897.84,0.0,0.0,0.0,0.905297625,153.71562583926,0.0,0.0,0.0,0.0,84897.84,153.71562583926,84744.12437416073,0.0018105952500000002
2024-07,JP01,Software,C058,Nova JP01,Core,2.3047950000000004,30,87084.87,0.0,0.0,0.0,0.0,87084.87,0.0,0.0,0.0,0.9120291875000001,158.84788645928626,0.0,0.0,0.0,0.0,87084.87,158.84788645928626,86926.0221135407,0.0018240583750000002
2024-07,JP01,Software,C059,Meridian JP01,Growth,3.295,30,51642.29,0.0,0.0,0.0,0.0,51642.29,0.0,0.0,0.0,1.0729375,110.81789905375001,0.0,0.0,0.0,0.0,51642.29,110.81789905375001,51531.47210094625,0.002145875
2024-07,JP01,Spare Parts,C067,Orion JP01,Core,2.41448,45,505965.44999999995,0.0,0.0,0.0,0.0,505965.44999999995,0.0,0.0,15.64676026791948,0.929853,940.9469831577,0.0,0.0,0.0,0.0,505965.44999999995,940.9469831577,505024.50301684224,0.001859706
2024-07,JP01,Spare Parts,C068,Atlas JP01,Core,2.34401,45,761883.74,0.0,0.0,0.0,0.0,761883.74,0.0,0.0,15.878203674487136,0.918401625,1399.430529754155,0.0,0.0,0.0,0.0,761883.74,1399.430529754155,760484.3094702458,0.00183680325
2024-07,JP01,Spare Parts,C069,Nimbus JP01,Growth,3.28588,45,496902.38,0.0,0.0,0.0,0.0,496902.38,0.0,0.0,15.859298158322362,1.0714555000000001,1064.8175760281802,0.0,0.0,0.0,0.0,496902.38,1064.8175760281802,495837.56242397183,0.0021429110000000004
2024-07,JP01,Spare Parts,C071,Cobalt JP01,Growth,2.876375,45,563165.24,0.0,0.0,0.0,0.0,563165.24,0.0,0.0,15.766830175811275,1.0049109375,1131.861818591625,0.0,0.0,0.0,0.0,563165.24,1131.861818591625,562033.3781814084,0.002009821875
2024-07,JP01,Spare Parts,C073,Nova JP01,Core,2.219815,45,757272.3799999999,0.0,0.0,0.0,0.0,757272.3799999999,0.0,0.0,14.911275517535707,0.8982199375,1360.3942996681521,0.0,0.0,0.0,0.0,757272.3799999999,1360.3942996681521,755911.9857003317,0.0017964398749999997
2024-07,JP01,Spare Parts,C070,Summit JP01,Core,1.9708350000000001,45,411409.96,0.0,0.0,0.0,0.0,411409.96,0.0,0.0,0.0,0.8577606875,705.782580267895,0.0,0.0,0.0,0.0,411409.96,705.782580267895,410704.17741973215,0.001715521375
2024-07,JP01,Spare Parts,C072,Vertex JP01,Strategic,1.1821099999999998,45,508885.54,0.0,0.0,0.0,0.0,508885.54,0.0,0.0,0.0,0.7295928749999999,742.5585283490549,0.0,0.0,0.0,0.0,508885.54,742.5585283490549,508142.98147165094,0.0014591857499999998
2024-07,US01,Events,C048,Northstar US01,Growth,3.1211550000000003,30,463817.66000000003,0.0,0.0,0.0,0.0,463817.66000000003,0.0,0.0,18.705239899662295,1.0446876875000002,969.0891972941228,0.0,0.0,0.0,0.0,463817.66000000003,969.0891972941228,462848.5708027059,0.0020893753750000003
2024-07,US01,Events,C052,Redwood US01,Growth,2.88081,30,809261.5900000002,0.0,0.0,0.0,0.0,809261.5900000002,0.0,0.0,3.681462381033068,1.005631625,1627.6380956035678,0.0,0.0,0.0,0.0,809261.5900000002,1627.6380956035678,807633.9519043966,0.00201126325
2024-07,US01,Events,C049,Kestrel US01,Strategic,1.447995,30,800303.39,0.0,0.0,0.0,0.0,800303.39,0.0,0.0,0.0,0.7727991875,1236.9476190909913,0.0,0.0,0.0,0.0,800303.39,1236.9476190909913,799066.442380909,0.001545598375
2024-07,US01,Events,C051,Vector US01,Growth,2.8275900000000003,30,160071.68,0.0,0.0,0.0,0.0,160071.68,0.0,0.0,0.0,0.9969833750000001,319.17760753664,0.0,0.0,0.0,0.0,160071.68,319.17760753664,159752.50239246336,0.00199396675
2024-07,US01,Hardware,C041,Summit US01,Growth,2.82761,45,1241866.82,0.0,0.0,0.0,0.0,1241866.82,0.0,0.0,15.652237572463687,0.996986625,2476.2492191425654,0.0,0.0,0.0,0.0,1241866.82,2476.2492191425654,1239390.5707808575,0.0019939732500000003
2024-07,US01,Hardware,C042,Cobalt US01,Growth,2.902705,45,699727.81,0.0,0.0,0.0,0.0,699727.81,0.0,0.0,16.711761248991944,1.0091895625,1412.3160048859665,0.0,0.0,0.0,0.0,699727.81,1412.3160048859665,698315.4939951141,0.002018379125
2024-07,US01,Hardware,C043,Vertex US01,Core,2.0013,45,778113.09,0.0,0.0,0.0,0.0,778113.09,0.0,0.0,9.461567469582091,0.86271125,1342.573833030525,0.0,0.0,0.0,0.0,778113.09,1342.573833030525,776770.5161669694,0.0017254225
2024-07,US01,Hardware,C044,Nova US01,Core,2.11017,45,1436651.33,0.0,0.0,0.0,0.0,1436651.33,0.0,0.0,15.190829287715898,0.880402625,2529.6632042834826,0.0,0.0,0.0,0.0,1436651.33,2529.6632042834826,1434121.6667957166,0.00176080525
2024-07,US01,Hardware,C046,Orion US01,Core,2.182275,45,1972310.55,0.0,0.0,0.0,0.0,1972310.55,0.0,0.0,15.306594237910454,0.8921196875,3519.0741430379067,0.0,0.0,0.0,0.0,1972310.55,3519.0741430379067,1968791.4758569621,0.0017842393750000002
2024-07,US01,Hardware,C047,Atlas US01,Core,2.2454699999999996,45,2106565.82,0.0,0.0,0.0,0.0,2106565.82,0.0,0.0,16.255880245887592,0.902388875,3801.8831208465044,0.0,0.0,0.0,0.0,2106565.82,3801.8831208465044,2102763.9368791534,0.0018047777499999999
2024-07,US01,Hardware,C045,Meridian US01,Strategic,1.0499999999999998,45,913186.81,0.0,0.0,0.0,0.0,913186.81,0.0,0.0,0.0,0.7081249999999999,1293.3008196624999,0.0,0.0,0.0,0.0,913186.81,1293.3008196624999,911893.5091803375,0.0014162499999999998
2024-07,US01,Software,C034,Kestrel US01,Growth,2.9399699999999998,30,87909.89,0.0,0.0,0.0,0.0,87909.89,0.0,0.0,0.0,1.0152451249999999,178.5001745235725,0.0,0.0,0.0,0.0,87909.89,178.5001745235725,87731.38982547642,0.00203049025
2024-07,US01,Software,C035,Helix US01,Core,2.18574,30,82057.39,0.0,0.0,0.0,0.0,82057.39,0.0,0.0,0.0,0.89268275,146.502433126045,0.0,0.0,0.0,0.0,82057.39,146.502433126045,81910.88756687395,0.0017853654999999999
2024-07,US01,Software,C036,Vector US01,Growth,3.016975,30,72454.0,0.0,0.0,0.0,0.0,72454.0,0.0,0.0,0.0,1.0277584375,148.93041966125,0.0,0.0,0.0,0.0,72454.0,148.93041966125,72305.06958033875,0.002055516875
2024-07,US01,Software,C037,Redwood US01,Core,2.305165,30,117546.51,0.0,0.0,0.0,0.0,117546.51,0.0,0.0,0.0,0.9120893125,214.42583098534874,0.0,0.0,0.0,0.0,117546.51,214.42583098534874,117332.08416901465,0.001824178625
2024-07,US01,Software,C038,Pioneer US01,Strategic,1.2493699999999999,30,103007.83000000019,0.0,0.0,0.0,0.0,103007.83000000019,0.0,0.0,0.0,0.740522625,152.5592573343078,0.0,0.0,0.0,0.0,103007.83000000019,152.5592573343078,102855.27074266589,0.0014810452500000001
2024-07,US01,Software,C039,Keystone US01,Strategic,1.335245,30,178798.99,0.0,0.0,0.0,0.0,178798.99,0.0,0.0,0.0,0.7544773124999999,269.79956290582874,0.0,0.0,0.0,0.0,178798.99,269.79956290582874,178529.19043709416,0.001508954625
2024-07,US01,Software,C040,Axiom US01,Growth,2.8075,30,67843.88,0.0,0.0,0.0,0.0,67843.88,0.0,0.0,0.0,0.99371875,134.83547125750002,0.0,0.0,0.0,0.0,67843.88,134.83547125750002,67709.04452874251,0.0019874375
2024-08,DE01,Hardware,C010,Keystone DE01,Growth,3.8942900000000003,45,553129.98,393441.07,0.0,0.0,0.0,946571.05,393441.07000000007,0.4156487460714122,35.41010228445081,1.1703221250000002,1294.6805071896154,4604.527891046739,0.0,0.0,0.0,946571.05,5899.208398236354,940671.8416017637,0.006232187640047045
2024-08,DE01,Hardware,C008,Redwood DE01,Core,2.225305,45,774822.48,0.0,0.0,0.0,0.0,774822.48,0.0,0.0,16.240956509160654,0.8991120625,1393.30447612833,0.0,0.0,0.0,0.0,774822.48,1393.30447612833,773429.1755238717,0.001798224125
2024-08,DE01,Hardware,C009,Pioneer DE01,Strategic,1.306745,45,1164764.3499999996,0.0,0.0,0.0,0.0,1164764.3499999996,0.0,0.0,11.92573716735063,0.7498460625,1746.7879231757431,0.0,0.0,0.0,0.0,1164764.3499999996,1746.7879231757431,1163017.5620768238,0.0014996921249999999
2024-08,DE01,Hardware,C012,Northstar DE01,Growth,2.752895,45,732937.87,0.0,0.0,0.0,0.0,732937.87,0.0,0.0,17.49497320966646,0.9848454375,1443.6610344809362,0.0,0.0,0.0,0.0,732937.87,1443.6610344809362,731494.2089655191,0.001969690875
2024-08,DE01,Hardware,C013,Kestrel DE01,Core,1.8694799999999998,45,1258879.0699999998,0.0,0.0,0.0,0.0,1258879.0699999998,0.0,0.0,15.714311780558877,0.8412904999999999,2118.16600447967,0.0,0.0,0.0,0.0,1258879.0699999998,2118.16600447967,1256760.9039955202,0.0016825810000000003
2024-08,DE01,Hardware,C014,Helix DE01,Core,2.0470550000000003,45,947129.8500000001,0.0,0.0,0.0,0.0,947129.8500000001,0.0,0.0,16.00574197930727,0.8701464375000001,1648.2833296548192,0.0,0.0,0.0,0.0,947129.8500000001,1648.2833296548192,945481.5666703453,0.0017402928750000002
2024-08,DE01,Hardware,C011,Axiom DE01,Strategic,1.0,45,1211532.25,0.0,0.0,0.0,0.0,1211532.25,0.0,0.0,0.0,0.7,1696.1451499999998,0.0,0.0,0.0,0.0,1211532.25,1696.1451499999998,1209836.10485,0.0013999999999999998
2024-08,DE01,Software,C001,Meridian DE01,Growth,3.922925,30,128955.98,0.0,0.0,0.0,0.0,128955.98,0.0,0.0,14.76819299112767,1.1749753125,303.0401857984875,0.0,0.0,0.0,0.0,128955.98,303.0401857984875,128652.93981420151,0.0023499506250000005
2024-08,DE01,Software,C002,Orion DE01,Core,1.8911449999999999,30,87675.7,0.0,0.0,0.0,0.0,87675.7,0.0,0.0,0.0,0.8448110624999999,148.13880254486247,0.0,0.0,0.0,0.0,87675.7,148.13880254486247,87527.56119745513,0.0016896221249999997
2024-08,DE01,Software,C003,Atlas DE01,Growth,2.7558400000000005,30,50098.44,0.0,0.0,0.0,0.0,50098.44,0.0,0.0,0.0,0.9853240000000001,98.72639058912002,0.0,0.0,0.0,0.0,50098.44,98.72639058912002,49999.71360941088,0.001970648
2024-08,DE01,Software,C004,Nimbus DE01,Strategic,1.0,30,66760.07999999996,0.0,0.0,0.0,0.0,66760.07999999996,0.0,0.0,0.0,0.7,93.46411199999994,0.0,0.0,0.0,0.0,66760.07999999996,93.46411199999994,66666.61588799996,0.0014
2024-08,DE01,Software,C005,Summit DE01,Core,2.047655,30,80361.13,0.0,0.0,0.0,0.0,80361.13,0.0,0.0,0.0,0.8702439375,139.86757238629875,0.0,0.0,0.0,0.0,80361.13,139.86757238629875,80221.2624276137,0.001740487875
2024-08,DE01,Software,C006,Cobalt DE01,Core,2.081205,30,93955.16,0.0,0.0,0.0,0.0,93955.16,0.0,0.0,0.0,0.8756958125000001,164.552280349535,0.0,0.0,0.0,0.0,93955.16,164.552280349535,93790.60771965046,0.001751391625
2024-08,DE01,Software,C007,Vertex DE01,Core,2.185245,30,75657.11,0.0,0.0,0.0,0.0,75657.11,0.0,0.0,0.0,0.8926023125,135.06342268613375,0.0,0.0,0.0,0.0,75657.11,135.06342268613375,75522.04657731387,0.001785204625
2024-08,ES01,Events,C023,Redwood ES01,Growth,2.795945,30,912757.6799999997,0.0,0.0,0.0,0.0,912757.6799999997,0.0,0.0,13.628719837229957,0.9918410625,1810.6210942724695,0.0,0.0,0.0,0.0,912757.6799999997,1810.6210942724695,910947.0589057272,0.001983682125
2024-08,ES01,Events,C022,Vector ES01,Strategic,1.0,30,459889.87,0.0,0.0,0.0,0.0,459889.87,0.0,0.0,0.0,0.7,643.845818,0.0,0.0,0.0,0.0,459889.87,643.845818,459246.024182,0.0014
2024-08,ES01,Events,C024,Pioneer ES01,Strategic,1.02279,30,723375.5700000001,0.0,0.0,0.0,0.0,723375.5700000001,0.0,0.0,0.0,0.703703375,1018.0836600030976,0.0,0.0,0.0,0.0,723375.5700000001,1018.0836600030976,722357.4863399969,0.00140740675
2024-08,ES01,Events,C025,Keystone ES01,Core,2.0810400000000002,30,165567.34,0.0,0.0,0.0,0.0,165567.34,0.0,0.0,0.0,0.875669,289.96437410092,0.0,0.0,0.0,0.0,165567.34,289.96437410092,165277.3756258991,0.001751338
2024-08,ES01,Events,C026,Axiom ES01,Core,2.21812,30,484568.45,0.0,0.0,0.0,0.0,484568.45,0.0,0.0,0.0,0.8979444999999999,870.23114910205,0.0,0.0,0.0,0.0,484568.45,870.23114910205,483698.218850898,0.001795889
2024-08,ES01,Hardware,C015,Nova ES01,Strategic,1.134235,45,889495.71,0.0,0.0,0.0,0.0,889495.71,0.0,0.0,13.696387136032396,0.7218131875,1284.0994674053513,0.0,0.0,0.0,0.0,889495.71,1284.0994674053513,888211.6105325946,0.0014436263750000002
2024-08,ES01,Hardware,C016,Meridian ES01,Core,2.18475,45,508130.18,0.0,0.0,0.0,0.0,508130.18,0.0,0.0,17.141057435321002,0.892521875,907.034601995375,0.0,0.0,0.0,0.0,508130.18,907.034601995375,507223.1453980046,0.00178504375
2024-08,ES01,Hardware,C017,Orion ES01,Strategic,1.2359149999999999,45,1435687.46,0.0,0.0,0.0,0.0,1435687.46,0.0,0.0,16.426615581081972,0.7383361875,2120.0400113159176,0.0,0.0,0.0,0.0,1435687.46,2120.0400113159176,1433567.4199886841,0.001476672375
2024-08,ES01,Hardware,C018,Atlas ES01,Strategic,1.285565,45,1185194.1800000002,0.0,0.0,0.0,0.0,1185194.1800000002,0.0,0.0,15.898592245871471,0.7464043125,1769.2680942038025,0.0,0.0,0.0,0.0,1185194.1800000002,1769.2680942038025,1183424.9119057963,0.0014928086249999999
2024-08,ES01,Hardware,C019,Nimbus ES01,Core,2.209905,45,899611.62,0.0,0.0,0.0,0.0,899611.62,0.0,0.0,15.46798628501486,0.8966095625,1613.2007620562326,0.0,0.0,0.0,0.0,899611.62,1613.2007620562326,897998.4192379437,0.0017932191250000001
2024-08,ES01,Hardware,C021,Cobalt ES01,Core,1.9086199999999998,45,613509.01,0.0,0.0,0.0,0.0,613509.01,0.0,0.0,16.849539340913676,0.8476507499999999,1040.082744916515,0.0,0.0,0.0,0.0,613509.01,1040.082744916515,612468.9272550835,0.0016953015
2024-08,ES01,Hardware,C020,Summit ES01,Strategic,1.0,45,890296.1900000001,0.0,0.0,0.0,0.0,890296.1900000001,0.0,0.0,0.0,0.7,1246.414666,0.0,0.0,0.0,0.0,890296.1900000001,1246.414666,889049.775334,0.0013999999999999998
2024-08,ES01,Spare Parts,C028,Vertex ES01,Growth,3.0423750000000003,45,536755.35,0.0,0.0,0.0,0.0,536755.35,0.0,0.0,15.95341900178545,1.0318859375,1107.7405950857813,0.0,0.0,0.0,0.0,536755.35,1107.7405950857813,535647.6094049142,0.0020637718750000002
2024-08,ES01,Spare Parts,C029,Nova ES01,Core,2.341555,45,446346.5199999992,0.0,0.0,0.0,0.0,446346.5199999992,0.0,0.0,16.107513731707797,0.9180026875,819.4946098325436,0.0,0.0,0.0,0.0,446346.5199999992,819.4946098325436,445527.0253901667,0.0018360053750000002
2024-08,ES01,Spare Parts,C030,Meridian ES01,Growth,2.7239050000000002,45,307577.11,0.0,0.0,0.0,0.0,307577.11,0.0,0.0,15.735079570778206,0.9801345625,602.9339122897287,0.0,0.0,0.0,0.0,307577.11,602.9339122897287,306974.17608771025,0.001960269125
2024-08,ES01,Spare Parts,C031,Orion ES01,Growth,2.81174,45,326231.27,0.0,0.0,0.0,0.0,326231.27,0.0,0.0,15.845475205365812,0.9944077499999999,648.813806360685,0.0,0.0,0.0,0.0,326231.27,648.813806360685,325582.4561936393,0.0019888155
2024-08,ES01,Spare Parts,C033,Nimbus ES01,Growth,2.8488800000000003,45,307591.83999999997,0.0,0.0,0.0,0.0,307591.83999999997,0.0,0.0,15.664764383866622,1.0004430000000002,615.4562063702401,0.0,0.0,0.0,0.0,307591.83999999997,615.4562063702401,306976.3837936297,0.0020008860000000008
2024-08,ES01,Spare Parts,C027,Cobalt ES01,Core,2.25286,45,271111.51,0.0,0.0,0.0,0.0,271111.51,0.0,0.0,0.0,0.9035897500000001,489.94716308604507,0.0,0.0,0.0,0.0,271111.51,489.94716308604507,270621.562836914,0.0018071795
2024-08,ES01,Spare Parts,C032,Atlas ES01,Core,2.0051500000000004,45,352720.5,0.0,0.0,0.0,0.0,352720.5,0.0,0.0,0.0,0.8633368750000001,609.0332284368751,0.0,0.0,0.0,0.0,352720.5,609.0332284368751,352111.4667715631,0.0017266737500000002
2024-08,JP01,Hardware,C062,Northstar JP01,Growth,2.8876500000000003,45,780278.0699999986,0.0,0.0,0.0,0.0,780278.0699999986,0.0,0.0,16.78232863830196,1.006743125,1571.0791651215347,0.0,0.0,0.0,0.0,780278.0699999986,1571.0791651215347,778706.990834877,0.0020134862500000004
2024-08,JP01,Hardware,C063,Kestrel JP01,Growth,2.933765,45,512153.1,0.0,0.0,0.0,0.0,512153.1,0.0,0.0,19.49168246760588,1.0142368125,1038.8890553119875,0.0,0.0,0.0,0.0,512153.1,1038.8890553119875,511114.210944688,0.002028473625
2024-08,JP01,Hardware,C064,Helix JP01,Growth,3.0409900000000003,45,285997.38,0.0,0.0,0.0,0.0,285997.38,0.0,0.0,21.54196167811048,1.031660875,590.104614597015,0.0,0.0,0.0,0.0,285997.38,590.104614597015,285407.275385403,0.00206332175
2024-08,JP01,Hardware,C065,Vector JP01,Growth,3.1325000000000003,45,165890.57,0.0,0.0,0.0,0.0,165890.57,0.0,0.0,21.623460574039864,1.0465312500000001,347.219331170625,0.0,0.0,0.0,0.0,165890.57,347.219331170625,165543.35066882937,0.0020930625
2024-08,JP01,Hardware,C066,Redwood JP01,Growth,3.086145,45,782206.55,0.0,0.0,0.0,0.0,782206.55,0.0,0.0,16.851923574406275,1.0389985625,1625.422962056169,0.0,0.0,0.0,0.0,782206.55,1625.422962056169,780581.1270379439,0.002077997125
2024-08,JP01,Hardware,C060,Keystone JP01,Growth,2.7943000000000002,45,241553.51,0.0,0.0,0.0,0.0,241553.51,0.0,0.0,0.0,0.99157375,479.0362394727251,0.0,0.0,0.0,0.0,241553.51,479.0362394727251,241074.4737605273,0.0019831475000000004
2024-08,JP01,Hardware,C061,Axiom JP01,Core,1.97168,45,605794.37,0.0,0.0,0.0,0.0,605794.37,0.0,0.0,0.0,0.857898,1039.41955686852,0.0,0.0,0.0,0.0,605794.37,1039.41955686852,604754.9504431315,0.001715796
2024-08,JP01,Software,C053,Atlas JP01,Core,2.188565,30,46053.97,0.0,0.0,0.0,0.0,46053.97,0.0,0.0,0.0,0.8931418125,82.26545247724125,0.0,0.0,0.0,0.0,46053.97,82.26545247724125,45971.70454752276,0.001786283625
2024-08,JP01,Software,C054,Nimbus JP01,Core,2.16125,30,76915.38,0.0,0.0,0.0,0.0,76915.38,0.0,0.0,0.0,0.8887031249999999,136.70987713312502,0.0,0.0,0.0,0.0,76915.38,136.70987713312502,76778.67012286688,0.0017774062500000001
2024-08,JP01,Software,C055,Summit JP01,Strategic,1.29925,30,11065.940000000264,0.0,0.0,0.0,0.0,11065.940000000264,0.0,0.0,0.0,0.748628125,16.568547827125396,0.0,0.0,0.0,0.0,11065.940000000264,16.568547827125396,11049.371452173138,0.00149725625
2024-08,JP01,Software,C056,Cobalt JP01,Core,2.1768300000000003,30,113757.81,0.0,0.0,0.0,0.0,113757.81,0.0,0.0,0.0,0.8912348750000001,202.76985515124753,0.0,0.0,0.0,0.0,113757.81,202.76985515124753,113555.04014484875,0.0017824697500000003
2024-08,JP01,Software,C057,Vertex JP01,Core,2.26337,30,82943.14,0.0,0.0,0.0,0.0,82943.14,0.0,0.0,0.0,0.905297625,150.176455304085,0.0,0.0,0.0,0.0,82943.14,150.176455304085,82792.96354469591,0.0018105952500000002
2024-08,JP01,Software,C058,Nova JP01,Core,2.3047950000000004,30,90362.17,0.0,0.0,0.0,0.0,90362.17,0.0,0.0,0.0,0.9120291875000001,164.82587297167376,0.0,0.0,0.0,0.0,90362.17,164.82587297167376,90197.34412702832,0.0018240583750000002
2024-08,JP01,Software,C059,Meridian JP01,Growth,3.295,30,48562.64,0.0,0.0,0.0,0.0,48562.64,0.0,0.0,0.0,1.0729375,104.20935511000002,0.0,0.0,0.0,0.0,48562.64,104.20935511000002,48458.43064489,0.002145875
2024-08,JP01,Spare Parts,C067,Orion JP01,Core,2.41448,45,454291.65,0.0,0.0,0.0,0.0,454291.65,0.0,0.0,15.98586150548882,0.929853,844.8489072549002,0.0,0.0,0.0,0.0,454291.65,844.8489072549002,453446.8010927451,0.0018597060000000002
2024-08,JP01,Spare Parts,C068,Atlas JP01,Core,2.34401,45,676494.29,0.0,0.0,0.0,0.0,676494.29,0.0,0.0,15.904298320093728,0.918401625,1242.5869104784426,0.0,0.0,0.0,0.0,676494.29,1242.5869104784426,675251.7030895216,0.00183680325
2024-08,JP01,Spare Parts,C069,Nimbus JP01,Growth,3.28588,45,453251.62,0.0,0.0,0.0,0.0,453251.62,0.0,0.0,15.502533449301296,1.0714555000000001,971.2778822658202,0.0,0.0,0.0,0.0,453251.62,971.2778822658202,452280.3421177342,0.0021429110000000004
2024-08,JP01,Spare Parts,C071,Cobalt JP01,Growth,2.876375,45,509843.98,0.0,0.0,0.0,0.0,509843.98,0.0,0.0,15.721724320447994,1.0049109375,1024.6955838410624,0.0,0.0,0.0,0.0,509843.98,1024.6955838410624,508819.2844161589,0.002009821875
2024-08,JP01,Spare Parts,C073,Nova JP01,Core,2.219815,45,665226.0199999997,0.0,0.0,0.0,0.0,665226.0199999997,0.0,0.0,14.543008104222974,0.8982199375,1195.0385482155468,0.0,0.0,0.0,0.0,665226.0199999997,1195.0385482155468,664030.9814517841,0.001796439875
2024-08,JP01,Spare Parts,C070,Summit JP01,Core,1.9708350000000001,45,358826.11,0.0,0.0,0.0,0.0,358826.11,0.0,0.0,0.0,0.8577606875,615.5738616131013,0.0,0.0,0.0,0.0,358826.11,615.5738616131013,358210.5361383869,0.001715521375
2024-08,JP01,Spare Parts,C072,Vertex JP01,Strategic,1.1821099999999998,45,443564.07,0.0,0.0,0.0,0.0,443564.07,0.0,0.0,0.0,0.7295928749999999,647.2423701560025,0.0,0.0,0.0,0.0,443564.07,647.2423701560025,442916.827629844,0.00145918575
2024-08,US01,Events,C048,Northstar US01,Growth,3.1211550000000003,30,723874.03,0.0,0.0,0.0,0.0,723874.03,0.0,0.0,7.237045373764825,1.0446876875000002,1512.4445728840117,0.0,0.0,0.0,0.0,723874.03,1512.4445728840117,722361.585427116,0.0020893753750000003
2024-08,US01,Events,C052,Redwood US01,Growth,2.88081,30,748452.1200000001,0.0,0.0,0.0,0.0,748452.1200000001,0.0,0.0,11.858052322705694,1.005631625,1505.33424334059,0.0,0.0,0.0,0.0,748452.1200000001,1505.33424334059,746946.7857566596,0.00201126325
2024-08,US01,Events,C049,Kestrel US01,Strategic,1.447995,30,654865.16,0.0,0.0,0.0,0.0,654865.16,0.0,0.0,0.0,0.7727991875,1012.1585271401151,0.0,0.0,0.0,0.0,654865.16,1012.1585271401151,653853.0014728599,0.001545598375
2024-08,US01,Events,C050,Helix US01,Growth,2.8449999999999998,30,484850.55,0.0,0.0,0.0,0.0,484850.55,0.0,0.0,0.0,0.9998125,969.51928104375,0.0,0.0,0.0,0.0,484850.55,969.51928104375,483881.03071895626,0.001999625
2024-08,US01,Events,C051,Vector US01,Growth,2.8275900000000003,30,487861.19,0.0,0.0,0.0,0.0,487861.19,0.0,0.0,0.0,0.9969833750000001,972.7789914754327,0.0,0.0,0.0,0.0,487861.19,972.7789914754327,486888.4110085246,0.0019939667500000003
2024-08,US01,Hardware,C041,Summit US01,Growth,2.82761,45,1102962.11,0.0,0.0,0.0,0.0,1102962.11,0.0,0.0,16.154689212306668,0.996986625,2199.2769431035576,0.0,0.0,0.0,0.0,1102962.11,2199.2769431035576,1100762.8330568965,0.00199397325
2024-08,US01,Hardware,C042,Cobalt US01,Growth,2.902705,45,567681.3300000001,0.0,0.0,0.0,0.0,567681.3300000001,0.0,0.0,16.379172096429524,1.0091895625,1145.7961461242364,0.0,0.0,0.0,0.0,567681.3300000001,1145.7961461242364,566535.5338538758,0.002018379125
2024-08,US01,Hardware,C043,Vertex US01,Core,2.0013,45,549853.4400000003,0.0,0.0,0.0,0.0,549853.4400000003,0.0,0.0,2.8839353992220325,0.86271125,948.7294970784006,0.0,0.0,0.0,0.0,549853.4400000003,948.7294970784006,548904.7105029218,0.0017254225000000003
2024-08,US01,Hardware,C044,Nova US01,Core,2.11017,45,1285016.7000000002,0.0,0.0,0.0,0.0,1285016.7000000002,0.0,0.0,16.556683504580132,0.880402625,2262.664151697675,0.0,0.0,0.0,0.0,1285016.7000000002,2262.664151697675,1282754.0358483025,0.00176080525
2024-08,US01,Hardware,C046,Orion US01,Core,2.182275,45,1790594.52,0.0,0.0,0.0,0.0,1790594.52,0.0,0.0,16.18454590154783,0.8921196875,3194.8492472432254,0.0,0.0,0.0,0.0,1790594.52,3194.8492472432254,1787399.6707527568,0.0017842393750000002
2024-08,US01,Hardware,C047,Atlas US01,Core,2.2454699999999996,45,1789243.12,0.0,0.0,0.0,0.0,1789243.12,0.0,0.0,16.18164271605527,0.902388875,3229.1861723165803,0.0,0.0,0.0,0.0,1789243.12,3229.1861723165803,1786013.9338276836,0.00180477775
2024-08,US01,Hardware,C045,Meridian US01,Strategic,1.0499999999999998,45,828075.84,0.0,0.0,0.0,0.0,828075.84,0.0,0.0,0.0,0.7081249999999999,1172.7624083999997,0.0,0.0,0.0,0.0,828075.84,1172.7624083999997,826903.0775916,0.0014162499999999998
2024-08,US01,Software,C034,Kestrel US01,Growth,2.9399699999999998,30,86521.28,0.0,0.0,0.0,0.0,86521.28,0.0,0.0,0.0,1.0152451249999999,175.68061545752,0.0,0.0,0.0,0.0,86521.28,175.68061545752,86345.59938454248,0.00203049025
2024-08,US01,Software,C035,Helix US01,Core,2.18574,30,86903.25,0.0,0.0,0.0,0.0,86903.25,0.0,0.0,0.0,0.89268275,155.154064387875,0.0,0.0,0.0,0.0,86903.25,155.154064387875,86748.09593561213,0.0017853654999999999
2024-08,US01,Software,C036,Vector US01,Growth,3.016975,30,74539.67,0.0,0.0,0.0,0.0,74539.67,0.0,0.0,0.0,1.0277584375,153.21754954193125,0.0,0.0,0.0,0.0,74539.67,153.21754954193125,74386.45245045806,0.002055516875
2024-08,US01,Software,C037,Redwood US01,Core,2.305165,30,115538.04,0.0,0.0,0.0,0.0,115538.04,0.0,0.0,0.0,0.9120893125,210.762022942395,0.0,0.0,0.0,0.0,115538.04,210.762022942395,115327.2779770576,0.001824178625
2024-08,US01,Software,C038,Pioneer US01,Strategic,1.2493699999999999,30,94057.36000000023,0.0,0.0,0.0,0.0,94057.36000000023,0.0,0.0,0.0,0.740522625,139.30320625554035,0.0,0.0,0.0,0.0,94057.36000000023,139.30320625554035,93918.05679374469,0.00148104525
2024-08,US01,Software,C039,Keystone US01,Strategic,1.335245,30,189467.52000000002,0.0,0.0,0.0,0.0,189467.52000000002,0.0,0.0,0.0,0.7544773124999999,285.89789059128003,0.0,0.0,0.0,0.0,189467.52000000002,285.89789059128003,189181.62210940875,0.001508954625
2024-08,US01,Software,C040,Axiom US01,Growth,2.8075,30,65596.96,0.0,0.0,0.0,0.0,65596.96,0.0,0.0,0.0,0.99371875,130.36985819000003,0.0,0.0,0.0,0.0,65596.96,130.36985819000003,65466.590141810004,0.0019874375000000005
2024-09,DE01,Hardware,C010,Keystone DE01,Growth,3.8942900000000003,45,583312.89,330390.45,0.0,0.0,0.0,913703.3400000001,330390.45000000007,0.3615948804564948,29.008992021414738,1.1703221250000002,1365.3279619293828,3866.632535237063,0.0,0.0,0.0,913703.3400000001,5231.960497166446,908471.3795028336,0.005726104161079728
2024-09,DE01,Hardware,C008,Redwood DE01,Core,2.225305,45,894380.6599999999,0.0,0.0,0.0,0.0,894380.6599999999,0.0,0.0,11.919774964722516,0.8991120625,1608.2968797454223,0.0,0.0,0.0,0.0,894380.6599999999,1608.2968797454223,892772.3631202545,0.001798224125
2024-09,DE01,Hardware,C009,Pioneer DE01,Strategic,1.306745,45,1529612.25,0.0,0.0,0.0,0.0,1529612.25,0.0,0.0,13.763133107753289,0.7498460625,2293.9474456285316,0.0,0.0,0.0,0.0,1529612.25,2293.9474456285316,1527318.3025543715,0.001499692125
2024-09,DE01,Hardware,C011,Axiom DE01,Strategic,1.0,45,2421735.6399999997,0.0,0.0,0.0,0.0,2421735.6399999997,0.0,0.0,12.837639702077468,0.7,3390.4298959999996,0.0,0.0,0.0,0.0,2421735.6399999997,3390.4298959999996,2418345.210104,0.0014
2024-09,DE01,Hardware,C012,Northstar DE01,Growth,2.752895,45,758928.91,0.0,0.0,0.0,0.0,758928.91,0.0,0.0,12.076767111164603,0.9848454375,1494.8553488006964,0.0,0.0,0.0,0.0,758928.91,1494.8553488006964,757434.0546511994,0.001969690875
2024-09,DE01,Hardware,C013,Kestrel DE01,Core,1.8694799999999998,45,1250969.13,0.0,0.0,0.0,0.0,1250969.13,0.0,0.0,14.376017336255131,0.8412904999999999,2104.85688972453,0.0,0.0,0.0,0.0,1250969.13,2104.85688972453,1248864.2731102754,0.001682581
2024-09,DE01,Hardware,C014,Helix DE01,Core,2.0470550000000003,45,1016009.5,0.0,0.0,0.0,0.0,1016009.5,0.0,0.0,13.045527133358497,0.8701464375000001,1768.1540937823127,0.0,0.0,0.0,0.0,1016009.5,1768.1540937823127,1014241.3459062177,0.0017402928750000002
2024-09,DE01,Software,C001,Meridian DE01,Growth,3.922925,30,130396.98999999999,0.0,0.0,0.0,0.0,130396.98999999999,0.0,0.0,15.063481143238045,1.1749753125,306.4264881486187,0.0,0.0,0.0,0.0,130396.98999999999,306.4264881486187,130090.56351185137,0.002349950625
2024-09,DE01,Software,C002,Orion DE01,Core,1.8911449999999999,30,88990.47,0.0,0.0,0.0,0.0,88990.47,0.0,0.0,0.0,0.8448110624999999,150.36026702614873,0.0,0.0,0.0,0.0,88990.47,150.36026702614873,88840.10973297385,0.0016896221249999997
2024-09,DE01,Software,C003,Atlas DE01,Growth,2.7558400000000005,30,49987.96,0.0,0.0,0.0,0.0,49987.96,0.0,0.0,0.0,0.9853240000000001,98.50867339808,0.0,0.0,0.0,0.0,49987.96,98.50867339808,49889.45132660192,0.001970648
2024-09,DE01,Software,C004,Nimbus DE01,Strategic,1.0,30,50154.39999999992,0.0,0.0,0.0,0.0,50154.39999999992,0.0,0.0,0.0,0.7,70.21615999999989,0.0,0.0,0.0,0.0,50154.39999999992,70.21615999999989,50084.183839999925,0.0014
2024-09,DE01,Software,C005,Summit DE01,Core,2.047655,30,85419.76,0.0,0.0,0.0,0.0,85419.76,0.0,0.0,0.0,0.8702439375,148.67205656540997,0.0,0.0,0.0,0.0,85419.76,148.67205656540997,85271.08794343458,0.0017404878749999997
2024-09,DE01,Software,C006,Cobalt DE01,Core,2.081205,30,100015.48,0.0,0.0,0.0,0.0,100015.48,0.0,0.0,0.0,0.8756958125000001,175.166274042355,0.0,0.0,0.0,0.0,100015.48,175.166274042355,99840.31372595765,0.0017513916250000003
2024-09,DE01,Software,C007,Vertex DE01,Core,2.185245,30,71956.04,0.0,0.0,0.0,0.0,71956.04,0.0,0.0,0.0,0.8926023125,128.456255404685,0.0,0.0,0.0,0.0,71956.04,128.456255404685,71827.58374459531,0.0017852046250000002
2024-09,ES01,Events,C023,Redwood ES01,Growth,2.795945,30,295273.7799999998,0.0,0.0,0.0,0.0,295273.7799999998,0.0,0.0,12.690145396587518,0.9918410625,585.7293193671821,0.0,0.0,0.0,0.0,295273.7799999998,585.7293193671821,294688.0506806326,0.001983682125
2024-09,ES01,Events,C022,Vector ES01,Strategic,1.0,30,174775.24,0.0,0.0,0.0,0.0,174775.24,0.0,0.0,0.0,0.7,244.68533599999998,0.0,0.0,0.0,0.0,174775.24,244.68533599999998,174530.554664,0.0014
2024-09,ES01,Events,C024,Pioneer ES01,Strategic,1.02279,30,606657.53,0.0,0.0,0.0,0.0,606657.53,0.0,0.0,0.0,0.703703375,853.8139026603276,0.0,0.0,0.0,0.0,606657.53,853.8139026603276,605803.7160973398,0.00140740675
2024-09,ES01,Events,C025,Keystone ES01,Core,2.0810400000000002,30,764075.64,0.0,0.0,0.0,0.0,764075.64,0.0,0.0,0.0,0.875669,1338.1547032063202,0.0,0.0,0.0,0.0,764075.64,1338.1547032063202,762737.4852967937,0.0017513380000000003
2024-09,ES01,Events,C026,Axiom ES01,Core,2.21812,30,300425.37,0.0,0.0,0.0,0.0,300425.37,0.0,0.0,0.0,0.8979444999999999,539.53061730393,0.0,0.0,0.0,0.0,300425.37,539.53061730393,299885.8393826961,0.001795889
2024-09,ES01,Hardware,C019,Nimbus ES01,Core,2.209905,45,904484.93,273114.64,0.0,0.0,0.0,1177599.57,273114.64,0.2319248808828964,25.017032572455847,0.8966095625,1621.9396747502865,2448.7719788274503,0.0,0.0,0.0,1177599.57,4070.711653577737,1173528.8583464224,0.003456787652850227
2024-09,ES01,Hardware,C015,Nova ES01,Strategic,1.134235,45,1162858.59,0.0,0.0,0.0,0.0,1162858.59,0.0,0.0,12.47098643352671,0.7218131875,1678.7333309193114,0.0,0.0,0.0,0.0,1162858.59,1678.7333309193114,1161179.8566690807,0.001443626375
2024-09,ES01,Hardware,C016,Meridian ES01,Core,2.18475,45,588612.69,0.0,0.0,0.0,0.0,588612.69,0.0,0.0,11.100706646334793,0.892521875,1050.6994034551874,0.0,0.0,0.0,0.0,588612.69,1050.6994034551874,587561.9905965448,0.00178504375
2024-09,ES01,Hardware,C017,Orion ES01,Strategic,1.2359149999999999,45,1541967.75,0.0,0.0,0.0,0.0,1541967.75,0.0,0.0,12.637837464499501,0.7383361875,2276.981179565906,0.0,0.0,0.0,0.0,1541967.75,2276.981179565906,1539690.768820434,0.0014766723749999999
2024-09,ES01,Hardware,C018,Atlas ES01,Strategic,1.285565,45,1211689.31,0.0,0.0,0.0,0.0,1211689.31,0.0,0.0,13.793062513690082,0.7464043125,1808.8202527882986,0.0,0.0,0.0,0.0,1211689.31,1808.8202527882986,1209880.4897472118,0.0014928086249999999
2024-09,ES01,Hardware,C020,Summit ES01,Strategic,1.0,45,1948710.3900000001,0.0,0.0,0.0,0.0,1948710.3900000001,0.0,0.0,13.705928719351673,0.7,2728.194546,0.0,0.0,0.0,0.0,1948710.3900000001,2728.194546,1945982.195454,0.0014
2024-09,ES01,Hardware,C021,Cobalt ES01,Core,1.9086199999999998,45,675723.14,0.0,0.0,0.0,0.0,675723.14,0.0,0.0,11.939691898075298,0.8476507499999999,1145.5544528267098,0.0,0.0,0.0,0.0,675723.14,1145.5544528267098,674577.5855471733,0.0016953014999999997
2024-09,ES01,Spare Parts,C027,Cobalt ES01,Core,2.25286,45,597837.77,0.0,0.0,0.0,0.0,597837.77,0.0,0.0,13.604602633252831,0.9035897500000001,1080.400162269715,0.0,0.0,0.0,0.0,597837.77,1080.400162269715,596757.3698377303,0.0018071795
2024-09,ES01,Spare Parts,C028,Vertex ES01,Growth,3.0423750000000003,45,572228.36,0.0,0.0,0.0,0.0,572228.36,0.0,0.0,13.175819352959019,1.0318859375,1180.948795445375,0.0,0.0,0.0,0.0,572228.36,1180.948795445375,571047.4112045546,0.0020637718750000002
2024-09,ES01,Spare Parts,C029,Nova ES01,Core,2.341555,45,464960.27,0.0,0.0,0.0,0.0,464960.27,0.0,0.0,13.336328499637183,0.9180026875,853.6695548814513,0.0,0.0,0.0,0.0,464960.27,853.6695548814513,464106.60044511856,0.001836005375
2024-09,ES01,Spare Parts,C030,Meridian ES01,Growth,2.7239050000000002,45,317785.77,0.0,0.0,0.0,0.0,317785.77,0.0,0.0,13.806669191008773,0.9801345625,622.9456332953513,0.0,0.0,0.0,0.0,317785.77,622.9456332953513,317162.8243667047,0.001960269125
2024-09,ES01,Spare Parts,C031,Orion ES01,Growth,2.81174,45,344761.28,0.0,0.0,0.0,0.0,344761.28,0.0,0.0,13.393756398630378,0.9944077499999999,685.6665774638401,0.0,0.0,0.0,0.0,344761.28,685.6665774638401,344075.6134225362,0.0019888155000000003
2024-09,ES01,Spare Parts,C032,Atlas ES01,Core,2.0051500000000004,45,519980.1299999992,0.0,0.0,0.0,0.0,519980.1299999992,0.0,0.0,4.60891861387084,0.8633368750000001,897.8360409925863,0.0,0.0,0.0,0.0,519980.1299999992,897.8360409925863,519082.2939590066,0.0017266737500000004
2024-09,ES01,Spare Parts,C033,Nimbus ES01,Growth,2.8488800000000003,45,322858.49,0.0,0.0,0.0,0.0,322858.49,0.0,0.0,13.657381288006397,1.0004430000000002,646.0030326221402,0.0,0.0,0.0,0.0,322858.49,646.0030326221402,322212.48696737783,0.0020008860000000003
2024-09,JP01,Hardware,C064,Helix JP01,Growth,3.0409900000000003,45,285427.35,95033.9299999986,0.0,0.0,0.0,380461.2799999986,95033.9299999986,0.24978607547133036,21.345174993891483,1.031660875,588.9284592998625,980.4278737848731,0.0,0.0,0.0,380461.2799999986,1569.3563330847355,378891.9236669138,0.00412487791946855
2024-09,JP01,Hardware,C065,Vector JP01,Growth,3.1325000000000003,45,205850.09,119570.94,0.0,0.0,0.0,325421.03,119570.94000000003,0.36743458159418896,26.316201199412344,1.0465312500000001,430.85710400062504,1251.34725301875,0.0,0.0,0.0,325421.03,1682.204357019375,323738.82564298064,0.005169316675751948
2024-09,JP01,Hardware,C066,Redwood JP01,Growth,3.086145,45,806774.73,439389.5,0.0,0.0,0.0,1246164.23,439389.5,0.35259357428354365,29.408548743210194,1.0389985625,1676.4755694626513,4565.250588775938,0.0,0.0,0.0,1246164.23,6241.726158238589,1239922.5038417615,0.0050087508596187115
2024-09,JP01,Hardware,C060,Keystone JP01,Growth,2.7943000000000002,45,779374.4,0.0,0.0,0.0,0.0,779374.4,0.0,0.0,9.297977069813944,0.99157375,1545.6143929240002,0.0,0.0,0.0,0.0,779374.4,1545.6143929240002,777828.785607076,0.0019831475000000004
2024-09,JP01,Hardware,C061,Axiom JP01,Core,1.97168,45,1226932.6,0.0,0.0,0.0,0.0,1226932.6,0.0,0.0,14.812411945040829,0.857898,2105.1660473496004,0.0,0.0,0.0,0.0,1226932.6,2105.1660473496004,1224827.4339526505,0.0017157960000000001
2024-09,JP01,Hardware,C062,Northstar JP01,Growth,2.8876500000000003,45,956108.26,0.0,0.0,0.0,0.0,956108.26,0.0,0.0,10.786915594683807,1.006743125,1925.1108350214251,0.0,0.0,0.0,0.0,956108.26,1925.1108350214251,954183.1491649785,0.00201348625
2024-09,JP01,Hardware,C063,Kestrel JP01,Growth,2.933765,45,572974.1,0.0,0.0,0.0,0.0,572974.1,0.0,0.0,9.392863307433965,1.0142368125,1162.2628496581126,0.0,0.0,0.0,0.0,572974.1,1162.2628496581126,571811.8371503418,0.0020284736250000004
2024-09,JP01,Software,C053,Atlas JP01,Core,2.188565,30,48896.92,0.0,0.0,0.0,0.0,48896.92,0.0,0.0,0.0,0.8931418125,87.343767508935,0.0,0.0,0.0,0.0,48896.92,87.343767508935,48809.57623249106,0.0017862836250000002
2024-09,JP01,Software,C054,Nimbus JP01,Core,2.16125,30,71511.2,0.0,0.0,0.0,0.0,71511.2,0.0,0.0,0.0,0.8887031249999999,127.104453825,0.0,0.0,0.0,0.0,71511.2,127.104453825,71384.095546175,0.00177740625
2024-09,JP01,Software,C055,Summit JP01,Strategic,1.29925,30,5799.77000000031,0.0,0.0,0.0,0.0,5799.77000000031,0.0,0.0,0.0,0.748628125,8.683741881062963,0.0,0.0,0.0,0.0,5799.77000000031,8.683741881062963,5791.086258119247,0.0014972562499999998
2024-09,JP01,Software,C056,Cobalt JP01,Core,2.1768300000000003,30,105469.79,0.0,0.0,0.0,0.0,105469.79,0.0,0.0,0.0,0.8912348750000001,187.9967102138525,0.0,0.0,0.0,0.0,105469.79,187.9967102138525,105281.79328978615,0.00178246975
2024-09,JP01,Software,C057,Vertex JP01,Core,2.26337,30,84879.63,0.0,0.0,0.0,0.0,84879.63,0.0,0.0,0.0,0.905297625,153.68265489975752,0.0,0.0,0.0,0.0,84879.63,153.68265489975752,84725.94734510024,0.0018105952500000002
2024-09,JP01,Software,C058,Nova JP01,Core,2.3047950000000004,30,96115.26,0.0,0.0,0.0,0.0,96115.26,0.0,0.0,0.0,0.9120291875000001,175.3198449683025,0.0,0.0,0.0,0.0,96115.26,175.3198449683025,95939.9401550317,0.0018240583750000002
2024-09,JP01,Software,C059,Meridian JP01,Growth,3.295,30,50450.020000000004,0.0,0.0,0.0,0.0,50450.020000000004,0.0,0.0,0.0,1.0729375,108.25943666750001,0.0,0.0,0.0,0.0,50450.020000000004,108.25943666750001,50341.76056333251,0.002145875
2024-09,JP01,Spare Parts,C067,Orion JP01,Core,2.41448,45,475330.72,0.0,0.0,0.0,0.0,475330.72,0.0,0.0,13.393845236848987,0.929853,883.97539196832,0.0,0.0,0.0,0.0,475330.72,883.97539196832,474446.74460803164,0.001859706
2024-09,JP01,Spare Parts,C068,Atlas JP01,Core,2.34401,45,716883.97,0.0,0.0,0.0,0.0,716883.97,0.0,0.0,13.30154125220571,0.918401625,1316.7748059689025,0.0,0.0,0.0,0.0,716883.97,1316.7748059689025,715567.1951940311,0.00183680325
2024-09,JP01,Spare Parts,C069,Nimbus JP01,Growth,3.28588,45,484066.6,0.0,0.0,0.0,0.0,484066.6,0.0,0.0,13.574578787299105,1.0714555000000001,1037.3116418726001,0.0,0.0,0.0,0.0,484066.6,1037.3116418726001,483029.28835812735,0.0021429110000000004
2024-09,JP01,Spare Parts,C070,Summit JP01,Core,1.9708350000000001,45,803916.9099999999,0.0,0.0,0.0,0.0,803916.9099999999,0.0,0.0,13.390417798277188,0.8577606875,1379.1366428289512,0.0,0.0,0.0,0.0,803916.9099999999,1379.1366428289512,802537.773357171,0.001715521375
2024-09,JP01,Spare Parts,C071,Cobalt JP01,Growth,2.876375,45,534290.8200000001,0.0,0.0,0.0,0.0,534290.8200000001,0.0,0.0,13.624963460910667,1.0049109375,1073.8293776476876,0.0,0.0,0.0,0.0,534290.8200000001,1073.8293776476876,533216.9906223523,0.0020098218749999997
2024-09,JP01,Spare Parts,C072,Vertex JP01,Strategic,1.1821099999999998,45,594767.4399999997,0.0,0.0,0.0,0.0,594767.4399999997,0.0,0.0,2.6001426708899773,0.7295928749999999,867.8761730119795,0.0,0.0,0.0,0.0,594767.4399999997,867.8761730119795,593899.5638269878,0.0014591857499999998
2024-09,JP01,Spare Parts,C073,Nova JP01,Core,2.219815,45,752953.35,0.0,0.0,0.0,0.0,752953.35,0.0,0.0,13.65608267763202,0.8982199375,1352.6354219548311,0.0,0.0,0.0,0.0,752953.35,1352.6354219548311,751600.7145780452,0.001796439875
2024-09,US01,Events,C048,Northstar US01,Growth,3.1211550000000003,30,527033.5800000002,0.0,0.0,0.0,0.0,527033.5800000002,0.0,0.0,10.76471503011251,1.0446876875000002,1101.1709838500933,0.0,0.0,0.0,0.0,527033.5800000002,1101.1709838500933,525932.40901615,0.0020893753750000008
2024-09,US01,Events,C049,Kestrel US01,Strategic,1.447995,30,849983.8,0.0,0.0,0.0,0.0,849983.8,0.0,0.0,0.0,0.7727991875,1313.733580056325,0.0,0.0,0.0,0.0,849983.8,1313.733580056325,848670.0664199437,0.001545598375
2024-09,US01,Events,C050,Helix US01,Growth,2.8449999999999998,30,258138.69,0.0,0.0,0.0,0.0,258138.69,0.0,0.0,0.0,0.9998125,516.18057799125,0.0,0.0,0.0,0.0,258138.69,516.18057799125,257622.50942200876,0.0019996249999999997
2024-09,US01,Events,C051,Vector US01,Growth,2.8275900000000003,30,386610.54000000004,0.0,0.0,0.0,0.0,386610.54000000004,0.0,0.0,0.0,0.9969833750000001,770.8885619595452,0.0,0.0,0.0,0.0,386610.54000000004,770.8885619595452,385839.6514380405,0.0019939667500000003
2024-09,US01,Events,C052,Redwood US01,Growth,2.88081,30,104114.15,0.0,0.0,0.0,0.0,104114.15,0.0,0.0,0.0,1.005631625,209.40096369998747,0.0,0.0,0.0,0.0,104114.15,209.40096369998747,103904.74903630001,0.00201126325
2024-09,US01,Hardware,C041,Summit US01,Growth,2.82761,45,1157280.28,4713.2400000002235,0.0,0.0,0.0,1161993.5200000003,4713.2400000002235,0.004056167197903326,13.38531354288448,0.996986625,2307.58592107251,46.99037240415223,0.0,0.0,0.0,1161993.5200000003,2354.576293476662,1159638.9437065236,0.0020263248055605865
2024-09,US01,Hardware,C042,Cobalt US01,Growth,2.902705,45,647724.1699999999,309938.34,0.0,0.0,0.0,957662.51,309938.3400000001,0.32364046494834603,27.492555910954476,1.0091895625,1307.3529434859513,3127.865377465763,0.0,0.0,0.0,957662.51,4435.218320951714,953227.2916790483,0.004631295758828143
2024-09,US01,Hardware,C043,Vertex US01,Core,2.0013,45,1116526.8,0.0,0.0,0.0,0.0,1116526.8,0.0,0.0,13.353787298253835,0.86271125,1926.4804625730003,0.0,0.0,0.0,0.0,1116526.8,1926.4804625730003,1114600.319537427,0.0017254225000000003
2024-09,US01,Hardware,C044,Nova US01,Core,2.11017,45,1346604.61,0.0,0.0,0.0,0.0,1346604.61,0.0,0.0,12.828476949889547,0.880402625,2371.108466962203,0.0,0.0,0.0,0.0,1346604.61,2371.108466962203,1344233.501533038,0.0017608052500000001
2024-09,US01,Hardware,C045,Meridian US01,Strategic,1.0499999999999998,45,1834284.0699999998,0.0,0.0,0.0,0.0,1834284.0699999998,0.0,0.0,13.54330858905622,0.7081249999999999,2597.8048141374993,0.0,0.0,0.0,0.0,1834284.0699999998,2597.8048141374993,1831686.2651858623,0.0014162499999999998
2024-09,US01,Hardware,C046,Orion US01,Core,2.182275,45,1853931.92,0.0,0.0,0.0,0.0,1853931.92,0.0,0.0,13.343465384640446,0.8921196875,3307.85833023335,0.0,0.0,0.0,0.0,1853931.92,3307.85833023335,1850624.0616697667,0.001784239375
2024-09,US01,Hardware,C047,Atlas US01,Core,2.2454699999999996,45,1917342.52,0.0,0.0,0.0,0.0,1917342.52,0.0,0.0,12.895140248597837,0.902388875,3460.37711922493,0.0,0.0,0.0,0.0,1917342.52,3460.37711922493,1913882.142880775,0.00180477775
2024-09,US01,Software,C034,Kestrel US01,Growth,2.9399699999999998,30,86958.33,0.0,0.0,0.0,0.0,86958.33,0.0,0.0,0.0,1.0152451249999999,176.56804122128247,0.0,0.0,0.0,0.0,86958.33,176.56804122128247,86781.76195877872,0.0020304902499999997
2024-09,US01,Software,C035,Helix US01,Core,2.18574,30,87741.88,0.0,0.0,0.0,0.0,87741.88,0.0,0.0,0.0,0.89268275,156.65132545714002,0.0,0.0,0.0,0.0,87741.88,156.65132545714002,87585.22867454287,0.0017853655
2024-09,US01,Software,C036,Vector US01,Growth,3.016975,30,73571.22,0.0,0.0,0.0,0.0,73571.22,0.0,0.0,0.0,1.0277584375,151.22688422433748,0.0,0.0,0.0,0.0,73571.22,151.22688422433748,73419.99311577567,0.002055516875
2024-09,US01,Software,C037,Redwood US01,Core,2.305165,30,119754.05,0.0,0.0,0.0,0.0,119754.05,0.0,0.0,0.0,0.9120893125,218.45277826718126,0.0,0.0,0.0,0.0,119754.05,218.45277826718126,119535.59722173282,0.001824178625
2024-09,US01,Software,C038,Pioneer US01,Strategic,1.2493699999999999,30,86108.32000000031,0.0,0.0,0.0,0.0,86108.32000000031,0.0,0.0,0.0,0.740522625,127.53031832148046,0.0,0.0,0.0,0.0,86108.32000000031,127.53031832148046,85980.78968167883,0.00148104525
2024-09,US01,Software,C039,Keystone US01,Strategic,1.335245,30,184415.96,0.0,0.0,0.0,0.0,184415.96,0.0,0.0,0.0,0.7544773124999999,278.275315765815,0.0,0.0,0.0,0.0,184415.96,278.275315765815,184137.68468423418,0.001508954625
2024-09,US01,Software,C040,Axiom US01,Growth,2.8075,30,62387.04,0.0,0.0,0.0,0.0,62387.04,0.0,0.0,0.0,0.99371875,123.99034281,0.0,0.0,0.0,0.0,62387.04,123.99034281,62263.04965719,0.0019874375
2024-10,DE01,Hardware,C010,Keystone DE01,Growth,3.8942900000000003,45,756111.12,222739.53,0.0,0.0,0.0,978850.65,222739.53000000003,0.22755210920072436,24.70404713936697,1.1703221250000002,1769.7871453890605,2606.770000711013,0.0,0.0,0.0,978850.65,4376.557146100074,974474.0928538999,0.004471118393904191
2024-10,DE01,Hardware,C008,Redwood DE01,Core,2.225305,45,1084255.0,0.0,0.0,0.0,0.0,1084255.0,0.0,0.0,14.914022623829265,0.8991120625,1949.7334986518752,0.0,0.0,0.0,0.0,1084255.0,1949.7334986518752,1082305.2665013482,0.0017982241250000001
2024-10,DE01,Hardware,C009,Pioneer DE01,Strategic,1.306745,45,1743124.71,0.0,0.0,0.0,0.0,1743124.71,0.0,0.0,14.248039946608296,0.7498460625,2614.1504004799085,0.0,0.0,0.0,0.0,1743124.71,2614.1504004799085,1740510.55959952,0.0014996921249999999
2024-10,DE01,Hardware,C011,Axiom DE01,Strategic,1.0,45,2127696.4299999997,0.0,0.0,0.0,0.0,2127696.4299999997,0.0,0.0,9.735409717259335,0.7,2978.775002,0.0,0.0,0.0,0.0,2127696.4299999997,2978.775002,2124717.654998,0.0014000000000000002
2024-10,DE01,Hardware,C012,Northstar DE01,Growth,2.752895,45,909022.86,0.0,0.0,0.0,0.0,909022.86,0.0,0.0,14.96382566220612,0.9848454375,1790.4940325084026,0.0,0.0,0.0,0.0,909022.86,1790.4940325084026,907232.3659674916,0.001969690875
2024-10,DE01,Hardware,C013,Kestrel DE01,Core,1.8694799999999998,45,1458908.02,0.0,0.0,0.0,0.0,1458908.02,0.0,0.0,13.39708859781304,0.8412904999999999,2454.73091519962,0.0,0.0,0.0,0.0,1458908.02,2454.73091519962,1456453.2890848003,0.001682581
2024-10,DE01,Hardware,C014,Helix DE01,Core,2.0470550000000003,45,1201671.69,0.0,0.0,0.0,0.0,1201671.69,0.0,0.0,14.334951587317498,0.8701464375000001,2091.260680196209,0.0,0.0,0.0,0.0,1201671.69,2091.260680196209,1199580.4293198038,0.001740292875
2024-10,DE01,Software,C001,Meridian DE01,Growth,3.922925,30,127371.13,0.0,0.0,0.0,0.0,127371.13,0.0,0.0,15.291354485117624,1.1749753125,299.3158665504563,0.0,0.0,0.0,0.0,127371.13,299.3158665504563,127071.81413344954,0.002349950625
2024-10,DE01,Software,C002,Orion DE01,Core,1.8911449999999999,30,91769.58,0.0,0.0,0.0,0.0,91769.58,0.0,0.0,0.0,0.8448110624999999,155.0559127699575,0.0,0.0,0.0,0.0,91769.58,155.0559127699575,91614.52408723005,0.001689622125
2024-10,DE01,Software,C003,Atlas DE01,Growth,2.7558400000000005,30,50541.17,0.0,0.0,0.0,0.0,50541.17,0.0,0.0,0.0,0.9853240000000001,99.59885557816001,0.0,0.0,0.0,0.0,50541.17,99.59885557816001,50441.57114442184,0.001970648
2024-10,DE01,Software,C004,Nimbus DE01,Strategic,1.0,30,67643.00999999992,0.0,0.0,0.0,0.0,67643.00999999992,0.0,0.0,0.0,0.7,94.70021399999987,0.0,0.0,0.0,0.0,67643.00999999992,94.70021399999987,67548.30978599993,0.0013999999999999998
2024-10,DE01,Software,C005,Summit DE01,Core,2.047655,30,85958.13,0.0,0.0,0.0,0.0,85958.13,0.0,0.0,0.0,0.8702439375,149.60908302267376,0.0,0.0,0.0,0.0,85958.13,149.60908302267376,85808.52091697733,0.001740487875
2024-10,DE01,Software,C006,Cobalt DE01,Core,2.081205,30,97545.38,0.0,0.0,0.0,0.0,97545.38,0.0,0.0,0.0,0.8756958125000001,170.84016158944252,0.0,0.0,0.0,0.0,97545.38,170.84016158944252,97374.53983841056,0.001751391625
2024-10,DE01,Software,C007,Vertex DE01,Core,2.185245,30,75236.59,0.0,0.0,0.0,0.0,75236.59,0.0,0.0,0.0,0.8926023125,134.31270843722874,0.0,0.0,0.0,0.0,75236.59,134.31270843722874,75102.27729156277,0.001785204625
2024-10,ES01,Events,C023,Redwood ES01,Growth,2.795945,30,411473.03,0.0,0.0,0.0,0.0,411473.03,0.0,0.0,12.42158252753528,0.9918410625,816.2316945305889,0.0,0.0,0.0,0.0,411473.03,816.2316945305889,410656.79830546945,0.0019836821250000004
2024-10,ES01,Events,C025,Keystone ES01,Core,2.0810400000000002,30,832684.5599999999,0.0,0.0,0.0,0.0,832684.5599999999,0.0,0.0,2.8913467544060114,0.875669,1458.31211194128,0.0,0.0,0.0,0.0,832684.5599999999,1458.31211194128,831226.2478880587,0.001751338
2024-10,ES01,Events,C026,Axiom ES01,Core,2.21812,30,666282.29,0.0,0.0,0.0,0.0,666282.29,0.0,0.0,12.182921296017037,0.8979444999999999,1196.56903550581,0.0,0.0,0.0,0.0,666282.29,1196.56903550581,665085.7209644943,0.001795889
2024-10,ES01,Events,C022,Vector ES01,Strategic,1.0,30,1185759.1,0.0,0.0,0.0,0.0,1185759.1,0.0,0.0,0.0,0.7,1660.0627400000003,0.0,0.0,0.0,0.0,1185759.1,1660.0627400000003,1184099.0372600001,0.0014000000000000002
2024-10,ES01,Events,C024,Pioneer ES01,Strategic,1.02279,30,763817.06,0.0,0.0,0.0,0.0,763817.06,0.0,0.0,0.0,0.703703375,1075.0012860091551,0.0,0.0,0.0,0.0,763817.06,1075.0012860091551,762742.0587139908,0.00140740675
2024-10,ES01,Hardware,C015,Nova ES01,Strategic,1.134235,45,1402880.21,0.0,0.0,0.0,0.0,1402880.21,0.0,0.0,14.529939088669588,0.7218131875,2025.2348721215387,0.0,0.0,0.0,0.0,1402880.21,2025.2348721215387,1400854.9751278784,0.001443626375
2024-10,ES01,Hardware,C016,Meridian ES01,Core,2.18475,45,743417.11,0.0,0.0,0.0,0.0,743417.11,0.0,0.0,14.963825489569375,0.892521875,1327.0320658485625,0.0,0.0,0.0,0.0,743417.11,1327.0320658485625,742090.0779341514,0.00178504375
2024-10,ES01,Hardware,C017,Orion ES01,Strategic,1.2359149999999999,45,1788638.2,0.0,0.0,0.0,0.0,1788638.2,0.0,0.0,14.967752953056689,0.7383361875,2641.232618809725,0.0,0.0,0.0,0.0,1788638.2,2641.232618809725,1785996.9673811903,0.001476672375
2024-10,ES01,Hardware,C018,Atlas ES01,Strategic,1.285565,45,1394051.9300000002,0.0,0.0,0.0,0.0,1394051.9300000002,0.0,0.0,14.08683025172527,0.7464043125,2081.052744801896,0.0,0.0,0.0,0.0,1394051.9300000002,2081.052744801896,1391970.8772551983,0.0014928086249999997
2024-10,ES01,Hardware,C019,Nimbus ES01,Core,2.209905,45,970257.25,0.0,0.0,0.0,0.0,970257.25,0.0,0.0,14.49242404527253,0.8966095625,1739.8838568699064,0.0,0.0,0.0,0.0,970257.25,1739.8838568699064,968517.3661431301,0.0017932191250000001
2024-10,ES01,Hardware,C020,Summit ES01,Strategic,1.0,45,1506141.5500000003,0.0,0.0,0.0,0.0,1506141.5500000003,0.0,0.0,8.88050435896945,0.7,2108.59817,0.0,0.0,0.0,0.0,1506141.5500000003,2108.59817,1504032.9518300004,0.0014
2024-10,ES01,Hardware,C021,Cobalt ES01,Core,1.9086199999999998,45,815551.3300000001,0.0,0.0,0.0,0.0,815551.3300000001,0.0,0.0,14.96382588205699,0.8476507499999999,1382.605393075995,0.0,0.0,0.0,0.0,815551.3300000001,1382.605393075995,814168.7246069241,0.0016953014999999997
2024-10,ES01,Spare Parts,C027,Cobalt ES01,Core,2.25286,45,556074.7499999991,0.0,0.0,0.0,0.0,556074.7499999991,0.0,0.0,11.471680381099816,0.9035897500000001,1004.9268886676234,0.0,0.0,0.0,0.0,556074.7499999991,1004.9268886676234,555069.8231113314,0.0018071795
2024-10,ES01,Spare Parts,C028,Vertex ES01,Growth,3.0423750000000003,45,655071.47,0.0,0.0,0.0,0.0,655071.47,0.0,0.0,14.696523571695161,1.0318859375,1351.9180759009062,0.0,0.0,0.0,0.0,655071.47,1351.9180759009062,653719.5519240991,0.002063771875
2024-10,ES01,Spare Parts,C029,Nova ES01,Core,2.341555,45,528664.07,0.0,0.0,0.0,0.0,528664.07,0.0,0.0,14.655706032755358,0.9180026875,970.6300740893762,0.0,0.0,0.0,0.0,528664.07,970.6300740893762,527693.4399259106,0.0018360053750000002
2024-10,ES01,Spare Parts,C030,Meridian ES01,Growth,2.7239050000000002,45,359951.71,0.0,0.0,0.0,0.0,359951.71,0.0,0.0,14.296390201896806,0.9801345625,705.6022236039538,0.0,0.0,0.0,0.0,359951.71,705.6022236039538,359246.1077763961,0.001960269125
2024-10,ES01,Spare Parts,C031,Orion ES01,Growth,2.81174,45,391973.55,0.0,0.0,0.0,0.0,391973.55,0.0,0.0,14.606061556959647,0.9944077499999999,779.5630718300249,0.0,0.0,0.0,0.0,391973.55,779.5630718300249,391193.98692816996,0.0019888155
2024-10,ES01,Spare Parts,C033,Nimbus ES01,Growth,2.8488800000000003,45,366711.62,0.0,0.0,0.0,0.0,366711.62,0.0,0.0,14.388290177442428,1.0004430000000002,733.7481464953202,0.0,0.0,0.0,0.0,366711.62,733.7481464953202,365977.8718535047,0.0020008860000000003
2024-10,ES01,Spare Parts,C032,Atlas ES01,Core,2.0051500000000004,45,466709.78,0.0,0.0,0.0,0.0,466709.78,0.0,0.0,0.0,0.8633368750000001,805.8555259942751,0.0,0.0,0.0,0.0,466709.78,805.8555259942751,465903.92447400576,0.0017266737500000002
2024-10,JP01,Hardware,C060,Keystone JP01,Growth,2.7943000000000002,45,1083696.8,0.0,0.0,0.0,0.0,1083696.8,0.0,0.0,14.888506360819743,0.99157375,2149.130599678,0.0,0.0,0.0,0.0,1083696.8,2149.130599678,1081547.669400322,0.0019831475
2024-10,JP01,Hardware,C061,Axiom JP01,Core,1.97168,45,978540.7999999989,0.0,0.0,0.0,0.0,978540.7999999989,0.0,0.0,8.76220664483277,0.857898,1678.976390476798,0.0,0.0,0.0,0.0,978540.7999999989,1678.976390476798,976861.8236095221,0.001715796
2024-10,JP01,Hardware,C062,Northstar JP01,Growth,2.8876500000000003,45,1229407.8900000001,0.0,0.0,0.0,0.0,1229407.8900000001,0.0,0.0,14.94198048460548,1.006743125,2475.395882156513,0.0,0.0,0.0,0.0,1229407.8900000001,2475.395882156513,1226932.4941178437,0.00201348625
2024-10,JP01,Hardware,C063,Kestrel JP01,Growth,2.933765,45,760599.8400000001,0.0,0.0,0.0,0.0,760599.8400000001,0.0,0.0,15.523741892977522,1.0142368125,1542.8567146192204,0.0,0.0,0.0,0.0,760599.8400000001,1542.8567146192204,759056.9832853809,0.0020284736250000004
2024-10,JP01,Hardware,C064,Helix JP01,Growth,3.0409900000000003,45,481737.76,0.0,0.0,0.0,0.0,481737.76,0.0,0.0,12.753502444981685,1.031660875,993.9799980042801,0.0,0.0,0.0,0.0,481737.76,993.9799980042801,480743.78000199574,0.0020633217500000004
2024-10,JP01,Hardware,C065,Vector JP01,Growth,3.1325000000000003,45,383050.32,0.0,0.0,0.0,0.0,383050.32,0.0,0.0,12.494216947789,1.0465312500000001,801.7482604050001,0.0,0.0,0.0,0.0,383050.32,801.7482604050001,382248.57173959503,0.0020930625000000003
2024-10,JP01,Hardware,C066,Redwood JP01,Growth,3.086145,45,930158.55,0.0,0.0,0.0,0.0,930158.55,0.0,0.0,14.963825683266577,1.0389985625,1932.866792694169,0.0,0.0,0.0,0.0,930158.55,1932.866792694169,928225.6832073058,0.002077997125
2024-10,JP01,Software,C053,Atlas JP01,Core,2.188565,30,53075.23,0.0,0.0,0.0,0.0,53075.23,0.0,0.0,0.0,0.8931418125,94.80741424210876,0.0,0.0,0.0,0.0,53075.23,94.80741424210876,52980.42258575789,0.0017862836250000002
2024-10,JP01,Software,C054,Nimbus JP01,Core,2.16125,30,81412.43,0.0,0.0,0.0,0.0,81412.43,0.0,0.0,0.0,0.8887031249999999,144.7029619096875,0.0,0.0,0.0,0.0,81412.43,144.7029619096875,81267.7270380903,0.0017774062500000001
2024-10,JP01,Software,C055,Summit JP01,Strategic,1.29925,30,26717.540000000277,0.0,0.0,0.0,0.0,26717.540000000277,0.0,0.0,0.0,0.748628125,40.003003749625414,0.0,0.0,0.0,0.0,26717.540000000277,40.003003749625414,26677.536996250652,0.0014972562499999998
2024-10,JP01,Software,C056,Cobalt JP01,Core,2.1768300000000003,30,111438.8,0.0,0.0,0.0,0.0,111438.8,0.0,0.0,0.0,0.8912348750000001,198.63628997630002,0.0,0.0,0.0,0.0,111438.8,198.63628997630002,111240.1637100237,0.00178246975
2024-10,JP01,Software,C057,Vertex JP01,Core,2.26337,30,87431.26,0.0,0.0,0.0,0.0,87431.26,0.0,0.0,0.0,0.905297625,158.30262405751498,0.0,0.0,0.0,0.0,87431.26,158.30262405751498,87272.95737594248,0.0018105952499999998
2024-10,JP01,Software,C058,Nova JP01,Core,2.3047950000000004,30,92602.39,0.0,0.0,0.0,0.0,92602.39,0.0,0.0,0.0,0.9120291875000001,168.91216502451627,0.0,0.0,0.0,0.0,92602.39,168.91216502451627,92433.47783497548,0.0018240583750000002
2024-10,JP01,Software,C059,Meridian JP01,Growth,3.295,30,50755.41,0.0,0.0,0.0,0.0,50755.41,0.0,0.0,0.0,1.0729375,108.91476543375002,0.0,0.0,0.0,0.0,50755.41,108.91476543375002,50646.49523456625,0.002145875
2024-10,JP01,Spare Parts,C067,Orion JP01,Core,2.41448,45,534387.1699999999,0.0,0.0,0.0,0.0,534387.1699999999,0.0,0.0,14.770967461662675,0.929853,993.80302637202,0.0,0.0,0.0,0.0,534387.1699999999,993.80302637202,533393.3669736279,0.0018597060000000002
2024-10,JP01,Spare Parts,C068,Atlas JP01,Core,2.34401,45,825241.16,0.0,0.0,0.0,0.0,825241.16,0.0,0.0,14.505889890417002,0.918401625,1515.80564472177,0.0,0.0,0.0,0.0,825241.16,1515.80564472177,823725.3543552783,0.00183680325
2024-10,JP01,Spare Parts,C069,Nimbus JP01,Growth,3.28588,45,543217.13,0.0,0.0,0.0,0.0,543217.13,0.0,0.0,14.636868686375927,1.0714555000000001,1164.0659632654301,0.0,0.0,0.0,0.0,543217.13,1164.0659632654301,542053.0640367345,0.0021429110000000004
2024-10,JP01,Spare Parts,C070,Summit JP01,Core,1.9708350000000001,45,691249.19,0.0,0.0,0.0,0.0,691249.19,0.0,0.0,9.514839359160765,0.8577606875,1185.8527608964362,0.0,0.0,0.0,0.0,691249.19,1185.8527608964362,690063.3372391035,0.001715521375
2024-10,JP01,Spare Parts,C071,Cobalt JP01,Growth,2.876375,45,594999.2,0.0,0.0,0.0,0.0,594999.2,0.0,0.0,14.704274728436612,1.0049109375,1195.8424077675,0.0,0.0,0.0,0.0,594999.2,1195.8424077675,593803.3575922324,0.002009821875
2024-10,JP01,Spare Parts,C073,Nova JP01,Core,2.219815,45,848341.24,0.0,0.0,0.0,0.0,848341.24,0.0,0.0,14.506199533574483,0.8982199375,1523.9940311429448,0.0,0.0,0.0,0.0,848341.24,1523.9940311429448,846817.2459688571,0.0017964398749999997
2024-10,JP01,Spare Parts,C072,Vertex JP01,Strategic,1.1821099999999998,45,583201.15,0.0,0.0,0.0,0.0,583201.15,0.0,0.0,0.0,0.7295928749999999,850.9988074636124,0.0,0.0,0.0,0.0,583201.15,850.9988074636124,582350.1511925365,0.0014591857499999998
2024-10,US01,Events,C048,Northstar US01,Growth,3.1211550000000003,30,555747.8200000001,0.0,0.0,0.0,0.0,555747.8200000001,0.0,0.0,18.24144105504543,1.0446876875000002,1161.1658098179328,0.0,0.0,0.0,0.0,555747.8200000001,1161.1658098179328,554586.6541901821,0.0020893753750000003
2024-10,US01,Events,C052,Redwood US01,Growth,2.88081,30,362358.3200000002,0.0,0.0,0.0,0.0,362358.3200000002,0.0,0.0,4.759248525051128,1.005631625,728.7979723477403,0.0,0.0,0.0,0.0,362358.3200000002,728.7979723477403,361629.5220276524,0.0020112632499999995
2024-10,US01,Events,C049,Kestrel US01,Strategic,1.447995,30,667274.6799999999,0.0,0.0,0.0,0.0,667274.6799999999,0.0,0.0,0.0,0.7727991875,1031.338661086645,0.0,0.0,0.0,0.0,667274.6799999999,1031.338661086645,666243.3413389133,0.0015455983750000003
2024-10,US01,Events,C050,Helix US01,Growth,2.8449999999999998,30,674944.82,0.0,0.0,0.0,0.0,674944.82,0.0,0.0,0.0,0.9998125,1349.6365356924998,0.0,0.0,0.0,0.0,674944.82,1349.6365356924998,673595.1834643075,0.001999625
2024-10,US01,Hardware,C041,Summit US01,Growth,2.82761,45,1299637.9,0.0,0.0,0.0,0.0,1299637.9,0.0,0.0,14.96382584718405,0.996986625,2591.443207286175,0.0,0.0,0.0,0.0,1299637.9,2591.443207286175,1297046.4567927138,0.0019939732500000003
2024-10,US01,Hardware,C042,Cobalt US01,Growth,2.902705,45,781847.87,0.0,0.0,0.0,0.0,781847.87,0.0,0.0,14.963825891090552,1.0091895625,1578.065419733714,0.0,0.0,0.0,0.0,781847.87,1578.065419733714,780269.8045802662,0.002018379125
2024-10,US01,Hardware,C043,Vertex US01,Core,2.0013,45,1247367.13,0.0,0.0,0.0,0.0,1247367.13,0.0,0.0,14.900138181451041,0.86271125,2152.235311862425,0.0,0.0,0.0,0.0,1247367.13,2152.235311862425,1245214.8946881376,0.0017254225000000003
2024-10,US01,Hardware,C044,Nova US01,Core,2.11017,45,1502115.98,0.0,0.0,0.0,0.0,1502115.98,0.0,0.0,15.393786104319323,0.880402625,2644.933703692895,0.0,0.0,0.0,0.0,1502115.98,2644.933703692895,1499471.0462963071,0.0017608052500000001
2024-10,US01,Hardware,C045,Meridian US01,Strategic,1.0499999999999998,45,1144220.2799999993,0.0,0.0,0.0,0.0,1144220.2799999993,0.0,0.0,3.969566506896721,0.7081249999999999,1620.5019715499989,0.0,0.0,0.0,0.0,1144220.2799999993,1620.5019715499989,1142599.7780284493,0.0014162499999999998
2024-10,US01,Hardware,C046,Orion US01,Core,2.182275,45,2084785.58,0.0,0.0,0.0,0.0,2084785.58,0.0,0.0,14.812113771431594,0.8921196875,3719.756520268213,0.0,0.0,0.0,0.0,2084785.58,3719.756520268213,2081065.8234797318,0.0017842393750000002
2024-10,US01,Hardware,C047,Atlas US01,Core,2.2454699999999996,45,2285466.59,0.0,0.0,0.0,0.0,2285466.59,0.0,0.0,14.349750306347731,0.902388875,4124.759250000372,0.0,0.0,0.0,0.0,2285466.59,4124.759250000372,2281341.8307499993,0.0018047777499999999
2024-10,US01,Software,C034,Kestrel US01,Growth,2.9399699999999998,30,91157.07,0.0,0.0,0.0,0.0,91157.07,0.0,0.0,0.0,1.0152451249999999,185.09354185356747,0.0,0.0,0.0,0.0,91157.07,185.09354185356747,90971.97645814644,0.0020304902499999997
2024-10,US01,Software,C035,Helix US01,Core,2.18574,30,88057.94,0.0,0.0,0.0,0.0,88057.94,0.0,0.0,0.0,0.89268275,157.21560807707,0.0,0.0,0.0,0.0,88057.94,157.21560807707,87900.72439192294,0.0017853654999999999
2024-10,US01,Software,C036,Vector US01,Growth,3.016975,30,76129.49,0.0,0.0,0.0,0.0,76129.49,0.0,0.0,0.0,1.0277584375,156.48545138014376,0.0,0.0,0.0,0.0,76129.49,156.48545138014376,75973.00454861987,0.002055516875
2024-10,US01,Software,C037,Redwood US01,Core,2.305165,30,121645.59,0.0,0.0,0.0,0.0,121645.59,0.0,0.0,0.0,0.9120893125,221.90328510351375,0.0,0.0,0.0,0.0,121645.59,221.90328510351375,121423.68671489648,0.001824178625
2024-10,US01,Software,C038,Pioneer US01,Strategic,1.2493699999999999,30,105582.31000000029,0.0,0.0,0.0,0.0,105582.31000000029,0.0,0.0,0.0,0.740522625,156.37217870952793,0.0,0.0,0.0,0.0,105582.31000000029,156.37217870952793,105425.93782129076,0.00148104525
2024-10,US01,Software,C039,Keystone US01,Strategic,1.335245,30,188985.55,0.0,0.0,0.0,0.0,188985.55,0.0,0.0,0.0,0.7544773124999999,285.1706197306687,0.0,0.0,0.0,0.0,188985.55,285.1706197306687,188700.37938026933,0.001508954625
2024-10,US01,Software,C040,Axiom US01,Growth,2.8075,30,65987.13,0.0,0.0,0.0,0.0,65987.13,0.0,0.0,0.0,0.99371875,131.145296679375,0.0,0.0,0.0,0.0,65987.13,131.145296679375,65855.98470332063,0.0019874375
2024-11,DE01,Hardware,C010,Keystone DE01,Growth,3.8942900000000003,45,850594.69,360573.36,0.0,0.0,0.0,1211168.0499999998,360573.35999999987,0.29770712660394233,27.659691320292012,1.1703221250000002,1990.9395702290328,4219.8698089359,0.0,0.0,0.0,1211168.0499999998,6210.8093791649335,1204957.240620835,0.005127950146278161
2024-11,DE01,Hardware,C008,Redwood DE01,Core,2.225305,45,1095494.8,0.0,0.0,0.0,0.0,1095494.8,0.0,0.0,14.931194926712568,0.8991120625,1969.9451781720502,0.0,0.0,0.0,0.0,1095494.8,1969.9451781720502,1093524.854821828,0.0017982241250000001
2024-11,DE01,Hardware,C009,Pioneer DE01,Strategic,1.306745,45,1856390.8199999998,0.0,0.0,0.0,0.0,1856390.8199999998,0.0,0.0,14.790867582506147,0.7498460625,2784.014693676292,0.0,0.0,0.0,0.0,1856390.8199999998,2784.014693676292,1853606.8053063236,0.0014996921249999999
2024-11,DE01,Hardware,C011,Axiom DE01,Strategic,1.0,45,1646348.48,0.0,0.0,0.0,0.0,1646348.48,0.0,0.0,4.467459586684831,0.7,2304.887872,0.0,0.0,0.0,0.0,1646348.48,2304.887872,1644043.592128,0.0014
2024-11,DE01,Hardware,C012,Northstar DE01,Growth,2.752895,45,913154.9299999999,0.0,0.0,0.0,0.0,913154.9299999999,0.0,0.0,14.968134925362556,0.9848454375,1798.6329330822637,0.0,0.0,0.0,0.0,913154.9299999999,1798.6329330822637,911356.2970669176,0.001969690875
2024-11,DE01,Hardware,C013,Kestrel DE01,Core,1.8694799999999998,45,1614936.27,0.0,0.0,0.0,0.0,1614936.27,0.0,0.0,14.99880896228803,0.8412904999999999,2717.26108411287,0.0,0.0,0.0,0.0,1614936.27,2717.26108411287,1612219.0089158872,0.0016825809999999998
2024-11,DE01,Hardware,C014,Helix DE01,Core,2.0470550000000003,45,1237463.83,0.0,0.0,0.0,0.0,1237463.83,0.0,0.0,15.211955892076457,0.8701464375000001,2153.549486419212,0.0,0.0,0.0,0.0,1237463.83,2153.549486419212,1235310.280513581,0.0017402928750000005
2024-11,DE01,Software,C001,Meridian DE01,Growth,3.922925,30,120640.26999999999,0.0,0.0,0.0,0.0,120640.26999999999,0.0,0.0,15.52928222060511,1.1749753125,283.4986778866687,0.0,0.0,0.0,0.0,120640.26999999999,283.4986778866687,120356.77132211332,0.0023499506249999996
2024-11,DE01,Software,C002,Orion DE01,Core,1.8911449999999999,30,90302.32,0.0,0.0,0.0,0.0,90302.32,0.0,0.0,0.0,0.8448110624999999,152.57679781083002,0.0,0.0,0.0,0.0,90302.32,152.57679781083002,90149.74320218917,0.0016896221250000001
2024-11,DE01,Software,C003,Atlas DE01,Growth,2.7558400000000005,30,48621.89,0.0,0.0,0.0,0.0,48621.89,0.0,0.0,0.0,0.9853240000000001,95.81663028472,0.0,0.0,0.0,0.0,48621.89,95.81663028472,48526.07336971528,0.001970648
2024-11,DE01,Software,C004,Nimbus DE01,Strategic,1.0,30,60815.03999999995,0.0,0.0,0.0,0.0,60815.03999999995,0.0,0.0,0.0,0.7,85.14105599999994,0.0,0.0,0.0,0.0,60815.03999999995,85.14105599999994,60729.89894399995,0.0014
2024-11,DE01,Software,C005,Summit DE01,Core,2.047655,30,82496.04000000001,0.0,0.0,0.0,0.0,82496.04000000001,0.0,0.0,0.0,0.8702439375,143.583357355515,0.0,0.0,0.0,0.0,82496.04000000001,143.583357355515,82352.4566426445,0.001740487875
2024-11,DE01,Software,C006,Cobalt DE01,Core,2.081205,30,95638.39,0.0,0.0,0.0,0.0,95638.39,0.0,0.0,0.0,0.8756958125000001,167.50027527448376,0.0,0.0,0.0,0.0,95638.39,167.50027527448376,95470.88972472552,0.001751391625
2024-11,DE01,Software,C007,Vertex DE01,Core,2.185245,30,73469.26,0.0,0.0,0.0,0.0,73469.26,0.0,0.0,0.0,0.8926023125,131.1576627473275,0.0,0.0,0.0,0.0,73469.26,131.1576627473275,73338.10233725267,0.001785204625
2024-11,ES01,Events,C023,Redwood ES01,Growth,2.795945,30,340792.16,0.0,0.0,0.0,0.0,340792.16,0.0,0.0,21.224210967764048,0.9918410625,676.0233161321399,0.0,0.0,0.0,0.0,340792.16,676.0233161321399,340116.13668386784,0.001983682125
2024-11,ES01,Events,C026,Axiom ES01,Core,2.21812,30,529846.3800000001,0.0,0.0,0.0,0.0,529846.3800000001,0.0,0.0,10.157424497266556,0.8979444999999999,951.5452855318202,0.0,0.0,0.0,0.0,529846.3800000001,951.5452855318202,528894.8347144683,0.001795889
2024-11,ES01,Events,C022,Vector ES01,Strategic,1.0,30,1349313.49,0.0,0.0,0.0,0.0,1349313.49,0.0,0.0,0.0,0.7,1889.0388859999998,0.0,0.0,0.0,0.0,1349313.49,1889.0388859999998,1347424.451114,0.0013999999999999998
2024-11,ES01,Events,C024,Pioneer ES01,Strategic,1.02279,30,452584.87,0.0,0.0,0.0,0.0,452584.87,0.0,0.0,0.0,0.703703375,636.9710009858726,0.0,0.0,0.0,0.0,452584.87,636.9710009858726,451947.8989990141,0.0014074067500000002
2024-11,ES01,Events,C025,Keystone ES01,Core,2.0810400000000002,30,188195.71,0.0,0.0,0.0,0.0,188195.71,0.0,0.0,0.0,0.875669,329.59429835998,0.0,0.0,0.0,0.0,188195.71,329.59429835998,187866.11570164002,0.0017513379999999999
2024-11,ES01,Hardware,C015,Nova ES01,Strategic,1.134235,45,1453427.42,0.0,0.0,0.0,0.0,1453427.42,0.0,0.0,14.932044078265704,0.7218131875,2098.2061576602023,0.0,0.0,0.0,0.0,1453427.42,2098.2061576602023,1451329.2138423398,0.001443626375
2024-11,ES01,Hardware,C016,Meridian ES01,Core,2.18475,45,746796.3899999999,0.0,0.0,0.0,0.0,746796.3899999999,0.0,0.0,14.968135290530796,0.892521875,1333.0642284920623,0.0,0.0,0.0,0.0,746796.3899999999,1333.0642284920623,745463.3257715078,0.0017850437499999999
2024-11,ES01,Hardware,C017,Orion ES01,Strategic,1.2359149999999999,45,1994818.8499999999,0.0,0.0,0.0,0.0,1994818.8499999999,0.0,0.0,13.478542826081677,0.7383361875,2945.6938889242683,0.0,0.0,0.0,0.0,1994818.8499999999,2945.6938889242683,1991873.1561110755,0.0014766723749999999
2024-11,ES01,Hardware,C018,Atlas ES01,Strategic,1.285565,45,1515948.62,0.0,0.0,0.0,0.0,1515948.62,0.0,0.0,14.6335995213347,0.7464043125,2263.0211749928476,0.0,0.0,0.0,0.0,1515948.62,2263.0211749928476,1513685.5988250072,0.0014928086249999999
2024-11,ES01,Hardware,C019,Nimbus ES01,Core,2.209905,45,1039417.59,0.0,0.0,0.0,0.0,1039417.59,0.0,0.0,14.475739245474958,0.8966095625,1863.903501249409,0.0,0.0,0.0,0.0,1039417.59,1863.903501249409,1037553.6864987506,0.0017932191250000001
2024-11,ES01,Hardware,C020,Summit ES01,Strategic,1.0,45,1739604.920000001,0.0,0.0,0.0,0.0,1739604.920000001,0.0,0.0,10.165345186538115,0.7,2435.4468880000013,0.0,0.0,0.0,0.0,1739604.920000001,2435.4468880000013,1737169.473112001,0.0013999999999999998
2024-11,ES01,Hardware,C021,Cobalt ES01,Core,1.9086199999999998,45,819258.52,0.0,0.0,0.0,0.0,819258.52,0.0,0.0,14.968134600540987,0.8476507499999999,1388.89019784378,0.0,0.0,0.0,0.0,819258.52,1388.89019784378,817869.6298021562,0.0016953015
2024-11,ES01,Spare Parts,C027,Cobalt ES01,Core,2.25286,45,529354.679999999,0.0,0.0,0.0,0.0,529354.679999999,0.0,0.0,9.908041051039689,0.9035897500000001,956.6389259250583,0.0,0.0,0.0,0.0,529354.679999999,956.6389259250583,528398.041074074,0.0018071795
2024-11,ES01,Spare Parts,C028,Vertex ES01,Growth,3.0423750000000003,45,680393.99,0.0,0.0,0.0,0.0,680393.99,0.0,0.0,14.73392026875487,1.0318859375,1404.1779804810312,0.0,0.0,0.0,0.0,680393.99,1404.1779804810312,678989.8120195189,0.002063771875
2024-11,ES01,Spare Parts,C029,Nova ES01,Core,2.341555,45,546612.97,0.0,0.0,0.0,0.0,546612.97,0.0,0.0,14.840439845399205,0.9180026875,1003.5843509647138,0.0,0.0,0.0,0.0,546612.97,1003.5843509647138,545609.3856490352,0.0018360053750000004
2024-11,ES01,Spare Parts,C030,Meridian ES01,Growth,2.7239050000000002,45,379141.53,0.0,0.0,0.0,0.0,379141.53,0.0,0.0,14.90878933784964,0.9801345625,743.2194352642613,0.0,0.0,0.0,0.0,379141.53,743.2194352642613,378398.3105647358,0.001960269125
2024-11,ES01,Spare Parts,C031,Orion ES01,Growth,2.81174,45,406842.0,0.0,0.0,0.0,0.0,406842.0,0.0,0.0,14.831351482885246,0.9944077499999999,809.1336756509999,0.0,0.0,0.0,0.0,406842.0,809.1336756509999,406032.866324349,0.0019888155
2024-11,ES01,Spare Parts,C033,Nimbus ES01,Growth,2.8488800000000003,45,382083.25,0.0,0.0,0.0,0.0,382083.25,0.0,0.0,14.983633540596191,1.0004430000000002,764.5050257595002,0.0,0.0,0.0,0.0,382083.25,764.5050257595002,381318.7449742405,0.0020008860000000003
2024-11,ES01,Spare Parts,C032,Atlas ES01,Core,2.0051500000000004,45,475010.66,0.0,0.0,0.0,0.0,475010.66,0.0,0.0,0.0,0.8633368750000001,820.1884375921751,0.0,0.0,0.0,0.0,475010.66,820.1884375921751,474190.4715624078,0.0017266737500000002
2024-11,JP01,Hardware,C060,Keystone JP01,Growth,2.7943000000000002,45,1181642.5,0.0,0.0,0.0,0.0,1181642.5,0.0,0.0,13.858910203382157,0.99157375,2343.37136976875,0.0,0.0,0.0,0.0,1181642.5,2343.37136976875,1179299.1286302311,0.0019831475
2024-11,JP01,Hardware,C061,Axiom JP01,Core,1.97168,45,1122398.3899999992,0.0,0.0,0.0,0.0,1122398.3899999992,0.0,0.0,11.340576228018275,0.857898,1925.8066679684387,0.0,0.0,0.0,0.0,1122398.3899999992,1925.8066679684387,1120472.5833320308,0.0017157960000000001
2024-11,JP01,Hardware,C062,Northstar JP01,Growth,2.8876500000000003,45,1265371.87,0.0,0.0,0.0,0.0,1265371.87,0.0,0.0,14.630045474299976,1.006743125,2547.808861381788,0.0,0.0,0.0,0.0,1265371.87,2547.808861381788,1262824.0611386183,0.0020134862500000004
2024-11,JP01,Hardware,C063,Kestrel JP01,Growth,2.933765,45,821349.1699999999,0.0,0.0,0.0,0.0,821349.1699999999,0.0,0.0,13.405552720044753,1.0142368125,1666.0851282606413,0.0,0.0,0.0,0.0,821349.1699999999,1666.0851282606413,819683.0848717393,0.0020284736250000004
2024-11,JP01,Hardware,C064,Helix JP01,Growth,3.0409900000000003,45,583208.36,0.0,0.0,0.0,0.0,583208.36,0.0,0.0,14.245833341620823,1.031660875,1203.34649396983,0.0,0.0,0.0,0.0,583208.36,1203.34649396983,582005.0135060302,0.00206332175
2024-11,JP01,Hardware,C065,Vector JP01,Growth,3.1325000000000003,45,486307.16000000003,0.0,0.0,0.0,0.0,486307.16000000003,0.0,0.0,13.788807468925608,1.0465312500000001,1017.8712800775003,0.0,0.0,0.0,0.0,486307.16000000003,1017.8712800775003,485289.28871992254,0.0020930625000000003
2024-11,JP01,Hardware,C066,Redwood JP01,Growth,3.086145,45,965770.06,0.0,0.0,0.0,0.0,965770.06,0.0,0.0,14.481735020859933,1.0389985625,2006.8674080910776,0.0,0.0,0.0,0.0,965770.06,2006.8674080910776,963763.192591909,0.0020779971249999998
2024-11,JP01,Software,C053,Atlas JP01,Core,2.188565,30,49770.58,0.0,0.0,0.0,0.0,49770.58,0.0,0.0,0.0,0.8931418125,88.90437206075251,0.0,0.0,0.0,0.0,49770.58,88.90437206075251,49681.67562793925,0.0017862836250000002
2024-11,JP01,Software,C054,Nimbus JP01,Core,2.16125,30,77804.23,0.0,0.0,0.0,0.0,77804.23,0.0,0.0,0.0,0.8887031249999999,138.2897246784375,0.0,0.0,0.0,0.0,77804.23,138.2897246784375,77665.94027532155,0.0017774062500000001
2024-11,JP01,Software,C055,Summit JP01,Strategic,1.29925,30,12300.060000000289,0.0,0.0,0.0,0.0,12300.060000000289,0.0,0.0,0.0,0.748628125,18.416341710375434,0.0,0.0,0.0,0.0,12300.060000000289,18.416341710375434,12281.643658289913,0.00149725625
2024-11,JP01,Software,C056,Cobalt JP01,Core,2.1768300000000003,30,105320.86,0.0,0.0,0.0,0.0,105320.86,0.0,0.0,0.0,0.8912348750000001,187.73124699398502,0.0,0.0,0.0,0.0,105320.86,187.73124699398502,105133.12875300602,0.0017824697500000003
2024-11,JP01,Software,C057,Vertex JP01,Core,2.26337,30,81876.75,0.0,0.0,0.0,0.0,81876.75,0.0,0.0,0.0,0.905297625,148.2456546354375,0.0,0.0,0.0,0.0,81876.75,148.2456546354375,81728.50434536456,0.0018105952499999998
2024-11,JP01,Software,C058,Nova JP01,Core,2.3047950000000004,30,87776.07,0.0,0.0,0.0,0.0,87776.07,0.0,0.0,0.0,0.9120291875000001,160.10867560808626,0.0,0.0,0.0,0.0,87776.07,160.10867560808626,87615.96132439192,0.001824058375
2024-11,JP01,Software,C059,Meridian JP01,Growth,3.295,30,48378.32,0.0,0.0,0.0,0.0,48378.32,0.0,0.0,0.0,1.0729375,103.81382743000002,0.0,0.0,0.0,0.0,48378.32,103.81382743000002,48274.50617257,0.002145875
2024-11,JP01,Spare Parts,C067,Orion JP01,Core,2.41448,45,560140.49,0.0,0.0,0.0,0.0,560140.49,0.0,0.0,14.528854359376878,0.929853,1041.69663009594,0.0,0.0,0.0,0.0,560140.49,1041.69663009594,559098.793369904,0.001859706
2024-11,JP01,Spare Parts,C068,Atlas JP01,Core,2.34401,45,851066.31,0.0,0.0,0.0,0.0,851066.31,0.0,0.0,15.023949661454699,0.918401625,1563.2413641735077,0.0,0.0,0.0,0.0,851066.31,1563.2413641735077,849503.0686358266,0.00183680325
2024-11,JP01,Spare Parts,C069,Nimbus JP01,Growth,3.28588,45,568800.38,0.0,0.0,0.0,0.0,568800.38,0.0,0.0,14.672135240134685,1.0714555000000001,1218.8885911061802,0.0,0.0,0.0,0.0,568800.38,1218.8885911061802,567581.4914088938,0.0021429110000000004
2024-11,JP01,Spare Parts,C070,Summit JP01,Core,1.9708350000000001,45,677736.1300000001,0.0,0.0,0.0,0.0,677736.1300000001,0.0,0.0,8.389492530079522,0.8577606875,1162.670817624779,0.0,0.0,0.0,0.0,677736.1300000001,1162.670817624779,676573.4591823753,0.001715521375
2024-11,JP01,Spare Parts,C071,Cobalt JP01,Growth,2.876375,45,629218.4,0.0,0.0,0.0,0.0,629218.4,0.0,0.0,14.46388773754868,1.0049109375,1264.6169044725002,0.0,0.0,0.0,0.0,629218.4,1264.6169044725002,627953.7830955276,0.002009821875
2024-11,JP01,Spare Parts,C073,Nova JP01,Core,2.219815,45,878091.06,0.0,0.0,0.0,0.0,878091.06,0.0,0.0,14.96886883235094,0.8982199375,1577.4377940650177,0.0,0.0,0.0,0.0,878091.06,1577.4377940650177,876513.6222059351,0.0017964398750000001
2024-11,JP01,Spare Parts,C072,Vertex JP01,Strategic,1.1821099999999998,45,601691.37,0.0,0.0,0.0,0.0,601691.37,0.0,0.0,0.0,0.7295928749999999,877.9794730019775,0.0,0.0,0.0,0.0,601691.37,877.9794730019775,600813.390526998,0.00145918575
2024-11,US01,Events,C048,Northstar US01,Growth,3.1211550000000003,30,461385.68000000005,0.0,0.0,0.0,0.0,461385.68000000005,0.0,0.0,14.16340771564475,1.0446876875000002,964.0078781696302,0.0,0.0,0.0,0.0,461385.68000000005,964.0078781696302,460421.6721218304,0.0020893753750000003
2024-11,US01,Events,C052,Redwood US01,Growth,2.88081,30,1015553.6400000001,0.0,0.0,0.0,0.0,1015553.6400000001,0.0,0.0,8.612501649838997,1.005631625,2042.5457145357302,0.0,0.0,0.0,0.0,1015553.6400000001,2042.5457145357302,1013511.0942854644,0.00201126325
2024-11,US01,Events,C049,Kestrel US01,Strategic,1.447995,30,1187666.6400000001,0.0,0.0,0.0,0.0,1187666.6400000001,0.0,0.0,0.0,0.7727991875,1835.6556288257102,0.0,0.0,0.0,0.0,1187666.6400000001,1835.6556288257102,1185830.9843711744,0.001545598375
2024-11,US01,Events,C050,Helix US01,Growth,2.8449999999999998,30,88505.04,0.0,0.0,0.0,0.0,88505.04,0.0,0.0,0.0,0.9998125,176.97689061,0.0,0.0,0.0,0.0,88505.04,176.97689061,88328.06310938999,0.001999625
2024-11,US01,Events,C051,Vector US01,Growth,2.8275900000000003,30,563880.6900000001,0.0,0.0,0.0,0.0,563880.6900000001,0.0,0.0,0.0,0.9969833750000001,1124.3593468270578,0.0,0.0,0.0,0.0,563880.6900000001,1124.3593468270578,562756.330653173,0.0019939667500000003
2024-11,US01,Hardware,C041,Summit US01,Growth,2.82761,45,1305545.53,0.0,0.0,0.0,0.0,1305545.53,0.0,0.0,14.968135044665965,0.996986625,2603.2228634770727,0.0,0.0,0.0,0.0,1305545.53,2603.2228634770727,1302942.307136523,0.00199397325
2024-11,US01,Hardware,C042,Cobalt US01,Growth,2.902705,45,785401.86,0.0,0.0,0.0,0.0,785401.86,0.0,0.0,14.968134529245958,1.0091895625,1585.2387189601727,0.0,0.0,0.0,0.0,785401.86,1585.2387189601727,783816.6212810398,0.002018379125
2024-11,US01,Hardware,C043,Vertex US01,Core,2.0013,45,1282564.89,0.0,0.0,0.0,0.0,1282564.89,0.0,0.0,14.685472405220759,0.86271125,2212.966318916025,0.0,0.0,0.0,0.0,1282564.89,2212.966318916025,1280351.9236810838,0.0017254225000000003
2024-11,US01,Hardware,C044,Nova US01,Core,2.11017,45,1546565.1099999999,0.0,0.0,0.0,0.0,1546565.1099999999,0.0,0.0,14.186423292582878,0.880402625,2723.1999651548276,0.0,0.0,0.0,0.0,1546565.1099999999,2723.1999651548276,1543841.9100348451,0.0017608052500000001
2024-11,US01,Hardware,C045,Meridian US01,Strategic,1.0499999999999998,45,1258635.6799999992,0.0,0.0,0.0,0.0,1258635.6799999992,0.0,0.0,4.358468369496706,0.7081249999999999,1782.5427817999985,0.0,0.0,0.0,0.0,1258635.6799999992,1782.5427817999985,1256853.1372181992,0.0014162499999999995
2024-11,US01,Hardware,C046,Orion US01,Core,2.182275,45,2113750.1100000003,0.0,0.0,0.0,0.0,2113750.1100000003,0.0,0.0,14.979767972667307,0.8921196875,3771.436175172582,0.0,0.0,0.0,0.0,2113750.1100000003,3771.436175172582,2109978.6738248277,0.001784239375
2024-11,US01,Hardware,C047,Atlas US01,Core,2.2454699999999996,45,2340152.51,0.0,0.0,0.0,0.0,2340152.51,0.0,0.0,15.284526391829052,0.902388875,4223.455181654652,0.0,0.0,0.0,0.0,2340152.51,4223.455181654652,2335929.0548183452,0.0018047777499999999
2024-11,US01,Software,C034,Kestrel US01,Growth,2.9399699999999998,30,86182.03,0.0,0.0,0.0,0.0,86182.03,0.0,0.0,0.0,1.0152451249999999,174.99177164020747,0.0,0.0,0.0,0.0,86182.03,174.99177164020747,86007.03822835979,0.0020304902499999997
2024-11,US01,Software,C035,Helix US01,Core,2.18574,30,92834.25,0.0,0.0,0.0,0.0,92834.25,0.0,0.0,0.0,0.89268275,165.74306716837498,0.0,0.0,0.0,0.0,92834.25,165.74306716837498,92668.50693283163,0.0017853654999999999
2024-11,US01,Software,C036,Vector US01,Growth,3.016975,30,70856.03,0.0,0.0,0.0,0.0,70856.03,0.0,0.0,0.0,1.0277584375,145.64576536050626,0.0,0.0,0.0,0.0,70856.03,145.64576536050626,70710.3842346395,0.0020555168750000003
2024-11,US01,Software,C037,Redwood US01,Core,2.305165,30,115813.67,0.0,0.0,0.0,0.0,115813.67,0.0,0.0,0.0,0.9120893125,211.26482129680375,0.0,0.0,0.0,0.0,115813.67,211.26482129680375,115602.4051787032,0.001824178625
2024-11,US01,Software,C038,Pioneer US01,Strategic,1.2493699999999999,30,87516.00000000035,0.0,0.0,0.0,0.0,87516.00000000035,0.0,0.0,0.0,0.740522625,129.6151560990005,0.0,0.0,0.0,0.0,87516.00000000035,129.6151560990005,87386.38484390135,0.0014810452499999997
2024-11,US01,Software,C039,Keystone US01,Strategic,1.335245,30,184191.05,0.0,0.0,0.0,0.0,184191.05,0.0,0.0,0.0,0.7544773124999999,277.9359367811062,0.0,0.0,0.0,0.0,184191.05,277.9359367811062,183913.11406321888,0.0015089546249999997
2024-11,US01,Software,C040,Axiom US01,Growth,2.8075,30,63612.63,0.0,0.0,0.0,0.0,63612.63,0.0,0.0,0.0,0.99371875,126.42612633562499,0.0,0.0,0.0,0.0,63612.63,126.42612633562499,63486.20387366437,0.0019874375
2024-12,DE01,Hardware,C010,Keystone DE01,Growth,3.8942900000000003,45,912197.69,395537.76,0.0,0.0,0.0,1307735.45,395537.76,0.30246007325105395,28.5868013289691,1.1703221250000002,2135.1302779617827,4629.065918009401,0.0,0.0,0.0,1307735.45,6764.196195971183,1300971.2538040287,0.005172449975238634
2024-12,DE01,Hardware,C008,Redwood DE01,Core,2.225305,45,1180528.69,0.0,0.0,0.0,0.0,1180528.69,0.0,0.0,13.983393830098278,0.8991120625,2122.855170612646,0.0,0.0,0.0,0.0,1180528.69,2122.855170612646,1178405.8348293873,0.001798224125
2024-12,DE01,Hardware,C009,Pioneer DE01,Strategic,1.306745,45,1900192.8900000001,0.0,0.0,0.0,0.0,1900192.8900000001,0.0,0.0,14.858540913706921,0.7498460625,2849.7043131139917,0.0,0.0,0.0,0.0,1900192.8900000001,2849.7043131139917,1897343.185686886,0.001499692125
2024-12,DE01,Hardware,C011,Axiom DE01,Strategic,1.0,45,1899652.859999999,0.0,0.0,0.0,0.0,1899652.859999999,0.0,0.0,6.225357089715841,0.7,2659.5140039999983,0.0,0.0,0.0,0.0,1899652.859999999,2659.5140039999983,1896993.345995999,0.0014
2024-12,DE01,Hardware,C012,Northstar DE01,Growth,2.752895,45,917190.01,0.0,0.0,0.0,0.0,917190.01,0.0,0.0,14.965733981337195,0.9848454375,1806.5807933381589,0.0,0.0,0.0,0.0,917190.01,1806.5807933381589,915383.4292066619,0.001969690875
2024-12,DE01,Hardware,C013,Kestrel DE01,Core,1.8694799999999998,45,1639989.24,0.0,0.0,0.0,0.0,1639989.24,0.0,0.0,14.772028321356547,0.8412904999999999,2759.41473542844,0.0,0.0,0.0,0.0,1639989.24,2759.41473542844,1637229.8252645715,0.001682581
2024-12,DE01,Hardware,C014,Helix DE01,Core,2.0470550000000003,45,1299483.46,0.0,0.0,0.0,0.0,1299483.46,0.0,0.0,14.08226442528172,0.8701464375000001,2261.4818066183475,0.0,0.0,0.0,0.0,1299483.46,2261.4818066183475,1297221.9781933816,0.001740292875
2024-12,DE01,Software,C001,Meridian DE01,Growth,3.922925,30,121807.82,0.0,0.0,0.0,0.0,121807.82,0.0,0.0,14.332013330507023,1.1749753125,286.2423627388875,0.0,0.0,0.0,0.0,121807.82,286.2423627388875,121521.57763726111,0.0023499506249999996
2024-12,DE01,Software,C002,Orion DE01,Core,1.8911449999999999,30,86348.89,0.0,0.0,0.0,0.0,86348.89,0.0,0.0,0.0,0.8448110624999999,145.89699501319123,0.0,0.0,0.0,0.0,86348.89,145.89699501319123,86202.99300498681,0.0016896221249999997
2024-12,DE01,Software,C003,Atlas DE01,Growth,2.7558400000000005,30,48950.27,0.0,0.0,0.0,0.0,48950.27,0.0,0.0,0.0,0.9853240000000001,96.46375167496001,0.0,0.0,0.0,0.0,48950.27,96.46375167496001,48853.80624832504,0.001970648
2024-12,DE01,Software,C004,Nimbus DE01,Strategic,1.0,30,42006.309999999954,0.0,0.0,0.0,0.0,42006.309999999954,0.0,0.0,0.0,0.7,58.80883399999993,0.0,0.0,0.0,0.0,42006.309999999954,58.80883399999993,41947.50116599995,0.0014
2024-12,DE01,Software,C005,Summit DE01,Core,2.047655,30,79199.48,0.0,0.0,0.0,0.0,79199.48,0.0,0.0,0.0,0.8702439375,137.84573464630498,0.0,0.0,0.0,0.0,79199.48,137.84573464630498,79061.63426535368,0.0017404878749999997
2024-12,DE01,Software,C006,Cobalt DE01,Core,2.081205,30,98937.28,0.0,0.0,0.0,0.0,98937.28,0.0,0.0,0.0,0.8756958125000001,173.27792359228002,0.0,0.0,0.0,0.0,98937.28,173.27792359228002,98764.00207640772,0.0017513916250000003
2024-12,DE01,Software,C007,Vertex DE01,Core,2.185245,30,72373.98,0.0,0.0,0.0,0.0,72373.98,0.0,0.0,0.0,0.8926023125,129.2023638256575,0.0,0.0,0.0,0.0,72373.98,129.2023638256575,72244.77763617435,0.0017852046250000002
2024-12,ES01,Events,C022,Vector ES01,Strategic,1.0,30,466210.9700000003,0.0,0.0,0.0,0.0,466210.9700000003,0.0,0.0,0.0,0.7,652.6953580000004,0.0,0.0,0.0,0.0,466210.9700000003,652.6953580000004,465558.2746420003,0.0014
2024-12,ES01,Events,C023,Redwood ES01,Growth,2.795945,30,595322.67,0.0,0.0,0.0,0.0,595322.67,0.0,0.0,0.0,0.9918410625,1180.9309390862738,0.0,0.0,0.0,0.0,595322.67,1180.9309390862738,594141.7390609138,0.001983682125
2024-12,ES01,Events,C024,Pioneer ES01,Strategic,1.02279,30,770838.72,0.0,0.0,0.0,0.0,770838.72,0.0,0.0,0.0,0.703703375,1084.8836176893599,0.0,0.0,0.0,0.0,770838.72,1084.8836176893599,769753.8363823106,0.00140740675
2024-12,ES01,Events,C025,Keystone ES01,Core,2.0810400000000002,30,560627.07,0.0,0.0,0.0,0.0,560627.07,0.0,0.0,0.0,0.875669,981.84749151966,0.0,0.0,0.0,0.0,560627.07,981.84749151966,559645.2225084803,0.0017513380000000003
2024-12,ES01,Events,C026,Axiom ES01,Core,2.21812,30,105192.26,0.0,0.0,0.0,0.0,105192.26,0.0,0.0,0.0,0.8979444999999999,188.91362261913997,0.0,0.0,0.0,0.0,105192.26,188.91362261913997,105003.34637738086,0.0017958889999999997
2024-12,ES01,Hardware,C015,Nova ES01,Strategic,1.134235,45,1463808.3,0.0,0.0,0.0,0.0,1463808.3,0.0,0.0,14.96109859467254,0.7218131875,2113.1922698239127,0.0,0.0,0.0,0.0,1463808.3,2113.1922698239127,1461695.107730176,0.0014436263750000002
2024-12,ES01,Hardware,C016,Meridian ES01,Core,2.18475,45,750096.35,0.0,0.0,0.0,0.0,750096.35,0.0,0.0,14.965733802064227,0.892521875,1338.9548014653126,0.0,0.0,0.0,0.0,750096.35,1338.9548014653126,748757.3951985347,0.00178504375
2024-12,ES01,Hardware,C017,Orion ES01,Strategic,1.2359149999999999,45,2237536.6799999997,0.0,0.0,0.0,0.0,2237536.6799999997,0.0,0.0,14.729284437920365,0.7383361875,3304.1086034052146,0.0,0.0,0.0,0.0,2237536.6799999997,3304.1086034052146,2234232.5713965944,0.001476672375
2024-12,ES01,Hardware,C018,Atlas ES01,Strategic,1.285565,45,1551338.72,0.0,0.0,0.0,0.0,1551338.72,0.0,0.0,15.015852630816822,0.7464043125,2315.85182151246,0.0,0.0,0.0,0.0,1551338.72,2315.85182151246,1549022.8681784875,0.001492808625
2024-12,ES01,Hardware,C019,Nimbus ES01,Core,2.209905,45,1078209.04,0.0,0.0,0.0,0.0,1078209.04,0.0,0.0,14.965734010169307,0.8966095625,1933.4650712758898,0.0,0.0,0.0,0.0,1078209.04,1933.4650712758898,1076275.5749287242,0.0017932191249999997
2024-12,ES01,Hardware,C020,Summit ES01,Strategic,1.0,45,1466865.3600000013,0.0,0.0,0.0,0.0,1466865.3600000013,0.0,0.0,6.785653865328192,0.7,2053.611504000002,0.0,0.0,0.0,0.0,1466865.3600000013,2053.611504000002,1464811.7484960014,0.0014
2024-12,ES01,Hardware,C021,Cobalt ES01,Core,1.9086199999999998,45,822878.69,0.0,0.0,0.0,0.0,822878.69,0.0,0.0,14.965734256649666,0.8476507499999999,1395.0274774750349,0.0,0.0,0.0,0.0,822878.69,1395.0274774750349,821483.662522525,0.0016953015
2024-12,ES01,Spare Parts,C027,Cobalt ES01,Core,2.25286,45,618601.1999999988,0.0,0.0,0.0,0.0,618601.1999999988,0.0,0.0,11.817183671806616,0.9035897500000001,1117.923407315398,0.0,0.0,0.0,0.0,618601.1999999988,1117.923407315398,617483.2765926834,0.0018071795000000003
2024-12,ES01,Spare Parts,C028,Vertex ES01,Growth,3.0423750000000003,45,715713.8300000001,0.0,0.0,0.0,0.0,715713.8300000001,0.0,0.0,14.5127122945214,1.0318859375,1477.0700729025316,0.0,0.0,0.0,0.0,715713.8300000001,1477.0700729025316,714236.7599270976,0.0020637718750000002
2024-12,ES01,Spare Parts,C029,Nova ES01,Core,2.341555,45,577085.3,0.0,0.0,0.0,0.0,577085.3,0.0,0.0,14.359076899030349,0.9180026875,1059.5317126334876,0.0,0.0,0.0,0.0,577085.3,1059.5317126334876,576025.7682873666,0.001836005375
2024-12,ES01,Spare Parts,C030,Meridian ES01,Growth,2.7239050000000002,45,397547.15,0.0,0.0,0.0,0.0,397547.15,0.0,0.0,14.392518472337178,0.9801345625,779.2994038767438,0.0,0.0,0.0,0.0,397547.15,779.2994038767438,396767.85059612326,0.001960269125
2024-12,ES01,Spare Parts,C031,Orion ES01,Growth,2.81174,45,426783.94,0.0,0.0,0.0,0.0,426783.94,0.0,0.0,14.459877051606018,0.9944077499999999,848.79451502307,0.0,0.0,0.0,0.0,426783.94,848.79451502307,425935.14548497694,0.0019888155
2024-12,ES01,Spare Parts,C033,Nimbus ES01,Growth,2.8488800000000003,45,395659.44,0.0,0.0,0.0,0.0,395659.44,0.0,0.0,14.501112623522898,1.0004430000000002,791.6694342638402,0.0,0.0,0.0,0.0,395659.44,791.6694342638402,394867.77056573617,0.0020008860000000008
2024-12,ES01,Spare Parts,C032,Atlas ES01,Core,2.0051500000000004,45,503103.75,0.0,0.0,0.0,0.0,503103.75,0.0,0.0,0.0,0.8633368750000001,868.6960386515626,0.0,0.0,0.0,0.0,503103.75,868.6960386515626,502235.0539613484,0.0017266737500000002
2024-12,JP01,Hardware,C060,Keystone JP01,Growth,2.7943000000000002,45,1240929.25,0.0,0.0,0.0,0.0,1240929.25,0.0,0.0,15.369931605689848,0.99157375,2460.9457398143754,0.0,0.0,0.0,0.0,1240929.25,2460.9457398143754,1238468.3042601857,0.0019831475000000004
2024-12,JP01,Hardware,C061,Axiom JP01,Core,1.97168,45,883861.2199999993,0.0,0.0,0.0,0.0,883861.2199999993,0.0,0.0,5.664508507342343,0.857898,1516.525545831119,0.0,0.0,0.0,0.0,883861.2199999993,1516.525545831119,882344.6944541682,0.0017157960000000003
2024-12,JP01,Hardware,C062,Northstar JP01,Growth,2.8876500000000003,45,1292246.46,0.0,0.0,0.0,0.0,1292246.46,0.0,0.0,15.05030866944685,1.006743125,2601.9204788211755,0.0,0.0,0.0,0.0,1292246.46,2601.9204788211755,1289644.5395211787,0.0020134862500000004
2024-12,JP01,Hardware,C063,Kestrel JP01,Growth,2.933765,45,910736.21,0.0,0.0,0.0,0.0,910736.21,0.0,0.0,14.965733601390463,1.0142368125,1847.4043813174615,0.0,0.0,0.0,0.0,910736.21,1847.4043813174615,908888.8056186825,0.0020284736250000004
2024-12,JP01,Hardware,C064,Helix JP01,Growth,3.0409900000000003,45,665687.1799999999,0.0,0.0,0.0,0.0,665687.1799999999,0.0,0.0,13.802221187435219,1.031660875,1373.5268371901648,0.0,0.0,0.0,0.0,665687.1799999999,1373.5268371901648,664313.6531628098,0.00206332175
2024-12,JP01,Hardware,C065,Vector JP01,Growth,3.1325000000000003,45,547681.69,0.0,0.0,0.0,0.0,547681.69,0.0,0.0,14.394527229858644,1.0465312500000001,1146.332007275625,0.0,0.0,0.0,0.0,547681.69,1146.332007275625,546535.3579927243,0.0020930625000000003
2024-12,JP01,Hardware,C066,Redwood JP01,Growth,3.086145,45,1001426.06,0.0,0.0,0.0,0.0,1001426.06,0.0,0.0,14.965733665848479,1.0389985625,2080.9604735800776,0.0,0.0,0.0,0.0,1001426.06,2080.9604735800776,999345.09952642,0.002077997125
2024-12,JP01,Software,C053,Atlas JP01,Core,2.188565,30,52187.4,0.0,0.0,0.0,0.0,52187.4,0.0,0.0,0.0,0.8931418125,93.22149805132501,0.0,0.0,0.0,0.0,52187.4,93.22149805132501,52094.17850194868,0.0017862836250000002
2024-12,JP01,Software,C054,Nimbus JP01,Core,2.16125,30,77596.15,0.0,0.0,0.0,0.0,77596.15,0.0,0.0,0.0,0.8887031249999999,137.91988198593748,0.0,0.0,0.0,0.0,77596.15,137.91988198593748,77458.23011801406,0.00177740625
2024-12,JP01,Software,C055,Summit JP01,Strategic,1.29925,30,22614.49000000026,0.0,0.0,0.0,0.0,22614.49000000026,0.0,0.0,0.0,0.748628125,33.85968649306289,0.0,0.0,0.0,0.0,22614.49000000026,33.85968649306289,22580.630313507198,0.00149725625
2024-12,JP01,Software,C056,Cobalt JP01,Core,2.1768300000000003,30,117078.61,0.0,0.0,0.0,0.0,117078.61,0.0,0.0,0.0,0.8912348750000001,208.68908069704753,0.0,0.0,0.0,0.0,117078.61,208.68908069704753,116869.92091930295,0.0017824697500000003
2024-12,JP01,Software,C057,Vertex JP01,Core,2.26337,30,82606.53,0.0,0.0,0.0,0.0,82606.53,0.0,0.0,0.0,0.905297625,149.5669908369825,0.0,0.0,0.0,0.0,82606.53,149.5669908369825,82456.96300916301,0.0018105952500000002
2024-12,JP01,Software,C058,Nova JP01,Core,2.3047950000000004,30,89052.01,0.0,0.0,0.0,0.0,89052.01,0.0,0.0,0.0,0.9120291875000001,162.43606465108374,0.0,0.0,0.0,0.0,89052.01,162.43606465108374,88889.5739353489,0.001824058375
2024-12,JP01,Software,C059,Meridian JP01,Growth,3.295,30,50124.51,0.0,0.0,0.0,0.0,50124.51,0.0,0.0,0.0,1.0729375,107.56093289625001,0.0,0.0,0.0,0.0,50124.51,107.56093289625001,50016.94906710375,0.002145875
2024-12,JP01,Spare Parts,C067,Orion JP01,Core,2.41448,45,597850.75,0.0,0.0,0.0,0.0,597850.75,0.0,0.0,14.495281807374164,0.929853,1111.8266268795,0.0,0.0,0.0,0.0,597850.75,1111.8266268795,596738.9233731205,0.001859706
2024-12,JP01,Spare Parts,C068,Atlas JP01,Core,2.34401,45,873976.51,0.0,0.0,0.0,0.0,873976.51,0.0,0.0,14.583471928782158,0.918401625,1605.3228939916576,0.0,0.0,0.0,0.0,873976.51,1605.3228939916576,872371.1871060084,0.00183680325
2024-12,JP01,Spare Parts,C069,Nimbus JP01,Growth,3.28588,45,603011.23,0.0,0.0,0.0,0.0,603011.23,0.0,0.0,14.458263571641943,1.0714555000000001,1292.19939789053,0.0,0.0,0.0,0.0,603011.23,1292.19939789053,601719.0306021095,0.002142911
2024-12,JP01,Spare Parts,C070,Summit JP01,Core,1.9708350000000001,45,777081.5100000005,0.0,0.0,0.0,0.0,777081.5100000005,0.0,0.0,9.937420850484541,0.8577606875,1333.099940522277,0.0,0.0,0.0,0.0,777081.5100000005,1333.099940522277,775748.4100594783,0.0017155213749999998
2024-12,JP01,Spare Parts,C071,Cobalt JP01,Growth,2.876375,45,660098.74,0.0,0.0,0.0,0.0,660098.74,0.0,0.0,14.809311255464602,1.0049109375,1326.6808873119376,0.0,0.0,0.0,0.0,660098.74,1326.6808873119376,658772.0591126881,0.002009821875
2024-12,JP01,Spare Parts,C073,Nova JP01,Core,2.219815,45,912787.9199999999,0.0,0.0,0.0,0.0,912787.9199999999,0.0,0.0,14.459768376426366,0.8982199375,1639.76861690631,0.0,0.0,0.0,0.0,912787.9199999999,1639.76861690631,911148.1513830936,0.0017964398750000001
2024-12,JP01,Spare Parts,C072,Vertex JP01,Strategic,1.1821099999999998,45,644078.1799999999,0.0,0.0,0.0,0.0,644078.1799999999,0.0,0.0,0.0,0.7295928749999999,939.8297021419348,0.0,0.0,0.0,0.0,644078.1799999999,939.8297021419348,643138.350297858,0.0014591857499999998
2024-12,US01,Events,C048,Northstar US01,Growth,3.1211550000000003,30,487833.0,0.0,0.0,0.0,0.0,487833.0,0.0,0.0,14.978029161618833,1.0446876875000002,1019.2662573123753,0.0,0.0,0.0,0.0,487833.0,1019.2662573123753,486813.7337426876,0.0020893753750000008
2024-12,US01,Events,C052,Redwood US01,Growth,2.88081,30,493226.40000000026,0.0,0.0,0.0,0.0,493226.40000000026,0.0,0.0,10.314071996146202,1.005631625,992.0081322498004,0.0,0.0,0.0,0.0,493226.40000000026,992.0081322498004,492234.39186775044,0.0020112632499999995
2024-12,US01,Events,C049,Kestrel US01,Strategic,1.447995,30,935551.19,0.0,0.0,0.0,0.0,935551.19,0.0,0.0,0.0,0.7727991875,1445.9863989933162,0.0,0.0,0.0,0.0,935551.19,1445.9863989933162,934105.2036010067,0.001545598375
2024-12,US01,Events,C050,Helix US01,Growth,2.8449999999999998,30,88910.33,0.0,0.0,0.0,0.0,88910.33,0.0,0.0,0.0,0.9998125,177.78731862625,0.0,0.0,0.0,0.0,88910.33,177.78731862625,88732.54268137376,0.001999625
2024-12,US01,Events,C051,Vector US01,Growth,2.8275900000000003,30,512012.67000000004,0.0,0.0,0.0,0.0,512012.67000000004,0.0,0.0,0.0,0.9969833750000001,1020.9362395587227,0.0,0.0,0.0,0.0,512012.67000000004,1020.9362395587227,510991.7337604413,0.0019939667500000003
2024-12,US01,Hardware,C041,Summit US01,Growth,2.82761,45,1378392.15,0.0,0.0,0.0,0.0,1378392.15,0.0,0.0,14.237446215868248,0.996986625,2748.4770751099873,0.0,0.0,0.0,0.0,1378392.15,2748.4770751099873,1375643.67292489,0.00199397325
2024-12,US01,Hardware,C042,Cobalt US01,Growth,2.902705,45,815084.95,0.0,0.0,0.0,0.0,815084.95,0.0,0.0,14.48444741864023,1.0091895625,1645.1504481816687,0.0,0.0,0.0,0.0,815084.95,1645.1504481816687,813439.7995518183,0.002018379125
2024-12,US01,Hardware,C043,Vertex US01,Core,2.0013,45,1343216.02,0.0,0.0,0.0,0.0,1343216.02,0.0,0.0,14.623020502688762,0.86271125,2317.61514326845,0.0,0.0,0.0,0.0,1343216.02,2317.61514326845,1340898.4048567316,0.0017254225
2024-12,US01,Hardware,C044,Nova US01,Core,2.11017,45,1718213.3399999999,0.0,0.0,0.0,0.0,1718213.3399999999,0.0,0.0,14.233812199362857,0.880402625,3025.4390696920345,0.0,0.0,0.0,0.0,1718213.3399999999,3025.4390696920345,1715187.9009303078,0.00176080525
2024-12,US01,Hardware,C045,Meridian US01,Strategic,1.0499999999999998,45,1543721.7299999995,0.0,0.0,0.0,0.0,1543721.7299999995,0.0,0.0,8.46266263285676,0.7081249999999999,2186.295900112499,0.0,0.0,0.0,0.0,1543721.7299999995,2186.295900112499,1541535.434099887,0.00141625
2024-12,US01,Hardware,C046,Orion US01,Core,2.182275,45,2166033.29,0.0,0.0,0.0,0.0,2166033.29,0.0,0.0,14.65767735268741,0.8921196875,3864.7218835787944,0.0,0.0,0.0,0.0,2166033.29,3864.7218835787944,2162168.5681164213,0.0017842393750000002
2024-12,US01,Hardware,C047,Atlas US01,Core,2.2454699999999996,45,2385791.66,0.0,0.0,0.0,0.0,2385791.66,0.0,0.0,14.433973040210894,0.902388875,4305.823704103565,0.0,0.0,0.0,0.0,2385791.66,4305.823704103565,2381485.8362958967,0.00180477775
2024-12,US01,Software,C034,Kestrel US01,Growth,2.9399699999999998,30,88143.77,0.0,0.0,0.0,0.0,88143.77,0.0,0.0,0.0,1.0152451249999999,178.97506558324247,0.0,0.0,0.0,0.0,88143.77,178.97506558324247,87964.79493441676,0.0020304902499999997
2024-12,US01,Software,C035,Helix US01,Core,2.18574,30,91281.53,0.0,0.0,0.0,0.0,91281.53,0.0,0.0,0.0,0.89268275,162.970894449215,0.0,0.0,0.0,0.0,91281.53,162.970894449215,91118.55910555078,0.0017853654999999999
2024-12,US01,Software,C036,Vector US01,Growth,3.016975,30,74308.74,0.0,0.0,0.0,0.0,74308.74,0.0,0.0,0.0,1.0277584375,152.7428690299875,0.0,0.0,0.0,0.0,74308.74,152.7428690299875,74155.99713097002,0.002055516875
2024-12,US01,Software,C037,Redwood US01,Core,2.305165,30,120454.8,0.0,0.0,0.0,0.0,120454.8,0.0,0.0,0.0,0.9120893125,219.73107143865002,0.0,0.0,0.0,0.0,120454.8,219.73107143865002,120235.06892856135,0.0018241786250000002
2024-12,US01,Software,C038,Pioneer US01,Strategic,1.2493699999999999,30,88434.4800000003,0.0,0.0,0.0,0.0,88434.4800000003,0.0,0.0,0.0,0.740522625,130.97546654022045,0.0,0.0,0.0,0.0,88434.4800000003,130.97546654022045,88303.50453346009,0.0014810452500000001
2024-12,US01,Software,C039,Keystone US01,Strategic,1.335245,30,187250.36000000002,0.0,0.0,0.0,0.0,187250.36000000002,0.0,0.0,0.0,0.7544773124999999,282.552296754915,0.0,0.0,0.0,0.0,187250.36000000002,282.552296754915,186967.8077032451,0.001508954625
2024-12,US01,Software,C040,Axiom US01,Growth,2.8075,30,62907.59,0.0,0.0,0.0,0.0,62907.59,0.0,0.0,0.0,0.99371875,125.02490340062499,0.0,0.0,0.0,0.0,62907.59,125.02490340062499,62782.56509659937,0.0019874375
2025-01,DE01,Hardware,C010,Keystone DE01,Growth,3.8942900000000003,45,735303.6699999999,455056.93,0.0,0.0,0.0,1190360.5999999999,455056.92999999993,0.3822849395384894,34.45816217371443,1.1703221250000002,1721.0843071893976,5325.631933135764,0.0,0.0,0.0,1190360.5999999999,7046.716240325161,1183313.8837596746,0.005919816432369453
2025-01,DE01,Hardware,C008,Redwood DE01,Core,2.225305,45,991053.61,0.0,0.0,0.0,0.0,991053.61,0.0,0.0,19.0787490295303,0.8991120625,1782.1365106703413,0.0,0.0,0.0,0.0,991053.61,1782.1365106703413,989271.4734893297,0.0017982241250000001
2025-01,DE01,Hardware,C009,Pioneer DE01,Strategic,1.306745,45,940972.639999999,0.0,0.0,0.0,0.0,940972.639999999,0.0,0.0,3.124235046834063,0.7498460625,1411.1692580484582,0.0,0.0,0.0,0.0,940972.639999999,1411.1692580484582,939561.4707419506,0.0014996921249999997
2025-01,DE01,Hardware,C012,Northstar DE01,Growth,2.752895,45,895794.89,0.0,0.0,0.0,0.0,895794.89,0.0,0.0,15.393343670446702,0.9848454375,1764.4390207046288,0.0,0.0,0.0,0.0,895794.89,1764.4390207046288,894030.4509792954,0.001969690875
2025-01,DE01,Hardware,C013,Kestrel DE01,Core,1.8694799999999998,45,1461670.31,0.0,0.0,0.0,0.0,1461670.31,0.0,0.0,17.08573371788608,0.8412904999999999,2459.3786918701103,0.0,0.0,0.0,0.0,1461670.31,2459.3786918701103,1459210.93130813,0.001682581
2025-01,DE01,Hardware,C014,Helix DE01,Core,2.0470550000000003,45,1202211.37,0.0,0.0,0.0,0.0,1202211.37,0.0,0.0,17.205655025538476,0.8701464375000001,2092.1998814549893,0.0,0.0,0.0,0.0,1202211.37,2092.1998814549893,1200119.1701185452,0.0017402928750000002
2025-01,DE01,Hardware,C011,Axiom DE01,Strategic,1.0,45,1286456.53,0.0,0.0,0.0,0.0,1286456.53,0.0,0.0,0.0,0.7,1801.039142,0.0,0.0,0.0,0.0,1286456.53,1801.039142,1284655.490858,0.0014
2025-01,DE01,Software,C001,Meridian DE01,Growth,3.922925,30,128878.84,0.0,0.0,0.0,0.0,128878.84,0.0,0.0,14.808352558108066,1.1749753125,302.858910607275,0.0,0.0,0.0,0.0,128878.84,302.858910607275,128575.98108939272,0.002349950625
2025-01,DE01,Software,C002,Orion DE01,Core,1.8911449999999999,30,96514.23,0.0,0.0,0.0,0.0,96514.23,0.0,0.0,0.0,0.8448110624999999,163.07257838533874,0.0,0.0,0.0,0.0,96514.23,163.07257838533874,96351.15742161465,0.001689622125
2025-01,DE01,Software,C003,Atlas DE01,Growth,2.7558400000000005,30,47620.909999999996,0.0,0.0,0.0,0.0,47620.909999999996,0.0,0.0,0.0,0.9853240000000001,93.84405104968,0.0,0.0,0.0,0.0,47620.909999999996,93.84405104968,47527.065948950316,0.001970648
2025-01,DE01,Software,C004,Nimbus DE01,Strategic,1.0,30,89993.57999999996,0.0,0.0,0.0,0.0,89993.57999999996,0.0,0.0,0.0,0.7,125.99101199999994,0.0,0.0,0.0,0.0,89993.57999999996,125.99101199999994,89867.58898799996,0.0014
2025-01,DE01,Software,C005,Summit DE01,Core,2.047655,30,77601.14,0.0,0.0,0.0,0.0,77601.14,0.0,0.0,0.0,0.8702439375,135.0638432561775,0.0,0.0,0.0,0.0,77601.14,135.0638432561775,77466.07615674382,0.0017404878750000002
2025-01,DE01,Software,C006,Cobalt DE01,Core,2.081205,30,102155.08,0.0,0.0,0.0,0.0,102155.08,0.0,0.0,0.0,0.8756958125000001,178.913551563205,0.0,0.0,0.0,0.0,102155.08,178.913551563205,101976.1664484368,0.001751391625
2025-01,DE01,Software,C007,Vertex DE01,Core,2.185245,30,78954.69,0.0,0.0,0.0,0.0,78954.69,0.0,0.0,0.0,0.8926023125,140.95027775344124,0.0,0.0,0.0,0.0,78954.69,140.95027775344124,78813.73972224657,0.0017852046249999998
2025-01,ES01,Events,C023,Redwood ES01,Growth,2.795945,30,774847.5500000003,0.0,0.0,0.0,0.0,774847.5500000003,0.0,0.0,16.3222213195357,0.9918410625,1537.0512345350444,0.0,0.0,0.0,0.0,774847.5500000003,1537.0512345350444,773310.4987654652,0.001983682125
2025-01,ES01,Events,C022,Vector ES01,Strategic,1.0,30,223948.96000000002,0.0,0.0,0.0,0.0,223948.96000000002,0.0,0.0,0.0,0.7,313.528544,0.0,0.0,0.0,0.0,223948.96000000002,313.528544,223635.43145600002,0.0014
2025-01,ES01,Events,C024,Pioneer ES01,Strategic,1.02279,30,1538053.18,0.0,0.0,0.0,0.0,1538053.18,0.0,0.0,0.0,0.703703375,2164.666427390965,0.0,0.0,0.0,0.0,1538053.18,2164.666427390965,1535888.513572609,0.0014074067500000002
2025-01,ES01,Events,C026,Axiom ES01,Core,2.21812,30,412963.15,0.0,0.0,0.0,0.0,412963.15,0.0,0.0,0.0,0.8979444999999999,741.63597849035,0.0,0.0,0.0,0.0,412963.15,741.63597849035,412221.5140215097,0.001795889
2025-01,ES01,Hardware,C016,Meridian ES01,Core,2.18475,45,621530.9299999999,0.0,0.0,0.0,0.0,621530.9299999999,0.0,0.0,18.14414642244755,0.892521875,1109.4599020281873,0.0,0.0,0.0,0.0,621530.9299999999,1109.4599020281873,620421.4700979717,0.0017850437499999999
2025-01,ES01,Hardware,C017,Orion ES01,Strategic,1.2359149999999999,45,1700740.0200000012,0.0,0.0,0.0,0.0,1700740.0200000012,0.0,0.0,17.79986461422835,0.7383361875,2511.4358045909494,0.0,0.0,0.0,0.0,1700740.0200000012,2511.4358045909494,1698228.5841954101,0.001476672375
2025-01,ES01,Hardware,C018,Atlas ES01,Strategic,1.285565,45,1377668.5499999998,0.0,0.0,0.0,0.0,1377668.5499999998,0.0,0.0,16.873062827775232,0.7464043125,2056.5954938312434,0.0,0.0,0.0,0.0,1377668.5499999998,2056.5954938312434,1375611.9545061686,0.0014928086249999999
2025-01,ES01,Hardware,C019,Nimbus ES01,Core,2.209905,45,952124.77,0.0,0.0,0.0,0.0,952124.77,0.0,0.0,17.025165199724825,0.8966095625,1707.3683469502264,0.0,0.0,0.0,0.0,952124.77,1707.3683469502264,950417.4016530497,0.0017932191250000001
2025-01,ES01,Hardware,C021,Cobalt ES01,Core,1.9086199999999998,45,735572.83,0.0,0.0,0.0,0.0,735572.83,0.0,0.0,16.818697476903814,0.8476507499999999,1247.0177220582448,0.0,0.0,0.0,0.0,735572.83,1247.0177220582448,734325.8122779417,0.0016953014999999997
2025-01,ES01,Hardware,C015,Nova ES01,Strategic,1.134235,45,520884.74,0.0,0.0,0.0,0.0,520884.74,0.0,0.0,0.0,0.7218131875,751.9629489990175,0.0,0.0,0.0,0.0,520884.74,751.9629489990175,520132.777051001,0.001443626375
2025-01,ES01,Hardware,C020,Summit ES01,Strategic,1.0,45,939127.53,0.0,0.0,0.0,0.0,939127.53,0.0,0.0,0.0,0.7,1314.778542,0.0,0.0,0.0,0.0,939127.53,1314.778542,937812.751458,0.0014
2025-01,ES01,Spare Parts,C028,Vertex ES01,Growth,3.0423750000000003,45,640776.76,0.0,0.0,0.0,0.0,640776.76,0.0,0.0,17.298483172204936,1.0318859375,1322.417055441625,0.0,0.0,0.0,0.0,640776.76,1322.417055441625,639454.3429445584,0.0020637718750000002
2025-01,ES01,Spare Parts,C029,Nova ES01,Core,2.341555,45,317333.3899999991,0.0,0.0,0.0,0.0,317333.3899999991,0.0,0.0,9.096775791542077,0.9180026875,582.6258097069696,0.0,0.0,0.0,0.0,317333.3899999991,582.6258097069696,316750.7641902921,0.001836005375
2025-01,ES01,Spare Parts,C030,Meridian ES01,Growth,2.7239050000000002,45,364098.04000000004,0.0,0.0,0.0,0.0,364098.04000000004,0.0,0.0,17.041316124635,0.9801345625,713.730146285015,0.0,0.0,0.0,0.0,364098.04000000004,713.730146285015,363384.309853715,0.001960269125
2025-01,ES01,Spare Parts,C031,Orion ES01,Growth,2.81174,45,386351.05000000005,0.0,0.0,0.0,0.0,386351.05000000005,0.0,0.0,17.16644719873286,0.9944077499999999,768.380956681275,0.0,0.0,0.0,0.0,386351.05000000005,768.380956681275,385582.6690433188,0.0019888155
2025-01,ES01,Spare Parts,C033,Nimbus ES01,Growth,2.8488800000000003,45,364372.68,0.0,0.0,0.0,0.0,364372.68,0.0,0.0,16.829695080322708,1.0004430000000002,729.0681941944802,0.0,0.0,0.0,0.0,364372.68,729.0681941944802,363643.6118058055,0.0020008860000000003
2025-01,ES01,Spare Parts,C027,Cobalt ES01,Core,2.25286,45,285319.94,0.0,0.0,0.0,0.0,285319.94,0.0,0.0,0.0,0.9035897500000001,515.6243465092301,0.0,0.0,0.0,0.0,285319.94,515.6243465092301,284804.3156534908,0.0018071795000000005
2025-01,ES01,Spare Parts,C032,Atlas ES01,Core,2.0051500000000004,45,386785.03,0.0,0.0,0.0,0.0,386785.03,0.0,0.0,0.0,0.8633368750000001,667.8515581939627,0.0,0.0,0.0,0.0,386785.03,667.8515581939627,386117.17844180606,0.0017266737500000002
2025-01,JP01,Hardware,C062,Northstar JP01,Growth,2.8876500000000003,45,747173.8999999997,0.0,0.0,0.0,0.0,747173.8999999997,0.0,0.0,12.86384387891493,1.006743125,1504.4243740088743,0.0,0.0,0.0,0.0,747173.8999999997,1504.4243740088743,745669.4756259908,0.00201348625
2025-01,JP01,Hardware,C063,Kestrel JP01,Growth,2.933765,45,765220.76,0.0,0.0,0.0,0.0,765220.76,0.0,0.0,17.893203524692662,1.0142368125,1552.2301289624552,0.0,0.0,0.0,0.0,765220.76,1552.2301289624552,763668.5298710376,0.0020284736250000004
2025-01,JP01,Hardware,C064,Helix JP01,Growth,3.0409900000000003,45,484083.69999999995,0.0,0.0,0.0,0.0,484083.69999999995,0.0,0.0,22.27435813269482,1.031660875,998.820427030475,0.0,0.0,0.0,0.0,484083.69999999995,998.820427030475,483084.87957296945,0.0020633217500000004
2025-01,JP01,Hardware,C065,Vector JP01,Growth,3.1325000000000003,45,330493.59,0.0,0.0,0.0,0.0,330493.59,0.0,0.0,25.860809282261723,1.0465312500000001,691.7437397193752,0.0,0.0,0.0,0.0,330493.59,691.7437397193752,329801.84626028064,0.0020930625000000003
2025-01,JP01,Hardware,C066,Redwood JP01,Growth,3.086145,45,866999.6699999999,0.0,0.0,0.0,0.0,866999.6699999999,0.0,0.0,17.365296229005487,1.0389985625,1801.6228216359486,0.0,0.0,0.0,0.0,866999.6699999999,1801.6228216359486,865198.047178364,0.002077997125
2025-01,JP01,Hardware,C060,Keystone JP01,Growth,2.7943000000000002,45,416501.42,0.0,0.0,0.0,0.0,416501.42,0.0,0.0,0.0,0.99157375,825.98374981945,0.0,0.0,0.0,0.0,416501.42,825.98374981945,415675.43625018053,0.0019831475000000004
2025-01,JP01,Hardware,C061,Axiom JP01,Core,1.97168,45,620051.49,0.0,0.0,0.0,0.0,620051.49,0.0,0.0,0.0,0.857898,1063.88186633604,0.0,0.0,0.0,0.0,620051.49,1063.88186633604,618987.608133664,0.0017157960000000001
2025-01,JP01,Software,C053,Atlas JP01,Core,2.188565,30,52602.42,0.0,0.0,0.0,0.0,52602.42,0.0,0.0,0.0,0.8931418125,93.96284148137251,0.0,0.0,0.0,0.0,52602.42,93.96284148137251,52508.45715851863,0.0017862836250000002
2025-01,JP01,Software,C054,Nimbus JP01,Core,2.16125,30,81102.64,0.0,0.0,0.0,0.0,81102.64,0.0,0.0,0.0,0.8887031249999999,144.1523392275,0.0,0.0,0.0,0.0,81102.64,144.1523392275,80958.4876607725,0.00177740625
2025-01,JP01,Software,C055,Summit JP01,Strategic,1.29925,30,21558.10000000031,0.0,0.0,0.0,0.0,21558.10000000031,0.0,0.0,0.0,0.748628125,32.27799996312547,0.0,0.0,0.0,0.0,21558.10000000031,32.27799996312547,21525.822000037188,0.00149725625
2025-01,JP01,Software,C056,Cobalt JP01,Core,2.1768300000000003,30,116574.05,0.0,0.0,0.0,0.0,116574.05,0.0,0.0,0.0,0.8912348750000001,207.78971775998752,0.0,0.0,0.0,0.0,116574.05,207.78971775998752,116366.26028224002,0.00178246975
2025-01,JP01,Software,C057,Vertex JP01,Core,2.26337,30,91854.89,0.0,0.0,0.0,0.0,91854.89,0.0,0.0,0.0,0.905297625,166.3120275232725,0.0,0.0,0.0,0.0,91854.89,166.3120275232725,91688.57797247672,0.00181059525
2025-01,JP01,Software,C058,Nova JP01,Core,2.3047950000000004,30,90196.89,0.0,0.0,0.0,0.0,90196.89,0.0,0.0,0.0,0.9120291875000001,164.52439260345375,0.0,0.0,0.0,0.0,90196.89,164.52439260345375,90032.36560739654,0.001824058375
2025-01,JP01,Software,C059,Meridian JP01,Growth,3.295,30,46795.88,0.0,0.0,0.0,0.0,46795.88,0.0,0.0,0.0,1.0729375,100.418108995,0.0,0.0,0.0,0.0,46795.88,100.418108995,46695.461891005,0.002145875
2025-01,JP01,Spare Parts,C067,Orion JP01,Core,2.41448,45,532462.26,0.0,0.0,0.0,0.0,532462.26,0.0,0.0,17.408759448979538,0.929853,990.22325969556,0.0,0.0,0.0,0.0,532462.26,990.22325969556,531472.0367403044,0.001859706
2025-01,JP01,Spare Parts,C068,Atlas JP01,Core,2.34401,45,788513.91,0.0,0.0,0.0,0.0,788513.91,0.0,0.0,17.087439078912382,0.918401625,1448.3449125582076,0.0,0.0,0.0,0.0,788513.91,1448.3449125582076,787065.5650874418,0.00183680325
2025-01,JP01,Spare Parts,C069,Nimbus JP01,Growth,3.28588,45,544572.29,0.0,0.0,0.0,0.0,544572.29,0.0,0.0,17.209545494869012,1.0714555000000001,1166.9699505361903,0.0,0.0,0.0,0.0,544572.29,1166.9699505361903,543405.3200494639,0.0021429110000000004
2025-01,JP01,Spare Parts,C071,Cobalt JP01,Growth,2.876375,45,596936.96,0.0,0.0,0.0,0.0,596936.96,0.0,0.0,16.798012473544947,1.0049109375,1199.736960204,0.0,0.0,0.0,0.0,596936.96,1199.736960204,595737.223039796,0.002009821875
2025-01,JP01,Spare Parts,C073,Nova JP01,Core,2.219815,45,495399.1400000006,0.0,0.0,0.0,0.0,495399.1400000006,0.0,0.0,8.263695411340468,0.8982199375,889.9547691367086,0.0,0.0,0.0,0.0,495399.1400000006,889.9547691367086,494509.18523086386,0.0017964398750000001
2025-01,JP01,Spare Parts,C070,Summit JP01,Core,1.9708350000000001,45,395698.21,0.0,0.0,0.0,0.0,395698.21,0.0,0.0,0.0,0.8577606875,678.8287373042388,0.0,0.0,0.0,0.0,395698.21,678.8287373042388,395019.38126269577,0.0017155213749999998
2025-01,JP01,Spare Parts,C072,Vertex JP01,Strategic,1.1821099999999998,45,499435.12,0.0,0.0,0.0,0.0,499435.12,0.0,0.0,0.0,0.7295928749999999,728.7686101535398,0.0,0.0,0.0,0.0,499435.12,728.7686101535398,498706.3513898465,0.0014591857499999996
2025-01,US01,Events,C048,Northstar US01,Growth,3.1211550000000003,30,342236.5300000001,0.0,0.0,0.0,0.0,342236.5300000001,0.0,0.0,20.71407222367525,1.0446876875000002,715.060578207449,0.0,0.0,0.0,0.0,342236.5300000001,715.060578207449,341521.46942179266,0.0020893753750000003
2025-01,US01,Events,C049,Kestrel US01,Strategic,1.447995,30,620124.55,0.0,0.0,0.0,0.0,620124.55,0.0,0.0,0.0,0.7727991875,958.4634967776065,0.0,0.0,0.0,0.0,620124.55,958.4634967776065,619166.0865032225,0.0015455983750000003
2025-01,US01,Events,C050,Helix US01,Growth,2.8449999999999998,30,105579.68,0.0,0.0,0.0,0.0,105579.68,0.0,0.0,0.0,0.9998125,211.11976762,0.0,0.0,0.0,0.0,105579.68,211.11976762,105368.56023238,0.001999625
2025-01,US01,Events,C051,Vector US01,Growth,2.8275900000000003,30,967094.79,0.0,0.0,0.0,0.0,967094.79,0.0,0.0,0.0,0.9969833750000001,1928.354855358233,0.0,0.0,0.0,0.0,967094.79,1928.354855358233,965166.4351446418,0.0019939667500000003
2025-01,US01,Events,C052,Redwood US01,Growth,2.88081,30,754838.48,0.0,0.0,0.0,0.0,754838.48,0.0,0.0,0.0,1.005631625,1518.17889450986,0.0,0.0,0.0,0.0,754838.48,1518.17889450986,753320.3011054901,0.00201126325
2025-01,US01,Hardware,C041,Summit US01,Growth,2.82761,45,1299863.1400000001,0.0,0.0,0.0,0.0,1299863.1400000001,0.0,0.0,16.714821531134422,0.996986625,2591.892329821005,0.0,0.0,0.0,0.0,1299863.1400000001,2591.892329821005,1297271.2476701792,0.00199397325
2025-01,US01,Hardware,C042,Cobalt US01,Growth,2.902705,45,741782.49,0.0,0.0,0.0,0.0,741782.49,0.0,0.0,17.04878932906599,1.0091895625,1497.1982931065213,0.0,0.0,0.0,0.0,741782.49,1497.1982931065213,740285.2917068935,0.002018379125
2025-01,US01,Hardware,C044,Nova US01,Core,2.11017,45,1245373.1199999985,0.0,0.0,0.0,0.0,1245373.1199999985,0.0,0.0,13.133260415962708,0.880402625,2192.8595279048777,0.0,0.0,0.0,0.0,1245373.1199999985,2192.8595279048777,1243180.2604720937,0.0017608052500000004
2025-01,US01,Hardware,C046,Orion US01,Core,2.182275,45,1990292.2,0.0,0.0,0.0,0.0,1990292.2,0.0,0.0,16.69703654568912,0.8921196875,3551.1577109953755,0.0,0.0,0.0,0.0,1990292.2,3551.1577109953755,1986741.0422890047,0.0017842393750000002
2025-01,US01,Hardware,C047,Atlas US01,Core,2.2454699999999996,45,2165545.04,0.0,0.0,0.0,0.0,2165545.04,0.0,0.0,17.149168737677236,0.902388875,3908.32750481486,0.0,0.0,0.0,0.0,2165545.04,3908.32750481486,2161636.712495185,0.0018047777499999999
2025-01,US01,Hardware,C043,Vertex US01,Core,2.0013,45,542509.47,0.0,0.0,0.0,0.0,542509.47,0.0,0.0,0.0,0.86271125,936.058046001075,0.0,0.0,0.0,0.0,542509.47,936.058046001075,541573.4119539988,0.0017254225
2025-01,US01,Hardware,C045,Meridian US01,Strategic,1.0499999999999998,45,895195.77,0.0,0.0,0.0,0.0,895195.77,0.0,0.0,0.0,0.7081249999999999,1267.8210092625,0.0,0.0,0.0,0.0,895195.77,1267.8210092625,893927.9489907376,0.00141625
2025-01,US01,Software,C034,Kestrel US01,Growth,2.9399699999999998,30,92940.7,0.0,0.0,0.0,0.0,92940.7,0.0,0.0,0.0,1.0152451249999999,188.71518517817495,0.0,0.0,0.0,0.0,92940.7,188.71518517817495,92751.98481482182,0.0020304902499999997
2025-01,US01,Software,C035,Helix US01,Core,2.18574,30,100286.64,0.0,0.0,0.0,0.0,100286.64,0.0,0.0,0.0,0.89268275,179.04830716692,0.0,0.0,0.0,0.0,100286.64,179.04830716692,100107.59169283308,0.0017853655
2025-01,US01,Software,C036,Vector US01,Growth,3.016975,30,79678.15,0.0,0.0,0.0,0.0,79678.15,0.0,0.0,0.0,1.0277584375,163.77978189378123,0.0,0.0,0.0,0.0,79678.15,163.77978189378123,79514.37021810621,0.002055516875
2025-01,US01,Software,C037,Redwood US01,Core,2.305165,30,130989.57,0.0,0.0,0.0,0.0,130989.57,0.0,0.0,0.0,0.9120893125,238.94837369194127,0.0,0.0,0.0,0.0,130989.57,238.94837369194127,130750.62162630807,0.001824178625
2025-01,US01,Software,C038,Pioneer US01,Strategic,1.2493699999999999,30,100741.76000000034,0.0,0.0,0.0,0.0,100741.76000000034,0.0,0.0,0.0,0.740522625,149.2031051246405,0.0,0.0,0.0,0.0,100741.76000000034,149.2031051246405,100592.5568948757,0.00148104525
2025-01,US01,Software,C039,Keystone US01,Strategic,1.335245,30,192248.68,0.0,0.0,0.0,0.0,192248.68,0.0,0.0,0.0,0.7544773124999999,290.094534836145,0.0,0.0,0.0,0.0,192248.68,290.094534836145,191958.58546516384,0.001508954625
2025-01,US01,Software,C040,Axiom US01,Growth,2.8075,30,72014.05,0.0,0.0,0.0,0.0,72014.05,0.0,0.0,0.0,0.99371875,143.123423496875,0.0,0.0,0.0,0.0,72014.05,143.123423496875,71870.92657650313,0.0019874375
2025-02,DE01,Hardware,C010,Keystone DE01,Growth,3.8942900000000003,45,613376.45,457140.76,0.0,0.0,0.0,1070517.21,457140.76,0.42702794100806657,33.41686856206637,1.1703221250000002,1435.6960607779126,5350.019456673152,0.0,0.0,0.0,1070517.21,6785.715517451064,1063731.494482549,0.006338726228839483
2025-02,DE01,Hardware,C008,Redwood DE01,Core,2.225305,45,800235.1199999999,0.0,0.0,0.0,0.0,800235.1199999999,0.0,0.0,13.525456368373336,0.8991120625,1439.0020984562698,0.0,0.0,0.0,0.0,800235.1199999999,1439.0020984562698,798796.1179015436,0.001798224125
2025-02,DE01,Hardware,C009,Pioneer DE01,Strategic,1.306745,45,1685049.9100000001,0.0,0.0,0.0,0.0,1685049.9100000001,0.0,0.0,15.008077416531833,0.7498460625,2527.056080258959,0.0,0.0,0.0,0.0,1685049.9100000001,2527.056080258959,1682522.8539197412,0.0014996921249999999
2025-02,DE01,Hardware,C011,Axiom DE01,Strategic,1.0,45,1734855.1999999993,0.0,0.0,0.0,0.0,1734855.1999999993,0.0,0.0,6.5037992796171045,0.7,2428.797279999999,0.0,0.0,0.0,0.0,1734855.1999999993,2428.797279999999,1732426.4027199992,0.0014
2025-02,DE01,Hardware,C012,Northstar DE01,Growth,2.752895,45,897467.0700000001,0.0,0.0,0.0,0.0,897467.0700000001,0.0,0.0,14.579440892466394,0.9848454375,1767.7326983919863,0.0,0.0,0.0,0.0,897467.0700000001,1767.7326983919863,895699.3373016081,0.001969690875
2025-02,DE01,Hardware,C013,Kestrel DE01,Core,1.8694799999999998,45,1316913.1099999999,0.0,0.0,0.0,0.0,1316913.1099999999,0.0,0.0,14.333823132795754,0.8412904999999999,2215.81297753691,0.0,0.0,0.0,0.0,1316913.1099999999,2215.81297753691,1314697.297022463,0.001682581
2025-02,DE01,Hardware,C014,Helix DE01,Core,2.0470550000000003,45,1060122.5899999999,0.0,0.0,0.0,0.0,1060122.5899999999,0.0,0.0,14.509177660293044,0.8701464375000001,1844.9237900035464,0.0,0.0,0.0,0.0,1060122.5899999999,1844.9237900035464,1058277.6662099962,0.0017402928750000005
2025-02,DE01,Software,C001,Meridian DE01,Growth,3.922925,30,130712.89000000001,0.0,0.0,0.0,0.0,130712.89000000001,0.0,0.0,14.978491409684231,1.1749753125,307.1688375510563,0.0,0.0,0.0,0.0,130712.89000000001,307.1688375510563,130405.72116244896,0.002349950625
2025-02,DE01,Software,C002,Orion DE01,Core,1.8911449999999999,30,95122.48999999999,0.0,0.0,0.0,0.0,95122.48999999999,0.0,0.0,0.0,0.8448110624999999,160.72106368909124,0.0,0.0,0.0,0.0,95122.48999999999,160.72106368909124,94961.7689363109,0.0016896221250000001
2025-02,DE01,Software,C003,Atlas DE01,Growth,2.7558400000000005,30,49110.95,0.0,0.0,0.0,0.0,49110.95,0.0,0.0,0.0,0.9853240000000001,96.7803953956,0.0,0.0,0.0,0.0,49110.95,96.7803953956,49014.169604604394,0.001970648
2025-02,DE01,Software,C004,Nimbus DE01,Strategic,1.0,30,65036.00999999992,0.0,0.0,0.0,0.0,65036.00999999992,0.0,0.0,0.0,0.7,91.05041399999988,0.0,0.0,0.0,0.0,65036.00999999992,91.05041399999988,64944.959585999924,0.0013999999999999998
2025-02,DE01,Software,C005,Summit DE01,Core,2.047655,30,79530.71,0.0,0.0,0.0,0.0,79530.71,0.0,0.0,0.0,0.8702439375,138.42223644514127,0.0,0.0,0.0,0.0,79530.71,138.42223644514127,79392.28776355486,0.001740487875
2025-02,DE01,Software,C006,Cobalt DE01,Core,2.081205,30,102001.59,0.0,0.0,0.0,0.0,102001.59,0.0,0.0,0.0,0.8756958125000001,178.64473046268375,0.0,0.0,0.0,0.0,102001.59,178.64473046268375,101822.94526953732,0.001751391625
2025-02,DE01,Software,C007,Vertex DE01,Core,2.185245,30,77741.0,0.0,0.0,0.0,0.0,77741.0,0.0,0.0,0.0,0.8926023125,138.783592752125,0.0,0.0,0.0,0.0,77741.0,138.783592752125,77602.21640724788,0.001785204625
2025-02,ES01,Events,C023,Redwood ES01,Growth,2.795945,30,480089.6500000004,0.0,0.0,0.0,0.0,480089.6500000004,0.0,0.0,19.16828742298444,0.9918410625,952.345257102507,0.0,0.0,0.0,0.0,480089.6500000004,952.345257102507,479137.30474289786,0.001983682125
2025-02,ES01,Events,C022,Vector ES01,Strategic,1.0,30,1277959.58,0.0,0.0,0.0,0.0,1277959.58,0.0,0.0,0.0,0.7,1789.1434120000001,0.0,0.0,0.0,0.0,1277959.58,1789.1434120000001,1276170.436588,0.0014
2025-02,ES01,Events,C024,Pioneer ES01,Strategic,1.02279,30,664571.64,0.0,0.0,0.0,0.0,664571.64,0.0,0.0,0.0,0.703703375,935.32261199457,0.0,0.0,0.0,0.0,664571.64,935.32261199457,663636.3173880054,0.00140740675
2025-02,ES01,Events,C025,Keystone ES01,Core,2.0810400000000002,30,153054.59,0.0,0.0,0.0,0.0,153054.59,0.0,0.0,0.0,0.875669,268.05031954142,0.0,0.0,0.0,0.0,153054.59,268.05031954142,152786.53968045858,0.0017513379999999999
2025-02,ES01,Events,C026,Axiom ES01,Core,2.21812,30,336647.31,0.0,0.0,0.0,0.0,336647.31,0.0,0.0,0.0,0.8979444999999999,604.58120090859,0.0,0.0,0.0,0.0,336647.31,604.58120090859,336042.7287990914,0.001795889
2025-02,ES01,Hardware,C015,Nova ES01,Strategic,1.134235,45,1011641.1799999999,0.0,0.0,0.0,0.0,1011641.1799999999,0.0,0.0,15.446724104291603,0.7218131875,1460.4318894841224,0.0,0.0,0.0,0.0,1011641.1799999999,1460.4318894841224,1010180.7481105158,0.001443626375
2025-02,ES01,Hardware,C016,Meridian ES01,Core,2.18475,45,490150.39,0.0,0.0,0.0,0.0,490150.39,0.0,0.0,15.033711796087726,0.892521875,874.9398902295626,0.0,0.0,0.0,0.0,490150.39,874.9398902295626,489275.45010977046,0.00178504375
2025-02,ES01,Hardware,C017,Orion ES01,Strategic,1.2359149999999999,45,1495682.89,0.0,0.0,0.0,0.0,1495682.89,0.0,0.0,13.872765837416246,0.7383361875,2208.6336054231633,0.0,0.0,0.0,0.0,1495682.89,2208.6336054231633,1493474.2563945767,0.0014766723749999999
2025-02,ES01,Hardware,C018,Atlas ES01,Strategic,1.285565,45,1240085.31,0.0,0.0,0.0,0.0,1240085.31,0.0,0.0,14.583326126167885,0.7464043125,1851.2100465037988,0.0,0.0,0.0,0.0,1240085.31,1851.2100465037988,1238234.0999534964,0.001492808625
2025-02,ES01,Hardware,C019,Nimbus ES01,Core,2.209905,45,854192.86,0.0,0.0,0.0,0.0,854192.86,0.0,0.0,14.462379842416384,0.8966095625,1531.7549729904474,0.0,0.0,0.0,0.0,854192.86,1531.7549729904474,852661.1050270095,0.001793219125
2025-02,ES01,Hardware,C020,Summit ES01,Strategic,1.0,45,1444454.7200000011,0.0,0.0,0.0,0.0,1444454.7200000011,0.0,0.0,9.987196760311061,0.7,2022.2366080000013,0.0,0.0,0.0,0.0,1444454.7200000011,2022.2366080000013,1442432.4833920011,0.0013999999999999998
2025-02,ES01,Hardware,C021,Cobalt ES01,Core,1.9086199999999998,45,672801.94,0.0,0.0,0.0,0.0,672801.94,0.0,0.0,14.411088053640274,0.8476507499999999,1140.6021380849097,0.0,0.0,0.0,0.0,672801.94,1140.6021380849097,671661.337861915,0.0016953014999999997
2025-02,ES01,Spare Parts,C027,Cobalt ES01,Core,2.25286,45,488746.92999999906,0.0,0.0,0.0,0.0,488746.92999999906,0.0,0.0,11.528972059220878,0.9035897500000001,883.2534325839333,0.0,0.0,0.0,0.0,488746.92999999906,883.2534325839333,487863.6765674151,0.0018071795
2025-02,ES01,Spare Parts,C028,Vertex ES01,Growth,3.0423750000000003,45,564030.71,0.0,0.0,0.0,0.0,564030.71,0.0,0.0,14.429775995707752,1.0318859375,1164.0307159342813,0.0,0.0,0.0,0.0,564030.71,1164.0307159342813,562866.6792840657,0.0020637718750000002
2025-02,ES01,Spare Parts,C029,Nova ES01,Core,2.341555,45,464277.67000000004,0.0,0.0,0.0,0.0,464277.67000000004,0.0,0.0,14.287335852271335,0.9180026875,852.4162976124763,0.0,0.0,0.0,0.0,464277.67000000004,852.4162976124763,463425.25370238756,0.001836005375
2025-02,ES01,Spare Parts,C030,Meridian ES01,Growth,2.7239050000000002,45,323300.44,0.0,0.0,0.0,0.0,323300.44,0.0,0.0,14.593952918839209,0.9801345625,633.7558706309151,0.0,0.0,0.0,0.0,323300.44,633.7558706309151,322666.6841293691,0.001960269125
2025-02,ES01,Spare Parts,C031,Orion ES01,Growth,2.81174,45,344740.30000000005,0.0,0.0,0.0,0.0,344740.30000000005,0.0,0.0,14.382584803691355,0.9944077499999999,685.62485211465,0.0,0.0,0.0,0.0,344740.30000000005,685.62485211465,344054.6751478854,0.0019888155
2025-02,ES01,Spare Parts,C033,Nimbus ES01,Growth,2.8488800000000003,45,324680.14,0.0,0.0,0.0,0.0,324680.14,0.0,0.0,14.780390633070441,1.0004430000000002,649.6479466040402,0.0,0.0,0.0,0.0,324680.14,649.6479466040402,324030.49205339595,0.0020008860000000003
2025-02,ES01,Spare Parts,C032,Atlas ES01,Core,2.0051500000000004,45,397079.22,0.0,0.0,0.0,0.0,397079.22,0.0,0.0,0.0,0.8633368750000001,685.626265844475,0.0,0.0,0.0,0.0,397079.22,685.626265844475,396393.5937341555,0.0017266737500000002
2025-02,JP01,Hardware,C060,Keystone JP01,Growth,2.7943000000000002,45,807310.8200000001,0.0,0.0,0.0,0.0,807310.8200000001,0.0,0.0,15.477362981459853,0.99157375,1601.0164344059501,0.0,0.0,0.0,0.0,807310.8200000001,1601.0164344059501,805709.8035655941,0.0019831475
2025-02,JP01,Hardware,C061,Axiom JP01,Core,1.97168,45,1061203.3099999996,0.0,0.0,0.0,0.0,1061203.3099999996,0.0,0.0,12.096519186318778,0.857898,1820.8083944847594,0.0,0.0,0.0,0.0,1061203.3099999996,1820.8083944847594,1059382.501605515,0.0017157960000000001
2025-02,JP01,Hardware,C062,Northstar JP01,Growth,2.8876500000000003,45,957683.75,0.0,0.0,0.0,0.0,957683.75,0.0,0.0,13.369432863406109,1.006743125,1928.2830624734377,0.0,0.0,0.0,0.0,957683.75,1928.2830624734377,955755.4669375266,0.00201348625
2025-02,JP01,Hardware,C063,Kestrel JP01,Growth,2.933765,45,620257.94,0.0,0.0,0.0,0.0,620257.94,0.0,0.0,14.936321492313345,1.0142368125,1258.1768719868326,0.0,0.0,0.0,0.0,620257.94,1258.1768719868326,618999.7631280131,0.0020284736250000004
2025-02,JP01,Hardware,C064,Helix JP01,Growth,3.0409900000000003,45,183397.43,0.0,0.0,0.0,0.0,183397.43,0.0,0.0,20.392092190168643,1.031660875,378.4079062131025,0.0,0.0,0.0,0.0,183397.43,378.4079062131025,183019.0220937869,0.00206332175
2025-02,JP01,Hardware,C065,Vector JP01,Growth,3.1325000000000003,45,186849.52000000002,0.0,0.0,0.0,0.0,186849.52000000002,0.0,0.0,7.321271149104369,1.0465312500000001,391.08772345500006,0.0,0.0,0.0,0.0,186849.52000000002,391.08772345500006,186458.432276545,0.0020930625000000003
2025-02,JP01,Hardware,C066,Redwood JP01,Growth,3.086145,45,837183.6,0.0,0.0,0.0,0.0,837183.6,0.0,0.0,13.084685366507419,1.0389985625,1739.66511389715,0.0,0.0,0.0,0.0,837183.6,1739.66511389715,835443.9348861028,0.0020779971249999998
2025-02,JP01,Software,C053,Atlas JP01,Core,2.188565,30,53504.15,0.0,0.0,0.0,0.0,53504.15,0.0,0.0,0.0,0.8931418125,95.57358701454376,0.0,0.0,0.0,0.0,53504.15,95.57358701454376,53408.57641298546,0.0017862836250000002
2025-02,JP01,Software,C054,Nimbus JP01,Core,2.16125,30,81829.61,0.0,0.0,0.0,0.0,81829.61,0.0,0.0,0.0,0.8887031249999999,145.4444602490625,0.0,0.0,0.0,0.0,81829.61,145.4444602490625,81684.16553975093,0.00177740625
2025-02,JP01,Software,C055,Summit JP01,Strategic,1.29925,30,12260.30000000033,0.0,0.0,0.0,0.0,12260.30000000033,0.0,0.0,0.0,0.748628125,18.356810801875497,0.0,0.0,0.0,0.0,12260.30000000033,18.356810801875497,12241.943189198455,0.0014972562500000003
2025-02,JP01,Software,C056,Cobalt JP01,Core,2.1768300000000003,30,123053.20999999999,0.0,0.0,0.0,0.0,123053.20999999999,0.0,0.0,0.0,0.8912348750000001,219.33862446539752,0.0,0.0,0.0,0.0,123053.20999999999,219.33862446539752,122833.8713755346,0.0017824697500000003
2025-02,JP01,Software,C057,Vertex JP01,Core,2.26337,30,91292.59,0.0,0.0,0.0,0.0,91292.59,0.0,0.0,0.0,0.905297625,165.2939298141975,0.0,0.0,0.0,0.0,91292.59,165.2939298141975,91127.2960701858,0.00181059525
2025-02,JP01,Software,C058,Nova JP01,Core,2.3047950000000004,30,91418.63,0.0,0.0,0.0,0.0,91418.63,0.0,0.0,0.0,0.9120291875000001,166.7529176825263,0.0,0.0,0.0,0.0,91418.63,166.7529176825263,91251.87708231749,0.0018240583750000004
2025-02,JP01,Software,C059,Meridian JP01,Growth,3.295,30,51043.17,0.0,0.0,0.0,0.0,51043.17,0.0,0.0,0.0,1.0729375,109.53226242375,0.0,0.0,0.0,0.0,51043.17,109.53226242375,50933.637737576246,0.002145875
2025-02,JP01,Spare Parts,C067,Orion JP01,Core,2.41448,45,465127.45999999996,0.0,0.0,0.0,0.0,465127.45999999996,0.0,0.0,14.414028361172226,0.929853,865.00032812676,0.0,0.0,0.0,0.0,465127.45999999996,865.00032812676,464262.4596718732,0.001859706
2025-02,JP01,Spare Parts,C068,Atlas JP01,Core,2.34401,45,705832.95,0.0,0.0,0.0,0.0,705832.95,0.0,0.0,14.425132603968121,0.918401625,1296.4762565170874,0.0,0.0,0.0,0.0,705832.95,1296.4762565170874,704536.4737434828,0.00183680325
2025-02,JP01,Spare Parts,C069,Nimbus JP01,Growth,3.28588,45,477594.0,0.0,0.0,0.0,0.0,477594.0,0.0,0.0,14.584201434691392,1.0714555000000001,1023.4414361340001,0.0,0.0,0.0,0.0,477594.0,1023.4414361340001,476570.558563866,0.0021429110000000004
2025-02,JP01,Spare Parts,C070,Summit JP01,Core,1.9708350000000001,45,619911.8800000006,0.0,0.0,0.0,0.0,619911.8800000006,0.0,0.0,9.884239030876474,0.8577606875,1063.472080756436,0.0,0.0,0.0,0.0,619911.8800000006,1063.472080756436,618848.4079192441,0.001715521375
2025-02,JP01,Spare Parts,C071,Cobalt JP01,Growth,2.876375,45,522991.92,0.0,0.0,0.0,0.0,522991.92,0.0,0.0,15.068596662066978,1.0049109375,1051.1206012642501,0.0,0.0,0.0,0.0,522991.92,1051.1206012642501,521940.79939873575,0.002009821875
2025-02,JP01,Spare Parts,C073,Nova JP01,Core,2.219815,45,744859.51,0.0,0.0,0.0,0.0,744859.51,0.0,0.0,14.456614241254702,0.8982199375,1338.0953250369612,0.0,0.0,0.0,0.0,744859.51,1338.0953250369612,743521.4146749631,0.001796439875
2025-02,JP01,Spare Parts,C072,Vertex JP01,Strategic,1.1821099999999998,45,515988.92,0.0,0.0,0.0,0.0,515988.92,0.0,0.0,0.0,0.7295928749999999,752.9236792218899,0.0,0.0,0.0,0.0,515988.92,752.9236792218899,515235.9963207781,0.0014591857499999998
2025-02,US01,Events,C048,Northstar US01,Growth,3.1211550000000003,30,332450.44,0.0,0.0,0.0,0.0,332450.44,0.0,0.0,9.559270548716976,1.0446876875000002,694.6137627439151,0.0,0.0,0.0,0.0,332450.44,694.6137627439151,331755.8262372561,0.0020893753750000003
2025-02,US01,Events,C052,Redwood US01,Growth,2.88081,30,756483.4900000002,0.0,0.0,0.0,0.0,756483.4900000002,0.0,0.0,5.75682107748314,1.005631625,1521.4874426687427,0.0,0.0,0.0,0.0,756483.4900000002,1521.4874426687427,754962.0025573315,0.0020112632499999995
2025-02,US01,Events,C049,Kestrel US01,Strategic,1.447995,30,587467.43,0.0,0.0,0.0,0.0,587467.43,0.0,0.0,0.0,0.7727991875,907.9887051734263,0.0,0.0,0.0,0.0,587467.43,907.9887051734263,586559.4412948266,0.001545598375
2025-02,US01,Events,C050,Helix US01,Growth,2.8449999999999998,30,226387.51,0.0,0.0,0.0,0.0,226387.51,0.0,0.0,0.0,0.9998125,452.69012468375,0.0,0.0,0.0,0.0,226387.51,452.69012468375,225934.81987531626,0.001999625
2025-02,US01,Events,C051,Vector US01,Growth,2.8275900000000003,30,335286.80000000005,0.0,0.0,0.0,0.0,335286.80000000005,0.0,0.0,0.0,0.9969833750000001,668.5507309139001,0.0,0.0,0.0,0.0,335286.80000000005,668.5507309139001,334618.24926908617,0.0019939667500000003
2025-02,US01,Hardware,C041,Summit US01,Growth,2.82761,45,1178234.45,0.0,0.0,0.0,0.0,1178234.45,0.0,0.0,14.656602342598282,0.996986625,2349.3679755284625,0.0,0.0,0.0,0.0,1178234.45,2349.3679755284625,1175885.0820244716,0.00199397325
2025-02,US01,Hardware,C042,Cobalt US01,Growth,2.902705,45,717008.19,0.0,0.0,0.0,0.0,717008.19,0.0,0.0,13.398705111025302,1.0091895625,1447.1943631500337,0.0,0.0,0.0,0.0,717008.19,1447.1943631500337,715560.9956368499,0.002018379125
2025-02,US01,Hardware,C043,Vertex US01,Core,2.0013,45,1063935.08,0.0,0.0,0.0,0.0,1063935.08,0.0,0.0,15.297253005324347,0.86271125,1835.7375255713005,0.0,0.0,0.0,0.0,1063935.08,1835.7375255713005,1062099.3424744287,0.0017254225000000003
2025-02,US01,Hardware,C044,Nova US01,Core,2.11017,45,1383488.65,0.0,0.0,0.0,0.0,1383488.65,0.0,0.0,15.18291031877999,0.880402625,2436.0540782354124,0.0,0.0,0.0,0.0,1383488.65,2436.0540782354124,1381052.5959217644,0.00176080525
2025-02,US01,Hardware,C045,Meridian US01,Strategic,1.0499999999999998,45,1143350.8399999985,0.0,0.0,0.0,0.0,1143350.8399999985,0.0,0.0,6.257876803588968,0.7081249999999999,1619.2706271499976,0.0,0.0,0.0,0.0,1143350.8399999985,1619.2706271499976,1141731.5693728484,0.0014162499999999998
2025-02,US01,Hardware,C046,Orion US01,Core,2.182275,45,1824458.0699999998,0.0,0.0,0.0,0.0,1824458.0699999998,0.0,0.0,14.512136417582894,0.8921196875,3255.2699265305064,0.0,0.0,0.0,0.0,1824458.0699999998,3255.2699265305064,1821202.8000734693,0.0017842393750000002
2025-02,US01,Hardware,C047,Atlas US01,Core,2.2454699999999996,45,1901463.74,0.0,0.0,0.0,0.0,1901463.74,0.0,0.0,14.635595365073856,0.902388875,3431.719450383785,0.0,0.0,0.0,0.0,1901463.74,3431.719450383785,1898032.0205496163,0.00180477775
2025-02,US01,Software,C034,Kestrel US01,Growth,2.9399699999999998,30,87260.98,0.0,0.0,0.0,0.0,87260.98,0.0,0.0,0.0,1.0152451249999999,177.182569095445,0.0,0.0,0.0,0.0,87260.98,177.182569095445,87083.79743090455,0.00203049025
2025-02,US01,Software,C035,Helix US01,Core,2.18574,30,102680.04,0.0,0.0,0.0,0.0,102680.04,0.0,0.0,0.0,0.89268275,183.32140095461997,0.0,0.0,0.0,0.0,102680.04,183.32140095461997,102496.71859904537,0.0017853654999999999
2025-02,US01,Software,C036,Vector US01,Growth,3.016975,30,80611.76,0.0,0.0,0.0,0.0,80611.76,0.0,0.0,0.0,1.0277584375,165.69883300344998,0.0,0.0,0.0,0.0,80611.76,165.69883300344998,80446.06116699654,0.002055516875
2025-02,US01,Software,C037,Redwood US01,Core,2.305165,30,121006.76,0.0,0.0,0.0,0.0,121006.76,0.0,0.0,0.0,0.9120893125,220.737945072505,0.0,0.0,0.0,0.0,121006.76,220.737945072505,120786.0220549275,0.001824178625
2025-02,US01,Software,C038,Pioneer US01,Strategic,1.2493699999999999,30,86707.1400000003,0.0,0.0,0.0,0.0,86707.1400000003,0.0,0.0,0.0,0.740522625,128.41719783808546,0.0,0.0,0.0,0.0,86707.1400000003,128.41719783808546,86578.72280216221,0.0014810452500000001
2025-02,US01,Software,C039,Keystone US01,Strategic,1.335245,30,195378.64,0.0,0.0,0.0,0.0,195378.64,0.0,0.0,0.0,0.7544773124999999,294.81750245421,0.0,0.0,0.0,0.0,195378.64,294.81750245421,195083.8224975458,0.001508954625
2025-02,US01,Software,C040,Axiom US01,Growth,2.8075,30,71752.16,0.0,0.0,0.0,0.0,71752.16,0.0,0.0,0.0,0.99371875,142.60293349,0.0,0.0,0.0,0.0,71752.16,142.60293349,71609.55706651001,0.0019874375
2025-03,DE01,Hardware,C010,Keystone DE01,Growth,3.8942900000000003,45,702437.69,278162.91,0.0,0.0,0.0,980600.5999999999,278162.9099999999,0.28366585743471906,27.27530535877706,1.1703221250000002,1644.1567400817828,3255.402079273838,0.0,0.0,0.0,980600.5999999999,4899.5588193556205,975701.0411806442,0.004996487682503581
2025-03,DE01,Hardware,C008,Redwood DE01,Core,2.225305,45,921023.31,0.0,0.0,0.0,0.0,921023.31,0.0,0.0,14.313979089193733,0.8991120625,1656.2063357293537,0.0,0.0,0.0,0.0,921023.31,1656.2063357293537,919367.1036642707,0.001798224125
2025-03,DE01,Hardware,C009,Pioneer DE01,Strategic,1.306745,45,1757877.44,0.0,0.0,0.0,0.0,1757877.44,0.0,0.0,14.370818593587504,0.7498460625,2636.27495348316,0.0,0.0,0.0,0.0,1757877.44,2636.27495348316,1755241.1650465168,0.001499692125
2025-03,DE01,Hardware,C011,Axiom DE01,Strategic,1.0,45,2010715.309999999,0.0,0.0,0.0,0.0,2010715.309999999,0.0,0.0,9.137910577703803,0.7,2815.0014339999984,0.0,0.0,0.0,0.0,2010715.309999999,2815.0014339999984,2007900.308565999,0.0014
2025-03,DE01,Hardware,C012,Northstar DE01,Growth,2.752895,45,923093.38,0.0,0.0,0.0,0.0,923093.38,0.0,0.0,14.992463709359502,0.9848454375,1818.2086073589076,0.0,0.0,0.0,0.0,923093.38,1818.2086073589076,921275.1713926411,0.001969690875
2025-03,DE01,Hardware,C013,Kestrel DE01,Core,1.8694799999999998,45,1483042.23,0.0,0.0,0.0,0.0,1483042.23,0.0,0.0,13.911265156623358,0.8412904999999999,2495.33867839563,0.0,0.0,0.0,0.0,1483042.23,2495.33867839563,1480546.8913216044,0.0016825809999999998
2025-03,DE01,Hardware,C014,Helix DE01,Core,2.0470550000000003,45,1171955.2599999998,0.0,0.0,0.0,0.0,1171955.2599999998,0.0,0.0,14.012625959799866,0.8701464375000001,2039.5453887967722,0.0,0.0,0.0,0.0,1171955.2599999998,2039.5453887967722,1169915.714611203,0.001740292875
2025-03,DE01,Software,C001,Meridian DE01,Growth,3.922925,30,132816.63,0.0,0.0,0.0,0.0,132816.63,0.0,0.0,14.78357642412701,1.1749753125,312.11252267889375,0.0,0.0,0.0,0.0,132816.63,312.11252267889375,132504.51747732112,0.002349950625
2025-03,DE01,Software,C002,Orion DE01,Core,1.8911449999999999,30,93734.03,0.0,0.0,0.0,0.0,93734.03,0.0,0.0,0.0,0.8448110624999999,158.37509095341375,0.0,0.0,0.0,0.0,93734.03,158.37509095341375,93575.65490904659,0.001689622125
2025-03,DE01,Software,C003,Atlas DE01,Growth,2.7558400000000005,30,51295.32,0.0,0.0,0.0,0.0,51295.32,0.0,0.0,0.0,0.9853240000000001,101.08501976736002,0.0,0.0,0.0,0.0,51295.32,101.08501976736002,51194.23498023264,0.0019706480000000006
2025-03,DE01,Software,C004,Nimbus DE01,Strategic,1.0,30,81274.9899999999,0.0,0.0,0.0,0.0,81274.9899999999,0.0,0.0,0.0,0.7,113.78498599999986,0.0,0.0,0.0,0.0,81274.9899999999,113.78498599999986,81161.2050139999,0.0014
2025-03,DE01,Software,C005,Summit DE01,Core,2.047655,30,82523.98,0.0,0.0,0.0,0.0,82523.98,0.0,0.0,0.0,0.8702439375,143.63198658674247,0.0,0.0,0.0,0.0,82523.98,143.63198658674247,82380.34801341326,0.0017404878749999997
2025-03,DE01,Software,C006,Cobalt DE01,Core,2.081205,30,104575.68000000001,0.0,0.0,0.0,0.0,104575.68000000001,0.0,0.0,0.0,0.8756958125000001,183.15297013068002,0.0,0.0,0.0,0.0,104575.68000000001,183.15297013068002,104392.52702986932,0.001751391625
2025-03,DE01,Software,C007,Vertex DE01,Core,2.185245,30,77385.98,0.0,0.0,0.0,0.0,77385.98,0.0,0.0,0.0,0.8926023125,138.14980940615752,0.0,0.0,0.0,0.0,77385.98,138.14980940615752,77247.83019059384,0.0017852046250000002
2025-03,ES01,Events,C023,Redwood ES01,Growth,2.795945,30,262663.27,0.0,0.0,0.0,0.0,262663.27,0.0,0.0,19.79794548358436,0.9918410625,521.0404335930488,0.0,0.0,0.0,0.0,262663.27,521.0404335930488,262142.22956640698,0.001983682125
2025-03,ES01,Events,C026,Axiom ES01,Core,2.21812,30,188328.87000000032,0.0,0.0,0.0,0.0,188328.87000000032,0.0,0.0,30.000000000000004,0.8979444999999999,338.2177460154305,0.0,0.0,0.0,0.0,188328.87000000032,338.2177460154305,187990.65225398488,0.0017958889999999997
2025-03,ES01,Events,C022,Vector ES01,Strategic,1.0,30,791136.0700000001,0.0,0.0,0.0,0.0,791136.0700000001,0.0,0.0,0.0,0.7,1107.590498,0.0,0.0,0.0,0.0,791136.0700000001,1107.590498,790028.479502,0.0014
2025-03,ES01,Events,C024,Pioneer ES01,Strategic,1.02279,30,730485.94,0.0,0.0,0.0,0.0,730485.94,0.0,0.0,0.0,0.703703375,1028.0908427360948,0.0,0.0,0.0,0.0,730485.94,1028.0908427360948,729457.8491572639,0.00140740675
2025-03,ES01,Events,C025,Keystone ES01,Core,2.0810400000000002,30,160700.62,0.0,0.0,0.0,0.0,160700.62,0.0,0.0,0.0,0.875669,281.44110242956,0.0,0.0,0.0,0.0,160700.62,281.44110242956,160419.17889757044,0.0017513379999999999
2025-03,ES01,Hardware,C015,Nova ES01,Strategic,1.134235,45,1083938.69,0.0,0.0,0.0,0.0,1083938.69,0.0,0.0,13.582588513378003,0.7218131875,1564.8024817669486,0.0,0.0,0.0,0.0,1083938.69,1564.8024817669486,1082373.887518233,0.001443626375
2025-03,ES01,Hardware,C016,Meridian ES01,Core,2.18475,45,593330.58,0.0,0.0,0.0,0.0,593330.58,0.0,0.0,12.363650631322594,0.892521875,1059.1210435128748,0.0,0.0,0.0,0.0,593330.58,1059.1210435128748,592271.4589564871,0.0017850437499999999
2025-03,ES01,Hardware,C017,Orion ES01,Strategic,1.2359149999999999,45,1696312.23,0.0,0.0,0.0,0.0,1696312.23,0.0,0.0,14.219804451919797,0.7383361875,2504.897409415646,0.0,0.0,0.0,0.0,1696312.23,2504.897409415646,1693807.3325905844,0.0014766723749999999
2025-03,ES01,Hardware,C018,Atlas ES01,Strategic,1.285565,45,1386741.5899999999,0.0,0.0,0.0,0.0,1386741.5899999999,0.0,0.0,13.786267706876812,0.7464043125,2070.1398061982136,0.0,0.0,0.0,0.0,1386741.5899999999,2070.1398061982136,1384671.4501938017,0.001492808625
2025-03,ES01,Hardware,C019,Nimbus ES01,Core,2.209905,45,950742.0,0.0,0.0,0.0,0.0,950742.0,0.0,0.0,13.95975375022877,0.8966095625,1704.8887373407501,0.0,0.0,0.0,0.0,950742.0,1704.8887373407501,949037.1112626592,0.0017932191250000001
2025-03,ES01,Hardware,C020,Summit ES01,Strategic,1.0,45,1923582.5100000012,0.0,0.0,0.0,0.0,1923582.5100000012,0.0,0.0,13.239714734149889,0.7,2693.0155140000015,0.0,0.0,0.0,0.0,1923582.5100000012,2693.0155140000015,1920889.494486001,0.0014
2025-03,ES01,Hardware,C021,Cobalt ES01,Core,1.9086199999999998,45,763903.91,0.0,0.0,0.0,0.0,763903.91,0.0,0.0,13.729803006244595,0.8476507499999999,1295.047444478865,0.0,0.0,0.0,0.0,763903.91,1295.047444478865,762608.8625555212,0.0016953015
2025-03,ES01,Spare Parts,C027,Cobalt ES01,Core,2.25286,45,564184.0799999988,0.0,0.0,0.0,0.0,564184.0799999988,0.0,0.0,12.58367056369258,0.9035897500000001,1019.581903602358,0.0,0.0,0.0,0.0,564184.0799999988,1019.581903602358,563164.4980963964,0.0018071795000000003
2025-03,ES01,Spare Parts,C028,Vertex ES01,Growth,3.0423750000000003,45,618080.27,0.0,0.0,0.0,0.0,618080.27,0.0,0.0,14.208647203703816,1.0318859375,1275.5766777184062,0.0,0.0,0.0,0.0,618080.27,1275.5766777184062,616804.6933222816,0.002063771875
2025-03,ES01,Spare Parts,C029,Nova ES01,Core,2.341555,45,510907.51,0.0,0.0,0.0,0.0,510907.51,0.0,0.0,14.278590463467642,0.9180026875,938.0289344878663,0.0,0.0,0.0,0.0,510907.51,938.0289344878663,509969.48106551217,0.0018360053750000002
2025-03,ES01,Spare Parts,C030,Meridian ES01,Growth,2.7239050000000002,45,351297.08999999997,0.0,0.0,0.0,0.0,351297.08999999997,0.0,0.0,14.17826091300671,0.9801345625,688.6368392293462,0.0,0.0,0.0,0.0,351297.08999999997,688.6368392293462,350608.45316077064,0.001960269125
2025-03,ES01,Spare Parts,C031,Orion ES01,Growth,2.81174,45,372360.73,0.0,0.0,0.0,0.0,372360.73,0.0,0.0,14.458969397766516,0.9944077499999999,740.5567914153149,0.0,0.0,0.0,0.0,372360.73,740.5567914153149,371620.17320858466,0.0019888155
2025-03,ES01,Spare Parts,C033,Nimbus ES01,Growth,2.8488800000000003,45,350835.47,0.0,0.0,0.0,0.0,350835.47,0.0,0.0,14.084963815089734,1.0004430000000002,701.9817802264201,0.0,0.0,0.0,0.0,350835.47,701.9817802264201,350133.4882197736,0.0020008860000000008
2025-03,ES01,Spare Parts,C032,Atlas ES01,Core,2.0051500000000004,45,439240.64,0.0,0.0,0.0,0.0,439240.64,0.0,0.0,0.0,0.8633368750000001,758.4252830212001,0.0,0.0,0.0,0.0,439240.64,758.4252830212001,438482.21471697884,0.0017266737500000002
2025-03,JP01,Hardware,C065,Vector JP01,Growth,3.1325000000000003,45,317319.74,20693.129999999524,0.0,0.0,0.0,338012.86999999953,20693.12999999954,0.061219947039293406,16.209730120631146,1.0465312500000001,664.1700483037501,216.56007205312005,0.0,0.0,0.0,338012.86999999953,880.7301203568702,337132.13987964264,0.002605611201599724
2025-03,JP01,Hardware,C060,Keystone JP01,Growth,2.7943000000000002,45,911809.24,0.0,0.0,0.0,0.0,911809.24,0.0,0.0,12.858261888199335,0.99157375,1808.2522147829002,0.0,0.0,0.0,0.0,911809.24,1808.2522147829002,910000.9877852171,0.0019831475000000004
2025-03,JP01,Hardware,C061,Axiom JP01,Core,1.97168,45,1265902.9300000002,0.0,0.0,0.0,0.0,1265902.9300000002,0.0,0.0,15.008443893877391,0.857898,2172.0311836822802,0.0,0.0,0.0,0.0,1265902.9300000002,2172.0311836822802,1263730.8988163178,0.001715796
2025-03,JP01,Hardware,C062,Northstar JP01,Growth,2.8876500000000003,45,1120843.76,0.0,0.0,0.0,0.0,1120843.76,0.0,0.0,14.209673523096564,1.006743125,2256.8034991583,0.0,0.0,0.0,0.0,1120843.76,2256.8034991583,1118586.9565008418,0.00201348625
2025-03,JP01,Hardware,C063,Kestrel JP01,Growth,2.933765,45,709633.96,0.0,0.0,0.0,0.0,709633.96,0.0,0.0,13.166458662716762,1.0142368125,1439.473771264305,0.0,0.0,0.0,0.0,709633.96,1439.473771264305,708194.4862287357,0.002028473625
2025-03,JP01,Hardware,C064,Helix JP01,Growth,3.0409900000000003,45,339429.59,0.0,0.0,0.0,0.0,339429.59,0.0,0.0,5.191255128935577,1.031660875,700.3524556405825,0.0,0.0,0.0,0.0,339429.59,700.3524556405825,338729.23754435946,0.00206332175
2025-03,JP01,Hardware,C066,Redwood JP01,Growth,3.086145,45,944556.2,0.0,0.0,0.0,0.0,944556.2,0.0,0.0,14.992463127127852,1.0389985625,1962.7850680009249,0.0,0.0,0.0,0.0,944556.2,1962.7850680009249,942593.414931999,0.0020779971249999998
2025-03,JP01,Software,C053,Atlas JP01,Core,2.188565,30,51367.89,0.0,0.0,0.0,0.0,51367.89,0.0,0.0,0.0,0.8931418125,91.75762075780126,0.0,0.0,0.0,0.0,51367.89,91.75762075780126,51276.1323792422,0.0017862836250000004
2025-03,JP01,Software,C054,Nimbus JP01,Core,2.16125,30,82768.39,0.0,0.0,0.0,0.0,82768.39,0.0,0.0,0.0,0.8887031249999999,147.11305368843747,0.0,0.0,0.0,0.0,82768.39,147.11305368843747,82621.27694631157,0.0017774062499999997
2025-03,JP01,Software,C055,Summit JP01,Strategic,1.29925,30,10622.050000000265,0.0,0.0,0.0,0.0,10622.050000000265,0.0,0.0,0.0,0.748628125,15.903930750312895,0.0,0.0,0.0,0.0,10622.050000000265,15.903930750312895,10606.146069249951,0.0014972562499999998
2025-03,JP01,Software,C056,Cobalt JP01,Core,2.1768300000000003,30,120346.43000000001,0.0,0.0,0.0,0.0,120346.43000000001,0.0,0.0,0.0,0.8912348750000001,214.51387099549254,0.0,0.0,0.0,0.0,120346.43000000001,214.51387099549254,120131.91612900452,0.00178246975
2025-03,JP01,Software,C057,Vertex JP01,Core,2.26337,30,86778.0,0.0,0.0,0.0,0.0,86778.0,0.0,0.0,0.0,0.905297625,157.1198346045,0.0,0.0,0.0,0.0,86778.0,157.1198346045,86620.8801653955,0.00181059525
2025-03,JP01,Software,C058,Nova JP01,Core,2.3047950000000004,30,94256.31,0.0,0.0,0.0,0.0,94256.31,0.0,0.0,0.0,0.9120291875000001,171.92901165209625,0.0,0.0,0.0,0.0,94256.31,171.92901165209625,94084.3809883479,0.001824058375
2025-03,JP01,Software,C059,Meridian JP01,Growth,3.295,30,48541.67,0.0,0.0,0.0,0.0,48541.67,0.0,0.0,0.0,1.0729375,104.16435611125,0.0,0.0,0.0,0.0,48541.67,104.16435611125,48437.50564388875,0.002145875
2025-03,JP01,Spare Parts,C067,Orion JP01,Core,2.41448,45,507150.74,0.0,0.0,0.0,0.0,507150.74,0.0,0.0,14.294494374591666,0.929853,943.1512740824401,0.0,0.0,0.0,0.0,507150.74,943.1512740824401,506207.58872591757,0.0018597060000000002
2025-03,JP01,Spare Parts,C068,Atlas JP01,Core,2.34401,45,761543.19,0.0,0.0,0.0,0.0,761543.19,0.0,0.0,14.43549721717031,0.918401625,1398.8050064073675,0.0,0.0,0.0,0.0,761543.19,1398.8050064073675,760144.3849935926,0.0018368032500000002
2025-03,JP01,Spare Parts,C069,Nimbus JP01,Growth,3.28588,45,518556.19,0.0,0.0,0.0,0.0,518556.19,0.0,0.0,14.198061930376339,1.0714555000000001,1111.21976366909,0.0,0.0,0.0,0.0,518556.19,1111.21976366909,517444.97023633093,0.002142911
2025-03,JP01,Spare Parts,C070,Summit JP01,Core,1.9708350000000001,45,729859.530000001,0.0,0.0,0.0,0.0,729859.530000001,0.0,0.0,11.24996079725097,0.8577606875,1252.0896244624555,0.0,0.0,0.0,0.0,729859.530000001,1252.0896244624555,728607.4403755385,0.0017155213750000003
2025-03,JP01,Spare Parts,C071,Cobalt JP01,Growth,2.876375,45,549430.27,0.0,0.0,0.0,0.0,549430.27,0.0,0.0,14.212910584631603,1.0049109375,1104.2569754331564,0.0,0.0,0.0,0.0,549430.27,1104.2569754331564,548326.0130245668,0.002009821875
2025-03,JP01,Spare Parts,C073,Nova JP01,Core,2.219815,45,802736.45,0.0,0.0,0.0,0.0,802736.45,0.0,0.0,14.42271457836504,0.8982199375,1442.0677678959437,0.0,0.0,0.0,0.0,802736.45,1442.0677678959437,801294.382232104,0.0017964398750000001
2025-03,JP01,Spare Parts,C072,Vertex JP01,Strategic,1.1821099999999998,45,564285.64,0.0,0.0,0.0,0.0,564285.64,0.0,0.0,0.0,0.7295928749999999,823.39756481763,0.0,0.0,0.0,0.0,564285.64,823.39756481763,563462.2424351823,0.00145918575
2025-03,US01,Events,C048,Northstar US01,Growth,3.1211550000000003,30,162795.1600000006,0.0,0.0,0.0,0.0,162795.1600000006,0.0,0.0,30.0,1.0446876875000002,340.1401984731863,0.0,0.0,0.0,0.0,162795.1600000006,340.1401984731863,162455.0198015274,0.0020893753750000003
2025-03,US01,Events,C049,Kestrel US01,Strategic,1.447995,30,890952.4400000001,0.0,0.0,0.0,0.0,890952.4400000001,0.0,0.0,0.0,0.7727991875,1377.054643466285,0.0,0.0,0.0,0.0,890952.4400000001,1377.054643466285,889575.3853565338,0.0015455983749999998
2025-03,US01,Events,C050,Helix US01,Growth,2.8449999999999998,30,357417.75,0.0,0.0,0.0,0.0,357417.75,0.0,0.0,0.0,0.9998125,714.70146834375,0.0,0.0,0.0,0.0,357417.75,714.70146834375,356703.04853165627,0.001999625
2025-03,US01,Events,C051,Vector US01,Growth,2.8275900000000003,30,257550.96000000002,0.0,0.0,0.0,0.0,257550.96000000002,0.0,0.0,0.0,0.9969833750000001,513.5480506705801,0.0,0.0,0.0,0.0,257550.96000000002,513.5480506705801,257037.41194932943,0.0019939667500000003
2025-03,US01,Events,C052,Redwood US01,Growth,2.88081,30,669522.45,0.0,0.0,0.0,0.0,669522.45,0.0,0.0,0.0,1.005631625,1346.5858987349623,0.0,0.0,0.0,0.0,669522.45,1346.5858987349623,668175.864101265,0.00201126325
2025-03,US01,Hardware,C041,Summit US01,Growth,2.82761,45,1262812.8399999999,0.0,0.0,0.0,0.0,1262812.8399999999,0.0,0.0,14.315755373535797,0.996986625,2518.0150227165295,0.0,0.0,0.0,0.0,1262812.8399999999,2518.0150227165295,1260294.8249772834,0.00199397325
2025-03,US01,Hardware,C042,Cobalt US01,Growth,2.902705,45,793949.88,0.0,0.0,0.0,0.0,793949.88,0.0,0.0,14.992463252214357,1.0091895625,1602.491864088255,0.0,0.0,0.0,0.0,793949.88,1602.491864088255,792347.3881359118,0.0020183791249999998
2025-03,US01,Hardware,C043,Vertex US01,Core,2.0013,45,1158420.94,0.0,0.0,0.0,0.0,1158420.94,0.0,0.0,13.503526878580077,0.86271125,1998.76555434715,0.0,0.0,0.0,0.0,1158420.94,1998.76555434715,1156422.1744456529,0.0017254225
2025-03,US01,Hardware,C044,Nova US01,Core,2.11017,45,1447675.44,0.0,0.0,0.0,0.0,1447675.44,0.0,0.0,14.160132052803219,0.880402625,2549.0745150480598,0.0,0.0,0.0,0.0,1447675.44,2549.0745150480598,1445126.365484952,0.00176080525
2025-03,US01,Hardware,C045,Meridian US01,Strategic,1.0499999999999998,45,1582716.4899999974,0.0,0.0,0.0,0.0,1582716.4899999974,0.0,0.0,11.052953520437482,0.7081249999999999,2241.5222289624962,0.0,0.0,0.0,0.0,1582716.4899999974,2241.5222289624962,1580474.967771035,0.00141625
2025-03,US01,Hardware,C046,Orion US01,Core,2.182275,45,1989553.02,0.0,0.0,0.0,0.0,1989553.02,0.0,0.0,14.202666335577224,0.8921196875,3549.838836934163,0.0,0.0,0.0,0.0,1989553.02,3549.838836934163,1986003.1811630658,0.0017842393750000002
2025-03,US01,Hardware,C047,Atlas US01,Core,2.2454699999999996,45,2111393.33,0.0,0.0,0.0,0.0,2111393.33,0.0,0.0,13.836767354001255,0.902388875,3810.595703482408,0.0,0.0,0.0,0.0,2111393.33,3810.595703482408,2107582.7342965174,0.0018047777500000003
2025-03,US01,Software,C034,Kestrel US01,Growth,2.9399699999999998,30,89562.9,0.0,0.0,0.0,0.0,89562.9,0.0,0.0,0.0,1.0152451249999999,181.85659521172497,0.0,0.0,0.0,0.0,89562.9,181.85659521172497,89381.04340478827,0.0020304902499999997
2025-03,US01,Software,C035,Helix US01,Core,2.18574,30,97420.48,0.0,0.0,0.0,0.0,97420.48,0.0,0.0,0.0,0.89268275,173.93116398543998,0.0,0.0,0.0,0.0,97420.48,173.93116398543998,97246.54883601455,0.0017853654999999999
2025-03,US01,Software,C036,Vector US01,Growth,3.016975,30,78539.79000000001,0.0,0.0,0.0,0.0,78539.79000000001,0.0,0.0,0.0,1.0277584375,161.43986370395626,0.0,0.0,0.0,0.0,78539.79000000001,161.43986370395626,78378.35013629605,0.002055516875
2025-03,US01,Software,C037,Redwood US01,Core,2.305165,30,131441.49,0.0,0.0,0.0,0.0,131441.49,0.0,0.0,0.0,0.9120893125,239.77275649615123,0.0,0.0,0.0,0.0,131441.49,239.77275649615123,131201.71724350384,0.001824178625
2025-03,US01,Software,C038,Pioneer US01,Strategic,1.2493699999999999,30,90954.10000000024,0.0,0.0,0.0,0.0,90954.10000000024,0.0,0.0,0.0,0.740522625,134.70713777302535,0.0,0.0,0.0,0.0,90954.10000000024,134.70713777302535,90819.3928622272,0.00148104525
2025-03,US01,Software,C039,Keystone US01,Strategic,1.335245,30,196401.4,0.0,0.0,0.0,0.0,196401.4,0.0,0.0,0.0,0.7544773124999999,296.360800886475,0.0,0.0,0.0,0.0,196401.4,296.360800886475,196105.03919911353,0.001508954625
2025-03,US01,Software,C040,Axiom US01,Growth,2.8075,30,68167.28,0.0,0.0,0.0,0.0,68167.28,0.0,0.0,0.0,0.99371875,135.478208545,0.0,0.0,0.0,0.0,68167.28,135.478208545,68031.801791455,0.0019874375
2025-04,DE01,Hardware,C010,Keystone DE01,Growth,3.8942900000000003,45,703547.78,335213.54,0.0,0.0,0.0,1038761.3200000001,335213.54000000004,0.32270506568342383,29.96793998836999,1.1703221250000002,1646.7550658572652,3923.0782246157255,0.0,0.0,0.0,1038761.3200000001,5569.8332904729905,1033191.4867095271,0.005361995275751113
2025-04,DE01,Hardware,C008,Redwood DE01,Core,2.225305,45,892035.9,0.0,0.0,0.0,0.0,892035.9,0.0,0.0,16.195750529771278,0.8991120625,1604.0804757460876,0.0,0.0,0.0,0.0,892035.9,1604.0804757460876,890431.819524254,0.0017982241250000001
2025-04,DE01,Hardware,C009,Pioneer DE01,Strategic,1.306745,45,1783866.78,0.0,0.0,0.0,0.0,1783866.78,0.0,0.0,15.401478242674603,0.7498460625,2675.2509620151077,0.0,0.0,0.0,0.0,1783866.78,2675.2509620151077,1781191.529037985,0.001499692125
2025-04,DE01,Hardware,C011,Axiom DE01,Strategic,1.0,45,1391391.7299999986,0.0,0.0,0.0,0.0,1391391.7299999986,0.0,0.0,0.48056732376867084,0.7,1947.9484219999981,0.0,0.0,0.0,0.0,1391391.7299999986,1947.9484219999981,1389443.7815779985,0.0014
2025-04,DE01,Hardware,C012,Northstar DE01,Growth,2.752895,45,924621.05,0.0,0.0,0.0,0.0,924621.05,0.0,0.0,14.982740658997542,0.9848454375,1821.2176450179188,0.0,0.0,0.0,0.0,924621.05,1821.2176450179188,922799.8323549822,0.001969690875
2025-04,DE01,Hardware,C013,Kestrel DE01,Core,1.8694799999999998,45,1549467.3900000001,0.0,0.0,0.0,0.0,1549467.3900000001,0.0,0.0,15.399016045119867,0.8412904999999999,2607.10439053359,0.0,0.0,0.0,0.0,1549467.3900000001,2607.10439053359,1546860.2856094665,0.0016825809999999998
2025-04,DE01,Hardware,C014,Helix DE01,Core,2.0470550000000003,45,1228163.16,0.0,0.0,0.0,0.0,1228163.16,0.0,0.0,15.255698680947244,0.8701464375000001,2137.363596685485,0.0,0.0,0.0,0.0,1228163.16,2137.363596685485,1226025.7964033145,0.001740292875
2025-04,DE01,Software,C001,Meridian DE01,Growth,3.922925,30,136936.41999999998,0.0,0.0,0.0,0.0,136936.41999999998,0.0,0.0,14.758631049358529,1.1749753125,321.79382576426246,0.0,0.0,0.0,0.0,136936.41999999998,321.79382576426246,136614.62617423572,0.002349950625
2025-04,DE01,Software,C002,Orion DE01,Core,1.8911449999999999,30,100534.1,0.0,0.0,0.0,0.0,100534.1,0.0,0.0,0.0,0.8448110624999999,169.8646396769625,0.0,0.0,0.0,0.0,100534.1,169.8646396769625,100364.23536032304,0.001689622125
2025-04,DE01,Software,C003,Atlas DE01,Growth,2.7558400000000005,30,53521.27,0.0,0.0,0.0,0.0,53521.27,0.0,0.0,0.0,0.9853240000000001,105.47158368296002,0.0,0.0,0.0,0.0,53521.27,105.47158368296002,53415.79841631704,0.0019706480000000006
2025-04,DE01,Software,C004,Nimbus DE01,Strategic,1.0,30,73624.83999999988,0.0,0.0,0.0,0.0,73624.83999999988,0.0,0.0,0.0,0.7,103.07477599999983,0.0,0.0,0.0,0.0,73624.83999999988,103.07477599999983,73521.76522399989,0.0014
2025-04,DE01,Software,C005,Summit DE01,Core,2.047655,30,82764.36,0.0,0.0,0.0,0.0,82764.36,0.0,0.0,0.0,0.8702439375,144.05036506213497,0.0,0.0,0.0,0.0,82764.36,144.05036506213497,82620.30963493786,0.0017404878749999997
2025-04,DE01,Software,C006,Cobalt DE01,Core,2.081205,30,100725.14,0.0,0.0,0.0,0.0,100725.14,0.0,0.0,0.0,0.8756958125000001,176.4091666229525,0.0,0.0,0.0,0.0,100725.14,176.4091666229525,100548.73083337705,0.001751391625
2025-04,DE01,Software,C007,Vertex DE01,Core,2.185245,30,80231.45,0.0,0.0,0.0,0.0,80231.45,0.0,0.0,0.0,0.8926023125,143.22955561045623,0.0,0.0,0.0,0.0,80231.45,143.22955561045623,80088.22044438955,0.0017852046249999998
2025-04,ES01,Events,C023,Redwood ES01,Growth,2.795945,30,89323.5,0.0,0.0,0.0,0.0,89323.5,0.0,0.0,30.0,0.9918410625,177.1894302924375,0.0,0.0,0.0,0.0,89323.5,177.1894302924375,89146.31056970757,0.001983682125
2025-04,ES01,Events,C024,Pioneer ES01,Strategic,1.02279,30,466880.3700000004,0.0,0.0,0.0,0.0,466880.3700000004,0.0,0.0,7.732454033139173,0.703703375,657.0905841804981,0.0,0.0,0.0,0.0,466880.3700000004,657.0905841804981,466223.2794158199,0.0014074067500000002
2025-04,ES01,Events,C025,Keystone ES01,Core,2.0810400000000002,30,480167.36,0.0,0.0,0.0,0.0,480167.36,0.0,0.0,7.154479221578075,0.875669,840.93534392768,0.0,0.0,0.0,0.0,480167.36,840.93534392768,479326.4246560723,0.001751338
2025-04,ES01,Events,C022,Vector ES01,Strategic,1.0,30,1335615.08,0.0,0.0,0.0,0.0,1335615.08,0.0,0.0,0.0,0.7,1869.8611119999998,0.0,0.0,0.0,0.0,1335615.08,1869.8611119999998,1333745.2188880001,0.0013999999999999998
2025-04,ES01,Hardware,C015,Nova ES01,Strategic,1.134235,45,1187731.15,0.0,0.0,0.0,0.0,1187731.15,0.0,0.0,14.982740412255755,0.7218131875,1714.6400145490811,0.0,0.0,0.0,0.0,1187731.15,1714.6400145490811,1186016.509985451,0.001443626375
2025-04,ES01,Hardware,C016,Meridian ES01,Core,2.18475,45,673150.49,0.0,0.0,0.0,0.0,673150.49,0.0,0.0,15.545090667615796,0.892521875,1201.6030749839374,0.0,0.0,0.0,0.0,673150.49,1201.6030749839374,671948.8869250161,0.0017850437499999999
2025-04,ES01,Hardware,C017,Orion ES01,Strategic,1.2359149999999999,45,1842571.9,0.0,0.0,0.0,0.0,1842571.9,0.0,0.0,14.527595205375706,0.7383361875,2720.875023681262,0.0,0.0,0.0,0.0,1842571.9,2720.875023681262,1839851.0249763187,0.0014766723749999999
2025-04,ES01,Hardware,C018,Atlas ES01,Strategic,1.285565,45,1449086.3599999999,0.0,0.0,0.0,0.0,1449086.3599999999,0.0,0.0,15.51616074834905,0.7464043125,2163.208616577855,0.0,0.0,0.0,0.0,1449086.3599999999,2163.208616577855,1446923.151383422,0.001492808625
2025-04,ES01,Hardware,C019,Nimbus ES01,Core,2.209905,45,1017846.87,0.0,0.0,0.0,0.0,1017846.87,0.0,0.0,14.982740773177403,0.8966095625,1825.2224736053888,0.0,0.0,0.0,0.0,1017846.87,1825.2224736053888,1016021.6475263946,0.0017932191250000001
2025-04,ES01,Hardware,C020,Summit ES01,Strategic,1.0,45,1296762.8400000008,0.0,0.0,0.0,0.0,1296762.8400000008,0.0,0.0,5.4492427466536775,0.7,1815.467976000001,0.0,0.0,0.0,0.0,1296762.8400000008,1815.467976000001,1294947.3720240009,0.0014
2025-04,ES01,Hardware,C021,Cobalt ES01,Core,1.9086199999999998,45,765061.7,0.0,0.0,0.0,0.0,765061.7,0.0,0.0,16.245574834029725,0.8476507499999999,1297.0102476025497,0.0,0.0,0.0,0.0,765061.7,1297.0102476025497,763764.6897523974,0.0016953014999999997
2025-04,ES01,Spare Parts,C027,Cobalt ES01,Core,2.25286,45,464264.2499999988,0.0,0.0,0.0,0.0,464264.2499999988,0.0,0.0,8.564951964317679,0.9035897500000001,839.0088351828729,0.0,0.0,0.0,0.0,464264.2499999988,839.0088351828729,463425.2411648159,0.0018071795
2025-04,ES01,Spare Parts,C028,Vertex ES01,Growth,3.0423750000000003,45,652818.01,0.0,0.0,0.0,0.0,652818.01,0.0,0.0,14.95106362031893,1.0318859375,1347.267448531469,0.0,0.0,0.0,0.0,652818.01,1347.267448531469,651470.7425514685,0.0020637718750000002
2025-04,ES01,Spare Parts,C029,Nova ES01,Core,2.341555,45,537891.38,0.0,0.0,0.0,0.0,537891.38,0.0,0.0,14.932728983312577,0.9180026875,987.5714648461676,0.0,0.0,0.0,0.0,537891.38,987.5714648461676,536903.8085351539,0.0018360053750000002
2025-04,ES01,Spare Parts,C030,Meridian ES01,Growth,2.7239050000000002,45,375530.14,0.0,0.0,0.0,0.0,375530.14,0.0,0.0,14.800758469080538,0.9801345625,736.1401389489275,0.0,0.0,0.0,0.0,375530.14,736.1401389489275,374793.9998610511,0.001960269125
2025-04,ES01,Spare Parts,C031,Orion ES01,Growth,2.81174,45,384896.55,0.0,0.0,0.0,0.0,384896.55,0.0,0.0,15.034869759159962,0.9944077499999999,765.488224536525,0.0,0.0,0.0,0.0,384896.55,765.488224536525,384131.06177546346,0.0019888155
2025-04,ES01,Spare Parts,C033,Nimbus ES01,Growth,2.8488800000000003,45,368072.24,0.0,0.0,0.0,0.0,368072.24,0.0,0.0,15.169737331997654,1.0004430000000002,736.4705920046401,0.0,0.0,0.0,0.0,368072.24,736.4705920046401,367335.76940799534,0.0020008860000000003
2025-04,ES01,Spare Parts,C032,Atlas ES01,Core,2.0051500000000004,45,441316.64,0.0,0.0,0.0,0.0,441316.64,0.0,0.0,0.0,0.8633368750000001,762.0098577262002,0.0,0.0,0.0,0.0,441316.64,762.0098577262002,440554.6301422738,0.0017266737500000002
2025-04,JP01,Hardware,C060,Keystone JP01,Growth,2.7943000000000002,45,1070002.77,0.0,0.0,0.0,0.0,1070002.77,0.0,0.0,14.607434334025136,0.99157375,2121.9733183185754,0.0,0.0,0.0,0.0,1070002.77,2121.9733183185754,1067880.7966816814,0.0019831475000000004
2025-04,JP01,Hardware,C061,Axiom JP01,Core,1.97168,45,842035.7399999993,0.0,0.0,0.0,0.0,842035.7399999993,0.0,0.0,7.520148491559259,0.857898,1444.761554549039,0.0,0.0,0.0,0.0,842035.7399999993,1444.761554549039,840590.9784454503,0.0017157960000000001
2025-04,JP01,Hardware,C062,Northstar JP01,Growth,2.8876500000000003,45,1181258.44,0.0,0.0,0.0,0.0,1181258.44,0.0,0.0,14.98274069474585,1.006743125,2378.4476266364504,0.0,0.0,0.0,0.0,1181258.44,2378.4476266364504,1178879.9923733636,0.0020134862500000004
2025-04,JP01,Hardware,C063,Kestrel JP01,Growth,2.933765,45,857774.1,0.0,0.0,0.0,0.0,857774.1,0.0,0.0,13.926338647902751,1.0142368125,1739.9721380581127,0.0,0.0,0.0,0.0,857774.1,1739.9721380581127,856034.1278619418,0.0020284736250000004
2025-04,JP01,Hardware,C064,Helix JP01,Growth,3.0409900000000003,45,489746.83999999997,0.0,0.0,0.0,0.0,489746.83999999997,0.0,0.0,17.19423467847184,1.031660875,1010.5053069657699,0.0,0.0,0.0,0.0,489746.83999999997,1010.5053069657699,488736.3346930342,0.00206332175
2025-04,JP01,Hardware,C065,Vector JP01,Growth,3.1325000000000003,45,441943.39999999997,0.0,0.0,0.0,0.0,441943.39999999997,0.0,0.0,11.951943619929612,1.0465312500000001,925.0151576625001,0.0,0.0,0.0,0.0,441943.39999999997,925.0151576625001,441018.38484233746,0.0020930625000000003
2025-04,JP01,Hardware,C066,Redwood JP01,Growth,3.086145,45,946119.44,0.0,0.0,0.0,0.0,946119.44,0.0,0.0,14.982740445540365,1.0389985625,1966.0334762266098,0.0,0.0,0.0,0.0,946119.44,1966.0334762266098,944153.4065237733,0.0020779971249999998
2025-04,JP01,Software,C053,Atlas JP01,Core,2.188565,30,57217.66,0.0,0.0,0.0,0.0,57217.66,0.0,0.0,0.0,0.8931418125,102.20696911881751,0.0,0.0,0.0,0.0,57217.66,102.20696911881751,57115.45303088119,0.0017862836250000002
2025-04,JP01,Software,C054,Nimbus JP01,Core,2.16125,30,79247.51,0.0,0.0,0.0,0.0,79247.51,0.0,0.0,0.0,0.8887031249999999,140.8550195709375,0.0,0.0,0.0,0.0,79247.51,140.8550195709375,79106.65498042906,0.00177740625
2025-04,JP01,Software,C055,Summit JP01,Strategic,1.29925,30,21107.84000000026,0.0,0.0,0.0,0.0,21107.84000000026,0.0,0.0,0.0,0.748628125,31.603845364000385,0.0,0.0,0.0,0.0,21107.84000000026,31.603845364000385,21076.23615463626,0.0014972562499999998
2025-04,JP01,Software,C056,Cobalt JP01,Core,2.1768300000000003,30,120518.08,0.0,0.0,0.0,0.0,120518.08,0.0,0.0,0.0,0.8912348750000001,214.81983192808002,0.0,0.0,0.0,0.0,120518.08,214.81983192808002,120303.26016807192,0.00178246975
2025-04,JP01,Software,C057,Vertex JP01,Core,2.26337,30,93508.22,0.0,0.0,0.0,0.0,93508.22,0.0,0.0,0.0,0.905297625,169.30553896795502,0.0,0.0,0.0,0.0,93508.22,169.30553896795502,93338.91446103205,0.0018105952500000002
2025-04,JP01,Software,C058,Nova JP01,Core,2.3047950000000004,30,94348.7,0.0,0.0,0.0,0.0,94348.7,0.0,0.0,0.0,0.9120291875000001,172.0975364053625,0.0,0.0,0.0,0.0,94348.7,172.0975364053625,94176.60246359464,0.001824058375
2025-04,JP01,Software,C059,Meridian JP01,Growth,3.295,30,51552.22,0.0,0.0,0.0,0.0,51552.22,0.0,0.0,0.0,1.0729375,110.62462009250002,0.0,0.0,0.0,0.0,51552.22,110.62462009250002,51441.5953799075,0.002145875
2025-04,JP01,Spare Parts,C067,Orion JP01,Core,2.41448,45,534379.63,0.0,0.0,0.0,0.0,534379.63,0.0,0.0,14.905244049066766,0.929853,993.78900418878,0.0,0.0,0.0,0.0,534379.63,993.78900418878,533385.8409958113,0.001859706
2025-04,JP01,Spare Parts,C068,Atlas JP01,Core,2.34401,45,794572.8300000001,0.0,0.0,0.0,0.0,794572.8300000001,0.0,0.0,14.917501143350194,0.918401625,1459.4739565056975,0.0,0.0,0.0,0.0,794572.8300000001,1459.4739565056975,793113.3560434944,0.0018368032499999998
2025-04,JP01,Spare Parts,C069,Nimbus JP01,Growth,3.28588,45,541094.04,0.0,0.0,0.0,0.0,541094.04,0.0,0.0,15.143749873866657,1.0714555000000001,1159.5163703504402,0.0,0.0,0.0,0.0,541094.04,1159.5163703504402,539934.5236296495,0.0021429110000000004
2025-04,JP01,Spare Parts,C070,Summit JP01,Core,1.9708350000000001,45,612729.1900000008,0.0,0.0,0.0,0.0,612729.1900000008,0.0,0.0,7.3844544602159665,0.8577606875,1051.1500225314376,0.0,0.0,0.0,0.0,612729.1900000008,1051.1500225314376,611678.0399774694,0.001715521375
2025-04,JP01,Spare Parts,C071,Cobalt JP01,Growth,2.876375,45,584386.86,0.0,0.0,0.0,0.0,584386.86,0.0,0.0,14.84274441078295,1.0049109375,1174.5134946905625,0.0,0.0,0.0,0.0,584386.86,1174.5134946905625,583212.3465053095,0.002009821875
2025-04,JP01,Spare Parts,C073,Nova JP01,Core,2.219815,45,840920.75,0.0,0.0,0.0,0.0,840920.75,0.0,0.0,14.869956294930288,0.8982199375,1510.6635670149062,0.0,0.0,0.0,0.0,840920.75,1510.6635670149062,839410.0864329851,0.001796439875
2025-04,JP01,Spare Parts,C072,Vertex JP01,Strategic,1.1821099999999998,45,568193.64,0.0,0.0,0.0,0.0,568193.64,0.0,0.0,0.0,0.7295928749999999,829.1000627286301,0.0,0.0,0.0,0.0,568193.64,829.1000627286301,567364.5399372714,0.00145918575
2025-04,US01,Events,C052,Redwood US01,Growth,2.88081,30,699547.6600000004,0.0,0.0,0.0,0.0,699547.6600000004,0.0,0.0,9.250192903225507,1.005631625,1406.9745001814956,0.0,0.0,0.0,0.0,699547.6600000004,1406.9745001814956,698140.6854998189,0.00201126325
2025-04,US01,Events,C048,Northstar US01,Growth,3.1211550000000003,30,183741.85,0.0,0.0,0.0,0.0,183741.85,0.0,0.0,0.0,1.0446876875000002,383.9056967469438,0.0,0.0,0.0,0.0,183741.85,383.9056967469438,183357.94430325305,0.0020893753750000003
2025-04,US01,Events,C049,Kestrel US01,Strategic,1.447995,30,645908.66,0.0,0.0,0.0,0.0,645908.66,0.0,0.0,0.0,0.7727991875,998.3153752944276,0.0,0.0,0.0,0.0,645908.66,998.3153752944276,644910.3446247056,0.001545598375
2025-04,US01,Events,C050,Helix US01,Growth,2.8449999999999998,30,400612.14,0.0,0.0,0.0,0.0,400612.14,0.0,0.0,0.0,0.9998125,801.0740504475,0.0,0.0,0.0,0.0,400612.14,801.0740504475,399811.0659495525,0.001999625
2025-04,US01,Events,C051,Vector US01,Growth,2.8275900000000003,30,493064.37,0.0,0.0,0.0,0.0,493064.37,0.0,0.0,0.0,0.9969833750000001,983.1539593896977,0.0,0.0,0.0,0.0,493064.37,983.1539593896977,492081.2160406103,0.0019939667500000003
2025-04,US01,Hardware,C041,Summit US01,Growth,2.82761,45,1321938.75,0.0,0.0,0.0,0.0,1321938.75,0.0,0.0,14.98274069051989,0.996986625,2635.9105056384374,0.0,0.0,0.0,0.0,1321938.75,2635.9105056384374,1319302.8394943615,0.00199397325
2025-04,US01,Hardware,C042,Cobalt US01,Growth,2.902705,45,795263.8400000001,0.0,0.0,0.0,0.0,795263.8400000001,0.0,0.0,14.98274082221568,1.0091895625,1605.1439335233401,0.0,0.0,0.0,0.0,795263.8400000001,1605.1439335233401,793658.6960664768,0.0020183791249999998
2025-04,US01,Hardware,C043,Vertex US01,Core,2.0013,45,1092803.5199999975,0.0,0.0,0.0,0.0,1092803.5199999975,0.0,0.0,13.875143081530299,0.86271125,1885.5477814871956,0.0,0.0,0.0,0.0,1092803.5199999975,1885.5477814871956,1090917.9722185102,0.0017254225
2025-04,US01,Hardware,C044,Nova US01,Core,2.11017,45,1489810.5899999999,0.0,0.0,0.0,0.0,1489810.5899999999,0.0,0.0,15.391881326336929,0.880402625,2623.266308377597,0.0,0.0,0.0,0.0,1489810.5899999999,2623.266308377597,1487187.3236916224,0.0017608052499999997
2025-04,US01,Hardware,C046,Orion US01,Core,2.182275,45,2051683.63,0.0,0.0,0.0,0.0,2051683.63,0.0,0.0,15.3189470542298,0.8921196875,3660.694717688931,0.0,0.0,0.0,0.0,2051683.63,3660.694717688931,2048022.935282311,0.001784239375
2025-04,US01,Hardware,C047,Atlas US01,Core,2.2454699999999996,45,2210335.5999999996,0.0,0.0,0.0,0.0,2210335.5999999996,0.0,0.0,15.439710422254434,0.902388875,3989.1645109129,0.0,0.0,0.0,0.0,2210335.5999999996,3989.1645109129,2206346.435489087,0.0018047777500000003
2025-04,US01,Hardware,C045,Meridian US01,Strategic,1.0499999999999998,45,965434.17,0.0,0.0,0.0,0.0,965434.17,0.0,0.0,0.0,0.7081249999999999,1367.2961432625,0.0,0.0,0.0,0.0,965434.17,1367.2961432625,964066.8738567375,0.00141625
2025-04,US01,Software,C034,Kestrel US01,Growth,2.9399699999999998,30,94030.44,0.0,0.0,0.0,0.0,94030.44,0.0,0.0,0.0,1.0152451249999999,190.92789162320997,0.0,0.0,0.0,0.0,94030.44,190.92789162320997,93839.51210837679,0.0020304902499999997
2025-04,US01,Software,C035,Helix US01,Core,2.18574,30,103938.69,0.0,0.0,0.0,0.0,103938.69,0.0,0.0,0.0,0.89268275,185.568551241195,0.0,0.0,0.0,0.0,103938.69,185.568551241195,103753.1214487588,0.0017853654999999999
2025-04,US01,Software,C036,Vector US01,Growth,3.016975,30,81854.3,0.0,0.0,0.0,0.0,81854.3,0.0,0.0,0.0,1.0277584375,168.25289494131252,0.0,0.0,0.0,0.0,81854.3,168.25289494131252,81686.0471050587,0.0020555168750000003
2025-04,US01,Software,C037,Redwood US01,Core,2.305165,30,130899.84999999999,0.0,0.0,0.0,0.0,130899.84999999999,0.0,0.0,0.0,0.9120893125,238.78470838570624,0.0,0.0,0.0,0.0,130899.84999999999,238.78470838570624,130661.06529161429,0.001824178625
2025-04,US01,Software,C038,Pioneer US01,Strategic,1.2493699999999999,30,85200.97000000013,0.0,0.0,0.0,0.0,85200.97000000013,0.0,0.0,0.0,0.740522625,126.18649191389271,0.0,0.0,0.0,0.0,85200.97000000013,126.18649191389271,85074.78350808624,0.0014810452500000001
2025-04,US01,Software,C039,Keystone US01,Strategic,1.335245,30,203004.62,0.0,0.0,0.0,0.0,203004.62,0.0,0.0,0.0,0.7544773124999999,306.3247602453675,0.0,0.0,0.0,0.0,203004.62,306.3247602453675,202698.29523975463,0.001508954625
2025-04,US01,Software,C040,Axiom US01,Growth,2.8075,30,68992.6,0.0,0.0,0.0,0.0,68992.6,0.0,0.0,0.0,0.99371875,137.11848046250003,0.0,0.0,0.0,0.0,68992.6,137.11848046250003,68855.48151953751,0.0019874375000000005
2025-05,DE01,Hardware,C010,Keystone DE01,Growth,3.8942900000000003,45,765442.9,367224.15,0.0,0.0,0.0,1132667.05,367224.15,0.324211912053061,28.360635987424544,1.1703221250000002,1791.6295225883252,4297.705475793188,0.0,0.0,0.0,1132667.05,6089.334998381513,1126577.7150016185,0.005376103240914012
2025-05,DE01,Hardware,C008,Redwood DE01,Core,2.225305,45,924665.77,0.0,0.0,0.0,0.0,924665.77,0.0,0.0,13.317121169090102,0.8991120625,1662.7562951757013,0.0,0.0,0.0,0.0,924665.77,1662.7562951757013,923003.0137048243,0.0017982241250000001
2025-05,DE01,Hardware,C009,Pioneer DE01,Strategic,1.306745,45,1717449.72,0.0,0.0,0.0,0.0,1717449.72,0.0,0.0,15.163074468346007,0.7498460625,2575.645820167455,0.0,0.0,0.0,0.0,1717449.72,2575.645820167455,1714874.0741798326,0.001499692125
2025-05,DE01,Hardware,C011,Axiom DE01,Strategic,1.0,45,1852078.4899999986,0.0,0.0,0.0,0.0,1852078.4899999986,0.0,0.0,7.43374229242302,0.7,2592.909885999998,0.0,0.0,0.0,0.0,1852078.4899999986,2592.909885999998,1849485.5801139986,0.0014
2025-05,DE01,Hardware,C012,Northstar DE01,Growth,2.752895,45,924609.5700000001,0.0,0.0,0.0,0.0,924609.5700000001,0.0,0.0,15.017445796067198,0.9848454375,1821.1950329666738,0.0,0.0,0.0,0.0,924609.5700000001,1821.1950329666738,922788.3749670334,0.001969690875
2025-05,DE01,Hardware,C013,Kestrel DE01,Core,1.8694799999999998,45,1544676.23,0.0,0.0,0.0,0.0,1544676.23,0.0,0.0,14.64627218352418,0.8412904999999999,2599.0428757496297,0.0,0.0,0.0,0.0,1544676.23,2599.0428757496297,1542077.1871242505,0.0016825809999999998
2025-05,DE01,Hardware,C014,Helix DE01,Core,2.0470550000000003,45,1279332.23,0.0,0.0,0.0,0.0,1279332.23,0.0,0.0,14.154577892561965,0.8701464375000001,2226.4127646268616,0.0,0.0,0.0,0.0,1279332.23,2226.4127646268616,1277105.8172353732,0.0017402928750000002
2025-05,DE01,Software,C001,Meridian DE01,Growth,3.922925,30,137707.83000000002,0.0,0.0,0.0,0.0,137707.83000000002,0.0,0.0,15.15599004065346,1.1749753125,323.6066011758938,0.0,0.0,0.0,0.0,137707.83000000002,323.6066011758938,137384.22339882414,0.002349950625
2025-05,DE01,Software,C002,Orion DE01,Core,1.8911449999999999,30,96008.42,0.0,0.0,0.0,0.0,96008.42,0.0,0.0,0.0,0.8448110624999999,162.2179506182925,0.0,0.0,0.0,0.0,96008.42,162.2179506182925,95846.20204938171,0.001689622125
2025-05,DE01,Software,C003,Atlas DE01,Growth,2.7558400000000005,30,53614.54,0.0,0.0,0.0,0.0,53614.54,0.0,0.0,0.0,0.9853240000000001,105.65538602192002,0.0,0.0,0.0,0.0,53614.54,105.65538602192002,53508.88461397808,0.001970648
2025-05,DE01,Software,C004,Nimbus DE01,Strategic,1.0,30,63537.86999999982,0.0,0.0,0.0,0.0,63537.86999999982,0.0,0.0,0.0,0.7,88.95301799999974,0.0,0.0,0.0,0.0,63537.86999999982,88.95301799999974,63448.91698199982,0.0014
2025-05,DE01,Software,C005,Summit DE01,Core,2.047655,30,86642.94,0.0,0.0,0.0,0.0,86642.94,0.0,0.0,0.0,0.8702439375,150.8009865243525,0.0,0.0,0.0,0.0,86642.94,150.8009865243525,86492.13901347565,0.0017404878750000002
2025-05,DE01,Software,C006,Cobalt DE01,Core,2.081205,30,104601.61,0.0,0.0,0.0,0.0,104601.61,0.0,0.0,0.0,0.8756958125000001,183.1983837155163,0.0,0.0,0.0,0.0,104601.61,183.1983837155163,104418.41161628449,0.0017513916250000003
2025-05,DE01,Software,C007,Vertex DE01,Core,2.185245,30,80018.69,0.0,0.0,0.0,0.0,80018.69,0.0,0.0,0.0,0.8926023125,142.84973547444127,0.0,0.0,0.0,0.0,80018.69,142.84973547444127,79875.84026452556,0.0017852046250000002
2025-05,ES01,Events,C025,Keystone ES01,Core,2.0810400000000002,30,626603.3800000005,0.0,0.0,0.0,0.0,626603.3800000005,0.0,0.0,11.414485986334782,0.875669,1097.3943103224408,0.0,0.0,0.0,0.0,626603.3800000005,1097.3943103224408,625505.985689678,0.0017513379999999999
2025-05,ES01,Events,C022,Vector ES01,Strategic,1.0,30,634015.53,0.0,0.0,0.0,0.0,634015.53,0.0,0.0,0.0,0.7,887.6217419999999,0.0,0.0,0.0,0.0,634015.53,887.6217419999999,633127.908258,0.0013999999999999998
2025-05,ES01,Events,C023,Redwood ES01,Growth,2.795945,30,361681.73,0.0,0.0,0.0,0.0,361681.73,0.0,0.0,0.0,0.9918410625,717.4615827400763,0.0,0.0,0.0,0.0,361681.73,717.4615827400763,360964.2684172599,0.0019836821250000004
2025-05,ES01,Events,C024,Pioneer ES01,Strategic,1.02279,30,1147003.72,0.0,0.0,0.0,0.0,1147003.72,0.0,0.0,0.0,0.703703375,1614.30077780311,0.0,0.0,0.0,0.0,1147003.72,1614.30077780311,1145389.4192221968,0.00140740675
2025-05,ES01,Events,C026,Axiom ES01,Core,2.21812,30,160696.63,0.0,0.0,0.0,0.0,160696.63,0.0,0.0,0.0,0.8979444999999999,288.59331015406997,0.0,0.0,0.0,0.0,160696.63,288.59331015406997,160408.03668984593,0.0017958889999999997
2025-05,ES01,Hardware,C015,Nova ES01,Strategic,1.134235,45,1271634.28,0.0,0.0,0.0,0.0,1271634.28,0.0,0.0,14.026412531124908,0.7218131875,1835.764785962135,0.0,0.0,0.0,0.0,1271634.28,1835.764785962135,1269798.5152140378,0.001443626375
2025-05,ES01,Hardware,C016,Meridian ES01,Core,2.18475,45,673141.8300000001,0.0,0.0,0.0,0.0,673141.8300000001,0.0,0.0,14.455095295444647,0.892521875,1201.5876165050627,0.0,0.0,0.0,0.0,673141.8300000001,1201.5876165050627,671940.242383495,0.00178504375
2025-05,ES01,Hardware,C017,Orion ES01,Strategic,1.2359149999999999,45,1884514.75,0.0,0.0,0.0,0.0,1884514.75,0.0,0.0,15.128042006569595,0.7383361875,2782.810871605031,0.0,0.0,0.0,0.0,1884514.75,2782.810871605031,1881731.939128395,0.0014766723749999999
2025-05,ES01,Hardware,C018,Atlas ES01,Strategic,1.285565,45,1450417.06,0.0,0.0,0.0,0.0,1450417.06,0.0,0.0,14.47055090485491,0.7464043125,2165.1950970151424,0.0,0.0,0.0,0.0,1450417.06,2165.1950970151424,1448251.8649029848,0.0014928086249999999
2025-05,ES01,Hardware,C019,Nimbus ES01,Core,2.209905,45,980580.97,0.0,0.0,0.0,0.0,980580.97,0.0,0.0,15.587973627511863,0.8966095625,1758.3965490150513,0.0,0.0,0.0,0.0,980580.97,1758.3965490150513,978822.5734509849,0.0017932191250000001
2025-05,ES01,Hardware,C020,Summit ES01,Strategic,1.0,45,1576381.3300000005,0.0,0.0,0.0,0.0,1576381.3300000005,0.0,0.0,9.149943941546184,0.7,2206.9338620000008,0.0,0.0,0.0,0.0,1576381.3300000005,2206.9338620000008,1574174.3961380005,0.0014
2025-05,ES01,Hardware,C021,Cobalt ES01,Core,1.9086199999999998,45,765051.38,0.0,0.0,0.0,0.0,765051.38,0.0,0.0,13.754610703401385,0.8476507499999999,1296.9927520910699,0.0,0.0,0.0,0.0,765051.38,1296.9927520910699,763754.387247909,0.0016953014999999997
2025-05,ES01,Spare Parts,C027,Cobalt ES01,Core,2.25286,45,503963.26999999885,0.0,0.0,0.0,0.0,503963.26999999885,0.0,0.0,9.234731927983512,0.9035897500000001,910.752090296963,0.0,0.0,0.0,0.0,503963.26999999885,910.752090296963,503052.5179097019,0.0018071795000000003
2025-05,ES01,Spare Parts,C028,Vertex ES01,Growth,3.0423750000000003,45,645715.62,0.0,0.0,0.0,0.0,645715.62,0.0,0.0,15.21446345064411,1.0318859375,1332.6097358041877,0.0,0.0,0.0,0.0,645715.62,1332.6097358041877,644383.0102641959,0.0020637718750000002
2025-05,ES01,Spare Parts,C029,Nova ES01,Core,2.341555,45,546779.52,0.0,0.0,0.0,0.0,546779.52,0.0,0.0,14.822345943022885,0.9180026875,1003.8901376599201,0.0,0.0,0.0,0.0,546779.52,1003.8901376599201,545775.62986234,0.0018360053750000002
2025-05,ES01,Spare Parts,C030,Meridian ES01,Growth,2.7239050000000002,45,377630.82999999996,0.0,0.0,0.0,0.0,377630.82999999996,0.0,0.0,15.114690980077025,0.9801345625,740.2580566971236,0.0,0.0,0.0,0.0,377630.82999999996,740.2580566971236,376890.5719433028,0.0019602691249999997
2025-05,ES01,Spare Parts,C031,Orion ES01,Growth,2.81174,45,396214.15,0.0,0.0,0.0,0.0,396214.15,0.0,0.0,14.53766100983521,0.9944077499999999,787.9968428393249,0.0,0.0,0.0,0.0,396214.15,787.9968428393249,395426.1531571607,0.0019888155
2025-05,ES01,Spare Parts,C033,Nimbus ES01,Growth,2.8488800000000003,45,364705.19,0.0,0.0,0.0,0.0,364705.19,0.0,0.0,14.967179381242147,1.0004430000000002,729.7335087983402,0.0,0.0,0.0,0.0,364705.19,729.7335087983402,363975.45649120165,0.0020008860000000003
2025-05,ES01,Spare Parts,C032,Atlas ES01,Core,2.0051500000000004,45,457420.26,0.0,0.0,0.0,0.0,457420.26,0.0,0.0,0.0,0.8633368750000001,789.8155556601752,0.0,0.0,0.0,0.0,457420.26,789.8155556601752,456630.44444433984,0.0017266737500000002
2025-05,JP01,Hardware,C060,Keystone JP01,Growth,2.7943000000000002,45,1128117.8,0.0,0.0,0.0,0.0,1128117.8,0.0,0.0,14.59961707899654,0.99157375,2237.2239947755,0.0,0.0,0.0,0.0,1128117.8,2237.2239947755,1125880.5760052246,0.0019831475
2025-05,JP01,Hardware,C061,Axiom JP01,Core,1.97168,45,862563.4699999995,0.0,0.0,0.0,0.0,862563.4699999995,0.0,0.0,6.086351767250226,0.857898,1479.9829515721192,0.0,0.0,0.0,0.0,862563.4699999995,1479.9829515721192,861083.4870484273,0.0017157960000000001
2025-05,JP01,Hardware,C062,Northstar JP01,Growth,2.8876500000000003,45,1211907.7000000002,0.0,0.0,0.0,0.0,1211907.7000000002,0.0,0.0,14.637471401493693,1.006743125,2440.1594902191255,0.0,0.0,0.0,0.0,1211907.7000000002,2440.1594902191255,1209467.540509781,0.00201348625
2025-05,JP01,Hardware,C063,Kestrel JP01,Growth,2.933765,45,886430.76,0.0,0.0,0.0,0.0,886430.76,0.0,0.0,15.554029736061958,1.0142368125,1798.1014170487053,0.0,0.0,0.0,0.0,886430.76,1798.1014170487053,884632.6585829513,0.0020284736250000004
2025-05,JP01,Hardware,C064,Helix JP01,Growth,3.0409900000000003,45,492084.76,0.0,0.0,0.0,0.0,492084.76,0.0,0.0,12.74492447195479,1.031660875,1015.32918815153,0.0,0.0,0.0,0.0,492084.76,1015.32918815153,491069.4308118485,0.00206332175
2025-05,JP01,Hardware,C065,Vector JP01,Growth,3.1325000000000003,45,464319.94999999995,0.0,0.0,0.0,0.0,464319.94999999995,0.0,0.0,17.178282776779245,1.0465312500000001,971.850675346875,0.0,0.0,0.0,0.0,464319.94999999995,971.850675346875,463348.0993246531,0.0020930625000000003
2025-05,JP01,Hardware,C066,Redwood JP01,Growth,3.086145,45,946107.7,0.0,0.0,0.0,0.0,946107.7,0.0,0.0,15.017445899658147,1.0389985625,1966.0090805403624,0.0,0.0,0.0,0.0,946107.7,1966.0090805403624,944141.6909194596,0.002077997125
2025-05,JP01,Software,C053,Atlas JP01,Core,2.188565,30,54588.07,0.0,0.0,0.0,0.0,54588.07,0.0,0.0,0.0,0.8931418125,97.50977556135375,0.0,0.0,0.0,0.0,54588.07,97.50977556135375,54490.56022443865,0.001786283625
2025-05,JP01,Software,C054,Nimbus JP01,Core,2.16125,30,84623.32,0.0,0.0,0.0,0.0,84623.32,0.0,0.0,0.0,0.8887031249999999,150.41001786375,0.0,0.0,0.0,0.0,84623.32,150.41001786375,84472.90998213626,0.00177740625
2025-05,JP01,Software,C055,Summit JP01,Strategic,1.29925,30,16659.890000000225,0.0,0.0,0.0,0.0,16659.890000000225,0.0,0.0,0.0,0.748628125,24.944124426812834,0.0,0.0,0.0,0.0,16659.890000000225,24.944124426812834,16634.945875573412,0.0014972562499999998
2025-05,JP01,Software,C056,Cobalt JP01,Core,2.1768300000000003,30,123621.05,0.0,0.0,0.0,0.0,123621.05,0.0,0.0,0.0,0.8912348750000001,220.35078208823754,0.0,0.0,0.0,0.0,123621.05,220.35078208823754,123400.69921791177,0.0017824697500000003
2025-05,JP01,Software,C057,Vertex JP01,Core,2.26337,30,89459.56,0.0,0.0,0.0,0.0,89459.56,0.0,0.0,0.0,0.905297625,161.97505440308998,0.0,0.0,0.0,0.0,89459.56,161.97505440308998,89297.58494559691,0.0018105952499999998
2025-05,JP01,Software,C058,Nova JP01,Core,2.3047950000000004,30,89034.17,0.0,0.0,0.0,0.0,89034.17,0.0,0.0,0.0,0.9120291875000001,162.40352344967377,0.0,0.0,0.0,0.0,89034.17,162.40352344967377,88871.76647655033,0.0018240583750000002
2025-05,JP01,Software,C059,Meridian JP01,Growth,3.295,30,50030.99,0.0,0.0,0.0,0.0,50030.99,0.0,0.0,0.0,1.0729375,107.36025066625,0.0,0.0,0.0,0.0,50030.99,107.36025066625,49923.62974933375,0.002145875
2025-05,JP01,Spare Parts,C067,Orion JP01,Core,2.41448,45,544681.06,0.0,0.0,0.0,0.0,544681.06,0.0,0.0,14.809272237224475,0.929853,1012.9466353683603,0.0,0.0,0.0,0.0,544681.06,1012.9466353683603,543668.1133646317,0.0018597060000000002
2025-05,JP01,Spare Parts,C068,Atlas JP01,Core,2.34401,45,810052.19,0.0,0.0,0.0,0.0,810052.19,0.0,0.0,14.79428603236046,0.918401625,1487.9064952616175,0.0,0.0,0.0,0.0,810052.19,1487.9064952616175,808564.2835047384,0.00183680325
2025-05,JP01,Spare Parts,C069,Nimbus JP01,Growth,3.28588,45,545588.22,0.0,0.0,0.0,0.0,545588.22,0.0,0.0,14.733874569359289,1.0714555000000001,1169.1469981084201,0.0,0.0,0.0,0.0,545588.22,1169.1469981084201,544419.0730018916,0.0021429110000000004
2025-05,JP01,Spare Parts,C070,Summit JP01,Core,1.9708350000000001,45,627890.6900000004,0.0,0.0,0.0,0.0,627890.6900000004,0.0,0.0,8.006457939358857,0.8577606875,1077.1598998584996,0.0,0.0,0.0,0.0,627890.6900000004,1077.1598998584996,626813.5301001419,0.0017155213750000003
2025-05,JP01,Spare Parts,C071,Cobalt JP01,Growth,2.876375,45,603399.75,0.0,0.0,0.0,0.0,603399.75,0.0,0.0,14.679656396940834,1.0049109375,1212.7260169195313,0.0,0.0,0.0,0.0,603399.75,1212.7260169195313,602187.0239830805,0.002009821875
2025-05,JP01,Spare Parts,C073,Nova JP01,Core,2.219815,45,841515.21,0.0,0.0,0.0,0.0,841515.21,0.0,0.0,15.119355596674245,0.8982199375,1511.7314786629988,0.0,0.0,0.0,0.0,841515.21,1511.7314786629988,840003.4785213369,0.0017964398750000001
2025-05,JP01,Spare Parts,C072,Vertex JP01,Strategic,1.1821099999999998,45,584968.84,0.0,0.0,0.0,0.0,584968.84,0.0,0.0,0.0,0.7295928749999999,853.5781955220299,0.0,0.0,0.0,0.0,584968.84,853.5781955220299,584115.2618044779,0.0014591857499999998
2025-05,US01,Events,C048,Northstar US01,Growth,3.1211550000000003,30,311056.45000000077,0.0,0.0,0.0,0.0,311056.45000000077,0.0,0.0,3.6429622340254353,1.0446876875000002,649.9136868649205,0.0,0.0,0.0,0.0,311056.45000000077,649.9136868649205,310406.5363131359,0.0020893753750000003
2025-05,US01,Events,C049,Kestrel US01,Strategic,1.447995,30,1006659.93,0.0,0.0,0.0,0.0,1006659.93,0.0,0.0,0.0,0.7727991875,1555.8919519856138,0.0,0.0,0.0,0.0,1006659.93,1555.8919519856138,1005104.0380480144,0.001545598375
2025-05,US01,Events,C050,Helix US01,Growth,2.8449999999999998,30,820031.97,0.0,0.0,0.0,0.0,820031.97,0.0,0.0,0.0,0.9998125,1639.75642801125,0.0,0.0,0.0,0.0,820031.97,1639.75642801125,818392.2135719887,0.001999625
2025-05,US01,Events,C051,Vector US01,Growth,2.8275900000000003,30,314730.73,0.0,0.0,0.0,0.0,314730.73,0.0,0.0,0.0,0.9969833750000001,627.5626108232276,0.0,0.0,0.0,0.0,314730.73,627.5626108232276,314103.1673891767,0.0019939667500000003
2025-05,US01,Events,C052,Redwood US01,Growth,2.88081,30,655247.99,0.0,0.0,0.0,0.0,655247.99,0.0,0.0,0.0,1.005631625,1317.8762019233673,0.0,0.0,0.0,0.0,655247.99,1317.8762019233673,653930.1137980766,0.0020112632499999995
2025-05,US01,Hardware,C041,Summit US01,Growth,2.82761,45,1321922.32,0.0,0.0,0.0,0.0,1321922.32,0.0,0.0,15.017445957036264,0.996986625,2635.87774465794,0.0,0.0,0.0,0.0,1321922.32,2635.87774465794,1319286.4422553421,0.00199397325
2025-05,US01,Hardware,C042,Cobalt US01,Growth,2.902705,45,795253.96,0.0,0.0,0.0,0.0,795253.96,0.0,0.0,15.017445747770939,1.0091895625,1605.123991937585,0.0,0.0,0.0,0.0,795253.96,1605.123991937585,793648.8360080624,0.002018379125
2025-05,US01,Hardware,C043,Vertex US01,Core,2.0013,45,1177597.4900000002,0.0,0.0,0.0,0.0,1177597.4900000002,0.0,0.0,14.963772044045372,0.86271125,2031.8532051895256,0.0,0.0,0.0,0.0,1177597.4900000002,2031.8532051895256,1175565.6367948106,0.0017254225000000003
2025-05,US01,Hardware,C044,Nova US01,Core,2.11017,45,1468741.2799999998,0.0,0.0,0.0,0.0,1468741.2799999998,0.0,0.0,14.817674287741134,0.880402625,2586.1673567157195,0.0,0.0,0.0,0.0,1468741.2799999998,2586.1673567157195,1466155.112643284,0.00176080525
2025-05,US01,Hardware,C045,Meridian US01,Strategic,1.0499999999999998,45,1307967.829999997,0.0,0.0,0.0,0.0,1307967.829999997,0.0,0.0,5.695607284163808,0.7081249999999999,1852.4094392374957,0.0,0.0,0.0,0.0,1307967.829999997,1852.4094392374957,1306115.4205607595,0.00141625
2025-05,US01,Hardware,C046,Orion US01,Core,2.182275,45,2056083.1199999999,0.0,0.0,0.0,0.0,2056083.1199999999,0.0,0.0,14.649639261665648,0.8921196875,3668.5444609768497,0.0,0.0,0.0,0.0,2056083.1199999999,3668.5444609768497,2052414.575539023,0.001784239375
2025-05,US01,Hardware,C047,Atlas US01,Core,2.2454699999999996,45,2207512.16,0.0,0.0,0.0,0.0,2207512.16,0.0,0.0,14.578912398833625,0.902388875,3984.0688292224404,0.0,0.0,0.0,0.0,2207512.16,3984.0688292224404,2203528.0911707776,0.00180477775
2025-05,US01,Software,C034,Kestrel US01,Growth,2.9399699999999998,30,92188.57,0.0,0.0,0.0,0.0,92188.57,0.0,0.0,0.0,1.0152451249999999,187.1879925464425,0.0,0.0,0.0,0.0,92188.57,187.1879925464425,92001.38200745356,0.0020304902499999997
2025-05,US01,Software,C035,Helix US01,Core,2.18574,30,104155.40000000001,0.0,0.0,0.0,0.0,104155.40000000001,0.0,0.0,0.0,0.89268275,185.95545779870002,0.0,0.0,0.0,0.0,104155.40000000001,185.95545779870002,103969.44454220131,0.0017853655
2025-05,US01,Software,C036,Vector US01,Growth,3.016975,30,83152.14,0.0,0.0,0.0,0.0,83152.14,0.0,0.0,0.0,1.0277584375,170.9206269623625,0.0,0.0,0.0,0.0,83152.14,170.9206269623625,82981.21937303763,0.002055516875
2025-05,US01,Software,C037,Redwood US01,Core,2.305165,30,126757.0,0.0,0.0,0.0,0.0,126757.0,0.0,0.0,0.0,0.9120893125,231.227409969125,0.0,0.0,0.0,0.0,126757.0,231.227409969125,126525.77259003087,0.001824178625
2025-05,US01,Software,C038,Pioneer US01,Strategic,1.2493699999999999,30,87538.3700000002,0.0,0.0,0.0,0.0,87538.3700000002,0.0,0.0,0.0,0.740522625,129.64828708124278,0.0,0.0,0.0,0.0,87538.3700000002,129.64828708124278,87408.72171291895,0.00148104525
2025-05,US01,Software,C039,Keystone US01,Strategic,1.335245,30,215570.34,0.0,0.0,0.0,0.0,215570.34,0.0,0.0,0.0,0.7544773124999999,325.28586155582246,0.0,0.0,0.0,0.0,215570.34,325.28586155582246,215245.05413844416,0.001508954625
2025-05,US01,Software,C040,Axiom US01,Growth,2.8075,30,71907.33,0.0,0.0,0.0,0.0,71907.33,0.0,0.0,0.0,0.99371875,142.911324166875,0.0,0.0,0.0,0.0,71907.33,142.911324166875,71764.41867583312,0.0019874375
2025-06,DE01,Hardware,C010,Keystone DE01,Growth,3.8942900000000003,45,831483.62,336323.63,0.0,0.0,0.0,1167807.25,336323.63,0.28799584006692885,28.303468658890413,1.1703221250000002,1946.2073541221853,3936.0698534931385,0.0,0.0,0.0,1167807.25,5882.277207615323,1161924.9727923847,0.005037027478306307
2025-06,DE01,Hardware,C008,Redwood DE01,Core,2.225305,45,976412.9,0.0,0.0,0.0,0.0,976412.9,0.0,0.0,15.798733302274067,0.8991120625,1755.8092327412126,0.0,0.0,0.0,0.0,976412.9,1755.8092327412126,974657.0907672588,0.0017982241250000001
2025-06,DE01,Hardware,C009,Pioneer DE01,Strategic,1.306745,45,1729253.42,0.0,0.0,0.0,0.0,1729253.42,0.0,0.0,14.73565025535702,0.7498460625,2593.3477361033174,0.0,0.0,0.0,0.0,1729253.42,2593.3477361033174,1726660.0722638967,0.001499692125
2025-06,DE01,Hardware,C011,Axiom DE01,Strategic,1.0,45,1710118.8999999994,0.0,0.0,0.0,0.0,1710118.8999999994,0.0,0.0,3.587011113671677,0.7,2394.166459999999,0.0,0.0,0.0,0.0,1710118.8999999994,2394.166459999999,1707724.7335399995,0.0013999999999999998
2025-06,DE01,Hardware,C012,Northstar DE01,Growth,2.752895,45,925237.98,0.0,0.0,0.0,0.0,925237.98,0.0,0.0,14.972378241541707,0.9848454375,1822.4328064094325,0.0,0.0,0.0,0.0,925237.98,1822.4328064094325,923415.5471935906,0.001969690875
2025-06,DE01,Hardware,C013,Kestrel DE01,Core,1.8694799999999998,45,1583954.82,0.0,0.0,0.0,0.0,1583954.82,0.0,0.0,14.972989191699295,0.8412904999999999,2665.13228499042,0.0,0.0,0.0,0.0,1583954.82,2665.13228499042,1581289.6877150096,0.0016825809999999998
2025-06,DE01,Hardware,C014,Helix DE01,Core,2.0470550000000003,45,1282615.4500000002,0.0,0.0,0.0,0.0,1282615.4500000002,0.0,0.0,15.80486123101043,0.8701464375000001,2232.126528999919,0.0,0.0,0.0,0.0,1282615.4500000002,2232.126528999919,1280383.3234710002,0.001740292875
2025-06,DE01,Software,C001,Meridian DE01,Growth,3.922925,30,137884.62,0.0,0.0,0.0,0.0,137884.62,0.0,0.0,14.82497757908025,1.1749753125,324.02204894688754,0.0,0.0,0.0,0.0,137884.62,324.02204894688754,137560.59795105312,0.0023499506250000005
2025-06,DE01,Software,C002,Orion DE01,Core,1.8911449999999999,30,100233.78,0.0,0.0,0.0,0.0,100233.78,0.0,0.0,0.0,0.8448110624999999,169.35721236038248,0.0,0.0,0.0,0.0,100233.78,169.35721236038248,100064.42278763962,0.0016896221249999997
2025-06,DE01,Software,C003,Atlas DE01,Growth,2.7558400000000005,30,55402.67,0.0,0.0,0.0,0.0,55402.67,0.0,0.0,0.0,0.9853240000000001,109.17916083016001,0.0,0.0,0.0,0.0,55402.67,109.17916083016001,55293.49083916984,0.001970648
2025-06,DE01,Software,C004,Nimbus DE01,Strategic,1.0,30,64913.36999999985,0.0,0.0,0.0,0.0,64913.36999999985,0.0,0.0,0.0,0.7,90.87871799999978,0.0,0.0,0.0,0.0,64913.36999999985,90.87871799999978,64822.49128199985,0.0013999999999999998
2025-06,DE01,Software,C005,Summit DE01,Core,2.047655,30,84590.83,0.0,0.0,0.0,0.0,84590.83,0.0,0.0,0.0,0.8702439375,147.22931395118624,0.0,0.0,0.0,0.0,84590.83,147.22931395118624,84443.60068604881,0.001740487875
2025-06,DE01,Software,C006,Cobalt DE01,Core,2.081205,30,107392.48,0.0,0.0,0.0,0.0,107392.48,0.0,0.0,0.0,0.8756958125000001,188.08629005998,0.0,0.0,0.0,0.0,107392.48,188.08629005998,107204.39370994002,0.001751391625
2025-06,DE01,Software,C007,Vertex DE01,Core,2.185245,30,79400.3,0.0,0.0,0.0,0.0,79400.3,0.0,0.0,0.0,0.8926023125,141.7457827863875,0.0,0.0,0.0,0.0,79400.3,141.7457827863875,79258.55421721362,0.001785204625
2025-06,ES01,Events,C023,Redwood ES01,Growth,2.795945,30,168545.08000000037,0.0,0.0,0.0,0.0,168545.08000000037,0.0,0.0,14.158460751272036,0.9918410625,334.3398624526958,0.0,0.0,0.0,0.0,168545.08000000037,334.3398624526958,168210.74013754766,0.0019836821250000004
2025-06,ES01,Events,C022,Vector ES01,Strategic,1.0,30,1283466.01,0.0,0.0,0.0,0.0,1283466.01,0.0,0.0,0.0,0.7,1796.852414,0.0,0.0,0.0,0.0,1283466.01,1796.852414,1281669.157586,0.0014
2025-06,ES01,Events,C024,Pioneer ES01,Strategic,1.02279,30,1015867.04,0.0,0.0,0.0,0.0,1015867.04,0.0,0.0,0.0,0.703703375,1429.7381291985203,0.0,0.0,0.0,0.0,1015867.04,1429.7381291985203,1014437.3018708015,0.0014074067500000002
2025-06,ES01,Events,C025,Keystone ES01,Core,2.0810400000000002,30,664407.94,0.0,0.0,0.0,0.0,664407.94,0.0,0.0,0.0,0.875669,1163.60287282372,0.0,0.0,0.0,0.0,664407.94,1163.60287282372,663244.3371271762,0.001751338
2025-06,ES01,Events,C026,Axiom ES01,Core,2.21812,30,271185.16000000003,0.0,0.0,0.0,0.0,271185.16000000003,0.0,0.0,0.0,0.8979444999999999,487.01844580724,0.0,0.0,0.0,0.0,271185.16000000003,487.01844580724,270698.1415541928,0.001795889
2025-06,ES01,Hardware,C015,Nova ES01,Strategic,1.134235,45,1399516.94,0.0,0.0,0.0,0.0,1399516.94,0.0,0.0,14.51398037382813,0.7218131875,2020.3795668432924,0.0,0.0,0.0,0.0,1399516.94,2020.3795668432924,1397496.5604331566,0.001443626375
2025-06,ES01,Hardware,C016,Meridian ES01,Core,2.18475,45,698881.98,0.0,0.0,0.0,0.0,698881.98,0.0,0.0,14.9723785981719,0.892521875,1247.534910386625,0.0,0.0,0.0,0.0,698881.98,1247.534910386625,697634.4450896133,0.0017850437499999999
2025-06,ES01,Hardware,C017,Orion ES01,Strategic,1.2359149999999999,45,1887038.78,0.0,0.0,0.0,0.0,1887038.78,0.0,0.0,14.852065838307784,0.7383361875,2786.5380369797026,0.0,0.0,0.0,0.0,1887038.78,2786.5380369797026,1884252.2419630203,0.001476672375
2025-06,ES01,Hardware,C018,Atlas ES01,Strategic,1.285565,45,1501942.79,0.0,0.0,0.0,0.0,1501942.79,0.0,0.0,14.996694980639043,0.7464043125,2242.1131511685635,0.0,0.0,0.0,0.0,1501942.79,2242.1131511685635,1499700.6768488316,0.0014928086249999999
2025-06,ES01,Hardware,C019,Nimbus ES01,Core,2.209905,45,943882.06,0.0,0.0,0.0,0.0,943882.06,0.0,0.0,14.97237779898052,0.8966095625,1692.5873617363975,0.0,0.0,0.0,0.0,943882.06,1692.5873617363975,942189.4726382637,0.001793219125
2025-06,ES01,Hardware,C020,Summit ES01,Strategic,1.0,45,1553722.38,0.0,0.0,0.0,0.0,1553722.38,0.0,0.0,7.9279836980915475,0.7,2175.211332,0.0,0.0,0.0,0.0,1553722.38,2175.211332,1551547.1686679998,0.0014
2025-06,ES01,Hardware,C021,Cobalt ES01,Core,1.9086199999999998,45,830099.0900000001,0.0,0.0,0.0,0.0,830099.0900000001,0.0,0.0,14.972378177164366,0.8476507499999999,1407.268232425635,0.0,0.0,0.0,0.0,830099.0900000001,1407.268232425635,828691.8217675744,0.0016953015
2025-06,ES01,Spare Parts,C027,Cobalt ES01,Core,2.25286,45,540118.7599999986,0.0,0.0,0.0,0.0,540118.7599999986,0.0,0.0,10.521847639582035,0.9035897500000001,976.0915506374175,0.0,0.0,0.0,0.0,540118.7599999986,976.0915506374175,539142.6684493612,0.0018071795
2025-06,ES01,Spare Parts,C028,Vertex ES01,Growth,3.0423750000000003,45,655755.32,0.0,0.0,0.0,0.0,655755.32,0.0,0.0,14.559168044568818,1.0318859375,1353.329386297625,0.0,0.0,0.0,0.0,655755.32,1353.329386297625,654401.9906137023,0.0020637718750000002
2025-06,ES01,Spare Parts,C029,Nova ES01,Core,2.341555,45,553127.13,0.0,0.0,0.0,0.0,553127.13,0.0,0.0,15.003477410337835,0.9180026875,1015.5443837383237,0.0,0.0,0.0,0.0,553127.13,1015.5443837383237,552111.5856162617,0.001836005375
2025-06,ES01,Spare Parts,C030,Meridian ES01,Growth,2.7239050000000002,45,385583.45,0.0,0.0,0.0,0.0,385583.45,0.0,0.0,14.578301013697553,0.9801345625,755.8473321459812,0.0,0.0,0.0,0.0,385583.45,755.8473321459812,384827.60266785405,0.001960269125
2025-06,ES01,Spare Parts,C031,Orion ES01,Growth,2.81174,45,404962.38,0.0,0.0,0.0,0.0,404962.38,0.0,0.0,15.128312659561118,0.9944077499999999,805.3954582608899,0.0,0.0,0.0,0.0,404962.38,805.3954582608899,404156.9845417391,0.0019888155
2025-06,ES01,Spare Parts,C033,Nimbus ES01,Growth,2.8488800000000003,45,384184.14,0.0,0.0,0.0,0.0,384184.14,0.0,0.0,14.270624758221409,1.0004430000000002,768.7086671480401,0.0,0.0,0.0,0.0,384184.14,768.7086671480401,383415.431332852,0.0020008860000000003
2025-06,ES01,Spare Parts,C032,Atlas ES01,Core,2.0051500000000004,45,472871.04,0.0,0.0,0.0,0.0,472871.04,0.0,0.0,0.0,0.8633368750000001,816.4940119032001,0.0,0.0,0.0,0.0,472871.04,816.4940119032001,472054.5459880968,0.0017266737500000002
2025-06,JP01,Hardware,C060,Keystone JP01,Growth,2.7943000000000002,45,1189317.79,0.0,0.0,0.0,0.0,1189317.79,0.0,0.0,14.607909043385284,0.99157375,2358.5926019440253,0.0,0.0,0.0,0.0,1189317.79,2358.5926019440253,1186959.197398056,0.0019831475000000004
2025-06,JP01,Hardware,C061,Axiom JP01,Core,1.97168,45,830886.0399999997,0.0,0.0,0.0,0.0,830886.0399999997,0.0,0.0,5.1319463737770725,0.857898,1425.6309438878397,0.0,0.0,0.0,0.0,830886.0399999997,1425.6309438878397,829460.4090561118,0.0017157960000000003
2025-06,JP01,Hardware,C062,Northstar JP01,Growth,2.8876500000000003,45,1243487.6099999999,0.0,0.0,0.0,0.0,1243487.6099999999,0.0,0.0,14.972378132501056,1.006743125,2503.7452047803627,0.0,0.0,0.0,0.0,1243487.6099999999,2503.7452047803627,1240983.8647952196,0.0020134862500000004
2025-06,JP01,Hardware,C063,Kestrel JP01,Growth,2.933765,45,794703.1100000001,0.0,0.0,0.0,0.0,794703.1100000001,0.0,0.0,16.113378995081572,1.0142368125,1612.0342983404742,0.0,0.0,0.0,0.0,794703.1100000001,1612.0342983404742,793091.0757016597,0.0020284736250000004
2025-06,JP01,Hardware,C064,Helix JP01,Growth,3.0409900000000003,45,567711.96,0.0,0.0,0.0,0.0,567711.96,0.0,0.0,14.956457320363658,1.031660875,1171.37243480313,0.0,0.0,0.0,0.0,567711.96,1171.37243480313,566540.5875651968,0.0020633217500000004
2025-06,JP01,Hardware,C065,Vector JP01,Growth,3.1325000000000003,45,417029.72,0.0,0.0,0.0,0.0,417029.72,0.0,0.0,14.275671048097005,1.0465312500000001,872.8692683175001,0.0,0.0,0.0,0.0,417029.72,872.8692683175001,416156.8507316825,0.0020930625000000003
2025-06,JP01,Hardware,C066,Redwood JP01,Growth,3.086145,45,946750.7000000001,0.0,0.0,0.0,0.0,946750.7000000001,0.0,0.0,14.972378473023573,1.0389985625,1967.3452326917377,0.0,0.0,0.0,0.0,946750.7000000001,1967.3452326917377,944783.3547673083,0.002077997125
2025-06,JP01,Software,C053,Atlas JP01,Core,2.188565,30,58710.5,0.0,0.0,0.0,0.0,58710.5,0.0,0.0,0.0,0.8931418125,104.8736047655625,0.0,0.0,0.0,0.0,58710.5,104.8736047655625,58605.62639523444,0.0017862836250000002
2025-06,JP01,Software,C054,Nimbus JP01,Core,2.16125,30,87137.52,0.0,0.0,0.0,0.0,87137.52,0.0,0.0,0.0,0.8887031249999999,154.8787726575,0.0,0.0,0.0,0.0,87137.52,154.8787726575,86982.64122734251,0.00177740625
2025-06,JP01,Software,C055,Summit JP01,Strategic,1.29925,30,27064.45000000026,0.0,0.0,0.0,0.0,27064.45000000026,0.0,0.0,0.0,0.748628125,40.52241691531289,0.0,0.0,0.0,0.0,27064.45000000026,40.52241691531289,27023.927583084947,0.00149725625
2025-06,JP01,Software,C056,Cobalt JP01,Core,2.1768300000000003,30,123053.0,0.0,0.0,0.0,0.0,123053.0,0.0,0.0,0.0,0.8912348750000001,219.33825014675003,0.0,0.0,0.0,0.0,123053.0,219.33825014675003,122833.66174985324,0.0017824697500000003
2025-06,JP01,Software,C057,Vertex JP01,Core,2.26337,30,97955.91,0.0,0.0,0.0,0.0,97955.91,0.0,0.0,0.0,0.905297625,177.3585053554275,0.0,0.0,0.0,0.0,97955.91,177.3585053554275,97778.55149464458,0.00181059525
2025-06,JP01,Software,C058,Nova JP01,Core,2.3047950000000004,30,93167.29,0.0,0.0,0.0,0.0,93167.29,0.0,0.0,0.0,0.9120291875000001,169.94257560055374,0.0,0.0,0.0,0.0,93167.29,169.94257560055374,92997.34742439944,0.001824058375
2025-06,JP01,Software,C059,Meridian JP01,Growth,3.295,30,51789.66,0.0,0.0,0.0,0.0,51789.66,0.0,0.0,0.0,1.0729375,111.13413665250002,0.0,0.0,0.0,0.0,51789.66,111.13413665250002,51678.5258633475,0.002145875
2025-06,JP01,Spare Parts,C067,Orion JP01,Core,2.41448,45,559738.19,0.0,0.0,0.0,0.0,559738.19,0.0,0.0,14.782092499352244,0.929853,1040.9484703721398,0.0,0.0,0.0,0.0,559738.19,1040.9484703721398,558697.2415296278,0.0018597059999999998
2025-06,JP01,Spare Parts,C068,Atlas JP01,Core,2.34401,45,834191.46,0.0,0.0,0.0,0.0,834191.46,0.0,0.0,14.76570126958624,0.918401625,1532.245584850245,0.0,0.0,0.0,0.0,834191.46,1532.245584850245,832659.2144151498,0.00183680325
2025-06,JP01,Spare Parts,C069,Nimbus JP01,Growth,3.28588,45,562721.69,0.0,0.0,0.0,0.0,562721.69,0.0,0.0,14.801310040137249,1.0714555000000001,1205.86249943959,0.0,0.0,0.0,0.0,562721.69,1205.86249943959,561515.8275005603,0.0021429110000000004
2025-06,JP01,Spare Parts,C070,Summit JP01,Core,1.9708350000000001,45,677836.8700000003,0.0,0.0,0.0,0.0,677836.8700000003,0.0,0.0,8.518090643254636,0.8577606875,1162.843639248097,0.0,0.0,0.0,0.0,677836.8700000003,1162.843639248097,676674.0263607523,0.001715521375
2025-06,JP01,Spare Parts,C071,Cobalt JP01,Growth,2.876375,45,612927.55,0.0,0.0,0.0,0.0,612927.55,0.0,0.0,15.08219283013139,1.0049109375,1231.8751977801564,0.0,0.0,0.0,0.0,612927.55,1231.8751977801564,611695.6748022198,0.002009821875
2025-06,JP01,Spare Parts,C073,Nova JP01,Core,2.219815,45,848991.52,0.0,0.0,0.0,0.0,848991.52,0.0,0.0,14.749603859411929,0.8982199375,1525.16222006486,0.0,0.0,0.0,0.0,848991.52,1525.16222006486,847466.3577799351,0.0017964398750000001
2025-06,JP01,Spare Parts,C072,Vertex JP01,Strategic,1.1821099999999998,45,608675.88,0.0,0.0,0.0,0.0,608675.88,0.0,0.0,0.0,0.7295928749999999,888.1711704647099,0.0,0.0,0.0,0.0,608675.88,888.1711704647099,607787.7088295353,0.0014591857499999998
2025-06,US01,Events,C048,Northstar US01,Growth,3.1211550000000003,30,515474.0200000006,0.0,0.0,0.0,0.0,515474.0200000006,0.0,0.0,10.56161123309379,1.0446876875000002,1077.0187238402589,0.0,0.0,0.0,0.0,515474.0200000006,1077.0187238402589,514397.00127616036,0.0020893753750000003
2025-06,US01,Events,C049,Kestrel US01,Strategic,1.447995,30,868930.8300000001,0.0,0.0,0.0,0.0,868930.8300000001,0.0,0.0,0.0,0.7727991875,1343.0180788354014,0.0,0.0,0.0,0.0,868930.8300000001,1343.0180788354014,867587.8119211646,0.001545598375
2025-06,US01,Events,C050,Helix US01,Growth,2.8449999999999998,30,121377.23,0.0,0.0,0.0,0.0,121377.23,0.0,0.0,0.0,0.9998125,242.70894353875,0.0,0.0,0.0,0.0,121377.23,242.70894353875,121134.52105646125,0.001999625
2025-06,US01,Events,C051,Vector US01,Growth,2.8275900000000003,30,516506.91000000003,0.0,0.0,0.0,0.0,516506.91000000003,0.0,0.0,0.0,0.9969833750000001,1029.8976046852426,0.0,0.0,0.0,0.0,516506.91000000003,1029.8976046852426,515477.0123953148,0.0019939667500000003
2025-06,US01,Events,C052,Redwood US01,Growth,2.88081,30,416000.48,0.0,0.0,0.0,0.0,416000.48,0.0,0.0,0.0,1.005631625,836.6864774063599,0.0,0.0,0.0,0.0,416000.48,836.6864774063599,415163.7935225936,0.00201126325
2025-06,US01,Hardware,C041,Summit US01,Growth,2.82761,45,1322820.77,0.0,0.0,0.0,0.0,1322820.77,0.0,0.0,14.972378004013349,0.996986625,2637.6692299244028,0.0,0.0,0.0,0.0,1322820.77,2637.6692299244028,1320183.1007700756,0.0019939732500000003
2025-06,US01,Hardware,C042,Cobalt US01,Growth,2.902705,45,795794.46,0.0,0.0,0.0,0.0,795794.46,0.0,0.0,14.972378169106634,1.0091895625,1606.2149258546474,0.0,0.0,0.0,0.0,795794.46,1606.2149258546474,794188.2450741453,0.0020183791249999998
2025-06,US01,Hardware,C043,Vertex US01,Core,2.0013,45,1230844.28,0.0,0.0,0.0,0.0,1230844.28,0.0,0.0,14.38575503637227,0.86271125,2123.7264147083,0.0,0.0,0.0,0.0,1230844.28,2123.7264147083,1228720.5535852918,0.0017254225
2025-06,US01,Hardware,C044,Nova US01,Core,2.11017,45,1509090.17,0.0,0.0,0.0,0.0,1509090.17,0.0,0.0,14.776392387474104,0.880402625,2657.2138940593923,0.0,0.0,0.0,0.0,1509090.17,2657.2138940593923,1506432.9561059405,0.00176080525
2025-06,US01,Hardware,C045,Meridian US01,Strategic,1.0499999999999998,45,1199155.7199999965,0.0,0.0,0.0,0.0,1199155.7199999965,0.0,0.0,4.712885329021249,0.7081249999999999,1698.3042884499948,0.0,0.0,0.0,0.0,1199155.7199999965,1698.3042884499948,1197457.4157115465,0.0014162499999999998
2025-06,US01,Hardware,C046,Orion US01,Core,2.182275,45,2107989.63,0.0,0.0,0.0,0.0,2107989.63,0.0,0.0,14.972378018766628,0.8921196875,3761.1580999376815,0.0,0.0,0.0,0.0,2107989.63,3761.1580999376815,2104228.471900062,0.0017842393750000002
2025-06,US01,Hardware,C047,Atlas US01,Core,2.2454699999999996,45,2319620.87,0.0,0.0,0.0,0.0,2319620.87,0.0,0.0,14.67577690831864,0.902388875,4186.400134611643,0.0,0.0,0.0,0.0,2319620.87,4186.400134611643,2315434.4698653882,0.00180477775
2025-06,US01,Software,C034,Kestrel US01,Growth,2.9399699999999998,30,94951.69,0.0,0.0,0.0,0.0,94951.69,0.0,0.0,0.0,1.0152451249999999,192.79848076602246,0.0,0.0,0.0,0.0,94951.69,192.79848076602246,94758.89151923398,0.0020304902499999997
2025-06,US01,Software,C035,Helix US01,Core,2.18574,30,104247.5,0.0,0.0,0.0,0.0,104247.5,0.0,0.0,0.0,0.89268275,186.11988996125,0.0,0.0,0.0,0.0,104247.5,186.11988996125,104061.38011003875,0.0017853655
2025-06,US01,Software,C036,Vector US01,Growth,3.016975,30,84002.72,0.0,0.0,0.0,0.0,84002.72,0.0,0.0,0.0,1.0277584375,172.6690085059,0.0,0.0,0.0,0.0,84002.72,172.6690085059,83830.0509914941,0.002055516875
2025-06,US01,Software,C037,Redwood US01,Core,2.305165,30,130431.66,0.0,0.0,0.0,0.0,130431.66,0.0,0.0,0.0,0.9120893125,237.93064619526749,0.0,0.0,0.0,0.0,130431.66,237.93064619526749,130193.72935380474,0.0018241786249999998
2025-06,US01,Software,C038,Pioneer US01,Strategic,1.2493699999999999,30,93174.0600000002,0.0,0.0,0.0,0.0,93174.0600000002,0.0,0.0,0.0,0.740522625,137.9949989862153,0.0,0.0,0.0,0.0,93174.0600000002,137.9949989862153,93036.06500101398,0.0014810452500000001
2025-06,US01,Software,C039,Keystone US01,Strategic,1.335245,30,210215.38,0.0,0.0,0.0,0.0,210215.38,0.0,0.0,0.0,0.7544773124999999,317.2054698971325,0.0,0.0,0.0,0.0,210215.38,317.2054698971325,209898.17453010287,0.001508954625
2025-06,US01,Software,C040,Axiom US01,Growth,2.8075,30,70675.02,0.0,0.0,0.0,0.0,70675.02,0.0,0.0,0.0,0.99371875,140.46218506125,0.0,0.0,0.0,0.0,70675.02,140.46218506125,70534.55781493876,0.0019874375
2025-07,DE01,Hardware,C010,Keystone DE01,Growth,3.8942900000000003,45,709022.79,429119.27,0.0,0.0,0.0,1138142.06,429119.27,0.37703489316614835,33.2279141849832,1.1703221250000002,1659.570116532458,5022.077759448489,0.0,0.0,0.0,1138142.06,6681.647875980947,1131460.412124019,0.005870662468954839
2025-07,DE01,Hardware,C008,Redwood DE01,Core,2.225305,45,946529.76,0.0,0.0,0.0,0.0,946529.76,0.0,0.0,14.649618623718709,0.8991120625,1702.07264946246,0.0,0.0,0.0,0.0,946529.76,1702.07264946246,944827.6873505375,0.0017982241250000001
2025-07,DE01,Hardware,C009,Pioneer DE01,Strategic,1.306745,45,1587072.6300000001,0.0,0.0,0.0,0.0,1587072.6300000001,0.0,0.0,14.701801076362838,0.7498460625,2380.120325014039,0.0,0.0,0.0,0.0,1587072.6300000001,2380.120325014039,1584692.5096749861,0.0014996921249999999
2025-07,DE01,Hardware,C012,Northstar DE01,Growth,2.752895,45,927934.19,0.0,0.0,0.0,0.0,927934.19,0.0,0.0,14.98395742913622,0.9848454375,1827.7435066435162,0.0,0.0,0.0,0.0,927934.19,1827.7435066435162,926106.4464933564,0.001969690875
2025-07,DE01,Hardware,C013,Kestrel DE01,Core,1.8694799999999998,45,1549162.0,0.0,0.0,0.0,0.0,1549162.0,0.0,0.0,15.36450429328889,0.8412904999999999,2606.590547122,0.0,0.0,0.0,0.0,1549162.0,2606.590547122,1546555.409452878,0.0016825809999999998
2025-07,DE01,Hardware,C014,Helix DE01,Core,2.0470550000000003,45,1125665.06,0.0,0.0,0.0,0.0,1125665.06,0.0,0.0,16.174353230791404,0.8701464375000001,1958.9868835544478,0.0,0.0,0.0,0.0,1125665.06,1958.9868835544478,1123706.0731164457,0.0017402928750000002
2025-07,DE01,Hardware,C011,Axiom DE01,Strategic,1.0,45,1382990.8699999999,0.0,0.0,0.0,0.0,1382990.8699999999,0.0,0.0,0.0,0.7,1936.1872179999996,0.0,0.0,0.0,0.0,1382990.8699999999,1936.1872179999996,1381054.682782,0.0013999999999999998
2025-07,DE01,Software,C001,Meridian DE01,Growth,3.922925,30,139258.45,0.0,0.0,0.0,0.0,139258.45,0.0,0.0,15.025315878497858,1.1749753125,327.2504816140313,0.0,0.0,0.0,0.0,139258.45,327.2504816140313,138931.19951838598,0.002349950625
2025-07,DE01,Software,C002,Orion DE01,Core,1.8911449999999999,30,101866.88,0.0,0.0,0.0,0.0,101866.88,0.0,0.0,0.0,0.8448110624999999,172.11653425272002,0.0,0.0,0.0,0.0,101866.88,172.11653425272002,101694.76346574728,0.0016896221250000001
2025-07,DE01,Software,C003,Atlas DE01,Growth,2.7558400000000005,30,48288.86,0.0,0.0,0.0,0.0,48288.86,0.0,0.0,0.0,0.9853240000000001,95.16034538128001,0.0,0.0,0.0,0.0,48288.86,95.16034538128001,48193.69965461872,0.001970648
2025-07,DE01,Software,C004,Nimbus DE01,Strategic,1.0,30,62271.20999999979,0.0,0.0,0.0,0.0,62271.20999999979,0.0,0.0,0.0,0.7,87.1796939999997,0.0,0.0,0.0,0.0,62271.20999999979,87.1796939999997,62184.03030599979,0.0014
2025-07,DE01,Software,C005,Summit DE01,Core,2.047655,30,90326.38,0.0,0.0,0.0,0.0,90326.38,0.0,0.0,0.0,0.8702439375,157.2119691826425,0.0,0.0,0.0,0.0,90326.38,157.2119691826425,90169.16803081737,0.0017404878749999997
2025-07,DE01,Software,C006,Cobalt DE01,Core,2.081205,30,109544.36,0.0,0.0,0.0,0.0,109544.36,0.0,0.0,0.0,0.8756958125000001,191.85507466998502,0.0,0.0,0.0,0.0,109544.36,191.85507466998502,109352.50492533001,0.001751391625
2025-07,DE01,Software,C007,Vertex DE01,Core,2.185245,30,78610.43,0.0,0.0,0.0,0.0,78610.43,0.0,0.0,0.0,0.8926023125,140.33570320923874,0.0,0.0,0.0,0.0,78610.43,140.33570320923874,78470.09429679076,0.0017852046250000002
2025-07,ES01,Events,C023,Redwood ES01,Growth,2.795945,30,603468.7999999999,0.0,0.0,0.0,0.0,603468.7999999999,0.0,0.0,4.42444331836211,0.9918410625,1197.0902715552,0.0,0.0,0.0,0.0,603468.7999999999,1197.0902715552,602271.7097284447,0.001983682125
2025-07,ES01,Events,C026,Axiom ES01,Core,2.21812,30,497636.67000000045,0.0,0.0,0.0,0.0,497636.67000000045,0.0,0.0,15.814850219940597,0.8979444999999999,893.7002216496307,0.0,0.0,0.0,0.0,497636.67000000045,893.7002216496307,496742.96977835085,0.001795889
2025-07,ES01,Events,C022,Vector ES01,Strategic,1.0,30,672236.09,0.0,0.0,0.0,0.0,672236.09,0.0,0.0,0.0,0.7,941.1305259999999,0.0,0.0,0.0,0.0,672236.09,941.1305259999999,671294.9594739999,0.0014
2025-07,ES01,Events,C024,Pioneer ES01,Strategic,1.02279,30,1023252.29,0.0,0.0,0.0,0.0,1023252.29,0.0,0.0,0.0,0.703703375,1440.1321798989575,0.0,0.0,0.0,0.0,1023252.29,1440.1321798989575,1021812.1578201011,0.00140740675
2025-07,ES01,Events,C025,Keystone ES01,Core,2.0810400000000002,30,1101644.15,0.0,0.0,0.0,0.0,1101644.15,0.0,0.0,0.0,0.875669,1929.3512623727,0.0,0.0,0.0,0.0,1101644.15,1929.3512623727,1099714.7987376272,0.001751338
2025-07,ES01,Hardware,C015,Nova ES01,Strategic,1.134235,45,1285096.4400000006,0.0,0.0,0.0,0.0,1285096.4400000006,0.0,0.0,16.07191807332375,0.7218131875,1855.199115202606,0.0,0.0,0.0,0.0,1285096.4400000006,1855.199115202606,1283241.240884798,0.001443626375
2025-07,ES01,Hardware,C016,Meridian ES01,Core,2.18475,45,675887.48,0.0,0.0,0.0,0.0,675887.48,0.0,0.0,15.538879045370098,0.892521875,1206.48872187725,0.0,0.0,0.0,0.0,675887.48,1206.48872187725,674680.9912781228,0.0017850437500000003
2025-07,ES01,Hardware,C017,Orion ES01,Strategic,1.2359149999999999,45,1793384.22,0.0,0.0,0.0,0.0,1793384.22,0.0,0.0,15.938993374214032,0.7383361875,2648.2409354349224,0.0,0.0,0.0,0.0,1793384.22,2648.2409354349224,1790735.9790645652,0.001476672375
2025-07,ES01,Hardware,C018,Atlas ES01,Strategic,1.285565,45,1392752.6400000001,0.0,0.0,0.0,0.0,1392752.6400000001,0.0,0.0,16.179546283250986,0.7464043125,2079.11315348352,0.0,0.0,0.0,0.0,1392752.6400000001,2079.11315348352,1390673.5268465166,0.0014928086249999999
2025-07,ES01,Hardware,C019,Nimbus ES01,Core,2.209905,45,981342.37,0.0,0.0,0.0,0.0,981342.37,0.0,0.0,14.453980011074014,0.8966095625,1759.761906056826,0.0,0.0,0.0,0.0,981342.37,1759.761906056826,979582.6080939432,0.001793219125
2025-07,ES01,Hardware,C021,Cobalt ES01,Core,1.9086199999999998,45,798651.28,0.0,0.0,0.0,0.0,798651.28,0.0,0.0,15.619351664971978,0.8476507499999999,1353.95471296092,0.0,0.0,0.0,0.0,798651.28,1353.95471296092,797297.3252870392,0.0016953015
2025-07,ES01,Hardware,C020,Summit ES01,Strategic,1.0,45,1061383.43,0.0,0.0,0.0,0.0,1061383.43,0.0,0.0,0.0,0.7,1485.9368019999997,0.0,0.0,0.0,0.0,1061383.43,1485.9368019999997,1059897.493198,0.0013999999999999998
2025-07,ES01,Spare Parts,C027,Cobalt ES01,Core,2.25286,45,344022.6499999986,0.0,0.0,0.0,0.0,344022.6499999986,0.0,0.0,2.2596134295226236,0.9035897500000001,621.7106806156726,0.0,0.0,0.0,0.0,344022.6499999986,621.7106806156726,343400.93931938295,0.0018071795
2025-07,ES01,Spare Parts,C028,Vertex ES01,Growth,3.0423750000000003,45,652219.1399999999,0.0,0.0,0.0,0.0,652219.1399999999,0.0,0.0,15.5245485436076,1.0318859375,1346.0315174686873,0.0,0.0,0.0,0.0,652219.1399999999,1346.0315174686873,650873.1084825312,0.002063771875
2025-07,ES01,Spare Parts,C029,Nova ES01,Core,2.341555,45,535290.9,0.0,0.0,0.0,0.0,535290.9,0.0,0.0,15.496216169563128,0.9180026875,982.7969695885877,0.0,0.0,0.0,0.0,535290.9,982.7969695885877,534308.1030304114,0.0018360053750000002
2025-07,ES01,Spare Parts,C030,Meridian ES01,Growth,2.7239050000000002,45,375613.1,0.0,0.0,0.0,0.0,375613.1,0.0,0.0,15.831055679367948,0.9801345625,736.3027628755374,0.0,0.0,0.0,0.0,375613.1,736.3027628755374,374876.7972371244,0.0019602691249999997
2025-07,ES01,Spare Parts,C031,Orion ES01,Growth,2.81174,45,393881.99,0.0,0.0,0.0,0.0,393881.99,0.0,0.0,15.290046391813956,0.9944077499999999,783.3586068828449,0.0,0.0,0.0,0.0,393881.99,783.3586068828449,393098.63139311713,0.0019888155
2025-07,ES01,Spare Parts,C033,Nimbus ES01,Growth,2.8488800000000003,45,369896.43,0.0,0.0,0.0,0.0,369896.43,0.0,0.0,16.336941938044657,1.0004430000000002,740.1205882369802,0.0,0.0,0.0,0.0,369896.43,740.1205882369802,369156.30941176304,0.0020008860000000008
2025-07,ES01,Spare Parts,C032,Atlas ES01,Core,2.0051500000000004,45,429871.77999999997,0.0,0.0,0.0,0.0,429871.77999999997,0.0,0.0,0.0,0.8633368750000001,742.2483183917751,0.0,0.0,0.0,0.0,429871.77999999997,742.2483183917751,429129.5316816082,0.0017266737500000004
2025-07,JP01,Hardware,C060,Keystone JP01,Growth,2.7943000000000002,45,1011182.1700000002,0.0,0.0,0.0,0.0,1011182.1700000002,0.0,0.0,13.628701839155255,0.99157375,2005.3233924800754,0.0,0.0,0.0,0.0,1011182.1700000002,2005.3233924800754,1009176.8466075201,0.0019831475
2025-07,JP01,Hardware,C062,Northstar JP01,Growth,2.8876500000000003,45,1187254.96,0.0,0.0,0.0,0.0,1187254.96,0.0,0.0,15.739383897793948,1.006743125,2390.5215372043003,0.0,0.0,0.0,0.0,1187254.96,2390.5215372043003,1184864.4384627957,0.0020134862500000004
2025-07,JP01,Hardware,C063,Kestrel JP01,Growth,2.933765,45,739455.8200000001,0.0,0.0,0.0,0.0,739455.8200000001,0.0,0.0,14.924138266975842,1.0142368125,1499.966627722748,0.0,0.0,0.0,0.0,739455.8200000001,1499.966627722748,737955.8533722773,0.0020284736250000004
2025-07,JP01,Hardware,C064,Helix JP01,Growth,3.0409900000000003,45,498728.92000000004,0.0,0.0,0.0,0.0,498728.92000000004,0.0,0.0,17.12433098926768,1.031660875,1029.0382279900102,0.0,0.0,0.0,0.0,498728.92000000004,1029.0382279900102,497699.88177201,0.0020633217500000004
2025-07,JP01,Hardware,C065,Vector JP01,Growth,3.1325000000000003,45,347102.36,0.0,0.0,0.0,0.0,347102.36,0.0,0.0,18.89215763326991,1.0465312500000001,726.5069333775,0.0,0.0,0.0,0.0,347102.36,726.5069333775,346375.8530666225,0.0020930625
2025-07,JP01,Hardware,C066,Redwood JP01,Growth,3.086145,45,920783.31,0.0,0.0,0.0,0.0,920783.31,0.0,0.0,15.45142168139429,1.0389985625,1913.3850709279839,0.0,0.0,0.0,0.0,920783.31,1913.3850709279839,918869.924929072,0.002077997125
2025-07,JP01,Hardware,C061,Axiom JP01,Core,1.97168,45,636273.0,0.0,0.0,0.0,0.0,636273.0,0.0,0.0,0.0,0.857898,1091.714668308,0.0,0.0,0.0,0.0,636273.0,1091.714668308,635181.285331692,0.001715796
2025-07,JP01,Software,C053,Atlas JP01,Core,2.188565,30,55935.020000000004,0.0,0.0,0.0,0.0,55935.020000000004,0.0,0.0,0.0,0.8931418125,99.91581029004752,0.0,0.0,0.0,0.0,55935.020000000004,99.91581029004752,55835.10418970996,0.0017862836250000002
2025-07,JP01,Software,C054,Nimbus JP01,Core,2.16125,30,86483.42,0.0,0.0,0.0,0.0,86483.42,0.0,0.0,0.0,0.8887031249999999,153.716171229375,0.0,0.0,0.0,0.0,86483.42,153.716171229375,86329.70382877062,0.00177740625
2025-07,JP01,Software,C055,Summit JP01,Strategic,1.29925,30,19188.320000000225,0.0,0.0,0.0,0.0,19188.320000000225,0.0,0.0,0.0,0.748628125,28.729832047000336,0.0,0.0,0.0,0.0,19188.320000000225,28.729832047000336,19159.590167953225,0.0014972562499999998
2025-07,JP01,Software,C056,Cobalt JP01,Core,2.1768300000000003,30,128367.92,0.0,0.0,0.0,0.0,128367.92,0.0,0.0,0.0,0.8912348750000001,228.81193427042,0.0,0.0,0.0,0.0,128367.92,228.81193427042,128139.10806572958,0.00178246975
2025-07,JP01,Software,C057,Vertex JP01,Core,2.26337,30,92197.44,0.0,0.0,0.0,0.0,92197.44,0.0,0.0,0.0,0.905297625,166.93224692616,0.0,0.0,0.0,0.0,92197.44,166.93224692616,92030.50775307385,0.0018105952499999998
2025-07,JP01,Software,C058,Nova JP01,Core,2.3047950000000004,30,96306.82,0.0,0.0,0.0,0.0,96306.82,0.0,0.0,0.0,0.9120291875000001,175.66926159061754,0.0,0.0,0.0,0.0,96306.82,175.66926159061754,96131.15073840939,0.0018240583750000002
2025-07,JP01,Software,C059,Meridian JP01,Growth,3.295,30,48802.19,0.0,0.0,0.0,0.0,48802.19,0.0,0.0,0.0,1.0729375,104.72339946625002,0.0,0.0,0.0,0.0,48802.19,104.72339946625002,48697.46660053375,0.002145875
2025-07,JP01,Spare Parts,C067,Orion JP01,Core,2.41448,45,541861.4099999999,0.0,0.0,0.0,0.0,541861.4099999999,0.0,0.0,15.719967952691078,0.929853,1007.70291534546,0.0,0.0,0.0,0.0,541861.4099999999,1007.70291534546,540853.7070846545,0.0018597060000000005
2025-07,JP01,Spare Parts,C068,Atlas JP01,Core,2.34401,45,801617.79,0.0,0.0,0.0,0.0,801617.79,0.0,0.0,15.853343149981736,0.918401625,1472.4141619298175,0.0,0.0,0.0,0.0,801617.79,1472.4141619298175,800145.3758380702,0.00183680325
2025-07,JP01,Spare Parts,C069,Nimbus JP01,Growth,3.28588,45,543117.86,0.0,0.0,0.0,0.0,543117.86,0.0,0.0,15.747286417721561,1.0714555000000001,1163.85323649046,0.0,0.0,0.0,0.0,543117.86,1163.85323649046,541954.0067635095,0.002142911
2025-07,JP01,Spare Parts,C071,Cobalt JP01,Growth,2.876375,45,592725.0800000001,0.0,0.0,0.0,0.0,592725.0800000001,0.0,0.0,15.426266423550018,1.0049109375,1191.271831645125,0.0,0.0,0.0,0.0,592725.0800000001,1191.271831645125,591533.8081683549,0.0020098218749999997
2025-07,JP01,Spare Parts,C073,Nova JP01,Core,2.219815,45,810607.3800000004,0.0,0.0,0.0,0.0,810607.3800000004,0.0,0.0,15.42220674082687,0.8982199375,1456.2074204012781,0.0,0.0,0.0,0.0,810607.3800000004,1456.2074204012781,809151.1725795991,0.001796439875
2025-07,JP01,Spare Parts,C070,Summit JP01,Core,1.9708350000000001,45,447117.14,0.0,0.0,0.0,0.0,447117.14,0.0,0.0,0.0,0.8577606875,767.0390107988675,0.0,0.0,0.0,0.0,447117.14,767.0390107988675,446350.10098920116,0.0017155213749999998
2025-07,JP01,Spare Parts,C072,Vertex JP01,Strategic,1.1821099999999998,45,548277.35,0.0,0.0,0.0,0.0,548277.35,0.0,0.0,0.0,0.7295928749999999,800.0384961677623,0.0,0.0,0.0,0.0,548277.35,800.0384961677623,547477.3115038322,0.0014591857499999998
2025-07,US01,Events,C048,Northstar US01,Growth,3.1211550000000003,30,415441.97000000067,0.0,0.0,0.0,0.0,415441.97000000067,0.0,0.0,16.638055129576845,1.0446876875000002,868.0142218594902,0.0,0.0,0.0,0.0,415441.97000000067,868.0142218594902,414573.95577814116,0.0020893753750000003
2025-07,US01,Events,C049,Kestrel US01,Strategic,1.447995,30,266393.88,0.0,0.0,0.0,0.0,266393.88,0.0,0.0,0.0,0.7727991875,411.73794803794505,0.0,0.0,0.0,0.0,266393.88,411.73794803794505,265982.1420519621,0.001545598375
2025-07,US01,Events,C050,Helix US01,Growth,2.8449999999999998,30,490980.68,0.0,0.0,0.0,0.0,490980.68,0.0,0.0,0.0,0.9998125,981.777242245,0.0,0.0,0.0,0.0,490980.68,981.777242245,489998.902757755,0.001999625
2025-07,US01,Events,C051,Vector US01,Growth,2.8275900000000003,30,129307.94,0.0,0.0,0.0,0.0,129307.94,0.0,0.0,0.0,0.9969833750000001,257.83573287099506,0.0,0.0,0.0,0.0,129307.94,257.83573287099506,129050.104267129,0.0019939667500000003
2025-07,US01,Events,C052,Redwood US01,Growth,2.88081,30,442251.06000000006,0.0,0.0,0.0,0.0,442251.06000000006,0.0,0.0,0.0,1.005631625,889.4833042515451,0.0,0.0,0.0,0.0,442251.06000000006,889.4833042515451,441361.5766957485,0.00201126325
2025-07,US01,Hardware,C041,Summit US01,Growth,2.82761,45,1326675.5699999998,0.0,0.0,0.0,0.0,1326675.5699999998,0.0,0.0,14.983957607661385,0.996986625,2645.3555980085025,0.0,0.0,0.0,0.0,1326675.5699999998,2645.3555980085025,1324030.2144019913,0.0019939732500000003
2025-07,US01,Hardware,C042,Cobalt US01,Growth,2.902705,45,768264.78,0.0,0.0,0.0,0.0,768264.78,0.0,0.0,15.566115369755723,1.0091895625,1550.6495944247176,0.0,0.0,0.0,0.0,768264.78,1550.6495944247176,766714.1304055753,0.002018379125
2025-07,US01,Hardware,C043,Vertex US01,Core,2.0013,45,854921.0499999961,0.0,0.0,0.0,0.0,854921.0499999961,0.0,0.0,10.039629507309384,0.86271125,1475.1000153936184,0.0,0.0,0.0,0.0,854921.0499999961,1475.1000153936184,853445.9499846025,0.0017254225
2025-07,US01,Hardware,C044,Nova US01,Core,2.11017,45,1454985.41,0.0,0.0,0.0,0.0,1454985.41,0.0,0.0,15.789709259008996,0.880402625,2561.9459486014025,0.0,0.0,0.0,0.0,1454985.41,2561.9459486014025,1452423.4640513984,0.0017608052500000001
2025-07,US01,Hardware,C046,Orion US01,Core,2.182275,45,2029245.9,0.0,0.0,0.0,0.0,2029245.9,0.0,0.0,15.610760282920861,0.8921196875,3620.6604363373126,0.0,0.0,0.0,0.0,2029245.9,3620.6604363373126,2025625.2395636626,0.0017842393750000002
2025-07,US01,Hardware,C047,Atlas US01,Core,2.2454699999999996,45,2245399.2,0.0,0.0,0.0,0.0,2245399.2,0.0,0.0,15.83076528218234,0.902388875,4052.4465160278005,0.0,0.0,0.0,0.0,2245399.2,4052.4465160278005,2241346.7534839725,0.00180477775
2025-07,US01,Hardware,C045,Meridian US01,Strategic,1.0499999999999998,45,899241.72,0.0,0.0,0.0,0.0,899241.72,0.0,0.0,0.0,0.7081249999999999,1273.5510859499998,0.0,0.0,0.0,0.0,899241.72,1273.5510859499998,897968.16891405,0.0014162499999999998
2025-07,US01,Software,C034,Kestrel US01,Growth,2.9399699999999998,30,99065.11,0.0,0.0,0.0,0.0,99065.11,0.0,0.0,0.0,1.0152451249999999,201.15073997017748,0.0,0.0,0.0,0.0,99065.11,201.15073997017748,98863.95926002982,0.0020304902499999997
2025-07,US01,Software,C035,Helix US01,Core,2.18574,30,109794.77,0.0,0.0,0.0,0.0,109794.77,0.0,0.0,0.0,0.89268275,196.023794438435,0.0,0.0,0.0,0.0,109794.77,196.023794438435,109598.74620556158,0.0017853654999999999
2025-07,US01,Software,C036,Vector US01,Growth,3.016975,30,85387.96,0.0,0.0,0.0,0.0,85387.96,0.0,0.0,0.0,1.0277584375,175.516392701825,0.0,0.0,0.0,0.0,85387.96,175.516392701825,85212.44360729818,0.002055516875
2025-07,US01,Software,C037,Redwood US01,Core,2.305165,30,139833.27,0.0,0.0,0.0,0.0,139833.27,0.0,0.0,0.0,0.9120893125,255.08086219785375,0.0,0.0,0.0,0.0,139833.27,255.08086219785375,139578.18913780214,0.0018241786250000002
2025-07,US01,Software,C038,Pioneer US01,Strategic,1.2493699999999999,30,92455.27000000025,0.0,0.0,0.0,0.0,92455.27000000025,0.0,0.0,0.0,0.740522625,136.93043847096789,0.0,0.0,0.0,0.0,92455.27000000025,136.93043847096789,92318.33956152928,0.0014810452500000001
2025-07,US01,Software,C039,Keystone US01,Strategic,1.335245,30,210750.02000000002,0.0,0.0,0.0,0.0,210750.02000000002,0.0,0.0,0.0,0.7544773124999999,318.0122173978425,0.0,0.0,0.0,0.0,210750.02000000002,318.0122173978425,210432.0077826022,0.001508954625
2025-07,US01,Software,C040,Axiom US01,Growth,2.8075,30,73900.16,0.0,0.0,0.0,0.0,73900.16,0.0,0.0,0.0,0.99371875,146.87194924,0.0,0.0,0.0,0.0,73900.16,146.87194924,73753.28805076,0.0019874374999999996
2025-08,DE01,Hardware,C010,Keystone DE01,Growth,3.8942900000000003,45,613973.5,402364.35,0.0,0.0,0.0,1016337.85,402364.35,0.3958962563482212,32.80564056529037,1.1703221250000002,1437.0935424273755,4708.959011162438,0.0,0.0,0.0,1016337.85,6146.052553589814,1010191.7974464102,0.006047253434071961
2025-08,DE01,Hardware,C008,Redwood DE01,Core,2.225305,45,848328.44,0.0,0.0,0.0,0.0,848328.44,0.0,0.0,17.12732016858942,0.8991120625,1525.4846667316149,0.0,0.0,0.0,0.0,848328.44,1525.4846667316149,846802.9553332684,0.001798224125
2025-08,DE01,Hardware,C009,Pioneer DE01,Strategic,1.306745,45,1380710.9799999997,0.0,0.0,0.0,0.0,1380710.9799999997,0.0,0.0,14.250227371987723,0.7498460625,2070.6413836070324,0.0,0.0,0.0,0.0,1380710.9799999997,2070.6413836070324,1378640.3386163928,0.001499692125
2025-08,DE01,Hardware,C012,Northstar DE01,Growth,2.752895,45,876613.63,0.0,0.0,0.0,0.0,876613.63,0.0,0.0,15.8951433369796,0.9848454375,1726.6578679116262,0.0,0.0,0.0,0.0,876613.63,1726.6578679116262,874886.9721320884,0.001969690875
2025-08,DE01,Hardware,C013,Kestrel DE01,Core,1.8694799999999998,45,1375955.29,0.0,0.0,0.0,0.0,1375955.29,0.0,0.0,16.4778274154533,0.8412904999999999,2315.15622780349,0.0,0.0,0.0,0.0,1375955.29,2315.15622780349,1373640.1337721965,0.0016825809999999998
2025-08,DE01,Hardware,C014,Helix DE01,Core,2.0470550000000003,45,1038799.34,0.0,0.0,0.0,0.0,1038799.34,0.0,0.0,14.981764909477128,0.8701464375000001,1807.8150899567026,0.0,0.0,0.0,0.0,1038799.34,1807.8150899567026,1036991.5249100432,0.0017402928750000002
2025-08,DE01,Hardware,C011,Axiom DE01,Strategic,1.0,45,1357252.11,0.0,0.0,0.0,0.0,1357252.11,0.0,0.0,0.0,0.7,1900.1529540000001,0.0,0.0,0.0,0.0,1357252.11,1900.1529540000001,1355351.957046,0.0014
2025-08,DE01,Software,C001,Meridian DE01,Growth,3.922925,30,140130.45,0.0,0.0,0.0,0.0,140130.45,0.0,0.0,14.88150005940893,1.1749753125,329.2996385590313,0.0,0.0,0.0,0.0,140130.45,329.2996385590313,139801.150361441,0.002349950625
2025-08,DE01,Software,C002,Orion DE01,Core,1.8911449999999999,30,100692.17,0.0,0.0,0.0,0.0,100692.17,0.0,0.0,0.0,0.8448110624999999,170.13171824626124,0.0,0.0,0.0,0.0,100692.17,170.13171824626124,100522.03828175373,0.001689622125
2025-08,DE01,Software,C003,Atlas DE01,Growth,2.7558400000000005,30,53295.34,0.0,0.0,0.0,0.0,53295.34,0.0,0.0,0.0,0.9853240000000001,105.02635518032,0.0,0.0,0.0,0.0,53295.34,105.02635518032,53190.313644819675,0.001970648
2025-08,DE01,Software,C004,Nimbus DE01,Strategic,1.0,30,70597.03999999989,0.0,0.0,0.0,0.0,70597.03999999989,0.0,0.0,0.0,0.7,98.83585599999985,0.0,0.0,0.0,0.0,70597.03999999989,98.83585599999985,70498.20414399989,0.0014
2025-08,DE01,Software,C005,Summit DE01,Core,2.047655,30,88746.89,0.0,0.0,0.0,0.0,88746.89,0.0,0.0,0.0,0.8702439375,154.46288598895876,0.0,0.0,0.0,0.0,88746.89,154.46288598895876,88592.42711401104,0.0017404878750000002
2025-08,DE01,Software,C006,Cobalt DE01,Core,2.081205,30,110120.55,0.0,0.0,0.0,0.0,110120.55,0.0,0.0,0.0,0.8756958125000001,192.86420901039378,0.0,0.0,0.0,0.0,110120.55,192.86420901039378,109927.6857909896,0.0017513916250000003
2025-08,DE01,Software,C007,Vertex DE01,Core,2.185245,30,84193.4,0.0,0.0,0.0,0.0,84193.4,0.0,0.0,0.0,0.8926023125,150.302447074475,0.0,0.0,0.0,0.0,84193.4,150.302447074475,84043.09755292552,0.0017852046250000002
2025-08,ES01,Events,C023,Redwood ES01,Growth,2.795945,30,185007.7900000001,0.0,0.0,0.0,0.0,185007.7900000001,0.0,0.0,2.318443455813416,0.9918410625,366.99664600875394,0.0,0.0,0.0,0.0,185007.7900000001,366.99664600875394,184640.79335399135,0.001983682125
2025-08,ES01,Events,C022,Vector ES01,Strategic,1.0,30,660592.9,0.0,0.0,0.0,0.0,660592.9,0.0,0.0,0.0,0.7,924.8300599999999,0.0,0.0,0.0,0.0,660592.9,924.8300599999999,659668.0699400001,0.0013999999999999998
2025-08,ES01,Events,C024,Pioneer ES01,Strategic,1.02279,30,465176.26,0.0,0.0,0.0,0.0,465176.26,0.0,0.0,0.0,0.703703375,654.692208263755,0.0,0.0,0.0,0.0,465176.26,654.692208263755,464521.5677917363,0.00140740675
2025-08,ES01,Events,C025,Keystone ES01,Core,2.0810400000000002,30,170710.12,0.0,0.0,0.0,0.0,170710.12,0.0,0.0,0.0,0.875669,298.97112014056,0.0,0.0,0.0,0.0,170710.12,298.97112014056,170411.14887985942,0.001751338
2025-08,ES01,Events,C026,Axiom ES01,Core,2.21812,30,192426.96,0.0,0.0,0.0,0.0,192426.96,0.0,0.0,0.0,0.8979444999999999,345.57746076743996,0.0,0.0,0.0,0.0,192426.96,345.57746076743996,192081.38253923255,0.001795889
2025-08,ES01,Hardware,C015,Nova ES01,Strategic,1.134235,45,880197.7200000013,0.0,0.0,0.0,0.0,880197.7200000013,0.0,0.0,13.273470987859435,0.7218131875,1270.6766438068669,0.0,0.0,0.0,0.0,880197.7200000013,1270.6766438068669,878927.0433561944,0.0014436263750000002
2025-08,ES01,Hardware,C016,Meridian ES01,Core,2.18475,45,572523.49,0.0,0.0,0.0,0.0,572523.49,0.0,0.0,17.071946864573192,0.892521875,1021.9794775526876,0.0,0.0,0.0,0.0,572523.49,1021.9794775526876,571501.5105224473,0.0017850437500000003
2025-08,ES01,Hardware,C017,Orion ES01,Strategic,1.2359149999999999,45,1538381.8199999998,0.0,0.0,0.0,0.0,1538381.8199999998,0.0,0.0,16.391761181889162,0.7383361875,2271.685935796222,0.0,0.0,0.0,0.0,1538381.8199999998,2271.685935796222,1536110.1340642036,0.0014766723749999999
2025-08,ES01,Hardware,C018,Atlas ES01,Strategic,1.285565,45,1213115.1,0.0,0.0,0.0,0.0,1213115.1,0.0,0.0,15.866980305496156,0.7464043125,1810.9486843977377,0.0,0.0,0.0,0.0,1213115.1,1810.9486843977377,1211304.1513156022,0.001492808625
2025-08,ES01,Hardware,C019,Nimbus ES01,Core,2.209905,45,924000.63,0.0,0.0,0.0,0.0,924000.63,0.0,0.0,16.510776729665217,0.8966095625,1656.9356012280489,0.0,0.0,0.0,0.0,924000.63,1656.9356012280489,922343.694398772,0.0017932191250000001
2025-08,ES01,Hardware,C021,Cobalt ES01,Core,1.9086199999999998,45,735585.6,0.0,0.0,0.0,0.0,735585.6,0.0,0.0,15.613578079831905,0.8476507499999999,1247.0393710583999,0.0,0.0,0.0,0.0,735585.6,1247.0393710583999,734338.5606289416,0.0016953015
2025-08,ES01,Hardware,C020,Summit ES01,Strategic,1.0,45,931535.22,0.0,0.0,0.0,0.0,931535.22,0.0,0.0,0.0,0.7,1304.1493079999998,0.0,0.0,0.0,0.0,931535.22,1304.1493079999998,930231.070692,0.0013999999999999998
2025-08,ES01,Spare Parts,C028,Vertex ES01,Growth,3.0423750000000003,45,578262.1499999999,0.0,0.0,0.0,0.0,578262.1499999999,0.0,0.0,16.326793133529492,1.0318859375,1193.401161547031,0.0,0.0,0.0,0.0,578262.1499999999,1193.401161547031,577068.7488384529,0.002063771875
2025-08,ES01,Spare Parts,C029,Nova ES01,Core,2.341555,45,476279.0299999986,0.0,0.0,0.0,0.0,476279.0299999986,0.0,0.0,15.495483183460712,0.9180026875,874.4508590797836,0.0,0.0,0.0,0.0,476279.0299999986,874.4508590797836,475404.5791409188,0.001836005375
2025-08,ES01,Spare Parts,C030,Meridian ES01,Growth,2.7239050000000002,45,334476.55,0.0,0.0,0.0,0.0,334476.55,0.0,0.0,15.911552244843472,0.9801345625,655.6640540015187,0.0,0.0,0.0,0.0,334476.55,655.6640540015187,333820.8859459985,0.001960269125
2025-08,ES01,Spare Parts,C031,Orion ES01,Growth,2.81174,45,362551.74,0.0,0.0,0.0,0.0,362551.74,0.0,0.0,15.981128100502293,0.9944077499999999,721.0485200639699,0.0,0.0,0.0,0.0,362551.74,721.0485200639699,361830.691479936,0.0019888155
2025-08,ES01,Spare Parts,C033,Nimbus ES01,Growth,2.8488800000000003,45,323196.17000000004,0.0,0.0,0.0,0.0,323196.17000000004,0.0,0.0,15.637302880167175,1.0004430000000002,646.6786918066202,0.0,0.0,0.0,0.0,323196.17000000004,646.6786918066202,322549.4913081934,0.0020008860000000003
2025-08,ES01,Spare Parts,C027,Cobalt ES01,Core,2.25286,45,285962.68,0.0,0.0,0.0,0.0,285962.68,0.0,0.0,0.0,0.9035897500000001,516.78589306106,0.0,0.0,0.0,0.0,285962.68,516.78589306106,285445.8941069389,0.0018071795000000003
2025-08,ES01,Spare Parts,C032,Atlas ES01,Core,2.0051500000000004,45,388545.32,0.0,0.0,0.0,0.0,388545.32,0.0,0.0,0.0,0.8633368750000001,670.8910047293501,0.0,0.0,0.0,0.0,388545.32,670.8910047293501,387874.42899527063,0.0017266737500000002
2025-08,JP01,Hardware,C060,Keystone JP01,Growth,2.7943000000000002,45,575894.8800000005,0.0,0.0,0.0,0.0,575894.8800000005,0.0,0.0,8.426167463062027,0.99157375,1142.0844915348011,0.0,0.0,0.0,0.0,575894.8800000005,1142.0844915348011,574752.7955084656,0.0019831475000000004
2025-08,JP01,Hardware,C062,Northstar JP01,Growth,2.8876500000000003,45,992974.14,0.0,0.0,0.0,0.0,992974.14,0.0,0.0,17.050783618594537,1.006743125,1999.3397774955752,0.0,0.0,0.0,0.0,992974.14,1999.3397774955752,990974.8002225044,0.00201348625
2025-08,JP01,Hardware,C063,Kestrel JP01,Growth,2.933765,45,631025.57,0.0,0.0,0.0,0.0,631025.57,0.0,0.0,17.66637396326111,1.0142368125,1280.0187254455914,0.0,0.0,0.0,0.0,631025.57,1280.0187254455914,629745.5512745543,0.0020284736250000004
2025-08,JP01,Hardware,C064,Helix JP01,Growth,3.0409900000000003,45,320103.82999999996,0.0,0.0,0.0,0.0,320103.82999999996,0.0,0.0,20.06058003117301,1.031660875,660.4771946973025,0.0,0.0,0.0,0.0,320103.82999999996,660.4771946973025,319443.35280530265,0.0020633217500000004
2025-08,JP01,Hardware,C065,Vector JP01,Growth,3.1325000000000003,45,191974.06,0.0,0.0,0.0,0.0,191974.06,0.0,0.0,20.083746210295285,1.0465312500000001,401.81370595875006,0.0,0.0,0.0,0.0,191974.06,401.81370595875006,191572.24629404125,0.0020930625000000003
2025-08,JP01,Hardware,C066,Redwood JP01,Growth,3.086145,45,818496.04,0.0,0.0,0.0,0.0,818496.04,0.0,0.0,16.36671094951174,1.0389985625,1700.8324179438853,0.0,0.0,0.0,0.0,818496.04,1700.8324179438853,816795.2075820562,0.002077997125
2025-08,JP01,Hardware,C061,Axiom JP01,Core,1.97168,45,620537.12,0.0,0.0,0.0,0.0,620537.12,0.0,0.0,0.0,0.857898,1064.71510834752,0.0,0.0,0.0,0.0,620537.12,1064.71510834752,619472.4048916525,0.0017157960000000001
2025-08,JP01,Software,C053,Atlas JP01,Core,2.188565,30,62326.81,0.0,0.0,0.0,0.0,62326.81,0.0,0.0,0.0,0.8931418125,111.33336010148625,0.0,0.0,0.0,0.0,62326.81,111.33336010148625,62215.47663989851,0.0017862836250000002
2025-08,JP01,Software,C054,Nimbus JP01,Core,2.16125,30,89446.93,0.0,0.0,0.0,0.0,89446.93,0.0,0.0,0.0,0.8887031249999999,158.9835324253125,0.0,0.0,0.0,0.0,89446.93,158.9835324253125,89287.94646757469,0.0017774062500000001
2025-08,JP01,Software,C055,Summit JP01,Strategic,1.29925,30,31497.30000000025,0.0,0.0,0.0,0.0,31497.30000000025,0.0,0.0,0.0,0.748628125,47.15952928312537,0.0,0.0,0.0,0.0,31497.30000000025,47.15952928312537,31450.140470717124,0.0014972562499999998
2025-08,JP01,Software,C056,Cobalt JP01,Core,2.1768300000000003,30,126919.34,0.0,0.0,0.0,0.0,126919.34,0.0,0.0,0.0,0.8912348750000001,226.22988423996503,0.0,0.0,0.0,0.0,126919.34,226.22988423996503,126693.11011576004,0.0017824697500000003
2025-08,JP01,Software,C057,Vertex JP01,Core,2.26337,30,94113.42,0.0,0.0,0.0,0.0,94113.42,0.0,0.0,0.0,0.905297625,170.401311213255,0.0,0.0,0.0,0.0,94113.42,170.401311213255,93943.01868878675,0.0018105952500000002
2025-08,JP01,Software,C058,Nova JP01,Core,2.3047950000000004,30,97830.44,0.0,0.0,0.0,0.0,97830.44,0.0,0.0,0.0,0.9120291875000001,178.44843341193504,0.0,0.0,0.0,0.0,97830.44,178.44843341193504,97651.99156658807,0.0018240583750000004
2025-08,JP01,Software,C059,Meridian JP01,Growth,3.295,30,55909.03,0.0,0.0,0.0,0.0,55909.03,0.0,0.0,0.0,1.0729375,119.97378975125001,0.0,0.0,0.0,0.0,55909.03,119.97378975125001,55789.056210248746,0.002145875
2025-08,JP01,Spare Parts,C067,Orion JP01,Core,2.41448,45,487157.73,0.0,0.0,0.0,0.0,487157.73,0.0,0.0,15.883558493467815,0.929853,905.9701534273801,0.0,0.0,0.0,0.0,487157.73,905.9701534273801,486251.7598465726,0.0018597060000000002
2025-08,JP01,Spare Parts,C068,Atlas JP01,Core,2.34401,45,711693.22,0.0,0.0,0.0,0.0,711693.22,0.0,0.0,15.934129314875307,0.918401625,1307.240419498965,0.0,0.0,0.0,0.0,711693.22,1307.240419498965,710385.979580501,0.00183680325
2025-08,JP01,Spare Parts,C069,Nimbus JP01,Growth,3.28588,45,486136.31999999995,0.0,0.0,0.0,0.0,486136.31999999995,0.0,0.0,15.923318175445111,1.0714555000000001,1041.74686762752,0.0,0.0,0.0,0.0,486136.31999999995,1041.74686762752,485094.5731323724,0.0021429110000000004
2025-08,JP01,Spare Parts,C071,Cobalt JP01,Growth,2.876375,45,541635.9,0.0,0.0,0.0,0.0,541635.9,0.0,0.0,15.948384145142521,1.0049109375,1088.5916801053124,0.0,0.0,0.0,0.0,541635.9,1088.5916801053124,540547.3083198947,0.0020098218749999997
2025-08,JP01,Spare Parts,C073,Nova JP01,Core,2.219815,45,677553.7100000003,0.0,0.0,0.0,0.0,677553.7100000003,0.0,0.0,14.613143362464955,0.8982199375,1217.1845020981868,0.0,0.0,0.0,0.0,677553.7100000003,1217.1845020981868,676336.5254979021,0.0017964398750000001
2025-08,JP01,Spare Parts,C070,Summit JP01,Core,1.9708350000000001,45,394323.48,0.0,0.0,0.0,0.0,394323.48,0.0,0.0,0.0,0.8577606875,676.4703586043851,0.0,0.0,0.0,0.0,394323.48,676.4703586043851,393647.0096413956,0.0017155213750000003
2025-08,JP01,Spare Parts,C072,Vertex JP01,Strategic,1.1821099999999998,45,481359.68,0.0,0.0,0.0,0.0,481359.68,0.0,0.0,0.0,0.7295928749999999,702.39318568056,0.0,0.0,0.0,0.0,481359.68,702.39318568056,480657.28681431944,0.00145918575
2025-08,US01,Events,C048,Northstar US01,Growth,3.1211550000000003,30,336485.65000000095,0.0,0.0,0.0,0.0,336485.65000000095,0.0,0.0,9.6230240427787,1.0446876875000002,703.0448311508709,0.0,0.0,0.0,0.0,336485.65000000095,703.0448311508709,335782.6051688501,0.0020893753750000003
2025-08,US01,Events,C049,Kestrel US01,Strategic,1.447995,30,494113.29,0.0,0.0,0.0,0.0,494113.29,0.0,0.0,0.0,0.7727991875,763.7006980899038,0.0,0.0,0.0,0.0,494113.29,763.7006980899038,493349.5893019101,0.001545598375
2025-08,US01,Events,C051,Vector US01,Growth,2.8275900000000003,30,291565.83999999997,0.0,0.0,0.0,0.0,291565.83999999997,0.0,0.0,0.0,0.9969833750000001,581.37259039582,0.0,0.0,0.0,0.0,291565.83999999997,581.37259039582,290984.46740960417,0.0019939667500000003
2025-08,US01,Events,C052,Redwood US01,Growth,2.88081,30,354313.74,0.0,0.0,0.0,0.0,354313.74,0.0,0.0,0.0,1.005631625,712.618204232055,0.0,0.0,0.0,0.0,354313.74,712.618204232055,353601.1217957679,0.00201126325
2025-08,US01,Hardware,C041,Summit US01,Growth,2.82761,45,1274184.37,0.0,0.0,0.0,0.0,1274184.37,0.0,0.0,15.634642104423238,0.996986625,2540.689549348103,0.0,0.0,0.0,0.0,1274184.37,2540.689549348103,1271643.680450652,0.0019939732500000003
2025-08,US01,Hardware,C042,Cobalt US01,Growth,2.902705,45,663150.6,0.0,0.0,0.0,0.0,663150.6,0.0,0.0,16.721760034598475,1.0091895625,1338.489327771225,0.0,0.0,0.0,0.0,663150.6,1338.489327771225,661812.1106722287,0.0020183791249999998
2025-08,US01,Hardware,C044,Nova US01,Core,2.11017,45,1310003.5999999952,0.0,0.0,0.0,0.0,1310003.5999999952,0.0,0.0,15.568871948138105,0.880402625,2306.6612163988916,0.0,0.0,0.0,0.0,1310003.5999999952,2306.6612163988916,1307696.9387835963,0.0017608052500000001
2025-08,US01,Hardware,C046,Orion US01,Core,2.182275,45,1764239.66,0.0,0.0,0.0,0.0,1764239.66,0.0,0.0,16.550645789246115,0.8921196875,3147.8258683086124,0.0,0.0,0.0,0.0,1764239.66,3147.8258683086124,1761091.8341316914,0.001784239375
2025-08,US01,Hardware,C047,Atlas US01,Core,2.2454699999999996,45,1938911.5299999998,0.0,0.0,0.0,0.0,1938911.5299999998,0.0,0.0,16.40899432889545,0.902388875,3499.304388562457,0.0,0.0,0.0,0.0,1938911.5299999998,3499.304388562457,1935412.2256114373,0.0018047777499999999
2025-08,US01,Hardware,C043,Vertex US01,Core,2.0013,45,509090.4,0.0,0.0,0.0,0.0,509090.4,0.0,0.0,0.0,0.86271125,878.3960306940002,0.0,0.0,0.0,0.0,509090.4,878.3960306940002,508212.003969306,0.0017254225000000003
2025-08,US01,Hardware,C045,Meridian US01,Strategic,1.0499999999999998,45,784599.68,0.0,0.0,0.0,0.0,784599.68,0.0,0.0,0.0,0.7081249999999999,1111.1892968,0.0,0.0,0.0,0.0,784599.68,1111.1892968,783488.4907032001,0.0014162499999999998
2025-08,US01,Software,C034,Kestrel US01,Growth,2.9399699999999998,30,94731.4,0.0,0.0,0.0,0.0,94731.4,0.0,0.0,0.0,1.0152451249999999,192.35118406884996,0.0,0.0,0.0,0.0,94731.4,192.35118406884996,94539.04881593115,0.0020304902499999997
2025-08,US01,Software,C035,Helix US01,Core,2.18574,30,110095.58,0.0,0.0,0.0,0.0,110095.58,0.0,0.0,0.0,0.89268275,196.56085023448998,0.0,0.0,0.0,0.0,110095.58,196.56085023448998,109899.01914976552,0.0017853654999999996
2025-08,US01,Software,C036,Vector US01,Growth,3.016975,30,83459.11,0.0,0.0,0.0,0.0,83459.11,0.0,0.0,0.0,1.0277584375,171.55160897748124,0.0,0.0,0.0,0.0,83459.11,171.55160897748124,83287.55839102253,0.002055516875
2025-08,US01,Software,C037,Redwood US01,Core,2.305165,30,141924.3,0.0,0.0,0.0,0.0,141924.3,0.0,0.0,0.0,0.9120893125,258.8952744280875,0.0,0.0,0.0,0.0,141924.3,258.8952744280875,141665.4047255719,0.001824178625
2025-08,US01,Software,C038,Pioneer US01,Strategic,1.2493699999999999,30,86158.04000000024,0.0,0.0,0.0,0.0,86158.04000000024,0.0,0.0,0.0,0.740522625,127.60395589131035,0.0,0.0,0.0,0.0,86158.04000000024,127.60395589131035,86030.43604410894,0.00148104525
2025-08,US01,Software,C039,Keystone US01,Strategic,1.335245,30,202467.94,0.0,0.0,0.0,0.0,202467.94,0.0,0.0,0.0,0.7544773124999999,305.5149344772225,0.0,0.0,0.0,0.0,202467.94,305.5149344772225,202162.42506552278,0.001508954625
2025-08,US01,Software,C040,Axiom US01,Growth,2.8075,30,74926.62,0.0,0.0,0.0,0.0,74926.62,0.0,0.0,0.0,0.99371875,148.91197433624998,0.0,0.0,0.0,0.0,74926.62,148.91197433624998,74777.70802566374,0.0019874375
2025-09,DE01,Hardware,C010,Keystone DE01,Growth,3.8942900000000003,45,679206.3200000001,306658.44,0.0,0.0,0.0,985864.76,306658.43999999994,0.31105528105092217,28.014956331332908,1.1703221250000002,1589.7803674716606,3588.8915714998507,0.0,0.0,0.0,985864.76,5178.671938971511,980686.0880610285,0.005252923270095901
2025-09,DE01,Hardware,C008,Redwood DE01,Core,2.225305,45,897865.19,0.0,0.0,0.0,0.0,897865.19,0.0,0.0,12.162472185830037,0.8991120625,1614.5628456557088,0.0,0.0,0.0,0.0,897865.19,1614.5628456557088,896250.6271543442,0.0017982241250000001
2025-09,DE01,Hardware,C009,Pioneer DE01,Strategic,1.306745,45,1561747.6800000002,0.0,0.0,0.0,0.0,1561747.6800000002,0.0,0.0,13.924069988053382,0.7498460625,2342.14069693302,0.0,0.0,0.0,0.0,1561747.6800000002,2342.14069693302,1559405.5393030671,0.0014996921249999999
2025-09,DE01,Hardware,C011,Axiom DE01,Strategic,1.0,45,2487800.2399999998,0.0,0.0,0.0,0.0,2487800.2399999998,0.0,0.0,12.326687451400838,0.7,3482.9203359999997,0.0,0.0,0.0,0.0,2487800.2399999998,3482.9203359999997,2484317.3196639996,0.0014
2025-09,DE01,Hardware,C012,Northstar DE01,Growth,2.752895,45,880349.1699999999,0.0,0.0,0.0,0.0,880349.1699999999,0.0,0.0,14.045006255870044,0.9848454375,1734.0157269628237,0.0,0.0,0.0,0.0,880349.1699999999,1734.0157269628237,878615.1542730371,0.001969690875
2025-09,DE01,Hardware,C013,Kestrel DE01,Core,1.8694799999999998,45,1444346.0499999998,0.0,0.0,0.0,0.0,1444346.0499999998,0.0,0.0,12.88188858895692,0.8412904999999999,2430.22922115505,0.0,0.0,0.0,0.0,1444346.0499999998,2430.22922115505,1441915.8207788449,0.001682581
2025-09,DE01,Hardware,C014,Helix DE01,Core,2.0470550000000003,45,1152382.62,0.0,0.0,0.0,0.0,1152382.62,0.0,0.0,13.53797985950187,0.8701464375000001,2005.4832628598328,0.0,0.0,0.0,0.0,1152382.62,2005.4832628598328,1150377.1367371404,0.001740292875
2025-09,DE01,Software,C001,Meridian DE01,Growth,3.922925,30,139447.31,0.0,0.0,0.0,0.0,139447.31,0.0,0.0,15.192564130494882,1.1749753125,327.6942932890687,0.0,0.0,0.0,0.0,139447.31,327.6942932890687,139119.61570671093,0.0023499506249999996
2025-09,DE01,Software,C002,Orion DE01,Core,1.8911449999999999,30,102844.38,0.0,0.0,0.0,0.0,102844.38,0.0,0.0,0.0,0.8448110624999999,173.7681398799075,0.0,0.0,0.0,0.0,102844.38,173.7681398799075,102670.6118601201,0.001689622125
2025-09,DE01,Software,C003,Atlas DE01,Growth,2.7558400000000005,30,52316.63,0.0,0.0,0.0,0.0,52316.63,0.0,0.0,0.0,0.9853240000000001,103.09766227624,0.0,0.0,0.0,0.0,52316.63,103.09766227624,52213.53233772376,0.001970648
2025-09,DE01,Software,C004,Nimbus DE01,Strategic,1.0,30,87076.54999999987,0.0,0.0,0.0,0.0,87076.54999999987,0.0,0.0,0.0,0.7,121.90716999999981,0.0,0.0,0.0,0.0,87076.54999999987,121.90716999999981,86954.64282999987,0.0013999999999999998
2025-09,DE01,Software,C005,Summit DE01,Core,2.047655,30,96082.01,0.0,0.0,0.0,0.0,96082.01,0.0,0.0,0.0,0.8702439375,167.22957341062875,0.0,0.0,0.0,0.0,96082.01,167.22957341062875,95914.78042658936,0.001740487875
2025-09,DE01,Software,C006,Cobalt DE01,Core,2.081205,30,106413.86,0.0,0.0,0.0,0.0,106413.86,0.0,0.0,0.0,0.8756958125000001,186.37234318792252,0.0,0.0,0.0,0.0,106413.86,186.37234318792252,106227.48765681208,0.0017513916250000003
2025-09,DE01,Software,C007,Vertex DE01,Core,2.185245,30,85755.1,0.0,0.0,0.0,0.0,85755.1,0.0,0.0,0.0,0.8926023125,153.09040113733752,0.0,0.0,0.0,0.0,85755.1,153.09040113733752,85602.00959886267,0.0017852046250000002
2025-09,ES01,Events,C023,Redwood ES01,Growth,2.795945,30,304648.13,0.0,0.0,0.0,0.0,304648.13,0.0,0.0,16.81055321101101,0.9918410625,604.3250498956763,0.0,0.0,0.0,0.0,304648.13,604.3250498956763,304043.8049501043,0.0019836821250000004
2025-09,ES01,Events,C025,Keystone ES01,Core,2.0810400000000002,30,55480.38000000012,0.0,0.0,0.0,0.0,55480.38000000012,0.0,0.0,30.0,0.875669,97.16489774844023,0.0,0.0,0.0,0.0,55480.38000000012,97.16489774844023,55383.21510225168,0.0017513380000000003
2025-09,ES01,Events,C026,Axiom ES01,Core,2.21812,30,447058.49,0.0,0.0,0.0,0.0,447058.49,0.0,0.0,11.416573254206623,0.8979444999999999,802.86742454761,0.0,0.0,0.0,0.0,447058.49,802.86742454761,446255.6225754524,0.001795889
2025-09,ES01,Events,C022,Vector ES01,Strategic,1.0,30,886731.23,0.0,0.0,0.0,0.0,886731.23,0.0,0.0,0.0,0.7,1241.423722,0.0,0.0,0.0,0.0,886731.23,1241.423722,885489.806278,0.0014
2025-09,ES01,Events,C024,Pioneer ES01,Strategic,1.02279,30,800578.8999999999,0.0,0.0,0.0,0.0,800578.8999999999,0.0,0.0,0.0,0.703703375,1126.740147767575,0.0,0.0,0.0,0.0,800578.8999999999,1126.740147767575,799452.1598522323,0.0014074067500000002
2025-09,ES01,Hardware,C019,Nimbus ES01,Core,2.209905,45,928090.59,253839.7900000012,0.0,0.0,0.0,1181930.3800000013,253839.79000000132,0.21476712528533284,23.431530882555062,0.8966095625,1664.269795720534,2275.95183056993,0.0,0.0,0.0,1181930.3800000013,3940.221626290464,1177990.158373711,0.0033337171909317196
2025-09,ES01,Hardware,C015,Nova ES01,Strategic,1.134235,45,1153914.8900000001,0.0,0.0,0.0,0.0,1153914.8900000001,0.0,0.0,12.75887227696663,0.7218131875,1665.821969709224,0.0,0.0,0.0,0.0,1153914.8900000001,1665.821969709224,1152249.068030291,0.0014436263750000002
2025-09,ES01,Hardware,C016,Meridian ES01,Core,2.18475,45,629622.84,0.0,0.0,0.0,0.0,629622.84,0.0,0.0,11.755631514257011,0.892521875,1123.90431539925,0.0,0.0,0.0,0.0,629622.84,1123.90431539925,628498.9356846007,0.00178504375
2025-09,ES01,Hardware,C017,Orion ES01,Strategic,1.2359149999999999,45,1615835.46,0.0,0.0,0.0,0.0,1615835.46,0.0,0.0,12.955939956906256,0.7383361875,2386.0595863274175,0.0,0.0,0.0,0.0,1615835.46,2386.0595863274175,1613449.4004136724,0.001476672375
2025-09,ES01,Hardware,C018,Atlas ES01,Strategic,1.285565,45,1294990.73,0.0,0.0,0.0,0.0,1294990.73,0.0,0.0,13.239461258537347,0.7464043125,1933.1733310390462,0.0,0.0,0.0,0.0,1294990.73,1933.1733310390462,1293057.556668961,0.0014928086249999999
2025-09,ES01,Hardware,C020,Summit ES01,Strategic,1.0,45,2063756.91,0.0,0.0,0.0,0.0,2063756.91,0.0,0.0,13.54135095300541,0.7,2889.259674,0.0,0.0,0.0,0.0,2063756.91,2889.259674,2060867.6503259998,0.0014
2025-09,ES01,Hardware,C021,Cobalt ES01,Core,1.9086199999999998,45,772803.82,0.0,0.0,0.0,0.0,772803.82,0.0,0.0,13.693572063347203,0.8476507499999999,1310.1354752517298,0.0,0.0,0.0,0.0,772803.82,1310.1354752517298,771493.6845247482,0.0016953014999999997
2025-09,ES01,Spare Parts,C027,Cobalt ES01,Core,2.25286,45,652108.11,0.0,0.0,0.0,0.0,652108.11,0.0,0.0,13.15561065480385,0.9035897500000001,1178.476408175745,0.0,0.0,0.0,0.0,652108.11,1178.476408175745,650929.6335918242,0.0018071795
2025-09,ES01,Spare Parts,C028,Vertex ES01,Growth,3.0423750000000003,45,599403.94,0.0,0.0,0.0,0.0,599403.94,0.0,0.0,13.190934313845183,1.0318859375,1237.0329931361873,0.0,0.0,0.0,0.0,599403.94,1237.0329931361873,598166.9070068637,0.002063771875
2025-09,ES01,Spare Parts,C029,Nova ES01,Core,2.341555,45,510831.06,0.0,0.0,0.0,0.0,510831.06,0.0,0.0,13.523447849862535,0.9180026875,937.8885718769476,0.0,0.0,0.0,0.0,510831.06,937.8885718769476,509893.171428123,0.0018360053750000002
2025-09,ES01,Spare Parts,C030,Meridian ES01,Growth,2.7239050000000002,45,353183.37,0.0,0.0,0.0,0.0,353183.37,0.0,0.0,13.342234658443855,0.9801345625,692.3344556744513,0.0,0.0,0.0,0.0,353183.37,692.3344556744513,352491.03554432554,0.001960269125
2025-09,ES01,Spare Parts,C031,Orion ES01,Growth,2.81174,45,378305.01,0.0,0.0,0.0,0.0,378305.01,0.0,0.0,13.435102009354834,0.9944077499999999,752.378867615655,0.0,0.0,0.0,0.0,378305.01,752.378867615655,377552.63113238435,0.0019888155000000003
2025-09,ES01,Spare Parts,C032,Atlas ES01,Core,2.0051500000000004,45,594596.1799999987,0.0,0.0,0.0,0.0,594596.1799999987,0.0,0.0,5.704429180826502,0.8633368750000001,1026.6736158562728,0.0,0.0,0.0,0.0,594596.1799999987,1026.6736158562728,593569.5063841423,0.0017266737500000002
2025-09,ES01,Spare Parts,C033,Nimbus ES01,Growth,2.8488800000000003,45,346772.17000000004,0.0,0.0,0.0,0.0,346772.17000000004,0.0,0.0,13.386220410940128,1.0004430000000002,693.8515801426203,0.0,0.0,0.0,0.0,346772.17000000004,693.8515801426203,346078.3184198574,0.0020008860000000003
2025-09,JP01,Hardware,C064,Helix JP01,Growth,3.0409900000000003,45,446273.6,11469.470000000641,0.0,0.0,0.0,457743.07000000065,11469.47000000067,0.02505656721356951,8.454119469247308,1.031660875,920.8060253308,118.32603455986913,0.0,0.0,0.0,457743.07000000065,1039.132059890669,456703.93794011,0.002270120790448379
2025-09,JP01,Hardware,C065,Vector JP01,Growth,3.1325000000000003,45,269330.75,128518.61,0.0,0.0,0.0,397849.36,128518.60999999999,0.3230333460885798,24.166885928885243,1.0465312500000001,563.7260929218751,1344.9874157156253,0.0,0.0,0.0,397849.36,1908.7135086375004,395940.6464913625,0.0047975784317901135
2025-09,JP01,Hardware,C066,Redwood JP01,Growth,3.086145,45,883158.66,446536.27,0.0,0.0,0.0,1329694.9300000002,446536.27000000014,0.33581858509455254,28.541110027395533,1.0389985625,1835.2011563988526,4639.505426341119,0.0,0.0,0.0,1329694.9300000002,6474.706582739972,1323220.2234172602,0.004869317342392192
2025-09,JP01,Hardware,C060,Keystone JP01,Growth,2.7943000000000002,45,1030569.71,0.0,0.0,0.0,0.0,1030569.71,0.0,0.0,12.055719840630674,0.99157375,2043.771743962225,0.0,0.0,0.0,0.0,1030569.71,2043.771743962225,1028525.9382560378,0.0019831475
2025-09,JP01,Hardware,C061,Axiom JP01,Core,1.97168,45,1334880.88,0.0,0.0,0.0,0.0,1334880.88,0.0,0.0,13.945898753153168,0.857898,2290.38327438048,0.0,0.0,0.0,0.0,1334880.88,2290.38327438048,1332590.4967256193,0.0017157960000000001
2025-09,JP01,Hardware,C062,Northstar JP01,Growth,2.8876500000000003,45,1057850.82,0.0,0.0,0.0,0.0,1057850.82,0.0,0.0,12.155056986201513,1.006743125,2129.9680806212255,0.0,0.0,0.0,0.0,1057850.82,2129.9680806212255,1055720.8519193789,0.0020134862500000004
2025-09,JP01,Hardware,C063,Kestrel JP01,Growth,2.933765,45,662971.55,0.0,0.0,0.0,0.0,662971.55,0.0,0.0,11.739317320630123,1.0142368125,1344.820303300369,0.0,0.0,0.0,0.0,662971.55,1344.820303300369,661626.7296966997,0.0020284736250000004
2025-09,JP01,Software,C053,Atlas JP01,Core,2.188565,30,56684.86,0.0,0.0,0.0,0.0,56684.86,0.0,0.0,0.0,0.8931418125,101.25523720341751,0.0,0.0,0.0,0.0,56684.86,101.25523720341751,56583.60476279658,0.0017862836250000002
2025-09,JP01,Software,C054,Nimbus JP01,Core,2.16125,30,87955.91,0.0,0.0,0.0,0.0,87955.91,0.0,0.0,0.0,0.8887031249999999,156.3333841584375,0.0,0.0,0.0,0.0,87955.91,156.3333841584375,87799.57661584156,0.00177740625
2025-09,JP01,Software,C055,Summit JP01,Strategic,1.29925,30,24105.11000000022,0.0,0.0,0.0,0.0,24105.11000000022,0.0,0.0,0.0,0.748628125,36.09152660443783,0.0,0.0,0.0,0.0,24105.11000000022,36.09152660443783,24069.01847339578,0.00149725625
2025-09,JP01,Software,C056,Cobalt JP01,Core,2.1768300000000003,30,135731.64,0.0,0.0,0.0,0.0,135731.64,0.0,0.0,0.0,0.8912348750000001,241.93754241789009,0.0,0.0,0.0,0.0,135731.64,241.93754241789009,135489.7024575821,0.0017824697500000005
2025-09,JP01,Software,C057,Vertex JP01,Core,2.26337,30,98889.0,0.0,0.0,0.0,0.0,98889.0,0.0,0.0,0.0,0.905297625,179.04795367724998,0.0,0.0,0.0,0.0,98889.0,179.04795367724998,98709.95204632275,0.0018105952499999998
2025-09,JP01,Software,C058,Nova JP01,Core,2.3047950000000004,30,100476.06999999999,0.0,0.0,0.0,0.0,100476.06999999999,0.0,0.0,0.0,0.9120291875000001,183.27421697058625,0.0,0.0,0.0,0.0,100476.06999999999,183.27421697058625,100292.7957830294,0.0018240583750000002
2025-09,JP01,Software,C059,Meridian JP01,Growth,3.295,30,52361.82,0.0,0.0,0.0,0.0,52361.82,0.0,0.0,0.0,1.0729375,112.36192049250002,0.0,0.0,0.0,0.0,52361.82,112.36192049250002,52249.4580795075,0.002145875
2025-09,JP01,Spare Parts,C067,Orion JP01,Core,2.41448,45,506406.01,0.0,0.0,0.0,0.0,506406.01,0.0,0.0,13.57988148679357,0.929853,941.7662952330601,0.0,0.0,0.0,0.0,506406.01,941.7662952330601,505464.24370476697,0.001859706
2025-09,JP01,Spare Parts,C068,Atlas JP01,Core,2.34401,45,747922.51,0.0,0.0,0.0,0.0,747922.51,0.0,0.0,13.384521345667212,0.918401625,1373.7864971161575,0.0,0.0,0.0,0.0,747922.51,1373.7864971161575,746548.7235028838,0.00183680325
2025-09,JP01,Spare Parts,C069,Nimbus JP01,Growth,3.28588,45,516083.80999999994,0.0,0.0,0.0,0.0,516083.80999999994,0.0,0.0,13.25983525815313,1.0714555000000001,1105.92167337091,0.0,0.0,0.0,0.0,516083.80999999994,1105.92167337091,514977.888326629,0.0021429110000000004
2025-09,JP01,Spare Parts,C070,Summit JP01,Core,1.9708350000000001,45,880431.0700000001,0.0,0.0,0.0,0.0,880431.0700000001,0.0,0.0,13.43626412457252,0.8577606875,1510.3983197991215,0.0,0.0,0.0,0.0,880431.0700000001,1510.3983197991215,878920.671680201,0.0017155213750000003
2025-09,JP01,Spare Parts,C071,Cobalt JP01,Growth,2.876375,45,569449.47,0.0,0.0,0.0,0.0,569449.47,0.0,0.0,13.365294026878278,1.0049109375,1144.4920015131563,0.0,0.0,0.0,0.0,569449.47,1144.4920015131563,568304.9779984868,0.002009821875
2025-09,JP01,Spare Parts,C072,Vertex JP01,Strategic,1.1821099999999998,45,714475.1500000004,0.0,0.0,0.0,0.0,714475.1500000004,0.0,0.0,4.132982791633844,0.7295928749999999,1042.551957609113,0.0,0.0,0.0,0.0,714475.1500000004,1042.551957609113,713432.5980423912,0.00145918575
2025-09,JP01,Spare Parts,C073,Nova JP01,Core,2.219815,45,777699.0,0.0,0.0,0.0,0.0,777699.0,0.0,0.0,13.405471525615953,0.8982199375,1397.089494347625,0.0,0.0,0.0,0.0,777699.0,1397.089494347625,776301.9105056524,0.0017964398750000001
2025-09,US01,Events,C048,Northstar US01,Growth,3.1211550000000003,30,1241119.92,0.0,0.0,0.0,0.0,1241119.92,0.0,0.0,5.524494361511819,1.0446876875000002,2593.16539826997,0.0,0.0,0.0,0.0,1241119.92,2593.16539826997,1238526.75460173,0.002089375375
2025-09,US01,Events,C052,Redwood US01,Growth,2.88081,30,345278.8600000008,0.0,0.0,0.0,0.0,345278.8600000008,0.0,0.0,29.999999999999996,1.005631625,694.4466821198965,0.0,0.0,0.0,0.0,345278.8600000008,694.4466821198965,344584.4133178809,0.00201126325
2025-09,US01,Events,C049,Kestrel US01,Strategic,1.447995,30,1576238.35,0.0,0.0,0.0,0.0,1576238.35,0.0,0.0,0.0,0.7727991875,2436.2314323726814,0.0,0.0,0.0,0.0,1576238.35,2436.2314323726814,1573802.1185676274,0.001545598375
2025-09,US01,Events,C050,Helix US01,Growth,2.8449999999999998,30,520387.31000000006,0.0,0.0,0.0,0.0,520387.31000000006,0.0,0.0,0.0,0.9998125,1040.5794747587502,0.0,0.0,0.0,0.0,520387.31000000006,1040.5794747587502,519346.7305252413,0.001999625
2025-09,US01,Events,C051,Vector US01,Growth,2.8275900000000003,30,422806.87,0.0,0.0,0.0,0.0,422806.87,0.0,0.0,0.0,0.9969833750000001,843.0628404515726,0.0,0.0,0.0,0.0,422806.87,843.0628404515726,421963.80715954845,0.0019939667500000003
2025-09,US01,Hardware,C042,Cobalt US01,Growth,2.902705,45,696212.19,261684.12999999512,0.0,0.0,0.0,957896.3199999951,261684.12999999512,0.2731862776130056,25.583688013333045,1.0091895625,1405.2201508665337,2640.8889266788824,0.0,0.0,0.0,957896.3199999951,4046.109077545416,953850.2109224496,0.004223953044882182
2025-09,US01,Hardware,C041,Summit US01,Growth,2.82761,45,1248434.08,0.0,0.0,0.0,0.0,1248434.08,0.0,0.0,14.661658787783171,0.996986625,2489.34415990836,0.0,0.0,0.0,0.0,1248434.08,2489.34415990836,1245944.7358400917,0.00199397325
2025-09,US01,Hardware,C043,Vertex US01,Core,2.0013,45,1177980.74,0.0,0.0,0.0,0.0,1177980.74,0.0,0.0,12.965162741115785,0.86271125,2032.51447336265,0.0,0.0,0.0,0.0,1177980.74,2032.51447336265,1175948.2255266374,0.0017254225
2025-09,US01,Hardware,C044,Nova US01,Core,2.11017,45,1385390.69,0.0,0.0,0.0,0.0,1385390.69,0.0,0.0,13.64584722306745,0.880402625,2439.4032002531226,0.0,0.0,0.0,0.0,1385390.69,2439.4032002531226,1382951.2867997468,0.0017608052500000001
2025-09,US01,Hardware,C045,Meridian US01,Strategic,1.0499999999999998,45,1851766.9900000002,0.0,0.0,0.0,0.0,1851766.9900000002,0.0,0.0,12.711097307118537,0.7081249999999999,2622.5649995875,0.0,0.0,0.0,0.0,1851766.9900000002,2622.5649995875,1849144.4250004126,0.00141625
2025-09,US01,Hardware,C046,Orion US01,Core,2.182275,45,1812793.99,0.0,0.0,0.0,0.0,1812793.99,0.0,0.0,13.089123326142536,0.8921196875,3234.4584157213567,0.0,0.0,0.0,0.0,1812793.99,3234.4584157213567,1809559.5315842787,0.0017842393750000002
2025-09,US01,Hardware,C047,Atlas US01,Core,2.2454699999999996,45,2034458.1,0.0,0.0,0.0,0.0,2034458.1,0.0,0.0,12.952715811645371,0.902388875,3671.744712187275,0.0,0.0,0.0,0.0,2034458.1,3671.744712187275,2030786.3552878129,0.00180477775
2025-09,US01,Software,C034,Kestrel US01,Growth,2.9399699999999998,30,101179.43000000001,0.0,0.0,0.0,0.0,101179.43000000001,0.0,0.0,0.0,1.0152451249999999,205.4438461155575,0.0,0.0,0.0,0.0,101179.43000000001,205.4438461155575,100973.98615388446,0.00203049025
2025-09,US01,Software,C035,Helix US01,Core,2.18574,30,109241.52,0.0,0.0,0.0,0.0,109241.52,0.0,0.0,0.0,0.89268275,195.03604097556,0.0,0.0,0.0,0.0,109241.52,195.03604097556,109046.48395902444,0.0017853655
2025-09,US01,Software,C036,Vector US01,Growth,3.016975,30,81964.51000000001,0.0,0.0,0.0,0.0,81964.51000000001,0.0,0.0,0.0,1.0277584375,168.47943345610625,0.0,0.0,0.0,0.0,81964.51000000001,168.47943345610625,81796.03056654391,0.002055516875
2025-09,US01,Software,C037,Redwood US01,Core,2.305165,30,137087.78,0.0,0.0,0.0,0.0,137087.78,0.0,0.0,0.0,0.9120893125,250.07259802470253,0.0,0.0,0.0,0.0,137087.78,250.07259802470253,136837.7074019753,0.0018241786250000002
2025-09,US01,Software,C038,Pioneer US01,Strategic,1.2493699999999999,30,98252.31000000023,0.0,0.0,0.0,0.0,98252.31000000023,0.0,0.0,0.0,0.740522625,145.51611702702786,0.0,0.0,0.0,0.0,98252.31000000023,145.51611702702786,98106.7938829732,0.0014810452500000001
2025-09,US01,Software,C039,Keystone US01,Strategic,1.335245,30,206891.56,0.0,0.0,0.0,0.0,206891.56,0.0,0.0,0.0,0.7544773124999999,312.18997633546496,0.0,0.0,0.0,0.0,206891.56,312.18997633546496,206579.37002366452,0.0015089546249999997
2025-09,US01,Software,C040,Axiom US01,Growth,2.8075,30,73599.73,0.0,0.0,0.0,0.0,73599.73,0.0,0.0,0.0,0.99371875,146.274863391875,0.0,0.0,0.0,0.0,73599.73,146.274863391875,73453.45513660811,0.0019874375
2025-10,DE01,Hardware,C010,Keystone DE01,Growth,3.8942900000000003,45,744353.1699999999,307315.06,0.0,0.0,0.0,1051668.23,307315.06000000006,0.292216738352931,28.141614014526237,1.1703221250000002,1742.2659673297728,3596.5761406370257,0.0,0.0,0.0,1051668.23,5338.842107966799,1046329.3878920332,0.005076545963518171
2025-10,DE01,Hardware,C008,Redwood DE01,Core,2.225305,45,1177760.6099999999,0.0,0.0,0.0,0.0,1177760.6099999999,0.0,0.0,13.59843007485197,0.8991120625,2117.877542376716,0.0,0.0,0.0,0.0,1177760.6099999999,2117.877542376716,1175642.7324576231,0.0017982241250000001
2025-10,DE01,Hardware,C009,Pioneer DE01,Strategic,1.306745,45,1775651.9,0.0,0.0,0.0,0.0,1775651.9,0.0,0.0,14.139340261455525,0.7498460625,2662.931171171287,0.0,0.0,0.0,0.0,1775651.9,2662.931171171287,1772988.9688288285,0.0014996921249999999
2025-10,DE01,Hardware,C011,Axiom DE01,Strategic,1.0,45,2038951.2000000004,0.0,0.0,0.0,0.0,2038951.2000000004,0.0,0.0,8.423707100003181,0.7,2854.5316800000005,0.0,0.0,0.0,0.0,2038951.2000000004,2854.5316800000005,2036096.6683200004,0.0014
2025-10,DE01,Hardware,C012,Northstar DE01,Growth,2.752895,45,936563.84,0.0,0.0,0.0,0.0,936563.84,0.0,0.0,14.997339102906215,0.9848454375,1844.74124950296,0.0,0.0,0.0,0.0,936563.84,1844.74124950296,934719.098750497,0.001969690875
2025-10,DE01,Hardware,C013,Kestrel DE01,Core,1.8694799999999998,45,1719518.75,0.0,0.0,0.0,0.0,1719518.75,0.0,0.0,14.378718813039985,0.8412904999999999,2893.2295778937496,0.0,0.0,0.0,0.0,1719518.75,2893.2295778937496,1716625.5204221061,0.0016825809999999998
2025-10,DE01,Hardware,C014,Helix DE01,Core,2.0470550000000003,45,1303648.23,0.0,0.0,0.0,0.0,1303648.23,0.0,0.0,14.551890198171023,0.8701464375000001,2268.7297261753615,0.0,0.0,0.0,0.0,1303648.23,2268.7297261753615,1301379.5002738247,0.0017402928750000002
2025-10,DE01,Software,C001,Meridian DE01,Growth,3.922925,30,140991.59000000003,0.0,0.0,0.0,0.0,140991.59000000003,0.0,0.0,14.645250117400618,1.1749753125,331.3232750402438,0.0,0.0,0.0,0.0,140991.59000000003,331.3232750402438,140660.26672495977,0.002349950625
2025-10,DE01,Software,C002,Orion DE01,Core,1.8911449999999999,30,100682.44,0.0,0.0,0.0,0.0,100682.44,0.0,0.0,0.0,0.8448110624999999,170.11527822298498,0.0,0.0,0.0,0.0,100682.44,170.11527822298498,100512.32472177701,0.0016896221249999997
2025-10,DE01,Software,C003,Atlas DE01,Growth,2.7558400000000005,30,52486.56,0.0,0.0,0.0,0.0,52486.56,0.0,0.0,0.0,0.9853240000000001,103.43253449088,0.0,0.0,0.0,0.0,52486.56,103.43253449088,52383.12746550912,0.001970648
2025-10,DE01,Software,C004,Nimbus DE01,Strategic,1.0,30,84134.56999999992,0.0,0.0,0.0,0.0,84134.56999999992,0.0,0.0,0.0,0.7,117.78839799999989,0.0,0.0,0.0,0.0,84134.56999999992,117.78839799999989,84016.78160199992,0.0014
2025-10,DE01,Software,C005,Summit DE01,Core,2.047655,30,95938.09,0.0,0.0,0.0,0.0,95938.09,0.0,0.0,0.0,0.8702439375,166.97908239565874,0.0,0.0,0.0,0.0,95938.09,166.97908239565874,95771.11091760434,0.001740487875
2025-10,DE01,Software,C006,Cobalt DE01,Core,2.081205,30,118500.76999999999,0.0,0.0,0.0,0.0,118500.76999999999,0.0,0.0,0.0,0.8756958125000001,207.54125613405125,0.0,0.0,0.0,0.0,118500.76999999999,207.54125613405125,118293.22874386594,0.0017513916250000003
2025-10,DE01,Software,C007,Vertex DE01,Core,2.185245,30,84666.12,0.0,0.0,0.0,0.0,84666.12,0.0,0.0,0.0,0.8926023125,151.146349004805,0.0,0.0,0.0,0.0,84666.12,151.146349004805,84514.97365099519,0.001785204625
2025-10,ES01,Events,C023,Redwood ES01,Growth,2.795945,30,1104597.6099999999,0.0,0.0,0.0,0.0,1104597.6099999999,0.0,0.0,3.637650727851929,0.9918410625,2191.170534274721,0.0,0.0,0.0,0.0,1104597.6099999999,2191.170534274721,1102406.439465725,0.001983682125
2025-10,ES01,Events,C026,Axiom ES01,Core,2.21812,30,557604.02,0.0,0.0,0.0,0.0,557604.02,0.0,0.0,12.273420482155062,0.8979444999999999,1001.3949258737799,0.0,0.0,0.0,0.0,557604.02,1001.3949258737799,556602.6250741263,0.0017958889999999997
2025-10,ES01,Events,C022,Vector ES01,Strategic,1.0,30,713984.6599999999,0.0,0.0,0.0,0.0,713984.6599999999,0.0,0.0,0.0,0.7,999.5785239999999,0.0,0.0,0.0,0.0,713984.6599999999,999.5785239999999,712985.0814759999,0.0014
2025-10,ES01,Events,C024,Pioneer ES01,Strategic,1.02279,30,1139308.11,0.0,0.0,0.0,0.0,1139308.11,0.0,0.0,0.0,0.703703375,1603.4699243437428,0.0,0.0,0.0,0.0,1139308.11,1603.4699243437428,1137704.6400756564,0.0014074067500000002
2025-10,ES01,Events,C025,Keystone ES01,Core,2.0810400000000002,30,90597.53,0.0,0.0,0.0,0.0,90597.53,0.0,0.0,0.0,0.875669,158.66689699514,0.0,0.0,0.0,0.0,90597.53,158.66689699514,90438.86310300486,0.001751338
2025-10,ES01,Hardware,C015,Nova ES01,Strategic,1.134235,45,1368586.82,0.0,0.0,0.0,0.0,1368586.82,0.0,0.0,14.536742360269113,0.7218131875,1975.7280298293774,0.0,0.0,0.0,0.0,1368586.82,1975.7280298293774,1366611.0919701706,0.001443626375
2025-10,ES01,Hardware,C016,Meridian ES01,Core,2.18475,45,736683.61,0.0,0.0,0.0,0.0,736683.61,0.0,0.0,15.592950547657766,0.892521875,1315.0124737579376,0.0,0.0,0.0,0.0,736683.61,1315.0124737579376,735368.597526242,0.0017850437500000003
2025-10,ES01,Hardware,C017,Orion ES01,Strategic,1.2359149999999999,45,1958836.6099999999,0.0,0.0,0.0,0.0,1958836.6099999999,0.0,0.0,14.059568041256897,0.7383361875,2892.5599091256486,0.0,0.0,0.0,0.0,1958836.6099999999,2892.5599091256486,1955944.0500908743,0.001476672375
2025-10,ES01,Hardware,C018,Atlas ES01,Strategic,1.285565,45,1515873.65,0.0,0.0,0.0,0.0,1515873.65,0.0,0.0,14.318305684645948,0.7464043125,2262.909259130231,0.0,0.0,0.0,0.0,1515873.65,2262.909259130231,1513610.7407408697,0.0014928086249999999
2025-10,ES01,Hardware,C019,Nimbus ES01,Core,2.209905,45,1063211.9,0.0,0.0,0.0,0.0,1063211.9,0.0,0.0,14.464347981808706,0.8966095625,1906.5719130075875,0.0,0.0,0.0,0.0,1063211.9,1906.5719130075875,1061305.3280869923,0.0017932191250000001
2025-10,ES01,Hardware,C020,Summit ES01,Strategic,1.0,45,1760613.02,0.0,0.0,0.0,0.0,1760613.02,0.0,0.0,9.910243876306222,0.7,2464.858228,0.0,0.0,0.0,0.0,1760613.02,2464.858228,1758148.161772,0.0014
2025-10,ES01,Hardware,C021,Cobalt ES01,Core,1.9086199999999998,45,840260.36,0.0,0.0,0.0,0.0,840260.36,0.0,0.0,14.997339396089087,0.8476507499999999,1424.4946486985398,0.0,0.0,0.0,0.0,840260.36,1424.4946486985398,838835.8653513015,0.0016953014999999997
2025-10,ES01,Spare Parts,C027,Cobalt ES01,Core,2.25286,45,590969.2499999984,0.0,0.0,0.0,0.0,590969.2499999984,0.0,0.0,10.726397185640321,0.9035897500000001,1067.9875137303723,0.0,0.0,0.0,0.0,590969.2499999984,1067.9875137303723,589901.262486268,0.0018071795000000003
2025-10,ES01,Spare Parts,C028,Vertex ES01,Growth,3.0423750000000003,45,693777.79,0.0,0.0,0.0,0.0,693777.79,0.0,0.0,14.52254647702112,1.0318859375,1431.7990905016566,0.0,0.0,0.0,0.0,693777.79,1431.7990905016566,692345.9909094984,0.0020637718750000002
2025-10,ES01,Spare Parts,C029,Nova ES01,Core,2.341555,45,572207.04,0.0,0.0,0.0,0.0,572207.04,0.0,0.0,14.709246848832896,0.9180026875,1050.57520105284,0.0,0.0,0.0,0.0,572207.04,1050.57520105284,571156.4647989472,0.0018360053749999997
2025-10,ES01,Spare Parts,C030,Meridian ES01,Growth,2.7239050000000002,45,392804.7,0.0,0.0,0.0,0.0,392804.7,0.0,0.0,14.97753387370365,0.9801345625,770.0029255648875,0.0,0.0,0.0,0.0,392804.7,770.0029255648875,392034.6970744351,0.001960269125
2025-10,ES01,Spare Parts,C031,Orion ES01,Growth,2.81174,45,428150.26,0.0,0.0,0.0,0.0,428150.26,0.0,0.0,14.636412693057807,0.9944077499999999,851.51187341703,0.0,0.0,0.0,0.0,428150.26,851.51187341703,427298.748126583,0.0019888155
2025-10,ES01,Spare Parts,C033,Nimbus ES01,Growth,2.8488800000000003,45,387475.3,0.0,0.0,0.0,0.0,387475.3,0.0,0.0,14.868551363144956,1.0004430000000002,775.2939031158002,0.0,0.0,0.0,0.0,387475.3,775.2939031158002,386700.0060968842,0.0020008860000000003
2025-10,ES01,Spare Parts,C032,Atlas ES01,Core,2.0051500000000004,45,496461.65,0.0,0.0,0.0,0.0,496461.65,0.0,0.0,0.0,0.8633368750000001,857.2272989366877,0.0,0.0,0.0,0.0,496461.65,857.2272989366877,495604.42270106333,0.0017266737500000002
2025-10,JP01,Hardware,C060,Keystone JP01,Growth,2.7943000000000002,45,1205843.08,0.0,0.0,0.0,0.0,1205843.08,0.0,0.0,15.336018348258047,0.99157375,2391.3646894943004,0.0,0.0,0.0,0.0,1205843.08,2391.3646894943004,1203451.7153105058,0.0019831475000000004
2025-10,JP01,Hardware,C061,Axiom JP01,Core,1.97168,45,987515.020000001,0.0,0.0,0.0,0.0,987515.020000001,0.0,0.0,8.253328643041828,0.857898,1694.3743212559218,0.0,0.0,0.0,0.0,987515.020000001,1694.3743212559218,985820.645678745,0.0017157960000000001
2025-10,JP01,Hardware,C062,Northstar JP01,Growth,2.8876500000000003,45,1292860.42,0.0,0.0,0.0,0.0,1292860.42,0.0,0.0,14.60117991700914,1.006743125,2603.156678839225,0.0,0.0,0.0,0.0,1292860.42,2603.156678839225,1290257.2633211608,0.0020134862500000004
2025-10,JP01,Hardware,C063,Kestrel JP01,Growth,2.933765,45,868613.0900000001,0.0,0.0,0.0,0.0,868613.0900000001,0.0,0.0,13.937520904733315,1.0142368125,1761.9587433947515,0.0,0.0,0.0,0.0,868613.0900000001,1761.9587433947515,866851.1312566054,0.002028473625
2025-10,JP01,Hardware,C064,Helix JP01,Growth,3.0409900000000003,45,653146.1699999999,0.0,0.0,0.0,0.0,653146.1699999999,0.0,0.0,15.626764832747929,1.031660875,1347.6506984901976,0.0,0.0,0.0,0.0,653146.1699999999,1347.6506984901976,651798.5193015097,0.0020633217500000004
2025-10,JP01,Hardware,C065,Vector JP01,Growth,3.1325000000000003,45,494736.83,0.0,0.0,0.0,0.0,494736.83,0.0,0.0,12.48392807141526,1.0465312500000001,1035.5151062418752,0.0,0.0,0.0,0.0,494736.83,1035.5151062418752,493701.31489375816,0.0020930625000000003
2025-10,JP01,Hardware,C066,Redwood JP01,Growth,3.086145,45,1049289.13,0.0,0.0,0.0,0.0,1049289.13,0.0,0.0,14.61557759585292,1.0389985625,2180.419795433751,0.0,0.0,0.0,0.0,1049289.13,2180.419795433751,1047108.7102045661,0.002077997125
2025-10,JP01,Software,C053,Atlas JP01,Core,2.188565,30,63662.49,0.0,0.0,0.0,0.0,63662.49,0.0,0.0,0.0,0.8931418125,113.71926341372625,0.0,0.0,0.0,0.0,63662.49,113.71926341372625,63548.77073658627,0.0017862836250000002
2025-10,JP01,Software,C054,Nimbus JP01,Core,2.16125,30,89891.93,0.0,0.0,0.0,0.0,89891.93,0.0,0.0,0.0,0.8887031249999999,159.77447820656246,0.0,0.0,0.0,0.0,89891.93,159.77447820656246,89732.15552179344,0.0017774062499999997
2025-10,JP01,Software,C055,Summit JP01,Strategic,1.29925,30,23844.550000000265,0.0,0.0,0.0,0.0,23844.550000000265,0.0,0.0,0.0,0.748628125,35.701401515937896,0.0,0.0,0.0,0.0,23844.550000000265,35.701401515937896,23808.84859848433,0.00149725625
2025-10,JP01,Software,C056,Cobalt JP01,Core,2.1768300000000003,30,133715.32,0.0,0.0,0.0,0.0,133715.32,0.0,0.0,0.0,0.8912348750000001,238.34351301157005,0.0,0.0,0.0,0.0,133715.32,238.34351301157005,133476.97648698842,0.0017824697500000003
2025-10,JP01,Software,C057,Vertex JP01,Core,2.26337,30,105472.51,0.0,0.0,0.0,0.0,105472.51,0.0,0.0,0.0,0.905297625,190.9680256115775,0.0,0.0,0.0,0.0,105472.51,190.9680256115775,105281.54197438841,0.0018105952500000002
2025-10,JP01,Software,C058,Nova JP01,Core,2.3047950000000004,30,98760.5,0.0,0.0,0.0,0.0,98760.5,0.0,0.0,0.0,0.9120291875000001,180.14491714418753,0.0,0.0,0.0,0.0,98760.5,180.14491714418753,98580.3550828558,0.0018240583750000004
2025-10,JP01,Software,C059,Meridian JP01,Growth,3.295,30,53982.17,0.0,0.0,0.0,0.0,53982.17,0.0,0.0,0.0,1.0729375,115.83898904875001,0.0,0.0,0.0,0.0,53982.17,115.83898904875001,53866.331010951246,0.002145875
2025-10,JP01,Spare Parts,C067,Orion JP01,Core,2.41448,45,572397.19,0.0,0.0,0.0,0.0,572397.19,0.0,0.0,14.527057164623749,0.929853,1064.49048862614,0.0,0.0,0.0,0.0,572397.19,1064.49048862614,571332.6995113738,0.001859706
2025-10,JP01,Spare Parts,C068,Atlas JP01,Core,2.34401,45,852853.1399999999,0.0,0.0,0.0,0.0,852853.1399999999,0.0,0.0,14.571196278881029,0.918401625,1566.523419324705,0.0,0.0,0.0,0.0,852853.1399999999,1566.523419324705,851286.6165806752,0.0018368032500000002
2025-10,JP01,Spare Parts,C069,Nimbus JP01,Growth,3.28588,45,592127.55,0.0,0.0,0.0,0.0,592127.55,0.0,0.0,14.590315887176672,1.0714555000000001,1268.8766402980502,0.0,0.0,0.0,0.0,592127.55,1268.8766402980502,590858.673359702,0.0021429110000000004
2025-10,JP01,Spare Parts,C070,Summit JP01,Core,1.9708350000000001,45,756695.2500000002,0.0,0.0,0.0,0.0,756695.2500000002,0.0,0.0,10.097886963080585,0.8577606875,1298.1268757359692,0.0,0.0,0.0,0.0,756695.2500000002,1298.1268757359692,755397.1231242643,0.001715521375
2025-10,JP01,Spare Parts,C071,Cobalt JP01,Growth,2.876375,45,638986.28,0.0,0.0,0.0,0.0,638986.28,0.0,0.0,14.824456794283595,1.0049109375,1284.2486033688751,0.0,0.0,0.0,0.0,638986.28,1284.2486033688751,637702.0313966312,0.002009821875
2025-10,JP01,Spare Parts,C073,Nova JP01,Core,2.219815,45,895921.02,0.0,0.0,0.0,0.0,895921.02,0.0,0.0,14.404783359140295,0.8982199375,1609.4682451786723,0.0,0.0,0.0,0.0,895921.02,1609.4682451786723,894311.5517548213,0.0017964398749999997
2025-10,JP01,Spare Parts,C072,Vertex JP01,Strategic,1.1821099999999998,45,641091.34,0.0,0.0,0.0,0.0,641091.34,0.0,0.0,0.0,0.7295928749999999,935.4713477764049,0.0,0.0,0.0,0.0,641091.34,935.4713477764049,640155.8686522236,0.0014591857499999998
2025-10,US01,Events,C048,Northstar US01,Growth,3.1211550000000003,30,722247.3800000006,0.0,0.0,0.0,0.0,722247.3800000006,0.0,0.0,16.46003686437742,1.0446876875000002,1509.045890430269,0.0,0.0,0.0,0.0,722247.3800000006,1509.045890430269,720738.3341095704,0.0020893753750000003
2025-10,US01,Events,C049,Kestrel US01,Strategic,1.447995,30,1107972.24,0.0,0.0,0.0,0.0,1107972.24,0.0,0.0,0.0,0.7727991875,1712.4800936891102,0.0,0.0,0.0,0.0,1107972.24,1712.4800936891102,1106259.7599063108,0.0015455983750000003
2025-10,US01,Events,C050,Helix US01,Growth,2.8449999999999998,30,352201.98,0.0,0.0,0.0,0.0,352201.98,0.0,0.0,0.0,0.9998125,704.2718842575,0.0,0.0,0.0,0.0,352201.98,704.2718842575,351497.7081157425,0.001999625
2025-10,US01,Events,C051,Vector US01,Growth,2.8275900000000003,30,269996.98,0.0,0.0,0.0,0.0,269996.98,0.0,0.0,0.0,0.9969833750000001,538.3650007204151,0.0,0.0,0.0,0.0,269996.98,538.3650007204151,269458.61499927955,0.0019939667500000003
2025-10,US01,Events,C052,Redwood US01,Growth,2.88081,30,95993.95,0.0,0.0,0.0,0.0,95993.95,0.0,0.0,0.0,1.005631625,193.06910385733747,0.0,0.0,0.0,0.0,95993.95,193.06910385733747,95800.88089614265,0.0020112632499999995
2025-10,US01,Hardware,C041,Summit US01,Growth,2.82761,45,1307922.4100000001,0.0,0.0,0.0,0.0,1307922.4100000001,0.0,0.0,14.640706324467672,0.996986625,2607.9622986155327,0.0,0.0,0.0,0.0,1307922.4100000001,2607.9622986155327,1305314.4477013845,0.00199397325
2025-10,US01,Hardware,C042,Cobalt US01,Growth,2.902705,45,805535.76,0.0,0.0,0.0,0.0,805535.76,0.0,0.0,14.997339038058348,1.0091895625,1625.87656242501,0.0,0.0,0.0,0.0,805535.76,1625.87656242501,803909.883437575,0.0020183791249999998
2025-10,US01,Hardware,C043,Vertex US01,Core,2.0013,45,1301154.5,0.0,0.0,0.0,0.0,1301154.5,0.0,0.0,15.422234792255646,0.86271125,2245.04125027625,0.0,0.0,0.0,0.0,1301154.5,2245.04125027625,1298909.4587497239,0.0017254225
2025-10,US01,Hardware,C044,Nova US01,Core,2.11017,45,1509147.13,0.0,0.0,0.0,0.0,1509147.13,0.0,0.0,15.013043161669732,0.880402625,2657.314189526432,0.0,0.0,0.0,0.0,1509147.13,2657.314189526432,1506489.8158104734,0.00176080525
2025-10,US01,Hardware,C045,Meridian US01,Strategic,1.0499999999999998,45,1300925.6399999948,0.0,0.0,0.0,0.0,1300925.6399999948,0.0,0.0,5.26802877065277,0.7081249999999999,1842.4359376499922,0.0,0.0,0.0,0.0,1300925.6399999948,1842.4359376499922,1299083.2040623447,0.0014162499999999998
2025-10,US01,Hardware,C046,Orion US01,Core,2.182275,45,2092947.28,0.0,0.0,0.0,0.0,2092947.28,0.0,0.0,14.647256475566838,0.8921196875,3734.31894677515,0.0,0.0,0.0,0.0,2092947.28,3734.31894677515,2089212.961053225,0.001784239375
2025-10,US01,Hardware,C047,Atlas US01,Core,2.2454699999999996,45,2399640.65,0.0,0.0,0.0,0.0,2399640.65,0.0,0.0,14.452991284340845,0.902388875,4330.818053115537,0.0,0.0,0.0,0.0,2399640.65,4330.818053115537,2395309.8319468843,0.0018047777499999996
2025-10,US01,Software,C034,Kestrel US01,Growth,2.9399699999999998,30,98989.85,0.0,0.0,0.0,0.0,98989.85,0.0,0.0,0.0,1.0152451249999999,200.9979252739625,0.0,0.0,0.0,0.0,98989.85,200.9979252739625,98788.85207472605,0.0020304902499999997
2025-10,US01,Software,C035,Helix US01,Core,2.18574,30,112455.37,0.0,0.0,0.0,0.0,112455.37,0.0,0.0,0.0,0.89268275,200.773937887735,0.0,0.0,0.0,0.0,112455.37,200.773937887735,112254.59606211226,0.0017853655
2025-10,US01,Software,C036,Vector US01,Growth,3.016975,30,86692.55,0.0,0.0,0.0,0.0,86692.55,0.0,0.0,0.0,1.0277584375,178.19799946178128,0.0,0.0,0.0,0.0,86692.55,178.19799946178128,86514.35200053822,0.0020555168750000003
2025-10,US01,Software,C037,Redwood US01,Core,2.305165,30,137572.15,0.0,0.0,0.0,0.0,137572.15,0.0,0.0,0.0,0.9120893125,250.95617542529374,0.0,0.0,0.0,0.0,137572.15,250.95617542529374,137321.1938245747,0.001824178625
2025-10,US01,Software,C038,Pioneer US01,Strategic,1.2493699999999999,30,117708.70000000027,0.0,0.0,0.0,0.0,117708.70000000027,0.0,0.0,0.0,0.740522625,174.3319110186754,0.0,0.0,0.0,0.0,117708.70000000027,174.3319110186754,117534.3680889816,0.0014810452500000001
2025-10,US01,Software,C039,Keystone US01,Strategic,1.335245,30,209710.7,0.0,0.0,0.0,0.0,209710.7,0.0,0.0,0.0,0.7544773124999999,316.44393067698746,0.0,0.0,0.0,0.0,209710.7,316.44393067698746,209394.25606932302,0.0015089546249999997
2025-10,US01,Software,C040,Axiom US01,Growth,2.8075,30,75212.69,0.0,0.0,0.0,0.0,75212.69,0.0,0.0,0.0,0.99371875,149.48052058187503,0.0,0.0,0.0,0.0,75212.69,149.48052058187503,75063.20947941813,0.0019874375000000005
2025-11,DE01,Hardware,C010,Keystone DE01,Growth,3.8942900000000003,45,808679.94,371891.26,0.0,0.0,0.0,1180571.2,371891.26,0.31500959874338796,28.36536491827007,1.1703221250000002,1892.8320516513454,4352.325696721276,0.0,0.0,0.0,1180571.2,6245.157748372621,1174326.0422516274,0.005289945873974074
2025-11,DE01,Hardware,C008,Redwood DE01,Core,2.225305,45,1321626.93,0.0,0.0,0.0,0.0,1321626.93,0.0,0.0,14.61616933002417,0.8991120625,2376.581429775686,0.0,0.0,0.0,0.0,1321626.93,2376.581429775686,1319250.3485702244,0.001798224125
2025-11,DE01,Hardware,C009,Pioneer DE01,Strategic,1.306745,45,1902707.15,0.0,0.0,0.0,0.0,1902707.15,0.0,0.0,14.801547679052977,0.7498460625,2853.4749290361938,0.0,0.0,0.0,0.0,1902707.15,2853.4749290361938,1899853.6750709638,0.001499692125
2025-11,DE01,Hardware,C011,Axiom DE01,Strategic,1.0,45,1878745.3900000001,0.0,0.0,0.0,0.0,1878745.3900000001,0.0,0.0,5.440009516137788,0.7,2630.243546,0.0,0.0,0.0,0.0,1878745.3900000001,2630.243546,1876115.1464540001,0.0014
2025-11,DE01,Hardware,C012,Northstar DE01,Growth,2.752895,45,937770.96,0.0,0.0,0.0,0.0,937770.96,0.0,0.0,14.983349132500328,0.9848454375,1847.11890275199,0.0,0.0,0.0,0.0,937770.96,1847.11890275199,935923.841097248,0.001969690875
2025-11,DE01,Hardware,C013,Kestrel DE01,Core,1.8694799999999998,45,1781723.82,0.0,0.0,0.0,0.0,1781723.82,0.0,0.0,15.075897621439445,0.8412904999999999,2997.89464677942,0.0,0.0,0.0,0.0,1781723.82,2997.89464677942,1778725.9253532207,0.0016825809999999998
2025-11,DE01,Hardware,C014,Helix DE01,Core,2.0470550000000003,45,1342872.12,0.0,0.0,0.0,0.0,1342872.12,0.0,0.0,14.996886673021404,0.8701464375000001,2336.990782472146,0.0,0.0,0.0,0.0,1342872.12,2336.990782472146,1340535.129217528,0.0017402928750000005
2025-11,DE01,Software,C001,Meridian DE01,Growth,3.922925,30,144817.53,0.0,0.0,0.0,0.0,144817.53,0.0,0.0,14.949092143748068,1.1749753125,340.31404513445625,0.0,0.0,0.0,0.0,144817.53,340.31404513445625,144477.21595486553,0.002349950625
2025-11,DE01,Software,C002,Orion DE01,Core,1.8911449999999999,30,107990.72,0.0,0.0,0.0,0.0,107990.72,0.0,0.0,0.0,0.8448110624999999,182.46350980668,0.0,0.0,0.0,0.0,107990.72,182.46350980668,107808.25649019332,0.0016896221250000001
2025-11,DE01,Software,C003,Atlas DE01,Growth,2.7558400000000005,30,54301.57,0.0,0.0,0.0,0.0,54301.57,0.0,0.0,0.0,0.9853240000000001,107.00928031736001,0.0,0.0,0.0,0.0,54301.57,107.00928031736001,54194.56071968264,0.001970648
2025-11,DE01,Software,C004,Nimbus DE01,Strategic,1.0,30,65641.07999999996,0.0,0.0,0.0,0.0,65641.07999999996,0.0,0.0,0.0,0.7,91.89751199999994,0.0,0.0,0.0,0.0,65641.07999999996,91.89751199999994,65549.18248799996,0.0014
2025-11,DE01,Software,C005,Summit DE01,Core,2.047655,30,99853.88,0.0,0.0,0.0,0.0,99853.88,0.0,0.0,0.0,0.8702439375,173.794467411705,0.0,0.0,0.0,0.0,99853.88,173.794467411705,99680.0855325883,0.001740487875
2025-11,DE01,Software,C006,Cobalt DE01,Core,2.081205,30,113719.05,0.0,0.0,0.0,0.0,113719.05,0.0,0.0,0.0,0.8756958125000001,199.16659177295628,0.0,0.0,0.0,0.0,113719.05,199.16659177295628,113519.88340822705,0.0017513916250000003
2025-11,DE01,Software,C007,Vertex DE01,Core,2.185245,30,86472.76,0.0,0.0,0.0,0.0,86472.76,0.0,0.0,0.0,0.8926023125,154.371571088515,0.0,0.0,0.0,0.0,86472.76,154.371571088515,86318.38842891148,0.001785204625
2025-11,ES01,Events,C023,Redwood ES01,Growth,2.795945,30,957760.4600000002,0.0,0.0,0.0,0.0,957760.4600000002,0.0,0.0,13.049393582190689,0.9918410625,1899.8923045337779,0.0,0.0,0.0,0.0,957760.4600000002,1899.8923045337779,955860.5676954665,0.001983682125
2025-11,ES01,Events,C022,Vector ES01,Strategic,1.0,30,755517.82,0.0,0.0,0.0,0.0,755517.82,0.0,0.0,0.0,0.7,1057.7249479999998,0.0,0.0,0.0,0.0,755517.82,1057.7249479999998,754460.0950519999,0.0013999999999999998
2025-11,ES01,Events,C024,Pioneer ES01,Strategic,1.02279,30,988022.5,0.0,0.0,0.0,0.0,988022.5,0.0,0.0,0.0,0.703703375,1390.5495356518752,0.0,0.0,0.0,0.0,988022.5,1390.5495356518752,986631.9504643481,0.0014074067500000002
2025-11,ES01,Events,C025,Keystone ES01,Core,2.0810400000000002,30,389016.31000000006,0.0,0.0,0.0,0.0,389016.31000000006,0.0,0.0,0.0,0.875669,681.2990463227802,0.0,0.0,0.0,0.0,389016.31000000006,681.2990463227802,388335.0109536773,0.0017513380000000003
2025-11,ES01,Events,C026,Axiom ES01,Core,2.21812,30,615154.7,0.0,0.0,0.0,0.0,615154.7,0.0,0.0,0.0,0.8979444999999999,1104.7495590282997,0.0,0.0,0.0,0.0,615154.7,1104.7495590282997,614049.9504409716,0.0017958889999999997
2025-11,ES01,Hardware,C015,Nova ES01,Strategic,1.134235,45,1333745.6,0.0,0.0,0.0,0.0,1333745.6,0.0,0.0,15.867201811199976,0.7218131875,1925.4303257002002,0.0,0.0,0.0,0.0,1333745.6,1925.4303257002002,1331820.1696743,0.0014436263750000002
2025-11,ES01,Hardware,C016,Meridian ES01,Core,2.18475,45,708348.79,0.0,0.0,0.0,0.0,708348.79,0.0,0.0,14.983349092754148,0.892521875,1264.4335804095626,0.0,0.0,0.0,0.0,708348.79,1264.4335804095626,707084.3564195904,0.00178504375
2025-11,ES01,Hardware,C017,Orion ES01,Strategic,1.2359149999999999,45,2112945.58,0.0,0.0,0.0,0.0,2112945.58,0.0,0.0,14.777806866185355,0.7383361875,3120.1283678643526,0.0,0.0,0.0,0.0,2112945.58,3120.1283678643526,2109825.4516321355,0.001476672375
2025-11,ES01,Hardware,C018,Atlas ES01,Strategic,1.285565,45,1605239.54,0.0,0.0,0.0,0.0,1605239.54,0.0,0.0,14.808672853896931,0.7464043125,2396.3154305030325,0.0,0.0,0.0,0.0,1605239.54,2396.3154305030325,1602843.224569497,0.001492808625
2025-11,ES01,Hardware,C019,Nimbus ES01,Core,2.209905,45,1064533.57,0.0,0.0,0.0,0.0,1064533.57,0.0,0.0,15.51636375356392,0.8966095625,1908.9419569285265,0.0,0.0,0.0,0.0,1064533.57,1908.9419569285265,1062624.6280430716,0.0017932191250000001
2025-11,ES01,Hardware,C020,Summit ES01,Strategic,1.0,45,1543400.0699999996,0.0,0.0,0.0,0.0,1543400.0699999996,0.0,0.0,6.58738177976109,0.7,2160.7600979999993,0.0,0.0,0.0,0.0,1543400.0699999996,2160.7600979999993,1541239.3099019995,0.0014
2025-11,ES01,Hardware,C021,Cobalt ES01,Core,1.9086199999999998,45,876422.49,0.0,0.0,0.0,0.0,876422.49,0.0,0.0,14.383634769573291,0.8476507499999999,1485.8003619307349,0.0,0.0,0.0,0.0,876422.49,1485.8003619307349,874936.6896380692,0.0016953015
2025-11,ES01,Spare Parts,C027,Cobalt ES01,Core,2.25286,45,622049.8199999984,0.0,0.0,0.0,0.0,622049.8199999984,0.0,0.0,11.406930718185835,0.9035897500000001,1124.1556826826873,0.0,0.0,0.0,0.0,622049.8199999984,1124.1556826826873,620925.6643173158,0.0018071795
2025-11,ES01,Spare Parts,C028,Vertex ES01,Growth,3.0423750000000003,45,722232.45,0.0,0.0,0.0,0.0,722232.45,0.0,0.0,14.8676696816932,1.0318859375,1490.5230175223437,0.0,0.0,0.0,0.0,722232.45,1490.5230175223437,720741.9269824777,0.0020637718750000002
2025-11,ES01,Spare Parts,C029,Nova ES01,Core,2.341555,45,607638.05,0.0,0.0,0.0,0.0,607638.05,0.0,0.0,14.399158512209693,0.9180026875,1115.6267258545188,0.0,0.0,0.0,0.0,607638.05,1115.6267258545188,606522.4232741456,0.001836005375
2025-11,ES01,Spare Parts,C030,Meridian ES01,Growth,2.7239050000000002,45,412509.41000000003,0.0,0.0,0.0,0.0,412509.41000000003,0.0,0.0,14.304874402743929,0.9801345625,808.6294601949663,0.0,0.0,0.0,0.0,412509.41000000003,808.6294601949663,411700.78053980507,0.001960269125
2025-11,ES01,Spare Parts,C031,Orion ES01,Growth,2.81174,45,446440.13,0.0,0.0,0.0,0.0,446440.13,0.0,0.0,14.734168050708167,0.9944077499999999,887.8870503660149,0.0,0.0,0.0,0.0,446440.13,887.8870503660149,445552.242949634,0.0019888155
2025-11,ES01,Spare Parts,C033,Nimbus ES01,Growth,2.8488800000000003,45,412488.31,0.0,0.0,0.0,0.0,412488.31,0.0,0.0,14.213887903877808,1.0004430000000002,825.3420846426602,0.0,0.0,0.0,0.0,412488.31,825.3420846426602,411662.9679153573,0.0020008860000000003
2025-11,ES01,Spare Parts,C032,Atlas ES01,Core,2.0051500000000004,45,520387.77,0.0,0.0,0.0,0.0,520387.77,0.0,0.0,0.0,0.8633368750000001,898.5399022800377,0.0,0.0,0.0,0.0,520387.77,898.5399022800377,519489.23009772,0.0017266737500000004
2025-11,JP01,Hardware,C060,Keystone JP01,Growth,2.7943000000000002,45,1212337.51,0.0,0.0,0.0,0.0,1212337.51,0.0,0.0,14.585427452459175,0.99157375,2404.244102112725,0.0,0.0,0.0,0.0,1212337.51,2404.244102112725,1209933.2658978873,0.0019831475
2025-11,JP01,Hardware,C061,Axiom JP01,Core,1.97168,45,970291.3100000005,0.0,0.0,0.0,0.0,970291.3100000005,0.0,0.0,7.357422277645683,0.857898,1664.821948532761,0.0,0.0,0.0,0.0,970291.3100000005,1664.821948532761,968626.4880514678,0.0017157960000000001
2025-11,JP01,Hardware,C062,Northstar JP01,Growth,2.8876500000000003,45,1321252.05,0.0,0.0,0.0,0.0,1321252.05,0.0,0.0,15.06792364106455,1.006743125,2660.322835459313,0.0,0.0,0.0,0.0,1321252.05,2660.322835459313,1318591.7271645407,0.0020134862500000004
2025-11,JP01,Hardware,C063,Kestrel JP01,Growth,2.933765,45,900001.12,0.0,0.0,0.0,0.0,900001.12,0.0,0.0,15.502291374926289,1.0142368125,1825.6285343904601,0.0,0.0,0.0,0.0,900001.12,1825.6285343904601,898175.4914656095,0.002028473625
2025-11,JP01,Hardware,C064,Helix JP01,Growth,3.0409900000000003,45,680563.88,0.0,0.0,0.0,0.0,680563.88,0.0,0.0,13.794184169750531,1.031660875,1404.2222558683902,0.0,0.0,0.0,0.0,680563.88,1404.2222558683902,679159.6577441316,0.0020633217500000004
2025-11,JP01,Hardware,C065,Vector JP01,Growth,3.1325000000000003,45,649251.92,0.0,0.0,0.0,0.0,649251.92,0.0,0.0,13.347432072284052,1.0465312500000001,1358.9248468050002,0.0,0.0,0.0,0.0,649251.92,1358.9248468050002,647892.995153195,0.0020930625000000003
2025-11,JP01,Hardware,C066,Redwood JP01,Growth,3.086145,45,1077376.43,0.0,0.0,0.0,0.0,1077376.43,0.0,0.0,14.983349134526732,1.0389985625,2238.785124082764,0.0,0.0,0.0,0.0,1077376.43,2238.785124082764,1075137.6448759171,0.002077997125
2025-11,JP01,Software,C053,Atlas JP01,Core,2.188565,30,58615.51,0.0,0.0,0.0,0.0,58615.51,0.0,0.0,0.0,0.8931418125,104.70392568402376,0.0,0.0,0.0,0.0,58615.51,104.70392568402376,58510.80607431598,0.0017862836250000002
2025-11,JP01,Software,C054,Nimbus JP01,Core,2.16125,30,96253.63,0.0,0.0,0.0,0.0,96253.63,0.0,0.0,0.0,0.8887031249999999,171.0818035471875,0.0,0.0,0.0,0.0,96253.63,171.0818035471875,96082.54819645282,0.00177740625
2025-11,JP01,Software,C055,Summit JP01,Strategic,1.29925,30,18733.68000000024,0.0,0.0,0.0,0.0,18733.68000000024,0.0,0.0,0.0,0.748628125,28.04911946550036,0.0,0.0,0.0,0.0,18733.68000000024,28.04911946550036,18705.63088053474,0.00149725625
2025-11,JP01,Software,C056,Cobalt JP01,Core,2.1768300000000003,30,139533.39,0.0,0.0,0.0,0.0,139533.39,0.0,0.0,0.0,0.8912348750000001,248.71404678995256,0.0,0.0,0.0,0.0,139533.39,248.71404678995256,139284.67595321007,0.0017824697500000003
2025-11,JP01,Software,C057,Vertex JP01,Core,2.26337,30,105517.14,0.0,0.0,0.0,0.0,105517.14,0.0,0.0,0.0,0.905297625,191.048832477585,0.0,0.0,0.0,0.0,105517.14,191.048832477585,105326.09116752242,0.00181059525
2025-11,JP01,Software,C058,Nova JP01,Core,2.3047950000000004,30,102527.79000000001,0.0,0.0,0.0,0.0,102527.79000000001,0.0,0.0,0.0,0.9120291875000001,187.0166740197413,0.0,0.0,0.0,0.0,102527.79000000001,187.0166740197413,102340.77332598026,0.0018240583750000002
2025-11,JP01,Software,C059,Meridian JP01,Growth,3.295,30,52730.99,0.0,0.0,0.0,0.0,52730.99,0.0,0.0,0.0,1.0729375,113.15411316625001,0.0,0.0,0.0,0.0,52730.99,113.15411316625001,52617.835886833745,0.002145875
2025-11,JP01,Spare Parts,C067,Orion JP01,Core,2.41448,45,594499.34,0.0,0.0,0.0,0.0,594499.34,0.0,0.0,14.897693578600105,0.929853,1105.59398959404,0.0,0.0,0.0,0.0,594499.34,1105.59398959404,593393.746010406,0.0018597060000000002
2025-11,JP01,Spare Parts,C068,Atlas JP01,Core,2.34401,45,900279.24,0.0,0.0,0.0,0.0,900279.24,0.0,0.0,14.616024801371626,0.918401625,1653.63583393953,0.0,0.0,0.0,0.0,900279.24,1653.63583393953,898625.6041660605,0.00183680325
2025-11,JP01,Spare Parts,C069,Nimbus JP01,Growth,3.28588,45,614990.25,0.0,0.0,0.0,0.0,614990.25,0.0,0.0,14.836818144677903,1.0714555000000001,1317.8693716177502,0.0,0.0,0.0,0.0,614990.25,1317.8693716177502,613672.3806283822,0.0021429110000000004
2025-11,JP01,Spare Parts,C070,Summit JP01,Core,1.9708350000000001,45,755024.51,0.0,0.0,0.0,0.0,755024.51,0.0,0.0,9.00111759285801,0.8577606875,1295.2606855539013,0.0,0.0,0.0,0.0,755024.51,1295.2606855539013,753729.2493144461,0.001715521375
2025-11,JP01,Spare Parts,C071,Cobalt JP01,Growth,2.876375,45,667890.26,0.0,0.0,0.0,0.0,667890.26,0.0,0.0,14.518798192984578,1.0049109375,1342.3404546474376,0.0,0.0,0.0,0.0,667890.26,1342.3404546474376,666547.9195453526,0.002009821875
2025-11,JP01,Spare Parts,C073,Nova JP01,Core,2.219815,45,940957.89,0.0,0.0,0.0,0.0,940957.89,0.0,0.0,14.848786059916028,0.8982199375,1690.3742742918637,0.0,0.0,0.0,0.0,940957.89,1690.3742742918637,939267.5157257081,0.001796439875
2025-11,JP01,Spare Parts,C072,Vertex JP01,Strategic,1.1821099999999998,45,660090.36,0.0,0.0,0.0,0.0,660090.36,0.0,0.0,0.0,0.7295928749999999,963.19444702437,0.0,0.0,0.0,0.0,660090.36,963.19444702437,659127.1655529756,0.00145918575
2025-11,US01,Events,C048,Northstar US01,Growth,3.1211550000000003,30,273498.3200000005,0.0,0.0,0.0,0.0,273498.3200000005,0.0,0.0,20.040279954918933,1.0446876875000002,571.4406549118711,0.0,0.0,0.0,0.0,273498.3200000005,571.4406549118711,272926.8793450886,0.0020893753750000003
2025-11,US01,Events,C049,Kestrel US01,Strategic,1.447995,30,757399.13,0.0,0.0,0.0,0.0,757399.13,0.0,0.0,0.0,0.7727991875,1170.6348645544138,0.0,0.0,0.0,0.0,757399.13,1170.6348645544138,756228.4951354456,0.001545598375
2025-11,US01,Events,C050,Helix US01,Growth,2.8449999999999998,30,625843.1599999999,0.0,0.0,0.0,0.0,625843.1599999999,0.0,0.0,0.0,0.9998125,1251.4516288149998,0.0,0.0,0.0,0.0,625843.1599999999,1251.4516288149998,624591.7083711849,0.001999625
2025-11,US01,Events,C051,Vector US01,Growth,2.8275900000000003,30,569215.1,0.0,0.0,0.0,0.0,569215.1,0.0,0.0,0.0,0.9969833750000001,1134.9959829979252,0.0,0.0,0.0,0.0,569215.1,1134.9959829979252,568080.104017002,0.0019939667500000007
2025-11,US01,Events,C052,Redwood US01,Growth,2.88081,30,203835.22,0.0,0.0,0.0,0.0,203835.22,0.0,0.0,0.0,1.005631625,409.96628704166494,0.0,0.0,0.0,0.0,203835.22,409.96628704166494,203425.25371295834,0.0020112632499999995
2025-11,US01,Hardware,C041,Summit US01,Growth,2.82761,45,1340739.25,0.0,0.0,0.0,0.0,1340739.25,0.0,0.0,14.983349223199067,0.996986625,2673.3981997250626,0.0,0.0,0.0,0.0,1340739.25,2673.3981997250626,1338065.851800275,0.00199397325
2025-11,US01,Hardware,C042,Cobalt US01,Growth,2.902705,45,806574.02,0.0,0.0,0.0,0.0,806574.02,0.0,0.0,14.983348831394297,1.0091895625,1627.9721647353326,0.0,0.0,0.0,0.0,806574.02,1627.9721647353326,804946.0478352647,0.002018379125
2025-11,US01,Hardware,C043,Vertex US01,Core,2.0013,45,1356110.65,0.0,0.0,0.0,0.0,1356110.65,0.0,0.0,13.987003789108213,0.86271125,2339.863827999625,0.0,0.0,0.0,0.0,1356110.65,2339.863827999625,1353770.7861720002,0.0017254225
2025-11,US01,Hardware,C044,Nova US01,Core,2.11017,45,1551127.67,0.0,0.0,0.0,0.0,1551127.67,0.0,0.0,14.581341908496803,0.880402625,2731.2337447562672,0.0,0.0,0.0,0.0,1551127.67,2731.2337447562672,1548396.4362552436,0.00176080525
2025-11,US01,Hardware,C045,Meridian US01,Strategic,1.0499999999999998,45,1316012.6599999943,0.0,0.0,0.0,0.0,1316012.6599999943,0.0,0.0,5.444577865990943,0.7081249999999999,1863.8029297249918,0.0,0.0,0.0,0.0,1316012.6599999943,1863.8029297249918,1314148.8570702693,0.00141625
2025-11,US01,Hardware,C046,Orion US01,Core,2.182275,45,2107975.81,0.0,0.0,0.0,0.0,2107975.81,0.0,0.0,15.243288204526408,0.8921196875,3761.1334417495186,0.0,0.0,0.0,0.0,2107975.81,3761.1334417495186,2104214.6765582506,0.001784239375
2025-11,US01,Hardware,C047,Atlas US01,Core,2.2454699999999996,45,2548171.05,0.0,0.0,0.0,0.0,2548171.05,0.0,0.0,14.640788772794512,0.902388875,4598.882414234137,0.0,0.0,0.0,0.0,2548171.05,4598.882414234137,2543572.1675857655,0.00180477775
2025-11,US01,Software,C034,Kestrel US01,Growth,2.9399699999999998,30,106100.86,0.0,0.0,0.0,0.0,106100.86,0.0,0.0,0.0,1.0152451249999999,215.43676174661496,0.0,0.0,0.0,0.0,106100.86,215.43676174661496,105885.42323825338,0.0020304902499999997
2025-11,US01,Software,C035,Helix US01,Core,2.18574,30,114617.6,0.0,0.0,0.0,0.0,114617.6,0.0,0.0,0.0,0.89268275,204.6343087328,0.0,0.0,0.0,0.0,114617.6,204.6343087328,114412.9656912672,0.0017853655
2025-11,US01,Software,C036,Vector US01,Growth,3.016975,30,88385.89,0.0,0.0,0.0,0.0,88385.89,0.0,0.0,0.0,1.0277584375,181.67868840689374,0.0,0.0,0.0,0.0,88385.89,181.67868840689374,88204.2113115931,0.002055516875
2025-11,US01,Software,C037,Redwood US01,Core,2.305165,30,146925.72,0.0,0.0,0.0,0.0,146925.72,0.0,0.0,0.0,0.9120893125,268.01875788673505,0.0,0.0,0.0,0.0,146925.72,268.01875788673505,146657.70124211325,0.0018241786250000002
2025-11,US01,Software,C038,Pioneer US01,Strategic,1.2493699999999999,30,102986.16000000038,0.0,0.0,0.0,0.0,102986.16000000038,0.0,0.0,0.0,0.740522625,152.52716308374056,0.0,0.0,0.0,0.0,102986.16000000038,152.52716308374056,102833.63283691664,0.00148104525
2025-11,US01,Software,C039,Keystone US01,Strategic,1.335245,30,225234.27,0.0,0.0,0.0,0.0,225234.27,0.0,0.0,0.0,0.7544773124999999,339.8682934249987,0.0,0.0,0.0,0.0,225234.27,339.8682934249987,224894.40170657498,0.0015089546249999997
2025-11,US01,Software,C040,Axiom US01,Growth,2.8075,30,77666.87,0.0,0.0,0.0,0.0,77666.87,0.0,0.0,0.0,0.99371875,154.358049945625,0.0,0.0,0.0,0.0,77666.87,154.358049945625,77512.51195005437,0.0019874375
2025-12,DE01,Hardware,C010,Keystone DE01,Growth,3.8942900000000003,45,940993.77,372461.91,0.0,0.0,0.0,1313455.68,372461.9099999999,0.28357402207891774,26.977884400332414,1.1703221250000002,2202.531657036323,4359.004139927588,0.0,0.0,0.0,1313455.68,6561.535796963911,1306894.144203036,0.004995627866913569
2025-12,DE01,Hardware,C008,Redwood DE01,Core,2.225305,45,1380639.7999999998,0.0,0.0,0.0,0.0,1380639.7999999998,0.0,0.0,14.726277556246025,0.8991120625,2482.699796295175,0.0,0.0,0.0,0.0,1380639.7999999998,2482.699796295175,1378157.1002037046,0.0017982241250000003
2025-12,DE01,Hardware,C009,Pioneer DE01,Strategic,1.306745,45,1938474.48,0.0,0.0,0.0,0.0,1938474.48,0.0,0.0,14.918021463970987,0.7498460625,2907.11491216947,0.0,0.0,0.0,0.0,1938474.48,2907.11491216947,1935567.3650878305,0.0014996921249999999
2025-12,DE01,Hardware,C011,Axiom DE01,Strategic,1.0,45,2013082.6900000004,0.0,0.0,0.0,0.0,2013082.6900000004,0.0,0.0,6.398751012061017,0.7,2818.3157660000006,0.0,0.0,0.0,0.0,2013082.6900000004,2818.3157660000006,2010264.3742340005,0.0014
2025-12,DE01,Hardware,C012,Northstar DE01,Growth,2.752895,45,938863.33,0.0,0.0,0.0,0.0,938863.33,0.0,0.0,14.999178953980449,0.9848454375,1849.2705339731137,0.0,0.0,0.0,0.0,938863.33,1849.2705339731137,937014.0594660268,0.001969690875
2025-12,DE01,Hardware,C013,Kestrel DE01,Core,1.8694799999999998,45,1810707.8599999999,0.0,0.0,0.0,0.0,1810707.8599999999,0.0,0.0,14.68521194799475,0.8412904999999999,3046.6626417866596,0.0,0.0,0.0,0.0,1810707.8599999999,3046.6626417866596,1807661.1973582131,0.0016825809999999998
2025-12,DE01,Hardware,C014,Helix DE01,Core,2.0470550000000003,45,1400291.44,0.0,0.0,0.0,0.0,1400291.44,0.0,0.0,14.387906706049709,0.8701464375000001,2436.91721595549,0.0,0.0,0.0,0.0,1400291.44,2436.91721595549,1397854.5227840445,0.001740292875
2025-12,DE01,Software,C001,Meridian DE01,Growth,3.922925,30,145489.33000000002,0.0,0.0,0.0,0.0,145489.33000000002,0.0,0.0,14.981409976937824,1.1749753125,341.8927419643313,0.0,0.0,0.0,0.0,145489.33000000002,341.8927419643313,145147.43725803567,0.002349950625
2025-12,DE01,Software,C002,Orion DE01,Core,1.8911449999999999,30,110898.51,0.0,0.0,0.0,0.0,110898.51,0.0,0.0,0.0,0.8448110624999999,187.37657612553375,0.0,0.0,0.0,0.0,110898.51,187.37657612553375,110711.13342387446,0.001689622125
2025-12,DE01,Software,C003,Atlas DE01,Growth,2.7558400000000005,30,55054.1,0.0,0.0,0.0,0.0,55054.1,0.0,0.0,0.0,0.9853240000000001,108.49225205680001,0.0,0.0,0.0,0.0,55054.1,108.49225205680001,54945.6077479432,0.001970648
2025-12,DE01,Software,C004,Nimbus DE01,Strategic,1.0,30,61364.669999999984,0.0,0.0,0.0,0.0,61364.669999999984,0.0,0.0,0.0,0.7,85.91053799999997,0.0,0.0,0.0,0.0,61364.669999999984,85.91053799999997,61278.75946199999,0.0014
2025-12,DE01,Software,C005,Summit DE01,Core,2.047655,30,96637.47,0.0,0.0,0.0,0.0,96637.47,0.0,0.0,0.0,0.8702439375,168.19634480567626,0.0,0.0,0.0,0.0,96637.47,168.19634480567626,96469.27365519432,0.0017404878750000002
2025-12,DE01,Software,C006,Cobalt DE01,Core,2.081205,30,118586.18,0.0,0.0,0.0,0.0,118586.18,0.0,0.0,0.0,0.8756958125000001,207.69084249274252,0.0,0.0,0.0,0.0,118586.18,207.69084249274252,118378.48915750725,0.0017513916250000003
2025-12,DE01,Software,C007,Vertex DE01,Core,2.185245,30,88108.24,0.0,0.0,0.0,0.0,88108.24,0.0,0.0,0.0,0.8926023125,157.29123754861,0.0,0.0,0.0,0.0,88108.24,157.29123754861,87950.9487624514,0.001785204625
2025-12,ES01,Events,C023,Redwood ES01,Growth,2.795945,30,490640.90000000043,0.0,0.0,0.0,0.0,490640.90000000043,0.0,0.0,6.402448307917278,0.9918410625,973.2755831239134,0.0,0.0,0.0,0.0,490640.90000000043,973.2755831239134,489667.6244168765,0.001983682125
2025-12,ES01,Events,C022,Vector ES01,Strategic,1.0,30,571304.62,0.0,0.0,0.0,0.0,571304.62,0.0,0.0,0.0,0.7,799.826468,0.0,0.0,0.0,0.0,571304.62,799.826468,570504.793532,0.0014
2025-12,ES01,Events,C024,Pioneer ES01,Strategic,1.02279,30,672529.89,0.0,0.0,0.0,0.0,672529.89,0.0,0.0,0.0,0.703703375,946.5231067627576,0.0,0.0,0.0,0.0,672529.89,946.5231067627576,671583.3668932372,0.0014074067500000002
2025-12,ES01,Events,C025,Keystone ES01,Core,2.0810400000000002,30,522230.11,0.0,0.0,0.0,0.0,522230.11,0.0,0.0,0.0,0.875669,914.60143638718,0.0,0.0,0.0,0.0,522230.11,914.60143638718,521315.5085636128,0.001751338
2025-12,ES01,Events,C026,Axiom ES01,Core,2.21812,30,318659.05000000005,0.0,0.0,0.0,0.0,318659.05000000005,0.0,0.0,0.0,0.8979444999999999,572.27628264545,0.0,0.0,0.0,0.0,318659.05000000005,572.27628264545,318086.7737173546,0.0017958889999999997
2025-12,ES01,Hardware,C015,Nova ES01,Strategic,1.134235,45,1364747.13,0.0,0.0,0.0,0.0,1364747.13,0.0,0.0,13.811758226595428,0.7218131875,1970.1849520735536,0.0,0.0,0.0,0.0,1364747.13,1970.1849520735536,1362776.9450479264,0.001443626375
2025-12,ES01,Hardware,C016,Meridian ES01,Core,2.18475,45,738499.19,0.0,0.0,0.0,0.0,738499.19,0.0,0.0,14.403572331609464,0.892521875,1318.2533634895626,0.0,0.0,0.0,0.0,738499.19,1318.2533634895626,737180.9366365104,0.0017850437500000003
2025-12,ES01,Hardware,C017,Orion ES01,Strategic,1.2359149999999999,45,2193917.3899999997,0.0,0.0,0.0,0.0,2193917.3899999997,0.0,0.0,14.660381401142914,0.7383361875,3239.6972028451005,0.0,0.0,0.0,0.0,2193917.3899999997,3239.6972028451005,2190677.6927971547,0.0014766723749999999
2025-12,ES01,Hardware,C018,Atlas ES01,Strategic,1.285565,45,1679928.81,0.0,0.0,0.0,0.0,1679928.81,0.0,0.0,14.515924040852656,0.7464043125,2507.812216953986,0.0,0.0,0.0,0.0,1679928.81,2507.812216953986,1677420.997783046,0.0014928086249999999
2025-12,ES01,Hardware,C019,Nimbus ES01,Core,2.209905,45,1065817.73,0.0,0.0,0.0,0.0,1065817.73,0.0,0.0,14.466185508098087,0.8966095625,1911.2447372000863,0.0,0.0,0.0,0.0,1065817.73,1911.2447372000863,1063906.4852628,0.0017932191250000001
2025-12,ES01,Hardware,C020,Summit ES01,Strategic,1.0,45,2053654.1599999997,0.0,0.0,0.0,0.0,2053654.1599999997,0.0,0.0,10.628821066931732,0.7,2875.115823999999,0.0,0.0,0.0,0.0,2053654.1599999997,2875.115823999999,2050779.0441759997,0.0013999999999999998
2025-12,ES01,Hardware,C021,Cobalt ES01,Core,1.9086199999999998,45,947809.99,0.0,0.0,0.0,0.0,947809.99,0.0,0.0,14.440166113885336,0.8476507499999999,1606.8236977619847,0.0,0.0,0.0,0.0,947809.99,1606.8236977619847,946203.166302238,0.0016953014999999997
2025-12,ES01,Spare Parts,C027,Cobalt ES01,Core,2.25286,45,635655.6999999981,0.0,0.0,0.0,0.0,635655.6999999981,0.0,0.0,10.6739075886521,0.9035897500000001,1148.7439500981466,0.0,0.0,0.0,0.0,635655.6999999981,1148.7439500981466,634506.9560498999,0.0018071795
2025-12,ES01,Spare Parts,C028,Vertex ES01,Growth,3.0423750000000003,45,750560.54,0.0,0.0,0.0,0.0,750560.54,0.0,0.0,14.561197155395352,1.0318859375,1548.9857329368126,0.0,0.0,0.0,0.0,750560.54,1548.9857329368126,749011.5542670633,0.0020637718750000002
2025-12,ES01,Spare Parts,C029,Nova ES01,Core,2.341555,45,638913.88,0.0,0.0,0.0,0.0,638913.88,0.0,0.0,14.837155987282669,0.9180026875,1173.0493178421052,0.0,0.0,0.0,0.0,638913.88,1173.0493178421052,637740.8306821579,0.0018360053750000004
2025-12,ES01,Spare Parts,C030,Meridian ES01,Growth,2.7239050000000002,45,436030.47,0.0,0.0,0.0,0.0,436030.47,0.0,0.0,14.848473777532108,0.9801345625,854.7370679002387,0.0,0.0,0.0,0.0,436030.47,854.7370679002387,435175.7329320997,0.001960269125
2025-12,ES01,Spare Parts,C031,Orion ES01,Growth,2.81174,45,467886.32999999996,0.0,0.0,0.0,0.0,467886.32999999996,0.0,0.0,14.566101984642296,0.9944077499999999,930.539585342115,0.0,0.0,0.0,0.0,467886.32999999996,930.539585342115,466955.79041465785,0.0019888155
2025-12,ES01,Spare Parts,C033,Nimbus ES01,Growth,2.8488800000000003,45,444216.63,0.0,0.0,0.0,0.0,444216.63,0.0,0.0,14.658583808535038,1.0004430000000002,888.8268359341802,0.0,0.0,0.0,0.0,444216.63,888.8268359341802,443327.8031640658,0.0020008860000000003
2025-12,ES01,Spare Parts,C032,Atlas ES01,Core,2.0051500000000004,45,542978.87,0.0,0.0,0.0,0.0,542978.87,0.0,0.0,0.0,0.8633368750000001,937.5473616336627,0.0,0.0,0.0,0.0,542978.87,937.5473616336627,542041.3226383664,0.0017266737500000004
2025-12,JP01,Hardware,C060,Keystone JP01,Growth,2.7943000000000002,45,1241006.82,0.0,0.0,0.0,0.0,1241006.82,0.0,0.0,15.058470428067428,0.99157375,2461.09957256595,0.0,0.0,0.0,0.0,1241006.82,2461.09957256595,1238545.7204274342,0.0019831475
2025-12,JP01,Hardware,C061,Axiom JP01,Core,1.97168,45,951936.3900000007,0.0,0.0,0.0,0.0,951936.3900000007,0.0,0.0,6.126715042378006,0.857898,1633.3286502164415,0.0,0.0,0.0,0.0,951936.3900000007,1633.3286502164415,950303.0613497843,0.0017157960000000003
2025-12,JP01,Hardware,C062,Northstar JP01,Growth,2.8876500000000003,45,1349572.04,0.0,0.0,0.0,0.0,1349572.04,0.0,0.0,14.618735358506687,1.006743125,2717.3447459244503,0.0,0.0,0.0,0.0,1349572.04,2717.3447459244503,1346854.6952540756,0.00201348625
2025-12,JP01,Hardware,C063,Kestrel JP01,Growth,2.933765,45,869911.23,0.0,0.0,0.0,0.0,869911.23,0.0,0.0,14.999178709303477,1.0142368125,1764.591986146309,0.0,0.0,0.0,0.0,869911.23,1764.591986146309,868146.6380138537,0.0020284736250000004
2025-12,JP01,Hardware,C064,Helix JP01,Growth,3.0409900000000003,45,771139.5700000001,0.0,0.0,0.0,0.0,771139.5700000001,0.0,0.0,14.302330380997047,1.031660875,1591.1090470666477,0.0,0.0,0.0,0.0,771139.5700000001,1591.1090470666477,769548.4609529334,0.00206332175
2025-12,JP01,Hardware,C065,Vector JP01,Growth,3.1325000000000003,45,694942.03,0.0,0.0,0.0,0.0,694942.03,0.0,0.0,15.557717382556357,1.0465312500000001,1454.5571026668754,0.0,0.0,0.0,0.0,694942.03,1454.5571026668754,693487.4728973332,0.0020930625000000003
2025-12,JP01,Hardware,C066,Redwood JP01,Growth,3.086145,45,1111353.06,0.0,0.0,0.0,0.0,1111353.06,0.0,0.0,14.557557163697375,1.0389985625,2309.3884635399527,0.0,0.0,0.0,0.0,1111353.06,2309.3884635399527,1109043.67153646,0.002077997125
2025-12,JP01,Software,C053,Atlas JP01,Core,2.188565,30,61461.75,0.0,0.0,0.0,0.0,61461.75,0.0,0.0,0.0,0.8931418125,109.78811758884376,0.0,0.0,0.0,0.0,61461.75,109.78811758884376,61351.96188241115,0.0017862836250000002
2025-12,JP01,Software,C054,Nimbus JP01,Core,2.16125,30,94031.36,0.0,0.0,0.0,0.0,94031.36,0.0,0.0,0.0,0.8887031249999999,167.13192696,0.0,0.0,0.0,0.0,94031.36,167.13192696,93864.22807304,0.00177740625
2025-12,JP01,Software,C055,Summit JP01,Strategic,1.29925,30,23068.420000000246,0.0,0.0,0.0,0.0,23068.420000000246,0.0,0.0,0.0,0.748628125,34.53933602262536,0.0,0.0,0.0,0.0,23068.420000000246,34.53933602262536,23033.88066397762,0.0014972562499999998
2025-12,JP01,Software,C056,Cobalt JP01,Core,2.1768300000000003,30,141128.92,0.0,0.0,0.0,0.0,141128.92,0.0,0.0,0.0,0.8912348750000001,251.55803075017008,0.0,0.0,0.0,0.0,141128.92,251.55803075017008,140877.36196924985,0.0017824697500000003
2025-12,JP01,Software,C057,Vertex JP01,Core,2.26337,30,98544.29,0.0,0.0,0.0,0.0,98544.29,0.0,0.0,0.0,0.905297625,178.42382338862248,0.0,0.0,0.0,0.0,98544.29,178.42382338862248,98365.86617661137,0.00181059525
2025-12,JP01,Software,C058,Nova JP01,Core,2.3047950000000004,30,101666.71,0.0,0.0,0.0,0.0,101666.71,0.0,0.0,0.0,0.9120291875000001,185.44601383419626,0.0,0.0,0.0,0.0,101666.71,185.44601383419626,101481.26398616581,0.001824058375
2025-12,JP01,Software,C059,Meridian JP01,Growth,3.295,30,59510.33,0.0,0.0,0.0,0.0,59510.33,0.0,0.0,0.0,1.0729375,127.70172938875002,0.0,0.0,0.0,0.0,59510.33,127.70172938875002,59382.628270611254,0.002145875
2025-12,JP01,Spare Parts,C067,Orion JP01,Core,2.41448,45,618681.02,0.0,0.0,0.0,0.0,618681.02,0.0,0.0,14.512019780403154,0.929853,1150.56480498012,0.0,0.0,0.0,0.0,618681.02,1150.56480498012,617530.45519502,0.001859706
2025-12,JP01,Spare Parts,C068,Atlas JP01,Core,2.34401,45,942494.49,0.0,0.0,0.0,0.0,942494.49,0.0,0.0,14.694911903410704,0.918401625,1731.1769423390926,0.0,0.0,0.0,0.0,942494.49,1731.1769423390926,940763.3130576609,0.0018368032500000002
2025-12,JP01,Spare Parts,C069,Nimbus JP01,Growth,3.28588,45,646927.8999999999,0.0,0.0,0.0,0.0,646927.8999999999,0.0,0.0,14.414603234765423,1.0714555000000001,1386.3089131169,0.0,0.0,0.0,0.0,646927.8999999999,1386.3089131169,645541.591086883,0.0021429110000000004
2025-12,JP01,Spare Parts,C070,Summit JP01,Core,1.9708350000000001,45,840299.7800000003,0.0,0.0,0.0,0.0,840299.7800000003,0.0,0.0,9.823195717128481,0.8577606875,1441.5522339977979,0.0,0.0,0.0,0.0,840299.7800000003,1441.5522339977979,838858.2277660024,0.0017155213749999998
2025-12,JP01,Spare Parts,C071,Cobalt JP01,Growth,2.876375,45,696927.15,0.0,0.0,0.0,0.0,696927.15,0.0,0.0,14.836190411006372,1.0049109375,1400.6994313514062,0.0,0.0,0.0,0.0,696927.15,1400.6994313514062,695526.4505686486,0.0020098218749999997
2025-12,JP01,Spare Parts,C073,Nova JP01,Core,2.219815,45,974337.76,0.0,0.0,0.0,0.0,974337.76,0.0,0.0,14.632147993525367,0.8982199375,1750.33920378218,0.0,0.0,0.0,0.0,974337.76,1750.33920378218,972587.4207962179,0.001796439875
2025-12,JP01,Spare Parts,C072,Vertex JP01,Strategic,1.1821099999999998,45,697350.35,0.0,0.0,0.0,0.0,697350.35,0.0,0.0,0.0,0.7295928749999999,1017.5636934775123,0.0,0.0,0.0,0.0,697350.35,1017.5636934775123,696332.7863065224,0.0014591857499999998
2025-12,US01,Events,C048,Northstar US01,Growth,3.1211550000000003,30,198596.64,0.0,0.0,0.0,0.0,198596.64,0.0,0.0,13.716076465342011,1.0446876875000002,414.9429291737401,0.0,0.0,0.0,0.0,198596.64,414.9429291737401,198181.69707082628,0.0020893753750000003
2025-12,US01,Events,C052,Redwood US01,Growth,2.88081,30,822960.7900000003,0.0,0.0,0.0,0.0,822960.7900000003,0.0,0.0,3.683621062918452,1.005631625,1655.190793117968,0.0,0.0,0.0,0.0,822960.7900000003,1655.190793117968,821305.5992068823,0.00201126325
2025-12,US01,Events,C049,Kestrel US01,Strategic,1.447995,30,955775.54,0.0,0.0,0.0,0.0,955775.54,0.0,0.0,0.0,0.7727991875,1477.2451214887476,0.0,0.0,0.0,0.0,955775.54,1477.2451214887476,954298.2948785113,0.001545598375
2025-12,US01,Events,C050,Helix US01,Growth,2.8449999999999998,30,107438.42,0.0,0.0,0.0,0.0,107438.42,0.0,0.0,0.0,0.9998125,214.83655059249998,0.0,0.0,0.0,0.0,107438.42,214.83655059249998,107223.5834494075,0.0019996249999999997
2025-12,US01,Events,C051,Vector US01,Growth,2.8275900000000003,30,227353.24,0.0,0.0,0.0,0.0,227353.24,0.0,0.0,0.0,0.9969833750000001,453.33480106477003,0.0,0.0,0.0,0.0,227353.24,453.33480106477003,226899.90519893522,0.0019939667500000003
2025-12,US01,Hardware,C041,Summit US01,Growth,2.82761,45,1342301.05,0.0,0.0,0.0,0.0,1342301.05,0.0,0.0,14.999178537482333,0.996986625,2676.5123871469127,0.0,0.0,0.0,0.0,1342301.05,2676.5123871469127,1339624.537612853,0.00199397325
2025-12,US01,Hardware,C042,Cobalt US01,Growth,2.902705,45,834285.81,0.0,0.0,0.0,0.0,834285.81,0.0,0.0,14.517855337848786,1.0091895625,1683.9050631877165,0.0,0.0,0.0,0.0,834285.81,1683.9050631877165,832601.9049368124,0.002018379125
2025-12,US01,Hardware,C043,Vertex US01,Core,2.0013,45,1545264.52,0.0,0.0,0.0,0.0,1545264.52,0.0,0.0,14.052865654354116,0.86271125,2666.2341712597,0.0,0.0,0.0,0.0,1545264.52,2666.2341712597,1542598.2858287403,0.0017254224999999998
2025-12,US01,Hardware,C044,Nova US01,Core,2.11017,45,1665565.51,0.0,0.0,0.0,0.0,1665565.51,0.0,0.0,14.359271404461298,0.880402625,2932.736494226928,0.0,0.0,0.0,0.0,1665565.51,2932.736494226928,1662632.7735057732,0.0017608052500000001
2025-12,US01,Hardware,C045,Meridian US01,Strategic,1.0499999999999998,45,1542823.7799999947,0.0,0.0,0.0,0.0,1542823.7799999947,0.0,0.0,7.4157849705945535,0.7081249999999999,2185.024178424992,0.0,0.0,0.0,0.0,1542823.7799999947,2185.024178424992,1540638.7558215696,0.0014162499999999998
2025-12,US01,Hardware,C046,Orion US01,Core,2.182275,45,2119311.61,0.0,0.0,0.0,0.0,2119311.61,0.0,0.0,14.67778091396385,0.8921196875,3781.3592224566432,0.0,0.0,0.0,0.0,2119311.61,3781.3592224566432,2115530.250777543,0.0017842393749999998
2025-12,US01,Hardware,C047,Atlas US01,Core,2.2454699999999996,45,2651741.29,0.0,0.0,0.0,0.0,2651741.29,0.0,0.0,14.759319677071517,0.902388875,4785.803678948298,0.0,0.0,0.0,0.0,2651741.29,4785.803678948298,2646955.4863210516,0.00180477775
2025-12,US01,Software,C034,Kestrel US01,Growth,2.9399699999999998,30,102873.69,0.0,0.0,0.0,0.0,102873.69,0.0,0.0,0.0,1.0152451249999999,208.8840245265225,0.0,0.0,0.0,0.0,102873.69,208.8840245265225,102664.80597547349,0.00203049025
2025-12,US01,Software,C035,Helix US01,Core,2.18574,30,120757.18,0.0,0.0,0.0,0.0,120757.18,0.0,0.0,0.0,0.89268275,215.59570304928997,0.0,0.0,0.0,0.0,120757.18,215.59570304928997,120541.5842969507,0.0017853654999999999
2025-12,US01,Software,C036,Vector US01,Growth,3.016975,30,87438.08,0.0,0.0,0.0,0.0,87438.08,0.0,0.0,0.0,1.0277584375,179.7304489576,0.0,0.0,0.0,0.0,87438.08,179.7304489576,87258.3495510424,0.002055516875
2025-12,US01,Software,C037,Redwood US01,Core,2.305165,30,146510.12,0.0,0.0,0.0,0.0,146510.12,0.0,0.0,0.0,0.9120893125,267.260629250185,0.0,0.0,0.0,0.0,146510.12,267.260629250185,146242.85937074982,0.001824178625
2025-12,US01,Software,C038,Pioneer US01,Strategic,1.2493699999999999,30,86439.6300000003,0.0,0.0,0.0,0.0,86439.6300000003,0.0,0.0,0.0,0.740522625,128.02100342325792,0.0,0.0,0.0,0.0,86439.6300000003,128.02100342325792,86311.60899657704,0.00148104525
2025-12,US01,Software,C039,Keystone US01,Strategic,1.335245,30,212616.09,0.0,0.0,0.0,0.0,212616.09,0.0,0.0,0.0,0.7544773124999999,320.8280323549163,0.0,0.0,0.0,0.0,212616.09,320.8280323549163,212295.26196764508,0.0015089546250000002
2025-12,US01,Software,C040,Axiom US01,Growth,2.8075,30,77991.8,0.0,0.0,0.0,0.0,77991.8,0.0,0.0,0.0,0.99371875,155.00382801249998,0.0,0.0,0.0,0.0,77991.8,155.00382801249998,77836.7961719875,0.0019874374999999996
2026-01,DE01,Hardware,C010,Keystone DE01,Growth,3.8942900000000003,45,820657.99,304604.61999999976,0.0,0.0,0.0,1125262.6099999999,304604.6199999999,0.270696473243699,29.699333384942015,1.1703221250000002,1920.868405510058,3564.8552616321726,0.0,0.0,0.0,1125262.6099999999,5485.723667142231,1119776.8863328577,0.004875060824372572
2026-01,DE01,Hardware,C008,Redwood DE01,Core,2.225305,45,1068423.47,0.0,0.0,0.0,0.0,1068423.47,0.0,0.0,19.737032826506514,0.8991120625,1921.2648594702137,0.0,0.0,0.0,0.0,1068423.47,1921.2648594702137,1066502.2051405297,0.001798224125
2026-01,DE01,Hardware,C012,Northstar DE01,Growth,2.752895,45,909638.99,0.0,0.0,0.0,0.0,909638.99,0.0,0.0,15.482758495213577,0.9848454375,1791.7076181472162,0.0,0.0,0.0,0.0,909638.99,1791.7076181472162,907847.2823818527,0.001969690875
2026-01,DE01,Hardware,C013,Kestrel DE01,Core,1.8694799999999998,45,1559341.72,0.0,0.0,0.0,0.0,1559341.72,0.0,0.0,17.783534387831295,0.8412904999999999,2623.7187505793195,0.0,0.0,0.0,0.0,1559341.72,2623.7187505793195,1556718.0012494207,0.0016825809999999996
2026-01,DE01,Hardware,C014,Helix DE01,Core,2.0470550000000003,45,1250886.9300000002,0.0,0.0,0.0,0.0,1250886.9300000002,0.0,0.0,17.47678393282117,0.8701464375000001,2176.909611709624,0.0,0.0,0.0,0.0,1250886.9300000002,2176.909611709624,1248710.0203882905,0.001740292875
2026-01,DE01,Hardware,C009,Pioneer DE01,Strategic,1.306745,45,771054.12,0.0,0.0,0.0,0.0,771054.12,0.0,0.0,0.0,0.7498460625,1156.343791712805,0.0,0.0,0.0,0.0,771054.12,1156.343791712805,769897.7762082872,0.0014996921249999999
2026-01,DE01,Hardware,C011,Axiom DE01,Strategic,1.0,45,1312005.56,0.0,0.0,0.0,0.0,1312005.56,0.0,0.0,0.0,0.7,1836.8077839999999,0.0,0.0,0.0,0.0,1312005.56,1836.8077839999999,1310168.752216,0.0013999999999999998
2026-01,DE01,Software,C001,Meridian DE01,Growth,3.922925,30,144091.62,0.0,0.0,0.0,0.0,144091.62,0.0,0.0,15.164272564913908,1.1749753125,338.6081924762625,0.0,0.0,0.0,0.0,144091.62,338.6081924762625,143753.01180752373,0.002349950625
2026-01,DE01,Software,C002,Orion DE01,Core,1.8911449999999999,30,107153.81,0.0,0.0,0.0,0.0,107153.81,0.0,0.0,0.0,0.8448110624999999,181.04944815404622,0.0,0.0,0.0,0.0,107153.81,181.04944815404622,106972.76055184595,0.0016896221249999997
2026-01,DE01,Software,C003,Atlas DE01,Growth,2.7558400000000005,30,59029.58,0.0,0.0,0.0,0.0,59029.58,0.0,0.0,0.0,0.9853240000000001,116.32652376784002,0.0,0.0,0.0,0.0,59029.58,116.32652376784002,58913.25347623216,0.001970648
2026-01,DE01,Software,C004,Nimbus DE01,Strategic,1.0,30,67445.95000000001,0.0,0.0,0.0,0.0,67445.95000000001,0.0,0.0,0.0,0.7,94.42433000000001,0.0,0.0,0.0,0.0,67445.95000000001,94.42433000000001,67351.52567000002,0.0014
2026-01,DE01,Software,C005,Summit DE01,Core,2.047655,30,96829.16,0.0,0.0,0.0,0.0,96829.16,0.0,0.0,0.0,0.8702439375,168.529978926435,0.0,0.0,0.0,0.0,96829.16,168.529978926435,96660.63002107356,0.001740487875
2026-01,DE01,Software,C006,Cobalt DE01,Core,2.081205,30,112340.24,0.0,0.0,0.0,0.0,112340.24,0.0,0.0,0.0,0.8756958125000001,196.75175548649003,0.0,0.0,0.0,0.0,112340.24,196.75175548649003,112143.48824451352,0.0017513916250000003
2026-01,DE01,Software,C007,Vertex DE01,Core,2.185245,30,86056.91,0.0,0.0,0.0,0.0,86056.91,0.0,0.0,0.0,0.8926023125,153.62919374520877,0.0,0.0,0.0,0.0,86056.91,153.62919374520877,85903.2808062548,0.0017852046250000002
2026-01,ES01,Events,C023,Redwood ES01,Growth,2.795945,30,796690.8899999999,0.0,0.0,0.0,0.0,796690.8899999999,0.0,0.0,14.532517122167672,0.9918410625,1580.3814776433412,0.0,0.0,0.0,0.0,796690.8899999999,1580.3814776433412,795110.5085223565,0.001983682125
2026-01,ES01,Events,C026,Axiom ES01,Core,2.21812,30,366608.0000000004,0.0,0.0,0.0,0.0,366608.0000000004,0.0,0.0,7.742045454545479,0.8979444999999999,658.3872745120007,0.0,0.0,0.0,0.0,366608.0000000004,658.3872745120007,365949.61272548843,0.0017958889999999997
2026-01,ES01,Events,C022,Vector ES01,Strategic,1.0,30,1371933.1500000001,0.0,0.0,0.0,0.0,1371933.1500000001,0.0,0.0,0.0,0.7,1920.70641,0.0,0.0,0.0,0.0,1371933.1500000001,1920.70641,1370012.44359,0.0013999999999999998
2026-01,ES01,Events,C024,Pioneer ES01,Strategic,1.02279,30,1394177.6,0.0,0.0,0.0,0.0,1394177.6,0.0,0.0,0.0,0.703703375,1962.1749649388003,0.0,0.0,0.0,0.0,1394177.6,1962.1749649388003,1392215.4250350613,0.0014074067500000002
2026-01,ES01,Events,C025,Keystone ES01,Core,2.0810400000000002,30,580210.6699999999,0.0,0.0,0.0,0.0,580210.6699999999,0.0,0.0,0.0,0.875669,1016.14499437646,0.0,0.0,0.0,0.0,580210.6699999999,1016.14499437646,579194.5250056235,0.0017513380000000003
2026-01,ES01,Hardware,C016,Meridian ES01,Core,2.18475,45,658248.89,0.0,0.0,0.0,0.0,658248.89,0.0,0.0,17.497863460126762,0.892521875,1175.0030670389376,0.0,0.0,0.0,0.0,658248.89,1175.0030670389376,657073.8869329611,0.00178504375
2026-01,ES01,Hardware,C017,Orion ES01,Strategic,1.2359149999999999,45,1749155.3900000004,0.0,0.0,0.0,0.0,1749155.3900000004,0.0,0.0,17.37914342761737,0.7383361875,2582.9294439953514,0.0,0.0,0.0,0.0,1749155.3900000004,2582.9294439953514,1746572.4605560051,0.0014766723749999999
2026-01,ES01,Hardware,C018,Atlas ES01,Strategic,1.285565,45,1489048.4300000002,0.0,0.0,0.0,0.0,1489048.4300000002,0.0,0.0,17.468971979642056,0.7464043125,2222.864339346709,0.0,0.0,0.0,0.0,1489048.4300000002,2222.864339346709,1486825.5656606534,0.001492808625
2026-01,ES01,Hardware,C019,Nimbus ES01,Core,2.209905,45,1035015.1499999999,0.0,0.0,0.0,0.0,1035015.1499999999,0.0,0.0,15.996108752611013,0.8966095625,1856.0089616447437,0.0,0.0,0.0,0.0,1035015.1499999999,1856.0089616447437,1033159.1410383552,0.0017932191250000001
2026-01,ES01,Hardware,C021,Cobalt ES01,Core,1.9086199999999998,45,845791.87,0.0,0.0,0.0,0.0,845791.87,0.0,0.0,17.43663721903593,0.8476507499999999,1433.8722258988048,0.0,0.0,0.0,0.0,845791.87,1433.8722258988048,844357.9977741012,0.0016953014999999997
2026-01,ES01,Hardware,C015,Nova ES01,Strategic,1.134235,45,462274.19,0.0,0.0,0.0,0.0,462274.19,0.0,0.0,0.0,0.7218131875,667.3512131657614,0.0,0.0,0.0,0.0,462274.19,667.3512131657614,461606.83878683427,0.0014436263750000002
2026-01,ES01,Hardware,C020,Summit ES01,Strategic,1.0,45,1037545.25,0.0,0.0,0.0,0.0,1037545.25,0.0,0.0,0.0,0.7,1452.5633500000001,0.0,0.0,0.0,0.0,1037545.25,1452.5633500000001,1036092.68665,0.0014000000000000002
2026-01,ES01,Spare Parts,C028,Vertex ES01,Growth,3.0423750000000003,45,671599.84,0.0,0.0,0.0,0.0,671599.84,0.0,0.0,17.253959143289848,1.0318859375,1386.0288610465,0.0,0.0,0.0,0.0,671599.84,1386.0288610465,670213.8111389534,0.0020637718750000002
2026-01,ES01,Spare Parts,C029,Nova ES01,Core,2.341555,45,324431.68999999797,0.0,0.0,0.0,0.0,324431.68999999797,0.0,0.0,7.326755595299442,0.9180026875,595.65832666033,0.0,0.0,0.0,0.0,324431.68999999797,595.65832666033,323836.0316733376,0.001836005375
2026-01,ES01,Spare Parts,C030,Meridian ES01,Growth,2.7239050000000002,45,382229.52,0.0,0.0,0.0,0.0,382229.52,0.0,0.0,17.284188568167107,0.9801345625,749.2727267195701,0.0,0.0,0.0,0.0,382229.52,749.2727267195701,381480.24727328046,0.001960269125
2026-01,ES01,Spare Parts,C031,Orion ES01,Growth,2.81174,45,415973.86,0.0,0.0,0.0,0.0,415973.86,0.0,0.0,17.36000887171131,0.9944077499999999,827.2952603628299,0.0,0.0,0.0,0.0,415973.86,827.2952603628299,415146.56473963714,0.0019888155
2026-01,ES01,Spare Parts,C033,Nimbus ES01,Growth,2.8488800000000003,45,389185.3,0.0,0.0,0.0,0.0,389185.3,0.0,0.0,17.51071327719726,1.0004430000000002,778.7154181758001,0.0,0.0,0.0,0.0,389185.3,778.7154181758001,388406.5845818242,0.0020008860000000003
2026-01,ES01,Spare Parts,C027,Cobalt ES01,Core,2.25286,45,294842.27,0.0,0.0,0.0,0.0,294842.27,0.0,0.0,0.0,0.9035897500000001,532.8329060774652,0.0,0.0,0.0,0.0,294842.27,532.8329060774652,294309.4370939226,0.0018071795000000005
2026-01,ES01,Spare Parts,C032,Atlas ES01,Core,2.0051500000000004,45,405698.96,0.0,0.0,0.0,0.0,405698.96,0.0,0.0,0.0,0.8633368750000001,700.5097446343002,0.0,0.0,0.0,0.0,405698.96,700.5097446343002,404998.4502553657,0.0017266737500000004
2026-01,JP01,Hardware,C062,Northstar JP01,Growth,2.8876500000000003,45,630206.1600000004,0.0,0.0,0.0,0.0,630206.1600000004,0.0,0.0,8.218411575031274,1.006743125,1268.911437825301,0.0,0.0,0.0,0.0,630206.1600000004,1268.911437825301,628937.2485621751,0.0020134862500000004
2026-01,JP01,Hardware,C063,Kestrel JP01,Growth,2.933765,45,720479.4099999999,0.0,0.0,0.0,0.0,720479.4099999999,0.0,0.0,18.112083036488166,1.0142368125,1461.4734805405612,0.0,0.0,0.0,0.0,720479.4099999999,1461.4734805405612,719017.9365194594,0.0020284736250000004
2026-01,JP01,Hardware,C064,Helix JP01,Growth,3.0409900000000003,45,525215.26,0.0,0.0,0.0,0.0,525215.26,0.0,0.0,23.047872219097368,1.031660875,1083.6880693899052,0.0,0.0,0.0,0.0,525215.26,1083.6880693899052,524131.5719306101,0.0020633217500000004
2026-01,JP01,Hardware,C065,Vector JP01,Growth,3.1325000000000003,45,399155.2,0.0,0.0,0.0,0.0,399155.2,0.0,0.0,25.144478137827093,1.0465312500000001,835.4567808000002,0.0,0.0,0.0,0.0,399155.2,835.4567808000002,398319.7432192,0.0020930625000000003
2026-01,JP01,Hardware,C066,Redwood JP01,Growth,3.086145,45,945557.1699999999,0.0,0.0,0.0,0.0,945557.1699999999,0.0,0.0,18.15015172482908,1.0389985625,1964.8650807831361,0.0,0.0,0.0,0.0,945557.1699999999,1964.8650807831361,943592.3049192168,0.002077997125
2026-01,JP01,Hardware,C060,Keystone JP01,Growth,2.7943000000000002,45,375333.52,0.0,0.0,0.0,0.0,375333.52,0.0,0.0,0.0,0.99157375,744.3417318542,0.0,0.0,0.0,0.0,375333.52,744.3417318542,374589.1782681458,0.0019831475
2026-01,JP01,Hardware,C061,Axiom JP01,Core,1.97168,45,623090.52,0.0,0.0,0.0,0.0,623090.52,0.0,0.0,0.0,0.857898,1069.0962218539203,0.0,0.0,0.0,0.0,623090.52,1069.0962218539203,622021.4237781462,0.0017157960000000003
2026-01,JP01,Software,C053,Atlas JP01,Core,2.188565,30,57490.03,0.0,0.0,0.0,0.0,57490.03,0.0,0.0,0.0,0.8931418125,102.69349918975875,0.0,0.0,0.0,0.0,57490.03,102.69349918975875,57387.33650081024,0.0017862836250000002
2026-01,JP01,Software,C054,Nimbus JP01,Core,2.16125,30,86285.63,0.0,0.0,0.0,0.0,86285.63,0.0,0.0,0.0,0.8887031249999999,153.36461804718752,0.0,0.0,0.0,0.0,86285.63,153.36461804718752,86132.26538195282,0.0017774062500000001
2026-01,JP01,Software,C055,Summit JP01,Strategic,1.29925,30,793.150000000227,0.0,0.0,0.0,0.0,793.150000000227,0.0,0.0,0.0,0.748628125,1.18754879468784,0.0,0.0,0.0,0.0,793.150000000227,1.18754879468784,791.9624512055392,0.00149725625
2026-01,JP01,Software,C056,Cobalt JP01,Core,2.1768300000000003,30,131553.78,0.0,0.0,0.0,0.0,131553.78,0.0,0.0,0.0,0.8912348750000001,234.490633348155,0.0,0.0,0.0,0.0,131553.78,234.490633348155,131319.28936665185,0.00178246975
2026-01,JP01,Software,C057,Vertex JP01,Core,2.26337,30,98308.96,0.0,0.0,0.0,0.0,98308.96,0.0,0.0,0.0,0.905297625,177.99773600844003,0.0,0.0,0.0,0.0,98308.96,177.99773600844003,98130.96226399156,0.0018105952500000002
2026-01,JP01,Software,C058,Nova JP01,Core,2.3047950000000004,30,102285.46,0.0,0.0,0.0,0.0,102285.46,0.0,0.0,0.0,0.9120291875000001,186.57464995372754,0.0,0.0,0.0,0.0,102285.46,186.57464995372754,102098.88535004627,0.0018240583750000004
2026-01,JP01,Software,C059,Meridian JP01,Growth,3.295,30,56195.36,0.0,0.0,0.0,0.0,56195.36,0.0,0.0,0.0,1.0729375,120.58821814000001,0.0,0.0,0.0,0.0,56195.36,120.58821814000001,56074.77178186,0.002145875
2026-01,JP01,Spare Parts,C067,Orion JP01,Core,2.41448,45,561994.71,0.0,0.0,0.0,0.0,561994.71,0.0,0.0,17.050195009842707,0.929853,1045.14493415526,0.0,0.0,0.0,0.0,561994.71,1045.14493415526,560949.5650658447,0.001859706
2026-01,JP01,Spare Parts,C068,Atlas JP01,Core,2.34401,45,841354.79,0.0,0.0,0.0,0.0,841354.79,0.0,0.0,17.1449207533483,0.918401625,1545.4032126750676,0.0,0.0,0.0,0.0,841354.79,1545.4032126750676,839809.386787325,0.00183680325
2026-01,JP01,Spare Parts,C069,Nimbus JP01,Growth,3.28588,45,581247.6599999999,0.0,0.0,0.0,0.0,581247.6599999999,0.0,0.0,17.34652660795228,1.0714555000000001,1245.5620043382598,0.0,0.0,0.0,0.0,581247.6599999999,1245.5620043382598,580002.0979956617,0.002142911
2026-01,JP01,Spare Parts,C071,Cobalt JP01,Growth,2.876375,45,621978.27,0.0,0.0,0.0,0.0,621978.27,0.0,0.0,16.991060797027526,1.0049109375,1250.0655328206565,0.0,0.0,0.0,0.0,621978.27,1250.0655328206565,620728.2044671794,0.002009821875
2026-01,JP01,Spare Parts,C073,Nova JP01,Core,2.219815,45,477728.9000000004,0.0,0.0,0.0,0.0,477728.9000000004,0.0,0.0,6.87204981737552,0.8982199375,858.2112453998882,0.0,0.0,0.0,0.0,477728.9000000004,858.2112453998882,476870.6887546005,0.0017964398750000001
2026-01,JP01,Spare Parts,C070,Summit JP01,Core,1.9708350000000001,45,404854.18,0.0,0.0,0.0,0.0,404854.18,0.0,0.0,0.0,0.8577606875,694.5359995480975,0.0,0.0,0.0,0.0,404854.18,694.5359995480975,404159.6440004519,0.001715521375
2026-01,JP01,Spare Parts,C072,Vertex JP01,Strategic,1.1821099999999998,45,505904.51,0.0,0.0,0.0,0.0,505904.51,0.0,0.0,0.0,0.7295928749999999,738.2086518527325,0.0,0.0,0.0,0.0,505904.51,738.2086518527325,505166.3013481473,0.00145918575
2026-01,US01,Events,C048,Northstar US01,Growth,3.1211550000000003,30,214759.18,0.0,0.0,0.0,0.0,214759.18,0.0,0.0,15.058413335346131,1.0446876875000002,448.7125422471926,0.0,0.0,0.0,0.0,214759.18,448.7125422471926,214310.4674577528,0.0020893753750000003
2026-01,US01,Events,C052,Redwood US01,Growth,2.88081,30,732697.7700000004,0.0,0.0,0.0,0.0,732697.7700000004,0.0,0.0,13.407877711979395,1.005631625,1473.648098157953,0.0,0.0,0.0,0.0,732697.7700000004,1473.648098157953,731224.1219018424,0.0020112632499999995
2026-01,US01,Events,C049,Kestrel US01,Strategic,1.447995,30,741925.75,0.0,0.0,0.0,0.0,741925.75,0.0,0.0,0.0,0.7727991875,1146.7192335706561,0.0,0.0,0.0,0.0,741925.75,1146.7192335706561,740779.0307664294,0.0015455983749999998
2026-01,US01,Events,C050,Helix US01,Growth,2.8449999999999998,30,170294.48,0.0,0.0,0.0,0.0,170294.48,0.0,0.0,0.0,0.9998125,340.52509957000007,0.0,0.0,0.0,0.0,170294.48,340.52509957000007,169953.95490043002,0.001999625
2026-01,US01,Events,C051,Vector US01,Growth,2.8275900000000003,30,269966.69,0.0,0.0,0.0,0.0,269966.69,0.0,0.0,0.0,0.9969833750000001,538.3046034675576,0.0,0.0,0.0,0.0,269966.69,538.3046034675576,269428.3853965324,0.0019939667500000003
2026-01,US01,Hardware,C041,Summit US01,Growth,2.82761,45,1254351.17,0.0,0.0,0.0,0.0,1254351.17,0.0,0.0,16.05261658902108,0.996986625,2501.1426790862024,0.0,0.0,0.0,0.0,1254351.17,2501.1426790862024,1251850.0273209137,0.00199397325
2026-01,US01,Hardware,C042,Cobalt US01,Growth,2.902705,45,782988.87,0.0,0.0,0.0,0.0,782988.87,0.0,0.0,16.496445983963987,1.0091895625,1580.3683903153387,0.0,0.0,0.0,0.0,782988.87,1580.3683903153387,781408.5016096847,0.002018379125
2026-01,US01,Hardware,C044,Nova US01,Core,2.11017,45,1031342.6999999948,0.0,0.0,0.0,0.0,1031342.6999999948,0.0,0.0,11.59426687171966,0.880402625,1815.9936407091661,0.0,0.0,0.0,0.0,1031342.6999999948,1815.9936407091661,1029526.7063592856,0.0017608052500000001
2026-01,US01,Hardware,C046,Orion US01,Core,2.182275,45,1922883.2400000002,0.0,0.0,0.0,0.0,1922883.2400000002,0.0,0.0,16.887430356925883,0.8921196875,3430.8839903355756,0.0,0.0,0.0,0.0,1922883.2400000002,3430.8839903355756,1919452.3560096647,0.0017842393750000002
2026-01,US01,Hardware,C047,Atlas US01,Core,2.2454699999999996,45,2238188.09,0.0,0.0,0.0,0.0,2238188.09,0.0,0.0,18.056722525049267,0.902388875,4039.4320651469975,0.0,0.0,0.0,0.0,2238188.09,4039.4320651469975,2234148.657934853,0.00180477775
2026-01,US01,Hardware,C043,Vertex US01,Core,2.0013,45,532521.26,0.0,0.0,0.0,0.0,532521.26,0.0,0.0,0.0,0.86271125,918.82416373235,0.0,0.0,0.0,0.0,532521.26,918.82416373235,531602.4358362677,0.0017254225
2026-01,US01,Hardware,C045,Meridian US01,Strategic,1.0499999999999998,45,883483.6,0.0,0.0,0.0,0.0,883483.6,0.0,0.0,0.0,0.7081249999999999,1251.2336484999998,0.0,0.0,0.0,0.0,883483.6,1251.2336484999998,882232.3663514999,0.0014162499999999998
2026-01,US01,Software,C034,Kestrel US01,Growth,2.9399699999999998,30,98410.75,0.0,0.0,0.0,0.0,98410.75,0.0,0.0,0.0,1.0152451249999999,199.82206837018748,0.0,0.0,0.0,0.0,98410.75,199.82206837018748,98210.92793162982,0.0020304902499999997
2026-01,US01,Software,C035,Helix US01,Core,2.18574,30,116352.92,0.0,0.0,0.0,0.0,116352.92,0.0,0.0,0.0,0.89268275,207.73248919225998,0.0,0.0,0.0,0.0,116352.92,207.73248919225998,116145.18751080774,0.0017853654999999999
2026-01,US01,Software,C036,Vector US01,Growth,3.016975,30,87371.66,0.0,0.0,0.0,0.0,87371.66,0.0,0.0,0.0,1.0277584375,179.5939215267625,0.0,0.0,0.0,0.0,87371.66,179.5939215267625,87192.06607847325,0.002055516875
2026-01,US01,Software,C037,Redwood US01,Core,2.305165,30,140043.89,0.0,0.0,0.0,0.0,140043.89,0.0,0.0,0.0,0.9120893125,255.46507069985125,0.0,0.0,0.0,0.0,140043.89,255.46507069985125,139788.42492930015,0.0018241786249999998
2026-01,US01,Software,C038,Pioneer US01,Strategic,1.2493699999999999,30,85333.4100000003,0.0,0.0,0.0,0.0,85333.4100000003,0.0,0.0,0.0,0.740522625,126.38264154680294,0.0,0.0,0.0,0.0,85333.4100000003,126.38264154680294,85207.02735845349,0.0014810452500000001
2026-01,US01,Software,C039,Keystone US01,Strategic,1.335245,30,218933.54,0.0,0.0,0.0,0.0,218933.54,0.0,0.0,0.0,0.7544773124999999,330.3607777506225,0.0,0.0,0.0,0.0,218933.54,330.3607777506225,218603.1792222494,0.001508954625
2026-01,US01,Software,C040,Axiom US01,Growth,2.8075,30,73690.35,0.0,0.0,0.0,0.0,73690.35,0.0,0.0,0.0,0.99371875,146.45496497812502,0.0,0.0,0.0,0.0,73690.35,146.45496497812502,73543.89503502188,0.0019874375
2026-02,DE01,Hardware,C010,Keystone DE01,Growth,3.8942900000000003,45,658724.1699999999,504775.74,0.0,0.0,0.0,1163499.91,504775.74,0.433842526038528,34.175345918161696,1.1703221250000002,1541.8389408465227,5907.502166852477,0.0,0.0,0.0,1163499.91,7449.341107699,1156050.5688923008,0.006402528305910226
2026-02,DE01,Hardware,C008,Redwood DE01,Core,2.225305,45,733378.97,0.0,0.0,0.0,0.0,733378.97,0.0,0.0,14.951608170602439,0.8991120625,1318.7797566216511,0.0,0.0,0.0,0.0,733378.97,1318.7797566216511,732060.1902433783,0.001798224125
2026-02,DE01,Hardware,C009,Pioneer DE01,Strategic,1.306745,45,1567128.17,0.0,0.0,0.0,0.0,1567128.17,0.0,0.0,14.760518024508489,0.7498460625,2350.209775414661,0.0,0.0,0.0,0.0,1567128.17,2350.209775414661,1564777.9602245854,0.001499692125
2026-02,DE01,Hardware,C011,Axiom DE01,Strategic,1.0,45,1637466.7499999995,0.0,0.0,0.0,0.0,1637466.7499999995,0.0,0.0,4.9633493321314655,0.7,2292.453449999999,0.0,0.0,0.0,0.0,1637466.7499999995,2292.453449999999,1635174.2965499996,0.0013999999999999998
2026-02,DE01,Hardware,C012,Northstar DE01,Growth,2.752895,45,910580.0900000001,0.0,0.0,0.0,0.0,910580.0900000001,0.0,0.0,14.502237688943978,0.9848454375,1793.561294229679,0.0,0.0,0.0,0.0,910580.0900000001,1793.561294229679,908786.5287057704,0.001969690875
2026-02,DE01,Hardware,C013,Kestrel DE01,Core,1.8694799999999998,45,1356258.12,0.0,0.0,0.0,0.0,1356258.12,0.0,0.0,14.045736736307981,0.8412904999999999,2282.0141438077203,0.0,0.0,0.0,0.0,1356258.12,2282.0141438077203,1353976.1058561923,0.001682581
2026-02,DE01,Hardware,C014,Helix DE01,Core,2.0470550000000003,45,1047721.86,0.0,0.0,0.0,0.0,1047721.86,0.0,0.0,14.951608721803323,0.8701464375000001,1823.342887939748,0.0,0.0,0.0,0.0,1047721.86,1823.342887939748,1045898.5171120602,0.0017402928750000005
2026-02,DE01,Software,C001,Meridian DE01,Growth,3.922925,30,141609.87,0.0,0.0,0.0,0.0,141609.87,0.0,0.0,15.095727437642589,1.1749753125,332.77620251266876,0.0,0.0,0.0,0.0,141609.87,332.77620251266876,141277.09379748732,0.002349950625
2026-02,DE01,Software,C002,Orion DE01,Core,1.8911449999999999,30,104932.05,0.0,0.0,0.0,0.0,104932.05,0.0,0.0,0.0,0.8448110624999999,177.29551330160623,0.0,0.0,0.0,0.0,104932.05,177.29551330160623,104754.7544866984,0.0016896221249999997
2026-02,DE01,Software,C003,Atlas DE01,Growth,2.7558400000000005,30,55563.3,0.0,0.0,0.0,0.0,55563.3,0.0,0.0,0.0,0.9853240000000001,109.49570601840001,0.0,0.0,0.0,0.0,55563.3,109.49570601840001,55453.8042939816,0.001970648
2026-02,DE01,Software,C004,Nimbus DE01,Strategic,1.0,30,88210.05000000005,0.0,0.0,0.0,0.0,88210.05000000005,0.0,0.0,0.0,0.7,123.49407000000006,0.0,0.0,0.0,0.0,88210.05000000005,123.49407000000006,88086.55593000005,0.0014
2026-02,DE01,Software,C005,Summit DE01,Core,2.047655,30,97831.72,0.0,0.0,0.0,0.0,97831.72,0.0,0.0,0.0,0.8702439375,170.274922450395,0.0,0.0,0.0,0.0,97831.72,170.274922450395,97661.44507754961,0.001740487875
2026-02,DE01,Software,C006,Cobalt DE01,Core,2.081205,30,118550.42,0.0,0.0,0.0,0.0,118550.42,0.0,0.0,0.0,0.8756958125000001,207.6282127282325,0.0,0.0,0.0,0.0,118550.42,207.6282127282325,118342.79178727177,0.001751391625
2026-02,DE01,Software,C007,Vertex DE01,Core,2.185245,30,86292.39,0.0,0.0,0.0,0.0,86292.39,0.0,0.0,0.0,0.8926023125,154.04957373030373,0.0,0.0,0.0,0.0,86292.39,154.04957373030373,86138.3404262697,0.0017852046249999998
2026-02,ES01,Events,C023,Redwood ES01,Growth,2.795945,30,529853.7600000008,0.0,0.0,0.0,0.0,529853.7600000008,0.0,0.0,23.02497334358825,0.9918410625,1051.0614325760419,0.0,0.0,0.0,0.0,529853.7600000008,1051.0614325760419,528802.6985674248,0.0019836821250000004
2026-02,ES01,Events,C022,Vector ES01,Strategic,1.0,30,1401584.87,0.0,0.0,0.0,0.0,1401584.87,0.0,0.0,0.0,0.7,1962.218818,0.0,0.0,0.0,0.0,1401584.87,1962.218818,1399622.651182,0.0014
2026-02,ES01,Events,C024,Pioneer ES01,Strategic,1.02279,30,193481.53999999998,0.0,0.0,0.0,0.0,193481.53999999998,0.0,0.0,0.0,0.703703375,272.307225396395,0.0,0.0,0.0,0.0,193481.53999999998,272.307225396395,193209.2327746036,0.00140740675
2026-02,ES01,Events,C025,Keystone ES01,Core,2.0810400000000002,30,760260.36,0.0,0.0,0.0,0.0,760260.36,0.0,0.0,0.0,0.875669,1331.47285836168,0.0,0.0,0.0,0.0,760260.36,1331.47285836168,758928.8871416383,0.001751338
2026-02,ES01,Events,C026,Axiom ES01,Core,2.21812,30,192821.41999999998,0.0,0.0,0.0,0.0,192821.41999999998,0.0,0.0,0.0,0.8979444999999999,346.28586714237997,0.0,0.0,0.0,0.0,192821.41999999998,346.28586714237997,192475.1341328576,0.001795889
2026-02,ES01,Hardware,C015,Nova ES01,Strategic,1.134235,45,1033895.6100000001,0.0,0.0,0.0,0.0,1033895.6100000001,0.0,0.0,13.413564740834907,0.7218131875,1492.5589715927138,0.0,0.0,0.0,0.0,1033895.6100000001,1492.5589715927138,1032403.0510284074,0.001443626375
2026-02,ES01,Hardware,C016,Meridian ES01,Core,2.18475,45,576088.15,0.0,0.0,0.0,0.0,576088.15,0.0,0.0,14.285170594118277,0.892521875,1028.3425516065627,0.0,0.0,0.0,0.0,576088.15,1028.3425516065627,575059.8074483934,0.0017850437500000003
2026-02,ES01,Hardware,C017,Orion ES01,Strategic,1.2359149999999999,45,1492422.4300000002,0.0,0.0,0.0,0.0,1492422.4300000002,0.0,0.0,14.791950895565137,0.7383361875,2203.8189742113714,0.0,0.0,0.0,0.0,1492422.4300000002,2203.8189742113714,1490218.6110257888,0.0014766723749999999
2026-02,ES01,Hardware,C018,Atlas ES01,Strategic,1.285565,45,1236638.28,0.0,0.0,0.0,0.0,1236638.28,0.0,0.0,15.088735244391756,0.7464043125,1846.064290389165,0.0,0.0,0.0,0.0,1236638.28,1846.064290389165,1234792.2157096108,0.001492808625
2026-02,ES01,Hardware,C019,Nimbus ES01,Core,2.209905,45,934256.77,0.0,0.0,0.0,0.0,934256.77,0.0,0.0,15.51419274168064,0.8966095625,1675.3271076247263,0.0,0.0,0.0,0.0,934256.77,1675.3271076247263,932581.4428923753,0.001793219125
2026-02,ES01,Hardware,C020,Summit ES01,Strategic,1.0,45,1608514.0700000003,0.0,0.0,0.0,0.0,1608514.0700000003,0.0,0.0,9.951440772911615,0.7,2251.9196980000006,0.0,0.0,0.0,0.0,1608514.0700000003,2251.9196980000006,1606262.1503020003,0.0014000000000000002
2026-02,ES01,Hardware,C021,Cobalt ES01,Core,1.9086199999999998,45,741929.19,0.0,0.0,0.0,0.0,741929.19,0.0,0.0,14.32210815158789,0.8476507499999999,1257.7936687007848,0.0,0.0,0.0,0.0,741929.19,1257.7936687007848,740671.3963312992,0.0016953015
2026-02,ES01,Spare Parts,C027,Cobalt ES01,Core,2.25286,45,514110.00999999826,0.0,0.0,0.0,0.0,514110.00999999826,0.0,0.0,11.45923184806296,0.9035897500000001,929.089070816792,0.0,0.0,0.0,0.0,514110.00999999826,929.089070816792,513180.92092918145,0.0018071795
2026-02,ES01,Spare Parts,C028,Vertex ES01,Growth,3.0423750000000003,45,581968.3200000001,0.0,0.0,0.0,0.0,581968.3200000001,0.0,0.0,14.709115094099966,1.0318859375,1201.0498509570002,0.0,0.0,0.0,0.0,581968.3200000001,1201.0498509570002,580767.2701490431,0.0020637718750000002
2026-02,ES01,Spare Parts,C029,Nova ES01,Core,2.341555,45,507646.77999999997,0.0,0.0,0.0,0.0,507646.77999999997,0.0,0.0,14.490230786059552,0.9180026875,932.0422166814425,0.0,0.0,0.0,0.0,507646.77999999997,932.0422166814425,506714.7377833185,0.0018360053750000002
2026-02,ES01,Spare Parts,C030,Meridian ES01,Growth,2.7239050000000002,45,338437.53,0.0,0.0,0.0,0.0,338437.53,0.0,0.0,14.361168810090298,0.9801345625,663.4286408002613,0.0,0.0,0.0,0.0,338437.53,663.4286408002613,337774.1013591998,0.001960269125
2026-02,ES01,Spare Parts,C031,Orion ES01,Growth,2.81174,45,366557.9,0.0,0.0,0.0,0.0,366557.9,0.0,0.0,14.343998315136572,0.9944077499999999,729.01603316745,0.0,0.0,0.0,0.0,366557.9,729.01603316745,365828.8839668326,0.0019888155
2026-02,ES01,Spare Parts,C033,Nimbus ES01,Growth,2.8488800000000003,45,335072.52,0.0,0.0,0.0,0.0,335072.52,0.0,0.0,14.506253153794885,1.0004430000000002,670.4419142527202,0.0,0.0,0.0,0.0,335072.52,670.4419142527202,334402.0780857473,0.0020008860000000003
2026-02,ES01,Spare Parts,C032,Atlas ES01,Core,2.0051500000000004,45,421738.21,0.0,0.0,0.0,0.0,421738.21,0.0,0.0,0.0,0.8633368750000001,728.2042965789876,0.0,0.0,0.0,0.0,421738.21,728.2042965789876,421010.005703421,0.0017266737500000002
2026-02,JP01,Hardware,C065,Vector JP01,Growth,3.1325000000000003,45,209270.86,69652.23000000033,0.0,0.0,0.0,278923.0900000003,69652.23000000033,0.24971840803857526,21.93163929167719,1.0465312500000001,438.0169894087501,728.9323532718785,0.0,0.0,0.0,278923.0900000003,1166.9493426806284,277756.1406573197,0.004183767441700962
2026-02,JP01,Hardware,C060,Keystone JP01,Growth,2.7943000000000002,45,878400.55,0.0,0.0,0.0,0.0,878400.55,0.0,0.0,12.818759733244704,0.99157375,1741.9978547311252,0.0,0.0,0.0,0.0,878400.55,1741.9978547311252,876658.5521452689,0.0019831475000000004
2026-02,JP01,Hardware,C061,Axiom JP01,Core,1.97168,45,1250214.3599999999,0.0,0.0,0.0,0.0,1250214.3599999999,0.0,0.0,14.95160845856866,0.857898,2145.11279803056,0.0,0.0,0.0,0.0,1250214.3599999999,2145.11279803056,1248069.2472019694,0.0017157960000000001
2026-02,JP01,Hardware,C062,Northstar JP01,Growth,2.8876500000000003,45,1003463.0900000001,0.0,0.0,0.0,0.0,1003463.0900000001,0.0,0.0,13.679517798706476,1.006743125,2020.4591340975128,0.0,0.0,0.0,0.0,1003463.0900000001,2020.4591340975128,1001442.6308659025,0.00201348625
2026-02,JP01,Hardware,C063,Kestrel JP01,Growth,2.933765,45,659702.51,0.0,0.0,0.0,0.0,659702.51,0.0,0.0,12.983123862906021,1.0142368125,1338.189141881299,0.0,0.0,0.0,0.0,659702.51,1338.189141881299,658364.3208581187,0.0020284736250000004
2026-02,JP01,Hardware,C064,Helix JP01,Growth,3.0409900000000003,45,290550.0,0.0,0.0,0.0,0.0,290550.0,0.0,0.0,12.567074858027876,1.031660875,599.4981344625,0.0,0.0,0.0,0.0,290550.0,599.4981344625,289950.5018655375,0.0020633217500000004
2026-02,JP01,Hardware,C066,Redwood JP01,Growth,3.086145,45,854825.99,0.0,0.0,0.0,0.0,854825.99,0.0,0.0,13.107590469962197,1.0389985625,1776.3259495952789,0.0,0.0,0.0,0.0,854825.99,1776.3259495952789,853049.6640504047,0.002077997125
2026-02,JP01,Software,C053,Atlas JP01,Core,2.188565,30,62041.42,0.0,0.0,0.0,0.0,62041.42,0.0,0.0,0.0,0.8931418125,110.8235726177475,0.0,0.0,0.0,0.0,62041.42,110.8235726177475,61930.596427382254,0.0017862836250000002
2026-02,JP01,Software,C054,Nimbus JP01,Core,2.16125,30,90692.43,0.0,0.0,0.0,0.0,90692.43,0.0,0.0,0.0,0.8887031249999999,161.1972919096875,0.0,0.0,0.0,0.0,90692.43,161.1972919096875,90531.2327080903,0.0017774062500000001
2026-02,JP01,Software,C055,Summit JP01,Strategic,1.29925,30,33195.60000000025,0.0,0.0,0.0,0.0,33195.60000000025,0.0,0.0,0.0,0.748628125,49.70231957250038,0.0,0.0,0.0,0.0,33195.60000000025,49.70231957250038,33145.897680427755,0.00149725625
2026-02,JP01,Software,C056,Cobalt JP01,Core,2.1768300000000003,30,133639.64,0.0,0.0,0.0,0.0,133639.64,0.0,0.0,0.0,0.8912348750000001,238.20861570089005,0.0,0.0,0.0,0.0,133639.64,238.20861570089005,133401.43138429913,0.00178246975
2026-02,JP01,Software,C057,Vertex JP01,Core,2.26337,30,101951.52,0.0,0.0,0.0,0.0,101951.52,0.0,0.0,0.0,0.905297625,184.59293784228,0.0,0.0,0.0,0.0,101951.52,184.59293784228,101766.92706215773,0.00181059525
2026-02,JP01,Software,C058,Nova JP01,Core,2.3047950000000004,30,104764.46,0.0,0.0,0.0,0.0,104764.46,0.0,0.0,0.0,0.9120291875000001,191.09649066535255,0.0,0.0,0.0,0.0,104764.46,191.09649066535255,104573.36350933465,0.0018240583750000004
2026-02,JP01,Software,C059,Meridian JP01,Growth,3.295,30,57331.95,0.0,0.0,0.0,0.0,57331.95,0.0,0.0,0.0,1.0729375,123.02719820625,0.0,0.0,0.0,0.0,57331.95,123.02719820625,57208.92280179375,0.002145875
2026-02,JP01,Spare Parts,C067,Orion JP01,Core,2.41448,45,489925.21,0.0,0.0,0.0,0.0,489925.21,0.0,0.0,14.854760995050652,0.929853,911.1168525882601,0.0,0.0,0.0,0.0,489925.21,911.1168525882601,489014.09314741177,0.0018597060000000002
2026-02,JP01,Spare Parts,C068,Atlas JP01,Core,2.34401,45,741143.04,0.0,0.0,0.0,0.0,741143.04,0.0,0.0,14.593245724873837,0.918401625,1361.33394458688,0.0,0.0,0.0,0.0,741143.04,1361.33394458688,739781.7060554131,0.00183680325
2026-02,JP01,Spare Parts,C069,Nimbus JP01,Growth,3.28588,45,505900.51,0.0,0.0,0.0,0.0,505900.51,0.0,0.0,14.538039900374878,1.0714555000000001,1084.09976778461,0.0,0.0,0.0,0.0,505900.51,1084.09976778461,504816.4102322154,0.002142911
2026-02,JP01,Spare Parts,C070,Summit JP01,Core,1.9708350000000001,45,656211.7900000005,0.0,0.0,0.0,0.0,656211.7900000005,0.0,0.0,9.64858052916119,0.8577606875,1125.745352272012,0.0,0.0,0.0,0.0,656211.7900000005,1125.745352272012,655086.0446477284,0.0017155213749999998
2026-02,JP01,Spare Parts,C071,Cobalt JP01,Growth,2.876375,45,552311.56,0.0,0.0,0.0,0.0,552311.56,0.0,0.0,14.649842744555263,1.0049109375,1110.0478551033752,0.0,0.0,0.0,0.0,552311.56,1110.0478551033752,551201.5121448967,0.002009821875
2026-02,JP01,Spare Parts,C073,Nova JP01,Core,2.219815,45,767011.0,0.0,0.0,0.0,0.0,767011.0,0.0,0.0,14.4051261324805,0.8982199375,1377.8891449636249,0.0,0.0,0.0,0.0,767011.0,1377.8891449636249,765633.1108550364,0.001796439875
2026-02,JP01,Spare Parts,C072,Vertex JP01,Strategic,1.1821099999999998,45,530820.76,0.0,0.0,0.0,0.0,530820.76,0.0,0.0,0.0,0.7295928749999999,774.56608879617,0.0,0.0,0.0,0.0,530820.76,774.56608879617,530046.1939112039,0.00145918575
2026-02,US01,Events,C048,Northstar US01,Growth,3.1211550000000003,30,696312.6,0.0,0.0,0.0,0.0,696312.6,0.0,0.0,3.706458564730841,1.0446876875000002,1454.8583997422252,0.0,0.0,0.0,0.0,696312.6,1454.8583997422252,694857.7416002577,0.0020893753750000003
2026-02,US01,Events,C052,Redwood US01,Growth,2.88081,30,785076.6800000004,0.0,0.0,0.0,0.0,785076.6800000004,0.0,0.0,7.117116636301067,1.005631625,1578.9958749160107,0.0,0.0,0.0,0.0,785076.6800000004,1578.9958749160107,783497.6841250844,0.00201126325
2026-02,US01,Events,C049,Kestrel US01,Strategic,1.447995,30,412278.82,0.0,0.0,0.0,0.0,412278.82,0.0,0.0,0.0,0.7727991875,637.2174742389175,0.0,0.0,0.0,0.0,412278.82,637.2174742389175,411641.6025257611,0.0015455983749999998
2026-02,US01,Events,C050,Helix US01,Growth,2.8449999999999998,30,138017.69,0.0,0.0,0.0,0.0,138017.69,0.0,0.0,0.0,0.9998125,275.98362336625,0.0,0.0,0.0,0.0,138017.69,275.98362336625,137741.70637663375,0.001999625
2026-02,US01,Events,C051,Vector US01,Growth,2.8275900000000003,30,366984.77,0.0,0.0,0.0,0.0,366984.77,0.0,0.0,0.0,0.9969833750000001,731.7554291363977,0.0,0.0,0.0,0.0,366984.77,731.7554291363977,366253.0145708636,0.0019939667500000003
2026-02,US01,Hardware,C041,Summit US01,Growth,2.82761,45,1228870.74,0.0,0.0,0.0,0.0,1228870.74,0.0,0.0,14.236580081644714,0.996986625,2450.3353832677053,0.0,0.0,0.0,0.0,1228870.74,2450.3353832677053,1226420.4046167324,0.0019939732500000003
2026-02,US01,Hardware,C042,Cobalt US01,Growth,2.902705,45,728830.6799999999,0.0,0.0,0.0,0.0,728830.6799999999,0.0,0.0,14.50698055136757,1.0091895625,1471.0566301715548,0.0,0.0,0.0,0.0,728830.6799999999,1471.0566301715548,727359.6233698283,0.0020183791249999998
2026-02,US01,Hardware,C043,Vertex US01,Core,2.0013,45,1105122.01,0.0,0.0,0.0,0.0,1105122.01,0.0,0.0,14.455994591945554,0.86271125,1906.802381299225,0.0,0.0,0.0,0.0,1105122.01,1906.802381299225,1103215.2076187008,0.0017254225
2026-02,US01,Hardware,C044,Nova US01,Core,2.11017,45,1306803.02,0.0,0.0,0.0,0.0,1306803.02,0.0,0.0,14.52599834059153,0.880402625,2301.025618331855,0.0,0.0,0.0,0.0,1306803.02,2301.025618331855,1304501.9943816683,0.0017608052500000001
2026-02,US01,Hardware,C045,Meridian US01,Strategic,1.0499999999999998,45,1411824.2599999954,0.0,0.0,0.0,0.0,1411824.2599999954,0.0,0.0,9.767479842002365,0.7081249999999999,1999.4961082249931,0.0,0.0,0.0,0.0,1411824.2599999954,1999.4961082249931,1409824.7638917703,0.0014162499999999998
2026-02,US01,Hardware,C046,Orion US01,Core,2.182275,45,1747961.9900000002,0.0,0.0,0.0,0.0,1747961.9900000002,0.0,0.0,14.424764694110996,0.8921196875,3118.782608561357,0.0,0.0,0.0,0.0,1747961.9900000002,3118.782608561357,1744843.2073914388,0.0017842393750000002
2026-02,US01,Hardware,C047,Atlas US01,Core,2.2454699999999996,45,1913098.21,0.0,0.0,0.0,0.0,1913098.21,0.0,0.0,13.972780519197704,0.902388875,3452.7170829728275,0.0,0.0,0.0,0.0,1913098.21,3452.7170829728275,1909645.492917027,0.00180477775
2026-02,US01,Software,C034,Kestrel US01,Growth,2.9399699999999998,30,103233.95,0.0,0.0,0.0,0.0,103233.95,0.0,0.0,0.0,1.0152451249999999,209.61552894398747,0.0,0.0,0.0,0.0,103233.95,209.61552894398747,103024.334471056,0.0020304902499999997
2026-02,US01,Software,C035,Helix US01,Core,2.18574,30,113611.04000000001,0.0,0.0,0.0,0.0,113611.04000000001,0.0,0.0,0.0,0.89268275,202.83723123512002,0.0,0.0,0.0,0.0,113611.04000000001,202.83723123512002,113408.2027687649,0.0017853655
2026-02,US01,Software,C036,Vector US01,Growth,3.016975,30,91880.06,0.0,0.0,0.0,0.0,91880.06,0.0,0.0,0.0,1.0277584375,188.8610138060125,0.0,0.0,0.0,0.0,91880.06,188.8610138060125,91691.19898619398,0.002055516875
2026-02,US01,Software,C037,Redwood US01,Core,2.305165,30,145193.49,0.0,0.0,0.0,0.0,145193.49,0.0,0.0,0.0,0.9120893125,264.85886094715124,0.0,0.0,0.0,0.0,145193.49,264.85886094715124,144928.63113905283,0.001824178625
2026-02,US01,Software,C038,Pioneer US01,Strategic,1.2493699999999999,30,89181.55000000031,0.0,0.0,0.0,0.0,89181.55000000031,0.0,0.0,0.0,0.740522625,132.08191101513796,0.0,0.0,0.0,0.0,89181.55000000031,132.08191101513796,89049.46808898517,0.0014810452500000001
2026-02,US01,Software,C039,Keystone US01,Strategic,1.335245,30,221944.67,0.0,0.0,0.0,0.0,221944.67,0.0,0.0,0.0,0.7544773124999999,334.90443629059877,0.0,0.0,0.0,0.0,221944.67,334.90443629059877,221609.76556370943,0.001508954625
2026-02,US01,Software,C040,Axiom US01,Growth,2.8075,30,75648.51,0.0,0.0,0.0,0.0,75648.51,0.0,0.0,0.0,0.99371875,150.346685593125,0.0,0.0,0.0,0.0,75648.51,150.346685593125,75498.16331440688,0.0019874375
2026-03,DE01,Hardware,C010,Keystone DE01,Growth,3.8942900000000003,45,723907.95,315882.25,0.0,0.0,0.0,1039790.2,315882.25,0.30379421733345824,28.11931926267434,1.1703221250000002,1694.4109806967876,3696.8398606978135,0.0,0.0,0.0,1039790.2,5391.250841394602,1034398.9491586053,0.005184941001939239
2026-03,DE01,Hardware,C008,Redwood DE01,Core,2.225305,45,817084.37,0.0,0.0,0.0,0.0,817084.37,0.0,0.0,13.50677421476071,0.8991120625,1469.3008262944263,0.0,0.0,0.0,0.0,817084.37,1469.3008262944263,815615.0691737055,0.0017982241250000001
2026-03,DE01,Hardware,C009,Pioneer DE01,Strategic,1.306745,45,1679204.7200000002,0.0,0.0,0.0,0.0,1679204.7200000002,0.0,0.0,14.222340620862473,0.7498460625,2518.29009484683,0.0,0.0,0.0,0.0,1679204.7200000002,2518.29009484683,1676686.4299051533,0.0014996921249999999
2026-03,DE01,Hardware,C011,Axiom DE01,Strategic,1.0,45,2119390.849999999,0.0,0.0,0.0,0.0,2119390.849999999,0.0,0.0,9.802828959085103,0.7,2967.147189999999,0.0,0.0,0.0,0.0,2119390.849999999,2967.147189999999,2116423.702809999,0.0014
2026-03,DE01,Hardware,C012,Northstar DE01,Growth,2.752895,45,949582.99,0.0,0.0,0.0,0.0,949582.99,0.0,0.0,14.861211656708385,0.9848454375,1870.3849504582163,0.0,0.0,0.0,0.0,949582.99,1870.3849504582163,947712.6050495418,0.001969690875
2026-03,DE01,Hardware,C013,Kestrel DE01,Core,1.8694799999999998,45,1527168.2999999998,0.0,0.0,0.0,0.0,1527168.2999999998,0.0,0.0,14.168771771912763,0.8412904999999999,2569.5843653822994,0.0,0.0,0.0,0.0,1527168.2999999998,2569.5843653822994,1524598.7156346175,0.0016825809999999998
2026-03,DE01,Hardware,C014,Helix DE01,Core,2.0470550000000003,45,1179111.94,0.0,0.0,0.0,0.0,1179111.94,0.0,0.0,13.371528151941197,0.8701464375000001,2052.0001080094275,0.0,0.0,0.0,0.0,1179111.94,2052.0001080094275,1177059.9398919905,0.001740292875
2026-03,DE01,Software,C001,Meridian DE01,Growth,3.922925,30,145184.41999999998,0.0,0.0,0.0,0.0,145184.41999999998,0.0,0.0,14.537318122702146,1.1749753125,341.1762185192625,0.0,0.0,0.0,0.0,145184.41999999998,341.1762185192625,144843.24378148073,0.002349950625
2026-03,DE01,Software,C002,Orion DE01,Core,1.8911449999999999,30,106376.7,0.0,0.0,0.0,0.0,106376.7,0.0,0.0,0.0,0.8448110624999999,179.73642590448748,0.0,0.0,0.0,0.0,106376.7,179.73642590448748,106196.96357409551,0.0016896221249999997
2026-03,DE01,Software,C003,Atlas DE01,Growth,2.7558400000000005,30,58623.43,0.0,0.0,0.0,0.0,58623.43,0.0,0.0,0.0,0.9853240000000001,115.52614508264001,0.0,0.0,0.0,0.0,58623.43,115.52614508264001,58507.903854917364,0.001970648
2026-03,DE01,Software,C004,Nimbus DE01,Strategic,1.0,30,93462.09000000008,0.0,0.0,0.0,0.0,93462.09000000008,0.0,0.0,0.0,0.7,130.8469260000001,0.0,0.0,0.0,0.0,93462.09000000008,130.8469260000001,93331.24307400009,0.0014
2026-03,DE01,Software,C005,Summit DE01,Core,2.047655,30,104259.3,0.0,0.0,0.0,0.0,104259.3,0.0,0.0,0.0,0.8702439375,181.4620475059875,0.0,0.0,0.0,0.0,104259.3,181.4620475059875,104077.83795249401,0.001740487875
2026-03,DE01,Software,C006,Cobalt DE01,Core,2.081205,30,120760.39,0.0,0.0,0.0,0.0,120760.39,0.0,0.0,0.0,0.8756958125000001,211.49873567773378,0.0,0.0,0.0,0.0,120760.39,211.49873567773378,120548.89126432227,0.0017513916250000003
2026-03,DE01,Software,C007,Vertex DE01,Core,2.185245,30,85018.23,0.0,0.0,0.0,0.0,85018.23,0.0,0.0,0.0,0.8926023125,151.77493740531375,0.0,0.0,0.0,0.0,85018.23,151.77493740531375,84866.45506259469,0.0017852046250000002
2026-03,ES01,Events,C023,Redwood ES01,Growth,2.795945,30,661038.02,0.0,0.0,0.0,0.0,661038.02,0.0,0.0,5.590819269366685,0.9918410625,1311.2893042193928,0.0,0.0,0.0,0.0,661038.02,1311.2893042193928,659726.7306957806,0.0019836821250000004
2026-03,ES01,Events,C025,Keystone ES01,Core,2.0810400000000002,30,1333720.620000001,0.0,0.0,0.0,0.0,1333720.620000001,0.0,0.0,13.43577352804219,0.875669,2335.795603189562,0.0,0.0,0.0,0.0,1333720.620000001,2335.795603189562,1331384.8243968114,0.001751338
2026-03,ES01,Events,C026,Axiom ES01,Core,2.21812,30,302405.13,0.0,0.0,0.0,0.0,302405.13,0.0,0.0,13.456832230326249,0.8979444999999999,543.0860465105699,0.0,0.0,0.0,0.0,302405.13,543.0860465105699,301862.04395348945,0.0017958889999999995
2026-03,ES01,Events,C022,Vector ES01,Strategic,1.0,30,1633251.22,0.0,0.0,0.0,0.0,1633251.22,0.0,0.0,0.0,0.7,2286.551708,0.0,0.0,0.0,0.0,1633251.22,2286.551708,1630964.668292,0.0014
2026-03,ES01,Events,C024,Pioneer ES01,Strategic,1.02279,30,1273372.88,0.0,0.0,0.0,0.0,1273372.88,0.0,0.0,0.0,0.703703375,1792.15358657894,0.0,0.0,0.0,0.0,1273372.88,1792.15358657894,1271580.7264134209,0.00140740675
2026-03,ES01,Hardware,C015,Nova ES01,Strategic,1.134235,45,1241002.75,0.0,0.0,0.0,0.0,1241002.75,0.0,0.0,13.818375986676903,0.7218131875,1791.5443013475315,0.0,0.0,0.0,0.0,1241002.75,1791.5443013475315,1239211.2056986524,0.0014436263750000002
2026-03,ES01,Hardware,C016,Meridian ES01,Core,2.18475,45,663724.73,0.0,0.0,0.0,0.0,663724.73,0.0,0.0,13.639882003492623,0.892521875,1184.7776810069377,0.0,0.0,0.0,0.0,663724.73,1184.7776810069377,662539.952318993,0.0017850437500000003
2026-03,ES01,Hardware,C017,Orion ES01,Strategic,1.2359149999999999,45,1600983.55,0.0,0.0,0.0,0.0,1600983.55,0.0,0.0,14.176806251382159,0.7383361875,2364.1281811144313,0.0,0.0,0.0,0.0,1600983.55,2364.1281811144313,1598619.4218188857,0.001476672375
2026-03,ES01,Hardware,C018,Atlas ES01,Strategic,1.285565,45,1276613.23,0.0,0.0,0.0,0.0,1276613.23,0.0,0.0,14.444344118226004,0.7464043125,1905.7392405331086,0.0,0.0,0.0,0.0,1276613.23,1905.7392405331086,1274707.4907594668,0.0014928086249999999
2026-03,ES01,Hardware,C019,Nimbus ES01,Core,2.209905,45,939955.8,0.0,0.0,0.0,0.0,939955.8,0.0,0.0,14.397978607079184,0.8966095625,1685.5467172146753,0.0,0.0,0.0,0.0,939955.8,1685.5467172146753,938270.2532827854,0.0017932191250000001
2026-03,ES01,Hardware,C020,Summit ES01,Strategic,1.0,45,1849144.4700000004,0.0,0.0,0.0,0.0,1849144.4700000004,0.0,0.0,11.8392903070467,0.7,2588.8022580000006,0.0,0.0,0.0,0.0,1849144.4700000004,2588.8022580000006,1846555.6677420004,0.0014
2026-03,ES01,Hardware,C021,Cobalt ES01,Core,1.9086199999999998,45,817641.23,0.0,0.0,0.0,0.0,817641.23,0.0,0.0,14.226148551730937,0.8476507499999999,1386.1484036808447,0.0,0.0,0.0,0.0,817641.23,1386.1484036808447,816255.0815963191,0.0016953014999999997
2026-03,ES01,Spare Parts,C027,Cobalt ES01,Core,2.25286,45,596484.3799999983,0.0,0.0,0.0,0.0,596484.3799999983,0.0,0.0,12.304511142437578,0.9035897500000001,1077.954343606207,0.0,0.0,0.0,0.0,596484.3799999983,1077.954343606207,595406.425656392,0.0018071795000000003
2026-03,ES01,Spare Parts,C028,Vertex ES01,Growth,3.0423750000000003,45,618638.89,0.0,0.0,0.0,0.0,618638.89,0.0,0.0,14.384499170428812,1.0318859375,1276.729541963219,0.0,0.0,0.0,0.0,618638.89,1276.729541963219,617362.1604580368,0.0020637718750000002
2026-03,ES01,Spare Parts,C029,Nova ES01,Core,2.341555,45,540807.24,0.0,0.0,0.0,0.0,540807.24,0.0,0.0,14.558762933721079,0.9180026875,992.924999478915,0.0,0.0,0.0,0.0,540807.24,992.924999478915,539814.315000521,0.001836005375
2026-03,ES01,Spare Parts,C030,Meridian ES01,Growth,2.7239050000000002,45,371168.62,0.0,0.0,0.0,0.0,371168.62,0.0,0.0,14.259738336716074,0.9801345625,727.5903859548574,0.0,0.0,0.0,0.0,371168.62,727.5903859548574,370441.0296140451,0.0019602691249999997
2026-03,ES01,Spare Parts,C031,Orion ES01,Growth,2.81174,45,395090.22,0.0,0.0,0.0,0.0,395090.22,0.0,0.0,14.525368661365498,0.9944077499999999,785.76155343441,0.0,0.0,0.0,0.0,395090.22,785.76155343441,394304.45844656555,0.0019888155
2026-03,ES01,Spare Parts,C033,Nimbus ES01,Growth,2.8488800000000003,45,366127.26,0.0,0.0,0.0,0.0,366127.26,0.0,0.0,14.179574610205204,1.0004430000000002,732.5789087523602,0.0,0.0,0.0,0.0,366127.26,732.5789087523602,365394.68109124765,0.0020008860000000008
2026-03,ES01,Spare Parts,C032,Atlas ES01,Core,2.0051500000000004,45,472922.66,0.0,0.0,0.0,0.0,472922.66,0.0,0.0,0.0,0.8633368750000001,816.5831428021751,0.0,0.0,0.0,0.0,472922.66,816.5831428021751,472106.0768571978,0.0017266737500000002
2026-03,JP01,Hardware,C060,Keystone JP01,Growth,2.7943000000000002,45,1071454.19,0.0,0.0,0.0,0.0,1071454.19,0.0,0.0,14.085540045347157,0.99157375,2124.851698263025,0.0,0.0,0.0,0.0,1071454.19,2124.851698263025,1069329.3383017369,0.0019831475
2026-03,JP01,Hardware,C061,Axiom JP01,Core,1.97168,45,1234376.7100000007,0.0,0.0,0.0,0.0,1234376.7100000007,0.0,0.0,12.231398711338299,0.857898,2117.9386215111613,0.0,0.0,0.0,0.0,1234376.7100000007,2117.9386215111613,1232258.7713784894,0.0017157960000000001
2026-03,JP01,Hardware,C062,Northstar JP01,Growth,2.8876500000000003,45,1158086.81,0.0,0.0,0.0,0.0,1158086.81,0.0,0.0,14.141428223329822,1.006743125,2331.791868241363,0.0,0.0,0.0,0.0,1158086.81,2331.791868241363,1155755.0181317588,0.0020134862500000004
2026-03,JP01,Hardware,C063,Kestrel JP01,Growth,2.933765,45,787214.94,0.0,0.0,0.0,0.0,787214.94,0.0,0.0,14.260496504296528,1.0142368125,1596.8447429959576,0.0,0.0,0.0,0.0,787214.94,1596.8447429959576,785618.095257004,0.0020284736250000004
2026-03,JP01,Hardware,C064,Helix JP01,Growth,3.0409900000000003,45,414777.98,0.0,0.0,0.0,0.0,414777.98,0.0,0.0,12.211681054042456,1.031660875,855.8204275550651,0.0,0.0,0.0,0.0,414777.98,855.8204275550651,413922.1595724449,0.0020633217500000004
2026-03,JP01,Hardware,C065,Vector JP01,Growth,3.1325000000000003,45,349248.61,0.0,0.0,0.0,0.0,349248.61,0.0,0.0,12.426732349772273,1.0465312500000001,730.9991687681251,0.0,0.0,0.0,0.0,349248.61,730.9991687681251,348517.61083123187,0.0020930625000000003
2026-03,JP01,Hardware,C066,Redwood JP01,Growth,3.086145,45,971661.75,0.0,0.0,0.0,0.0,971661.75,0.0,0.0,14.861211424654721,1.0389985625,2019.1103229724688,0.0,0.0,0.0,0.0,971661.75,2019.1103229724688,969642.6396770275,0.002077997125
2026-03,JP01,Software,C053,Atlas JP01,Core,2.188565,30,62483.32,0.0,0.0,0.0,0.0,62483.32,0.0,0.0,0.0,0.8931418125,111.612931351635,0.0,0.0,0.0,0.0,62483.32,111.612931351635,62371.707068648364,0.001786283625
2026-03,JP01,Software,C054,Nimbus JP01,Core,2.16125,30,104698.31,0.0,0.0,0.0,0.0,104698.31,0.0,0.0,0.0,0.8887031249999999,186.0914305584375,0.0,0.0,0.0,0.0,104698.31,186.0914305584375,104512.21856944155,0.0017774062500000001
2026-03,JP01,Software,C055,Summit JP01,Strategic,1.29925,30,39554.22000000027,0.0,0.0,0.0,0.0,39554.22000000027,0.0,0.0,0.0,0.748628125,59.222803108875404,0.0,0.0,0.0,0.0,39554.22000000027,59.222803108875404,39494.997196891396,0.00149725625
2026-03,JP01,Software,C056,Cobalt JP01,Core,2.1768300000000003,30,147189.36000000002,0.0,0.0,0.0,0.0,147189.36000000002,0.0,0.0,0.0,0.8912348750000001,262.36058172186006,0.0,0.0,0.0,0.0,147189.36000000002,262.36058172186006,146926.99941827817,0.00178246975
2026-03,JP01,Software,C057,Vertex JP01,Core,2.26337,30,110882.0,0.0,0.0,0.0,0.0,110882.0,0.0,0.0,0.0,0.905297625,200.76242251050002,0.0,0.0,0.0,0.0,110882.0,200.76242251050002,110681.2375774895,0.0018105952500000002
2026-03,JP01,Software,C058,Nova JP01,Core,2.3047950000000004,30,105960.55,0.0,0.0,0.0,0.0,105960.55,0.0,0.0,0.0,0.9120291875000001,193.2782286471063,0.0,0.0,0.0,0.0,105960.55,193.2782286471063,105767.2717713529,0.0018240583750000004
2026-03,JP01,Software,C059,Meridian JP01,Growth,3.295,30,56850.94,0.0,0.0,0.0,0.0,56850.94,0.0,0.0,0.0,1.0729375,121.99501087250002,0.0,0.0,0.0,0.0,56850.94,121.99501087250002,56728.9449891275,0.002145875
2026-03,JP01,Spare Parts,C067,Orion JP01,Core,2.41448,45,528612.48,0.0,0.0,0.0,0.0,528612.48,0.0,0.0,14.036812751753422,0.929853,983.0638007308801,0.0,0.0,0.0,0.0,528612.48,983.0638007308801,527629.4161992691,0.0018597060000000002
2026-03,JP01,Spare Parts,C068,Atlas JP01,Core,2.34401,45,805882.7,0.0,0.0,0.0,0.0,805882.7,0.0,0.0,14.16907038704268,0.918401625,1480.247962478775,0.0,0.0,0.0,0.0,805882.7,1480.247962478775,804402.4520375212,0.00183680325
2026-03,JP01,Spare Parts,C069,Nimbus JP01,Growth,3.28588,45,543554.47,0.0,0.0,0.0,0.0,543554.47,0.0,0.0,14.390854885251887,1.0714555000000001,1164.7888528621702,0.0,0.0,0.0,0.0,543554.47,1164.7888528621702,542389.6811471378,0.0021429110000000004
2026-03,JP01,Spare Parts,C070,Summit JP01,Core,1.9708350000000001,45,790972.9400000006,0.0,0.0,0.0,0.0,790972.9400000006,0.0,0.0,11.427835445293505,0.8577606875,1356.9309856165937,0.0,0.0,0.0,0.0,790972.9400000006,1356.9309856165937,789616.009014384,0.001715521375
2026-03,JP01,Spare Parts,C071,Cobalt JP01,Growth,2.876375,45,590188.3,0.0,0.0,0.0,0.0,590188.3,0.0,0.0,14.365024349008614,1.0049109375,1186.1733557090627,0.0,0.0,0.0,0.0,590188.3,1186.1733557090627,589002.126644291,0.002009821875
2026-03,JP01,Spare Parts,C073,Nova JP01,Core,2.219815,45,832874.36,0.0,0.0,0.0,0.0,832874.36,0.0,0.0,14.361637690467502,0.8982199375,1496.208711169105,0.0,0.0,0.0,0.0,832874.36,1496.208711169105,831378.1512888309,0.0017964398750000001
2026-03,JP01,Spare Parts,C072,Vertex JP01,Strategic,1.1821099999999998,45,586204.3,0.0,0.0,0.0,0.0,586204.3,0.0,0.0,0.0,0.7295928749999999,855.3809611487251,0.0,0.0,0.0,0.0,586204.3,855.3809611487251,585348.9190388513,0.00145918575
2026-03,US01,Events,C048,Northstar US01,Growth,3.1211550000000003,30,513803.8100000003,0.0,0.0,0.0,0.0,513803.8100000003,0.0,0.0,13.381040518169776,1.0446876875000002,1073.5290281951795,0.0,0.0,0.0,0.0,513803.8100000003,1073.5290281951795,512730.2809718051,0.0020893753750000003
2026-03,US01,Events,C049,Kestrel US01,Strategic,1.447995,30,579699.99,0.0,0.0,0.0,0.0,579699.99,0.0,0.0,0.0,0.7727991875,895.9833625315161,0.0,0.0,0.0,0.0,579699.99,895.9833625315161,578804.0066374685,0.0015455983749999998
2026-03,US01,Events,C050,Helix US01,Growth,2.8449999999999998,30,140595.59,0.0,0.0,0.0,0.0,140595.59,0.0,0.0,0.0,0.9998125,281.13845665375,0.0,0.0,0.0,0.0,140595.59,281.13845665375,140314.45154334625,0.001999625
2026-03,US01,Events,C051,Vector US01,Growth,2.8275900000000003,30,829021.78,0.0,0.0,0.0,0.0,829021.78,0.0,0.0,0.0,0.9969833750000001,1653.0418643458152,0.0,0.0,0.0,0.0,829021.78,1653.0418643458152,827368.7381356542,0.0019939667500000003
2026-03,US01,Events,C052,Redwood US01,Growth,2.88081,30,218182.84,0.0,0.0,0.0,0.0,218182.84,0.0,0.0,0.0,1.005631625,438.82312787263,0.0,0.0,0.0,0.0,218182.84,438.82312787263,217744.01687212737,0.00201126325
2026-03,US01,Hardware,C041,Summit US01,Growth,2.82761,45,1330801.1400000001,0.0,0.0,0.0,0.0,1330801.1400000001,0.0,0.0,14.55604817110391,0.996986625,2653.5818742295055,0.0,0.0,0.0,0.0,1330801.1400000001,2653.5818742295055,1328147.5581257707,0.0019939732500000003
2026-03,US01,Hardware,C042,Cobalt US01,Growth,2.902705,45,788538.12,0.0,0.0,0.0,0.0,788538.12,0.0,0.0,14.319901110170806,1.0091895625,1591.568880674745,0.0,0.0,0.0,0.0,788538.12,1591.568880674745,786946.5511193252,0.002018379125
2026-03,US01,Hardware,C043,Vertex US01,Core,2.0013,45,1216107.76,0.0,0.0,0.0,0.0,1216107.76,0.0,0.0,14.125411468470524,0.86271125,2098.2996915286003,0.0,0.0,0.0,0.0,1216107.76,2098.2996915286003,1214009.4603084715,0.0017254225000000003
2026-03,US01,Hardware,C044,Nova US01,Core,2.11017,45,1465463.42,0.0,0.0,0.0,0.0,1465463.42,0.0,0.0,13.798687721594579,0.880402625,2580.395683618955,0.0,0.0,0.0,0.0,1465463.42,2580.395683618955,1462883.024316381,0.0017608052500000001
2026-03,US01,Hardware,C045,Meridian US01,Strategic,1.0499999999999998,45,1518738.8499999952,0.0,0.0,0.0,0.0,1518738.8499999952,0.0,0.0,9.933520038682031,0.7081249999999999,2150.913896312493,0.0,0.0,0.0,0.0,1518738.8499999952,2150.913896312493,1516587.9361036827,0.0014162499999999998
2026-03,US01,Hardware,C046,Orion US01,Core,2.182275,45,1898682.1300000001,0.0,0.0,0.0,0.0,1898682.1300000001,0.0,0.0,14.338850547879755,0.8921196875,3387.703416954869,0.0,0.0,0.0,0.0,1898682.1300000001,3387.703416954869,1895294.4265830452,0.0017842393750000002
2026-03,US01,Hardware,C047,Atlas US01,Core,2.2454699999999996,45,2124270.09,0.0,0.0,0.0,0.0,2124270.09,0.0,0.0,14.43396724566225,0.902388875,3833.8353934224974,0.0,0.0,0.0,0.0,2124270.09,3833.8353934224974,2120436.2546065776,0.00180477775
2026-03,US01,Software,C034,Kestrel US01,Growth,2.9399699999999998,30,107545.87,0.0,0.0,0.0,0.0,107545.87,0.0,0.0,0.0,1.0152451249999999,218.37084046276746,0.0,0.0,0.0,0.0,107545.87,218.37084046276746,107327.49915953723,0.0020304902499999997
2026-03,US01,Software,C035,Helix US01,Core,2.18574,30,124891.96,0.0,0.0,0.0,0.0,124891.96,0.0,0.0,0.0,0.89268275,222.97779661138,0.0,0.0,0.0,0.0,124891.96,222.97779661138,124668.98220338863,0.0017853654999999999
2026-03,US01,Software,C036,Vector US01,Growth,3.016975,30,93203.85,0.0,0.0,0.0,0.0,93203.85,0.0,0.0,0.0,1.0277584375,191.58208648996876,0.0,0.0,0.0,0.0,93203.85,191.58208648996876,93012.26791351003,0.002055516875
2026-03,US01,Software,C037,Redwood US01,Core,2.305165,30,147648.61,0.0,0.0,0.0,0.0,147648.61,0.0,0.0,0.0,0.9120893125,269.33743837296123,0.0,0.0,0.0,0.0,147648.61,269.33743837296123,147379.27256162703,0.001824178625
2026-03,US01,Software,C038,Pioneer US01,Strategic,1.2493699999999999,30,133533.4200000003,0.0,0.0,0.0,0.0,133533.4200000003,0.0,0.0,0.0,0.740522625,197.76903740725547,0.0,0.0,0.0,0.0,133533.4200000003,197.76903740725547,133335.65096259303,0.0014810452500000001
2026-03,US01,Software,C039,Keystone US01,Strategic,1.335245,30,229339.67,0.0,0.0,0.0,0.0,229339.67,0.0,0.0,0.0,0.7544773124999999,346.0631557424737,0.0,0.0,0.0,0.0,229339.67,346.0631557424737,228993.60684425753,0.0015089546249999997
2026-03,US01,Software,C040,Axiom US01,Growth,2.8075,30,80197.04,0.0,0.0,0.0,0.0,80197.04,0.0,0.0,0.0,0.99371875,159.386604685,0.0,0.0,0.0,0.0,80197.04,159.386604685,80037.65339531499,0.0019874375
2026-04,DE01,Hardware,C010,Keystone DE01,Growth,3.8942900000000003,45,802219.1000000001,342841.92,0.0,0.0,0.0,1145061.02,342841.9199999999,0.2994093013488486,27.948288816957547,1.1703221250000002,1877.7095236551756,4012.3548435348007,0.0,0.0,0.0,1145061.02,5890.064367189976,1139170.95563281,0.0051438868883948
2026-04,DE01,Hardware,C008,Redwood DE01,Core,2.225305,45,1006252.34,0.0,0.0,0.0,0.0,1006252.34,0.0,0.0,13.392621775170232,0.8991120625,1809.4672336257024,0.0,0.0,0.0,0.0,1006252.34,1809.4672336257024,1004442.8727663743,0.001798224125
2026-04,DE01,Hardware,C009,Pioneer DE01,Strategic,1.306745,45,1769387.9100000001,0.0,0.0,0.0,0.0,1769387.9100000001,0.0,0.0,14.973494478098926,0.7498460625,2653.537114697209,0.0,0.0,0.0,0.0,1769387.9100000001,2653.537114697209,1766734.3728853029,0.0014996921249999999
2026-04,DE01,Hardware,C011,Axiom DE01,Strategic,1.0,45,1931903.859999999,0.0,0.0,0.0,0.0,1931903.859999999,0.0,0.0,6.451070707007114,0.7,2704.6654039999985,0.0,0.0,0.0,0.0,1931903.859999999,2704.6654039999985,1929199.1945959989,0.0014
2026-04,DE01,Hardware,C012,Northstar DE01,Growth,2.752895,45,964297.5700000001,0.0,0.0,0.0,0.0,964297.5700000001,0.0,0.0,14.907779867162787,0.9848454375,1899.3681244136737,0.0,0.0,0.0,0.0,964297.5700000001,1899.3681244136737,962398.2018755864,0.001969690875
2026-04,DE01,Hardware,C013,Kestrel DE01,Core,1.8694799999999998,45,1594712.0699999998,0.0,0.0,0.0,0.0,1594712.0699999998,0.0,0.0,15.160699134860126,0.8412904999999999,2683.2322294526693,0.0,0.0,0.0,0.0,1594712.0699999998,2683.2322294526693,1592028.8377705473,0.0016825809999999998
2026-04,DE01,Hardware,C014,Helix DE01,Core,2.0470550000000003,45,1291095.04,0.0,0.0,0.0,0.0,1291095.04,0.0,0.0,15.186201706731055,0.8701464375000001,2246.8834990598407,0.0,0.0,0.0,0.0,1291095.04,2246.8834990598407,1288848.1565009402,0.0017402928750000005
2026-04,DE01,Software,C001,Meridian DE01,Growth,3.922925,30,149470.11,0.0,0.0,0.0,0.0,149470.11,0.0,0.0,15.019327275533552,1.1749753125,351.2473784133187,0.0,0.0,0.0,0.0,149470.11,351.2473784133187,149118.86262158665,0.002349950625
2026-04,DE01,Software,C002,Orion DE01,Core,1.8911449999999999,30,111070.79,0.0,0.0,0.0,0.0,111070.79,0.0,0.0,0.0,0.8448110624999999,187.66766422522875,0.0,0.0,0.0,0.0,111070.79,187.66766422522875,110883.12233577477,0.0016896221250000001
2026-04,DE01,Software,C003,Atlas DE01,Growth,2.7558400000000005,30,58009.7,0.0,0.0,0.0,0.0,58009.7,0.0,0.0,0.0,0.9853240000000001,114.3166992856,0.0,0.0,0.0,0.0,58009.7,114.3166992856,57895.3833007144,0.001970648
2026-04,DE01,Software,C004,Nimbus DE01,Strategic,1.0,30,101774.19000000003,0.0,0.0,0.0,0.0,101774.19000000003,0.0,0.0,0.0,0.7,142.48386600000003,0.0,0.0,0.0,0.0,101774.19000000003,142.48386600000003,101631.70613400004,0.0014
2026-04,DE01,Software,C005,Summit DE01,Core,2.047655,30,105445.93,0.0,0.0,0.0,0.0,105445.93,0.0,0.0,0.0,0.8702439375,183.52736263309873,0.0,0.0,0.0,0.0,105445.93,183.52736263309873,105262.40263736689,0.001740487875
2026-04,DE01,Software,C006,Cobalt DE01,Core,2.081205,30,124777.74,0.0,0.0,0.0,0.0,124777.74,0.0,0.0,0.0,0.8756958125000001,218.53468882242754,0.0,0.0,0.0,0.0,124777.74,218.53468882242754,124559.20531117757,0.0017513916250000003
2026-04,DE01,Software,C007,Vertex DE01,Core,2.185245,30,85994.31999999999,0.0,0.0,0.0,0.0,85994.31999999999,0.0,0.0,0.0,0.8926023125,153.51745778772997,0.0,0.0,0.0,0.0,85994.31999999999,153.51745778772997,85840.80254221226,0.0017852046249999998
2026-04,ES01,Events,C022,Vector ES01,Strategic,1.0,30,563261.4800000007,0.0,0.0,0.0,0.0,563261.4800000007,0.0,0.0,0.0,0.7,788.5660720000009,0.0,0.0,0.0,0.0,563261.4800000007,788.5660720000009,562472.9139280007,0.0013999999999999998
2026-04,ES01,Events,C023,Redwood ES01,Growth,2.795945,30,127045.03,0.0,0.0,0.0,0.0,127045.03,0.0,0.0,0.0,0.9918410625,252.01695508108875,0.0,0.0,0.0,0.0,127045.03,252.01695508108875,126793.01304491892,0.001983682125
2026-04,ES01,Events,C024,Pioneer ES01,Strategic,1.02279,30,809132.87,0.0,0.0,0.0,0.0,809132.87,0.0,0.0,0.0,0.703703375,1138.7790628848725,0.0,0.0,0.0,0.0,809132.87,1138.7790628848725,807994.0909371151,0.00140740675
2026-04,ES01,Events,C025,Keystone ES01,Core,2.0810400000000002,30,331554.49,0.0,0.0,0.0,0.0,331554.49,0.0,0.0,0.0,0.875669,580.66397740762,0.0,0.0,0.0,0.0,331554.49,580.66397740762,330973.8260225924,0.001751338
2026-04,ES01,Hardware,C015,Nova ES01,Strategic,1.134235,45,1347044.25,0.0,0.0,0.0,0.0,1347044.25,0.0,0.0,14.907780423694321,0.7218131875,1944.6286075920937,0.0,0.0,0.0,0.0,1347044.25,1944.6286075920937,1345099.621392408,0.001443626375
2026-04,ES01,Hardware,C016,Meridian ES01,Core,2.18475,45,700795.23,0.0,0.0,0.0,0.0,700795.23,0.0,0.0,15.494704351797601,0.892521875,1250.9501453413125,0.0,0.0,0.0,0.0,700795.23,1250.9501453413125,699544.2798546586,0.00178504375
2026-04,ES01,Hardware,C017,Orion ES01,Strategic,1.2359149999999999,45,1837151.8,0.0,0.0,0.0,0.0,1837151.8,0.0,0.0,13.789101640920473,0.7383361875,2712.871311741525,0.0,0.0,0.0,0.0,1837151.8,2712.871311741525,1834438.9286882586,0.001476672375
2026-04,ES01,Hardware,C018,Atlas ES01,Strategic,1.285565,45,1346673.67,0.0,0.0,0.0,0.0,1346673.67,0.0,0.0,14.74637586105029,0.7464043125,2010.3260696364034,0.0,0.0,0.0,0.0,1346673.67,2010.3260696364034,1344663.3439303634,0.0014928086249999999
2026-04,ES01,Hardware,C019,Nimbus ES01,Core,2.209905,45,1022865.35,0.0,0.0,0.0,0.0,1022865.35,0.0,0.0,14.337381259419923,0.8966095625,1834.2217079198188,0.0,0.0,0.0,0.0,1022865.35,1834.2217079198188,1021031.1282920801,0.0017932191250000001
2026-04,ES01,Hardware,C020,Summit ES01,Strategic,1.0,45,1761677.8200000003,0.0,0.0,0.0,0.0,1761677.8200000003,0.0,0.0,9.636378120489708,0.7,2466.3489480000003,0.0,0.0,0.0,0.0,1761677.8200000003,2466.3489480000003,1759211.4710520003,0.0014
2026-04,ES01,Hardware,C021,Cobalt ES01,Core,1.9086199999999998,45,832928.0800000001,0.0,0.0,0.0,0.0,832928.0800000001,0.0,0.0,15.48435166215071,0.8476507499999999,1412.06422341612,0.0,0.0,0.0,0.0,832928.0800000001,1412.06422341612,831516.0157765839,0.0016953015
2026-04,ES01,Spare Parts,C027,Cobalt ES01,Core,2.25286,45,584265.4999999984,0.0,0.0,0.0,0.0,584265.4999999984,0.0,0.0,10.936789695780378,0.9035897500000001,1055.8726341572471,0.0,0.0,0.0,0.0,584265.4999999984,1055.8726341572471,583209.6273658412,0.0018071795
2026-04,ES01,Spare Parts,C028,Vertex ES01,Growth,3.0423750000000003,45,664057.12,0.0,0.0,0.0,0.0,664057.12,0.0,0.0,14.547477632647022,1.0318859375,1370.4624076495002,0.0,0.0,0.0,0.0,664057.12,1370.4624076495002,662686.6575923505,0.0020637718750000002
2026-04,ES01,Spare Parts,C029,Nova ES01,Core,2.341555,45,565979.8300000001,0.0,0.0,0.0,0.0,565979.8300000001,0.0,0.0,14.754470667267418,0.9180026875,1039.1420100215864,0.0,0.0,0.0,0.0,565979.8300000001,1039.1420100215864,564940.6879899785,0.0018360053750000002
2026-04,ES01,Spare Parts,C030,Meridian ES01,Growth,2.7239050000000002,45,403884.37,0.0,0.0,0.0,0.0,403884.37,0.0,0.0,14.465256974415723,0.9801345625,791.7220605810762,0.0,0.0,0.0,0.0,403884.37,791.7220605810762,403092.6479394189,0.001960269125
2026-04,ES01,Spare Parts,C031,Orion ES01,Growth,2.81174,45,422492.53,0.0,0.0,0.0,0.0,422492.53,0.0,0.0,14.470967096151972,0.9944077499999999,840.259692298215,0.0,0.0,0.0,0.0,422492.53,840.259692298215,421652.27030770184,0.0019888155
2026-04,ES01,Spare Parts,C033,Nimbus ES01,Growth,2.8488800000000003,45,388974.48,0.0,0.0,0.0,0.0,388974.48,0.0,0.0,14.891180007490467,1.0004430000000002,778.2935913892801,0.0,0.0,0.0,0.0,388974.48,778.2935913892801,388196.1864086107,0.0020008860000000003
2026-04,ES01,Spare Parts,C032,Atlas ES01,Core,2.0051500000000004,45,482807.31,0.0,0.0,0.0,0.0,482807.31,0.0,0.0,0.0,0.8633368750000001,833.6507084851127,0.0,0.0,0.0,0.0,482807.31,833.6507084851127,481973.6592915149,0.0017266737500000004
2026-04,JP01,Hardware,C060,Keystone JP01,Growth,2.7943000000000002,45,1173809.88,0.0,0.0,0.0,0.0,1173809.88,0.0,0.0,14.526726253147572,0.99157375,2327.8381289973,0.0,0.0,0.0,0.0,1173809.88,2327.8381289973,1171482.0418710026,0.0019831475
2026-04,JP01,Hardware,C061,Axiom JP01,Core,1.97168,45,1073718.4100000006,0.0,0.0,0.0,0.0,1073718.4100000006,0.0,0.0,10.020910603553883,0.857898,1842.2817530043612,0.0,0.0,0.0,0.0,1073718.4100000006,1842.2817530043612,1071876.1282469963,0.0017157960000000001
2026-04,JP01,Hardware,C062,Northstar JP01,Growth,2.8876500000000003,45,1231947.54,0.0,0.0,0.0,0.0,1231947.54,0.0,0.0,14.907779920563826,1.006743125,2480.5094325113255,0.0,0.0,0.0,0.0,1231947.54,2480.5094325113255,1229467.0305674886,0.0020134862500000004
2026-04,JP01,Hardware,C063,Kestrel JP01,Growth,2.933765,45,894711.94,0.0,0.0,0.0,0.0,894711.94,0.0,0.0,13.848448585586105,1.0142368125,1814.8995722625825,0.0,0.0,0.0,0.0,894711.94,1814.8995722625825,892897.0404277374,0.0020284736250000004
2026-04,JP01,Hardware,C064,Helix JP01,Growth,3.0409900000000003,45,494129.23,0.0,0.0,0.0,0.0,494129.23,0.0,0.0,14.931727475421765,1.031660875,1019.5475875697525,0.0,0.0,0.0,0.0,494129.23,1019.5475875697525,493109.68241243024,0.00206332175
2026-04,JP01,Hardware,C065,Vector JP01,Growth,3.1325000000000003,45,482093.86,0.0,0.0,0.0,0.0,482093.86,0.0,0.0,12.730797484124771,1.0465312500000001,1009.0525798462502,0.0,0.0,0.0,0.0,482093.86,1009.0525798462502,481084.80742015375,0.0020930625000000003
2026-04,JP01,Hardware,C066,Redwood JP01,Growth,3.086145,45,1014383.48,0.0,0.0,0.0,0.0,1014383.48,0.0,0.0,14.501204021974019,1.0389985625,2107.885955087495,0.0,0.0,0.0,0.0,1014383.48,2107.885955087495,1012275.5940449125,0.002077997125
2026-04,JP01,Software,C053,Atlas JP01,Core,2.188565,30,62251.57,0.0,0.0,0.0,0.0,62251.57,0.0,0.0,0.0,0.8931418125,111.19896012154125,0.0,0.0,0.0,0.0,62251.57,111.19896012154125,62140.37103987846,0.001786283625
2026-04,JP01,Software,C054,Nimbus JP01,Core,2.16125,30,95933.95,0.0,0.0,0.0,0.0,95933.95,0.0,0.0,0.0,0.8887031249999999,170.5136023171875,0.0,0.0,0.0,0.0,95933.95,170.5136023171875,95763.4363976828,0.00177740625
2026-04,JP01,Software,C055,Summit JP01,Strategic,1.29925,30,31035.35000000034,0.0,0.0,0.0,0.0,31035.35000000034,0.0,0.0,0.0,0.748628125,46.46787175843801,0.0,0.0,0.0,0.0,31035.35000000034,46.46787175843801,30988.8821282419,0.0014972562499999998
2026-04,JP01,Software,C056,Cobalt JP01,Core,2.1768300000000003,30,148362.39,0.0,0.0,0.0,0.0,148362.39,0.0,0.0,0.0,0.8912348750000001,264.4514722127025,0.0,0.0,0.0,0.0,148362.39,264.4514722127025,148097.9385277873,0.00178246975
2026-04,JP01,Software,C057,Vertex JP01,Core,2.26337,30,106779.1,0.0,0.0,0.0,0.0,106779.1,0.0,0.0,0.0,0.905297625,193.33373125927503,0.0,0.0,0.0,0.0,106779.1,193.33373125927503,106585.76626874073,0.0018105952500000002
2026-04,JP01,Software,C058,Nova JP01,Core,2.3047950000000004,30,119813.47,0.0,0.0,0.0,0.0,119813.47,0.0,0.0,0.0,0.9120291875000001,218.5467633913113,0.0,0.0,0.0,0.0,119813.47,218.5467633913113,119594.9232366087,0.0018240583750000004
2026-04,JP01,Software,C059,Meridian JP01,Growth,3.295,30,60568.82,0.0,0.0,0.0,0.0,60568.82,0.0,0.0,0.0,1.0729375,129.9731166175,0.0,0.0,0.0,0.0,60568.82,129.9731166175,60438.8468833825,0.002145875
2026-04,JP01,Spare Parts,C067,Orion JP01,Core,2.41448,45,566554.03,0.0,0.0,0.0,0.0,566554.03,0.0,0.0,14.894148754003215,0.929853,1053.6239289151802,0.0,0.0,0.0,0.0,566554.03,1053.6239289151802,565500.4060710849,0.0018597060000000002
2026-04,JP01,Spare Parts,C068,Atlas JP01,Core,2.34401,45,866383.33,0.0,0.0,0.0,0.0,866383.33,0.0,0.0,14.725436026106365,0.918401625,1591.3757162898225,0.0,0.0,0.0,0.0,866383.33,1591.3757162898225,864791.9542837101,0.0018368032500000002
2026-04,JP01,Spare Parts,C069,Nimbus JP01,Growth,3.28588,45,573250.24,0.0,0.0,0.0,0.0,573250.24,0.0,0.0,14.800553070854365,1.0714555000000001,1228.4242450486402,0.0,0.0,0.0,0.0,573250.24,1228.4242450486402,572021.8157549513,0.0021429110000000004
2026-04,JP01,Spare Parts,C070,Summit JP01,Core,1.9708350000000001,45,741436.5700000005,0.0,0.0,0.0,0.0,741436.5700000005,0.0,0.0,9.263235559044537,0.8577606875,1271.9502840416847,0.0,0.0,0.0,0.0,741436.5700000005,1271.9502840416847,740164.6197159588,0.001715521375
2026-04,JP01,Spare Parts,C071,Cobalt JP01,Growth,2.876375,45,632677.2,0.0,0.0,0.0,0.0,632677.2,0.0,0.0,14.584972715944245,1.0049109375,1271.56847637375,0.0,0.0,0.0,0.0,632677.2,1271.56847637375,631405.6315236262,0.002009821875
2026-04,JP01,Spare Parts,C073,Nova JP01,Core,2.219815,45,884413.73,0.0,0.0,0.0,0.0,884413.73,0.0,0.0,14.727033918842485,0.8982199375,1588.7960905694836,0.0,0.0,0.0,0.0,884413.73,1588.7960905694836,882824.9339094305,0.001796439875
2026-04,JP01,Spare Parts,C072,Vertex JP01,Strategic,1.1821099999999998,45,635377.02,0.0,0.0,0.0,0.0,635377.02,0.0,0.0,0.0,0.7295928749999999,927.1330934614649,0.0,0.0,0.0,0.0,635377.02,927.1330934614649,634449.8869065385,0.0014591857499999998
2026-04,US01,Events,C048,Northstar US01,Growth,3.1211550000000003,30,845573.1,0.0,0.0,0.0,0.0,845573.1,0.0,0.0,10.098340048897013,1.0446876875000002,1766.7196129024128,0.0,0.0,0.0,0.0,845573.1,1766.7196129024128,843806.3803870976,0.0020893753750000003
2026-04,US01,Events,C052,Redwood US01,Growth,2.88081,30,283323.7400000001,0.0,0.0,0.0,0.0,283323.7400000001,0.0,0.0,12.753485818025705,1.005631625,569.8386261145552,0.0,0.0,0.0,0.0,283323.7400000001,569.8386261145552,282753.9013738856,0.00201126325
2026-04,US01,Events,C049,Kestrel US01,Strategic,1.447995,30,801212.9,0.0,0.0,0.0,0.0,801212.9,0.0,0.0,0.0,0.7727991875,1238.3533562690375,0.0,0.0,0.0,0.0,801212.9,1238.3533562690375,799974.546643731,0.0015455983749999998
2026-04,US01,Events,C050,Helix US01,Growth,2.8449999999999998,30,254514.95,0.0,0.0,0.0,0.0,254514.95,0.0,0.0,0.0,0.9998125,508.93445689375005,0.0,0.0,0.0,0.0,254514.95,508.93445689375005,254006.01554310627,0.001999625
2026-04,US01,Events,C051,Vector US01,Growth,2.8275900000000003,30,521826.0,0.0,0.0,0.0,0.0,521826.0,0.0,0.0,0.0,0.9969833750000001,1040.5036932855003,0.0,0.0,0.0,0.0,521826.0,1040.5036932855003,520785.4963067145,0.0019939667500000007
2026-04,US01,Hardware,C041,Summit US01,Growth,2.82761,45,1378664.59,0.0,0.0,0.0,0.0,1378664.59,0.0,0.0,14.907780216506469,0.996986625,2749.0203131822177,0.0,0.0,0.0,0.0,1378664.59,2749.0203131822177,1375915.569686818,0.00199397325
2026-04,US01,Hardware,C042,Cobalt US01,Growth,2.902705,45,829389.46,0.0,0.0,0.0,0.0,829389.46,0.0,0.0,14.90778011574924,1.0091895625,1674.0223725590224,0.0,0.0,0.0,0.0,829389.46,1674.0223725590224,827715.4376274409,0.002018379125
2026-04,US01,Hardware,C043,Vertex US01,Core,2.0013,45,1346056.38,0.0,0.0,0.0,0.0,1346056.38,0.0,0.0,14.342051779435868,0.86271125,2322.51596432055,0.0,0.0,0.0,0.0,1346056.38,2322.51596432055,1343733.8640356793,0.0017254225000000003
2026-04,US01,Hardware,C044,Nova US01,Core,2.11017,45,1640427.53,0.0,0.0,0.0,0.0,1640427.53,0.0,0.0,14.4733187329525,0.880402625,2888.4734070685327,0.0,0.0,0.0,0.0,1640427.53,2888.4734070685327,1637539.0565929315,0.0017608052500000001
2026-04,US01,Hardware,C045,Meridian US01,Strategic,1.0499999999999998,45,1492940.9599999953,0.0,0.0,0.0,0.0,1492940.9599999953,0.0,0.0,7.944480135369786,0.7081249999999999,2114.377634599993,0.0,0.0,0.0,0.0,1492940.9599999953,2114.377634599993,1490826.5823653953,0.0014162499999999998
2026-04,US01,Hardware,C046,Orion US01,Core,2.182275,45,2053036.98,0.0,0.0,0.0,0.0,2053036.98,0.0,0.0,14.483686796523267,0.8921196875,3663.1094180470873,0.0,0.0,0.0,0.0,2053036.98,3663.1094180470873,2049373.8705819529,0.001784239375
2026-04,US01,Hardware,C047,Atlas US01,Core,2.2454699999999996,45,2305498.3899999997,0.0,0.0,0.0,0.0,2305498.3899999997,0.0,0.0,14.34243369825125,0.902388875,4160.912196932822,0.0,0.0,0.0,0.0,2305498.3899999997,4160.912196932822,2301337.477803067,0.0018047777499999999
2026-04,US01,Software,C034,Kestrel US01,Growth,2.9399699999999998,30,102464.93,0.0,0.0,0.0,0.0,102464.93,0.0,0.0,0.0,1.0152451249999999,208.05404133193247,0.0,0.0,0.0,0.0,102464.93,208.05404133193247,102256.87595866805,0.0020304902499999997
2026-04,US01,Software,C035,Helix US01,Core,2.18574,30,122163.1,0.0,0.0,0.0,0.0,122163.1,0.0,0.0,0.0,0.89268275,218.10578411305002,0.0,0.0,0.0,0.0,122163.1,218.10578411305002,121944.99421588695,0.0017853655
2026-04,US01,Software,C036,Vector US01,Growth,3.016975,30,97611.83,0.0,0.0,0.0,0.0,97611.83,0.0,0.0,0.0,1.0277584375,200.64276376463124,0.0,0.0,0.0,0.0,97611.83,200.64276376463124,97411.18723623538,0.002055516875
2026-04,US01,Software,C037,Redwood US01,Core,2.305165,30,154259.82,0.0,0.0,0.0,0.0,154259.82,0.0,0.0,0.0,0.9120893125,281.39746634034753,0.0,0.0,0.0,0.0,154259.82,281.39746634034753,153978.42253365967,0.0018241786250000002
2026-04,US01,Software,C038,Pioneer US01,Strategic,1.2493699999999999,30,115691.44000000026,0.0,0.0,0.0,0.0,115691.44000000026,0.0,0.0,0.0,0.740522625,171.3442576776604,0.0,0.0,0.0,0.0,115691.44000000026,171.3442576776604,115520.0957423226,0.0014810452500000001
2026-04,US01,Software,C039,Keystone US01,Strategic,1.335245,30,236326.87,0.0,0.0,0.0,0.0,236326.87,0.0,0.0,0.0,0.7544773124999999,356.60652349827376,0.0,0.0,0.0,0.0,236326.87,356.60652349827376,235970.2634765017,0.0015089546250000002
2026-04,US01,Software,C040,Axiom US01,Growth,2.8075,30,77170.97,0.0,0.0,0.0,0.0,77170.97,0.0,0.0,0.0,0.99371875,153.37247968937498,0.0,0.0,0.0,0.0,77170.97,153.37247968937498,77017.59752031062,0.0019874374999999996
2026-05,DE01,Hardware,C010,Keystone DE01,Growth,3.8942900000000003,45,845658.96,381066.03,0.0,0.0,0.0,1226724.99,381066.03,0.31063688528917965,28.937662629665674,1.1703221250000002,1979.3867821849803,4459.700059949138,0.0,0.0,0.0,1226724.99,6439.086842134118,1220285.9031578659,0.005249006007560112
2026-05,DE01,Hardware,C008,Redwood DE01,Core,2.225305,45,1022839.99,0.0,0.0,0.0,0.0,1022839.99,0.0,0.0,16.338052249990735,0.8991120625,1839.2955460327587,0.0,0.0,0.0,0.0,1022839.99,1839.2955460327587,1021000.6944539673,0.001798224125
2026-05,DE01,Hardware,C009,Pioneer DE01,Strategic,1.306745,45,1835880.87,0.0,0.0,0.0,0.0,1835880.87,0.0,0.0,14.482267141876148,0.7498460625,2753.256083177149,0.0,0.0,0.0,0.0,1835880.87,2753.256083177149,1833127.613916823,0.0014996921249999999
2026-05,DE01,Hardware,C011,Axiom DE01,Strategic,1.0,45,1837283.6399999987,0.0,0.0,0.0,0.0,1837283.6399999987,0.0,0.0,5.345887747631589,0.7,2572.197095999998,0.0,0.0,0.0,0.0,1837283.6399999987,2572.197095999998,1834711.4429039988,0.0014
2026-05,DE01,Hardware,C012,Northstar DE01,Growth,2.752895,45,974088.08,0.0,0.0,0.0,0.0,974088.08,0.0,0.0,14.940528991998342,0.9848454375,1918.6524026222698,0.0,0.0,0.0,0.0,974088.08,1918.6524026222698,972169.4275973777,0.001969690875
2026-05,DE01,Hardware,C013,Kestrel DE01,Core,1.8694799999999998,45,1651813.1400000001,0.0,0.0,0.0,0.0,1651813.1400000001,0.0,0.0,14.326325191964509,0.8412904999999999,2779.30940491434,0.0,0.0,0.0,0.0,1651813.1400000001,2779.30940491434,1649033.8305950859,0.0016825809999999998
2026-05,DE01,Hardware,C014,Helix DE01,Core,2.0470550000000003,45,1316993.57,0.0,0.0,0.0,0.0,1316993.57,0.0,0.0,14.522486620796485,0.8701464375000001,2291.954526291814,0.0,0.0,0.0,0.0,1316993.57,2291.954526291814,1314701.6154737081,0.0017402928750000002
2026-05,DE01,Software,C001,Meridian DE01,Growth,3.922925,30,149827.46,0.0,0.0,0.0,0.0,149827.46,0.0,0.0,14.94494266938784,1.1749753125,352.0871332691625,0.0,0.0,0.0,0.0,149827.46,352.0871332691625,149475.37286673082,0.002349950625
2026-05,DE01,Software,C002,Orion DE01,Core,1.8911449999999999,30,112681.29000000001,0.0,0.0,0.0,0.0,112681.29000000001,0.0,0.0,0.0,0.8448110624999999,190.38880065754125,0.0,0.0,0.0,0.0,112681.29000000001,190.38880065754125,112490.90119934246,0.001689622125
2026-05,DE01,Software,C003,Atlas DE01,Growth,2.7558400000000005,30,62200.89,0.0,0.0,0.0,0.0,62200.89,0.0,0.0,0.0,0.9853240000000001,122.57605947672002,0.0,0.0,0.0,0.0,62200.89,122.57605947672002,62078.31394052328,0.001970648
2026-05,DE01,Software,C004,Nimbus DE01,Strategic,1.0,30,79918.81000000011,0.0,0.0,0.0,0.0,79918.81000000011,0.0,0.0,0.0,0.7,111.88633400000016,0.0,0.0,0.0,0.0,79918.81000000011,111.88633400000016,79806.92366600012,0.0014
2026-05,DE01,Software,C005,Summit DE01,Core,2.047655,30,99166.94,0.0,0.0,0.0,0.0,99166.94,0.0,0.0,0.0,0.8702439375,172.5988566708525,0.0,0.0,0.0,0.0,99166.94,172.5988566708525,98994.34114332915,0.0017404878750000002
2026-05,DE01,Software,C006,Cobalt DE01,Core,2.081205,30,126118.41,0.0,0.0,0.0,0.0,126118.41,0.0,0.0,0.0,0.8756958125000001,220.8827270323163,0.0,0.0,0.0,0.0,126118.41,220.8827270323163,125897.5272729677,0.0017513916250000003
2026-05,DE01,Software,C007,Vertex DE01,Core,2.185245,30,94471.79,0.0,0.0,0.0,0.0,94471.79,0.0,0.0,0.0,0.8926023125,168.65147644002874,0.0,0.0,0.0,0.0,94471.79,168.65147644002874,94303.13852355996,0.001785204625
2026-05,ES01,Events,C023,Redwood ES01,Growth,2.795945,30,358931.02,0.0,0.0,0.0,0.0,358931.02,0.0,0.0,10.618616635586413,0.9918410625,712.0050484820176,0.0,0.0,0.0,0.0,358931.02,712.0050484820176,358219.014951518,0.0019836821250000004
2026-05,ES01,Events,C024,Pioneer ES01,Strategic,1.02279,30,1050981.2000000007,0.0,0.0,0.0,0.0,1050981.2000000007,0.0,0.0,8.097313824452822,0.703703375,1479.1580350031008,0.0,0.0,0.0,0.0,1050981.2000000007,1479.1580350031008,1049502.0419649975,0.00140740675
2026-05,ES01,Events,C025,Keystone ES01,Core,2.0810400000000002,30,991755.56,0.0,0.0,0.0,0.0,991755.56,0.0,0.0,4.175473843574922,0.875669,1736.8991989392803,0.0,0.0,0.0,0.0,991755.56,1736.8991989392803,990018.6608010607,0.001751338
2026-05,ES01,Events,C022,Vector ES01,Strategic,1.0,30,1372180.18,0.0,0.0,0.0,0.0,1372180.18,0.0,0.0,0.0,0.7,1921.052252,0.0,0.0,0.0,0.0,1372180.18,1921.052252,1370259.127748,0.0014
2026-05,ES01,Events,C026,Axiom ES01,Core,2.21812,30,183115.13,0.0,0.0,0.0,0.0,183115.13,0.0,0.0,0.0,0.8979444999999999,328.85444770057,0.0,0.0,0.0,0.0,183115.13,328.85444770057,182786.27555229943,0.001795889
2026-05,ES01,Hardware,C015,Nova ES01,Strategic,1.134235,45,1377381.27,0.0,0.0,0.0,0.0,1377381.27,0.0,0.0,14.759811275784228,0.7218131875,1988.4239298029963,0.0,0.0,0.0,0.0,1377381.27,1988.4239298029963,1375392.846070197,0.001443626375
2026-05,ES01,Hardware,C016,Meridian ES01,Core,2.18475,45,738734.98,0.0,0.0,0.0,0.0,738734.98,0.0,0.0,13.760336623020072,0.892521875,1318.6742589553749,0.0,0.0,0.0,0.0,738734.98,1318.6742589553749,737416.3057410446,0.0017850437499999999
2026-05,ES01,Hardware,C017,Orion ES01,Strategic,1.2359149999999999,45,2036739.05,0.0,0.0,0.0,0.0,2036739.05,0.0,0.0,14.622335198021563,0.7383361875,3007.596290218744,0.0,0.0,0.0,0.0,2036739.05,3007.596290218744,2033731.4537097814,0.001476672375
2026-05,ES01,Hardware,C018,Atlas ES01,Strategic,1.285565,45,1512340.51,0.0,0.0,0.0,0.0,1512340.51,0.0,0.0,13.582691109689312,0.7464043125,2257.6349572648987,0.0,0.0,0.0,0.0,1512340.51,2257.6349572648987,1510082.8750427351,0.0014928086249999999
2026-05,ES01,Hardware,C019,Nimbus ES01,Core,2.209905,45,1069394.69,0.0,0.0,0.0,0.0,1069394.69,0.0,0.0,14.981138535483097,0.8966095625,1917.659010281446,0.0,0.0,0.0,0.0,1069394.69,1917.659010281446,1067477.0309897184,0.001793219125
2026-05,ES01,Hardware,C020,Summit ES01,Strategic,1.0,45,1836201.96,0.0,0.0,0.0,0.0,1836201.96,0.0,0.0,10.577499710325984,0.7,2570.682744,0.0,0.0,0.0,0.0,1836201.96,2570.682744,1833631.2772559999,0.0014000000000000002
2026-05,ES01,Hardware,C021,Cobalt ES01,Core,1.9086199999999998,45,841711.84,0.0,0.0,0.0,0.0,841711.84,0.0,0.0,14.364168977354531,0.8476507499999999,1426.9553449197597,0.0,0.0,0.0,0.0,841711.84,1426.9553449197597,840284.8846550802,0.0016953014999999997
2026-05,ES01,Spare Parts,C027,Cobalt ES01,Core,2.25286,45,586957.8799999987,0.0,0.0,0.0,0.0,586957.8799999987,0.0,0.0,10.025824510610494,0.9035897500000001,1060.7382480994577,0.0,0.0,0.0,0.0,586957.8799999987,1060.7382480994577,585897.1417518993,0.0018071795
2026-05,ES01,Spare Parts,C028,Vertex ES01,Growth,3.0423750000000003,45,698241.04,0.0,0.0,0.0,0.0,698241.04,0.0,0.0,14.696010277482399,1.0318859375,1441.01022032275,0.0,0.0,0.0,0.0,698241.04,1441.01022032275,696800.0297796773,0.002063771875
2026-05,ES01,Spare Parts,C029,Nova ES01,Core,2.341555,45,594066.56,0.0,0.0,0.0,0.0,594066.56,0.0,0.0,14.524739618402354,0.9180026875,1090.70939726776,0.0,0.0,0.0,0.0,594066.56,1090.70939726776,592975.8506027323,0.001836005375
2026-05,ES01,Spare Parts,C030,Meridian ES01,Growth,2.7239050000000002,45,417014.13,0.0,0.0,0.0,0.0,417014.13,0.0,0.0,15.045629029404832,0.9801345625,817.4599237277363,0.0,0.0,0.0,0.0,417014.13,817.4599237277363,416196.6700762723,0.001960269125
2026-05,ES01,Spare Parts,C031,Orion ES01,Growth,2.81174,45,441075.72,0.0,0.0,0.0,0.0,441075.72,0.0,0.0,14.874771161740664,0.9944077499999999,877.21822860966,0.0,0.0,0.0,0.0,441075.72,877.21822860966,440198.5017713903,0.0019888155
2026-05,ES01,Spare Parts,C033,Nimbus ES01,Growth,2.8488800000000003,45,394839.94999999995,0.0,0.0,0.0,0.0,394839.94999999995,0.0,0.0,14.884373782338894,1.0004430000000002,790.0297281957002,0.0,0.0,0.0,0.0,394839.94999999995,790.0297281957002,394049.92027180427,0.0020008860000000008
2026-05,ES01,Spare Parts,C032,Atlas ES01,Core,2.0051500000000004,45,491708.23,0.0,0.0,0.0,0.0,491708.23,0.0,0.0,0.0,0.8633368750000001,849.0196933999626,0.0,0.0,0.0,0.0,491708.23,849.0196933999626,490859.2103066,0.0017266737500000004
2026-05,JP01,Hardware,C060,Keystone JP01,Growth,2.7943000000000002,45,1218659.78,0.0,0.0,0.0,0.0,1218659.78,0.0,0.0,14.903816387540088,0.99157375,2416.78209605755,0.0,0.0,0.0,0.0,1218659.78,2416.78209605755,1216242.9979039424,0.0019831475
2026-05,JP01,Hardware,C061,Axiom JP01,Core,1.97168,45,979070.5300000012,0.0,0.0,0.0,0.0,979070.5300000012,0.0,0.0,7.060844738121193,0.857898,1679.8852990918822,0.0,0.0,0.0,0.0,979070.5300000012,1679.8852990918822,977390.6447009093,0.0017157960000000001
2026-05,JP01,Hardware,C062,Northstar JP01,Growth,2.8876500000000003,45,1276926.19,0.0,0.0,0.0,0.0,1276926.19,0.0,0.0,14.560609333261466,1.006743125,2571.0733258298874,0.0,0.0,0.0,0.0,1276926.19,2571.0733258298874,1274355.1166741701,0.00201348625
2026-05,JP01,Hardware,C063,Kestrel JP01,Growth,2.933765,45,934763.22,0.0,0.0,0.0,0.0,934763.22,0.0,0.0,15.45951487051448,1.0142368125,1896.1425373900727,0.0,0.0,0.0,0.0,934763.22,1896.1425373900727,932867.0774626099,0.0020284736250000004
2026-05,JP01,Hardware,C064,Helix JP01,Growth,3.0409900000000003,45,573224.88,0.0,0.0,0.0,0.0,573224.88,0.0,0.0,12.989097577202163,1.031660875,1182.74736254514,0.0,0.0,0.0,0.0,573224.88,1182.74736254514,572042.1326374549,0.00206332175
2026-05,JP01,Hardware,C065,Vector JP01,Growth,3.1325000000000003,45,530985.56,0.0,0.0,0.0,0.0,530985.56,0.0,0.0,15.67910151831624,1.0465312500000001,1111.3859636775003,0.0,0.0,0.0,0.0,530985.56,1111.3859636775003,529874.1740363225,0.0020930625000000003
2026-05,JP01,Hardware,C066,Redwood JP01,Growth,3.086145,45,1057940.6199999999,0.0,0.0,0.0,0.0,1057940.6199999999,0.0,0.0,14.860685281183363,1.0389985625,2198.397566780717,0.0,0.0,0.0,0.0,1057940.6199999999,2198.397566780717,1055742.2224332192,0.0020779971249999998
2026-05,JP01,Software,C053,Atlas JP01,Core,2.188565,30,66480.44,0.0,0.0,0.0,0.0,66480.44,0.0,0.0,0.0,0.8931418125,118.752921354795,0.0,0.0,0.0,0.0,66480.44,118.752921354795,66361.6870786452,0.001786283625
2026-05,JP01,Software,C054,Nimbus JP01,Core,2.16125,30,101433.03,0.0,0.0,0.0,0.0,101433.03,0.0,0.0,0.0,0.8887031249999999,180.2877014784375,0.0,0.0,0.0,0.0,101433.03,180.2877014784375,101252.74229852157,0.00177740625
2026-05,JP01,Software,C055,Summit JP01,Strategic,1.29925,30,22994.110000000277,0.0,0.0,0.0,0.0,22994.110000000277,0.0,0.0,0.0,0.748628125,34.42807491068791,0.0,0.0,0.0,0.0,22994.110000000277,34.42807491068791,22959.68192508959,0.0014972562499999998
2026-05,JP01,Software,C056,Cobalt JP01,Core,2.1768300000000003,30,145830.75,0.0,0.0,0.0,0.0,145830.75,0.0,0.0,0.0,0.8912348750000001,259.9389004948125,0.0,0.0,0.0,0.0,145830.75,259.9389004948125,145570.8110995052,0.00178246975
2026-05,JP01,Software,C057,Vertex JP01,Core,2.26337,30,119279.22,0.0,0.0,0.0,0.0,119279.22,0.0,0.0,0.0,0.905297625,215.966389155705,0.0,0.0,0.0,0.0,119279.22,215.966389155705,119063.2536108443,0.00181059525
2026-05,JP01,Software,C058,Nova JP01,Core,2.3047950000000004,30,110456.01,0.0,0.0,0.0,0.0,110456.01,0.0,0.0,0.0,0.9120291875000001,201.47821010958376,0.0,0.0,0.0,0.0,110456.01,201.47821010958376,110254.53178989042,0.0018240583750000002
2026-05,JP01,Software,C059,Meridian JP01,Growth,3.295,30,58452.55,0.0,0.0,0.0,0.0,58452.55,0.0,0.0,0.0,1.0729375,125.43186573125001,0.0,0.0,0.0,0.0,58452.55,125.43186573125001,58327.118134268756,0.002145875
2026-05,JP01,Spare Parts,C067,Orion JP01,Core,2.41448,45,587936.81,0.0,0.0,0.0,0.0,587936.81,0.0,0.0,14.55646381453816,0.929853,1093.3896131778602,0.0,0.0,0.0,0.0,587936.81,1093.3896131778602,586843.4203868222,0.001859706
2026-05,JP01,Spare Parts,C068,Atlas JP01,Core,2.34401,45,894422.4299999999,0.0,0.0,0.0,0.0,894422.4299999999,0.0,0.0,14.795724208302783,0.918401625,1642.8780262968974,0.0,0.0,0.0,0.0,894422.4299999999,1642.8780262968974,892779.5519737031,0.00183680325
2026-05,JP01,Spare Parts,C069,Nimbus JP01,Growth,3.28588,45,600664.0800000001,0.0,0.0,0.0,0.0,600664.0800000001,0.0,0.0,14.505756029226852,1.0714555000000001,1287.1696643368805,0.0,0.0,0.0,0.0,600664.0800000001,1287.1696643368805,599376.9103356632,0.0021429110000000004
2026-05,JP01,Spare Parts,C070,Summit JP01,Core,1.9708350000000001,45,745552.7000000009,0.0,0.0,0.0,0.0,745552.7000000009,0.0,0.0,8.8974627816384,0.8577606875,1279.011593038964,0.0,0.0,0.0,0.0,745552.7000000009,1279.011593038964,744273.688406962,0.001715521375
2026-05,JP01,Spare Parts,C071,Cobalt JP01,Growth,2.876375,45,665483.52,0.0,0.0,0.0,0.0,665483.52,0.0,0.0,14.65511317244941,1.0049109375,1337.503335948,0.0,0.0,0.0,0.0,665483.52,1337.503335948,664146.016664052,0.002009821875
2026-05,JP01,Spare Parts,C073,Nova JP01,Core,2.219815,45,915052.29,0.0,0.0,0.0,0.0,915052.29,0.0,0.0,14.761583624909564,0.8982199375,1643.8364214660637,0.0,0.0,0.0,0.0,915052.29,1643.8364214660637,913408.453578534,0.001796439875
2026-05,JP01,Spare Parts,C072,Vertex JP01,Strategic,1.1821099999999998,45,624128.16,0.0,0.0,0.0,0.0,624128.16,0.0,0.0,0.0,0.7295928749999999,910.71891724572,0.0,0.0,0.0,0.0,624128.16,910.71891724572,623217.4410827543,0.00145918575
2026-05,US01,Events,C048,Northstar US01,Growth,3.1211550000000003,30,347607.47999999986,0.0,0.0,0.0,0.0,347607.47999999986,0.0,0.0,21.3507537294652,1.0446876875000002,726.282508877805,0.0,0.0,0.0,0.0,347607.47999999986,726.282508877805,346881.19749112206,0.0020893753750000008
2026-05,US01,Events,C049,Kestrel US01,Strategic,1.447995,30,960518.16,0.0,0.0,0.0,0.0,960518.16,0.0,0.0,0.0,0.7727991875,1484.57530725399,0.0,0.0,0.0,0.0,960518.16,1484.57530725399,959033.584692746,0.001545598375
2026-05,US01,Events,C050,Helix US01,Growth,2.8449999999999998,30,94584.21,0.0,0.0,0.0,0.0,94584.21,0.0,0.0,0.0,0.9998125,189.13295092125003,0.0,0.0,0.0,0.0,94584.21,189.13295092125003,94395.07704907875,0.001999625
2026-05,US01,Events,C051,Vector US01,Growth,2.8275900000000003,30,400538.58999999997,0.0,0.0,0.0,0.0,400538.58999999997,0.0,0.0,0.0,0.9969833750000001,798.6606305518826,0.0,0.0,0.0,0.0,400538.58999999997,798.6606305518826,399739.9293694481,0.0019939667500000003
2026-05,US01,Events,C052,Redwood US01,Growth,2.88081,30,278453.01,0.0,0.0,0.0,0.0,278453.01,0.0,0.0,0.0,1.005631625,560.0423058648825,0.0,0.0,0.0,0.0,278453.01,560.0423058648825,277892.96769413515,0.0020112632499999995
2026-05,US01,Hardware,C041,Summit US01,Growth,2.82761,45,1392662.1600000001,0.0,0.0,0.0,0.0,1392662.1600000001,0.0,0.0,14.940528720906725,0.996986625,2776.9310933272204,0.0,0.0,0.0,0.0,1392662.1600000001,2776.9310933272204,1389885.228906673,0.00199397325
2026-05,US01,Hardware,C042,Cobalt US01,Growth,2.902705,45,837810.25,0.0,0.0,0.0,0.0,837810.25,0.0,0.0,14.940528717570597,1.0091895625,1691.0187193110312,0.0,0.0,0.0,0.0,837810.25,1691.0187193110312,836119.231280689,0.0020183791249999998
2026-05,US01,Hardware,C043,Vertex US01,Core,2.0013,45,1334223.349999995,0.0,0.0,0.0,0.0,1334223.349999995,0.0,0.0,14.83362197191342,0.86271125,2302.0989881153664,0.0,0.0,0.0,0.0,1334223.349999995,2302.0989881153664,1331921.2510118796,0.0017254225
2026-05,US01,Hardware,C044,Nova US01,Core,2.11017,45,1609897.05,0.0,0.0,0.0,0.0,1609897.05,0.0,0.0,15.821133034562678,0.880402625,2834.7151775995126,0.0,0.0,0.0,0.0,1609897.05,2834.7151775995126,1607062.3348224005,0.00176080525
2026-05,US01,Hardware,C046,Orion US01,Core,2.182275,45,2121831.32,0.0,0.0,0.0,0.0,2121831.32,0.0,0.0,15.01324092058364,0.8921196875,3785.8549882522248,0.0,0.0,0.0,0.0,2121831.32,3785.8549882522248,2118045.4650117476,0.001784239375
2026-05,US01,Hardware,C047,Atlas US01,Core,2.2454699999999996,45,2368774.15,0.0,0.0,0.0,0.0,2368774.15,0.0,0.0,15.239314351686927,0.902388875,4275.1108806951615,0.0,0.0,0.0,0.0,2368774.15,4275.1108806951615,2364499.0391193046,0.0018047777499999996
2026-05,US01,Hardware,C045,Meridian US01,Strategic,1.0499999999999998,45,1081087.17,0.0,0.0,0.0,0.0,1081087.17,0.0,0.0,0.0,0.7081249999999999,1531.0897045124998,0.0,0.0,0.0,0.0,1081087.17,1531.0897045124998,1079556.0802954875,0.00141625
2026-05,US01,Software,C034,Kestrel US01,Growth,2.9399699999999998,30,105989.35,0.0,0.0,0.0,0.0,105989.35,0.0,0.0,0.0,1.0152451249999999,215.21034177883746,0.0,0.0,0.0,0.0,105989.35,215.21034177883746,105774.13965822117,0.0020304902499999997
2026-05,US01,Software,C035,Helix US01,Core,2.18574,30,122446.43,0.0,0.0,0.0,0.0,122446.43,0.0,0.0,0.0,0.89268275,218.61163172016498,0.0,0.0,0.0,0.0,122446.43,218.61163172016498,122227.81836827983,0.0017853654999999999
2026-05,US01,Software,C036,Vector US01,Growth,3.016975,30,93745.44,0.0,0.0,0.0,0.0,93745.44,0.0,0.0,0.0,1.0277584375,192.6953338743,0.0,0.0,0.0,0.0,93745.44,192.6953338743,93552.7446661257,0.002055516875
2026-05,US01,Software,C037,Redwood US01,Core,2.305165,30,158435.37,0.0,0.0,0.0,0.0,158435.37,0.0,0.0,0.0,0.9120893125,289.0144153979663,0.0,0.0,0.0,0.0,158435.37,289.0144153979663,158146.35558460202,0.0018241786250000002
2026-05,US01,Software,C038,Pioneer US01,Strategic,1.2493699999999999,30,95099.49000000025,0.0,0.0,0.0,0.0,95099.49000000025,0.0,0.0,0.0,0.740522625,140.84664794192287,0.0,0.0,0.0,0.0,95099.49000000025,140.84664794192287,94958.64335205832,0.00148104525
2026-05,US01,Software,C039,Keystone US01,Strategic,1.335245,30,233637.49,0.0,0.0,0.0,0.0,233637.49,0.0,0.0,0.0,0.7544773124999999,352.5483711088912,0.0,0.0,0.0,0.0,233637.49,352.5483711088912,233284.9416288911,0.001508954625
2026-05,US01,Software,C040,Axiom US01,Growth,2.8075,30,78401.12,0.0,0.0,0.0,0.0,78401.12,0.0,0.0,0.0,0.99371875,155.81732592999998,0.0,0.0,0.0,0.0,78401.12,155.81732592999998,78245.30267407,0.0019874375
2026-06,DE01,Hardware,C010,Keystone DE01,Growth,3.8942900000000003,45,809577.78,421153.07,0.0,0.0,0.0,1230730.85,421153.07000000007,0.3421975405914299,30.87950618935082,1.1703221250000002,1894.9335756847656,4928.847558326739,0.0,0.0,0.0,1230730.85,6823.781134011505,1223907.0688659886,0.005544495072997889
2026-06,DE01,Hardware,C008,Redwood DE01,Core,2.225305,45,1042492.72,0.0,0.0,0.0,0.0,1042492.72,0.0,0.0,13.40439720288886,0.8991120625,1874.63555924087,0.0,0.0,0.0,0.0,1042492.72,1874.63555924087,1040618.0844407592,0.0017982241250000001
2026-06,DE01,Hardware,C009,Pioneer DE01,Strategic,1.306745,45,1905907.92,0.0,0.0,0.0,0.0,1905907.92,0.0,0.0,14.947578842109014,0.7498460625,2858.2750985991297,0.0,0.0,0.0,0.0,1905907.92,2858.2750985991297,1903049.644901401,0.0014996921249999999
2026-06,DE01,Hardware,C011,Axiom DE01,Strategic,1.0,45,1717455.989999999,0.0,0.0,0.0,0.0,1717455.989999999,0.0,0.0,3.272319833942281,0.7,2404.4383859999984,0.0,0.0,0.0,0.0,1717455.989999999,2404.4383859999984,1715051.551613999,0.0013999999999999998
2026-06,DE01,Hardware,C012,Northstar DE01,Growth,2.752895,45,973196.8999999999,0.0,0.0,0.0,0.0,973196.8999999999,0.0,0.0,15.073261330774892,0.9848454375,1916.8970535082872,0.0,0.0,0.0,0.0,973196.8999999999,1916.8970535082872,971280.0029464916,0.001969690875
2026-06,DE01,Hardware,C013,Kestrel DE01,Core,1.8694799999999998,45,1693973.35,0.0,0.0,0.0,0.0,1693973.35,0.0,0.0,15.283582826140682,0.8412904999999999,2850.2473732163503,0.0,0.0,0.0,0.0,1693973.35,2850.2473732163503,1691123.1026267838,0.001682581
2026-06,DE01,Hardware,C014,Helix DE01,Core,2.0470550000000003,45,1291915.8,0.0,0.0,0.0,0.0,1291915.8,0.0,0.0,15.777952092543494,0.8701464375000001,2248.3118618399253,0.0,0.0,0.0,0.0,1291915.8,2248.3118618399253,1289667.4881381602,0.0017402928750000002
2026-06,DE01,Software,C001,Meridian DE01,Growth,3.922925,30,153112.38,0.0,0.0,0.0,0.0,153112.38,0.0,0.0,14.732061509330597,1.1749753125,359.8065330762375,0.0,0.0,0.0,0.0,153112.38,359.8065330762375,152752.57346692376,0.0023499506249999996
2026-06,DE01,Software,C002,Orion DE01,Core,1.8911449999999999,30,122375.86,0.0,0.0,0.0,0.0,122375.86,0.0,0.0,0.0,0.8448110624999999,206.7689606219025,0.0,0.0,0.0,0.0,122375.86,206.7689606219025,122169.0910393781,0.001689622125
2026-06,DE01,Software,C003,Atlas DE01,Growth,2.7558400000000005,30,60811.17,0.0,0.0,0.0,0.0,60811.17,0.0,0.0,0.0,0.9853240000000001,119.83741053816,0.0,0.0,0.0,0.0,60811.17,119.83741053816,60691.33258946184,0.001970648
2026-06,DE01,Software,C004,Nimbus DE01,Strategic,1.0,30,98603.78000000012,0.0,0.0,0.0,0.0,98603.78000000012,0.0,0.0,0.0,0.7,138.04529200000016,0.0,0.0,0.0,0.0,98603.78000000012,138.04529200000016,98465.73470800012,0.0014
2026-06,DE01,Software,C005,Summit DE01,Core,2.047655,30,113644.64,0.0,0.0,0.0,0.0,113644.64,0.0,0.0,0.0,0.8702439375,197.79711797873998,0.0,0.0,0.0,0.0,113644.64,197.79711797873998,113446.84288202126,0.0017404878749999997
2026-06,DE01,Software,C006,Cobalt DE01,Core,2.081205,30,123048.65,0.0,0.0,0.0,0.0,123048.65,0.0,0.0,0.0,0.8756958125000001,215.50637507755624,0.0,0.0,0.0,0.0,123048.65,215.50637507755624,122833.14362492244,0.001751391625
2026-06,DE01,Software,C007,Vertex DE01,Core,2.185245,30,94070.52,0.0,0.0,0.0,0.0,94070.52,0.0,0.0,0.0,0.8926023125,167.935127380155,0.0,0.0,0.0,0.0,94070.52,167.935127380155,93902.58487261985,0.001785204625
2026-06,ES01,Events,C023,Redwood ES01,Growth,2.795945,30,434246.30000000034,0.0,0.0,0.0,0.0,434246.30000000034,0.0,0.0,1.6609136335761767,0.9918410625,861.4066231573883,0.0,0.0,0.0,0.0,434246.30000000034,861.4066231573883,433384.89337684296,0.001983682125
2026-06,ES01,Events,C022,Vector ES01,Strategic,1.0,30,569792.04,0.0,0.0,0.0,0.0,569792.04,0.0,0.0,0.0,0.7,797.708856,0.0,0.0,0.0,0.0,569792.04,797.708856,568994.331144,0.0013999999999999998
2026-06,ES01,Events,C024,Pioneer ES01,Strategic,1.02279,30,539716.51,0.0,0.0,0.0,0.0,539716.51,0.0,0.0,0.0,0.703703375,759.6006592604425,0.0,0.0,0.0,0.0,539716.51,759.6006592604425,538956.9093407396,0.00140740675
2026-06,ES01,Events,C025,Keystone ES01,Core,2.0810400000000002,30,351741.92000000004,0.0,0.0,0.0,0.0,351741.92000000004,0.0,0.0,0.0,0.875669,616.0189906889601,0.0,0.0,0.0,0.0,351741.92000000004,616.0189906889601,351125.9010093111,0.001751338
2026-06,ES01,Events,C026,Axiom ES01,Core,2.21812,30,561080.1,0.0,0.0,0.0,0.0,561080.1,0.0,0.0,0.0,0.8979444999999999,1007.6375797088999,0.0,0.0,0.0,0.0,561080.1,1007.6375797088999,560072.462420291,0.001795889
2026-06,ES01,Hardware,C015,Nova ES01,Strategic,1.134235,45,1389074.1600000001,0.0,0.0,0.0,0.0,1389074.1600000001,0.0,0.0,15.111900505009752,0.7218131875,2005.3040942069701,0.0,0.0,0.0,0.0,1389074.1600000001,2005.3040942069701,1387068.8559057931,0.001443626375
2026-06,ES01,Hardware,C016,Meridian ES01,Core,2.18475,45,795899.91,0.0,0.0,0.0,0.0,795899.91,0.0,0.0,15.07326141047057,0.892521875,1420.7161599710628,0.0,0.0,0.0,0.0,795899.91,1420.7161599710628,794479.193840029,0.0017850437500000003
2026-06,ES01,Hardware,C017,Orion ES01,Strategic,1.2359149999999999,45,2032686.2200000002,0.0,0.0,0.0,0.0,2032686.2200000002,0.0,0.0,15.408325245595456,0.7383361875,3001.6115881171727,0.0,0.0,0.0,0.0,2032686.2200000002,3001.6115881171727,2029684.608411883,0.0014766723749999999
2026-06,ES01,Hardware,C018,Atlas ES01,Strategic,1.285565,45,1629123.48,0.0,0.0,0.0,0.0,1629123.48,0.0,0.0,15.240441626929346,0.7464043125,2431.9695821340147,0.0,0.0,0.0,0.0,1629123.48,2431.9695821340147,1626691.510417866,0.0014928086249999999
2026-06,ES01,Hardware,C019,Nimbus ES01,Core,2.209905,45,1068413.68,0.0,0.0,0.0,0.0,1068413.68,0.0,0.0,15.032651678514638,0.8966095625,1915.8998443876299,0.0,0.0,0.0,0.0,1068413.68,1915.8998443876299,1066497.7801556124,0.001793219125
2026-06,ES01,Hardware,C020,Summit ES01,Strategic,1.0,45,1460567.8100000005,0.0,0.0,0.0,0.0,1460567.8100000005,0.0,0.0,4.984788552884796,0.7,2044.7949340000005,0.0,0.0,0.0,0.0,1460567.8100000005,2044.7949340000005,1458523.0150660006,0.0013999999999999998
2026-06,ES01,Hardware,C021,Cobalt ES01,Core,1.9086199999999998,45,837819.04,0.0,0.0,0.0,0.0,837819.04,0.0,0.0,15.708480556851512,0.8476507499999999,1420.35587524056,0.0,0.0,0.0,0.0,837819.04,1420.35587524056,836398.6841247595,0.0016953015
2026-06,ES01,Spare Parts,C027,Cobalt ES01,Core,2.25286,45,564098.5499999986,0.0,0.0,0.0,0.0,564098.5499999986,0.0,0.0,9.339704205940565,0.9035897500000001,1019.4273355397227,0.0,0.0,0.0,0.0,564098.5499999986,1019.4273355397227,563079.1226644589,0.0018071795
2026-06,ES01,Spare Parts,C028,Vertex ES01,Growth,3.0423750000000003,45,715538.6,0.0,0.0,0.0,0.0,715538.6,0.0,0.0,14.93402829700592,1.0318859375,1476.708438156875,0.0,0.0,0.0,0.0,715538.6,1476.708438156875,714061.8915618431,0.0020637718750000002
2026-06,ES01,Spare Parts,C029,Nova ES01,Core,2.341555,45,612488.75,0.0,0.0,0.0,0.0,612488.75,0.0,0.0,15.009801731052201,0.9180026875,1124.5326371270312,0.0,0.0,0.0,0.0,612488.75,1124.5326371270312,611364.217362873,0.001836005375
2026-06,ES01,Spare Parts,C030,Meridian ES01,Growth,2.7239050000000002,45,424021.13,0.0,0.0,0.0,0.0,424021.13,0.0,0.0,14.707248197749013,0.9801345625,831.1955294866112,0.0,0.0,0.0,0.0,424021.13,831.1955294866112,423189.93447051337,0.001960269125
2026-06,ES01,Spare Parts,C031,Orion ES01,Growth,2.81174,45,450602.44,0.0,0.0,0.0,0.0,450602.44,0.0,0.0,14.805448456959088,0.9944077499999999,896.1651170098199,0.0,0.0,0.0,0.0,450602.44,896.1651170098199,449706.27488299017,0.0019888155
2026-06,ES01,Spare Parts,C033,Nimbus ES01,Growth,2.8488800000000003,45,401051.55,0.0,0.0,0.0,0.0,401051.55,0.0,0.0,14.881511117461084,1.0004430000000002,802.4584316733002,0.0,0.0,0.0,0.0,401051.55,802.4584316733002,400249.0915683267,0.0020008860000000008
2026-06,ES01,Spare Parts,C032,Atlas ES01,Core,2.0051500000000004,45,500826.52,0.0,0.0,0.0,0.0,500826.52,0.0,0.0,0.0,0.8633368750000001,864.7640053878501,0.0,0.0,0.0,0.0,500826.52,864.7640053878501,499961.7559946122,0.0017266737500000002
2026-06,JP01,Hardware,C060,Keystone JP01,Growth,2.7943000000000002,45,1252855.09,0.0,0.0,0.0,0.0,1252855.09,0.0,0.0,14.684149784633114,0.99157375,2484.5964395957753,0.0,0.0,0.0,0.0,1252855.09,2484.5964395957753,1250370.4935604043,0.0019831475
2026-06,JP01,Hardware,C061,Axiom JP01,Core,1.97168,45,955221.8000000013,0.0,0.0,0.0,0.0,955221.8000000013,0.0,0.0,6.198355083604699,0.857898,1638.9657435528025,0.0,0.0,0.0,0.0,955221.8000000013,1638.9657435528025,953582.8342564486,0.0017157960000000001
2026-06,JP01,Hardware,C062,Northstar JP01,Growth,2.8876500000000003,45,1343250.2000000002,0.0,0.0,0.0,0.0,1343250.2000000002,0.0,0.0,14.677058897888122,1.006743125,2704.6158080097507,0.0,0.0,0.0,0.0,1343250.2000000002,2704.6158080097507,1340545.5841919906,0.0020134862500000004
2026-06,JP01,Hardware,C063,Kestrel JP01,Growth,2.933765,45,933878.31,0.0,0.0,0.0,0.0,933878.31,0.0,0.0,14.554263178036546,1.0142368125,1894.347520794574,0.0,0.0,0.0,0.0,933878.31,1894.347520794574,931983.9624792055,0.002028473625
2026-06,JP01,Hardware,C064,Helix JP01,Growth,3.0409900000000003,45,620815.99,0.0,0.0,0.0,0.0,620815.99,0.0,0.0,15.706864283569757,1.031660875,1280.9431349147826,0.0,0.0,0.0,0.0,620815.99,1280.9431349147826,619535.0468650853,0.0020633217500000004
2026-06,JP01,Hardware,C065,Vector JP01,Growth,3.1325000000000003,45,504482.08999999997,0.0,0.0,0.0,0.0,504482.08999999997,0.0,0.0,15.073261173652371,1.0465312500000001,1055.912544500625,0.0,0.0,0.0,0.0,504482.08999999997,1055.912544500625,503426.17745549936,0.0020930625000000003
2026-06,JP01,Hardware,C066,Redwood JP01,Growth,3.086145,45,1062576.67,0.0,0.0,0.0,0.0,1062576.67,0.0,0.0,15.073261489921475,1.0389985625,2208.0312653520737,0.0,0.0,0.0,0.0,1062576.67,2208.0312653520737,1060368.6387346478,0.002077997125
2026-06,JP01,Software,C053,Atlas JP01,Core,2.188565,30,67755.38,0.0,0.0,0.0,0.0,67755.38,0.0,0.0,0.0,0.8931418125,121.0303257996525,0.0,0.0,0.0,0.0,67755.38,121.0303257996525,67634.34967420035,0.001786283625
2026-06,JP01,Software,C054,Nimbus JP01,Core,2.16125,30,103095.94,0.0,0.0,0.0,0.0,103095.94,0.0,0.0,0.0,0.8887031249999999,183.243368105625,0.0,0.0,0.0,0.0,103095.94,183.243368105625,102912.69663189437,0.00177740625
2026-06,JP01,Software,C055,Summit JP01,Strategic,1.29925,30,18728.050000000207,0.0,0.0,0.0,0.0,18728.050000000207,0.0,0.0,0.0,0.748628125,28.04068991281281,0.0,0.0,0.0,0.0,18728.050000000207,28.04068991281281,18700.009310087393,0.00149725625
2026-06,JP01,Software,C056,Cobalt JP01,Core,2.1768300000000003,30,143693.41,0.0,0.0,0.0,0.0,143693.41,0.0,0.0,0.0,0.8912348750000001,256.12915659934754,0.0,0.0,0.0,0.0,143693.41,256.12915659934754,143437.28084340066,0.0017824697500000003
2026-06,JP01,Software,C057,Vertex JP01,Core,2.26337,30,114965.21,0.0,0.0,0.0,0.0,114965.21,0.0,0.0,0.0,0.905297625,208.1554631412525,0.0,0.0,0.0,0.0,114965.21,208.1554631412525,114757.05453685875,0.00181059525
2026-06,JP01,Software,C058,Nova JP01,Core,2.3047950000000004,30,120574.01,0.0,0.0,0.0,0.0,120574.01,0.0,0.0,0.0,0.9120291875000001,219.93403274783375,0.0,0.0,0.0,0.0,120574.01,219.93403274783375,120354.07596725217,0.0018240583750000002
2026-06,JP01,Software,C059,Meridian JP01,Growth,3.295,30,62591.88,0.0,0.0,0.0,0.0,62591.88,0.0,0.0,0.0,1.0729375,134.314350495,0.0,0.0,0.0,0.0,62591.88,134.314350495,62457.565649505,0.002145875
2026-06,JP01,Spare Parts,C067,Orion JP01,Core,2.41448,45,598554.6100000001,0.0,0.0,0.0,0.0,598554.6100000001,0.0,0.0,15.169582270864138,0.929853,1113.1355995446604,0.0,0.0,0.0,0.0,598554.6100000001,1113.1355995446604,597441.4744004555,0.0018597060000000005
2026-06,JP01,Spare Parts,C068,Atlas JP01,Core,2.34401,45,918403.22,0.0,0.0,0.0,0.0,918403.22,0.0,0.0,14.80727092834017,0.918401625,1686.9260193064652,0.0,0.0,0.0,0.0,918403.22,1686.9260193064652,916716.2939806936,0.0018368032500000002
2026-06,JP01,Spare Parts,C069,Nimbus JP01,Growth,3.28588,45,626053.03,0.0,0.0,0.0,0.0,626053.03,0.0,0.0,14.8658905140991,1.0714555000000001,1341.5759245703302,0.0,0.0,0.0,0.0,626053.03,1341.5759245703302,624711.4540754297,0.0021429110000000004
2026-06,JP01,Spare Parts,C070,Summit JP01,Core,1.9708350000000001,45,682452.4700000007,0.0,0.0,0.0,0.0,682452.4700000007,0.0,0.0,6.621648830723724,0.8577606875,1170.7617997065474,0.0,0.0,0.0,0.0,682452.4700000007,1170.7617997065474,681281.7082002942,0.001715521375
2026-06,JP01,Spare Parts,C071,Cobalt JP01,Growth,2.876375,45,679590.94,0.0,0.0,0.0,0.0,679590.94,0.0,0.0,15.026347025756408,1.0049109375,1365.8567372638124,0.0,0.0,0.0,0.0,679590.94,1365.8567372638124,678225.0832627361,0.002009821875
2026-06,JP01,Spare Parts,C073,Nova JP01,Core,2.219815,45,930375.73,0.0,0.0,0.0,0.0,930375.73,0.0,0.0,14.987437172291672,0.8982199375,1671.3640601042337,0.0,0.0,0.0,0.0,930375.73,1671.3640601042337,928704.3659398957,0.001796439875
2026-06,JP01,Spare Parts,C072,Vertex JP01,Strategic,1.1821099999999998,45,619601.86,0.0,0.0,0.0,0.0,619601.86,0.0,0.0,0.0,0.7295928749999999,904.1142047854948,0.0,0.0,0.0,0.0,619601.86,904.1142047854948,618697.7457952145,0.0014591857499999998
2026-06,US01,Events,C048,Northstar US01,Growth,3.1211550000000003,30,193882.87,0.0,0.0,0.0,0.0,193882.87,0.0,0.0,15.5070053378104,1.0446876875000002,405.0940942123263,0.0,0.0,0.0,0.0,193882.87,405.0940942123263,193477.77590578768,0.0020893753750000003
2026-06,US01,Events,C052,Redwood US01,Growth,2.88081,30,26597.07999999984,0.0,0.0,0.0,0.0,26597.07999999984,0.0,0.0,30.0,1.005631625,53.49372956130968,0.0,0.0,0.0,0.0,26597.07999999984,53.49372956130968,26543.586270438533,0.00201126325
2026-06,US01,Events,C049,Kestrel US01,Strategic,1.447995,30,783144.38,0.0,0.0,0.0,0.0,783144.38,0.0,0.0,0.0,0.7727991875,1210.4266811183825,0.0,0.0,0.0,0.0,783144.38,1210.4266811183825,781933.9533188816,0.001545598375
2026-06,US01,Events,C051,Vector US01,Growth,2.8275900000000003,30,230029.26,0.0,0.0,0.0,0.0,230029.26,0.0,0.0,0.0,0.9969833750000001,458.6706959671051,0.0,0.0,0.0,0.0,230029.26,458.6706959671051,229570.5893040329,0.0019939667500000003
2026-06,US01,Hardware,C041,Summit US01,Growth,2.82761,45,1391388.04,0.0,0.0,0.0,0.0,1391388.04,0.0,0.0,15.073261518044959,0.996986625,2774.3905321299303,0.0,0.0,0.0,0.0,1391388.04,2774.3905321299303,1388613.6494678701,0.0019939732500000003
2026-06,US01,Hardware,C042,Cobalt US01,Growth,2.902705,45,864657.97,0.0,0.0,0.0,0.0,864657.97,0.0,0.0,14.591873131060133,1.0091895625,1745.2075969128762,0.0,0.0,0.0,0.0,864657.97,1745.2075969128762,862912.7624030871,0.0020183791249999998
2026-06,US01,Hardware,C043,Vertex US01,Core,2.0013,45,1378228.92,0.0,0.0,0.0,0.0,1378228.92,0.0,0.0,14.6821296566611,0.86271125,2378.0271887187,0.0,0.0,0.0,0.0,1378228.92,2378.0271887187,1375850.8928112811,0.0017254225
2026-06,US01,Hardware,C044,Nova US01,Core,2.11017,45,1558984.06,0.0,0.0,0.0,0.0,1558984.06,0.0,0.0,14.641917570343857,0.880402625,2745.067317514315,0.0,0.0,0.0,0.0,1558984.06,2745.067317514315,1556238.9926824858,0.0017608052500000001
2026-06,US01,Hardware,C045,Meridian US01,Strategic,1.0499999999999998,45,1227700.7199999948,0.0,0.0,0.0,0.0,1227700.7199999948,0.0,0.0,4.746475672018723,0.7081249999999999,1738.7311446999925,0.0,0.0,0.0,0.0,1227700.7199999948,1738.7311446999925,1225961.9888552949,0.0014162499999999998
2026-06,US01,Hardware,C046,Orion US01,Core,2.182275,45,2129599.6799999997,0.0,0.0,0.0,0.0,2129599.6799999997,0.0,0.0,14.932090335400503,0.8921196875,3799.7156020434,0.0,0.0,0.0,0.0,2129599.6799999997,3799.7156020434,2125799.964397956,0.0017842393750000002
2026-06,US01,Hardware,C047,Atlas US01,Core,2.2454699999999996,45,2393923.1799999997,0.0,0.0,0.0,0.0,2393923.1799999997,0.0,0.0,14.60561929978054,0.902388875,4320.499290473244,0.0,0.0,0.0,0.0,2393923.1799999997,4320.499290473244,2389602.6807095264,0.00180477775
2026-06,US01,Software,C034,Kestrel US01,Growth,2.9399699999999998,30,105865.0,0.0,0.0,0.0,0.0,105865.0,0.0,0.0,0.0,1.0152451249999999,214.95785031625,0.0,0.0,0.0,0.0,105865.0,214.95785031625,105650.04214968375,0.0020304902499999997
2026-06,US01,Software,C035,Helix US01,Core,2.18574,30,119933.75,0.0,0.0,0.0,0.0,119933.75,0.0,0.0,0.0,0.89268275,214.125579535625,0.0,0.0,0.0,0.0,119933.75,214.125579535625,119719.62442046437,0.0017853655
2026-06,US01,Software,C036,Vector US01,Growth,3.016975,30,97031.02,0.0,0.0,0.0,0.0,97031.02,0.0,0.0,0.0,1.0277584375,199.44889900846252,0.0,0.0,0.0,0.0,97031.02,199.44889900846252,96831.57110099154,0.0020555168750000003
2026-06,US01,Software,C037,Redwood US01,Core,2.305165,30,164372.01,0.0,0.0,0.0,0.0,164372.01,0.0,0.0,0.0,0.9120893125,299.8439071902863,0.0,0.0,0.0,0.0,164372.01,299.8439071902863,164072.16609280973,0.0018241786250000002
2026-06,US01,Software,C038,Pioneer US01,Strategic,1.2493699999999999,30,129086.83000000016,0.0,0.0,0.0,0.0,129086.83000000016,0.0,0.0,0.0,0.740522625,191.18343640905775,0.0,0.0,0.0,0.0,129086.83000000016,191.18343640905775,128895.6465635911,0.0014810452500000001
2026-06,US01,Software,C039,Keystone US01,Strategic,1.335245,30,241209.39,0.0,0.0,0.0,0.0,241209.39,0.0,0.0,0.0,0.7544773124999999,363.97402463392876,0.0,0.0,0.0,0.0,241209.39,363.97402463392876,240845.41597536608,0.001508954625
2026-06,US01,Software,C040,Axiom US01,Growth,2.8075,30,80048.56,0.0,0.0,0.0,0.0,80048.56,0.0,0.0,0.0,0.99371875,159.091509965,0.0,0.0,0.0,0.0,80048.56,159.091509965,79889.468490035,0.0019874375
2026-07,DE01,Hardware,C010,Keystone DE01,Growth,3.8942900000000003,45,773246.3200000001,424505.89,0.0,0.0,0.0,1197752.21,424505.8899999999,0.3544187908448943,30.909991057332302,1.1703221250000002,1809.8945527416606,4968.086352598163,0.0,0.0,0.0,1197752.21,6777.980905339824,1190974.2290946601,0.00565891746953222
2026-07,DE01,Hardware,C008,Redwood DE01,Core,2.225305,45,1063488.49,0.0,0.0,0.0,0.0,1063488.49,0.0,0.0,16.267966473243167,0.8991120625,1912.390659377821,0.0,0.0,0.0,0.0,1063488.49,1912.390659377821,1061576.099340622,0.001798224125
2026-07,DE01,Hardware,C009,Pioneer DE01,Strategic,1.306745,45,1710085.4999999986,0.0,0.0,0.0,0.0,1710085.4999999986,0.0,0.0,15.095160855992276,0.7498460625,2564.6017574266853,0.0,0.0,0.0,0.0,1710085.4999999986,2564.6017574266853,1707520.8982425719,0.0014996921249999999
2026-07,DE01,Hardware,C012,Northstar DE01,Growth,2.752895,45,972345.1,0.0,0.0,0.0,0.0,972345.1,0.0,0.0,14.939814886710488,0.9848454375,1915.2192708209625,0.0,0.0,0.0,0.0,972345.1,1915.2192708209625,970429.880729179,0.001969690875
2026-07,DE01,Hardware,C013,Kestrel DE01,Core,1.8694799999999998,45,1602409.89,0.0,0.0,0.0,0.0,1602409.89,0.0,0.0,15.557329404650643,0.8412904999999999,2696.1844351260897,0.0,0.0,0.0,0.0,1602409.89,2696.1844351260897,1599713.7055648738,0.001682581
2026-07,DE01,Hardware,C014,Helix DE01,Core,2.0470550000000003,45,1197245.56,0.0,0.0,0.0,0.0,1197245.56,0.0,0.0,15.346633150178482,0.8701464375000001,2083.557917693385,0.0,0.0,0.0,0.0,1197245.56,2083.557917693385,1195162.0020823067,0.001740292875
2026-07,DE01,Hardware,C011,Axiom DE01,Strategic,1.0,45,1440331.75,0.0,0.0,0.0,0.0,1440331.75,0.0,0.0,0.0,0.7,2016.46445,0.0,0.0,0.0,0.0,1440331.75,2016.46445,1438315.28555,0.0014
2026-07,DE01,Software,C001,Meridian DE01,Growth,3.922925,30,154335.13,0.0,0.0,0.0,0.0,154335.13,0.0,0.0,15.146975286831976,1.1749753125,362.6799352029563,0.0,0.0,0.0,0.0,154335.13,362.6799352029563,153972.45006479704,0.002349950625
2026-07,DE01,Software,C002,Orion DE01,Core,1.8911449999999999,30,116228.67,0.0,0.0,0.0,0.0,116228.67,0.0,0.0,0.0,0.8448110624999999,196.38253239132374,0.0,0.0,0.0,0.0,116228.67,196.38253239132374,116032.28746760868,0.001689622125
2026-07,DE01,Software,C003,Atlas DE01,Growth,2.7558400000000005,30,59715.09,0.0,0.0,0.0,0.0,59715.09,0.0,0.0,0.0,0.9853240000000001,117.67742267832,0.0,0.0,0.0,0.0,59715.09,117.67742267832,59597.41257732168,0.001970648
2026-07,DE01,Software,C004,Nimbus DE01,Strategic,1.0,30,73525.86000000007,0.0,0.0,0.0,0.0,73525.86000000007,0.0,0.0,0.0,0.7,102.9362040000001,0.0,0.0,0.0,0.0,73525.86000000007,102.9362040000001,73422.92379600008,0.0014
2026-07,DE01,Software,C005,Summit DE01,Core,2.047655,30,109223.14,0.0,0.0,0.0,0.0,109223.14,0.0,0.0,0.0,0.8702439375,190.1015508394275,0.0,0.0,0.0,0.0,109223.14,190.1015508394275,109033.03844916057,0.001740487875
2026-07,DE01,Software,C006,Cobalt DE01,Core,2.081205,30,121662.98,0.0,0.0,0.0,0.0,121662.98,0.0,0.0,0.0,0.8756958125000001,213.0795242445425,0.0,0.0,0.0,0.0,121662.98,213.0795242445425,121449.90047575545,0.0017513916250000003
2026-07,DE01,Software,C007,Vertex DE01,Core,2.185245,30,89502.8,0.0,0.0,0.0,0.0,89502.8,0.0,0.0,0.0,0.8926023125,159.78081251045,0.0,0.0,0.0,0.0,89502.8,159.78081251045,89343.01918748955,0.001785204625
2026-07,ES01,Events,C023,Redwood ES01,Growth,2.795945,30,1196905.3900000004,0.0,0.0,0.0,0.0,1196905.3900000004,0.0,0.0,10.10233457132314,0.9918410625,2374.2798274591546,0.0,0.0,0.0,0.0,1196905.3900000004,2374.2798274591546,1194531.110172541,0.001983682125
2026-07,ES01,Events,C026,Axiom ES01,Core,2.21812,30,690886.8400000002,0.0,0.0,0.0,0.0,690886.8400000002,0.0,0.0,9.334616360618481,0.8979444999999999,1240.7560762007604,0.0,0.0,0.0,0.0,690886.8400000002,1240.7560762007604,689646.0839237995,0.001795889
2026-07,ES01,Events,C022,Vector ES01,Strategic,1.0,30,835171.06,0.0,0.0,0.0,0.0,835171.06,0.0,0.0,0.0,0.7,1169.2394840000002,0.0,0.0,0.0,0.0,835171.06,1169.2394840000002,834001.820516,0.0014000000000000002
2026-07,ES01,Events,C024,Pioneer ES01,Strategic,1.02279,30,374729.82,0.0,0.0,0.0,0.0,374729.82,0.0,0.0,0.0,0.703703375,527.3972780942851,0.0,0.0,0.0,0.0,374729.82,527.3972780942851,374202.42272190575,0.0014074067500000002
2026-07,ES01,Events,C025,Keystone ES01,Core,2.0810400000000002,30,554068.52,0.0,0.0,0.0,0.0,554068.52,0.0,0.0,0.0,0.875669,970.3612536797601,0.0,0.0,0.0,0.0,554068.52,970.3612536797601,553098.1587463203,0.001751338
2026-07,ES01,Hardware,C015,Nova ES01,Strategic,1.134235,45,1327894.3,0.0,0.0,0.0,0.0,1327894.3,0.0,0.0,15.574036502754774,0.7218131875,1916.9832346921628,0.0,0.0,0.0,0.0,1327894.3,1916.9832346921628,1325977.316765308,0.0014436263750000002
2026-07,ES01,Hardware,C016,Meridian ES01,Core,2.18475,45,736950.29,0.0,0.0,0.0,0.0,736950.29,0.0,0.0,16.120747981522605,0.892521875,1315.4885092251877,0.0,0.0,0.0,0.0,736950.29,1315.4885092251877,735634.8014907748,0.0017850437500000003
2026-07,ES01,Hardware,C017,Orion ES01,Strategic,1.2359149999999999,45,1872054.53,0.0,0.0,0.0,0.0,1872054.53,0.0,0.0,15.843713804640084,0.7383361875,2764.411208944609,0.0,0.0,0.0,0.0,1872054.53,2764.411208944609,1869290.1187910554,0.001476672375
2026-07,ES01,Hardware,C018,Atlas ES01,Strategic,1.285565,45,1591536.45,0.0,0.0,0.0,0.0,1591536.45,0.0,0.0,15.10813220771664,0.7464043125,2375.8593395618814,0.0,0.0,0.0,0.0,1591536.45,2375.8593395618814,1589160.5906604382,0.001492808625
2026-07,ES01,Hardware,C019,Nimbus ES01,Core,2.209905,45,1031003.19,0.0,0.0,0.0,0.0,1031003.19,0.0,0.0,15.51044638377889,0.8966095625,1848.8146382440086,0.0,0.0,0.0,0.0,1031003.19,1848.8146382440086,1029154.375361756,0.001793219125
2026-07,ES01,Hardware,C020,Summit ES01,Strategic,1.0,45,1269772.74,0.0,0.0,0.0,0.0,1269772.74,0.0,0.0,3.1068780859163816,0.7,1777.681836,0.0,0.0,0.0,0.0,1269772.74,1777.681836,1267995.058164,0.0014
2026-07,ES01,Hardware,C021,Cobalt ES01,Core,1.9086199999999998,45,837054.8400000001,0.0,0.0,0.0,0.0,837054.8400000001,0.0,0.0,14.304567069942513,0.8476507499999999,1419.06032583426,0.0,0.0,0.0,0.0,837054.8400000001,1419.06032583426,835635.7796741658,0.0016953015
2026-07,ES01,Spare Parts,C027,Cobalt ES01,Core,2.25286,45,387780.52999999875,0.0,0.0,0.0,0.0,387780.52999999875,0.0,0.0,2.1222205250995083,0.9035897500000001,700.7890243151328,0.0,0.0,0.0,0.0,387780.52999999875,700.7890243151328,387079.7409756836,0.0018071795
2026-07,ES01,Spare Parts,C028,Vertex ES01,Growth,3.0423750000000003,45,678742.8,0.0,0.0,0.0,0.0,678742.8,0.0,0.0,15.882723617841693,1.0318859375,1400.7703009987501,0.0,0.0,0.0,0.0,678742.8,1400.7703009987501,677342.0296990013,0.0020637718750000002
2026-07,ES01,Spare Parts,C029,Nova ES01,Core,2.341555,45,588924.86,0.0,0.0,0.0,0.0,588924.86,0.0,0.0,15.589981716852641,0.9180026875,1081.2692084311225,0.0,0.0,0.0,0.0,588924.86,1081.2692084311225,587843.5907915689,0.001836005375
2026-07,ES01,Spare Parts,C030,Meridian ES01,Growth,2.7239050000000002,45,411999.73,0.0,0.0,0.0,0.0,411999.73,0.0,0.0,15.738966382332338,0.9801345625,807.6303502273362,0.0,0.0,0.0,0.0,411999.73,807.6303502273362,411192.09964977263,0.001960269125
2026-07,ES01,Spare Parts,C031,Orion ES01,Growth,2.81174,45,437166.33999999997,0.0,0.0,0.0,0.0,437166.33999999997,0.0,0.0,15.66154887405101,0.9944077499999999,869.4431930702699,0.0,0.0,0.0,0.0,437166.33999999997,869.4431930702699,436296.8968069297,0.0019888155
2026-07,ES01,Spare Parts,C033,Nimbus ES01,Growth,2.8488800000000003,45,392746.54000000004,0.0,0.0,0.0,0.0,392746.54000000004,0.0,0.0,15.438184127605554,1.0004430000000002,785.8410534344403,0.0,0.0,0.0,0.0,392746.54000000004,785.8410534344403,391960.6989465656,0.0020008860000000003
2026-07,ES01,Spare Parts,C032,Atlas ES01,Core,2.0051500000000004,45,450890.32,0.0,0.0,0.0,0.0,450890.32,0.0,0.0,0.0,0.8633368750000001,778.5404796731002,0.0,0.0,0.0,0.0,450890.32,778.5404796731002,450111.77952032693,0.0017266737500000004
2026-07,JP01,Hardware,C060,Keystone JP01,Growth,2.7943000000000002,45,992859.7300000015,0.0,0.0,0.0,0.0,992859.7300000015,0.0,0.0,11.375836242245446,0.99157375,1968.987291400178,0.0,0.0,0.0,0.0,992859.7300000015,1968.987291400178,990890.7427086013,0.0019831475
2026-07,JP01,Hardware,C062,Northstar JP01,Growth,2.8876500000000003,45,1253327.4500000002,0.0,0.0,0.0,0.0,1253327.4500000002,0.0,0.0,16.42231940264294,1.006743125,2523.557587322563,0.0,0.0,0.0,0.0,1253327.4500000002,2523.557587322563,1250803.8924126776,0.00201348625
2026-07,JP01,Hardware,C063,Kestrel JP01,Growth,2.933765,45,869117.23,0.0,0.0,0.0,0.0,869117.23,0.0,0.0,16.59665474587358,1.0142368125,1762.9813780880588,0.0,0.0,0.0,0.0,869117.23,1762.9813780880588,867354.248621912,0.002028473625
2026-07,JP01,Hardware,C064,Helix JP01,Growth,3.0409900000000003,45,540898.86,0.0,0.0,0.0,0.0,540898.86,0.0,0.0,16.404928640448603,1.031660875,1116.048382388205,0.0,0.0,0.0,0.0,540898.86,1116.048382388205,539782.8116176118,0.00206332175
2026-07,JP01,Hardware,C065,Vector JP01,Growth,3.1325000000000003,45,399877.63,0.0,0.0,0.0,0.0,399877.63,0.0,0.0,18.83144200889657,1.0465312500000001,836.9688719418751,0.0,0.0,0.0,0.0,399877.63,836.9688719418751,399040.66112805816,0.0020930625000000003
2026-07,JP01,Hardware,C066,Redwood JP01,Growth,3.086145,45,997976.44,0.0,0.0,0.0,0.0,997976.44,0.0,0.0,15.892964467177201,1.0389985625,2073.7921731377346,0.0,0.0,0.0,0.0,997976.44,2073.7921731377346,995902.6478268622,0.0020779971249999998
2026-07,JP01,Hardware,C061,Axiom JP01,Core,1.97168,45,707454.88,0.0,0.0,0.0,0.0,707454.88,0.0,0.0,0.0,0.857898,1213.84825328448,0.0,0.0,0.0,0.0,707454.88,1213.84825328448,706241.0317467155,0.0017157960000000001
2026-07,JP01,Software,C053,Atlas JP01,Core,2.188565,30,64642.68,0.0,0.0,0.0,0.0,64642.68,0.0,0.0,0.0,0.8931418125,115.470160760115,0.0,0.0,0.0,0.0,64642.68,115.470160760115,64527.209839239884,0.001786283625
2026-07,JP01,Software,C054,Nimbus JP01,Core,2.16125,30,99043.4,0.0,0.0,0.0,0.0,99043.4,0.0,0.0,0.0,0.8887031249999999,176.04035818124996,0.0,0.0,0.0,0.0,99043.4,176.04035818124996,98867.35964181874,0.0017774062499999997
2026-07,JP01,Software,C055,Summit JP01,Strategic,1.29925,30,6162.150000000242,0.0,0.0,0.0,0.0,6162.150000000242,0.0,0.0,0.0,0.748628125,9.226317600937863,0.0,0.0,0.0,0.0,6162.150000000242,9.226317600937863,6152.923682399303,0.0014972562500000003
2026-07,JP01,Software,C056,Cobalt JP01,Core,2.1768300000000003,30,145123.03,0.0,0.0,0.0,0.0,145123.03,0.0,0.0,0.0,0.8912348750000001,258.6774110033425,0.0,0.0,0.0,0.0,145123.03,258.6774110033425,144864.35258899667,0.00178246975
2026-07,JP01,Software,C057,Vertex JP01,Core,2.26337,30,110824.8,0.0,0.0,0.0,0.0,110824.8,0.0,0.0,0.0,0.905297625,200.65885646220002,0.0,0.0,0.0,0.0,110824.8,200.65885646220002,110624.1411435378,0.0018105952500000002
2026-07,JP01,Software,C058,Nova JP01,Core,2.3047950000000004,30,118691.15000000001,0.0,0.0,0.0,0.0,118691.15000000001,0.0,0.0,0.0,0.9120291875000001,216.49958619588128,0.0,0.0,0.0,0.0,118691.15000000001,216.49958619588128,118474.65041380413,0.0018240583750000002
2026-07,JP01,Software,C059,Meridian JP01,Growth,3.295,30,56060.2,0.0,0.0,0.0,0.0,56060.2,0.0,0.0,0.0,1.0729375,120.29818167500001,0.0,0.0,0.0,0.0,56060.2,120.29818167500001,55939.901818324994,0.002145875
2026-07,JP01,Spare Parts,C067,Orion JP01,Core,2.41448,45,565975.4,0.0,0.0,0.0,0.0,565975.4,0.0,0.0,15.68410022767774,0.929853,1052.5478472324,0.0,0.0,0.0,0.0,565975.4,1052.5478472324,564922.8521527676,0.001859706
2026-07,JP01,Spare Parts,C068,Atlas JP01,Core,2.34401,45,882587.97,0.0,0.0,0.0,0.0,882587.97,0.0,0.0,15.809247094088537,0.918401625,1621.1404517069025,0.0,0.0,0.0,0.0,882587.97,1621.1404517069025,880966.829548293,0.00183680325
2026-07,JP01,Spare Parts,C069,Nimbus JP01,Growth,3.28588,45,597331.45,0.0,0.0,0.0,0.0,597331.45,0.0,0.0,15.861805200446085,1.0714555000000001,1280.0281348509502,0.0,0.0,0.0,0.0,597331.45,1280.0281348509502,596051.421865149,0.0021429110000000004
2026-07,JP01,Spare Parts,C071,Cobalt JP01,Growth,2.876375,45,653520.6799999999,0.0,0.0,0.0,0.0,653520.6799999999,0.0,0.0,15.57098223731803,1.0049109375,1313.460158428875,0.0,0.0,0.0,0.0,653520.6799999999,1313.460158428875,652207.2198415711,0.002009821875
2026-07,JP01,Spare Parts,C073,Nova JP01,Core,2.219815,45,867501.0200000001,0.0,0.0,0.0,0.0,867501.0200000001,0.0,0.0,15.36977662573815,0.8982199375,1558.4134239311727,0.0,0.0,0.0,0.0,867501.0200000001,1558.4134239311727,865942.6065760689,0.001796439875
2026-07,JP01,Spare Parts,C070,Summit JP01,Core,1.9708350000000001,45,497139.71,0.0,0.0,0.0,0.0,497139.71,0.0,0.0,0.0,0.8577606875,852.8537988663013,0.0,0.0,0.0,0.0,497139.71,852.8537988663013,496286.8562011337,0.001715521375
2026-07,JP01,Spare Parts,C072,Vertex JP01,Strategic,1.1821099999999998,45,587100.21,0.0,0.0,0.0,0.0,587100.21,0.0,0.0,0.0,0.7295928749999999,856.6882602540073,0.0,0.0,0.0,0.0,587100.21,856.6882602540073,586243.521739746,0.0014591857499999998
2026-07,US01,Events,C048,Northstar US01,Growth,3.1211550000000003,30,471606.91000000003,0.0,0.0,0.0,0.0,471606.91000000003,0.0,0.0,5.958232036930926,1.0446876875000002,985.3638644338415,0.0,0.0,0.0,0.0,471606.91000000003,985.3638644338415,470621.5461355662,0.0020893753750000003
2026-07,US01,Events,C049,Kestrel US01,Strategic,1.447995,30,1445575.6799999997,0.0,0.0,0.0,0.0,1445575.6799999997,0.0,0.0,2.1942266626953737,0.7727991875,2234.2794219475195,0.0,0.0,0.0,0.0,1445575.6799999997,2234.2794219475195,1443341.4005780523,0.001545598375
2026-07,US01,Events,C051,Vector US01,Growth,2.8275900000000003,30,705763.0900000001,0.0,0.0,0.0,0.0,705763.0900000001,0.0,0.0,8.713749963886606,0.9969833750000001,1407.268134837258,0.0,0.0,0.0,0.0,705763.0900000001,1407.268134837258,704355.8218651628,0.0019939667500000003
2026-07,US01,Events,C050,Helix US01,Growth,2.8449999999999998,30,419332.37,0.0,0.0,0.0,0.0,419332.37,0.0,0.0,0.0,0.9998125,838.50749036125,0.0,0.0,0.0,0.0,419332.37,838.50749036125,418493.86250963877,0.001999625
2026-07,US01,Events,C052,Redwood US01,Growth,2.88081,30,119771.8,0.0,0.0,0.0,0.0,119771.8,0.0,0.0,0.0,1.005631625,240.89261972634998,0.0,0.0,0.0,0.0,119771.8,240.89261972634998,119530.90738027365,0.0020112632499999995
2026-07,US01,Hardware,C041,Summit US01,Growth,2.82761,45,1390170.23,0.0,0.0,0.0,0.0,1390170.23,0.0,0.0,14.939814529045124,0.996986625,2771.9622515663473,0.0,0.0,0.0,0.0,1390170.23,2771.9622515663473,1387398.2677484336,0.00199397325
2026-07,US01,Hardware,C042,Cobalt US01,Growth,2.902705,45,836163.6,0.0,0.0,0.0,0.0,836163.6,0.0,0.0,15.933197402996255,1.0091895625,1687.69515532485,0.0,0.0,0.0,0.0,836163.6,1687.69515532485,834475.9048446751,0.002018379125
2026-07,US01,Hardware,C043,Vertex US01,Core,2.0013,45,860864.7599999947,0.0,0.0,0.0,0.0,860864.7599999947,0.0,0.0,8.412652412441512,0.86271125,1485.3554263610908,0.0,0.0,0.0,0.0,860864.7599999947,1485.3554263610908,859379.4045736336,0.0017254225
2026-07,US01,Hardware,C044,Nova US01,Core,2.11017,45,1523040.77,0.0,0.0,0.0,0.0,1523040.77,0.0,0.0,15.720528413694403,0.880402625,2681.7781837800426,0.0,0.0,0.0,0.0,1523040.77,2681.7781837800426,1520358.9918162199,0.0017608052500000001
2026-07,US01,Hardware,C046,Orion US01,Core,2.182275,45,2032993.1,0.0,0.0,0.0,0.0,2032993.1,0.0,0.0,15.783927451598336,0.8921196875,3627.3463381233128,0.0,0.0,0.0,0.0,2032993.1,3627.3463381233128,2029365.7536618768,0.001784239375
2026-07,US01,Hardware,C047,Atlas US01,Core,2.2454699999999996,45,2267941.8,0.0,0.0,0.0,0.0,2267941.8,0.0,0.0,16.2495196305302,0.902388875,4093.13089893495,0.0,0.0,0.0,0.0,2267941.8,4093.13089893495,2263848.669101065,0.00180477775
2026-07,US01,Hardware,C045,Meridian US01,Strategic,1.0499999999999998,45,931507.48,0.0,0.0,0.0,0.0,931507.48,0.0,0.0,0.0,0.7081249999999999,1319.24746855,0.0,0.0,0.0,0.0,931507.48,1319.24746855,930188.23253145,0.00141625
2026-07,US01,Software,C034,Kestrel US01,Growth,2.9399699999999998,30,106259.64,0.0,0.0,0.0,0.0,106259.64,0.0,0.0,0.0,1.0152451249999999,215.75916298850998,0.0,0.0,0.0,0.0,106259.64,215.75916298850998,106043.88083701149,0.0020304902499999997
2026-07,US01,Software,C035,Helix US01,Core,2.18574,30,126050.92,0.0,0.0,0.0,0.0,126050.92,0.0,0.0,0.0,0.89268275,225.04696381126,0.0,0.0,0.0,0.0,126050.92,225.04696381126,125825.87303618874,0.0017853655
2026-07,US01,Software,C036,Vector US01,Growth,3.016975,30,94771.89,0.0,0.0,0.0,0.0,94771.89,0.0,0.0,0.0,1.0277584375,194.80521917064374,0.0,0.0,0.0,0.0,94771.89,194.80521917064374,94577.08478082936,0.002055516875
2026-07,US01,Software,C037,Redwood US01,Core,2.305165,30,165569.53,0.0,0.0,0.0,0.0,165569.53,0.0,0.0,0.0,0.9120893125,302.0283975772963,0.0,0.0,0.0,0.0,165569.53,302.0283975772963,165267.5016024227,0.0018241786250000002
2026-07,US01,Software,C038,Pioneer US01,Strategic,1.2493699999999999,30,95993.82000000018,0.0,0.0,0.0,0.0,95993.82000000018,0.0,0.0,0.0,0.740522625,142.17119114035526,0.0,0.0,0.0,0.0,95993.82000000018,142.17119114035526,95851.64880885983,0.00148104525
2026-07,US01,Software,C039,Keystone US01,Strategic,1.335245,30,245624.31,0.0,0.0,0.0,0.0,245624.31,0.0,0.0,0.0,0.7544773124999999,370.6359385869337,0.0,0.0,0.0,0.0,245624.31,370.6359385869337,245253.67406141307,0.001508954625
2026-07,US01,Software,C040,Axiom US01,Growth,2.8075,30,80247.05,0.0,0.0,0.0,0.0,80247.05,0.0,0.0,0.0,0.99371875,159.485996434375,0.0,0.0,0.0,0.0,80247.05,159.485996434375,80087.56400356563,0.0019874375
2026-08,DE01,Hardware,C010,Keystone DE01,Growth,3.8942900000000003,45,816656.9199999999,385071.89,0.0,0.0,0.0,1201728.81,385071.89000000013,0.32043160386576747,28.9162962648786,1.1703221250000002,1911.5033240207101,4506.581525825663,0.0,0.0,0.0,1201728.81,6418.084849846374,1195310.7251501537,0.005340709814426746
2026-08,DE01,Hardware,C008,Redwood DE01,Core,2.225305,45,981942.1100000001,0.0,0.0,0.0,0.0,981942.1100000001,0.0,0.0,14.872424200241293,0.8991120625,1765.7519915554037,0.0,0.0,0.0,0.0,981942.1100000001,1765.7519915554037,980176.3580084447,0.0017982241249999997
2026-08,DE01,Hardware,C009,Pioneer DE01,Strategic,1.306745,45,1709622.2799999998,0.0,0.0,0.0,0.0,1709622.2799999998,0.0,0.0,14.90887759137065,0.7498460625,2563.9070700405446,0.0,0.0,0.0,0.0,1709622.2799999998,2563.9070700405446,1707058.3729299593,0.0014996921249999999
2026-08,DE01,Hardware,C011,Axiom DE01,Strategic,1.0,45,1612395.2599999981,0.0,0.0,0.0,0.0,1612395.2599999981,0.0,0.0,3.3223635251817525,0.7,2257.3533639999973,0.0,0.0,0.0,0.0,1612395.2599999981,2257.3533639999973,1610137.906635998,0.0014
2026-08,DE01,Hardware,C012,Northstar DE01,Growth,2.752895,45,981678.79,0.0,0.0,0.0,0.0,981678.79,0.0,0.0,14.916994590460693,0.9848454375,1933.6037548440413,0.0,0.0,0.0,0.0,981678.79,1933.6037548440413,979745.186245156,0.001969690875
2026-08,DE01,Hardware,C013,Kestrel DE01,Core,1.8694799999999998,45,1468082.79,0.0,0.0,0.0,0.0,1468082.79,0.0,0.0,15.764150603522843,0.8412904999999999,2470.1682088809903,0.0,0.0,0.0,0.0,1468082.79,2470.1682088809903,1465612.621791119,0.001682581
2026-08,DE01,Hardware,C014,Helix DE01,Core,2.0470550000000003,45,1136212.42,0.0,0.0,0.0,0.0,1136212.42,0.0,0.0,15.440491664401982,0.8701464375000001,1977.3423790125075,0.0,0.0,0.0,0.0,1136212.42,1977.3423790125075,1134235.0776209873,0.0017402928750000002
2026-08,DE01,Software,C001,Meridian DE01,Growth,3.922925,30,151716.7,0.0,0.0,0.0,0.0,151716.7,0.0,0.0,15.109368316078585,1.1749753125,356.5267539879375,0.0,0.0,0.0,0.0,151716.7,356.5267539879375,151360.17324601207,0.002349950625
2026-08,DE01,Software,C002,Orion DE01,Core,1.8911449999999999,30,117401.38,0.0,0.0,0.0,0.0,117401.38,0.0,0.0,0.0,0.8448110624999999,198.36396915353248,0.0,0.0,0.0,0.0,117401.38,198.36396915353248,117203.01603084647,0.0016896221249999997
2026-08,DE01,Software,C003,Atlas DE01,Growth,2.7558400000000005,30,59433.67,0.0,0.0,0.0,0.0,59433.67,0.0,0.0,0.0,0.9853240000000001,117.12284291816,0.0,0.0,0.0,0.0,59433.67,117.12284291816,59316.54715708184,0.001970648
2026-08,DE01,Software,C004,Nimbus DE01,Strategic,1.0,30,97553.9200000001,0.0,0.0,0.0,0.0,97553.9200000001,0.0,0.0,0.0,0.7,136.57548800000015,0.0,0.0,0.0,0.0,97553.9200000001,136.57548800000015,97417.3445120001,0.0014
2026-08,DE01,Software,C005,Summit DE01,Core,2.047655,30,113008.85,0.0,0.0,0.0,0.0,113008.85,0.0,0.0,0.0,0.8702439375,196.69053319269375,0.0,0.0,0.0,0.0,113008.85,196.69053319269375,112812.15946680731,0.001740487875
2026-08,DE01,Software,C006,Cobalt DE01,Core,2.081205,30,129748.98,0.0,0.0,0.0,0.0,129748.98,0.0,0.0,0.0,0.8756958125000001,227.2412769242925,0.0,0.0,0.0,0.0,129748.98,227.2412769242925,129521.7387230757,0.001751391625
2026-08,DE01,Software,C007,Vertex DE01,Core,2.185245,30,86975.5,0.0,0.0,0.0,0.0,86975.5,0.0,0.0,0.0,0.8926023125,155.2690648616875,0.0,0.0,0.0,0.0,86975.5,155.2690648616875,86820.23093513832,0.001785204625
2026-08,ES01,Events,C023,Redwood ES01,Growth,2.795945,30,1135730.1400000001,0.0,0.0,0.0,0.0,1135730.1400000001,0.0,0.0,20.96943821531407,0.9918410625,2252.9275775417477,0.0,0.0,0.0,0.0,1135730.1400000001,2252.9275775417477,1133477.2124224585,0.001983682125
2026-08,ES01,Events,C026,Axiom ES01,Core,2.21812,30,326780.69000000076,0.0,0.0,0.0,0.0,326780.69000000076,0.0,0.0,2.3351872474472715,0.8979444999999999,586.8618465834114,0.0,0.0,0.0,0.0,326780.69000000076,586.8618465834114,326193.82815341733,0.0017958890000000002
2026-08,ES01,Events,C022,Vector ES01,Strategic,1.0,30,1014000.3,0.0,0.0,0.0,0.0,1014000.3,0.0,0.0,0.0,0.7,1419.60042,0.0,0.0,0.0,0.0,1014000.3,1419.60042,1012580.69958,0.0014
2026-08,ES01,Events,C024,Pioneer ES01,Strategic,1.02279,30,1045892.12,0.0,0.0,0.0,0.0,1045892.12,0.0,0.0,0.0,0.703703375,1471.99562945981,0.0,0.0,0.0,0.0,1045892.12,1471.99562945981,1044420.1243705401,0.00140740675
2026-08,ES01,Events,C025,Keystone ES01,Core,2.0810400000000002,30,582867.16,0.0,0.0,0.0,0.0,582867.16,0.0,0.0,0.0,0.875669,1020.79740626008,0.0,0.0,0.0,0.0,582867.16,1020.79740626008,581846.36259374,0.001751338
2026-08,ES01,Hardware,C015,Nova ES01,Strategic,1.134235,45,1238300.0699999998,0.0,0.0,0.0,0.0,1238300.0699999998,0.0,0.0,15.4697194679154,0.7218131875,1787.642641216346,0.0,0.0,0.0,0.0,1238300.0699999998,1787.642641216346,1236512.4273587835,0.001443626375
2026-08,ES01,Hardware,C016,Meridian ES01,Core,2.18475,45,688058.1200000001,0.0,0.0,0.0,0.0,688058.1200000001,0.0,0.0,14.865486653947197,0.892521875,1228.2138467427503,0.0,0.0,0.0,0.0,688058.1200000001,1228.2138467427503,686829.9061532574,0.00178504375
2026-08,ES01,Hardware,C017,Orion ES01,Strategic,1.2359149999999999,45,1751546.75,0.0,0.0,0.0,0.0,1751546.75,0.0,0.0,15.130249706438038,0.7383361875,2586.4606992460313,0.0,0.0,0.0,0.0,1751546.75,2586.4606992460313,1748960.289300754,0.001476672375
2026-08,ES01,Hardware,C018,Atlas ES01,Strategic,1.285565,45,1572951.0899999999,0.0,0.0,0.0,0.0,1572951.0899999999,0.0,0.0,15.067824136858572,0.7464043125,2348.114953855151,0.0,0.0,0.0,0.0,1572951.0899999999,2348.114953855151,1570602.9750461448,0.0014928086249999999
2026-08,ES01,Hardware,C019,Nimbus ES01,Core,2.209905,45,971282.4299999999,0.0,0.0,0.0,0.0,971282.4299999999,0.0,0.0,15.380465597426694,0.8966095625,1741.7222292524737,0.0,0.0,0.0,0.0,971282.4299999999,1741.7222292524737,969540.7077707475,0.0017932191250000001
2026-08,ES01,Hardware,C020,Summit ES01,Strategic,1.0,45,1318955.8299999998,0.0,0.0,0.0,0.0,1318955.8299999998,0.0,0.0,4.732524060339455,0.7,1846.5381619999996,0.0,0.0,0.0,0.0,1318955.8299999998,1846.5381619999996,1317109.2918379998,0.0013999999999999998
2026-08,ES01,Hardware,C021,Cobalt ES01,Core,1.9086199999999998,45,811973.3400000001,0.0,0.0,0.0,0.0,811973.3400000001,0.0,0.0,16.180257962656754,0.8476507499999999,1376.53962126201,0.0,0.0,0.0,0.0,811973.3400000001,1376.53962126201,810596.8003787381,0.0016953015
2026-08,ES01,Spare Parts,C027,Cobalt ES01,Core,2.25286,45,381146.2699999986,0.0,0.0,0.0,0.0,381146.2699999986,0.0,0.0,3.8007455772818224,0.9035897500000001,688.7997256454627,0.0,0.0,0.0,0.0,381146.2699999986,688.7997256454627,380457.47027435317,0.0018071795000000005
2026-08,ES01,Spare Parts,C028,Vertex ES01,Growth,3.0423750000000003,45,624229.6699999999,0.0,0.0,0.0,0.0,624229.6699999999,0.0,0.0,15.350118971435625,1.0318859375,1288.267636486531,0.0,0.0,0.0,0.0,624229.6699999999,1288.267636486531,622941.4023635134,0.002063771875
2026-08,ES01,Spare Parts,C029,Nova ES01,Core,2.341555,45,541780.34,0.0,0.0,0.0,0.0,541780.34,0.0,0.0,15.66394601915603,0.9180026875,994.7116163093276,0.0,0.0,0.0,0.0,541780.34,994.7116163093276,540785.6283836906,0.0018360053750000004
2026-08,ES01,Spare Parts,C030,Meridian ES01,Growth,2.7239050000000002,45,375450.95999999996,0.0,0.0,0.0,0.0,375450.95999999996,0.0,0.0,15.649292786466708,0.9801345625,735.9849248396099,0.0,0.0,0.0,0.0,375450.95999999996,735.9849248396099,374714.9750751603,0.001960269125
2026-08,ES01,Spare Parts,C031,Orion ES01,Growth,2.81174,45,401392.77,0.0,0.0,0.0,0.0,401392.77,0.0,0.0,15.616345555999924,0.9944077499999999,798.296162563935,0.0,0.0,0.0,0.0,401392.77,798.296162563935,400594.47383743606,0.0019888155
2026-08,ES01,Spare Parts,C033,Nimbus ES01,Growth,2.8488800000000003,45,363478.80000000005,0.0,0.0,0.0,0.0,363478.80000000005,0.0,0.0,15.734350394025732,1.0004430000000002,727.2796422168002,0.0,0.0,0.0,0.0,363478.80000000005,727.2796422168002,362751.52035778324,0.0020008860000000003
2026-08,ES01,Spare Parts,C032,Atlas ES01,Core,2.0051500000000004,45,427520.43,0.0,0.0,0.0,0.0,427520.43,0.0,0.0,0.0,0.8633368750000001,738.1883040697126,0.0,0.0,0.0,0.0,427520.43,738.1883040697126,426782.2416959303,0.0017266737500000002
2026-08,JP01,Hardware,C060,Keystone JP01,Growth,2.7943000000000002,45,1028236.6400000015,0.0,0.0,0.0,0.0,1028236.6400000015,0.0,0.0,15.48660471776227,0.99157375,2039.1449220244028,0.0,0.0,0.0,0.0,1028236.6400000015,2039.1449220244028,1026197.4950779771,0.0019831475
2026-08,JP01,Hardware,C062,Northstar JP01,Growth,2.8876500000000003,45,1107772.77,0.0,0.0,0.0,0.0,1107772.77,0.0,0.0,15.361706173730918,1.006743125,2230.485240519413,0.0,0.0,0.0,0.0,1107772.77,2230.485240519413,1105542.2847594805,0.0020134862500000004
2026-08,JP01,Hardware,C063,Kestrel JP01,Growth,2.933765,45,689796.4099999999,0.0,0.0,0.0,0.0,689796.4099999999,0.0,0.0,16.887705025893077,1.0142368125,1399.2338243046863,0.0,0.0,0.0,0.0,689796.4099999999,1399.2338243046863,688397.1761756953,0.0020284736250000004
2026-08,JP01,Hardware,C064,Helix JP01,Growth,3.0409900000000003,45,421464.43,0.0,0.0,0.0,0.0,421464.43,0.0,0.0,17.44763751474828,1.031660875,869.6167252703525,0.0,0.0,0.0,0.0,421464.43,869.6167252703525,420594.81327472965,0.00206332175
2026-08,JP01,Hardware,C065,Vector JP01,Growth,3.1325000000000003,45,277593.19,0.0,0.0,0.0,0.0,277593.19,0.0,0.0,16.0884944619859,1.0465312500000001,581.0198962443751,0.0,0.0,0.0,0.0,277593.19,581.0198962443751,277012.1701037556,0.0020930625000000003
2026-08,JP01,Hardware,C066,Redwood JP01,Growth,3.086145,45,943788.57,0.0,0.0,0.0,0.0,943788.57,0.0,0.0,14.916994703591293,1.0389985625,1961.1899350678611,0.0,0.0,0.0,0.0,943788.57,1961.1899350678611,941827.380064932,0.002077997125
2026-08,JP01,Hardware,C061,Axiom JP01,Core,1.97168,45,700494.15,0.0,0.0,0.0,0.0,700494.15,0.0,0.0,0.0,0.857898,1201.9050605934,0.0,0.0,0.0,0.0,700494.15,1201.9050605934,699292.2449394066,0.0017157960000000001
2026-08,JP01,Software,C053,Atlas JP01,Core,2.188565,30,65024.759999999995,0.0,0.0,0.0,0.0,65024.759999999995,0.0,0.0,0.0,0.8931418125,116.152664007555,0.0,0.0,0.0,0.0,65024.759999999995,116.152664007555,64908.60733599244,0.0017862836250000002
2026-08,JP01,Software,C054,Nimbus JP01,Core,2.16125,30,106658.68,0.0,0.0,0.0,0.0,106658.68,0.0,0.0,0.0,0.8887031249999999,189.57580444874998,0.0,0.0,0.0,0.0,106658.68,189.57580444874998,106469.10419555125,0.00177740625
2026-08,JP01,Software,C055,Summit JP01,Strategic,1.29925,30,37409.64000000021,0.0,0.0,0.0,0.0,37409.64000000021,0.0,0.0,0.0,0.748628125,56.011817300250314,0.0,0.0,0.0,0.0,37409.64000000021,56.011817300250314,37353.62818269996,0.00149725625
2026-08,JP01,Software,C056,Cobalt JP01,Core,2.1768300000000003,30,155508.27,0.0,0.0,0.0,0.0,155508.27,0.0,0.0,0.0,0.8912348750000001,277.1887871498325,0.0,0.0,0.0,0.0,155508.27,277.1887871498325,155231.08121285017,0.0017824697499999999
2026-08,JP01,Software,C057,Vertex JP01,Core,2.26337,30,119561.44,0.0,0.0,0.0,0.0,119561.44,0.0,0.0,0.0,0.905297625,216.47737534716,0.0,0.0,0.0,0.0,119561.44,216.47737534716,119344.96262465284,0.00181059525
2026-08,JP01,Software,C058,Nova JP01,Core,2.3047950000000004,30,118881.64,0.0,0.0,0.0,0.0,118881.64,0.0,0.0,0.0,0.9120291875000001,216.847051075735,0.0,0.0,0.0,0.0,118881.64,216.847051075735,118664.79294892427,0.0018240583750000002
2026-08,JP01,Software,C059,Meridian JP01,Growth,3.295,30,57811.020000000004,0.0,0.0,0.0,0.0,57811.020000000004,0.0,0.0,0.0,1.0729375,124.05522254250002,0.0,0.0,0.0,0.0,57811.020000000004,124.05522254250002,57686.964777457506,0.002145875
2026-08,JP01,Spare Parts,C067,Orion JP01,Core,2.41448,45,528156.6,0.0,0.0,0.0,0.0,528156.6,0.0,0.0,15.340993750717118,0.929853,982.2159979596001,0.0,0.0,0.0,0.0,528156.6,982.2159979596001,527174.3840020404,0.0018597060000000002
2026-08,JP01,Spare Parts,C068,Atlas JP01,Core,2.34401,45,810405.3300000001,0.0,0.0,0.0,0.0,810405.3300000001,0.0,0.0,15.454720417497747,0.918401625,1488.5551439613225,0.0,0.0,0.0,0.0,810405.3300000001,1488.5551439613225,808916.7748560387,0.0018368032499999998
2026-08,JP01,Spare Parts,C069,Nimbus JP01,Growth,3.28588,45,556864.28,0.0,0.0,0.0,0.0,556864.28,0.0,0.0,15.165613423795108,1.0714555000000001,1193.31059111908,0.0,0.0,0.0,0.0,556864.28,1193.31059111908,555670.9694088809,0.002142911
2026-08,JP01,Spare Parts,C070,Summit JP01,Core,1.9708350000000001,45,471666.1199999998,0.0,0.0,0.0,0.0,471666.1199999998,0.0,0.0,1.5545683035279168,0.8577606875,809.1533107233147,0.0,0.0,0.0,0.0,471666.1199999998,809.1533107233147,470856.9666892765,0.001715521375
2026-08,JP01,Spare Parts,C071,Cobalt JP01,Growth,2.876375,45,611228.3,0.0,0.0,0.0,0.0,611228.3,0.0,0.0,15.427396768114303,1.0049109375,1228.4600079590628,0.0,0.0,0.0,0.0,611228.3,1228.4600079590628,609999.839992041,0.002009821875
2026-08,JP01,Spare Parts,C073,Nova JP01,Core,2.219815,45,819430.8999999999,0.0,0.0,0.0,0.0,819430.8999999999,0.0,0.0,15.488473402699363,0.8982199375,1472.0583435671374,0.0,0.0,0.0,0.0,819430.8999999999,1472.0583435671374,817958.8416564327,0.0017964398750000001
2026-08,JP01,Spare Parts,C072,Vertex JP01,Strategic,1.1821099999999998,45,529486.46,0.0,0.0,0.0,0.0,529486.46,0.0,0.0,0.0,0.7295928749999999,772.6190972499448,0.0,0.0,0.0,0.0,529486.46,772.6190972499448,528713.84090275,0.0014591857499999998
2026-08,US01,Events,C048,Northstar US01,Growth,3.1211550000000003,30,472719.74,0.0,0.0,0.0,0.0,472719.74,0.0,0.0,23.985171213708995,1.0446876875000002,987.6889840324027,0.0,0.0,0.0,0.0,472719.74,987.6889840324027,471732.05101596756,0.0020893753750000003
2026-08,US01,Events,C050,Helix US01,Growth,2.8449999999999998,30,796414.5999999996,0.0,0.0,0.0,0.0,796414.5999999996,0.0,0.0,10.651944351597765,0.9998125,1592.5305445249992,0.0,0.0,0.0,0.0,796414.5999999996,1592.5305445249992,794822.0694554746,0.001999625
2026-08,US01,Events,C052,Redwood US01,Growth,2.88081,30,1372338.6600000001,0.0,0.0,0.0,0.0,1372338.6600000001,0.0,0.0,1.9375202182236855,1.005631625,2760.134313412245,0.0,0.0,0.0,0.0,1372338.6600000001,2760.134313412245,1369578.525686588,0.0020112632499999995
2026-08,US01,Events,C049,Kestrel US01,Strategic,1.447995,30,729793.39,0.0,0.0,0.0,0.0,729793.39,0.0,0.0,0.0,0.7727991875,1127.9674776697414,0.0,0.0,0.0,0.0,729793.39,1127.9674776697414,728665.4225223303,0.001545598375
2026-08,US01,Events,C051,Vector US01,Growth,2.8275900000000003,30,429472.44999999995,0.0,0.0,0.0,0.0,429472.44999999995,0.0,0.0,0.0,0.9969833750000001,856.3537853410376,0.0,0.0,0.0,0.0,429472.44999999995,856.3537853410376,428616.09621465893,0.0019939667500000003
2026-08,US01,Hardware,C041,Summit US01,Growth,2.82761,45,1342593.34,0.0,0.0,0.0,0.0,1342593.34,0.0,0.0,15.593866643193685,0.996986625,2677.0952055881553,0.0,0.0,0.0,0.0,1342593.34,2677.0952055881553,1339916.2447944118,0.00199397325
2026-08,US01,Hardware,C042,Cobalt US01,Growth,2.902705,45,789673.34,0.0,0.0,0.0,0.0,789673.34,0.0,0.0,14.894954285781003,1.0091895625,1593.8601850250275,0.0,0.0,0.0,0.0,789673.34,1593.8601850250275,788079.4798149749,0.002018379125
2026-08,US01,Hardware,C043,Vertex US01,Core,2.0013,45,1144504.219999995,0.0,0.0,0.0,0.0,1144504.219999995,0.0,0.0,12.929487581967953,0.86271125,1974.7533325329416,0.0,0.0,0.0,0.0,1144504.219999995,1974.7533325329416,1142529.4666674621,0.0017254225
2026-08,US01,Hardware,C044,Nova US01,Core,2.11017,45,1452919.3599999999,0.0,0.0,0.0,0.0,1452919.3599999999,0.0,0.0,14.968633496631224,0.880402625,2558.3080369146396,0.0,0.0,0.0,0.0,1452919.3599999999,2558.3080369146396,1450361.0519630853,0.00176080525
2026-08,US01,Hardware,C046,Orion US01,Core,2.182275,45,1913350.68,0.0,0.0,0.0,0.0,1913350.68,0.0,0.0,15.105008037522948,0.8921196875,3413.875621439025,0.0,0.0,0.0,0.0,1913350.68,3413.875621439025,1909936.804378561,0.001784239375
2026-08,US01,Hardware,C047,Atlas US01,Core,2.2454699999999996,45,1991757.97,0.0,0.0,0.0,0.0,1991757.97,0.0,0.0,15.657168024285602,0.902388875,3594.6804676411675,0.0,0.0,0.0,0.0,1991757.97,3594.6804676411675,1988163.2895323588,0.00180477775
2026-08,US01,Hardware,C045,Meridian US01,Strategic,1.0499999999999998,45,849467.61,0.0,0.0,0.0,0.0,849467.61,0.0,0.0,0.0,0.7081249999999999,1203.0585026625,0.0,0.0,0.0,0.0,849467.61,1203.0585026625,848264.5514973375,0.00141625
2026-08,US01,Software,C034,Kestrel US01,Growth,2.9399699999999998,30,109895.65,0.0,0.0,0.0,0.0,109895.65,0.0,0.0,0.0,1.0152451249999999,223.14204584241247,0.0,0.0,0.0,0.0,109895.65,223.14204584241247,109672.50795415758,0.0020304902499999997
2026-08,US01,Software,C035,Helix US01,Core,2.18574,30,126927.77,0.0,0.0,0.0,0.0,126927.77,0.0,0.0,0.0,0.89268275,226.612461549935,0.0,0.0,0.0,0.0,126927.77,226.612461549935,126701.15753845008,0.0017853655
2026-08,US01,Software,C036,Vector US01,Growth,3.016975,30,105924.59,0.0,0.0,0.0,0.0,105924.59,0.0,0.0,0.0,1.0277584375,217.72978222245624,0.0,0.0,0.0,0.0,105924.59,217.72978222245624,105706.86021777755,0.002055516875
2026-08,US01,Software,C037,Redwood US01,Core,2.305165,30,159430.37,0.0,0.0,0.0,0.0,159430.37,0.0,0.0,0.0,0.9120893125,290.8294731298413,0.0,0.0,0.0,0.0,159430.37,290.8294731298413,159139.54052687014,0.0018241786250000004
2026-08,US01,Software,C038,Pioneer US01,Strategic,1.2493699999999999,30,106963.38000000018,0.0,0.0,0.0,0.0,106963.38000000018,0.0,0.0,0.0,0.740522625,158.41760587294527,0.0,0.0,0.0,0.0,106963.38000000018,158.41760587294527,106804.96239412723,0.0014810452500000001
2026-08,US01,Software,C039,Keystone US01,Strategic,1.335245,30,244651.88,0.0,0.0,0.0,0.0,244651.88,0.0,0.0,0.0,0.7544773124999999,369.16858584094496,0.0,0.0,0.0,0.0,244651.88,369.16858584094496,244282.71141415907,0.0015089546249999997
2026-08,US01,Software,C040,Axiom US01,Growth,2.8075,30,83722.75,0.0,0.0,0.0,0.0,83722.75,0.0,0.0,0.0,0.99371875,166.393732953125,0.0,0.0,0.0,0.0,83722.75,166.393732953125,83556.35626704688,0.0019874375
2026-09,DE01,Hardware,C010,Keystone DE01,Growth,3.8942900000000003,45,899797.5,388174.43,0.0,0.0,0.0,1287971.93,388174.42999999993,0.30138423125417024,28.06345360337162,1.1703221250000002,2106.1058445393755,4542.891237882638,0.0,0.0,0.0,1287971.93,6648.997082422014,1281322.932917578,0.005162377321702977
2026-09,DE01,Hardware,C008,Redwood DE01,Core,2.225305,45,1251187.35,0.0,0.0,0.0,0.0,1251187.35,0.0,0.0,11.872245751205845,0.8991120625,2249.915277664819,0.0,0.0,0.0,0.0,1251187.35,2249.915277664819,1248937.4347223353,0.001798224125
2026-09,DE01,Hardware,C009,Pioneer DE01,Strategic,1.306745,45,1844738.6099999999,0.0,0.0,0.0,0.0,1844738.6099999999,0.0,0.0,13.985785823607822,0.7498460625,2766.539966100446,0.0,0.0,0.0,0.0,1844738.6099999999,2766.539966100446,1841972.0700338995,0.0014996921249999999
2026-09,DE01,Hardware,C011,Axiom DE01,Strategic,1.0,45,2793089.8499999987,0.0,0.0,0.0,0.0,2793089.8499999987,0.0,0.0,12.294139732024725,0.7,3910.325789999998,0.0,0.0,0.0,0.0,2793089.8499999987,3910.325789999998,2789179.5242099985,0.0014
2026-09,DE01,Hardware,C012,Northstar DE01,Growth,2.752895,45,998492.5900000001,0.0,0.0,0.0,0.0,998492.5900000001,0.0,0.0,14.829019912906913,0.9848454375,1966.7217432781163,0.0,0.0,0.0,0.0,998492.5900000001,1966.7217432781163,996525.868256722,0.001969690875
2026-09,DE01,Hardware,C013,Kestrel DE01,Core,1.8694799999999998,45,1676931.4300000002,0.0,0.0,0.0,0.0,1676931.4300000002,0.0,0.0,12.462886153907913,0.8412904999999999,2821.5729624208298,0.0,0.0,0.0,0.0,1676931.4300000002,2821.5729624208298,1674109.8570375794,0.0016825809999999996
2026-09,DE01,Hardware,C014,Helix DE01,Core,2.0470550000000003,45,1275308.02,0.0,0.0,0.0,0.0,1275308.02,0.0,0.0,12.971528399860608,0.8701464375000001,2219.409460636358,0.0,0.0,0.0,0.0,1275308.02,2219.409460636358,1273088.6105393637,0.0017402928750000002
2026-09,DE01,Software,C001,Meridian DE01,Growth,3.922925,30,158106.51,0.0,0.0,0.0,0.0,158106.51,0.0,0.0,14.288832888664736,1.1749753125,371.5424919910688,0.0,0.0,0.0,0.0,158106.51,371.5424919910688,157734.96750800894,0.002349950625
2026-09,DE01,Software,C002,Orion DE01,Core,1.8911449999999999,30,124594.56,0.0,0.0,0.0,0.0,124594.56,0.0,0.0,0.0,0.8448110624999999,210.51772523064,0.0,0.0,0.0,0.0,124594.56,210.51772523064,124384.04227476935,0.001689622125
2026-09,DE01,Software,C003,Atlas DE01,Growth,2.7558400000000005,30,66090.98,0.0,0.0,0.0,0.0,66090.98,0.0,0.0,0.0,0.9853240000000001,130.24205755504002,0.0,0.0,0.0,0.0,66090.98,130.24205755504002,65960.73794244496,0.0019706480000000006
2026-09,DE01,Software,C004,Nimbus DE01,Strategic,1.0,30,112939.56000000017,0.0,0.0,0.0,0.0,112939.56000000017,0.0,0.0,0.0,0.7,158.11538400000023,0.0,0.0,0.0,0.0,112939.56000000017,158.11538400000023,112781.44461600017,0.0014
2026-09,DE01,Software,C005,Summit DE01,Core,2.047655,30,103278.84,0.0,0.0,0.0,0.0,103278.84,0.0,0.0,0.0,0.8702439375,179.755568764065,0.0,0.0,0.0,0.0,103278.84,179.755568764065,103099.08443123593,0.0017404878750000002
2026-09,DE01,Software,C006,Cobalt DE01,Core,2.081205,30,133838.6,0.0,0.0,0.0,0.0,133838.6,0.0,0.0,0.0,0.8756958125000001,234.40380314172504,0.0,0.0,0.0,0.0,133838.6,234.40380314172504,133604.19619685828,0.0017513916250000003
2026-09,DE01,Software,C007,Vertex DE01,Core,2.185245,30,95968.5,0.0,0.0,0.0,0.0,95968.5,0.0,0.0,0.0,0.8926023125,171.32341005431252,0.0,0.0,0.0,0.0,95968.5,171.32341005431252,95797.17658994568,0.0017852046250000002
2026-09,ES01,Events,C023,Redwood ES01,Growth,2.795945,30,1151281.8900000001,0.0,0.0,0.0,0.0,1151281.8900000001,0.0,0.0,8.908575118818208,0.9918410625,2283.7773060292166,0.0,0.0,0.0,0.0,1151281.8900000001,2283.7773060292166,1148998.112693971,0.001983682125
2026-09,ES01,Events,C026,Axiom ES01,Core,2.21812,30,193115.90000000072,0.0,0.0,0.0,0.0,193115.90000000072,0.0,0.0,14.94455195040911,0.8979444999999999,346.8147205351013,0.0,0.0,0.0,0.0,193115.90000000072,346.8147205351013,192769.08527946562,0.001795889
2026-09,ES01,Events,C022,Vector ES01,Strategic,1.0,30,1594965.8599999999,0.0,0.0,0.0,0.0,1594965.8599999999,0.0,0.0,0.0,0.7,2232.9522039999997,0.0,0.0,0.0,0.0,1594965.8599999999,2232.9522039999997,1592732.907796,0.0014
2026-09,ES01,Events,C024,Pioneer ES01,Strategic,1.02279,30,717482.51,0.0,0.0,0.0,0.0,717482.51,0.0,0.0,0.0,0.703703375,1009.7897275809426,0.0,0.0,0.0,0.0,717482.51,1009.7897275809426,716472.720272419,0.00140740675
2026-09,ES01,Events,C025,Keystone ES01,Core,2.0810400000000002,30,823600.25,0.0,0.0,0.0,0.0,823600.25,0.0,0.0,0.0,0.875669,1442.4024146345002,0.0,0.0,0.0,0.0,823600.25,1442.4024146345002,822157.8475853655,0.0017513380000000003
2026-09,ES01,Hardware,C019,Nimbus ES01,Core,2.209905,45,1029171.04,57971.8400000002,0.0,0.0,0.0,1087142.8800000004,57971.84000000032,0.053324950258608415,16.260978777692962,0.8966095625,1845.5291918241398,519.7810609972018,0.0,0.0,0.0,1087142.8800000004,2365.3102528213417,1084777.569747179,0.00217571240757364
2026-09,ES01,Hardware,C015,Nova ES01,Strategic,1.134235,45,1370346.99,0.0,0.0,0.0,0.0,1370346.99,0.0,0.0,13.130139688196781,0.7218131875,1978.2690576658613,0.0,0.0,0.0,0.0,1370346.99,1978.2690576658613,1368368.720942334,0.001443626375
2026-09,ES01,Hardware,C016,Meridian ES01,Core,2.18475,45,760061.78,0.0,0.0,0.0,0.0,760061.78,0.0,0.0,13.700761009190595,0.892521875,1356.743530002875,0.0,0.0,0.0,0.0,760061.78,1356.743530002875,758705.0364699971,0.00178504375
2026-09,ES01,Hardware,C017,Orion ES01,Strategic,1.2359149999999999,45,1943469.73,0.0,0.0,0.0,0.0,1943469.73,0.0,0.0,13.401321563161162,0.7383361875,2869.8680619397087,0.0,0.0,0.0,0.0,1943469.73,2869.8680619397087,1940599.8619380603,0.001476672375
2026-09,ES01,Hardware,C018,Atlas ES01,Strategic,1.285565,45,1695790.4,0.0,0.0,0.0,0.0,1695790.4,0.0,0.0,13.850522033855128,0.7464043125,2531.4905353121994,0.0,0.0,0.0,0.0,1695790.4,2531.4905353121994,1693258.9094646878,0.0014928086249999997
2026-09,ES01,Hardware,C020,Summit ES01,Strategic,1.0,45,2429614.73,0.0,0.0,0.0,0.0,2429614.73,0.0,0.0,13.716859833163754,0.7,3401.460622,0.0,0.0,0.0,0.0,2429614.73,3401.460622,2426213.269378,0.0014
2026-09,ES01,Hardware,C021,Cobalt ES01,Core,1.9086199999999998,45,864792.66,0.0,0.0,0.0,0.0,864792.66,0.0,0.0,12.975667601064051,0.8476507499999999,1466.08429368699,0.0,0.0,0.0,0.0,864792.66,1466.08429368699,863326.575706313,0.0016953014999999997
2026-09,ES01,Spare Parts,C027,Cobalt ES01,Core,2.25286,45,739335.6100000001,0.0,0.0,0.0,0.0,739335.6100000001,0.0,0.0,13.506380546177128,0.9035897500000001,1336.1121580119952,0.0,0.0,0.0,0.0,739335.6100000001,1336.1121580119952,737999.4978419881,0.0018071795
2026-09,ES01,Spare Parts,C028,Vertex ES01,Growth,3.0423750000000003,45,693926.29,0.0,0.0,0.0,0.0,693926.29,0.0,0.0,13.17847519511042,1.0318859375,1432.105560625094,0.0,0.0,0.0,0.0,693926.29,1432.105560625094,692494.184439375,0.0020637718750000002
2026-09,ES01,Spare Parts,C029,Nova ES01,Core,2.341555,45,593815.6,0.0,0.0,0.0,0.0,593815.6,0.0,0.0,13.079804909133408,0.9180026875,1090.2486333588502,0.0,0.0,0.0,0.0,593815.6,1090.2486333588502,592725.3513666411,0.0018360053750000004
2026-09,ES01,Spare Parts,C030,Meridian ES01,Growth,2.7239050000000002,45,409318.99,0.0,0.0,0.0,0.0,409318.99,0.0,0.0,13.16329545326006,0.9801345625,802.3753783731837,0.0,0.0,0.0,0.0,409318.99,802.3753783731837,408516.6146216268,0.001960269125
2026-09,ES01,Spare Parts,C031,Orion ES01,Growth,2.81174,45,429893.29,0.0,0.0,0.0,0.0,429893.29,0.0,0.0,13.430065168032746,0.9944077499999999,854.978438497995,0.0,0.0,0.0,0.0,429893.29,854.978438497995,429038.311561502,0.0019888155
2026-09,ES01,Spare Parts,C032,Atlas ES01,Core,2.0051500000000004,45,658436.5899999987,0.0,0.0,0.0,0.0,658436.5899999987,0.0,0.0,5.642459511552918,0.8633368750000001,1136.9051759925103,0.0,0.0,0.0,0.0,658436.5899999987,1136.9051759925103,657299.6848240062,0.00172667375
2026-09,ES01,Spare Parts,C033,Nimbus ES01,Growth,2.8488800000000003,45,388571.6,0.0,0.0,0.0,0.0,388571.6,0.0,0.0,13.34441631863986,1.0004430000000002,777.4874744376001,0.0,0.0,0.0,0.0,388571.6,777.4874744376001,387794.11252556235,0.0020008860000000003
2026-09,JP01,Hardware,C065,Vector JP01,Growth,3.1325000000000003,45,511682.77,148868.55,0.0,0.0,0.0,660551.3200000001,148868.55000000005,0.22537014989236573,19.368445437365864,1.0465312500000001,1070.9840177831252,1557.955897171875,0.0,0.0,0.0,660551.3200000001,2628.939914955,657922.3800850451,0.003979917737436358
2026-09,JP01,Hardware,C066,Redwood JP01,Growth,3.086145,45,1054612.35,435428.4200000017,0.0,0.0,0.0,1490040.7700000019,435428.4200000018,0.292225842921064,27.087093194101023,1.0389985625,2191.481431289494,4524.0950245164795,0.0,0.0,0.0,1490040.7700000019,6715.576455805974,1483325.193544196,0.004506974970762689
2026-09,JP01,Hardware,C060,Keystone JP01,Growth,2.7943000000000002,45,1229928.75,0.0,0.0,0.0,0.0,1229928.75,0.0,0.0,12.133389678060619,0.99157375,2439.1301257406253,0.0,0.0,0.0,0.0,1229928.75,2439.1301257406253,1227489.6198742595,0.0019831475000000004
2026-09,JP01,Hardware,C061,Axiom JP01,Core,1.97168,45,1508143.82,0.0,0.0,0.0,0.0,1508143.82,0.0,0.0,13.934231086793831,0.857898,2587.66713378072,0.0,0.0,0.0,0.0,1508143.82,2587.66713378072,1505556.1528662194,0.0017157960000000001
2026-09,JP01,Hardware,C062,Northstar JP01,Growth,2.8876500000000003,45,1255965.85,0.0,0.0,0.0,0.0,1255965.85,0.0,0.0,12.91110208131853,1.006743125,2528.8699694445627,0.0,0.0,0.0,0.0,1255965.85,2528.8699694445627,1253436.9800305555,0.00201348625
2026-09,JP01,Hardware,C063,Kestrel JP01,Growth,2.933765,45,802877.86,0.0,0.0,0.0,0.0,802877.86,0.0,0.0,11.265491864478614,1.0142368125,1628.6165631064428,0.0,0.0,0.0,0.0,802877.86,1628.6165631064428,801249.2434368936,0.0020284736250000004
2026-09,JP01,Hardware,C064,Helix JP01,Growth,3.0409900000000003,45,540920.36,0.0,0.0,0.0,0.0,540920.36,0.0,0.0,9.780320156556872,1.031660875,1116.09274380583,0.0,0.0,0.0,0.0,540920.36,1116.09274380583,539804.2672561941,0.00206332175
2026-09,JP01,Software,C053,Atlas JP01,Core,2.188565,30,68782.91,0.0,0.0,0.0,0.0,68782.91,0.0,0.0,0.0,0.8931418125,122.86578581284876,0.0,0.0,0.0,0.0,68782.91,122.86578581284876,68660.04421418716,0.001786283625
2026-09,JP01,Software,C054,Nimbus JP01,Core,2.16125,30,108967.38,0.0,0.0,0.0,0.0,108967.38,0.0,0.0,0.0,0.8887031249999999,193.679302258125,0.0,0.0,0.0,0.0,108967.38,193.679302258125,108773.70069774188,0.00177740625
2026-09,JP01,Software,C055,Summit JP01,Strategic,1.29925,30,32123.83000000022,0.0,0.0,0.0,0.0,32123.83000000022,0.0,0.0,0.0,0.748628125,48.097605241437826,0.0,0.0,0.0,0.0,32123.83000000022,48.097605241437826,32075.732394758783,0.0014972562499999998
2026-09,JP01,Software,C056,Cobalt JP01,Core,2.1768300000000003,30,153634.32,0.0,0.0,0.0,0.0,153634.32,0.0,0.0,0.0,0.8912348750000001,273.84852796182,0.0,0.0,0.0,0.0,153634.32,273.84852796182,153360.4714720382,0.00178246975
2026-09,JP01,Software,C057,Vertex JP01,Core,2.26337,30,114233.5,0.0,0.0,0.0,0.0,114233.5,0.0,0.0,0.0,0.905297625,206.83063249087502,0.0,0.0,0.0,0.0,114233.5,206.83063249087502,114026.66936750912,0.0018105952500000002
2026-09,JP01,Software,C058,Nova JP01,Core,2.3047950000000004,30,126114.06,0.0,0.0,0.0,0.0,126114.06,0.0,0.0,0.0,0.9120291875000001,230.0394073482525,0.0,0.0,0.0,0.0,126114.06,230.0394073482525,125884.02059265175,0.001824058375
2026-09,JP01,Software,C059,Meridian JP01,Growth,3.295,30,68768.33,0.0,0.0,0.0,0.0,68768.33,0.0,0.0,0.0,1.0729375,147.56824013875,0.0,0.0,0.0,0.0,68768.33,147.56824013875,68620.76175986126,0.002145875
2026-09,JP01,Spare Parts,C067,Orion JP01,Core,2.41448,45,581267.04,0.0,0.0,0.0,0.0,581267.04,0.0,0.0,13.319611068950339,0.929853,1080.9858018902403,0.0,0.0,0.0,0.0,581267.04,1080.9858018902403,580186.0541981098,0.0018597060000000005
2026-09,JP01,Spare Parts,C068,Atlas JP01,Core,2.34401,45,888008.72,0.0,0.0,0.0,0.0,888008.72,0.0,0.0,13.274162555520851,0.918401625,1631.09730292434,0.0,0.0,0.0,0.0,888008.72,1631.09730292434,886377.6226970756,0.0018368032500000002
2026-09,JP01,Spare Parts,C069,Nimbus JP01,Growth,3.28588,45,610827.6699999999,0.0,0.0,0.0,0.0,610827.6699999999,0.0,0.0,13.523847077850945,1.0714555000000001,1308.94933314737,0.0,0.0,0.0,0.0,610827.6699999999,1308.94933314737,609518.7206668525,0.0021429110000000004
2026-09,JP01,Spare Parts,C070,Summit JP01,Core,1.9708350000000001,45,1021664.17,0.0,0.0,0.0,0.0,1021664.17,0.0,0.0,13.132247164936791,0.8577606875,1752.6867217066338,0.0,0.0,0.0,0.0,1021664.17,1752.6867217066338,1019911.4832782934,0.001715521375
2026-09,JP01,Spare Parts,C071,Cobalt JP01,Growth,2.876375,45,674801.04,0.0,0.0,0.0,0.0,674801.04,0.0,0.0,13.199724025321597,1.0049109375,1356.2298914647502,0.0,0.0,0.0,0.0,674801.04,1356.2298914647502,673444.8101085353,0.002009821875
2026-09,JP01,Spare Parts,C072,Vertex JP01,Strategic,1.1821099999999998,45,813599.19,0.0,0.0,0.0,0.0,813599.19,0.0,0.0,4.812706856308446,0.7295928749999999,1187.1923442595423,0.0,0.0,0.0,0.0,813599.19,1187.1923442595423,812411.9976557404,0.0014591857499999998
2026-09,JP01,Spare Parts,C073,Nova JP01,Core,2.219815,45,903274.23,0.0,0.0,0.0,0.0,903274.23,0.0,0.0,13.16454395029071,0.8982199375,1622.6778448319212,0.0,0.0,0.0,0.0,903274.23,1622.6778448319212,901651.552155168,0.001796439875
2026-09,US01,Events,C048,Northstar US01,Growth,3.1211550000000003,30,354653.92,0.0,0.0,0.0,0.0,354653.92,0.0,0.0,8.017191238151266,1.0446876875000002,741.00516709522,0.0,0.0,0.0,0.0,354653.92,741.00516709522,353912.91483290476,0.0020893753750000003
2026-09,US01,Events,C052,Redwood US01,Growth,2.88081,30,1430967.42,0.0,0.0,0.0,0.0,1430967.42,0.0,0.0,8.854764701770776,1.005631625,2878.0521837933147,0.0,0.0,0.0,0.0,1430967.42,2878.0521837933147,1428089.3678162065,0.00201126325
2026-09,US01,Events,C049,Kestrel US01,Strategic,1.447995,30,994162.0399999999,0.0,0.0,0.0,0.0,994162.0399999999,0.0,0.0,0.0,0.7727991875,1536.575233510685,0.0,0.0,0.0,0.0,994162.0399999999,1536.575233510685,992625.4647664892,0.001545598375
2026-09,US01,Events,C051,Vector US01,Growth,2.8275900000000003,30,334825.46,0.0,0.0,0.0,0.0,334825.46,0.0,0.0,0.0,0.9969833750000001,667.6308342934551,0.0,0.0,0.0,0.0,334825.46,667.6308342934551,334157.8291657066,0.0019939667500000003
2026-09,US01,Hardware,C042,Cobalt US01,Growth,2.902705,45,831896.5700000001,387498.9799999951,0.0,0.0,0.0,1219395.5499999952,387498.9799999951,0.3177795588970262,28.848711724427602,1.0091895625,1679.0826710471015,3910.5992609539135,0.0,0.0,0.0,1219395.5499999952,5589.6819320010145,1213805.8680679942,0.004583977637117863
2026-09,US01,Hardware,C041,Summit US01,Growth,2.82761,45,1366632.1600000001,0.0,0.0,0.0,0.0,1366632.1600000001,0.0,0.0,14.1527319977601,0.996986625,2725.0279696297202,0.0,0.0,0.0,0.0,1366632.1600000001,2725.0279696297202,1363907.1320303704,0.00199397325
2026-09,US01,Hardware,C043,Vertex US01,Core,2.0013,45,1484255.35,0.0,0.0,0.0,0.0,1484255.35,0.0,0.0,13.163013695722908,0.86271125,2560.9675766353753,0.0,0.0,0.0,0.0,1484255.35,2560.9675766353753,1481694.3824233648,0.0017254225
2026-09,US01,Hardware,C044,Nova US01,Core,2.11017,45,1651465.1099999999,0.0,0.0,0.0,0.0,1651465.1099999999,0.0,0.0,13.224235418452167,0.880402625,2907.9084358798273,0.0,0.0,0.0,0.0,1651465.1099999999,2907.9084358798273,1648557.2015641201,0.00176080525
2026-09,US01,Hardware,C045,Meridian US01,Strategic,1.0499999999999998,45,2000689.5699999998,0.0,0.0,0.0,0.0,2000689.5699999998,0.0,0.0,12.737622408857764,0.7081249999999999,2833.4766035124994,0.0,0.0,0.0,0.0,2000689.5699999998,2833.4766035124994,1997856.0933964874,0.0014162499999999998
2026-09,US01,Hardware,C046,Orion US01,Core,2.182275,45,2149131.84,0.0,0.0,0.0,0.0,2149131.84,0.0,0.0,13.260863046912934,0.8921196875,3834.5656509942,0.0,0.0,0.0,0.0,2149131.84,3834.5656509942,2145297.2743490054,0.0017842393750000002
2026-09,US01,Hardware,C047,Atlas US01,Core,2.2454699999999996,45,2362048.03,0.0,0.0,0.0,0.0,2362048.03,0.0,0.0,12.09435605761158,0.902388875,4262.971728975333,0.0,0.0,0.0,0.0,2362048.03,4262.971728975333,2357785.0582710244,0.0018047777500000003
2026-09,US01,Software,C034,Kestrel US01,Growth,2.9399699999999998,30,117076.17,0.0,0.0,0.0,0.0,117076.17,0.0,0.0,0.0,1.0152451249999999,237.72202169234248,0.0,0.0,0.0,0.0,117076.17,237.72202169234248,116838.44797830765,0.0020304902499999997
2026-09,US01,Software,C035,Helix US01,Core,2.18574,30,130258.41,0.0,0.0,0.0,0.0,130258.41,0.0,0.0,0.0,0.89268275,232.558871298855,0.0,0.0,0.0,0.0,130258.41,232.558871298855,130025.85112870115,0.0017853654999999999
2026-09,US01,Software,C036,Vector US01,Growth,3.016975,30,107504.17,0.0,0.0,0.0,0.0,107504.17,0.0,0.0,0.0,1.0277584375,220.97663556786875,0.0,0.0,0.0,0.0,107504.17,220.97663556786875,107283.19336443213,0.0020555168750000003
2026-09,US01,Software,C037,Redwood US01,Core,2.305165,30,172983.58,0.0,0.0,0.0,0.0,172983.58,0.0,0.0,0.0,0.9120893125,315.5529491119775,0.0,0.0,0.0,0.0,172983.58,315.5529491119775,172668.02705088802,0.0018241786250000002
2026-09,US01,Software,C038,Pioneer US01,Strategic,1.2493699999999999,30,151497.96000000014,0.0,0.0,0.0,0.0,151497.96000000014,0.0,0.0,0.0,0.740522625,224.3753340426902,0.0,0.0,0.0,0.0,151497.96000000014,224.3753340426902,151273.58466595746,0.0014810452500000001
2026-09,US01,Software,C039,Keystone US01,Strategic,1.335245,30,259532.47,0.0,0.0,0.0,0.0,259532.47,0.0,0.0,0.0,0.7544773124999999,391.6227209441737,0.0,0.0,0.0,0.0,259532.47,391.6227209441737,259140.84727905583,0.0015089546249999997
2026-09,US01,Software,C040,Axiom US01,Growth,2.8075,30,86675.15,0.0,0.0,0.0,0.0,86675.15,0.0,0.0,0.0,0.99371875,172.261443428125,0.0,0.0,0.0,0.0,86675.15,172.261443428125,86502.88855657187,0.0019874375
