vintage,month,horizon_month,entity,division,actual_revenue,revenue_forecast,error,abs_pct_error,bias_pct
2024-03,2024-04,1,DE01,Hardware,4678645.43,4608479.31,-70166.12000000011,0.014997101415312875,-0.014997101415312875
2024-03,2024-04,1,DE01,Software,653490.55,637218.21,-16272.340000000084,0.024900650820428975,-0.024900650820428975
2024-03,2024-04,1,ES01,Events,2949319.55,2716769.45,-232550.09999999963,0.07884872970105923,-0.07884872970105923
2024-03,2024-04,1,ES01,Hardware,4117540.28,4179548.11,62007.830000000075,0.015059434949838567,0.015059434949838567
2024-03,2024-04,1,ES01,Spare Parts,1814659.01,1788339.39,-26319.62000000011,0.014503892937990655,-0.014503892937990655
2024-03,2024-04,1,JP01,Hardware,2883752.68,2706653.84,-177098.84000000032,0.061412631266284705,-0.061412631266284705
2024-03,2024-04,1,JP01,Software,551915.83,526798.06,-25117.769999999902,0.045510145994543956,-0.045510145994543956
2024-03,2024-04,1,JP01,Spare Parts,2535621.05,2481055.85,-54565.19999999972,0.02151946167192441,-0.02151946167192441
2024-03,2024-04,1,US01,Events,2918724.6,1995295.74,-923428.8600000001,0.3163809494050929,-0.3163809494050929
2024-03,2024-04,1,US01,Hardware,5288639.29,5200095.31,-88543.98000000045,0.016742298943969093,-0.016742298943969093
2024-03,2024-04,1,US01,Software,823687.45,797702.37,-25985.079999999958,0.03154725739720808,-0.03154725739720808
2024-03,2024-05,2,DE01,Hardware,4546423.91,4713228.79,166804.8799999999,0.036689249243368485,0.036689249243368485
2024-03,2024-05,2,DE01,Software,648518.74,655265.88,6747.140000000014,0.010403924487980122,0.010403924487980122
2024-03,2024-05,2,ES01,Events,1947055.3,2776273.78,829218.4799999997,0.4258833737285221,0.4258833737285221
2024-03,2024-05,2,ES01,Hardware,4236623.75,4274548.1,37924.34999999963,0.008951550158306985,0.008951550158306985
2024-03,2024-05,2,ES01,Spare Parts,1834353.52,1831182.25,-3171.2700000000186,0.001728821606862356,-0.001728821606862356
2024-03,2024-05,2,JP01,Hardware,2878192.45,2768175.34,-110017.11000000034,0.03822437585784103,-0.03822437585784103
2024-03,2024-05,2,JP01,Software,544254.6,541718.34,-2536.2600000000093,0.004660061669667118,-0.004660061669667118
2024-03,2024-05,2,JP01,Spare Parts,2546004.59,2540493.96,-5510.629999999888,0.002164422649371535,-0.002164422649371535
2024-03,2024-05,2,US01,Events,2079799.59,2038997.91,-40801.68000000017,0.01961808252880758,-0.01961808252880758
2024-03,2024-05,2,US01,Hardware,5327445.66,5318292.06,-9153.600000000559,0.0017181967840100988,-0.0017181967840100988
2024-03,2024-05,2,US01,Software,811773.88,820295.36,8521.479999999981,0.010497356726974242,0.010497356726974242
2024-03,2024-06,3,DE01,Hardware,4807728.45,4818541.74,10813.290000000037,0.0022491474118094246,0.0022491474118094246
2024-03,2024-06,3,DE01,Software,656988.94,673570.65,16581.71000000008,0.02523894846692561,0.02523894846692561
2024-03,2024-06,3,ES01,Events,1397466.0699999998,2836011.72,1438545.6500000004,1.0293957620022935,1.0293957620022935
2024-03,2024-06,3,ES01,Hardware,4392488.7299999995,4370059.12,-22429.609999999404,0.005106355731048035,-0.005106355731048035
2024-03,2024-06,3,ES01,Spare Parts,1888814.21,1874344.51,-14469.699999999953,0.007660732285575061,-0.007660732285575061
2024-03,2024-06,3,JP01,Hardware,3107849.63,2830027.79,-277821.83999999985,0.08939359141388055,-0.08939359141388055
2024-03,2024-06,3,JP01,Software,542679.19,556851.17,14171.980000000098,0.0261148395979586,0.0261148395979586
2024-03,2024-06,3,JP01,Spare Parts,2649914.62,2600375.2,-49539.419999999925,0.018694723077530673,-0.018694723077530673
2024-03,2024-06,3,US01,Events,2148678.5,2082871.66,-65806.84000000008,0.030626657268642138,-0.030626657268642138
2024-03,2024-06,3,US01,Hardware,5518709.22,5437124.62,-81584.59999999963,0.014783275716780677,-0.014783275716780677
2024-03,2024-06,3,US01,Software,821079.78,843210.21,22130.429999999935,0.026952837640210715,0.026952837640210715
2024-03,2024-07,4,DE01,Hardware,4464500.39,4372149.07,-92351.31999999937,0.02068570095925098,-0.02068570095925098
2024-03,2024-07,4,DE01,Software,682672.37,614512.87,-68159.5,0.09984218344738341,-0.09984218344738341
2024-03,2024-07,4,ES01,Events,2504478.81,2571200.73,66721.91999999993,0.02664103993756686,0.02664103993756686
2024-03,2024-07,4,ES01,Hardware,4085439.19,3965214.15,-120225.04000000004,0.029427690490235896,-0.029427690490235896
2024-03,2024-07,4,ES01,Spare Parts,1737515.97,1702744.55,-34771.419999999925,0.020012144118594734,-0.020012144118594734
2024-03,2024-07,4,JP01,Hardware,2664367.11,2567852.27,-96514.83999999985,0.03622430243856293,-0.03622430243856293
2024-03,2024-07,4,JP01,Software,561375.93,508027.2,-53348.73000000004,0.09503209373440724,-0.09503209373440724
2024-03,2024-07,4,JP01,Spare Parts,2403290.82,2362305.69,-40985.12999999989,0.01705375381910704,-0.01705375381910704
2024-03,2024-07,4,US01,Events,1844951.43,1888384.7,43433.27000000002,0.0235416874903856,0.0235416874903856
2024-03,2024-07,4,US01,Hardware,4990048.49,4933426.05,-56622.44000000041,0.011347072100295444,-0.011347072100295444
2024-03,2024-07,4,US01,Software,853952.24,769278.66,-84673.57999999996,0.09915493634632302,-0.09915493634632302
2024-03,2024-08,5,DE01,Hardware,3838165.59,3876998.84,38833.25,0.01011765883712172,0.01011765883712172
2024-03,2024-08,5,DE01,Software,699532.71,547898.59,-151634.12,0.21676487436877684,-0.21676487436877684
2024-03,2024-08,5,ES01,Events,2331501.62,2278165.75,-53335.87000000011,0.022876188265312083,-0.022876188265312083
2024-03,2024-08,5,ES01,Hardware,3502867.83,3516149.71,13281.879999999888,0.0037917160008860192,0.0037917160008860192
2024-03,2024-08,5,ES01,Spare Parts,1529000.46,1511718.6,-17281.85999999987,0.011302717332079723,-0.011302717332079723
2024-03,2024-08,5,JP01,Hardware,1840294.67,2277040.45,436745.78000000026,0.23732383031897836,0.23732383031897836
2024-03,2024-08,5,JP01,Software,564883.49,452956.16,-111927.33000000002,0.19814232842953158,-0.19814232842953158
2024-03,2024-08,5,JP01,Spare Parts,2136898.65,2097285.49,-39613.15999999968,0.018537687784116335,-0.018537687784116335
2024-03,2024-08,5,US01,Events,2658352.13,1673169.0,-985183.1299999999,0.37059918393881097,-0.37059918393881097
2024-03,2024-08,5,US01,Hardware,4316414.76,4374710.64,58295.87999999989,0.013505625210122276,0.013505625210122276
2024-03,2024-08,5,US01,Software,870131.36,685887.5,-184243.86,0.21174258102822544,-0.21174258102822544
2024-03,2024-09,6,DE01,Hardware,4792003.32,4813874.38,21871.05999999959,0.004564074467293898,0.004564074467293898
2024-03,2024-09,6,DE01,Software,703027.46,684018.37,-19009.089999999967,0.027038901154728675,-0.027038901154728675
2024-03,2024-09,6,ES01,Events,2016305.32,2826396.12,810090.8,0.4017699065536364,0.4017699065536364
2024-03,2024-09,6,ES01,Hardware,4531178.97,4365826.17,-165352.7999999998,0.03649222445080332,-0.03649222445080332
2024-03,2024-09,6,ES01,Spare Parts,1884247.24,1879276.93,-4970.310000000056,0.002637822624593605,-0.002637822624593605
2024-03,2024-09,6,JP01,Hardware,2993146.86,2827286.55,-165860.31000000006,0.05541335516026102,-0.05541335516026102
2024-03,2024-09,6,JP01,Software,562061.21,565488.46,3427.25,0.006097645485978298,0.006097645485978298
2024-03,2024-09,6,JP01,Spare Parts,2617325.89,2607218.21,-10107.680000000168,0.003861834721697636,-0.003861834721697636
2024-03,2024-09,6,US01,Events,1936768.55,2075809.61,139041.06000000006,0.07179023017489625,0.07179023017489625
2024-03,2024-09,6,US01,Hardware,5557279.61,5431858.08,-125421.53000000026,0.02256887160658815,-0.02256887160658815
2024-03,2024-09,6,US01,Software,867784.87,856289.2,-11495.670000000042,0.013247142693326793,-0.013247142693326793
2024-03,2024-10,7,DE01,Hardware,5183743.28,5013375.08,-170368.2000000002,0.03286586368142833,-0.03286586368142833
2024-03,2024-10,7,DE01,Software,715474.64,716261.65,787.0100000000093,0.001099983082559026,0.001099983082559026
2024-03,2024-10,7,ES01,Events,3338816.35,2941149.49,-397666.85999999987,0.1191041429996591,-0.1191041429996591
2024-03,2024-10,7,ES01,Hardware,4702329.59,4546758.48,-155571.1099999994,0.03308383791957879,-0.03308383791957879
2024-03,2024-10,7,ES01,Spare Parts,1995094.17,1959507.7,-35586.46999999997,0.017836987614474345,-0.017836987614474345
2024-03,2024-10,7,JP01,Hardware,3189377.44,2944457.38,-244920.06000000006,0.07679243507786274,-0.07679243507786274
2024-03,2024-10,7,JP01,Software,587960.11,592144.48,4184.369999999995,0.007116758312056231,0.007116758312056231
2024-03,2024-10,7,JP01,Spare Parts,2772381.75,2718526.5,-53855.25,0.019425625637594823,-0.019425625637594823
2024-03,2024-10,7,US01,Events,1864919.16,2160088.72,295169.5600000003,0.158274721141264,0.158274721141264
2024-03,2024-10,7,US01,Hardware,5642968.0,5656969.8,14001.799999999814,0.0024812828993536406,0.0024812828993536406
2024-03,2024-10,7,US01,Software,892544.8200000001,896653.0,4108.179999999935,0.004602771656889941,0.004602771656889941
2024-03,2024-11,8,DE01,Hardware,5222703.91,5213981.6,-8722.310000000522,0.0016700755298993239,-0.0016700755298993239
2024-03,2024-11,8,DE01,Software,695366.55,748995.99,53629.439999999944,0.07712398590354963,0.07712398590354963
2024-03,2024-11,8,ES01,Events,2440235.3,3056363.62,616128.3200000003,0.2524872580935127,0.2524872580935127
2024-03,2024-11,8,ES01,Hardware,5077784.9,4728693.68,-349091.22000000067,0.06874872151437542,-0.06874872151437542
2024-03,2024-11,8,ES01,Spare Parts,2039663.45,2040361.01,697.5600000000559,0.0003419975976919407,0.0003419975976919407
2024-03,2024-11,8,JP01,Hardware,3505116.83,3062277.68,-442839.1499999999,0.1263407673632379,-0.1263407673632379
2024-03,2024-11,8,JP01,Software,561586.11,619206.46,57620.34999999998,0.10260287598637363,0.10260287598637363
2024-03,2024-11,8,JP01,Spare Parts,2860046.49,2830698.49,-29348.0,0.010261371660430596,-0.010261371660430596
2024-03,2024-11,8,US01,Events,2829480.63,2244706.23,-584774.3999999999,0.2066719926617769,-0.2066719926617769
2024-03,2024-11,8,US01,Hardware,5799608.56,5883329.29,83720.73000000045,0.014435582873200058,0.014435582873200058
2024-03,2024-11,8,US01,Software,865642.11,937631.51,71989.40000000002,0.08316300601411364,0.08316300601411364
2024-03,2024-12,9,DE01,Hardware,5533512.32,5509072.76,-24439.56000000052,0.004416645086641918,-0.004416645086641918
2024-03,2024-12,9,DE01,Software,687696.76,795714.0,108017.23999999999,0.15707103229626965,0.15707103229626965
2024-03,2024-12,9,ES01,Events,2683882.17,3226730.26,542848.0899999999,0.20226226623056254,0.20226226623056254
2024-03,2024-12,9,ES01,Hardware,5111308.99,4996319.42,-114989.5700000003,0.022497088363268816,-0.022497088363268816
2024-03,2024-12,9,ES01,Spare Parts,2180696.77,2158424.07,-22272.700000000186,0.010213570408507637,-0.010213570408507637
2024-03,2024-12,9,JP01,Hardware,3568673.5,3235590.73,-333082.77,0.0933351762216409,-0.0933351762216409
2024-03,2024-12,9,JP01,Software,581547.28,657828.95,76281.66999999993,0.13117019479482378,0.13117019479482378
2024-03,2024-12,9,JP01,Spare Parts,3041330.91,2994493.49,-46837.419999999925,0.015400303809755421,-0.015400303809755421
2024-03,2024-12,9,US01,Events,2104401.94,2369829.78,265427.83999999985,0.12612982099797906,0.12612982099797906
2024-03,2024-12,9,US01,Hardware,6191156.26,6216302.93,25146.669999999925,0.004061708175978089,0.004061708175978089
2024-03,2024-12,9,US01,Software,878484.84,996115.51,117630.67000000004,0.13390176431502226,0.13390176431502226
2024-03,2025-01,10,DE01,Hardware,4346465.42,4120256.02,-226209.3999999999,0.052044449487418196,-0.052044449487418196
2024-03,2025-01,10,DE01,Software,730802.6,598371.9,-132430.69999999995,0.1812126831513735,-0.1812126831513735
2024-03,2025-01,10,ES01,Events,2528238.4,2411331.85,-116906.54999999981,0.0462403189509343,-0.0462403189509343
2024-03,2025-01,10,ES01,Hardware,3735081.48,3736765.89,1684.410000000149,0.00045097008164870047,0.00045097008164870047
2024-03,2025-01,10,ES01,Spare Parts,1647022.14,1616230.19,-30791.949999999953,0.01869552888949019,-0.01869552888949019
2024-03,2025-01,10,JP01,Hardware,2307558.84,2419910.35,112351.51000000024,0.04868847027970054,0.04868847027970054
2024-03,2025-01,10,JP01,Software,598285.56,494683.21,-103602.35000000003,0.1731653861075972,-0.1731653861075972
2024-03,2025-01,10,JP01,Spare Parts,2311810.7399999998,2242279.84,-69530.8999999999,0.030076380733485092,-0.030076380733485092
2024-03,2025-01,10,US01,Events,2553570.29,1770971.09,-782599.2,0.3064725506341946,-0.3064725506341946
2024-03,2025-01,10,US01,Hardware,4843942.49,4649196.09,-194746.40000000037,0.04020411068092602,-0.04020411068092602
2024-03,2025-01,10,US01,Software,922508.64,749072.56,-173436.07999999996,0.1880048299601833,-0.1880048299601833
2024-03,2025-02,11,DE01,Hardware,4671905.56,4319906.89,-351998.6699999999,0.0753437040794977,-0.0753437040794977
2024-03,2025-02,11,DE01,Software,732179.75,630797.36,-101382.39000000001,0.13846653093041703,-0.13846653093041703
2024-03,2025-02,11,ES01,Events,2673720.76,2526130.56,-147590.19999999972,0.055200304462609526,-0.055200304462609526
2024-03,2025-02,11,ES01,Hardware,3932186.89,3917834.39,-14352.5,0.00365000453984017,-0.00365000453984017
2024-03,2025-02,11,ES01,Spare Parts,1744113.25,1696579.23,-47534.02000000002,0.02725397562342928,-0.02725397562342928
2024-03,2025-02,11,JP01,Hardware,2538483.48,2537169.38,-1314.1000000000931,0.000517671283013468,-0.000517671283013468
2024-03,2025-02,11,JP01,Software,606867.23,521489.84,-85377.38999999996,0.14068545108293284,-0.14068545108293284
2024-03,2025-02,11,JP01,Spare Parts,2431383.99,2353752.22,-77631.77000000002,0.031929045481623,-0.031929045481623
2024-03,2025-02,11,US01,Events,1986978.21,1855283.5,-131694.70999999996,0.06627888989280863,-0.06627888989280863
2024-03,2025-02,11,US01,Hardware,5024694.01,4874477.26,-150216.75,0.029895701051853706,-0.029895701051853706
2024-03,2025-02,11,US01,Software,920625.16,789664.42,-130960.73999999999,0.14225196713068322,-0.14225196713068322
2024-03,2025-03,12,DE01,Hardware,5044531.37,4661941.11,-382590.2599999998,0.07584257722635587,-0.07584257722635587
2024-03,2025-03,12,DE01,Software,750166.51,684464.23,-65702.28000000003,0.08758359527406792,-0.08758359527406792
2024-03,2025-03,12,ES01,Events,1771646.13,2723935.48,952289.3500000001,0.5375166822959166,0.5375166822959166
2024-03,2025-03,12,ES01,Hardware,4581028.1,4228033.99,-352994.1099999994,0.07705565263832358,-0.07705565263832358
2024-03,2025-03,12,ES01,Spare Parts,1924143.48,1833104.77,-91038.70999999996,0.047313888463244934,-0.047313888463244934
2024-03,2025-03,12,JP01,Hardware,3071011.94,2738053.04,-332958.8999999999,0.10841993014198438,-0.10841993014198438
2024-03,2025-03,12,JP01,Software,600048.53,565857.06,-34191.46999999997,0.05698117450600199,-0.05698117450600199
2024-03,2025-03,12,JP01,Spare Parts,2660137.21,2543161.18,-116976.0299999998,0.04397368284623175,-0.04397368284623175
2024-03,2025-03,12,US01,Events,2175443.6,2000558.73,-174884.8700000001,0.08039044082779259,-0.08039044082779259
2024-03,2025-03,12,US01,Hardware,5643557.42,5260420.3,-383137.1200000001,0.06788929242435175,-0.06788929242435175
2024-03,2025-03,12,US01,Software,925532.31,856847.35,-68684.96000000008,0.07421130441140415,-0.07421130441140415
2024-03,2025-04,13,DE01,Hardware,4804531.26,4769776.08,-34755.1799999997,0.007233833670591979,-0.007233833670591979
2024-03,2025-04,13,DE01,Software,761822.84,704126.13,-57696.70999999996,0.07573507509961236,-0.07573507509961236
2024-03,2025-04,13,ES01,Events,2047813.5299999998,2784688.69,736875.1600000001,0.3598350871331533,0.3598350871331533
2024-03,2025-04,13,ES01,Hardware,4490297.08,4325832.29,-164464.79000000004,0.036626705776892615,-0.036626705776892615
2024-03,2025-04,13,ES01,Spare Parts,1934873.53,1877756.36,-57117.169999999925,0.02951984670543295,-0.02951984670543295
2024-03,2025-04,13,JP01,Hardware,3179389.49,2801386.72,-378002.77,0.11889162091933568,-0.11889162091933568
2024-03,2025-04,13,JP01,Software,618173.43,582111.85,-36061.580000000075,0.05833570038751111,-0.05833570038751111
2024-03,2025-04,13,JP01,Spare Parts,2685766.17,2605108.64,-80657.5299999998,0.03003147887591413,-0.03003147887591413
2024-03,2025-04,13,US01,Events,2207176.32,2045178.13,-161998.18999999994,0.07339612541693087,-0.07339612541693087
2024-03,2025-04,13,US01,Hardware,5414874.6,5382098.64,-32775.95999999996,0.006052949037822587,-0.006052949037822587
2024-03,2025-04,13,US01,Software,940565.21,881461.12,-59104.08999999997,0.06283890725662708,-0.06283890725662708
2024-03,2025-05,14,DE01,Hardware,5113897.66,4878191.8,-235705.86000000034,0.04609123523211067,-0.04609123523211067
2024-03,2025-05,14,DE01,Software,763763.57,724068.8,-39694.7699999999,0.05197258884709558,-0.05197258884709558
2024-03,2025-05,14,ES01,Events,2691589.14,2845680.62,154091.47999999998,0.05724925758914304,0.05724925758914304
2024-03,2025-05,14,ES01,Hardware,4691848.15,4424157.29,-267690.86000000034,0.05705445944579436,-0.05705445944579436
2024-03,2025-05,14,ES01,Spare Parts,1975457.31,1922741.36,-52715.94999999995,0.026685441256131197,-0.026685441256131197
2024-03,2025-05,14,JP01,Hardware,3268108.44,2865061.48,-403046.95999999996,0.12332729081658012,-0.12332729081658012
2024-03,2025-05,14,JP01,Software,616363.4,598598.77,-17764.630000000005,0.028821682144007908,-0.028821682144007908
2024-03,2025-05,14,JP01,Spare Parts,2734857.58,2667518.65,-67338.93000000017,0.02462246315583284,-0.02462246315583284
2024-03,2025-05,14,US01,Events,3069954.84,2089972.86,-979981.9799999997,0.319217067049755,-0.319217067049755
2024-03,2025-05,14,US01,Hardware,5637315.36,5504432.28,-132883.08000000007,0.023572050083073597,-0.023572050083073597
2024-03,2025-05,14,US01,Software,951877.53,906426.38,-45451.15000000002,0.04774894728316575,-0.04774894728316575
2024-03,2025-06,15,DE01,Hardware,5113854.93,4987190.7,-126664.22999999952,0.024768835200414948,-0.024768835200414948
2024-03,2025-06,15,DE01,Software,768954.13,744295.56,-24658.56999999995,0.03206767352949902,-0.03206767352949902
2024-03,2025-06,15,ES01,Events,3323926.6,2906912.01,-417014.5900000003,0.12545842317938077,-0.12545842317938077
2024-03,2025-06,15,ES01,Hardware,4808227.65,4523011.19,-285216.45999999996,0.05931841850291759,-0.05931841850291759
2024-03,2025-06,15,ES01,Spare Parts,2037961.34,1968061.74,-69899.6000000001,0.034298786060387235,-0.034298786060387235
2024-03,2025-06,15,JP01,Hardware,3267211.05,2929078.76,-338132.29000000004,0.10349263785698816,-0.10349263785698816
2024-03,2025-06,15,JP01,Software,635120.07,615320.54,-19799.52999999991,0.03117446753021033,-0.03117446753021033
2024-03,2025-06,15,JP01,Spare Parts,2823049.9,2730393.96,-92655.93999999994,0.03282121934862007,-0.03282121934862007
2024-03,2025-06,15,US01,Events,2256814.93,2134943.45,-121871.47999999998,0.05400153924008291,-0.05400153924008291
2024-03,2025-06,15,US01,Hardware,5719263.22,5627423.98,-91839.23999999929,0.016057879567221475,-0.016057879567221475
2024-03,2025-06,15,US01,Software,962174.36,931747.28,-30427.079999999958,0.031623249657161887,-0.031623249657161887
2024-03,2025-07,16,DE01,Hardware,4722270.85,4525174.28,-197096.56999999937,0.04173766737670275,-0.04173766737670275
2024-03,2025-07,16,DE01,Software,770646.51,679036.72,-91609.79000000004,0.11887394390457959,-0.11887394390457959
2024-03,2025-07,16,ES01,Events,3546902.57,2635480.75,-911421.8199999998,0.2569627448210397,-0.2569627448210397
2024-03,2025-07,16,ES01,Hardware,4357362.47,4103996.65,-253365.81999999983,0.05814660169871061,-0.05814660169871061
2024-03,2025-07,16,ES01,Spare Parts,1860477.6,1787881.78,-72595.82000000007,0.03901999142585757,-0.03901999142585757
2024-03,2025-07,16,JP01,Hardware,2913153.02,2657727.1,-255425.91999999993,0.08768022765930776,-0.08768022765930776
2024-03,2025-07,16,JP01,Software,638190.11,561370.06,-76820.04999999993,0.12037173374560745,-0.12037173374560745
2024-03,2025-07,16,JP01,Spare Parts,2571194.41,2480420.98,-90773.43000000017,0.03530399321302202,-0.03530399321302202
2024-03,2025-07,16,US01,Events,1513970.65,1935594.32,421623.67000000016,0.27848866819181745,0.27848866819181745
2024-03,2025-07,16,US01,Hardware,5224763.8,5106095.96,-118667.83999999985,0.022712575064158854,-0.022712575064158854
2024-03,2025-07,16,US01,Software,983710.2,850052.92,-133657.2799999999,0.1358705846498287,-0.1358705846498287
2024-03,2025-08,17,DE01,Hardware,4305816.89,4012693.79,-293123.0999999996,0.06807607185543825,-0.06807607185543825
2024-03,2025-08,17,DE01,Software,783265.11,605427.95,-177837.16000000003,0.22704593595391992,-0.22704593595391992
2024-03,2025-08,17,ES01,Events,1659616.36,2335119.9,675503.5399999998,0.40702391003183397,0.40702391003183397
2024-03,2025-08,17,ES01,Hardware,3706548.86,3639214.95,-67333.90999999968,0.018166200566421153,-0.018166200566421153
2024-03,2025-08,17,ES01,Spare Parts,1649564.19,1587304.53,-62259.659999999916,0.03774309625380502,-0.03774309625380502
2024-03,2025-08,17,JP01,Hardware,2264184.89,2356736.86,92551.96999999974,0.040876507218454115,0.040876507218454115
2024-03,2025-08,17,JP01,Software,658777.62,500516.56,-158261.06,0.24023442083536475,-0.24023442083536475
2024-03,2025-08,17,JP01,Spare Parts,2267916.03,2202149.76,-65766.27000000002,0.028998547181660877,-0.028998547181660877
2024-03,2025-08,17,US01,Events,1368544.87,1714998.22,346453.34999999986,0.25315454216711203,0.25315454216711203
2024-03,2025-08,17,US01,Hardware,4496825.37,4527825.51,31000.139999999665,0.006893783380340532,0.006893783380340532
2024-03,2025-08,17,US01,Software,979283.84,757905.69,-221378.15000000002,0.226061271469567,-0.226061271469567
2024-03,2025-09,18,DE01,Hardware,5132921.29,4982359.98,-150561.3099999996,0.029332479789496164,-0.029332479789496164
2024-03,2025-09,18,DE01,Software,803407.79,755840.29,-47567.5,0.059207168006175294,-0.059207168006175294
2024-03,2025-09,18,ES01,Events,2098177.43,2897056.02,798878.5899999999,0.3807488244690535,0.3807488244690535
2024-03,2025-09,18,ES01,Hardware,4752466.38,4518630.09,-233836.29000000004,0.04920314449441724,-0.04920314449441724
2024-03,2025-09,18,ES01,Spare Parts,2061119.91,1973240.78,-87879.12999999989,0.04263659264734379,-0.04263659264734379
2024-03,2025-09,18,JP01,Hardware,3420851.08,2926241.58,-494609.5,0.14458667987382837,-0.14458667987382837
2024-03,2025-09,18,JP01,Software,665617.74,624864.75,-40752.98999999999,0.06122581708834862,-0.06122581708834862
2024-03,2025-09,18,JP01,Spare Parts,2827480.22,2737579.12,-89901.1000000001,0.03179548325894216,-0.03179548325894216
2024-03,2025-09,18,US01,Events,3680310.3,2127704.85,-1552605.4499999997,0.4218680826994397,-0.4218680826994397
2024-03,2025-09,18,US01,Hardware,5710211.41,5621973.12,-88238.29000000004,0.015452718588574995,-0.015452718588574995
2024-03,2025-09,18,US01,Software,987656.78,946199.56,-41457.21999999997,0.04197533074192025,-0.04197533074192025
2024-03,2025-10,19,DE01,Hardware,5456597.86,5188843.21,-267754.6500000004,0.049069888760320035,-0.049069888760320035
2024-03,2025-10,19,DE01,Software,819095.4,791469.13,-27626.27000000002,0.03372778067121365,-0.03372778067121365
2024-03,2025-10,19,ES01,Events,3244030.3,3014678.23,-229352.06999999983,0.0706997311338306,-0.0706997311338306
2024-03,2025-10,19,ES01,Hardware,5042217.8,4705895.03,-336322.76999999955,0.0667013570893347,-0.0667013570893347
2024-03,2025-10,19,ES01,Spare Parts,2137107.6,2057483.09,-79624.51000000001,0.037258072546277034,-0.037258072546277034
2024-03,2025-10,19,JP01,Hardware,3573820.2199999997,3047513.39,-526306.8299999996,0.14726729314884218,-0.14726729314884218
2024-03,2025-10,19,JP01,Software,678511.8099999999,654319.65,-24192.159999999916,0.03565473679816998,-0.03565473679816998
2024-03,2025-10,19,JP01,Spare Parts,2970043.07,2854452.83,-115590.23999999976,0.038918708340482,-0.038918708340482
2024-03,2025-10,19,US01,Events,2152138.58,2214090.94,61952.35999999987,0.028786417647882076,0.028786417647882076
2024-03,2025-10,19,US01,Hardware,5845785.48,5854963.74,9178.259999999776,0.0015700644560771285,0.0015700644560771285
2024-03,2025-10,19,US01,Software,1012386.25,990801.56,-21584.689999999944,0.02132060762381941,-0.02132060762381941
2024-03,2025-11,20,DE01,Hardware,5643282.3,5396470.96,-246811.33999999985,0.04373542326599537,-0.04373542326599537
2024-03,2025-11,20,DE01,Software,824405.33,827640.57,3235.2399999999907,0.0039243317361861195,0.0039243317361861195
2024-03,2025-11,20,ES01,Events,3330726.18,3132772.71,-197953.4700000002,0.05943252591241235,-0.05943252591241235
2024-03,2025-11,20,ES01,Hardware,5042528.53,4894197.96,-148330.5700000003,0.029415910910076754,-0.029415910910076754
2024-03,2025-11,20,ES01,Spare Parts,2246247.57,2142379.06,-103868.50999999978,0.0462409003296105,-0.0462409003296105
2024-03,2025-11,20,JP01,Hardware,3715131.39,3169457.4,-545673.9900000002,0.146878786432369,-0.146878786432369
2024-03,2025-11,20,JP01,Software,690835.74,684223.13,-6612.609999999986,0.009571899102961851,-0.009571899102961851
2024-03,2025-11,20,JP01,Spare Parts,3080239.12,2972233.42,-108005.70000000019,0.03506406346790381,-0.03506406346790381
2024-03,2025-11,20,US01,Events,2247091.5,2300823.88,53732.37999999989,0.023911967981722102,0.023911967981722102
2024-03,2025-11,20,US01,Hardware,6014569.7,6089245.81,74676.1099999994,0.012415869085364394,0.012415869085364394
2024-03,2025-11,20,US01,Software,1040772.17,1036082.82,-4689.350000000093,0.004505645073119214,-0.004505645073119214
2024-03,2025-12,21,DE01,Hardware,5888462.87,5701890.31,-186572.56000000052,0.03168442497116408,-0.03168442497116408
2024-03,2025-12,21,DE01,Software,827130.13,879263.97,52133.83999999997,0.06302979193854293,0.06302979193854293
2024-03,2025-12,21,ES01,Events,2470654.47,3307398.52,836744.0499999998,0.3386730358940074,0.3386730358940074
2024-03,2025-12,21,ES01,Hardware,5478749.67,5171190.6,-307559.0700000003,0.05613672617387542,-0.05613672617387542
2024-03,2025-12,21,ES01,Spare Parts,2349745.46,2266345.28,-83400.18000000017,0.03549328274901749,-0.03549328274901749
2024-03,2025-12,21,JP01,Hardware,3812651.53,3348836.41,-463815.11999999965,0.12165158980579578,-0.12165158980579578
2024-03,2025-12,21,JP01,Software,696583.87,726900.99,30317.119999999995,0.04352256965123237,0.04352256965123237
2024-03,2025-12,21,JP01,Spare Parts,3250211.08,3144218.16,-105992.91999999993,0.032611088138927866,-0.032611088138927866
2024-03,2025-12,21,US01,Events,2120276.55,2429075.52,308798.9700000002,0.14564089292974552,0.14564089292974552
2024-03,2025-12,21,US01,Hardware,6382523.77,6433873.53,51349.76000000071,0.008045369175334965,0.008045369175334965
2024-03,2025-12,21,US01,Software,1033741.14,1100707.64,66966.49999999988,0.06478072450516953,0.06478072450516953
2024-03,2026-01,22,DE01,Hardware,4361789.12,4264464.98,-97324.13999999966,0.022312894393207085,-0.022312894393207085
2024-03,2026-01,22,DE01,Software,824720.26,661200.95,-163519.31000000006,0.19827245422587297,-0.19827245422587297
2024-03,2026-01,22,ES01,Events,4029079.65,2471615.15,-1557464.5,0.38655589744918545,-0.38655589744918545
2024-03,2026-01,22,ES01,Hardware,3969315.91,3867552.69,-101763.2200000002,0.02563747061392254,-0.02563747061392254
2024-03,2026-01,22,ES01,Spare Parts,1730376.87,1697041.7,-33335.17000000016,0.01926468769777312,-0.01926468769777312
2024-03,2026-01,22,JP01,Hardware,2301293.04,2504607.21,203314.16999999993,0.08834779685424153,0.08834779685424153
2024-03,2026-01,22,JP01,Software,666552.84,546624.95,-119927.89000000001,0.1799225549770368,-0.1799225549770368
2024-03,2026-01,22,JP01,Spare Parts,2397037.82,2354393.84,-42643.97999999998,0.017790282507933054,-0.017790282507933054
2024-03,2026-01,22,US01,Events,1694382.05,1815245.37,120863.32000000007,0.07133179910634681,0.07133179910634681
2024-03,2026-01,22,US01,Hardware,4715868.51,4811917.96,96049.45000000019,0.02036728755187455,0.02036728755187455
2024-03,2026-01,22,US01,Software,1019508.7,827725.18,-191783.5199999999,0.1881136669064226,-0.1881136669064226
2024-03,2026-02,23,DE01,Hardware,4590563.92,4471103.64,-119460.28000000026,0.026023007648263017,-0.026023007648263017
2024-03,2026-02,23,DE01,Software,838223.83,697031.08,-141192.75,0.16844277739037794,-0.16844277739037794
2024-03,2026-02,23,ES01,Events,2671339.66,2589283.83,-82055.83000000007,0.03071710843390094,-0.03071710843390094
2024-03,2026-02,23,ES01,Hardware,4158406.09,4054958.59,-103447.5,0.02487671905078419,-0.02487671905078419
2024-03,2026-02,23,ES01,Spare Parts,1839318.77,1781408.19,-57910.580000000075,0.031484798037482144,-0.031484798037482144
2024-03,2026-02,23,JP01,Hardware,2845134.32,2625970.31,-219164.00999999978,0.07703116456027277,-0.07703116456027277
2024-03,2026-02,23,JP01,Software,688429.15,576246.27,-112182.88,0.16295486616160865,-0.16295486616160865
2024-03,2026-02,23,JP01,Spare Parts,2545994.33,2471439.83,-74554.5,0.029283058144123988,-0.029283058144123988
2024-03,2026-02,23,US01,Events,2126392.69,1901665.59,-224727.09999999986,0.10568466542273519,-0.10568466542273519
2024-03,2026-02,23,US01,Hardware,5150460.5,5045083.96,-105376.54000000004,0.020459634628787082,-0.020459634628787082
2024-03,2026-02,23,US01,Software,1031074.72,872579.18,-158495.53999999992,0.15371877219528757,-0.15371877219528757
2024-03,2026-03,24,DE01,Hardware,5078909.1,4825109.05,-253800.0499999998,0.049971370820556686,-0.049971370820556686
2024-03,2026-03,24,DE01,Software,860159.24,756332.97,-103826.27000000002,0.12070587069436121,-0.12070587069436121
2024-03,2026-03,24,ES01,Events,4347630.29,2792033.86,-1555596.4300000002,0.357803291962988,-0.357803291962988
2024-03,2026-03,24,ES01,Hardware,4575854.05,4376015.18,-199838.8700000001,0.04367247464984162,-0.04367247464984162
2024-03,2026-03,24,ES01,Spare Parts,2016743.57,1924760.01,-91983.56000000006,0.04560994336032521,-0.04560994336032521
2024-03,2026-03,24,JP01,Hardware,3265538.72,2833884.9,-431653.8200000003,0.1321845664717766,-0.1321845664717766
2024-03,2026-03,24,JP01,Software,727869.52,625272.05,-102597.46999999997,0.14095585428553178,-0.14095585428553178
2024-03,2026-03,24,JP01,Spare Parts,2806973.74,2670319.24,-136654.5,0.048683925343740476,-0.048683925343740476
2024-03,2026-03,24,US01,Events,2052129.69,2050572.7,-1556.9899999999907,0.0007587191041517414,-0.0007587191041517414
2024-03,2026-03,24,US01,Hardware,5641419.01,5444535.01,-196884.0,0.034899729952872265,-0.034899729952872265
2024-03,2026-03,24,US01,Software,1086297.7,946816.32,-139481.38,0.12840069531584206,-0.12840069531584206
2024-04,2024-05,1,DE01,Hardware,4546423.91,4783652.45,237228.54000000004,0.052179151063808306,0.052179151063808306
2024-04,2024-05,1,DE01,Software,648518.74,679144.07,30625.329999999958,0.04722350814411309,0.04722350814411309
2024-04,2024-05,1,ES01,Events,1947055.3,3325432.29,1378376.99,0.7079290403308011,0.7079290403308011
2024-04,2024-05,1,ES01,Hardware,4236623.75,4206963.55,-29660.200000000186,0.007000904906884919,-0.007000904906884919
2024-04,2024-05,1,ES01,Spare Parts,1834353.52,1859163.34,24809.820000000065,0.013525102838410376,0.013525102838410376
2024-04,2024-05,1,JP01,Hardware,2878192.45,2930574.99,52382.54000000004,0.018199804533571073,0.018199804533571073
2024-04,2024-05,1,JP01,Software,544254.6,575424.26,31169.660000000033,0.05727036574426754,0.05727036574426754
2024-04,2024-05,1,JP01,Spare Parts,2546004.59,2605694.04,59689.450000000186,0.023444360718925566,0.023444360718925566
2024-04,2024-05,1,US01,Events,2079799.59,2671837.0,592037.4099999999,0.2846607975338623,0.2846607975338623
2024-04,2024-05,1,US01,Hardware,5327445.66,5398926.61,71480.95000000019,0.013417490212373219,0.013417490212373219
2024-04,2024-05,1,US01,Software,811773.88,857661.93,45888.05000000005,0.05652811839671418,0.05652811839671418
2024-04,2024-06,2,DE01,Hardware,4807728.45,4890538.96,82810.50999999978,0.017224456593425065,0.017224456593425065
2024-04,2024-06,2,DE01,Software,656988.94,698115.87,41126.93000000005,0.06259912077058719,0.06259912077058719
2024-04,2024-06,2,ES01,Events,1397466.0699999998,3396986.65,1999520.58,1.4308186960131348,1.4308186960131348
2024-04,2024-06,2,ES01,Hardware,4392488.7299999995,4300964.44,-91524.2899999991,0.0208365452083924,-0.0208365452083924
2024-04,2024-06,2,ES01,Spare Parts,1888814.21,1902985.14,14170.929999999935,0.007502553678903091,0.007502553678903091
2024-04,2024-06,2,JP01,Hardware,3107849.63,2996056.11,-111793.52000000002,0.03597134138050303,-0.03597134138050303
2024-04,2024-06,2,JP01,Software,542679.19,591498.66,48819.47000000009,0.08996009226003321,0.08996009226003321
2024-04,2024-06,2,JP01,Spare Parts,2649914.62,2667112.1,17197.47999999998,0.006489824189128018,0.006489824189128018
2024-04,2024-06,2,US01,Events,2148678.5,2729327.75,580649.25,0.27023551918074296,0.27023551918074296
2024-04,2024-06,2,US01,Hardware,5518709.22,5519560.88,851.660000000149,0.00015432231814528345,0.00015432231814528345
2024-04,2024-06,2,US01,Software,821079.78,881620.6,60540.81999999995,0.07373317608673781,0.07373317608673781
2024-04,2024-07,3,DE01,Hardware,4464500.39,4437476.42,-27023.96999999974,0.006053078203449264,-0.006053078203449264
2024-04,2024-07,3,DE01,Software,682672.37,636906.0,-45766.369999999995,0.06704002096935606,-0.06704002096935606
2024-04,2024-07,3,ES01,Events,2504478.81,3079794.94,575316.1299999999,0.22971491222159707,0.22971491222159707
2024-04,2024-07,3,ES01,Hardware,4085439.19,3902520.45,-182918.73999999976,0.044773335617804104,-0.044773335617804104
2024-04,2024-07,3,ES01,Spare Parts,1737515.97,1728763.07,-8752.899999999907,0.005037593985395085,-0.005037593985395085
2024-04,2024-07,3,JP01,Hardware,2664367.11,2718499.63,54132.52000000002,0.020317215220390563,0.020317215220390563
2024-04,2024-07,3,JP01,Software,561375.93,539636.85,-21739.080000000075,0.0387246385857692,-0.0387246385857692
2024-04,2024-07,3,JP01,Spare Parts,2403290.82,2422932.69,19641.87000000011,0.008172906015594115,0.008172906015594115
2024-04,2024-07,3,US01,Events,1844951.43,2474478.31,629526.8800000001,0.3412159636094052,0.3412159636094052
2024-04,2024-07,3,US01,Hardware,4990048.49,5008225.36,18176.87000000011,0.003642623921676583,0.003642623921676583
2024-04,2024-07,3,US01,Software,853952.24,804321.28,-49630.95999999996,0.0581191285358066,-0.0581191285358066
2024-04,2024-08,4,DE01,Hardware,3838165.59,3934927.8,96762.20999999996,0.025210535536065802,0.025210535536065802
2024-04,2024-08,4,DE01,Software,699532.71,567864.27,-131668.43999999994,0.18822342131792516,-0.18822342131792516
2024-04,2024-08,4,ES01,Events,2331501.62,2728796.43,397294.81000000006,0.17040297402838606,0.17040297402838606
2024-04,2024-08,4,ES01,Hardware,3502867.83,3460556.13,-42311.700000000186,0.012079159720965032,-0.012079159720965032
2024-04,2024-08,4,ES01,Spare Parts,1529000.46,1534818.17,5817.709999999963,0.0038049105622898,0.0038049105622898
2024-04,2024-08,4,JP01,Hardware,1840294.67,2410626.84,570332.1699999999,0.3099135042324499,0.3099135042324499
2024-04,2024-08,4,JP01,Software,564883.49,481139.26,-83744.22999999998,0.14825044718513544,-0.14825044718513544
2024-04,2024-08,4,JP01,Spare Parts,2136898.65,2151110.92,14212.270000000019,0.006650886320696594,0.006650886320696594
2024-04,2024-08,4,US01,Events,2658352.13,2192466.61,-465885.52,0.1752535018752388,-0.1752535018752388
2024-04,2024-08,4,US01,Hardware,4316414.76,4441038.85,124624.08999999985,0.028872130443738882,0.028872130443738882
2024-04,2024-08,4,US01,Software,870131.36,717131.44,-152999.92000000004,0.17583542788298084,-0.17583542788298084
2024-04,2024-09,5,DE01,Hardware,4792003.32,4885801.86,93798.54000000004,0.019573972248416564,0.019573972248416564
2024-04,2024-09,5,DE01,Software,703027.46,708944.31,5916.850000000093,0.008416243086721098,0.008416243086721098
2024-04,2024-09,5,ES01,Events,2016305.32,3385469.04,1369163.72,0.679045830221784,0.679045830221784
2024-04,2024-09,5,ES01,Hardware,4531178.97,4296798.42,-234380.5499999998,0.05172617359671402,-0.05172617359671402
2024-04,2024-09,5,ES01,Spare Parts,1884247.24,1907992.93,23745.689999999944,0.012602215620069022,0.012602215620069022
2024-04,2024-09,5,JP01,Hardware,2993146.86,2993154.06,7.2000000001862645,2.405495064878395e-06,2.405495064878395e-06
2024-04,2024-09,5,JP01,Software,562061.21,600673.37,38612.16000000003,0.06869742887967671,0.06869742887967671
2024-04,2024-09,5,JP01,Spare Parts,2617325.89,2674130.73,56804.83999999985,0.021703388262437524,0.021703388262437524
2024-04,2024-09,5,US01,Events,1936768.55,2720073.86,783305.3099999998,0.4044392965798623,0.4044392965798623
2024-04,2024-09,5,US01,Hardware,5557279.61,5514214.49,-43065.12000000011,0.007749316756080969,-0.007749316756080969
2024-04,2024-09,5,US01,Software,867784.87,895295.37,27510.5,0.0317019816213205,0.0317019816213205
2024-04,2024-10,6,DE01,Hardware,5183743.28,5088283.44,-95459.83999999985,0.01841523293954477,-0.01841523293954477
2024-04,2024-10,6,DE01,Software,715474.64,742362.55,26887.910000000033,0.03758052137249761,0.03758052137249761
2024-04,2024-10,6,ES01,Events,3338816.35,3522921.11,184104.75999999978,0.05514072674287694,0.05514072674287694
2024-04,2024-10,6,ES01,Hardware,4702329.59,4474870.02,-227459.5700000003,0.048371677409366855,-0.048371677409366855
2024-04,2024-10,6,ES01,Spare Parts,1995094.17,1989449.65,-5644.520000000019,0.002829199786594544,-0.002829199786594544
2024-04,2024-10,6,JP01,Hardware,3189377.44,3117198.91,-72178.5299999998,0.02263091507915093,-0.02263091507915093
2024-04,2024-10,6,JP01,Software,587960.11,628987.94,41027.82999999996,0.06977995497007435,0.06977995497007435
2024-04,2024-10,6,JP01,Spare Parts,2772381.75,2788295.67,15913.919999999925,0.0057401618662364685,0.0057401618662364685
2024-04,2024-10,6,US01,Events,1864919.16,2830510.49,965591.3300000003,0.5177657834777141,0.5177657834777141
2024-04,2024-10,6,US01,Hardware,5642968.0,5742739.29,99771.29000000004,0.017680640755006947,0.017680640755006947
2024-04,2024-10,6,US01,Software,892544.8200000001,937497.84,44953.0199999999,0.05036500015763903,0.05036500015763903
2024-04,2024-11,7,DE01,Hardware,5222703.91,5291887.37,69183.45999999996,0.013246674747831906,0.013246674747831906
2024-04,2024-11,7,DE01,Software,695366.55,776289.74,80923.18999999994,0.11637486732716715,0.11637486732716715
2024-04,2024-11,7,ES01,Events,2440235.3,3660925.07,1220689.77,0.5002344528005148,0.5002344528005148
2024-04,2024-11,7,ES01,Hardware,5077784.9,4653928.66,-423856.2400000002,0.08347266541361376,-0.08347266541361376
2024-04,2024-11,7,ES01,Spare Parts,2039663.45,2071538.43,31874.97999999998,0.015627568361829488,0.015627568361829488
2024-04,2024-11,7,JP01,Hardware,3505116.83,3241931.33,-263185.5,0.07508608493372244,-0.07508608493372244
2024-04,2024-11,7,JP01,Software,561586.11,657733.72,96147.60999999999,0.17120724371192156,0.17120724371192156
2024-04,2024-11,7,JP01,Spare Parts,2860046.49,2903346.48,43299.98999999976,0.015139610545281644,0.015139610545281644
2024-04,2024-11,7,US01,Events,2829480.63,2941390.54,111909.91000000015,0.03955139639885082,0.03955139639885082
2024-04,2024-11,7,US01,Hardware,5799608.56,5972530.78,172922.22000000067,0.029816188146325636,0.029816188146325636
2024-04,2024-11,7,US01,Software,865642.11,980343.03,114700.92000000004,0.13250385889845406,0.13250385889845406
2024-04,2024-12,8,DE01,Hardware,5533512.32,5591387.69,57875.37000000011,0.010459065897588913,0.010459065897588913
2024-04,2024-12,8,DE01,Software,687696.76,824710.18,137013.42000000004,0.19923522687528736,0.19923522687528736
2024-04,2024-12,8,ES01,Events,2683882.17,3864990.94,1181108.77,0.44007474813993047,0.44007474813993047
2024-04,2024-12,8,ES01,Hardware,5111308.99,4917322.99,-193986.0,0.03795231326838646,-0.03795231326838646
2024-04,2024-12,8,ES01,Spare Parts,2180696.77,2191405.53,10708.759999999776,0.00491070567321461,0.00491070567321461
2024-04,2024-12,8,JP01,Hardware,3568673.5,3425412.09,-143261.41000000015,0.04014416281007499,-0.04014416281007499
2024-04,2024-12,8,JP01,Software,581547.28,698759.32,117212.03999999992,0.2015520388987116,0.2015520388987116
2024-04,2024-12,8,JP01,Spare Parts,3041330.91,3071345.17,30014.259999999776,0.009868791291770278,0.009868791291770278
2024-04,2024-12,8,US01,Events,2104401.94,3105348.39,1000946.4500000002,0.4756441395411374,0.4756441395411374
2024-04,2024-12,8,US01,Hardware,6191156.26,6310552.89,119396.62999999989,0.019285029320193558,0.019285029320193558
2024-04,2024-12,8,US01,Software,878484.84,1041491.13,163006.29000000004,0.18555390210262485,0.18555390210262485
2024-04,2025-01,9,DE01,Hardware,4346465.42,4181819.66,-164645.75999999978,0.03788037959358705,-0.03788037959358705
2024-04,2025-01,9,DE01,Software,730802.6,620176.84,-110625.76000000001,0.15137570665457403,-0.15137570665457403
2024-04,2025-01,9,ES01,Events,2528238.4,2888303.33,360064.93000000017,0.14241731713275146,0.14241731713275146
2024-04,2025-01,9,ES01,Hardware,3735081.48,3677684.16,-57397.31999999983,0.015367086449744554,-0.015367086449744554
2024-04,2025-01,9,ES01,Spare Parts,1647022.14,1640926.75,-6095.389999999898,0.0037008549259695427,-0.0037008549259695427
2024-04,2025-01,9,JP01,Hardware,2307558.84,2561878.45,254319.61000000034,0.11021153852787578,0.11021153852787578
2024-04,2025-01,9,JP01,Software,598285.56,525462.59,-72822.97000000009,0.12171941773089105,-0.12171941773089105
2024-04,2025-01,9,JP01,Spare Parts,2311810.7399999998,2299826.46,-11984.279999999795,0.005183936467048248,-0.005183936467048248
2024-04,2025-01,9,US01,Events,2553570.29,2320623.32,-232946.9700000002,0.09122402892618249,-0.09122402892618249
2024-04,2025-01,9,US01,Hardware,4843942.49,4719685.99,-124256.5,0.025651935434105454,-0.025651935434105454
2024-04,2025-01,9,US01,Software,922508.64,783194.74,-139313.90000000002,0.15101636338061833,-0.15101636338061833
2024-04,2025-02,10,DE01,Hardware,4671905.56,4384453.66,-287451.89999999944,0.06152776341651895,-0.06152776341651895
2024-04,2025-02,10,DE01,Software,732179.75,653783.9,-78395.84999999998,0.10707186315928564,-0.10707186315928564
2024-04,2025-02,10,ES01,Events,2673720.76,3025809.7,352088.9400000004,0.13168500812328676,0.13168500812328676
2024-04,2025-02,10,ES01,Hardware,3932186.89,3855889.8,-76297.09000000032,0.019403220684660875,-0.019403220684660875
2024-04,2025-02,10,ES01,Spare Parts,1744113.25,1722503.54,-21609.709999999963,0.01239008418748035,-0.01239008418748035
2024-04,2025-02,10,JP01,Hardware,2538483.48,2686016.67,147533.18999999994,0.05811863309821498,0.05811863309821498
2024-04,2025-02,10,JP01,Software,606867.23,553937.13,-52930.09999999998,0.08721858321465138,-0.08721858321465138
2024-04,2025-02,10,JP01,Spare Parts,2431383.99,2414159.7,-17224.290000000037,0.007084150455395586,-0.007084150455395586
2024-04,2025-02,10,US01,Events,1986978.21,2431103.57,444125.35999999987,0.223517982112144,0.223517982112144
2024-04,2025-02,10,US01,Hardware,5024694.01,4948382.8,-76311.20999999996,0.015187235252162144,-0.015187235252162144
2024-04,2025-02,10,US01,Software,920625.16,825635.66,-94989.5,0.10317934391452,-0.10317934391452
2024-04,2025-03,11,DE01,Hardware,5044531.37,4731598.45,-312932.9199999999,0.06203409138478604,-0.06203409138478604
2024-04,2025-03,11,DE01,Software,750166.51,709406.42,-40760.08999999997,0.05433472363355699,-0.05433472363355699
2024-04,2025-03,11,ES01,Events,1771646.13,3262741.25,1491095.12,0.841643878396867,0.841643878396867
2024-04,2025-03,11,ES01,Hardware,4581028.1,4161184.86,-419843.23999999976,0.09164825686181663,-0.09164825686181663
2024-04,2025-03,11,ES01,Spare Parts,1924143.48,1861115.24,-63028.23999999999,0.03275651772080947,-0.03275651772080947
2024-04,2025-03,11,JP01,Hardware,3071011.94,2898685.52,-172326.41999999993,0.05611388798442768,-0.05611388798442768
2024-04,2025-03,11,JP01,Software,600048.53,601064.9,1016.3699999999953,0.0016938129987586093,0.0016938129987586093
2024-04,2025-03,11,JP01,Spare Parts,2660137.21,2608429.71,-51707.5,0.019437907114573237,-0.019437907114573237
2024-04,2025-03,11,US01,Events,2175443.6,2621467.54,446023.93999999994,0.20502666214835444,0.20502666214835444
2024-04,2025-03,11,US01,Hardware,5643557.42,5340177.41,-303380.0099999998,0.053756874861388367,-0.053756874861388367
2024-04,2025-03,11,US01,Software,925532.31,895878.95,-29653.360000000102,0.032039248851290884,-0.032039248851290884
2024-04,2025-04,12,DE01,Hardware,4804531.26,4841044.66,36513.40000000037,0.007599784042200274,0.007599784042200274
2024-04,2025-04,12,DE01,Software,761822.84,729784.8,-32038.03999999992,0.042054449299524704,-0.042054449299524704
2024-04,2025-04,12,ES01,Events,2047813.5299999998,3335511.7,1287698.1700000004,0.6288161256557381,0.6288161256557381
2024-04,2025-04,12,ES01,Hardware,4490297.08,4257436.89,-232860.1900000004,0.05185852647415489,-0.05185852647415489
2024-04,2025-04,12,ES01,Spare Parts,1934873.53,1906449.12,-28424.409999999916,0.014690577735072905,-0.014690577735072905
2024-04,2025-04,12,JP01,Hardware,3179389.49,2965734.77,-213654.7200000002,0.0671999201959997,-0.0671999201959997
2024-04,2025-04,12,JP01,Software,618173.43,618331.07,157.63999999989755,0.00025500934260454635,0.00025500934260454635
2024-04,2025-04,12,JP01,Spare Parts,2685766.17,2671967.02,-13799.149999999907,0.0051378821262015924,-0.0051378821262015924
2024-04,2025-04,12,US01,Events,2207176.32,2679935.36,472759.04000000004,0.2141917869071738,0.2141917869071738
2024-04,2025-04,12,US01,Hardware,5414874.6,5463700.61,48826.01000000071,0.009017015832647484,0.009017015832647484
2024-04,2025-04,12,US01,Software,940565.21,921613.94,-18951.27000000002,0.02014881030949467,-0.02014881030949467
2024-04,2025-05,13,DE01,Hardware,5113897.66,4951080.29,-162817.3700000001,0.03183821437678127,-0.03183821437678127
2024-04,2025-05,13,DE01,Software,763763.57,750454.19,-13309.380000000005,0.017426047173210953,-0.017426047173210953
2024-04,2025-05,13,ES01,Events,2691589.14,3408568.1,716978.96,0.26637756459368084,0.26637756459368084
2024-04,2025-05,13,ES01,Hardware,4691848.15,4354207.27,-337640.8800000008,0.07196330085831971,-0.07196330085831971
2024-04,2025-05,13,ES01,Spare Parts,1975457.31,1952121.51,-23335.800000000047,0.011812859676527277,-0.011812859676527277
2024-04,2025-05,13,JP01,Hardware,3268108.44,3033145.12,-234963.31999999983,0.0718958150605308,-0.0718958150605308
2024-04,2025-05,13,JP01,Software,616363.4,635843.81,19480.410000000033,0.03160539707581604,0.03160539707581604
2024-04,2025-05,13,JP01,Spare Parts,2734857.58,2735978.74,1121.160000000149,0.00040995187764042505,0.00040995187764042505
2024-04,2025-05,13,US01,Events,3069954.84,2738632.93,-331321.9099999997,0.10792403382715549,-0.10792403382715549
2024-04,2025-05,13,US01,Hardware,5637315.36,5587889.04,-49426.3200000003,0.008767705342636765,-0.008767705342636765
2024-04,2025-05,13,US01,Software,951877.53,947716.43,-4161.099999999977,0.004371465728369464,-0.004371465728369464
2024-04,2025-06,14,DE01,Hardware,5113854.93,5061707.82,-52147.109999999404,0.010197221218396864,-0.010197221218396864
2024-04,2025-06,14,DE01,Software,768954.13,771418.03,2463.9000000000233,0.003204222337683554,0.003204222337683554
2024-04,2025-06,14,ES01,Events,3323926.6,3481911.31,157984.70999999996,0.04752954231901509,0.04752954231901509
2024-04,2025-06,14,ES01,Hardware,4808227.65,4451498.2,-356729.4500000002,0.07419146429142143,-0.07419146429142143
2024-04,2025-06,14,ES01,Spare Parts,2037961.34,1998134.39,-39826.950000000186,0.0195425444135266,-0.0195425444135266
2024-04,2025-06,14,JP01,Hardware,3267211.05,3100918.07,-166292.97999999998,0.05089753231582637,-0.05089753231582637
2024-04,2025-06,14,JP01,Software,635120.07,653606.02,18485.95000000007,0.029106228685231238,0.029106228685231238
2024-04,2025-06,14,JP01,Spare Parts,2823049.9,2800467.7,-22582.19999999972,0.007999220984368616,-0.007999220984368616
2024-04,2025-06,14,US01,Events,2256814.93,2797560.94,540746.0099999998,0.23960582802418795,0.23960582802418795
2024-04,2025-06,14,US01,Hardware,5719263.22,5712745.51,-6517.709999999963,0.0011396065803035314,-0.0011396065803035314
2024-04,2025-06,14,US01,Software,962174.36,974190.76,12016.400000000023,0.012488796729108458,0.012488796729108458
2024-04,2025-07,15,DE01,Hardware,4722270.85,4592788.09,-129482.75999999978,0.027419596230910767,-0.027419596230910767
2024-04,2025-07,15,DE01,Software,770646.51,703781.13,-66865.38,0.08676530566523945,-0.08676530566523945
2024-04,2025-07,15,ES01,Events,3546902.57,3156789.81,-390112.7599999998,0.10998688356979588,-0.10998688356979588
2024-04,2025-07,15,ES01,Hardware,4357362.47,4039108.67,-318253.7999999998,0.07303817439819273,-0.07303817439819273
2024-04,2025-07,15,ES01,Spare Parts,1860477.6,1815201.23,-45276.37000000011,0.02433588558120781,-0.02433588558120781
2024-04,2025-07,15,JP01,Hardware,2913153.02,2813647.12,-99505.8999999999,0.034157457338097504,-0.034157457338097504
2024-04,2025-07,15,JP01,Software,638190.11,596298.72,-41891.390000000014,0.0656409263377648,-0.0656409263377648
2024-04,2025-07,15,JP01,Spare Parts,2571194.41,2544079.33,-27115.080000000075,0.010545713655312464,-0.010545713655312464
2024-04,2025-07,15,US01,Events,1513970.65,2536340.27,1022369.6200000001,0.675290250838086,0.675290250838086
2024-04,2025-07,15,US01,Hardware,5224763.8,5183513.25,-41250.549999999814,0.007895199013589822,-0.007895199013589822
2024-04,2025-07,15,US01,Software,983710.2,888775.01,-94935.18999999994,0.09650727419518466,-0.09650727419518466
2024-04,2025-08,16,DE01,Hardware,4305816.89,4072650.27,-233166.61999999965,0.05415154103313475,-0.05415154103313475
2024-04,2025-08,16,DE01,Software,783265.11,627490.02,-155775.08999999997,0.19887913812476593,-0.19887913812476593
2024-04,2025-08,16,ES01,Events,1659616.36,2797016.34,1137399.9799999997,0.6853390984890024,0.6853390984890024
2024-04,2025-08,16,ES01,Hardware,3706548.86,3581675.59,-124873.27000000002,0.03368990257961958,-0.03368990257961958
2024-04,2025-08,16,ES01,Spare Parts,1649564.19,1611559.08,-38005.10999999987,0.023039485356432157,-0.023039485356432157
2024-04,2025-08,16,JP01,Hardware,2264184.89,2494998.78,230813.88999999966,0.10194127300266528,0.10194127300266528
2024-04,2025-08,16,JP01,Software,658777.62,531658.89,-127118.72999999998,0.19296151863811037,-0.19296151863811037
2024-04,2025-08,16,JP01,Spare Parts,2267916.03,2258666.47,-9249.55999999959,0.004078440241017032,-0.004078440241017032
2024-04,2025-08,16,US01,Events,1368544.87,2247278.27,878733.3999999999,0.6420932329387197,0.6420932329387197
2024-04,2025-08,16,US01,Hardware,4496825.37,4596475.21,99649.83999999985,0.02216004220773195,0.02216004220773195
2024-04,2025-08,16,US01,Software,979283.84,792430.24,-186853.59999999998,0.19080637540184467,-0.19080637540184467
2024-04,2025-09,17,DE01,Hardware,5132921.29,5056804.92,-76116.37000000011,0.014829054586964086,-0.014829054586964086
2024-04,2025-09,17,DE01,Software,803407.79,783383.46,-20024.330000000075,0.024924241772662017,-0.024924241772662017
2024-04,2025-09,17,ES01,Events,2098177.43,3470105.76,1371928.3299999996,0.6538666894343628,0.6538666894343628
2024-04,2025-09,17,ES01,Hardware,4752466.38,4447186.37,-305280.0099999998,0.06423612196074069,-0.06423612196074069
2024-04,2025-09,17,ES01,Spare Parts,2061119.91,2003392.58,-57727.32999999984,0.0280077494375375,-0.0280077494375375
2024-04,2025-09,17,JP01,Hardware,3420851.08,3097914.45,-322936.6299999999,0.0944024228029242,-0.0944024228029242
2024-04,2025-09,17,JP01,Software,665617.74,663744.07,-1873.670000000042,0.0028149339889889983,-0.0028149339889889983
2024-04,2025-09,17,JP01,Spare Parts,2827480.22,2807837.26,-19642.96000000043,0.006947160889422748,-0.006947160889422748
2024-04,2025-09,17,US01,Events,3680310.3,2788075.7,-892234.5999999996,0.24243461210322392,-0.24243461210322392
2024-04,2025-09,17,US01,Hardware,5710211.41,5707212.0,-2999.410000000149,0.0005252712701227552,-0.0005252712701227552
2024-04,2025-09,17,US01,Software,987656.78,989301.38,1644.5999999999767,0.0016651533541844129,0.0016651533541844129
2024-04,2025-10,18,DE01,Hardware,5456597.86,5266373.36,-190224.5,0.034861374226320574,-0.034861374226320574
2024-04,2025-10,18,DE01,Software,819095.4,820310.62,1215.219999999972,0.001483612287408734,0.001483612287408734
2024-04,2025-10,18,ES01,Events,3244030.3,3610994.14,366963.8400000003,0.11311973257463111,0.11311973257463111
2024-04,2025-10,18,ES01,Hardware,5042217.8,4631490.47,-410727.3300000001,0.0814576732484662,-0.0814576732484662
2024-04,2025-10,18,ES01,Spare Parts,2137107.6,2088922.13,-48185.470000000205,0.022547049105061535,-0.022547049105061535
2024-04,2025-10,18,JP01,Hardware,3573820.2199999997,3226300.87,-347519.3499999996,0.09724029990518092,-0.09724029990518092
2024-04,2025-10,18,JP01,Software,678511.8099999999,695031.67,16519.860000000102,0.024347195961113934,0.024347195961113934
2024-04,2025-10,18,JP01,Spare Parts,2970043.07,2927710.46,-42332.60999999987,0.014253197345047212,-0.014253197345047212
2024-04,2025-10,18,US01,Events,2152138.58,2901273.25,749134.6699999999,0.3480884906584407,0.3480884906584407
2024-04,2025-10,18,US01,Hardware,5845785.48,5943735.17,97949.68999999948,0.01675560800770258,0.01675560800770258
2024-04,2025-10,18,US01,Software,1012386.25,1035935.12,23548.869999999995,0.023260756455354855,0.023260756455354855
2024-04,2025-11,19,DE01,Hardware,5643282.3,5477103.43,-166178.8700000001,0.029447201321117698,-0.029447201321117698
2024-04,2025-11,19,DE01,Software,824405.33,857800.17,33394.840000000084,0.040507792447193526,0.040507792447193526
2024-04,2025-11,19,ES01,Events,3330726.18,3752448.2,421722.02,0.12661563791473246,0.12661563791473246
2024-04,2025-11,19,ES01,Hardware,5042528.53,4816816.16,-225712.3700000001,0.04476174376746662,-0.04476174376746662
2024-04,2025-11,19,ES01,Spare Parts,2246247.57,2175115.35,-71132.21999999974,0.031667132755095084,-0.031667132755095084
2024-04,2025-11,19,JP01,Hardware,3715131.39,3355398.93,-359732.45999999996,0.09682900070998564,-0.09682900070998564
2024-04,2025-11,19,JP01,Software,690835.74,726795.76,35960.02000000002,0.05205292360815035,0.05205292360815035
2024-04,2025-11,19,JP01,Spare Parts,3080239.12,3048513.81,-31725.310000000056,0.010299625699189241,-0.010299625699189241
2024-04,2025-11,19,US01,Events,2247091.5,3014925.3,767833.7999999998,0.3417011723821659,0.3417011723821659
2024-04,2025-11,19,US01,Hardware,6014569.7,6181569.36,166999.66000000015,0.027765853307843476,0.027765853307843476
2024-04,2025-11,19,US01,Software,1040772.17,1083279.05,42506.880000000005,0.04084167623352189,0.04084167623352189
2024-04,2025-12,20,DE01,Hardware,5888462.87,5787086.26,-101376.61000000034,0.0172161415021371,-0.0172161415021371
2024-04,2025-12,20,DE01,Software,827130.13,911304.75,84174.62,0.10176708228486368,0.10176708228486368
2024-04,2025-12,20,ES01,Events,2470654.47,3961615.72,1490961.25,0.603468136926488,0.603468136926488
2024-04,2025-12,20,ES01,Hardware,5478749.67,5089429.29,-389320.3799999999,0.07106007820211284,-0.07106007820211284
2024-04,2025-12,20,ES01,Spare Parts,2349745.46,2300975.81,-48769.64999999991,0.02075529066029131,-0.02075529066029131
2024-04,2025-12,20,JP01,Hardware,3812651.53,3545301.51,-267350.02,0.07012180837832825,-0.07012180837832825
2024-04,2025-12,20,JP01,Software,696583.87,772129.05,75545.18000000005,0.10845094647396882,0.10845094647396882
2024-04,2025-12,20,JP01,Spare Parts,3250211.08,3224912.43,-25298.649999999907,0.007783694467006711,-0.007783694467006711
2024-04,2025-12,20,US01,Events,2120276.55,3182982.1,1062705.5500000003,0.5012108208242931,0.5012108208242931
2024-04,2025-12,20,US01,Hardware,6382523.77,6531422.24,148898.47000000067,0.023329089771646973,0.023329089771646973
2024-04,2025-12,20,US01,Software,1033741.14,1150847.7,117106.55999999994,0.11328422123163245,0.11328422123163245
2024-04,2026-01,21,DE01,Hardware,4361789.12,4328183.35,-33605.770000000484,0.0077045838474649785,-0.0077045838474649785
2024-04,2026-01,21,DE01,Software,824720.26,685295.41,-139424.84999999998,0.16905714187256654,-0.16905714187256654
2024-04,2026-01,21,ES01,Events,4029079.65,2960510.91,-1068568.7399999998,0.26521410168696957,-0.26521410168696957
2024-04,2026-01,21,ES01,Hardware,3969315.91,3806403.11,-162912.80000000028,0.04104304209941311,-0.04104304209941311
2024-04,2026-01,21,ES01,Spare Parts,1730376.87,1722973.08,-7403.790000000037,0.004278715306683473,-0.004278715306683473
2024-04,2026-01,21,JP01,Hardware,2301293.04,2651544.19,350251.1499999999,0.15219754455955767,0.15219754455955767
2024-04,2026-01,21,JP01,Software,666552.84,580636.16,-85916.67999999993,0.12889702787853988,-0.12889702787853988
2024-04,2026-01,21,JP01,Spare Parts,2397037.82,2414817.78,17779.959999999963,0.007417471619200386,0.007417471619200386
2024-04,2026-01,21,US01,Events,1694382.05,2378638.9,684256.8499999999,0.4038385852824632,0.4038385852824632
2024-04,2026-01,21,US01,Hardware,4715868.51,4884874.99,169006.48000000045,0.0358378270389902,0.0358378270389902
2024-04,2026-01,21,US01,Software,1019508.7,865430.19,-154078.51,0.15113015710410319,-0.15113015710410319
2024-04,2026-02,22,DE01,Hardware,4590563.92,4537909.54,-52654.37999999989,0.011470133281577286,-0.011470133281577286
2024-04,2026-02,22,DE01,Software,838223.83,722431.21,-115792.62,0.13814045348722667,-0.13814045348722667
2024-04,2026-02,22,ES01,Events,2671339.66,3101454.95,430115.29000000004,0.16101108235708222,0.16101108235708222
2024-04,2026-02,22,ES01,Hardware,4158406.09,3990845.95,-167560.13999999966,0.04029431863399365,-0.04029431863399365
2024-04,2026-02,22,ES01,Spare Parts,1839318.77,1808628.72,-30690.050000000047,0.016685552553786013,-0.016685552553786013
2024-04,2026-02,22,JP01,Hardware,2845134.32,2780027.26,-65107.060000000056,0.022883650709327515,-0.022883650709327515
2024-04,2026-02,22,JP01,Software,688429.15,612100.53,-76328.62,0.11087360260674609,-0.11087360260674609
2024-04,2026-02,22,JP01,Spare Parts,2545994.33,2534867.69,-11126.64000000013,0.004370253251899477,-0.004370253251899477
2024-04,2026-02,22,US01,Events,2126392.69,2491881.16,365488.4700000002,0.17188192553464818,0.17188192553464818
2024-04,2026-02,22,US01,Hardware,5150460.5,5121576.2,-28884.299999999814,0.005608100479559025,-0.005608100479559025
2024-04,2026-02,22,US01,Software,1031074.72,912327.4,-118747.31999999995,0.11516849137761806,-0.11516849137761806
2024-04,2026-03,23,DE01,Hardware,5078909.1,4897204.39,-181704.70999999996,0.03577632645561622,-0.03577632645561622
2024-04,2026-03,23,DE01,Software,860159.24,783894.09,-76265.15000000002,0.08866398970497605,-0.08866398970497605
2024-04,2026-03,23,ES01,Events,4347630.29,3344309.78,-1003320.5100000002,0.2307741098197198,-0.2307741098197198
2024-04,2026-03,23,ES01,Hardware,4575854.05,4306826.33,-269027.71999999974,0.058792897907222315,-0.058792897907222315
2024-04,2026-03,23,ES01,Spare Parts,2016743.57,1954171.0,-62572.570000000065,0.031026537498765924,-0.031026537498765924
2024-04,2026-03,23,JP01,Hardware,3265538.72,3000139.51,-265399.2100000004,0.08127271876292448,-0.08127271876292448
2024-04,2026-03,23,JP01,Software,727869.52,664176.72,-63692.80000000005,0.08750579362081276,-0.08750579362081276
2024-04,2026-03,23,JP01,Spare Parts,2806973.74,2738851.2,-68122.54000000004,0.024269033596302912,-0.024269033596302912
2024-04,2026-03,23,US01,Events,2052129.69,2687004.23,634874.54,0.3093734977344439,0.3093734977344439
2024-04,2026-03,23,US01,Hardware,5641419.01,5527083.62,-114335.38999999966,0.02026713310912172,-0.02026713310912172
2024-04,2026-03,23,US01,Software,1086297.7,989946.24,-96351.45999999996,0.08869710393384794,-0.08869710393384794
2024-04,2026-04,24,DE01,Hardware,5292387.16,5010481.22,-281905.9400000004,0.05326631092499295,-0.05326631092499295
2024-04,2026-04,24,DE01,Software,883747.55,806412.21,-77335.34000000008,0.08750840667111336,-0.08750840667111336
2024-04,2026-04,24,ES01,Events,1899602.31,3418899.5,1519297.19,0.7997975060369346,0.7997975060369346
2024-04,2026-04,24,ES01,Hardware,4826801.56,4406447.18,-420354.3799999999,0.0870875619755124,-0.0870875619755124
2024-04,2026-04,24,ES01,Spare Parts,2107476.69,2001771.58,-105705.10999999987,0.050157190587953725,-0.050157190587953725
2024-04,2026-04,24,JP01,Hardware,3471706.0,3069535.49,-402170.5099999998,0.11584232939079513,-0.11584232939079513
2024-04,2026-04,24,JP01,Software,741056.59,683255.84,-57800.75,0.07799775453046036,-0.07799775453046036
2024-04,2026-04,24,JP01,Spare Parts,2940055.28,2805565.37,-134489.90999999968,0.04574400723512916,-0.04574400723512916
2024-04,2026-04,24,US01,Events,2301375.69,2746933.75,445558.06000000006,0.19360509539405105,0.19360509539405105
2024-04,2026-04,24,US01,Hardware,6025098.71,5654930.13,-370168.5800000001,0.06143776190514895,-0.06143776190514895
2024-04,2026-04,24,US01,Software,1101695.33,1018383.4,-83311.93000000005,0.07562156953138763,-0.07562156953138763
2024-05,2024-06,1,DE01,Hardware,4807728.45,4591603.24,-216125.20999999996,0.04495370573602175,-0.04495370573602175
2024-05,2024-06,1,DE01,Software,656988.94,679646.72,22657.780000000028,0.034487308112066586,0.034487308112066586
2024-05,2024-06,1,ES01,Events,1397466.0699999998,2484156.35,1086690.2800000003,0.777614786740404,0.777614786740404
2024-05,2024-06,1,ES01,Hardware,4392488.7299999995,4296133.38,-96355.34999999963,0.021936390944365527,-0.021936390944365527
2024-05,2024-06,1,ES01,Spare Parts,1888814.21,1876306.08,-12508.129999999888,0.006622212991504278,-0.006622212991504278
2024-05,2024-06,1,JP01,Hardware,3107849.63,2911593.2,-196256.4299999997,0.06314862472931154,-0.06314862472931154
2024-05,2024-06,1,JP01,Software,542679.19,572130.18,29450.990000000107,0.054269613692023294,0.054269613692023294
2024-05,2024-06,1,JP01,Spare Parts,2649914.62,2610709.92,-39204.700000000186,0.014794703083679046,-0.014794703083679046
2024-05,2024-06,1,US01,Events,2148678.5,2580022.72,431344.2200000002,0.20074860897058364,0.20074860897058364
2024-05,2024-06,1,US01,Hardware,5518709.22,5427065.79,-91643.4299999997,0.01660595373785606,-0.01660595373785606
2024-05,2024-06,1,US01,Software,821079.78,853447.68,32367.900000000023,0.03942113883257486,0.03942113883257486
2024-05,2024-07,2,DE01,Hardware,4464500.39,4166234.29,-298266.0999999996,0.06680839376071813,-0.06680839376071813
2024-05,2024-07,2,DE01,Software,682672.37,620056.2,-62616.17000000004,0.09172213898154402,-0.09172213898154402
2024-05,2024-07,2,ES01,Events,2504478.81,2252199.66,-252279.1499999999,0.1007311976418758,-0.1007311976418758
2024-05,2024-07,2,ES01,Hardware,4085439.19,3898136.94,-187302.25,0.04584629492429185,-0.04584629492429185
2024-05,2024-07,2,ES01,Spare Parts,1737515.97,1704526.54,-32989.429999999935,0.018986547789831214,-0.018986547789831214
2024-05,2024-07,2,JP01,Hardware,2664367.11,2641861.42,-22505.689999999944,0.008446917812313014,-0.008446917812313014
2024-05,2024-07,2,JP01,Software,561375.93,521966.57,-39409.360000000044,0.07020137112041844,-0.07020137112041844
2024-05,2024-07,2,JP01,Spare Parts,2403290.82,2371694.25,-31596.569999999832,0.013147210373815615,-0.013147210373815615
2024-05,2024-07,2,US01,Events,1844951.43,2339114.56,494163.1300000001,0.26784614595518114,0.26784614595518114
2024-05,2024-07,2,US01,Hardware,4990048.49,4924299.08,-65749.41000000015,0.013176106430981825,-0.013176106430981825
2024-05,2024-07,2,US01,Software,853952.24,778618.52,-75333.71999999997,0.08821772046642792,-0.08821772046642792
2024-05,2024-08,3,DE01,Hardware,3838165.59,3694404.11,-143761.47999999998,0.03745577845170562,-0.03745577845170562
2024-05,2024-08,3,DE01,Software,699532.71,552841.02,-146691.68999999994,0.2096995435710218,-0.2096995435710218
2024-05,2024-08,3,ES01,Events,2331501.62,1995520.64,-335980.9800000002,0.14410497385800666,-0.14410497385800666
2024-05,2024-08,3,ES01,Hardware,3502867.83,3456669.05,-46198.78000000026,0.013188844752957824,-0.013188844752957824
2024-05,2024-08,3,ES01,Spare Parts,1529000.46,1513300.67,-15699.790000000037,0.010268008683267523,-0.010268008683267523
2024-05,2024-08,3,JP01,Hardware,1840294.67,2342667.98,502373.31000000006,0.2729852551276476,0.2729852551276476
2024-05,2024-08,3,JP01,Software,564883.49,465384.47,-99499.02000000002,0.17614078258863614,-0.17614078258863614
2024-05,2024-08,3,JP01,Spare Parts,2136898.65,2105620.78,-31277.87000000011,0.014637039524546525,-0.014637039524546525
2024-05,2024-08,3,US01,Events,2658352.13,2072530.01,-585822.1199999999,0.22037039916152865,-0.22037039916152865
2024-05,2024-08,3,US01,Hardware,4316414.76,4366617.31,50202.549999999814,0.011630613087793217,0.011630613087793217
2024-05,2024-08,3,US01,Software,870131.36,694214.91,-175916.44999999995,0.20217229039992302,-0.20217229039992302
2024-05,2024-09,4,DE01,Hardware,4792003.32,4587155.69,-204847.6299999999,0.04274780636003397,-0.04274780636003397
2024-05,2024-09,4,DE01,Software,703027.46,690188.68,-12838.779999999912,0.018262131610051066,-0.018262131610051066
2024-05,2024-09,4,ES01,Events,2016305.32,2475733.73,459428.4099999999,0.2278565678733615,0.2278565678733615
2024-05,2024-09,4,ES01,Hardware,4531178.97,4291972.04,-239206.9299999997,0.05279132243147741,-0.05279132243147741
2024-05,2024-09,4,ES01,Spare Parts,1884247.24,1881243.67,-3003.570000000065,0.0015940424039045244,-0.0015940424039045244
2024-05,2024-09,4,JP01,Hardware,2993146.86,2908772.96,-84373.8999999999,0.028189027784623944,-0.028189027784623944
2024-05,2024-09,4,JP01,Software,562061.21,581004.46,18943.25,0.03370317976577676,0.03370317976577676
2024-05,2024-09,4,JP01,Spare Parts,2617325.89,2617580.13,254.23999999975786,9.71373113952416e-05,9.71373113952416e-05
2024-05,2024-09,4,US01,Events,1936768.55,2571275.06,634506.51,0.32761091148449306,0.32761091148449306
2024-05,2024-09,4,US01,Hardware,5557279.61,5421809.0,-135470.61000000034,0.024377144845515578,-0.024377144845515578
2024-05,2024-09,4,US01,Software,867784.87,866685.46,-1099.4100000000326,0.0012669153819195218,-0.0012669153819195218
2024-05,2024-10,5,DE01,Hardware,5183743.28,4777260.53,-406482.75,0.0784149075376279,-0.0784149075376279
2024-05,2024-10,5,DE01,Software,715474.64,722722.83,7248.189999999944,0.01013060365074567,0.01013060365074567
2024-05,2024-10,5,ES01,Events,3338816.35,2576250.0,-762566.3500000001,0.22839421820849778,-0.22839421820849778
2024-05,2024-10,5,ES01,Hardware,4702329.59,4469843.62,-232485.96999999974,0.04944059440121035,-0.04944059440121035
2024-05,2024-10,5,ES01,Spare Parts,1995094.17,1961558.4,-33535.77000000002,0.01680911633359142,-0.01680911633359142
2024-05,2024-10,5,JP01,Hardware,3189377.44,3029320.82,-160056.6200000001,0.05018428298658816,-0.05018428298658816
2024-05,2024-10,5,JP01,Software,587960.11,608391.88,20431.77000000002,0.034750265626013334,0.034750265626013334
2024-05,2024-10,5,JP01,Spare Parts,2772381.75,2729330.8,-43050.950000000186,0.015528507212255379,-0.015528507212255379
2024-05,2024-10,5,US01,Events,1864919.16,2675670.36,810751.2,0.4347379861763016,0.4347379861763016
2024-05,2024-10,5,US01,Hardware,5642968.0,5646504.25,3536.25,0.0006266649040008733,0.0006266649040008733
2024-05,2024-10,5,US01,Software,892544.8200000001,907539.32,14994.499999999884,0.01679971656773481,0.01679971656773481
2024-05,2024-11,6,DE01,Hardware,5222703.91,4968419.1,-254284.81000000052,0.04868834503773363,-0.04868834503773363
2024-05,2024-11,6,DE01,Software,695366.55,755752.45,60385.89999999991,0.08684038655583864,0.08684038655583864
2024-05,2024-11,6,ES01,Events,2440235.3,2677169.86,236934.56000000006,0.09709496457165424,0.09709496457165424
2024-05,2024-11,6,ES01,Hardware,5077784.9,4648701.13,-429083.7700000005,0.08450215565452575,-0.08450215565452575
2024-05,2024-11,6,ES01,Spare Parts,2039663.45,2042496.33,2832.880000000121,0.0013888958004322335,0.0013888958004322335
2024-05,2024-11,6,JP01,Hardware,3505116.83,3150536.87,-354579.95999999996,0.10116066801687747,-0.10116066801687747
2024-05,2024-11,6,JP01,Software,561586.11,636196.38,74610.27000000002,0.1328563307949337,0.1328563307949337
2024-05,2024-11,6,JP01,Spare Parts,2860046.49,2841948.6,-18097.89000000013,0.0063278307059967155,-0.0063278307059967155
2024-05,2024-11,6,US01,Events,2829480.63,2780484.84,-48995.79000000004,0.01731617791636907,-0.01731617791636907
2024-05,2024-11,6,US01,Hardware,5799608.56,5872444.97,72836.41000000015,0.012558849316547693,0.012558849316547693
2024-05,2024-11,6,US01,Software,865642.11,949015.36,83373.25,0.09631376412591573,0.09631376412591573
2024-05,2024-12,7,DE01,Hardware,5533512.32,5249612.37,-283899.9500000002,0.051305560299177246,-0.051305560299177246
2024-05,2024-12,7,DE01,Software,687696.76,802891.89,115195.13,0.16750861237153422,0.16750861237153422
2024-05,2024-12,7,ES01,Events,2683882.17,2826399.63,142517.45999999996,0.05310123581170479,0.05310123581170479
2024-05,2024-12,7,ES01,Hardware,5111308.99,4911799.6,-199509.3900000006,0.03903293469252787,-0.03903293469252787
2024-05,2024-12,7,ES01,Spare Parts,2180696.77,2160682.95,-20013.819999999832,0.009177718000655283,-0.009177718000655283
2024-05,2024-12,7,JP01,Hardware,3568673.5,3328845.05,-239828.4500000002,0.06720380836184654,-0.06720380836184654
2024-05,2024-12,7,JP01,Software,581547.28,675878.61,94331.32999999996,0.16220749927675693,0.16220749927675693
2024-05,2024-12,7,JP01,Spare Parts,3041330.91,3006394.57,-34936.34000000032,0.011487188021904631,-0.011487188021904631
2024-05,2024-12,7,US01,Events,2104401.94,2935473.55,831071.6099999999,0.3949205682636844,0.3949205682636844
2024-05,2024-12,7,US01,Hardware,6191156.26,6204802.6,13646.339999999851,0.002204166625250039,0.002204166625250039
2024-05,2024-12,7,US01,Software,878484.84,1008209.42,129724.58000000007,0.14766854713167285,0.14766854713167285
2024-05,2025-01,8,DE01,Hardware,4346465.42,3926204.63,-420260.79000000004,0.0966902412397428,-0.0966902412397428
2024-05,2025-01,8,DE01,Software,730802.6,603769.62,-127032.97999999998,0.1738266667359968,-0.1738266667359968
2024-05,2025-01,8,ES01,Events,2528238.4,2112165.22,-416073.1799999997,0.16457039019738,-0.16457039019738
2024-05,2025-01,8,ES01,Hardware,3735081.48,3673553.2,-61528.279999999795,0.016473075709180995,-0.016473075709180995
2024-05,2025-01,8,ES01,Spare Parts,1647022.14,1617921.64,-29100.5,0.017668554230849624,-0.017668554230849624
2024-05,2025-01,8,JP01,Hardware,2307558.84,2489655.6,182096.76000000024,0.07891316002152311,0.07891316002152311
2024-05,2025-01,8,JP01,Software,598285.56,508256.44,-90029.12000000005,0.15047851062960643,-0.15047851062960643
2024-05,2025-01,8,JP01,Spare Parts,2311810.7399999998,2251191.38,-60619.35999999987,0.026221592862744413,-0.026221592862744413
2024-05,2025-01,8,US01,Events,2553570.29,2193676.04,-359894.25,0.14093767123206935,-0.14093767123206935
2024-05,2025-01,8,US01,Hardware,4843942.49,4640594.96,-203347.53000000026,0.04197975727824965,-0.04197975727824965
2024-05,2025-01,8,US01,Software,922508.64,758167.11,-164341.53000000003,0.17814633150752932,-0.17814633150752932
2024-05,2025-02,9,DE01,Hardware,4671905.56,4116452.56,-555452.9999999995,0.1188921721268697,-0.1188921721268697
2024-05,2025-02,9,DE01,Software,732179.75,636487.59,-95692.16000000003,0.13069490108132603,-0.13069490108132603
2024-05,2025-02,9,ES01,Events,2673720.76,2212721.21,-460999.5499999998,0.17241873455775533,-0.17241873455775533
2024-05,2025-02,9,ES01,Hardware,3932186.89,3851558.67,-80628.2200000002,0.020504676470247882,-0.020504676470247882
2024-05,2025-02,9,ES01,Spare Parts,1744113.25,1698354.77,-45758.47999999998,0.026235956868053138,-0.026235956868053138
2024-05,2025-02,9,JP01,Hardware,2538483.48,2610294.2,71810.7200000002,0.02828882699681788,0.02828882699681788
2024-05,2025-02,9,JP01,Software,606867.23,535798.6,-71068.63,0.1171073778361702,-0.1171073778361702
2024-05,2025-02,9,JP01,Spare Parts,2431383.99,2363106.79,-68277.20000000019,0.02808161947303115,-0.02808161947303115
2024-05,2025-02,9,US01,Events,1986978.21,2298112.59,311134.3799999999,0.15658670962476226,0.15658670962476226
2024-05,2025-02,9,US01,Hardware,5024694.01,4865459.34,-159234.66999999993,0.031690421283981814,-0.031690421283981814
2024-05,2025-02,9,US01,Software,920625.16,799251.79,-121373.37,0.13183798930717905,-0.13183798930717905
2024-05,2025-03,10,DE01,Hardware,5044531.37,4442378.01,-602153.3600000003,0.11936755187628069,-0.11936755187628069
2024-05,2025-03,10,DE01,Software,750166.51,690638.57,-59527.94000000006,0.07935296924945377,-0.07935296924945377
2024-05,2025-03,10,ES01,Events,1771646.13,2385985.07,614338.94,0.34676165267834835,0.34676165267834835
2024-05,2025-03,10,ES01,Hardware,4581028.1,4156510.81,-424517.2899999996,0.09266856276214494,-0.09266856276214494
2024-05,2025-03,10,ES01,Spare Parts,1924143.48,1835023.19,-89120.29000000004,0.04631686302312551,-0.04631686302312551
2024-05,2025-03,10,JP01,Hardware,3071011.94,2816967.62,-254044.31999999983,0.08272332539351827,-0.08272332539351827
2024-05,2025-03,10,JP01,Software,600048.53,581383.18,-18665.349999999977,0.031106400677291843,-0.031106400677291843
2024-05,2025-03,10,JP01,Spare Parts,2660137.21,2553268.52,-106868.68999999994,0.04017412695790979,-0.04017412695790979
2024-05,2025-03,10,US01,Events,2175443.6,2478062.89,302619.29000000004,0.1391069343282446,0.1391069343282446
2024-05,2025-03,10,US01,Hardware,5643557.42,5250688.38,-392869.04000000004,0.06961372247365209,-0.06961372247365209
2024-05,2025-03,10,US01,Software,925532.31,867250.4,-58281.91000000003,0.06297123219825791,-0.06297123219825791
2024-05,2025-04,11,DE01,Hardware,4804531.26,4545134.29,-259396.96999999974,0.053990068117487855,-0.053990068117487855
2024-05,2025-04,11,DE01,Software,761822.84,710477.83,-51345.01000000001,0.06739757238047629,-0.06739757238047629
2024-05,2025-04,11,ES01,Events,2047813.5299999998,2439200.81,391387.28000000026,0.19112447215836117,0.19112447215836117
2024-05,2025-04,11,ES01,Hardware,4490297.08,4252654.71,-237642.3700000001,0.05292352950509014,-0.05292352950509014
2024-05,2025-04,11,ES01,Spare Parts,1934873.53,1879721.51,-55152.02000000002,0.028504198928185252,-0.028504198928185252
2024-05,2025-04,11,JP01,Hardware,3179389.49,2882126.66,-297262.8300000001,0.09349682727925229,-0.09349682727925229
2024-05,2025-04,11,JP01,Software,618173.43,598083.97,-20089.46000000008,0.03249809685285257,-0.03249809685285257
2024-05,2025-04,11,JP01,Spare Parts,2685766.17,2615462.18,-70303.98999999976,0.026176511859183838,-0.026176511859183838
2024-05,2025-04,11,US01,Events,2207176.32,2533332.29,326155.9700000002,0.14777069101575005,0.14777069101575005
2024-05,2025-04,11,US01,Hardware,5414874.6,5372141.62,-42732.979999999516,0.007891776478073844,-0.007891776478073844
2024-05,2025-04,11,US01,Software,940565.21,892163.0,-48402.20999999996,0.05146077006186521,-0.05146077006186521
2024-05,2025-05,12,DE01,Hardware,5113897.66,4648443.96,-465453.7000000002,0.09101740608551798,-0.09101740608551798
2024-05,2025-05,12,DE01,Software,763763.57,730600.4,-33163.169999999925,0.04342072769980365,-0.04342072769980365
2024-05,2025-05,12,ES01,Events,2691589.14,2492625.66,-198963.47999999998,0.073920449835074,-0.073920449835074
2024-05,2025-05,12,ES01,Hardware,4691848.15,4349316.4,-342531.75,0.07300571950522311,-0.07300571950522311
2024-05,2025-05,12,ES01,Spare Parts,1975457.31,1924753.58,-50703.72999999998,0.025666831544944892,-0.025666831544944892
2024-05,2025-05,12,JP01,Hardware,3268108.44,2947636.62,-320471.81999999983,0.09806033853637973,-0.09806033853637973
2024-05,2025-05,12,JP01,Software,616363.4,615023.26,-1340.140000000014,0.0021742692703687694,-0.0021742692703687694
2024-05,2025-05,12,JP01,Spare Parts,2734857.58,2678120.23,-56737.35000000009,0.020745998042062612,-0.020745998042062612
2024-05,2025-05,12,US01,Events,3069954.84,2588818.87,-481135.96999999974,0.1567241197593642,-0.1567241197593642
2024-05,2025-05,12,US01,Hardware,5637315.36,5494248.94,-143066.41999999993,0.025378466674959962,-0.025378466674959962
2024-05,2025-05,12,US01,Software,951877.53,917431.36,-34446.17000000004,0.0361876070338587,-0.0361876070338587
2024-05,2025-06,13,DE01,Hardware,5113854.93,4752309.35,-361545.5800000001,0.07069922493870981,-0.07069922493870981
2024-05,2025-06,13,DE01,Software,768954.13,751009.62,-17944.51000000001,0.02333625544088047,-0.02333625544088047
2024-05,2025-06,13,ES01,Events,3323926.6,2546260.26,-777666.3400000003,0.23396014220049272,-0.23396014220049272
2024-05,2025-06,13,ES01,Hardware,4808227.65,4446498.05,-361729.60000000056,0.07523137969559335,-0.07523137969559335
2024-05,2025-06,13,ES01,Spare Parts,2037961.34,1970121.39,-67839.95000000019,0.03328814372896798,-0.03328814372896798
2024-05,2025-06,13,JP01,Hardware,3267211.05,3013498.97,-253712.0799999996,0.07765402238095381,-0.07765402238095381
2024-05,2025-06,13,JP01,Software,635120.07,632203.85,-2916.219999999972,0.004591604230047355,-0.004591604230047355
2024-05,2025-06,13,JP01,Spare Parts,2823049.9,2741245.42,-81804.47999999998,0.0289773411373281,-0.0289773411373281
2024-05,2025-06,13,US01,Events,2256814.93,2644523.29,387708.35999999987,0.1717944856027693,0.1717944856027693
2024-05,2025-06,13,US01,Hardware,5719263.22,5617013.09,-102250.12999999989,0.01787819970279317,-0.01787819970279317
2024-05,2025-06,13,US01,Software,962174.36,943059.69,-19114.670000000042,0.01986611865234077,-0.01986611865234077
2024-05,2025-07,14,DE01,Hardware,4722270.85,4312052.49,-410218.3599999994,0.08686887580791759,-0.08686887580791759
2024-05,2025-07,14,DE01,Software,770646.51,685162.1,-85484.41000000003,0.11092557857687571,-0.11092557857687571
2024-05,2025-07,14,ES01,Events,3546902.57,2308504.65,-1238397.92,0.3491491225257986,-0.3491491225257986
2024-05,2025-07,14,ES01,Hardware,4357362.47,4034571.73,-322790.73999999976,0.0740793868360462,-0.0740793868360462
2024-05,2025-07,14,ES01,Spare Parts,1860477.6,1789752.87,-70724.72999999998,0.03801428729913221,-0.03801428729913221
2024-05,2025-07,14,JP01,Hardware,2913153.02,2734326.57,-178826.4500000002,0.06138587598120753,-0.06138587598120753
2024-05,2025-07,14,JP01,Software,638190.11,576773.06,-61417.04999999993,0.09623629234868578,-0.09623629234868578
2024-05,2025-07,14,JP01,Spare Parts,2571194.41,2490278.97,-80915.43999999994,0.03146998129946928,-0.03146998129946928
2024-05,2025-07,14,US01,Events,1513970.65,2397592.42,883621.77,0.583645244377756,0.583645244377756
2024-05,2025-07,14,US01,Hardware,5224763.8,5096649.54,-128114.25999999978,0.024520584069274057,-0.024520584069274057
2024-05,2025-07,14,US01,Software,983710.2,860373.47,-123336.72999999998,0.1253791309676366,-0.1253791309676366
2024-05,2025-08,15,DE01,Hardware,4305816.89,3823708.25,-482108.63999999966,0.11196682355900177,-0.11196682355900177
2024-05,2025-08,15,DE01,Software,783265.11,610889.32,-172375.79000000004,0.22007336698554086,-0.22007336698554086
2024-05,2025-08,15,ES01,Events,1659616.36,2045408.66,385792.2999999998,0.23245872317142005,0.23245872317142005
2024-05,2025-08,15,ES01,Hardware,3706548.86,3577652.47,-128896.38999999966,0.034775311177201014,-0.034775311177201014
2024-05,2025-08,15,ES01,Spare Parts,1649564.19,1588965.7,-60598.48999999999,0.036736060571247,-0.036736060571247
2024-05,2025-08,15,JP01,Hardware,2264184.89,2424661.36,160476.46999999974,0.0708760449328852,0.0708760449328852
2024-05,2025-08,15,JP01,Software,658777.62,514249.84,-144527.77999999997,0.21938781101883814,-0.21938781101883814
2024-05,2025-08,15,JP01,Spare Parts,2267916.03,2210901.81,-57014.21999999974,0.025139475732705918,-0.025139475732705918
2024-05,2025-08,15,US01,Events,1368544.87,2124343.26,755798.3899999997,0.5522642381466086,0.5522642381466086
2024-05,2025-08,15,US01,Hardware,4496825.37,4519448.91,22623.540000000037,0.005031002571487458,0.005031002571487458
2024-05,2025-08,15,US01,Software,979283.84,767107.47,-212176.37,0.21666483335413766,-0.21666483335413766
2024-05,2025-09,16,DE01,Hardware,5132921.29,4747706.14,-385215.1500000004,0.07504793629905834,-0.07504793629905834
2024-05,2025-09,16,DE01,Software,803407.79,762658.5,-40749.29000000004,0.0507205562445443,-0.0507205562445443
2024-05,2025-09,16,ES01,Events,2098177.43,2537627.07,439449.63999999966,0.20944350735866968,0.20944350735866968
2024-05,2025-09,16,ES01,Hardware,4752466.38,4442191.06,-310275.3200000003,0.06528722040112576,-0.06528722040112576
2024-05,2025-09,16,ES01,Spare Parts,2061119.91,1975305.85,-85814.05999999982,0.04163467616981092,-0.04163467616981092
2024-05,2025-09,16,JP01,Hardware,3420851.08,3010580.01,-410271.0700000003,0.11993245552215044,-0.11993245552215044
2024-05,2025-09,16,JP01,Software,665617.74,642009.93,-23607.80999999994,0.035467519240097084,-0.035467519240097084
2024-05,2025-09,16,JP01,Spare Parts,2827480.22,2748459.14,-79021.08000000007,0.027947527074123995,-0.027947527074123995
2024-05,2025-09,16,US01,Events,3680310.3,2635556.93,-1044753.3699999996,0.28387643563641896,-0.28387643563641896
2024-05,2025-09,16,US01,Hardware,5710211.41,5611572.32,-98639.08999999985,0.017274157280281824,-0.017274157280281824
2024-05,2025-09,16,US01,Software,987656.78,957687.44,-29969.340000000084,0.03034388120132186,-0.03034388120132186
2024-05,2025-10,17,DE01,Hardware,5456597.86,4944464.65,-512133.20999999996,0.09385577298159185,-0.09385577298159185
2024-05,2025-10,17,DE01,Software,819095.4,798608.73,-20486.670000000042,0.025011335675917654,-0.025011335675917654
2024-05,2025-10,17,ES01,Events,3244030.3,2640656.25,-603374.0499999998,0.18599519554425858,-0.18599519554425858
2024-05,2025-10,17,ES01,Hardware,5042217.8,4626288.15,-415929.64999999944,0.08248942558570149,-0.08248942558570149
2024-05,2025-10,17,ES01,Spare Parts,2137107.6,2059636.32,-77471.28000000003,0.03625052851807743,-0.03625052851807743
2024-05,2025-10,17,JP01,Hardware,3573820.2199999997,3135347.05,-438473.1699999999,0.12269032659958479,-0.12269032659958479
2024-05,2025-10,17,JP01,Software,678511.8099999999,672273.02,-6238.789999999921,0.009194814162482922,-0.009194814162482922
2024-05,2025-10,17,JP01,Spare Parts,2970043.07,2865797.34,-104245.72999999998,0.03509906339506383,-0.03509906339506383
2024-05,2025-10,17,US01,Events,2152138.58,2742562.12,590423.54,0.27434271449192643,0.27434271449192643
2024-05,2025-10,17,US01,Hardware,5845785.48,5844131.9,-1653.5800000000745,0.0002828670339781395,-0.0002828670339781395
2024-05,2025-10,17,US01,Software,1012386.25,1002830.95,-9555.300000000047,0.009438393696081952,-0.009438393696081952
2024-05,2025-11,18,DE01,Hardware,5643282.3,5142313.77,-500968.53000000026,0.08877254465898335,-0.08877254465898335
2024-05,2025-11,18,DE01,Software,824405.33,835106.46,10701.130000000005,0.012980423112984975,0.012980423112984975
2024-05,2025-11,18,ES01,Events,3330726.18,2744099.11,-586627.0700000003,0.1761258771503097,-0.1761258771503097
2024-05,2025-11,18,ES01,Hardware,5042528.53,4811405.67,-231122.86000000034,0.045834715386330264,-0.045834715386330264
2024-05,2025-11,18,ES01,Spare Parts,2246247.57,2144621.15,-101626.41999999993,0.04524275122532461,-0.04524275122532461
2024-05,2025-11,18,JP01,Hardware,3715131.39,3260805.66,-454325.73,0.12229062240514728,-0.12229062240514728
2024-05,2025-11,18,JP01,Software,690835.74,702997.0,12161.26000000001,0.01760369259413245,0.01760369259413245
2024-05,2025-11,18,JP01,Spare Parts,3080239.12,2984046.03,-96193.09000000032,0.031229098213647877,-0.031229098213647877
2024-05,2025-11,18,US01,Events,2247091.5,2849996.96,602905.46,0.268304810907789,0.268304810907789
2024-05,2025-11,18,US01,Hardware,6014569.7,6077980.55,63410.84999999963,0.01054287391498674,0.01054287391498674
2024-05,2025-11,18,US01,Software,1040772.17,1048661.97,7889.79999999993,0.007580717689636081,0.007580717689636081
2024-05,2025-12,19,DE01,Hardware,5888462.87,5433348.8,-455114.0700000003,0.07728911263390548,-0.07728911263390548
2024-05,2025-12,19,DE01,Software,827130.13,887195.54,60065.41000000003,0.07261905693122318,0.07261905693122318
2024-05,2025-12,19,ES01,Events,2470654.47,2897059.62,426405.1499999999,0.1725879337550588,0.1725879337550588
2024-05,2025-12,19,ES01,Hardware,5478749.67,5083712.59,-395037.0800000001,0.0721035097046148,-0.0721035097046148
2024-05,2025-12,19,ES01,Spare Parts,2349745.46,2268717.09,-81028.37000000011,0.03448389256596334,-0.03448389256596334
2024-05,2025-12,19,JP01,Hardware,3812651.53,3445354.62,-367296.9099999997,0.09633634417147997,-0.09633634417147997
2024-05,2025-12,19,JP01,Software,696583.87,746845.87,50262.0,0.07215498687903871,0.07215498687903871
2024-05,2025-12,19,JP01,Spare Parts,3250211.08,3156714.29,-93496.79000000004,0.028766374767265894,-0.028766374767265894
2024-05,2025-12,19,US01,Events,2120276.55,3008860.38,888583.8300000001,0.4190886467145053,0.4190886467145053
2024-05,2025-12,19,US01,Hardware,6382523.77,6421970.7,39446.93000000063,0.006180459551974475,0.006180459551974475
2024-05,2025-12,19,US01,Software,1033741.14,1114071.41,80330.2699999999,0.0777083032605241,0.0777083032605241
2024-05,2026-01,20,DE01,Hardware,4361789.12,4063621.79,-298167.3300000001,0.06835895129198728,-0.06835895129198728
2024-05,2026-01,20,DE01,Software,824720.26,667165.43,-157554.82999999996,0.1910403292384256,-0.1910403292384256
2024-05,2026-01,20,ES01,Events,4029079.65,2164969.35,-1864110.2999999998,0.4626640478551969,-0.4626640478551969
2024-05,2026-01,20,ES01,Hardware,3969315.91,3802127.56,-167188.3500000001,0.04212019244394183,-0.04212019244394183
2024-05,2026-01,20,ES01,Spare Parts,1730376.87,1698817.72,-31559.15000000014,0.018238310131827026,-0.018238310131827026
2024-05,2026-01,20,JP01,Hardware,2301293.04,2576793.54,275500.5,0.11971552306089624,0.11971552306089624
2024-05,2026-01,20,JP01,Software,666552.84,561623.37,-104929.46999999997,0.1574210830757243,-0.1574210830757243
2024-05,2026-01,20,JP01,Spare Parts,2397037.82,2363750.95,-33286.869999999646,0.013886668671752391,-0.013886668671752391
2024-05,2026-01,20,US01,Events,1694382.05,2248517.94,554135.8899999999,0.32704305973968495,0.32704305973968495
2024-05,2026-01,20,US01,Hardware,4715868.51,4803015.78,87147.27000000048,0.018479580127224643,0.018479580127224643
2024-05,2026-01,20,US01,Software,1019508.7,837774.65,-181734.04999999993,0.1782564974678489,-0.1782564974678489
2024-05,2026-02,21,DE01,Hardware,4590563.92,4260528.4,-330035.51999999955,0.07189433057714607,-0.07189433057714607
2024-05,2026-02,21,DE01,Software,838223.83,703318.78,-134905.04999999993,0.16094155901055682,-0.16094155901055682
2024-05,2026-02,21,ES01,Events,2671339.66,2268039.24,-403300.4199999999,0.1509730963976329,-0.1509730963976329
2024-05,2026-02,21,ES01,Hardware,4158406.09,3986363.22,-172042.86999999965,0.04137231099524473,-0.04137231099524473
2024-05,2026-02,21,ES01,Spare Parts,1839318.77,1783272.5,-56046.27000000002,0.030471210816817803,-0.030471210816817803
2024-05,2026-02,21,JP01,Hardware,2845134.32,2701654.5,-143479.81999999983,0.050429893236112605,-0.050429893236112605
2024-05,2026-02,21,JP01,Software,688429.15,592057.45,-96371.70000000007,0.1399878259077206,-0.1399878259077206
2024-05,2026-02,21,JP01,Spare Parts,2545994.33,2481262.13,-64732.200000000186,0.025425115538258165,-0.025425115538258165
2024-05,2026-02,21,US01,Events,2126392.69,2355565.4,229172.70999999996,0.10777534698917723,0.10777534698917723
2024-05,2026-02,21,US01,Hardware,5150460.5,5035750.42,-114710.08000000007,0.022271810452677013,-0.022271810452677013
2024-05,2026-02,21,US01,Software,1031074.72,883173.23,-147901.49,0.14344400762730367,-0.14344400762730367
2024-05,2026-03,22,DE01,Hardware,5078909.1,4597861.24,-481047.8599999994,0.09471480007389765,-0.09471480007389765
2024-05,2026-03,22,DE01,Software,860159.24,763155.62,-97003.62,0.11277402542347856,-0.11277402542347856
2024-05,2026-03,22,ES01,Events,4347630.29,2445634.69,-1901995.6,0.43747868910905024,-0.43747868910905024
2024-05,2026-03,22,ES01,Hardware,4575854.05,4301988.69,-273865.3599999994,0.05985010820001993,-0.05985010820001993
2024-05,2026-03,22,ES01,Spare Parts,2016743.57,1926774.35,-89969.21999999997,0.04461113516776948,-0.04461113516776948
2024-05,2026-03,22,JP01,Hardware,3265538.72,2915561.49,-349977.23,0.10717289244085275,-0.10717289244085275
2024-05,2026-03,22,JP01,Software,727869.52,642428.41,-85441.10999999999,0.11738520112780651,-0.11738520112780651
2024-05,2026-03,22,JP01,Spare Parts,2806973.74,2680931.94,-126041.80000000028,0.044903091968363146,-0.044903091968363146
2024-05,2026-03,22,US01,Events,2052129.69,2540014.47,487884.78000000026,0.2377455880968226,0.2377455880968226
2024-05,2026-03,22,US01,Hardware,5641419.01,5434462.47,-206956.54000000004,0.03668519208255017,-0.03668519208255017
2024-05,2026-03,22,US01,Software,1086297.7,958311.69,-127986.01000000001,0.11781854090273781,-0.11781854090273781
2024-05,2026-04,23,DE01,Hardware,5292387.16,4704213.99,-588173.1699999999,0.11113570345824811,-0.11113570345824811
2024-05,2026-04,23,DE01,Software,883747.55,785078.0,-98669.55000000005,0.11164902239332945,-0.11164902239332945
2024-05,2026-04,23,ES01,Events,1899602.31,2500180.83,600578.52,0.3161601335386879,0.3161601335386879
2024-05,2026-04,23,ES01,Hardware,4826801.56,4401497.63,-425303.9299999997,0.08811299257142026,-0.08811299257142026
2024-05,2026-04,23,ES01,Spare Parts,2107476.69,1973707.58,-133769.10999999987,0.06347358935675813,-0.06347358935675813
2024-05,2026-04,23,JP01,Hardware,3471706.0,2983001.1,-488704.8999999999,0.14076793945109406,-0.14076793945109406
2024-05,2026-04,23,JP01,Software,741056.59,660882.79,-80173.79999999993,0.10818849880277015,-0.10818849880277015
2024-05,2026-04,23,JP01,Spare Parts,2940055.28,2746235.29,-193819.98999999976,0.06592392711745194,-0.06592392711745194
2024-05,2026-04,23,US01,Events,2301375.69,2596665.6,295289.91000000015,0.1283101717303706,0.1283101717303706
2024-05,2026-04,23,US01,Hardware,6025098.71,5560166.57,-464932.13999999966,0.07716589592604362,-0.07716589592604362
2024-05,2026-04,23,US01,Software,1101695.33,985840.12,-115855.21000000008,0.10516084333406411,-0.10516084333406411
2024-05,2026-05,24,DE01,Hardware,5381249.6,4811139.5,-570110.0999999996,0.10594381275308241,-0.10594381275308241
2024-05,2026-05,24,DE01,Software,885391.85,807313.44,-78078.41000000003,0.08818514649756493,-0.08818514649756493
2024-05,2026-05,24,ES01,Events,3489160.2399999998,2554941.3,-934218.94,0.26774893548597817,-0.26774893548597817
2024-05,2026-05,24,ES01,Hardware,5134093.25,4501542.48,-632550.7699999996,0.12320593709512377,-0.12320593709512377
2024-05,2026-05,24,ES01,Spare Parts,2174342.11,2020991.26,-153350.84999999986,0.07052747095074191,-0.07052747095074191
2024-05,2026-05,24,JP01,Hardware,3584493.15,3050803.9,-533689.25,0.14888834422796987,-0.14888834422796987
2024-05,2026-05,24,JP01,Software,748277.66,679600.7,-68676.96000000008,0.09178004859853771,-0.09178004859853771
2024-05,2026-05,24,JP01,Spare Parts,3019944.0,2812026.24,-207917.75999999978,0.06884821705303137,-0.06884821705303137
2024-05,2026-05,24,US01,Events,1834312.06,2653539.34,819227.2799999998,0.446612818976941,0.446612818976941
2024-05,2026-05,24,US01,Hardware,5861610.25,5686547.65,-175062.59999999963,0.02986595705506002,-0.02986595705506002
2024-05,2026-05,24,US01,Software,1100147.2,1013761.66,-86385.53999999992,0.07852180144620641,-0.07852180144620641
2024-06,2024-07,1,DE01,Hardware,4464500.39,4273078.61,-191421.77999999933,0.04287641690630457,-0.04287641690630457
2024-06,2024-07,1,DE01,Software,682672.37,618120.79,-64551.57999999996,0.09455718853833202,-0.09455718853833202
2024-06,2024-07,1,ES01,Events,2504478.81,1966082.63,-538396.1800000002,0.2149733420982708,-0.2149733420982708
2024-06,2024-07,1,ES01,Hardware,4085439.19,3934983.03,-150456.16000000015,0.03682741389671747,-0.03682741389671747
2024-06,2024-07,1,ES01,Spare Parts,1737515.97,1708838.34,-28677.62999999989,0.016504959088232084,-0.016504959088232084
2024-06,2024-07,1,JP01,Hardware,2664367.11,2668027.01,3659.899999999907,0.0013736470422050463,0.0013736470422050463
2024-06,2024-07,1,JP01,Software,561375.93,506488.04,-54887.89000000007,0.09777385717267939,-0.09777385717267939
2024-06,2024-07,1,JP01,Spare Parts,2403290.82,2391541.92,-11748.899999999907,0.0048886717754782205,-0.0048886717754782205
2024-06,2024-07,1,US01,Events,1844951.43,2199370.88,354419.44999999995,0.19210232000524805,0.19210232000524805
2024-06,2024-07,1,US01,Hardware,4990048.49,4957071.8,-32976.69000000041,0.006608490892640686,-0.006608490892640686
2024-06,2024-07,1,US01,Software,853952.24,770934.14,-83018.09999999998,0.09721632675850815,-0.09721632675850815
2024-06,2024-08,2,DE01,Hardware,3838165.59,3789148.21,-49017.37999999989,0.012771043575532626,-0.012771043575532626
2024-06,2024-08,2,DE01,Software,699532.71,551115.41,-148417.29999999993,0.21216634744642596,-0.21216634744642596
2024-06,2024-08,2,ES01,Events,2331501.62,1742011.84,-589489.78,0.2528369592125782,-0.2528369592125782
2024-06,2024-08,2,ES01,Hardware,3502867.83,3489342.29,-13525.540000000037,0.003861276147550231,-0.003861276147550231
2024-06,2024-08,2,ES01,Spare Parts,1529000.46,1517128.74,-11871.719999999972,0.007764366532630063,-0.007764366532630063
2024-06,2024-08,2,JP01,Hardware,1840294.67,2365870.3,525575.6299999999,0.28559319252932464,0.28559319252932464
2024-06,2024-08,2,JP01,Software,564883.49,451583.84,-113299.64999999997,0.20057171435476007,-0.20057171435476007
2024-06,2024-08,2,JP01,Spare Parts,2136898.65,2123241.79,-13656.85999999987,0.006390972262535647,-0.006390972262535647
2024-06,2024-08,2,US01,Events,2658352.13,1948712.66,-709639.47,0.2669471293857522,-0.2669471293857522
2024-06,2024-08,2,US01,Hardware,4316414.76,4395678.49,79263.73000000045,0.018363325678184005,0.018363325678184005
2024-06,2024-08,2,US01,Software,870131.36,687363.52,-182767.83999999997,0.21004626244019062,-0.21004626244019062
2024-06,2024-09,3,DE01,Hardware,4792003.32,4704794.67,-87208.65000000037,0.01819878747496368,-0.01819878747496368
2024-06,2024-09,3,DE01,Software,703027.46,688034.37,-14993.089999999967,0.021326464260727408,-0.021326464260727408
2024-06,2024-09,3,ES01,Events,2016305.32,2161219.17,144913.84999999986,0.07187098529304077,0.07187098529304077
2024-06,2024-09,3,ES01,Hardware,4531178.97,4332540.75,-198638.21999999974,0.04383808746358119,-0.04383808746358119
2024-06,2024-09,3,ES01,Spare Parts,1884247.24,1886002.5,1755.2600000000093,0.0009315444187674699,0.0009315444187674699
2024-06,2024-09,3,JP01,Hardware,2993146.86,2937582.11,-55564.75,0.018563990542047777,-0.018563990542047777
2024-06,2024-09,3,JP01,Software,562061.21,563775.21,1714.0,0.003049489930109214,0.003049489930109214
2024-06,2024-09,3,JP01,Spare Parts,2617325.89,2639485.5,22159.60999999987,0.008466507775995702,0.008466507775995702
2024-06,2024-09,3,US01,Events,1936768.55,2417661.61,480893.0599999998,0.24829660725335498,0.24829660725335498
2024-06,2024-09,3,US01,Hardware,5557279.61,5457892.81,-99386.80000000075,0.01788407403888046,-0.01788407403888046
2024-06,2024-09,3,US01,Software,867784.87,858131.92,-9652.949999999953,0.011123667090439078,-0.011123667090439078
2024-06,2024-10,4,DE01,Hardware,5183743.28,4899774.8,-283968.48000000045,0.054780583192769614,-0.054780583192769614
2024-06,2024-10,4,DE01,Software,715474.64,720466.96,4992.319999999949,0.006977633756522731,0.006977633756522731
2024-06,2024-10,4,ES01,Events,3338816.35,2248965.97,-1089850.38,0.32641818709196146,-0.32641818709196146
2024-06,2024-10,4,ES01,Hardware,4702329.59,4512093.62,-190235.96999999974,0.04045568613577334,-0.04045568613577334
2024-06,2024-10,4,ES01,Spare Parts,1995094.17,1966520.39,-28573.780000000028,0.014322020699403892,-0.014322020699403892
2024-06,2024-10,4,JP01,Hardware,3189377.44,3059323.9,-130053.54000000004,0.04077709284856547,-0.04077709284856547
2024-06,2024-10,4,JP01,Software,587960.11,590350.47,2390.359999999986,0.004065513900254196,0.004065513900254196
2024-06,2024-10,4,JP01,Spare Parts,2772381.75,2752171.37,-20210.37999999989,0.0072898979370355065,-0.0072898979370355065
2024-06,2024-10,4,US01,Events,1864919.16,2515820.12,650900.9600000002,0.3490236863671883,0.3490236863671883
2024-06,2024-10,4,US01,Hardware,5642968.0,5684083.47,41115.46999999974,0.0072861426823614345,0.0072861426823614345
2024-06,2024-10,4,US01,Software,892544.8200000001,898582.58,6037.759999999893,0.006764657488012638,0.006764657488012638
2024-06,2024-11,5,DE01,Hardware,5222703.91,5095835.69,-126868.21999999974,0.024291673850605048,-0.024291673850605048
2024-06,2024-11,5,DE01,Software,695366.55,753393.49,58026.939999999944,0.08344798869028132,0.08344798869028132
2024-06,2024-11,5,ES01,Events,2440235.3,2337065.08,-103170.21999999974,0.04227879991736852,-0.04227879991736852
2024-06,2024-11,5,ES01,Hardware,5077784.9,4692641.73,-385143.1699999999,0.07584865794531782,-0.07584865794531782
2024-06,2024-11,5,ES01,Spare Parts,2039663.45,2047663.06,7999.610000000102,0.0039220244888930585,0.0039220244888930585
2024-06,2024-11,5,JP01,Hardware,3505116.83,3181740.5,-323376.3300000001,0.09225835990180106,-0.09225835990180106
2024-06,2024-11,5,JP01,Software,561586.11,617330.45,55744.33999999997,0.09926231971798585,0.09926231971798585
2024-06,2024-11,5,JP01,Spare Parts,2860046.49,2865731.61,5685.119999999646,0.0019877718840855783,0.0019877718840855783
2024-06,2024-11,5,US01,Events,2829480.63,2614372.76,-215107.8700000001,0.07602380016999803,-0.07602380016999803
2024-06,2024-11,5,US01,Hardware,5799608.56,5911527.9,111919.34000000078,0.01929774032887502,0.01929774032887502
2024-06,2024-11,5,US01,Software,865642.11,939649.29,74007.18000000005,0.08549396932642296,0.08549396932642296
2024-06,2024-12,6,DE01,Hardware,5533512.32,5384240.25,-149272.0700000003,0.026976007527891487,-0.026976007527891487
2024-06,2024-12,6,DE01,Software,687696.76,800385.79,112689.03000000003,0.16386441896279985,0.16386441896279985
2024-06,2024-12,6,ES01,Events,2683882.17,2467336.86,-216545.31000000006,0.0806836128726173,-0.0806836128726173
2024-06,2024-12,6,ES01,Hardware,5111308.99,4958227.07,-153081.91999999993,0.029949650921025597,-0.029949650921025597
2024-06,2024-12,6,ES01,Spare Parts,2180696.77,2166148.65,-14548.120000000112,0.006671317259758271,-0.006671317259758271
2024-06,2024-12,6,JP01,Hardware,3568673.5,3361814.68,-206858.81999999983,0.05796518510309218,-0.05796518510309218
2024-06,2024-12,6,JP01,Software,581547.28,655835.94,74288.65999999992,0.1277431131652785,0.1277431131652785
2024-06,2024-12,6,JP01,Spare Parts,3041330.91,3031553.76,-9777.150000000373,0.0032147603431947405,-0.0032147603431947405
2024-06,2024-12,6,US01,Events,2104401.94,2760102.11,655700.1699999999,0.3115850434922142,0.3115850434922142
2024-06,2024-12,6,US01,Hardware,6191156.26,6246097.47,54941.20999999996,0.008874143648249636,0.008874143648249636
2024-06,2024-12,6,US01,Software,878484.84,998259.14,119774.30000000005,0.13634190887118786,0.13634190887118786
2024-06,2025-01,7,DE01,Hardware,4346465.42,4026893.32,-319572.1000000001,0.07352459277129142,-0.07352459277129142
2024-06,2025-01,7,DE01,Software,730802.6,601885.05,-128917.54999999993,0.17640543424448674,-0.17640543424448674
2024-06,2025-01,7,ES01,Events,2528238.4,1843838.02,-684400.3799999999,0.2707024701468026,-0.2707024701468026
2024-06,2025-01,7,ES01,Hardware,3735081.48,3708276.47,-26805.009999999776,0.007176552946309428,-0.007176552946309428
2024-06,2025-01,7,ES01,Spare Parts,1647022.14,1622014.36,-25007.779999999795,0.015183633172046974,-0.015183633172046974
2024-06,2025-01,7,JP01,Hardware,2307558.84,2514313.71,206754.8700000001,0.0895989590453954,0.0895989590453954
2024-06,2025-01,7,JP01,Software,598285.56,493184.48,-105101.08000000007,0.17567042734576457,-0.17567042734576457
2024-06,2025-01,7,JP01,Spare Parts,2311810.7399999998,2270030.61,-41780.12999999989,0.018072469894313187,-0.018072469894313187
2024-06,2025-01,7,US01,Events,2553570.29,2062621.16,-490949.1300000001,0.19225988488454732,-0.19225988488454732
2024-06,2025-01,7,US01,Hardware,4843942.49,4671479.54,-172462.9500000002,0.03560383930156862,-0.03560383930156862
2024-06,2025-01,7,US01,Software,922508.64,750684.56,-171824.07999999996,0.18625742085190655,-0.18625742085190655
2024-06,2025-02,8,DE01,Hardware,4671905.56,4222020.22,-449885.33999999985,0.09629589772786415,-0.09629589772786415
2024-06,2025-02,8,DE01,Software,732179.75,634500.89,-97678.85999999999,0.13340830581561425,-0.13340830581561425
2024-06,2025-02,8,ES01,Events,2673720.76,1931619.48,-742101.2799999998,0.2775537711724241,-0.2775537711724241
2024-06,2025-02,8,ES01,Hardware,3932186.89,3887964.49,-44222.39999999991,0.011246260983287066,-0.011246260983287066
2024-06,2025-02,8,ES01,Spare Parts,1744113.25,1702650.95,-41462.30000000005,0.023772710860375634,-0.023772710860375634
2024-06,2025-02,8,JP01,Hardware,2538483.48,2636147.14,97663.66000000015,0.03847323048168907,0.03847323048168907
2024-06,2025-02,8,JP01,Software,606867.23,519909.89,-86957.33999999997,0.14328890357121438,-0.14328890357121438
2024-06,2025-02,8,JP01,Spare Parts,2431383.99,2382882.59,-48501.40000000037,0.01994806258471759,-0.01994806258471759
2024-06,2025-02,8,US01,Events,1986978.21,2160818.45,173840.24000000022,0.08748975661892147,0.08748975661892147
2024-06,2025-02,8,US01,Hardware,5024694.01,4897840.47,-126853.54000000004,0.025246022891650677,-0.025246022891650677
2024-06,2025-02,8,US01,Software,920625.16,791363.77,-129261.39000000001,0.1404061018710373,-0.1404061018710373
2024-06,2025-03,9,DE01,Hardware,5044531.37,4556304.13,-488227.2400000002,0.09678346791606932,-0.09678346791606932
2024-06,2025-03,9,DE01,Software,750166.51,688482.85,-61683.66000000003,0.08222662459298541,-0.08222662459298541
2024-06,2025-03,9,ES01,Events,1771646.13,2082872.09,311225.9600000002,0.1756704991645257,0.1756704991645257
2024-06,2025-03,9,ES01,Hardware,4581028.1,4195799.11,-385228.9899999993,0.08409225649587247,-0.08409225649587247
2024-06,2025-03,9,ES01,Spare Parts,1924143.48,1839665.1,-84478.37999999989,0.0439044077939551,-0.0439044077939551
2024-06,2025-03,9,JP01,Hardware,3071011.94,2844867.5,-226144.43999999994,0.07363841118768166,-0.07363841118768166
2024-06,2025-03,9,JP01,Software,600048.53,564142.69,-35905.840000000084,0.059838226751426395,-0.059838226751426395
2024-06,2025-03,9,JP01,Spare Parts,2660137.21,2574635.7,-85501.50999999978,0.03214176685269546,-0.03214176685269546
2024-06,2025-03,9,US01,Events,2175443.6,2330018.14,154574.54000000004,0.0710542622203582,0.0710542622203582
2024-06,2025-03,9,US01,Hardware,5643557.42,5285633.33,-357924.08999999985,0.06342171495085096,-0.06342171495085096
2024-06,2025-03,9,US01,Software,925532.31,858691.28,-66841.03000000003,0.07221901307799836,-0.07221901307799836
2024-06,2025-04,10,DE01,Hardware,4804531.26,4661695.62,-142835.63999999966,0.02972936011243679,-0.02972936011243679
2024-06,2025-04,10,DE01,Software,761822.84,708260.19,-53562.65000000002,0.07030853787476367,-0.07030853787476367
2024-06,2025-04,10,ES01,Events,2047813.5299999998,2129327.36,81513.83000000007,0.039805299069393334,0.039805299069393334
2024-06,2025-04,10,ES01,Hardware,4490297.08,4292851.79,-197445.29000000004,0.0439715427470113,-0.0439715427470113
2024-06,2025-04,10,ES01,Spare Parts,1934873.53,1884476.48,-50397.05000000005,0.02604668947018984,-0.02604668947018984
2024-06,2025-04,10,JP01,Hardware,3179389.49,2910671.9,-268717.5900000003,0.08451861303724706,-0.08451861303724706
2024-06,2025-04,10,JP01,Software,618173.43,580348.24,-37825.19000000006,0.06118863762876392,-0.06118863762876392
2024-06,2025-04,10,JP01,Spare Parts,2685766.17,2637349.83,-48416.33999999985,0.018027012381349586,-0.018027012381349586
2024-06,2025-04,10,US01,Events,2207176.32,2381985.63,174809.31000000006,0.07920042835544741,0.07920042835544741
2024-06,2025-04,10,US01,Hardware,5414874.6,5407894.87,-6979.729999999516,0.0012889919925383898,-0.0012889919925383898
2024-06,2025-04,10,US01,Software,940565.21,883358.02,-57207.189999999944,0.06082214118891336,-0.06082214118891336
2024-06,2025-05,11,DE01,Hardware,5113897.66,4767654.69,-346242.96999999974,0.06770627670323769,-0.06770627670323769
2024-06,2025-05,11,DE01,Software,763763.57,728319.94,-35443.630000000005,0.04640654698940407,-0.04640654698940407
2024-06,2025-05,11,ES01,Events,2691589.14,2175965.18,-515623.95999999996,0.19156859876466878,-0.19156859876466878
2024-06,2025-05,11,ES01,Hardware,4691848.15,4390427.15,-301421.0,0.06424355400334088,-0.06424355400334088
2024-06,2025-05,11,ES01,Spare Parts,1975457.31,1929622.47,-45834.840000000084,0.023202141482875215,-0.023202141482875215
2024-06,2025-05,11,JP01,Hardware,3268108.44,2976830.68,-291277.7599999998,0.08912732406149894,-0.08912732406149894
2024-06,2025-05,11,JP01,Software,616363.4,596785.2,-19578.20000000007,0.031764053478840676,-0.031764053478840676
2024-06,2025-05,11,JP01,Spare Parts,2734857.58,2700532.24,-34325.33999999985,0.01255105210999684,-0.01255105210999684
2024-06,2025-05,11,US01,Events,3069954.84,2434157.32,-635797.52,0.20710321588965133,-0.20710321588965133
2024-06,2025-05,11,US01,Hardware,5637315.36,5530814.85,-106500.51000000071,0.018892061770338975,-0.018892061770338975
2024-06,2025-05,11,US01,Software,951877.53,908377.0,-43500.53000000003,0.04569971307128137,-0.04569971307128137
2024-06,2025-06,12,DE01,Hardware,5113854.93,4874183.74,-239671.18999999948,0.04686702952678391,-0.04686702952678391
2024-06,2025-06,12,DE01,Software,768954.13,748665.47,-20288.660000000033,0.026384746772866716,-0.026384746772866716
2024-06,2025-06,12,ES01,Events,3323926.6,2222786.09,-1101140.5100000002,0.3312770233855345,-0.3312770233855345
2024-06,2025-06,12,ES01,Hardware,4808227.65,4488527.38,-319700.2700000005,0.0664902523906081,-0.0664902523906081
2024-06,2025-06,12,ES01,Spare Parts,2037961.34,1975105.04,-62856.30000000005,0.030842734239502328,-0.030842734239502328
2024-06,2025-06,12,JP01,Hardware,3267211.05,3043345.34,-223865.70999999996,0.06851890085276248,-0.06851890085276248
2024-06,2025-06,12,JP01,Software,635120.07,613456.31,-21663.759999999893,0.03410970779115813,-0.03410970779115813
2024-06,2025-06,12,JP01,Spare Parts,2823049.9,2764185.7,-58864.19999999972,0.02085127861183032,-0.02085127861183032
2024-06,2025-06,12,US01,Events,2256814.93,2486533.84,229718.90999999968,0.10178898896242222,0.10178898896242222
2024-06,2025-06,12,US01,Hardware,5719263.22,5654396.04,-64867.1799999997,0.011341877004919473,-0.011341877004919473
2024-06,2025-06,12,US01,Software,962174.36,933752.39,-28421.969999999972,0.029539313435872447,-0.029539313435872447
2024-06,2025-07,13,DE01,Hardware,4722270.85,4422636.36,-299634.4899999993,0.06345135624738664,-0.06345135624738664
2024-06,2025-07,13,DE01,Software,770646.51,683023.47,-87623.04000000004,0.11370069008682078,-0.11370069008682078
2024-06,2025-07,13,ES01,Events,3546902.57,2015234.7,-1531667.8699999999,0.43183251859100263,-0.43183251859100263
2024-06,2025-07,13,ES01,Hardware,4357362.47,4072707.44,-284655.0299999998,0.06532736993073698,-0.06532736993073698
2024-06,2025-07,13,ES01,Spare Parts,1860477.6,1794280.26,-66197.34000000008,0.03558083150262066,-0.03558083150262066
2024-06,2025-07,13,JP01,Hardware,2913153.02,2761407.96,-151745.06000000006,0.0520896289890052,-0.0520896289890052
2024-06,2025-07,13,JP01,Software,638190.11,559669.28,-78520.82999999996,0.12303673900556052,-0.12303673900556052
2024-06,2025-07,13,JP01,Spare Parts,2571194.41,2511119.01,-60075.40000000037,0.02336478321761767,-0.02336478321761767
2024-06,2025-07,13,US01,Events,1513970.65,2254355.15,740384.5,0.4890349096265506,0.4890349096265506
2024-06,2025-07,13,US01,Hardware,5224763.8,5130569.31,-94194.49000000022,0.01802846857880929,-0.01802846857880929
2024-06,2025-07,13,US01,Software,983710.2,851882.22,-131827.97999999998,0.13401099226174537,-0.13401099226174537
2024-06,2025-08,14,DE01,Hardware,4305816.89,3921768.39,-384048.49999999953,0.08919294754310826,-0.08919294754310826
2024-06,2025-08,14,DE01,Software,783265.11,608982.53,-174282.57999999996,0.22250777900728907,-0.22250777900728907
2024-06,2025-08,14,ES01,Events,1659616.36,1785562.14,125945.7799999998,0.0758884902773553,0.0758884902773553
2024-06,2025-08,14,ES01,Hardware,3706548.86,3611469.27,-95079.58999999985,0.02565178379976889,-0.02565178379976889
2024-06,2025-08,14,ES01,Spare Parts,1649564.19,1592985.18,-56579.01000000001,0.03429936848956452,-0.03429936848956452
2024-06,2025-08,14,JP01,Hardware,2264184.89,2448675.76,184490.86999999965,0.08148224591323001,0.08148224591323001
2024-06,2025-08,14,JP01,Software,658777.62,499000.15,-159777.46999999997,0.24253627498760502,-0.24253627498760502
2024-06,2025-08,14,JP01,Spare Parts,2267916.03,2229403.88,-38512.14999999991,0.01698129449704534,-0.01698129449704534
2024-06,2025-08,14,US01,Events,1368544.87,1997430.48,628885.6099999999,0.45952867442336753,0.45952867442336753
2024-06,2025-08,14,US01,Hardware,4496825.37,4549527.24,52701.87000000011,0.011719794669278008,0.011719794669278008
2024-06,2025-08,14,US01,Software,979283.84,759536.69,-219747.15000000002,0.2243957686466061,-0.2243957686466061
2024-06,2025-09,15,DE01,Hardware,5132921.29,4869462.49,-263458.7999999998,0.051327262803205737,-0.051327262803205737
2024-06,2025-09,15,DE01,Software,803407.79,760277.98,-43129.810000000056,0.053683584521877804,-0.053683584521877804
2024-06,2025-09,15,ES01,Events,2098177.43,2215249.65,117072.21999999974,0.055797101963869535,0.055797101963869535
2024-06,2025-09,15,ES01,Hardware,4752466.38,4484179.68,-268286.7000000002,0.05645209845755925,-0.05645209845755925
2024-06,2025-09,15,ES01,Spare Parts,2061119.91,1980302.62,-80817.2899999998,0.03921037762426923,-0.03921037762426923
2024-06,2025-09,15,JP01,Hardware,3420851.08,3040397.48,-380453.6000000001,0.11121606614924613,-0.11121606614924613
2024-06,2025-09,15,JP01,Software,665617.74,622971.6,-42646.140000000014,0.06407001712424314,-0.06407001712424314
2024-06,2025-09,15,JP01,Spare Parts,2827480.22,2771459.78,-56020.44000000041,0.01981284947768809,-0.01981284947768809
2024-06,2025-09,15,US01,Events,3680310.3,2478103.15,-1202207.15,0.3266591814282616,-0.3266591814282616
2024-06,2025-09,15,US01,Hardware,5710211.41,5648919.05,-61292.360000000335,0.010733816245868265,-0.010733816245868265
2024-06,2025-09,15,US01,Software,987656.78,948235.77,-39421.01000000001,0.03991367324993204,-0.03991367324993204
2024-06,2025-10,16,DE01,Hardware,5456597.86,5071266.92,-385330.9400000004,0.07061743413871448,-0.07061743413871448
2024-06,2025-10,16,DE01,Software,819095.4,796115.99,-22979.410000000033,0.028054619767123624,-0.028054619767123624
2024-06,2025-10,16,ES01,Events,3244030.3,2305190.12,-938840.1799999997,0.2894054904481009,-0.2894054904481009
2024-06,2025-10,16,ES01,Hardware,5042217.8,4670016.89,-372200.91000000015,0.07381690453752318,-0.07381690453752318
2024-06,2025-10,16,ES01,Spare Parts,2137107.6,2064846.41,-72261.19000000018,0.033812611962074426,-0.033812611962074426
2024-06,2025-10,16,JP01,Hardware,3573820.2199999997,3166400.24,-407419.9799999995,0.1140012521390904,-0.1140012521390904
2024-06,2025-10,16,JP01,Software,678511.8099999999,652337.27,-26174.53999999992,0.038576395597299806,-0.038576395597299806
2024-06,2025-10,16,JP01,Spare Parts,2970043.07,2889779.94,-80263.12999999989,0.02702423099877804,-0.02702423099877804
2024-06,2025-10,16,US01,Events,2152138.58,2578715.63,426577.0499999998,0.19821077228214543,0.19821077228214543
2024-06,2025-10,16,US01,Hardware,5845785.48,5883026.4,37240.919999999925,0.006370558777329599,0.006370558777329599
2024-06,2025-10,16,US01,Software,1012386.25,992933.76,-19452.48999999999,0.019214494467897,-0.019214494467897
2024-06,2025-11,17,DE01,Hardware,5643282.3,5274189.94,-369092.3599999994,0.06540384485107176,-0.06540384485107176
2024-06,2025-11,17,DE01,Software,824405.33,832499.8,8094.4700000000885,0.009818556122144538,0.009818556122144538
2024-06,2025-11,17,ES01,Events,3330726.18,2395491.71,-935234.4700000002,0.28078995974385385,-0.28078995974385385
2024-06,2025-11,17,ES01,Hardware,5042528.53,4856884.19,-185644.33999999985,0.036815724273155444,-0.036815724273155444
2024-06,2025-11,17,ES01,Spare Parts,2246247.57,2150046.22,-96201.34999999963,0.04282758111119499,-0.04282758111119499
2024-06,2025-11,17,JP01,Hardware,3715131.39,3293101.42,-422029.9700000002,0.11359758934393978,-0.11359758934393978
2024-06,2025-11,17,JP01,Software,690835.74,682150.15,-8685.589999999967,0.012572583462459494,-0.012572583462459494
2024-06,2025-11,17,JP01,Spare Parts,3080239.12,3009018.19,-71220.93000000017,0.0231218834724754,-0.0231218834724754
2024-06,2025-11,17,US01,Events,2247091.5,2679732.08,432640.5800000001,0.19253358396843212,0.19253358396843212
2024-06,2025-11,17,US01,Hardware,6014569.7,6118431.37,103861.66999999993,0.01726834589679789,0.01726834589679789
2024-06,2025-11,17,US01,Software,1040772.17,1038312.46,-2459.710000000079,0.0023633510492503647,-0.0023633510492503647
2024-06,2025-12,18,DE01,Hardware,5888462.87,5572688.66,-315774.20999999996,0.053625915110847924,-0.053625915110847924
2024-06,2025-12,18,DE01,Software,827130.13,884426.3,57296.17000000004,0.06927104686659165,0.06927104686659165
2024-06,2025-12,18,ES01,Events,2470654.47,2529020.28,58365.80999999959,0.02362362309611007,0.02362362309611007
2024-06,2025-12,18,ES01,Hardware,5478749.67,5131765.01,-346984.66000000015,0.06333281878162543,-0.06333281878162543
2024-06,2025-12,18,ES01,Spare Parts,2349745.46,2274456.08,-75289.37999999989,0.03204150461471682,-0.03204150461471682
2024-06,2025-12,18,JP01,Hardware,3812651.53,3479478.2,-333173.3299999996,0.08738625268488663,-0.08738625268488663
2024-06,2025-12,18,JP01,Software,696583.87,724698.71,28114.839999999967,0.04036102644754029,0.04036102644754029
2024-06,2025-12,18,JP01,Spare Parts,3250211.08,3183131.45,-67079.62999999989,0.020638545727928503,-0.020638545727928503
2024-06,2025-12,18,US01,Events,2120276.55,2829104.66,708828.1100000003,0.33430927206170363,0.33430927206170363
2024-06,2025-12,18,US01,Hardware,6382523.77,6464710.88,82187.11000000034,0.012876898380904948,0.012876898380904948
2024-06,2025-12,18,US01,Software,1033741.14,1103076.35,69335.21000000008,0.0670721202021621,0.0670721202021621
2024-06,2026-01,19,DE01,Hardware,4361789.12,4167834.58,-193954.54000000004,0.044466739373223076,-0.044466739373223076
2024-06,2026-01,19,DE01,Software,824720.26,665082.98,-159637.28000000003,0.19356536724343357,-0.19356536724343357
2024-06,2026-01,19,ES01,Events,4029079.65,1889933.97,-2139145.6799999997,0.5309266298570195,-0.5309266298570195
2024-06,2026-01,19,ES01,Hardware,3969315.91,3838066.15,-131249.76000000024,0.03306609072594583,-0.03306609072594583
2024-06,2026-01,19,ES01,Spare Parts,1730376.87,1703115.08,-27261.790000000037,0.015754828021944164,-0.015754828021944164
2024-06,2026-01,19,JP01,Hardware,2301293.04,2602314.69,301021.6499999999,0.13080544057961427,0.13080544057961427
2024-06,2026-01,19,JP01,Software,666552.84,544968.85,-121583.98999999999,0.18240712919323845,-0.18240712919323845
2024-06,2026-01,19,JP01,Spare Parts,2397037.82,2383532.14,-13505.679999999702,0.005634320780136754,-0.005634320780136754
2024-06,2026-01,19,US01,Events,1694382.05,2114186.69,419804.6399999999,0.24776268138581845,0.24776268138581845
2024-06,2026-01,19,US01,Hardware,4715868.51,4834981.33,119112.8200000003,0.025257875563625565,0.025257875563625565
2024-06,2026-01,19,US01,Software,1019508.7,829506.44,-190002.26,0.18636649201718436,-0.18636649201718436
2024-06,2026-02,20,DE01,Hardware,4590563.92,4369790.92,-220773.0,0.048092784208524864,-0.048092784208524864
2024-06,2026-02,20,DE01,Software,838223.83,701123.48,-137100.34999999998,0.16356054921511834,-0.16356054921511834
2024-06,2026-02,20,ES01,Events,2671339.66,1979909.97,-691429.6900000002,0.25883256268504623,-0.25883256268504623
2024-06,2026-02,20,ES01,Hardware,4158406.09,4024043.25,-134362.83999999985,0.03231113967515372,-0.03231113967515372
2024-06,2026-02,20,ES01,Spare Parts,1839318.77,1787783.5,-51535.27000000002,0.028018672369662177,-0.028018672369662177
2024-06,2026-02,20,JP01,Hardware,2845134.32,2728412.29,-116722.0299999998,0.0410251386655094,-0.0410251386655094
2024-06,2026-02,20,JP01,Software,688429.15,574500.43,-113928.71999999997,0.16549084244907405,-0.16549084244907405
2024-06,2026-02,20,JP01,Spare Parts,2545994.33,2502026.72,-43967.60999999987,0.017269327540097024,-0.017269327540097024
2024-06,2026-02,20,US01,Events,2126392.69,2214838.92,88446.22999999998,0.04159449494721503,0.04159449494721503
2024-06,2026-02,20,US01,Hardware,5150460.5,5069264.89,-81195.61000000034,0.015764728221874594,-0.015764728221874594
2024-06,2026-02,20,US01,Software,1031074.72,874456.96,-156617.76,0.15189758507511464,-0.15189758507511464
2024-06,2026-03,21,DE01,Hardware,5078909.1,4715774.77,-363134.3300000001,0.07149848970520069,-0.07149848970520069
2024-06,2026-03,21,DE01,Software,860159.24,760773.55,-99385.68999999994,0.1155433614826947,-0.1155433614826947
2024-06,2026-03,21,ES01,Events,4347630.29,2134943.89,-2212686.4,0.508940791283336,-0.508940791283336
2024-06,2026-03,21,ES01,Hardware,4575854.05,4342652.08,-233201.96999999974,0.050963594435447464,-0.050963594435447464
2024-06,2026-03,21,ES01,Spare Parts,2016743.57,1931648.35,-85095.21999999997,0.0421943678243635,-0.0421943678243635
2024-06,2026-03,21,JP01,Hardware,3265538.72,2944437.87,-321100.8500000001,0.09833013096228119,-0.09833013096228119
2024-06,2026-03,21,JP01,Software,727869.52,623377.68,-104491.83999999997,0.14355847734907207,-0.14355847734907207
2024-06,2026-03,21,JP01,Spare Parts,2806973.74,2703367.48,-103606.26000000024,0.0369103061149408,-0.0369103061149408
2024-06,2026-03,21,US01,Events,2052129.69,2388268.6,336138.91000000015,0.16380003254082842,0.16380003254082842
2024-06,2026-03,21,US01,Hardware,5641419.01,5470630.49,-170788.51999999955,0.03027403561005825,-0.03027403561005825
2024-06,2026-03,21,US01,Software,1086297.7,948853.86,-137443.83999999997,0.12652502164001633,-0.12652502164001633
2024-06,2026-04,22,DE01,Hardware,5292387.16,4824854.96,-467532.2000000002,0.08834051362183415,-0.08834051362183415
2024-06,2026-04,22,DE01,Software,883747.55,782627.5,-101120.05000000005,0.11442187307902583,-0.11442187307902583
2024-06,2026-04,22,ES01,Events,1899602.31,2182560.54,282958.23,0.14895656238699773,0.14895656238699773
2024-06,2026-04,22,ES01,Hardware,4826801.56,4443101.6,-383699.95999999996,0.07949362641707607,-0.07949362641707607
2024-06,2026-04,22,ES01,Spare Parts,2107476.69,1978700.31,-128776.37999999989,0.06110453349782952,-0.06110453349782952
2024-06,2026-04,22,JP01,Hardware,3471706.0,3012545.41,-459160.58999999985,0.1322579129684368,-0.1322579129684368
2024-06,2026-04,22,JP01,Software,741056.59,641284.8,-99771.78999999992,0.13463450881666125,-0.13463450881666125
2024-06,2026-04,22,JP01,Spare Parts,2940055.28,2769217.32,-170837.95999999996,0.05810705708907622,-0.05810705708907622
2024-06,2026-04,22,US01,Events,2301375.69,2441535.27,140159.58000000007,0.06090252043985051,0.06090252043985051
2024-06,2026-04,22,US01,Hardware,6025098.71,5597171.19,-427927.51999999955,0.07102415090557074,-0.07102415090557074
2024-06,2026-04,22,US01,Software,1101695.33,976110.61,-125584.72000000009,0.11399224139399781,-0.11399224139399781
2024-06,2026-05,23,DE01,Hardware,5381249.6,4934522.61,-446726.9899999993,0.08301547469569137,-0.08301547469569137
2024-06,2026-05,23,DE01,Software,885391.85,804793.54,-80598.30999999994,0.09103123097417255,-0.09103123097417255
2024-06,2026-05,23,ES01,Events,3489160.2399999998,2230364.31,-1258795.9299999997,0.3607733217778498,-0.3607733217778498
2024-06,2026-05,23,ES01,Hardware,5134093.25,4544092.1,-590001.1500000004,0.11491827695182599,-0.11491827695182599
2024-06,2026-05,23,ES01,Spare Parts,2174342.11,2026103.6,-148238.50999999978,0.0681762586109321,-0.0681762586109321
2024-06,2026-05,23,JP01,Hardware,3584493.15,3081019.75,-503473.3999999999,0.1404587424026741,-0.1404587424026741
2024-06,2026-05,23,JP01,Software,748277.66,659447.65,-88830.01000000001,0.11871263135130883,-0.11871263135130883
2024-06,2026-05,23,JP01,Spare Parts,3019944.0,2835558.85,-184385.1499999999,0.06105581759131954,-0.06105581759131954
2024-06,2026-05,23,US01,Events,1834312.06,2495011.26,660699.1999999997,0.36018909454261544,0.36018909454261544
2024-06,2026-05,23,US01,Hardware,5861610.25,5724393.37,-137216.8799999999,0.02340941723308879,-0.02340941723308879
2024-06,2026-05,23,US01,Software,1100147.2,1003756.58,-96390.62,0.08761611173486603,-0.08761611173486603
2024-06,2026-06,24,DE01,Hardware,5375821.92,5044780.17,-331041.75,0.06157974630231055,-0.06157974630231055
2024-06,2026-06,24,DE01,Software,913395.84,827275.34,-86120.5,0.09428606550255364,-0.09428606550255364
2024-06,2026-06,24,ES01,Events,2432535.35,2278355.74,-154179.60999999987,0.06338226903876232,-0.06338226903876232
2024-06,2026-06,24,ES01,Hardware,5025591.43,4645625.84,-379965.58999999985,0.0756061441309804,-0.0756061441309804
2024-06,2026-06,24,ES01,Spare Parts,2201176.53,2073860.29,-127316.23999999976,0.05784008609250425,-0.05784008609250425
2024-06,2026-06,24,JP01,Hardware,3639861.9,3149862.43,-489999.46999999974,0.1346203464477594,-0.1346203464477594
2024-06,2026-06,24,JP01,Software,761159.52,677869.23,-83290.29000000004,0.10942553802650992,-0.10942553802650992
2024-06,2026-06,24,JP01,Spare Parts,3033019.12,2902394.98,-130624.14000000013,0.04306736450774505,-0.04306736450774505
2024-06,2026-06,24,US01,Events,1106838.42,2548697.18,1441858.7600000002,1.302682246971514,1.302682246971514
2024-06,2026-06,24,US01,Hardware,5969717.7700000005,5852299.9,-117417.87000000011,0.019668914766803137,-0.019668914766803137
2024-06,2026-06,24,US01,Software,1130166.27,1031796.39,-98369.88,0.08704018391913254,-0.08704018391913254
2024-07,2024-08,1,DE01,Hardware,3838165.59,3898799.35,60633.76000000024,0.01579758834740641,0.01579758834740641
2024-07,2024-08,1,DE01,Software,699532.71,567691.73,-131840.97999999998,0.18847007168542554,-0.18847007168542554
2024-07,2024-08,1,ES01,Events,2331501.62,1672172.07,-659329.55,0.28279180436511986,-0.28279180436511986
2024-07,2024-08,1,ES01,Hardware,3502867.83,3580099.12,77231.29000000004,0.022048017152848168,0.022048017152848168
2024-07,2024-08,1,ES01,Spare Parts,1529000.46,1524051.14,-4949.320000000065,0.003236964362980025,-0.003236964362980025
2024-07,2024-08,1,JP01,Hardware,1840294.67,2406071.4,565776.73,0.3074381180487797,0.3074381180487797
2024-07,2024-08,1,JP01,Software,564883.49,475270.99,-89612.5,0.15863890799853259,-0.15863890799853259
2024-07,2024-08,1,JP01,Spare Parts,2136898.65,2124597.27,-12301.379999999888,0.005756651116794841,-0.005756651116794841
2024-07,2024-08,1,US01,Events,2658352.13,1721482.36,-936869.7699999998,0.3524250077434248,-0.3524250077434248
2024-07,2024-08,1,US01,Hardware,4316414.76,4433464.64,117049.87999999989,0.0271173847992309,0.0271173847992309
2024-07,2024-08,1,US01,Software,870131.36,711276.53,-158854.82999999996,0.1825641935259062,-0.1825641935259062
2024-07,2024-09,2,DE01,Hardware,4792003.32,4840942.98,48939.66000000015,0.010212776730713982,0.010212776730713982
2024-07,2024-09,2,DE01,Software,703027.46,708728.9,5701.4400000000605,0.008109839692463877,0.008109839692463877
2024-07,2024-09,2,ES01,Events,2016305.32,2074572.78,58267.45999999996,0.028898133344209972,0.028898133344209972
2024-07,2024-09,2,ES01,Hardware,4531178.97,4445228.94,-85950.02999999933,0.018968579826366766,-0.018968579826366766
2024-07,2024-09,2,ES01,Spare Parts,1884247.24,1894608.0,10360.76000000001,0.0054986202341471965,0.0054986202341471965
2024-07,2024-09,2,JP01,Hardware,2993146.86,2987497.8,-5649.060000000056,0.0018873313820625748,-0.0018873313820625748
2024-07,2024-09,2,JP01,Software,562061.21,593347.18,31285.97000000009,0.05566292326061799,0.05566292326061799
2024-07,2024-09,2,JP01,Spare Parts,2617325.89,2641170.55,23844.659999999683,0.009110313733227803,0.009110313733227803
2024-07,2024-09,2,US01,Events,1936768.55,2135749.36,198980.80999999982,0.10273855902916217,0.10273855902916217
2024-07,2024-09,2,US01,Hardware,5557279.61,5504809.97,-52469.640000000596,0.009441605188550264,-0.009441605188550264
2024-07,2024-09,2,US01,Software,867784.87,887985.87,20201.0,0.023278811026055342,0.023278811026055342
2024-07,2024-10,3,DE01,Hardware,5183743.28,5041565.49,-142177.79000000004,0.02742762947936728,-0.02742762947936728
2024-07,2024-10,3,DE01,Software,715474.64,742136.99,26662.349999999977,0.03726526212026184,0.03726526212026184
2024-07,2024-10,3,ES01,Events,3338816.35,2158801.68,-1180014.67,0.35342305365193266,-0.35342305365193266
2024-07,2024-10,3,ES01,Hardware,4702329.59,4629451.92,-72877.66999999993,0.01549820543310745,-0.01549820543310745
2024-07,2024-10,3,ES01,Spare Parts,1995094.17,1975493.29,-19600.87999999989,0.009824538758488722,-0.009824538758488722
2024-07,2024-10,3,JP01,Hardware,3189377.44,3111308.24,-78069.19999999972,0.02447788054837427,-0.02447788054837427
2024-07,2024-10,3,JP01,Software,587960.11,621316.4,33356.29000000004,0.05673223307615212,0.05673223307615212
2024-07,2024-10,3,JP01,Spare Parts,2772381.75,2753928.36,-18453.39000000013,0.006656150438156697,-0.006656150438156697
2024-07,2024-10,3,US01,Events,1864919.16,2222462.07,357542.9099999999,0.19172032636524575,0.19172032636524575
2024-07,2024-10,3,US01,Hardware,5642968.0,5732945.02,89977.01999999955,0.015944981435301344,0.015944981435301344
2024-07,2024-10,3,US01,Software,892544.8200000001,929843.79,37298.96999999997,0.04178946442151776,0.04178946442151776
2024-07,2024-11,4,DE01,Hardware,5222703.91,5243300.03,20596.12000000011,0.003943574124614717,0.003943574124614717
2024-07,2024-11,4,DE01,Software,695366.55,776053.87,80687.31999999995,0.1160356649309633,0.1160356649309633
2024-07,2024-11,4,ES01,Events,2440235.3,2243368.77,-196866.5299999998,0.08067522422940109,-0.08067522422940109
2024-07,2024-11,4,ES01,Hardware,5077784.9,4814696.04,-263088.86000000034,0.05181173783080105,-0.05181173783080105
2024-07,2024-11,4,ES01,Spare Parts,2039663.45,2057006.2,17342.75,0.008502750784694407,0.008502750784694407
2024-07,2024-11,4,JP01,Hardware,3505116.83,3235804.95,-269311.8799999999,0.07683392396366996,-0.07683392396366996
2024-07,2024-11,4,JP01,Software,561586.11,649711.58,88125.46999999997,0.15692245308560065,0.15692245308560065
2024-07,2024-11,4,JP01,Spare Parts,2860046.49,2867561.1,7514.60999999987,0.002627443304251977,0.002627443304251977
2024-07,2024-11,4,US01,Events,2829480.63,2309522.94,-519957.68999999994,0.1837643574891693,-0.1837643574891693
2024-07,2024-11,4,US01,Hardware,5799608.56,5962344.6,162736.04000000004,0.02805983167939873,0.02805983167939873
2024-07,2024-11,4,US01,Software,865642.11,972339.17,106697.06000000006,0.12325770519643511,0.12325770519643511
2024-07,2024-12,5,DE01,Hardware,5533512.32,5540050.49,6538.1699999999255,0.001181558768084558,0.001181558768084558
2024-07,2024-12,5,DE01,Software,687696.76,824459.6,136762.83999999997,0.19887085115829245,0.19887085115829245
2024-07,2024-12,5,ES01,Events,2683882.17,2368417.76,-315464.41000000015,0.1175403352375936,-0.1175403352375936
2024-07,2024-12,5,ES01,Hardware,5111308.99,5087189.18,-24119.81000000052,0.004718910566195397,-0.004718910566195397
2024-07,2024-12,5,ES01,Spare Parts,2180696.77,2176032.41,-4664.35999999987,0.0021389310353313678,-0.0021389310353313678
2024-07,2024-12,5,JP01,Hardware,3568673.5,3418938.98,-149734.52000000002,0.04195803286571327,-0.04195803286571327
2024-07,2024-12,5,JP01,Software,581547.28,690236.81,108689.53000000003,0.1868971513373771,0.1868971513373771
2024-07,2024-12,5,JP01,Spare Parts,3041330.91,3033489.11,-7841.800000000279,0.0025784106471992813,-0.0025784106471992813
2024-07,2024-12,5,US01,Events,2104401.94,2438259.47,333857.53000000026,0.15864722591920832,0.15864722591920832
2024-07,2024-12,5,US01,Hardware,6191156.26,6299790.2,108633.94000000041,0.017546631911371013,0.017546631911371013
2024-07,2024-12,5,US01,Software,878484.84,1032988.03,154503.19000000006,0.1758746229473921,0.1758746229473921
2024-07,2025-01,6,DE01,Hardware,4346465.42,4143424.38,-203041.04000000004,0.04671405852344272,-0.04671405852344272
2024-07,2025-01,6,DE01,Software,730802.6,619988.4,-110814.19999999995,0.1516335601433273,-0.1516335601433273
2024-07,2025-01,6,ES01,Events,2528238.4,1769915.89,-758322.51,0.2999410617289889,-0.2999410617289889
2024-07,2025-01,6,ES01,Hardware,3735081.48,3804727.72,69646.24000000022,0.018646511561509555,0.018646511561509555
2024-07,2025-01,6,ES01,Spare Parts,1647022.14,1629415.34,-17606.799999999814,0.010690080948152776,-0.010690080948152776
2024-07,2025-01,6,JP01,Hardware,2307558.84,2557037.18,249478.34000000032,0.10811353352099153,0.10811353352099153
2024-07,2025-01,6,JP01,Software,598285.56,519053.72,-79231.84000000008,0.13243147636723854,-0.13243147636723854
2024-07,2025-01,6,JP01,Spare Parts,2311810.7399999998,2271479.8,-40330.939999999944,0.017445606295608762,-0.017445606295608762
2024-07,2025-01,6,US01,Events,2553570.29,1822108.53,-731461.76,0.28644669107581133,-0.28644669107581133
2024-07,2025-01,6,US01,Hardware,4843942.49,4711636.53,-132305.95999999996,0.027313693396058457,-0.027313693396058457
2024-07,2025-01,6,US01,Software,922508.64,776800.47,-145708.17000000004,0.1579477564567851,-0.1579477564567851
2024-07,2025-02,7,DE01,Hardware,4671905.56,4344197.9,-327707.6599999992,0.0701443245783417,-0.0701443245783417
2024-07,2025-02,7,DE01,Software,732179.75,653585.25,-78594.5,0.10734317631701779,-0.10734317631701779
2024-07,2025-02,7,ES01,Events,2673720.76,1854178.07,-819542.6899999997,0.30651768212324454,-0.30651768212324454
2024-07,2025-02,7,ES01,Hardware,3932186.89,3989089.37,56902.47999999998,0.014470950031573901,0.014470950031573901
2024-07,2025-02,7,ES01,Spare Parts,1744113.25,1710419.86,-33693.3899999999,0.01931834988352958,-0.01931834988352958
2024-07,2025-02,7,JP01,Hardware,2538483.48,2680940.82,142457.33999999985,0.056119073108957106,0.056119073108957106
2024-07,2025-02,7,JP01,Software,606867.23,547180.97,-59686.26000000001,0.09835143018020599,-0.09835143018020599
2024-07,2025-02,7,JP01,Spare Parts,2431383.99,2384403.82,-46980.17000000039,0.01932239835140166,-0.01932239835140166
2024-07,2025-02,7,US01,Events,1986978.21,1908855.49,-78122.71999999997,0.0393173511449831,-0.0393173511449831
2024-07,2025-02,7,US01,Hardware,5024694.01,4939943.31,-84750.70000000019,0.01686683802662049,-0.01686683802662049
2024-07,2025-02,7,US01,Software,920625.16,818894.88,-101730.28000000003,0.11050130326657596,-0.11050130326657596
2024-07,2025-03,8,DE01,Hardware,5044531.37,4688155.39,-356375.98000000045,0.07064600333727342,-0.07064600333727342
2024-07,2025-03,8,DE01,Software,750166.51,709190.87,-40975.640000000014,0.05462205984108783,-0.05462205984108783
2024-07,2025-03,8,ES01,Events,1771646.13,1999366.74,227720.6100000001,0.1285361710467542,0.1285361710467542
2024-07,2025-03,8,ES01,Hardware,4581028.1,4304930.68,-276097.4199999999,0.060269750364552434,-0.060269750364552434
2024-07,2025-03,8,ES01,Spare Parts,1924143.48,1848059.17,-76084.31000000006,0.03954191087662551,-0.03954191087662551
2024-07,2025-03,8,JP01,Hardware,3071011.94,2893207.78,-177804.16000000015,0.057897580170267963,-0.057897580170267963
2024-07,2025-03,8,JP01,Software,600048.53,593733.94,-6314.590000000084,0.010523465493699457,-0.010523465493699457
2024-07,2025-03,8,JP01,Spare Parts,2660137.21,2576279.35,-83857.85999999987,0.03152388519086949,-0.03152388519086949
2024-07,2025-03,8,US01,Events,2175443.6,2058325.59,-117118.01000000001,0.053836380773098415,-0.053836380773098415
2024-07,2025-03,8,US01,Hardware,5643557.42,5331069.71,-312487.70999999996,0.05537069737123362,-0.05537069737123362
2024-07,2025-03,8,US01,Software,925532.31,888564.68,-36967.630000000005,0.039942019960383664,-0.039942019960383664
2024-07,2025-04,9,DE01,Hardware,4804531.26,4796596.72,-7934.540000000037,0.0016514701581939624,-0.0016514701581939624
2024-07,2025-04,9,DE01,Software,761822.84,729563.06,-32259.77999999991,0.042345514345566104,-0.042345514345566104
2024-07,2025-04,9,ES01,Events,2047813.5299999998,2043959.55,-3853.9799999997485,0.001881997527382168,-0.001881997527382168
2024-07,2025-04,9,ES01,Hardware,4490297.08,4404507.68,-85789.40000000037,0.019105506489116388,-0.019105506489116388
2024-07,2025-04,9,ES01,Spare Parts,1934873.53,1893075.03,-41798.5,0.021602703924529888,-0.021602703924529888
2024-07,2025-04,9,JP01,Hardware,3179389.49,2960130.33,-219259.16000000015,0.06896266113026628,-0.06896266113026628
2024-07,2025-04,9,JP01,Software,618173.43,610789.52,-7383.910000000033,0.011944722373460845,-0.011944722373460845
2024-07,2025-04,9,JP01,Spare Parts,2685766.17,2639033.52,-46732.64999999991,0.01740011864100586,-0.01740011864100586
2024-07,2025-04,9,US01,Events,2207176.32,2104233.39,-102942.9299999997,0.04664010259044448,-0.04664010259044448
2024-07,2025-04,9,US01,Hardware,5414874.6,5454382.24,39507.640000000596,0.007296132028616249,0.007296132028616249
2024-07,2025-04,9,US01,Software,940565.21,914089.56,-26475.649999999907,0.028148659676663895,-0.028148659676663895
2024-07,2025-05,10,DE01,Hardware,5113897.66,4905622.06,-208275.60000000056,0.04072736958134601,-0.04072736958134601
2024-07,2025-05,10,DE01,Software,763763.57,750226.18,-13537.389999999898,0.017724581967165438,-0.017724581967165438
2024-07,2025-05,10,ES01,Events,2691589.14,2088727.59,-602861.55,0.22397978244183286,-0.22397978244183286
2024-07,2025-05,10,ES01,Hardware,4691848.15,4504620.94,-187227.20999999996,0.03990478890498618,-0.03990478890498618
2024-07,2025-05,10,ES01,Spare Parts,1975457.31,1938427.01,-37030.30000000005,0.01874517855311186,-0.01874517855311186
2024-07,2025-05,10,JP01,Hardware,3268108.44,3027413.29,-240695.1499999999,0.07364968281162662,-0.07364968281162662
2024-07,2025-05,10,JP01,Software,616363.4,628088.66,11725.26000000001,0.019023290480907867,0.019023290480907867
2024-07,2025-05,10,JP01,Spare Parts,2734857.58,2702256.26,-32601.320000000298,0.011920664621958229,-0.011920664621958229
2024-07,2025-05,10,US01,Events,3069954.84,2150321.59,-919633.25,0.29955921110552886,-0.29955921110552886
2024-07,2025-05,10,US01,Hardware,5637315.36,5578358.87,-58956.49000000022,0.010458256498887836,-0.010458256498887836
2024-07,2025-05,10,US01,Software,951877.53,939978.94,-11898.590000000084,0.012500126985873996,-0.012500126985873996
2024-07,2025-06,11,DE01,Hardware,5113854.93,5015233.87,-98621.05999999959,0.019285071897805987,-0.019285071897805987
2024-07,2025-06,11,DE01,Software,768954.13,771183.64,2229.5100000000093,0.0028994057161771266,0.0028994057161771266
2024-07,2025-06,11,ES01,Events,3323926.6,2133671.39,-1190255.21,0.3580870919351829,-0.3580870919351829
2024-07,2025-06,11,ES01,Hardware,4808227.65,4605272.73,-202954.91999999993,0.04220992323439592,-0.04220992323439592
2024-07,2025-06,11,ES01,Spare Parts,2037961.34,1984117.11,-53844.22999999998,0.02642063367109799,-0.02642063367109799
2024-07,2025-06,11,JP01,Hardware,3267211.05,3095058.17,-172152.8799999999,0.05269108036348001,-0.05269108036348001
2024-07,2025-06,11,JP01,Software,635120.07,645634.23,10514.160000000033,0.016554602029817816,0.016554602029817816
2024-07,2025-06,11,JP01,Spare Parts,2823049.9,2765950.36,-57099.54000000004,0.020226188704634673,-0.020226188704634673
2024-07,2025-06,11,US01,Events,2256814.93,2196590.72,-60224.20999999996,0.02668548900463006,-0.02668548900463006
2024-07,2025-06,11,US01,Hardware,5719263.22,5703002.39,-16260.830000000075,0.0028431686695476266,-0.0028431686695476266
2024-07,2025-06,11,US01,Software,962174.36,966237.13,4062.7700000000186,0.004222488323218277,0.004222488323218277
2024-07,2025-07,12,DE01,Hardware,4722270.85,4550619.51,-171651.33999999985,0.03634932121693102,-0.03634932121693102
2024-07,2025-07,12,DE01,Software,770646.51,703567.29,-67079.21999999997,0.08704278697116266,-0.08704278697116266
2024-07,2025-07,12,ES01,Events,3546902.57,1934441.03,-1612461.5399999998,0.4546111736020987,-0.4546111736020987
2024-07,2025-07,12,ES01,Hardware,4357362.47,4178637.43,-178725.03999999957,0.0410167942718797,-0.0410167942718797
2024-07,2025-07,12,ES01,Spare Parts,1860477.6,1802467.25,-58010.35000000009,0.031180353904825348,-0.031180353904825348
2024-07,2025-07,12,JP01,Hardware,2913153.02,2808330.08,-104822.93999999994,0.035982641241413385,-0.035982641241413385
2024-07,2025-07,12,JP01,Software,638190.11,589025.88,-49164.22999999998,0.07703696630460159,-0.07703696630460159
2024-07,2025-07,12,JP01,Spare Parts,2571194.41,2512722.11,-58472.30000000028,0.022741298663604467,-0.022741298663604467
2024-07,2025-07,12,US01,Events,1513970.65,1991485.3,477514.65000000014,0.31540548688972286,0.31540548688972286
2024-07,2025-07,12,US01,Hardware,5224763.8,5174672.74,-50091.05999999959,0.009587239139882188,-0.009587239139882188
2024-07,2025-07,12,US01,Software,983710.2,881518.74,-102191.45999999996,0.10388370477402793,-0.10388370477402793
2024-07,2025-08,13,DE01,Hardware,4305816.89,4035257.33,-270559.5599999996,0.06283582579379023,-0.06283582579379023
2024-07,2025-08,13,DE01,Software,783265.11,627299.36,-155965.75,0.19912255506950896,-0.19912255506950896
2024-07,2025-08,13,ES01,Events,1659616.36,1713976.38,54360.019999999786,0.03275456985733726,0.03275456985733726
2024-07,2025-08,13,ES01,Hardware,3706548.86,3705402.58,-1146.279999999795,0.00030925803039320924,-0.00030925803039320924
2024-07,2025-08,13,ES01,Spare Parts,1649564.19,1600253.69,-49310.5,0.029893047084151362,-0.029893047084151362
2024-07,2025-08,13,JP01,Hardware,2264184.89,2490283.9,226099.00999999978,0.09985889889054059,0.09985889889054059
2024-07,2025-08,13,JP01,Software,658777.62,525174.44,-133603.18000000005,0.2028046732977967,-0.2028046732977967
2024-07,2025-08,13,JP01,Spare Parts,2267916.03,2230827.13,-37088.89999999991,0.016353735989070067,-0.016353735989070067
2024-07,2025-08,13,US01,Events,1368544.87,1764519.42,395974.5499999998,0.28933983728279206,0.28933983728279206
2024-07,2025-08,13,US01,Hardware,4496825.37,4588635.9,91810.53000000026,0.02041674346807029,0.02041674346807029
2024-07,2025-08,13,US01,Software,979283.84,785960.56,-193323.2799999999,0.19741291758679477,-0.19741291758679477
2024-07,2025-09,14,DE01,Hardware,5132921.29,5010375.99,-122545.29999999981,0.023874377391826285,-0.023874377391826285
2024-07,2025-09,14,DE01,Software,803407.79,783145.43,-20262.359999999986,0.025220517217041157,-0.025220517217041157
2024-07,2025-09,14,ES01,Events,2098177.43,2126437.1,28259.669999999925,0.013468675049087685,0.013468675049087685
2024-07,2025-09,14,ES01,Hardware,4752466.38,4600811.95,-151654.4299999997,0.0319106791871718,-0.0319106791871718
2024-07,2025-09,14,ES01,Spare Parts,2061119.91,1989338.4,-71781.51000000001,0.03482645995108553,-0.03482645995108553
2024-07,2025-09,14,JP01,Hardware,3420851.08,3092060.22,-328790.85999999987,0.09611376008803045,-0.09611376008803045
2024-07,2025-09,14,JP01,Software,665617.74,655648.63,-9969.109999999986,0.014977230023947357,-0.014977230023947357
2024-07,2025-09,14,JP01,Spare Parts,2827480.22,2773229.08,-54251.14000000013,0.019187097973757047,-0.019187097973757047
2024-07,2025-09,14,US01,Events,3680310.3,2189143.1,-1491167.1999999997,0.4051743136984943,-0.4051743136984943
2024-07,2025-09,14,US01,Hardware,5710211.41,5697478.32,-12733.089999999851,0.0022298806621592056,-0.0022298806621592056
2024-07,2025-09,14,US01,Software,987656.78,981224.38,-6432.400000000023,0.006512788784784147,-0.006512788784784147
2024-07,2025-10,15,DE01,Hardware,5456597.86,5218020.28,-238577.58000000007,0.04372277124339891,-0.04372277124339891
2024-07,2025-10,15,DE01,Software,819095.4,820061.38,965.9799999999814,0.001179325387494523,0.001179325387494523
2024-07,2025-10,15,ES01,Events,3244030.3,2212771.72,-1031258.5799999996,0.3178942502479091,-0.3178942502479091
2024-07,2025-10,15,ES01,Hardware,5042217.8,4791482.74,-250735.0599999996,0.04972713792728263,-0.04972713792728263
2024-07,2025-10,15,ES01,Spare Parts,2137107.6,2074267.95,-62839.65000000014,0.029404064633900575,-0.029404064633900575
2024-07,2025-10,15,JP01,Hardware,3573820.2199999997,3220204.03,-353616.18999999994,0.09894627268072258,-0.09894627268072258
2024-07,2025-10,15,JP01,Software,678511.8099999999,686554.62,8042.810000000056,0.011853603550393702,0.011853603550393702
2024-07,2025-10,15,JP01,Spare Parts,2970043.07,2891624.77,-78418.29999999981,0.026403085124284013,-0.026403085124284013
2024-07,2025-10,15,US01,Events,2152138.58,2278023.62,125885.04000000004,0.05849299908930587,0.05849299908930587
2024-07,2025-10,15,US01,Hardware,5845785.48,5933598.09,87812.6099999994,0.015021524532576484,0.015021524532576484
2024-07,2025-10,15,US01,Software,1012386.25,1027477.38,15091.130000000005,0.01490649443332523,0.01490649443332523
2024-07,2025-11,16,DE01,Hardware,5643282.3,5426815.53,-216466.76999999955,0.03835830966669868,-0.03835830966669868
2024-07,2025-11,16,DE01,Software,824405.33,857539.53,33134.20000000007,0.040191637285993856,0.040191637285993856
2024-07,2025-11,16,ES01,Events,3330726.18,2299452.99,-1031273.19,0.3096241282734325,-0.3096241282734325
2024-07,2025-11,16,ES01,Hardware,5042528.53,4983210.4,-59318.12999999989,0.011763568544450037,-0.011763568544450037
2024-07,2025-11,16,ES01,Spare Parts,2246247.57,2159856.51,-86391.06000000006,0.03846016848445608,-0.03846016848445608
2024-07,2025-11,16,JP01,Hardware,3715131.39,3349058.13,-366073.26000000024,0.09853575057543261,-0.09853575057543261
2024-07,2025-11,16,JP01,Software,690835.74,717931.3,27095.560000000056,0.03922142186795381,0.03922142186795381
2024-07,2025-11,16,JP01,Spare Parts,3080239.12,3010939.15,-69299.9700000002,0.02249824357792073,-0.02249824357792073
2024-07,2025-11,16,US01,Events,2247091.5,2367261.01,120169.50999999978,0.053477800080681974,0.053477800080681974
2024-07,2025-11,16,US01,Hardware,6014569.7,6171026.66,156456.95999999996,0.02601299308244777,0.02601299308244777
2024-07,2025-11,16,US01,Software,1040772.17,1074434.79,33662.619999999995,0.03234388944124053,0.03234388944124053
2024-07,2025-12,17,DE01,Hardware,5888462.87,5733952.26,-154510.61000000034,0.026239548997954425,-0.026239548997954425
2024-07,2025-12,17,DE01,Software,827130.13,911027.86,83897.72999999998,0.10143232238438707,0.10143232238438707
2024-07,2025-12,17,ES01,Events,2470654.47,2427628.2,-43026.27000000002,0.01741492811821639,-0.01741492811821639
2024-07,2025-12,17,ES01,Hardware,5478749.67,5265240.8,-213508.8700000001,0.038970364199903317,-0.038970364199903317
2024-07,2025-12,17,ES01,Spare Parts,2349745.46,2284834.03,-64911.43000000017,0.02762487729202812,-0.02762487729202812
2024-07,2025-12,17,JP01,Hardware,3812651.53,3538601.84,-274049.68999999994,0.07187902902838854,-0.07187902902838854
2024-07,2025-12,17,JP01,Software,696583.87,762711.68,66127.81000000006,0.09493158375889475,0.09493158375889475
2024-07,2025-12,17,JP01,Spare Parts,3250211.08,3185163.56,-65047.52000000002,0.020013321719400456,-0.020013321719400456
2024-07,2025-12,17,US01,Events,2120276.55,2499215.96,378939.41000000015,0.17872169080962583,0.17872169080962583
2024-07,2025-12,17,US01,Hardware,6382523.77,6520282.86,137759.09000000078,0.021583795840685257,0.021583795840685257
2024-07,2025-12,17,US01,Software,1033741.14,1141451.78,107710.64000000001,0.1041949825079033,0.1041949825079033
2024-07,2026-01,18,DE01,Hardware,4361789.12,4288444.23,-73344.88999999966,0.016815322332685276,-0.016815322332685276
2024-07,2026-01,18,DE01,Software,824720.26,685087.19,-139633.07000000007,0.16930961535975855,-0.16930961535975855
2024-07,2026-01,18,ES01,Events,4029079.65,1814163.79,-2214915.86,0.5497324581309778,-0.5497324581309778
2024-07,2026-01,18,ES01,Hardware,3969315.91,3937893.19,-31422.720000000205,0.007916406935723139,-0.007916406935723139
2024-07,2026-01,18,ES01,Spare Parts,1730376.87,1710886.1,-19490.77000000002,0.011263887270985087,-0.011263887270985087
2024-07,2026-01,18,JP01,Hardware,2301293.04,2646533.48,345240.43999999994,0.150020199079036,0.150020199079036
2024-07,2026-01,18,JP01,Software,666552.84,573554.36,-92998.47999999998,0.13952154190806537,-0.13952154190806537
2024-07,2026-01,18,JP01,Spare Parts,2397037.82,2385053.79,-11984.029999999795,0.004999516444842658,-0.004999516444842658
2024-07,2026-01,18,US01,Events,1694382.05,1867661.24,173279.18999999994,0.10226689429340917,0.10226689429340917
2024-07,2026-01,18,US01,Hardware,4715868.51,4876543.81,160675.2999999998,0.03407120017432374,0.03407120017432374
2024-07,2026-01,18,US01,Software,1019508.7,858364.52,-161144.17999999993,0.1580606227293597,-0.1580606227293597
2024-07,2026-02,19,DE01,Hardware,4590563.92,4496244.83,-94319.08999999985,0.020546297065829736,-0.020546297065829736
2024-07,2026-02,19,DE01,Software,838223.83,722211.71,-116012.12,0.13840231671771966,-0.13840231671771966
2024-07,2026-02,19,ES01,Events,2671339.66,1900532.52,-770807.1400000001,0.28854703560984085,-0.28854703560984085
2024-07,2026-02,19,ES01,Hardware,4158406.09,4128707.5,-29698.58999999985,0.007141820533453445,-0.007141820533453445
2024-07,2026-02,19,ES01,Spare Parts,1839318.77,1795940.85,-43377.919999999925,0.02358368799770359,-0.02358368799770359
2024-07,2026-02,19,JP01,Hardware,2845134.32,2774773.75,-70360.56999999983,0.024730139981580846,-0.024730139981580846
2024-07,2026-02,19,JP01,Software,688429.15,604634.97,-83794.18000000005,0.12171794294300299,-0.12171794294300299
2024-07,2026-02,19,JP01,Spare Parts,2545994.33,2503624.01,-42370.3200000003,0.01664195379413916,-0.01664195379413916
2024-07,2026-02,19,US01,Events,2126392.69,1956576.87,-169815.81999999983,0.07986098748298455,-0.07986098748298455
2024-07,2026-02,19,US01,Hardware,5150460.5,5112841.33,-37619.169999999925,0.007304040095055564,-0.007304040095055564
2024-07,2026-02,19,US01,Software,1031074.72,904878.85,-126195.87,0.12239255560450556,-0.12239255560450556
2024-07,2026-03,20,DE01,Hardware,5078909.1,4852240.82,-226668.27999999933,0.04462932404125905,-0.04462932404125905
2024-07,2026-03,20,DE01,Software,860159.24,783655.91,-76503.32999999996,0.08894089192136093,-0.08894089192136093
2024-07,2026-03,20,ES01,Events,4347630.29,2049350.91,-2298279.38,0.5286280632661614,-0.5286280632661614
2024-07,2026-03,20,ES01,Hardware,4575854.05,4455603.26,-120250.79000000004,0.026279419904137905,-0.026279419904137905
2024-07,2026-03,20,ES01,Spare Parts,2016743.57,1940462.13,-76281.44000000018,0.037824065059495975,-0.037824065059495975
2024-07,2026-03,20,JP01,Hardware,3265538.72,2994470.05,-271068.6700000004,0.08300886721686165,-0.08300886721686165
2024-07,2026-03,20,JP01,Software,727869.52,656076.0,-71793.52000000002,0.09863515098145614,-0.09863515098145614
2024-07,2026-03,20,JP01,Spare Parts,2806973.74,2705093.31,-101880.43000000017,0.03629546958283983,-0.03629546958283983
2024-07,2026-03,20,US01,Events,2052129.69,2109783.73,57654.04000000004,0.02809473508470122,0.02809473508470122
2024-07,2026-03,20,US01,Hardware,5641419.01,5517657.15,-123761.8599999994,0.021938072633962958,-0.021938072633962958
2024-07,2026-03,20,US01,Software,1086297.7,981863.98,-104433.71999999997,0.09613729275133324,-0.09613729275133324
2024-07,2026-04,21,DE01,Hardware,5292387.16,4964477.6,-327909.5600000005,0.06195872487907716,-0.06195872487907716
2024-07,2026-04,21,DE01,Software,883747.55,806167.19,-77580.3600000001,0.08778565779333714,-0.08778565779333714
2024-07,2026-04,21,ES01,Events,1899602.31,2095058.54,195456.22999999998,0.10289323663751491,0.10289323663751491
2024-07,2026-04,21,ES01,Hardware,4826801.56,4558665.45,-268136.1099999994,0.05555150893752496,-0.05555150893752496
2024-07,2026-04,21,ES01,Spare Parts,2107476.69,1987728.78,-119747.90999999992,0.05682051458419686,-0.05682051458419686
2024-07,2026-04,21,JP01,Hardware,3471706.0,3063734.89,-407971.10999999987,0.11751315059512524,-0.11751315059512524
2024-07,2026-04,21,JP01,Software,741056.59,674922.42,-66134.16999999993,0.08924307656450357,-0.08924307656450357
2024-07,2026-04,21,JP01,Spare Parts,2940055.28,2770985.19,-169070.08999999985,0.05750575206871616,-0.05750575206871616
2024-07,2026-04,21,US01,Events,2301375.69,2156839.23,-144536.45999999996,0.06280437419585325,-0.06280437419585325
2024-07,2026-04,21,US01,Hardware,6025098.71,5645285.62,-379813.08999999985,0.06303848422758868,-0.06303848422758868
2024-07,2026-04,21,US01,Software,1101695.33,1010068.97,-91626.3600000001,0.0831685108441007,-0.0831685108441007
2024-07,2026-05,22,DE01,Hardware,5381249.6,5077318.83,-303930.76999999955,0.05647958979639219,-0.05647958979639219
2024-07,2026-05,22,DE01,Software,885391.85,828999.92,-56391.929999999935,0.06369149433666002,-0.06369149433666002
2024-07,2026-05,22,ES01,Events,3489160.2399999998,2140945.78,-1348214.46,0.38640084354509324,-0.38640084354509324
2024-07,2026-05,22,ES01,Hardware,5134093.25,4662282.67,-471810.5800000001,0.091897547828918,-0.091897547828918
2024-07,2026-05,22,ES01,Spare Parts,2174342.11,2035348.36,-138993.74999999977,0.06392450818146542,-0.06392450818146542
2024-07,2026-05,22,JP01,Hardware,3584493.15,3133372.75,-451120.3999999999,0.12585333019816203,-0.12585333019816203
2024-07,2026-05,22,JP01,Software,748277.66,694037.97,-54239.69000000006,0.07248604749205002,-0.07248604749205002
2024-07,2026-05,22,JP01,Spare Parts,3019944.0,2837369.07,-182574.93000000017,0.060456395880188564,-0.060456395880188564
2024-07,2026-05,22,US01,Events,1834312.06,2204079.62,369767.56000000006,0.20158378067906288,0.20158378067906288
2024-07,2026-05,22,US01,Hardware,5861610.25,5773601.43,-88008.8200000003,0.015014444196456136,-0.015014444196456136
2024-07,2026-05,22,US01,Software,1100147.2,1038676.73,-61470.46999999997,0.05587476839462935,-0.05587476839462935
2024-07,2026-06,23,DE01,Hardware,5375821.92,5190767.05,-185054.8700000001,0.03442354913423176,-0.03442354913423176
2024-07,2026-06,23,DE01,Software,913395.84,852157.93,-61237.909999999916,0.06704421820007404,-0.06704421820007404
2024-07,2026-06,23,ES01,Events,2432535.35,2187013.17,-245522.18000000017,0.10093262570675496,-0.10093262570675496
2024-07,2026-06,23,ES01,Hardware,5025591.43,4766457.28,-259134.14999999944,0.05156291624765037,-0.05156291624765037
2024-07,2026-06,23,ES01,Spare Parts,2201176.53,2083322.96,-117853.56999999983,0.05354117145706612,-0.05354117145706612
2024-07,2026-06,23,JP01,Hardware,3639861.9,3203385.21,-436476.68999999994,0.11991572812144327,-0.11991572812144327
2024-07,2026-06,23,JP01,Software,761159.52,713425.82,-47733.70000000007,0.06271182156402651,-0.06271182156402651
2024-07,2026-06,23,JP01,Spare Parts,3033019.12,2904247.87,-128771.25,0.042456458368782056,-0.042456458368782056
2024-07,2026-06,23,US01,Events,1106838.42,2251505.49,1144667.0700000003,1.0341772107983027,1.0341772107983027
2024-07,2026-06,23,US01,Hardware,5969717.7700000005,5902607.47,-67110.30000000075,0.011241787733626935,-0.011241787733626935
2024-07,2026-06,23,US01,Software,1130166.27,1067692.03,-62474.23999999999,0.05527880424178647,-0.05527880424178647
2024-07,2026-07,24,DE01,Hardware,5009268.27,4709891.2,-299377.06999999937,0.05976463105259072,-0.05976463105259072
2024-07,2026-07,24,DE01,Software,899460.19,777441.85,-122018.33999999997,0.13565729907401458,-0.13565729907401458
2024-07,2026-07,24,ES01,Events,3033738.22,1982802.06,-1050936.1600000001,0.3464162309956988,-0.3464162309956988
2024-07,2026-07,24,ES01,Hardware,4727054.36,4324889.74,-402164.6200000001,0.08507721497833591,-0.08507721497833591
2024-07,2026-07,24,ES01,Spare Parts,2008950.68,1892590.61,-116360.06999999983,0.05792081963903655,-0.05792081963903655
2024-07,2026-07,24,JP01,Hardware,3142643.03,2906621.63,-236021.3999999999,0.07510283469898263,-0.07510283469898263
2024-07,2026-07,24,JP01,Software,739957.45,650873.6,-89083.84999999998,0.12039050353503432,-0.12039050353503432
2024-07,2026-07,24,JP01,Spare Parts,2790693.87,2638358.22,-152335.6499999999,0.05458701566574907,-0.05458701566574907
2024-07,2026-07,24,US01,Events,2810554.0,2041272.44,-769281.56,0.27371171662241683,-0.27371171662241683
2024-07,2026-07,24,US01,Hardware,5368735.5,5355786.28,-12949.21999999974,0.002411968330345151,-0.002411968330345151
2024-07,2026-07,24,US01,Software,1132865.88,974078.21,-158787.66999999993,0.140164579764729,-0.140164579764729
2024-08,2024-09,1,DE01,Hardware,4792003.32,4822123.32,30120.0,0.006285471438279387,0.006285471438279387
2024-08,2024-09,1,DE01,Software,703027.46,797806.63,94779.17000000004,0.13481574389711612,0.13481574389711612
2024-08,2024-09,1,ES01,Events,2016305.32,2301879.07,285573.74999999977,0.14163219586208292,0.14163219586208292
2024-08,2024-09,1,ES01,Hardware,4531178.97,4428498.54,-102680.4299999997,0.022660863911980883,-0.022660863911980883
2024-08,2024-09,1,ES01,Spare Parts,1884247.24,1895775.68,11528.439999999944,0.006118326594974842,0.006118326594974842
2024-08,2024-09,1,JP01,Hardware,2993146.86,2782211.04,-210935.81999999983,0.07047292694485423,-0.07047292694485423
2024-08,2024-09,1,JP01,Software,562061.21,656722.4,94661.19000000006,0.16841793796800186,0.16841793796800186
2024-08,2024-09,1,JP01,Spare Parts,2617325.89,2638109.54,20783.649999999907,0.007940795633974302,0.007940795633974302
2024-08,2024-09,1,US01,Events,1936768.55,2058152.7,121384.1499999999,0.0626735445492441,0.0626735445492441
2024-08,2024-09,1,US01,Hardware,5557279.61,5377409.95,-179869.66000000015,0.03236649451223134,-0.03236649451223134
2024-08,2024-09,1,US01,Software,867784.87,995566.86,127781.98999999999,0.14725076965216044,0.14725076965216044
2024-08,2024-10,2,DE01,Hardware,5183743.28,5021965.89,-161777.3900000006,0.03120860375631885,-0.03120860375631885
2024-08,2024-10,2,DE01,Software,715474.64,835413.68,119939.04000000004,0.16763562716911956,0.16763562716911956
2024-08,2024-10,2,ES01,Events,3338816.35,2395336.74,-943479.6099999999,0.28257906727933685,-0.28257906727933685
2024-08,2024-10,2,ES01,Hardware,4702329.59,4612028.17,-90301.41999999993,0.019203549702691072,-0.019203549702691072
2024-08,2024-10,2,ES01,Spare Parts,1995094.17,1976710.81,-18383.35999999987,0.009214281850164431,-0.009214281850164431
2024-08,2024-10,2,JP01,Hardware,3189377.44,2897513.81,-291863.6299999999,0.09151116024699789,-0.09151116024699789
2024-08,2024-10,2,JP01,Software,587960.11,687679.01,99718.90000000002,0.16960147177331472,0.16960147177331472
2024-08,2024-10,2,JP01,Spare Parts,2772381.75,2750736.66,-21645.08999999985,0.007807398818723233,-0.007807398818723233
2024-08,2024-10,2,US01,Events,1864919.16,2141714.93,276795.77000000025,0.1484223959605843,0.1484223959605843
2024-08,2024-10,2,US01,Hardware,5642968.0,5600265.17,-42702.830000000075,0.007567441459884245,-0.007567441459884245
2024-08,2024-10,2,US01,Software,892544.8200000001,1042495.94,149951.11999999988,0.16800402247586835,0.16800402247586835
2024-08,2024-11,3,DE01,Hardware,5222703.91,5222916.16,212.25,4.0639868477629244e-05,4.0639868477629244e-05
2024-08,2024-11,3,DE01,Software,695366.55,873593.46,178226.90999999992,0.2563064185356628,0.2563064185356628
2024-08,2024-11,3,ES01,Events,2440235.3,2489169.66,48934.360000000335,0.020053131761515103,0.020053131761515103
2024-08,2024-11,3,ES01,Hardware,5077784.9,4796575.09,-281209.8100000005,0.05538041006817766,-0.05538041006817766
2024-08,2024-11,3,ES01,Spare Parts,2039663.45,2058273.96,18610.51000000001,0.009124304306183459,0.009124304306183459
2024-08,2024-11,3,JP01,Hardware,3505116.83,3013455.7,-491661.1299999999,0.14026954131511785,-0.14026954131511785
2024-08,2024-11,3,JP01,Software,561586.11,719107.07,157520.95999999996,0.2804929772924761,0.2804929772924761
2024-08,2024-11,3,JP01,Spare Parts,2860046.49,2864237.71,4191.219999999739,0.001465437717412677,0.001465437717412677
2024-08,2024-11,3,US01,Events,2829480.63,2225612.68,-603867.9499999997,0.21342006854452286,-0.21342006854452286
2024-08,2024-11,3,US01,Hardware,5799608.56,5824355.67,24747.110000000335,0.004267031083904796,0.004267031083904796
2024-08,2024-11,3,US01,Software,865642.11,1090139.72,224497.61,0.25934229331796255,0.25934229331796255
2024-08,2024-12,4,DE01,Hardware,5533512.32,5518512.98,-14999.339999999851,0.0027106364154620426,-0.0027106364154620426
2024-08,2024-12,4,DE01,Software,687696.76,928083.13,240386.37,0.34955286106044764,0.34955286106044764
2024-08,2024-12,4,ES01,Events,2683882.17,2627919.99,-55962.1799999997,0.020851205997616393,-0.020851205997616393
2024-08,2024-12,4,ES01,Hardware,5111308.99,5068042.66,-43266.330000000075,0.008464823802405276,-0.008464823802405276
2024-08,2024-12,4,ES01,Spare Parts,2180696.77,2177373.53,-3323.2400000002235,0.0015239349393818854,-0.0015239349393818854
2024-08,2024-12,4,JP01,Hardware,3568673.5,3184005.61,-384667.89000000013,0.10779016068575624,-0.10779016068575624
2024-08,2024-12,4,JP01,Software,581547.28,763960.79,182413.51,0.3136692686448469,0.3136692686448469
2024-08,2024-12,4,JP01,Spare Parts,3041330.91,3029973.41,-11357.5,0.0037343848256222796,-0.0037343848256222796
2024-08,2024-12,4,US01,Events,2104401.94,2349671.93,245269.99000000022,0.11655092372705199,0.11655092372705199
2024-08,2024-12,4,US01,Hardware,6191156.26,6153991.63,-37164.62999999989,0.006002857695599479,-0.006002857695599479
2024-08,2024-12,4,US01,Software,878484.84,1158136.29,279651.45000000007,0.31833383715534586,0.31833383715534586
2024-08,2025-01,5,DE01,Hardware,4346465.42,4127316.39,-219149.0299999998,0.050420056027962096,-0.050420056027962096
2024-08,2025-01,5,DE01,Software,730802.6,697912.65,-32889.94999999995,0.04500524491839514,-0.04500524491839514
2024-08,2025-01,5,ES01,Events,2528238.4,1963841.62,-564396.7799999998,0.2232371678240469,-0.2232371678240469
2024-08,2025-01,5,ES01,Hardware,3735081.48,3790407.96,55326.47999999998,0.014812656777704346,0.014812656777704346
2024-08,2025-01,5,ES01,Spare Parts,1647022.14,1630419.57,-16602.569999999832,0.010080356296849679,-0.010080356296849679
2024-08,2025-01,5,JP01,Hardware,2307558.84,2381329.65,73770.81000000006,0.03196919997064953,0.03196919997064953
2024-08,2025-01,5,JP01,Software,598285.56,574493.68,-23791.880000000005,0.03976676288159119,-0.03976676288159119
2024-08,2025-01,5,JP01,Spare Parts,2311810.7399999998,2268847.25,-42963.48999999976,0.018584345706430867,-0.018584345706430867
2024-08,2025-01,5,US01,Events,2553570.29,1755907.15,-797663.1400000001,0.3123717185791663,-0.3123717185791663
2024-08,2025-01,5,US01,Hardware,4843942.49,4602593.24,-241349.25,0.049824961897927074,-0.049824961897927074
2024-08,2025-01,5,US01,Software,922508.64,870911.17,-51597.46999999997,0.05593169295411691,-0.05593169295411691
2024-08,2025-02,6,DE01,Hardware,4671905.56,4327309.39,-344596.1699999999,0.07375923283860215,-0.07375923283860215
2024-08,2025-02,6,DE01,Software,732179.75,735732.17,3552.420000000042,0.004851841368188675,0.004851841368188675
2024-08,2025-02,6,ES01,Events,2673720.76,2057336.21,-616384.5499999998,0.23053437712021949,-0.23053437712021949
2024-08,2025-02,6,ES01,Hardware,3932186.89,3974075.74,41888.85000000009,0.010652812587959188,0.010652812587959188
2024-08,2025-02,6,ES01,Spare Parts,1744113.25,1711474.01,-32639.23999999999,0.018713945324364684,-0.018713945324364684
2024-08,2025-02,6,JP01,Hardware,2538483.48,2496719.21,-41764.27000000002,0.016452449003134747,-0.016452449003134747
2024-08,2025-02,6,JP01,Software,606867.23,605625.2,-1242.030000000028,0.002046625585632673,-0.002046625585632673
2024-08,2025-02,6,JP01,Spare Parts,2431383.99,2381640.39,-49743.60000000009,0.020458965019342787,-0.020458965019342787
2024-08,2025-02,6,US01,Events,1986978.21,1839502.4,-147475.81000000006,0.07422115112173276,-0.07422115112173276
2024-08,2025-02,6,US01,Hardware,5024694.01,4825616.22,-199077.79000000004,0.039619883241407576,-0.039619883241407576
2024-08,2025-02,6,US01,Software,920625.16,918105.39,-2519.7700000000186,0.0027370205698049994,-0.0027370205698049994
2024-08,2025-03,7,DE01,Hardware,5044531.37,4669929.7,-374601.6699999999,0.07425896332566566,-0.07425896332566566
2024-08,2025-03,7,DE01,Software,750166.51,798326.67,48160.16000000003,0.06419929356750415,0.06419929356750415
2024-08,2025-03,7,ES01,Events,1771646.13,2218432.88,446786.75,0.25218735414165355,0.25218735414165355
2024-08,2025-03,7,ES01,Hardware,4581028.1,4288728.33,-292299.76999999955,0.06380658743394296,-0.06380658743394296
2024-08,2025-03,7,ES01,Spare Parts,1924143.48,1849198.16,-74945.32000000007,0.03894996437583754,-0.03894996437583754
2024-08,2025-03,7,JP01,Hardware,3071011.94,2694400.18,-376611.7599999998,0.12263441737058169,-0.12263441737058169
2024-08,2025-03,7,JP01,Software,600048.53,657150.47,57101.939999999944,0.09516220296381685,0.09516220296381685
2024-08,2025-03,7,JP01,Spare Parts,2660137.21,2573293.54,-86843.66999999993,0.03264631225544938,-0.03264631225544938
2024-08,2025-03,7,US01,Events,2175443.6,1983541.91,-191901.69000000018,0.08821267073988963,-0.08821267073988963
2024-08,2025-03,7,US01,Hardware,5643557.42,5207690.63,-435866.79000000004,0.077232631399363,-0.077232631399363
2024-08,2025-03,7,US01,Software,925532.31,996215.81,70683.5,0.07637064555855429,0.07637064555855429
2024-08,2025-04,8,DE01,Hardware,4804531.26,4777949.46,-26581.799999999814,0.0055326521072525635,-0.0055326521072525635
2024-08,2025-04,8,DE01,Software,761822.84,821259.37,59436.53000000003,0.07801883440512236,0.07801883440512236
2024-08,2025-04,8,ES01,Events,2047813.5299999998,2267911.62,220098.09000000032,0.10747955650043993,0.10747955650043993
2024-08,2025-04,8,ES01,Hardware,4490297.08,4387930.55,-102366.53000000026,0.022797273359917703,-0.022797273359917703
2024-08,2025-04,8,ES01,Spare Parts,1934873.53,1894241.76,-40631.77000000002,0.020999703272595815,-0.020999703272595815
2024-08,2025-04,8,JP01,Hardware,3179389.49,2756724.13,-422665.36000000034,0.1329391574481176,-0.1329391574481176
2024-08,2025-04,8,JP01,Software,618173.43,676027.76,57854.32999999996,0.09358915668698338,0.09358915668698338
2024-08,2025-04,8,JP01,Spare Parts,2685766.17,2635974.98,-49791.189999999944,0.01853891472614682,-0.01853891472614682
2024-08,2025-04,8,US01,Events,2207176.32,2027781.78,-179394.5399999998,0.08127784734479201,-0.08127784734479201
2024-08,2025-04,8,US01,Hardware,5414874.6,5328149.29,-86725.30999999959,0.016016125285708296,-0.016016125285708296
2024-08,2025-04,8,US01,Software,940565.21,1024833.07,84267.85999999999,0.08959278857443599,0.08959278857443599
2024-08,2025-05,9,DE01,Hardware,5113897.66,4886550.95,-227346.70999999996,0.044456640534335595,-0.044456640534335595
2024-08,2025-05,9,DE01,Software,763763.57,844519.56,80755.9900000001,0.10573427847573315,0.10573427847573315
2024-08,2025-05,9,ES01,Events,2691589.14,2317584.8,-374004.3400000003,0.13895298299501993,-0.13895298299501993
2024-08,2025-05,9,ES01,Hardware,4691848.15,4487667.02,-204181.13000000082,0.04351827328427089,-0.04351827328427089
2024-08,2025-05,9,ES01,Spare Parts,1975457.31,1939621.69,-35835.62000000011,0.01814041731937002,-0.01814041731937002
2024-08,2025-05,9,JP01,Hardware,3268108.44,2819383.72,-448724.71999999974,0.13730410977427657,-0.13730410977427657
2024-08,2025-05,9,JP01,Software,616363.4,695174.61,78811.20999999996,0.12786484401896667,0.12786484401896667
2024-08,2025-05,9,JP01,Spare Parts,2734857.58,2699124.45,-35733.12999999989,0.013065810176484541,-0.013065810176484541
2024-08,2025-05,9,US01,Events,3069954.84,2072195.48,-997759.3599999999,0.32500782975687026,-0.32500782975687026
2024-08,2025-05,9,US01,Hardware,5637315.36,5449256.67,-188058.6900000004,0.0333596185401273,-0.0333596185401273
2024-08,2025-05,9,US01,Software,951877.53,1053858.99,101981.45999999996,0.10713716500903216,0.10713716500903216
2024-08,2025-06,10,DE01,Hardware,5113854.93,4995736.63,-118118.29999999981,0.02309770253885552,-0.02309770253885552
2024-08,2025-06,10,DE01,Software,768954.13,868111.1,99156.96999999997,0.1289504355740959,0.1289504355740959
2024-08,2025-06,10,ES01,Events,3323926.6,2367452.99,-956473.6099999999,0.28775413091251767,-0.28775413091251767
2024-08,2025-06,10,ES01,Hardware,4808227.65,4587939.99,-220287.66000000015,0.04581473175464147,-0.04581473175464147
2024-08,2025-06,10,ES01,Spare Parts,2037961.34,1985339.95,-52621.39000000013,0.025820602661677638,-0.025820602661677638
2024-08,2025-06,10,JP01,Hardware,3267211.05,2882380.37,-384830.6799999997,0.11778568146064507,-0.11778568146064507
2024-08,2025-06,10,JP01,Software,635120.07,714594.22,79474.15000000002,0.12513248085515552,0.12513248085515552
2024-08,2025-06,10,JP01,Spare Parts,2823049.9,2762744.73,-60305.169999999925,0.02136170883837368,-0.02136170883837368
2024-08,2025-06,10,US01,Events,2256814.93,2116783.55,-140031.38000000035,0.062048233613910174,-0.062048233613910174
2024-08,2025-06,10,US01,Hardware,5719263.22,5571015.52,-148247.7000000002,0.025920768864350362,-0.025920768864350362
2024-08,2025-06,10,US01,Software,962174.36,1083298.4,121124.03999999992,0.12588574902370078,0.12588574902370078
2024-08,2025-07,11,DE01,Hardware,4722270.85,4532928.52,-189342.33000000007,0.040095609933089735,-0.040095609933089735
2024-08,2025-07,11,DE01,Software,770646.51,791996.28,21349.77000000002,0.02770371334063398,0.02770371334063398
2024-08,2025-07,11,ES01,Events,3546902.57,2146393.4,-1400509.17,0.39485414170821165,-0.39485414170821165
2024-08,2025-07,11,ES01,Hardware,4357362.47,4162910.4,-194452.06999999983,0.0446260946475724,-0.0446260946475724
2024-08,2025-07,11,ES01,Spare Parts,1860477.6,1803578.14,-56899.460000000196,0.030583254536362164,-0.030583254536362164
2024-08,2025-07,11,JP01,Hardware,2913153.02,2615354.88,-297798.14000000013,0.10222536816826742,-0.10222536816826742
2024-08,2025-07,11,JP01,Software,638190.11,651939.55,13749.44000000006,0.021544426628610808,0.021544426628610808
2024-08,2025-07,11,JP01,Spare Parts,2571194.41,2509809.97,-61384.439999999944,0.0238739006903799,-0.0238739006903799
2024-08,2025-07,11,US01,Events,1513970.65,1919130.09,405159.4400000002,0.2676138008355712,0.2676138008355712
2024-08,2025-07,11,US01,Hardware,5224763.8,5054913.21,-169850.58999999985,0.03250875953473722,-0.03250875953473722
2024-08,2025-07,11,US01,Software,983710.2,988316.24,4606.040000000037,0.004682313957911626,0.004682313957911626
2024-08,2025-08,12,DE01,Hardware,4305816.89,4019569.85,-286247.0399999996,0.06647914839685615,-0.06647914839685615
2024-08,2025-08,12,DE01,Software,783265.11,706142.49,-77122.62,0.09846298400805827,-0.09846298400805827
2024-08,2025-08,12,ES01,Events,1659616.36,1901772.93,242156.56999999983,0.14591117310991067,0.14591117310991067
2024-08,2025-08,12,ES01,Hardware,3706548.86,3691456.66,-15092.19999999972,0.004071766101040881,-0.004071766101040881
2024-08,2025-08,12,ES01,Spare Parts,1649564.19,1601239.95,-48324.23999999999,0.029295155831432055,-0.029295155831432055
2024-08,2025-08,12,JP01,Hardware,2264184.89,2319163.34,54978.44999999972,0.024281784691178518,0.024281784691178518
2024-08,2025-08,12,JP01,Software,658777.62,581268.16,-77509.45999999996,0.11765648626618488,-0.11765648626618488
2024-08,2025-08,12,JP01,Spare Parts,2267916.03,2228241.69,-39674.33999999985,0.01749374292310102,-0.01749374292310102
2024-08,2025-08,12,US01,Events,1368544.87,1700410.39,331865.5199999998,0.24249516933997184,0.24249516933997184
2024-08,2025-08,12,US01,Hardware,4496825.37,4482439.26,-14386.110000000335,0.003199170262642495,-0.003199170262642495
2024-08,2025-08,12,US01,Software,979283.84,881181.02,-98102.81999999995,0.10017812608855053,-0.10017812608855053
2024-08,2025-09,13,DE01,Hardware,5132921.29,4990897.64,-142023.65000000037,0.027669165758822764,-0.027669165758822764
2024-08,2025-09,13,DE01,Software,803407.79,881576.33,78168.53999999992,0.09729621864881334,0.09729621864881334
2024-08,2025-09,13,ES01,Events,2098177.43,2359426.05,261248.61999999965,0.12451216768640945,0.12451216768640945
2024-08,2025-09,13,ES01,Hardware,4752466.38,4583495.99,-168970.38999999966,0.03555425256895761,-0.03555425256895761
2024-08,2025-09,13,ES01,Spare Parts,2061119.91,1990564.46,-70555.44999999995,0.0342316085821518,-0.0342316085821518
2024-08,2025-09,13,JP01,Hardware,3420851.08,2879588.42,-541262.6600000001,0.15822456088909903,-0.15822456088909903
2024-08,2025-09,13,JP01,Software,665617.74,725678.25,60060.51000000001,0.09023273628494338,0.09023273628494338
2024-08,2025-09,13,JP01,Spare Parts,2827480.22,2770015.02,-57465.200000000186,0.020323820337813072,-0.020323820337813072
2024-08,2025-09,13,US01,Events,3680310.3,2109606.52,-1570703.7799999998,0.42678569249989595,-0.42678569249989595
2024-08,2025-09,13,US01,Hardware,5710211.41,5565619.29,-144592.1200000001,0.02532167543688196,-0.02532167543688196
2024-08,2025-09,13,US01,Software,987656.78,1100101.38,112444.59999999986,0.11384987404227596,0.11384987404227596
2024-08,2025-10,14,DE01,Hardware,5456597.86,5197734.69,-258863.16999999993,0.04744039722949272,-0.04744039722949272
2024-08,2025-10,14,DE01,Software,819095.4,923132.12,104036.71999999997,0.127014167092136,0.127014167092136
2024-08,2025-10,14,ES01,Events,3244030.3,2455220.16,-788810.1399999997,0.24315745139618447,-0.24315745139618447
2024-08,2025-10,14,ES01,Hardware,5042217.8,4773449.16,-268768.63999999966,0.05330365538751612,-0.05330365538751612
2024-08,2025-10,14,ES01,Spare Parts,2137107.6,2075546.35,-61561.25,0.028805872947155302,-0.028805872947155302
2024-08,2025-10,14,JP01,Hardware,3573820.2199999997,2998926.79,-574893.4299999997,0.16086243700305655,-0.16086243700305655
2024-08,2025-10,14,JP01,Software,678511.8099999999,759885.31,81373.50000000012,0.11992937897425857,0.11992937897425857
2024-08,2025-10,14,JP01,Spare Parts,2970043.07,2888273.5,-81769.56999999983,0.027531442498576236,-0.027531442498576236
2024-08,2025-10,14,US01,Events,2152138.58,2195257.81,43119.22999999998,0.020035526708507768,0.020035526708507768
2024-08,2025-10,14,US01,Hardware,5845785.48,5796274.45,-49511.03000000026,0.008469525638494737,-0.008469525638494737
2024-08,2025-10,14,US01,Software,1012386.25,1151958.01,139571.76,0.13786414029230445,0.13786414029230445
2024-08,2025-11,15,DE01,Hardware,5643282.3,5405718.23,-237564.06999999937,0.042096790018815715,-0.042096790018815715
2024-08,2025-11,15,DE01,Software,824405.33,965320.77,140915.44000000006,0.17092980221270532,0.17092980221270532
2024-08,2025-11,15,ES01,Events,3330726.18,2551398.9,-779327.2800000003,0.23398119145297025,-0.23398119145297025
2024-08,2025-11,15,ES01,Hardware,5042528.53,4964455.22,-78073.31000000052,0.015482968422590266,-0.015482968422590266
2024-08,2025-11,15,ES01,Spare Parts,2246247.57,2161187.66,-85059.90999999968,0.03786755793797016,-0.03786755793797016
2024-08,2025-11,15,JP01,Hardware,3715131.39,3118926.65,-596204.7400000002,0.1604801223463594,-0.1604801223463594
2024-08,2025-11,15,JP01,Software,690835.74,794613.32,103777.57999999996,0.1502203403662931,0.1502203403662931
2024-08,2025-11,15,JP01,Spare Parts,3080239.12,3007449.6,-72789.52000000002,0.023631126404238388,-0.023631126404238388
2024-08,2025-11,15,US01,Events,2247091.5,2281253.0,34161.5,0.015202540706508836,0.015202540706508836
2024-08,2025-11,15,US01,Hardware,6014569.7,6028208.12,13638.419999999925,0.002267563712828854,0.002267563712828854
2024-08,2025-11,15,US01,Software,1040772.17,1204604.39,163832.21999999986,0.15741410533680955,0.15741410533680955
2024-08,2025-12,16,DE01,Hardware,5888462.87,5711660.93,-176801.9400000004,0.03002514304722115,-0.03002514304722115
2024-08,2025-12,16,DE01,Software,827130.13,1025531.86,198401.72999999998,0.239867613092513,0.239867613092513
2024-08,2025-12,16,ES01,Events,2470654.47,2693617.99,222963.52000000002,0.09024471965114571,0.09024471965114571
2024-08,2025-12,16,ES01,Hardware,5478749.67,5245424.15,-233325.51999999955,0.04258736647115318,-0.04258736647115318
2024-08,2025-12,16,ES01,Spare Parts,2349745.46,2286242.21,-63503.25,0.027025586848032468,-0.027025586848032468
2024-08,2025-12,16,JP01,Hardware,3812651.53,3295445.81,-517205.71999999974,0.13565512503053218,-0.13565512503053218
2024-08,2025-12,16,JP01,Software,696583.87,844176.67,147592.80000000005,0.21188087516295784,0.21188087516295784
2024-08,2025-12,16,JP01,Spare Parts,3250211.08,3181472.08,-68739.0,0.02114908795400451,-0.02114908795400451
2024-08,2025-12,16,US01,Events,2120276.55,2408413.72,288137.1700000004,0.13589603205298875,0.13589603205298875
2024-08,2025-12,16,US01,Hardware,6382523.77,6369381.34,-13142.429999999702,0.0020591274664378888,-0.0020591274664378888
2024-08,2025-12,16,US01,Software,1033741.14,1279740.6,245999.46000000008,0.23797007827317396,0.23797007827317396
2024-08,2026-01,17,DE01,Hardware,4361789.12,4271772.47,-90016.65000000037,0.020637552051118044,-0.020637552051118044
2024-08,2026-01,17,DE01,Software,824720.26,771193.47,-53526.79000000004,0.06490296479438984,-0.06490296479438984
2024-08,2026-01,17,ES01,Events,4029079.65,2012937.66,-2016141.99,0.500397650366629,-0.500397650366629
2024-08,2026-01,17,ES01,Hardware,3969315.91,3923072.24,-46243.669999999925,0.01165028711458744,-0.01165028711458744
2024-08,2026-01,17,ES01,Spare Parts,1730376.87,1711940.55,-18436.320000000065,0.010654511349310895,-0.010654511349310895
2024-08,2026-01,17,JP01,Hardware,2301293.04,2464676.18,163383.14000000013,0.0709962343604881,0.0709962343604881
2024-08,2026-01,17,JP01,Software,666552.84,634815.52,-31737.31999999995,0.047614109633078674,-0.047614109633078674
2024-08,2026-01,17,JP01,Spare Parts,2397037.82,2382289.61,-14748.209999999963,0.006152681395740332,-0.006152681395740332
2024-08,2026-01,17,US01,Events,1694382.05,1799804.83,105422.78000000003,0.06221901371063275,0.06221901371063275
2024-08,2026-01,17,US01,Hardware,4715868.51,4763684.01,47815.5,0.010139277611029066,0.010139277611029066
2024-08,2026-01,17,US01,Software,1019508.7,962356.84,-57151.859999999986,0.056058236678117594,-0.056058236678117594
2024-08,2026-02,18,DE01,Hardware,4590563.92,4478765.21,-111798.70999999996,0.024354025332905063,-0.024354025332905063
2024-08,2026-02,18,DE01,Software,838223.83,812984.05,-25239.77999999991,0.03011102655003248,-0.03011102655003248
2024-08,2026-02,18,ES01,Events,2671339.66,2108769.61,-562570.0500000003,0.21059472833941315,-0.21059472833941315
2024-08,2026-02,18,ES01,Hardware,4158406.09,4113168.39,-45237.69999999972,0.010878615272516524,-0.010878615272516524
2024-08,2026-02,18,ES01,Spare Parts,1839318.77,1797047.71,-42271.060000000056,0.022981910851700846,-0.022981910851700846
2024-08,2026-02,18,JP01,Hardware,2845134.32,2584104.38,-261029.93999999994,0.09174608670145315,-0.09174608670145315
2024-08,2026-02,18,JP01,Software,688429.15,669215.84,-19213.310000000056,0.027908914083606216,-0.027908914083606216
2024-08,2026-02,18,JP01,Spare Parts,2545994.33,2500722.41,-45271.919999999925,0.017781626402915016,-0.017781626402915016
2024-08,2026-02,18,US01,Events,2126392.69,1885489.96,-240902.72999999998,0.11329174104713462,-0.11329174104713462
2024-08,2026-02,18,US01,Hardware,5150460.5,4994512.79,-155947.70999999996,0.030278401319648984,-0.030278401319648984
2024-08,2026-02,18,US01,Software,1031074.72,1014506.46,-16568.26000000001,0.016068922725600343,-0.016068922725600343
2024-08,2026-03,19,DE01,Hardware,5078909.1,4833377.24,-245531.8599999994,0.04834342477206364,-0.04834342477206364
2024-08,2026-03,19,DE01,Software,860159.24,882150.97,21991.72999999998,0.02556704500436452,0.02556704500436452
2024-08,2026-03,19,ES01,Events,4347630.29,2273893.7,-2073736.5899999999,0.47698089572377134,-0.47698089572377134
2024-08,2026-03,19,ES01,Hardware,4575854.05,4438833.82,-137020.22999999952,0.02994418714032182,-0.02994418714032182
2024-08,2026-03,19,ES01,Spare Parts,2016743.57,1941658.06,-75085.51000000001,0.03723106453241351,-0.03723106453241351
2024-08,2026-03,19,JP01,Hardware,3265538.72,2788704.19,-476834.53000000026,0.1460201733574913,-0.1460201733574913
2024-08,2026-03,19,JP01,Software,727869.52,726151.27,-1718.25,0.002360656618785191,-0.002360656618785191
2024-08,2026-03,19,JP01,Spare Parts,2806973.74,2701958.22,-105015.52000000002,0.03741236282459843,-0.03741236282459843
2024-08,2026-03,19,US01,Events,2052129.69,2033130.46,-18999.22999999998,0.009258298874863012,-0.009258298874863012
2024-08,2026-03,19,US01,Hardware,5641419.01,5389959.8,-251459.20999999996,0.04457375166678144,-0.04457375166678144
2024-08,2026-03,19,US01,Software,1086297.7,1100818.46,14520.76000000001,0.013367201274567746,0.013367201274567746
2024-08,2026-04,20,DE01,Hardware,5292387.16,4945177.69,-347209.46999999974,0.06560545544064084,-0.06560545544064084
2024-08,2026-04,20,DE01,Software,883747.55,907491.61,23744.05999999994,0.02686746910924951,0.02686746910924951
2024-08,2026-04,20,ES01,Events,1899602.31,2324609.42,425007.10999999987,0.22373478267669608,0.22373478267669608
2024-08,2026-04,20,ES01,Hardware,4826801.56,4541508.11,-285293.44999999925,0.059106107109155585,-0.059106107109155585
2024-08,2026-04,20,ES01,Spare Parts,2107476.69,1988953.84,-118522.84999999986,0.05623922227106572,-0.05623922227106572
2024-08,2026-04,20,JP01,Hardware,3471706.0,2853209.48,-618496.52,0.1781534841948022,-0.1781534841948022
2024-08,2026-04,20,JP01,Software,741056.59,747010.67,5954.0800000000745,0.008034582082321237,0.008034582082321237
2024-08,2026-04,20,JP01,Spare Parts,2940055.28,2767773.73,-172281.5499999998,0.05859806486359666,-0.05859806486359666
2024-08,2026-04,20,US01,Events,2301375.69,2078476.32,-222899.36999999988,0.09685483815986597,-0.09685483815986597
2024-08,2026-04,20,US01,Hardware,6025098.71,5514634.51,-510464.2000000002,0.08472296049735593,-0.08472296049735593
2024-08,2026-04,20,US01,Software,1101695.33,1132440.54,30745.209999999963,0.02790718010940462,0.02790718010940462
2024-08,2026-05,21,DE01,Hardware,5381249.6,5057580.23,-323669.3699999992,0.060147622589370175,-0.060147622589370175
2024-08,2026-05,21,DE01,Software,885391.85,933194.12,47802.27000000002,0.053989959360931566,0.053989959360931566
2024-08,2026-05,21,ES01,Events,3489160.2399999998,2375524.42,-1113635.8199999998,0.31917015654173564,-0.31917015654173564
2024-08,2026-05,21,ES01,Hardware,5134093.25,4644735.36,-489357.88999999966,0.09531534901513518,-0.09531534901513518
2024-08,2026-05,21,ES01,Spare Parts,2174342.11,2036602.77,-137739.33999999985,0.06334759344747265,-0.06334759344747265
2024-08,2026-05,21,JP01,Hardware,3584493.15,2918062.15,-666431.0,0.18592056731925963,-0.18592056731925963
2024-08,2026-05,21,JP01,Software,748277.66,768167.94,19890.27999999991,0.026581416315435518,0.026581416315435518
2024-08,2026-05,21,JP01,Spare Parts,3019944.0,2834080.68,-185863.31999999983,0.06154528693247287,-0.06154528693247287
2024-08,2026-05,21,US01,Events,1834312.06,2124000.37,289688.31000000006,0.1579274957173863,0.1579274957173863
2024-08,2026-05,21,US01,Hardware,5861610.25,5639980.66,-221629.58999999985,0.03781035936328245,-0.03781035936328245
2024-08,2026-05,21,US01,Software,1100147.2,1164514.18,64366.97999999998,0.05850760698204748,0.05850760698204748
2024-08,2026-06,22,DE01,Hardware,5375821.92,5170587.41,-205234.50999999978,0.038177326751924805,-0.038177326751924805
2024-08,2026-06,22,DE01,Software,913395.84,959262.77,45866.93000000005,0.05021582975460021,0.05021582975460021
2024-08,2026-06,22,ES01,Events,2432535.35,2426639.31,-5896.040000000037,0.0024238250021731593,-0.0024238250021731593
2024-08,2026-06,22,ES01,Hardware,5025591.43,4748517.89,-277073.54000000004,0.05513252397439719,-0.05513252397439719
2024-08,2026-06,22,ES01,Spare Parts,2201176.53,2084606.94,-116569.58999999985,0.05295785613341964,-0.05295785613341964
2024-08,2026-06,22,JP01,Hardware,3639861.9,2983263.68,-656598.2199999997,0.1803909703277478,-0.1803909703277478
2024-08,2026-06,22,JP01,Software,761159.52,789626.61,28467.089999999967,0.037399637332263765,0.037399637332263765
2024-08,2026-06,22,JP01,Spare Parts,3033019.12,2900881.97,-132137.1499999999,0.043566210687125476,-0.043566210687125476
2024-08,2026-06,22,US01,Events,1106838.42,2169703.14,1062864.7200000002,0.9602708948249197,0.9602708948249197
2024-08,2026-06,22,US01,Hardware,5969717.7700000005,5766001.06,-203716.7100000009,0.03412501526014368,-0.03412501526014368
2024-08,2026-06,22,US01,Software,1130166.27,1197044.73,66878.45999999996,0.05917577065894911,0.05917577065894911
2024-08,2026-07,23,DE01,Hardware,5009268.27,4691581.01,-317687.2599999998,0.06341989346080676,-0.06341989346080676
2024-08,2026-07,23,DE01,Software,899460.19,875155.89,-24304.29999999993,0.027020984664146094,-0.027020984664146094
2024-08,2026-07,23,ES01,Events,3033738.22,2200053.24,-833684.98,0.2748045215318545,-0.2748045215318545
2024-08,2026-07,23,ES01,Hardware,4727054.36,4308612.27,-418442.0900000008,0.08852068500435031,-0.08852068500435031
2024-08,2026-07,23,ES01,Spare Parts,2008950.68,1893757.04,-115193.6399999999,0.05734020309547863,-0.05734020309547863
2024-08,2026-07,23,JP01,Hardware,3142643.03,2706892.3,-435750.73,0.13865740583333133,-0.13865740583333133
2024-08,2026-07,23,JP01,Software,739957.45,720393.2,-19564.25,0.026439695958193274,-0.026439695958193274
2024-08,2026-07,23,JP01,Spare Parts,2790693.87,2635300.47,-155393.3999999999,0.05568271090945561,-0.05568271090945561
2024-08,2026-07,23,US01,Events,2810554.0,1967108.34,-843445.6599999999,0.300099432353906,-0.300099432353906
2024-08,2026-07,23,US01,Hardware,5368735.5,5231835.17,-136900.33000000007,0.02549954826420487,-0.02549954826420487
2024-08,2026-07,23,US01,Software,1132865.88,1092089.44,-40776.439999999944,0.03599405783145305,-0.03599405783145305
2024-08,2026-08,24,DE01,Hardware,4959088.61,4160254.8,-798833.8100000005,0.1610848026367491,-0.1610848026367491
2024-08,2026-08,24,DE01,Software,917130.34,780287.45,-136842.89,0.14920767968487447,-0.14920767968487447
2024-08,2026-08,24,ES01,Events,3285979.84,1949317.25,-1336662.5899999999,0.40677747736882036,-0.40677747736882036
2024-08,2026-08,24,ES01,Hardware,4556218.7,3820657.64,-735561.06,0.16144112221829915,-0.16144112221829915
2024-08,2026-08,24,ES01,Spare Parts,1868999.55,1681301.95,-187697.6000000001,0.10042677645374505,-0.10042677645374505
2024-08,2026-08,24,JP01,Hardware,2819534.27,2400334.05,-419200.2200000002,0.1486771146782338,-0.1486771146782338
2024-08,2026-08,24,JP01,Software,776565.13,642301.31,-134263.81999999995,0.17289447441452843,-0.17289447441452843
2024-08,2026-08,24,JP01,Spare Parts,2596342.8,2339653.78,-256689.02000000002,0.09886561204475774,-0.09886561204475774
2024-08,2026-08,24,US01,Events,3051386.78,1742920.65,-1308466.13,0.4288103162064561,-0.4288103162064561
2024-08,2026-08,24,US01,Hardware,5173236.29,4639324.64,-533911.6500000004,0.10320650750712189,-0.10320650750712189
2024-08,2026-08,24,US01,Software,1148086.16,973705.03,-174381.1299999999,0.15188853944550634,-0.15188853944550634
2024-09,2024-10,1,DE01,Hardware,5183743.28,5042570.8,-141172.48000000045,0.027233694335264312,-0.027233694335264312
2024-09,2024-10,1,DE01,Software,715474.64,794467.37,78992.72999999998,0.11040605156878792,0.11040605156878792
2024-09,2024-10,1,ES01,Events,3338816.35,2316834.98,-1021981.3700000001,0.3060909205143913,-0.3060909205143913
2024-09,2024-10,1,ES01,Hardware,4702329.59,4652914.64,-49414.950000000186,0.01050861047789723,-0.01050861047789723
2024-09,2024-10,1,ES01,Spare Parts,1995094.17,1963434.41,-31659.76000000001,0.01586880482939811,-0.01586880482939811
2024-09,2024-10,1,JP01,Hardware,3189377.44,2978240.99,-211136.44999999972,0.06619989448473672,-0.06619989448473672
2024-09,2024-10,1,JP01,Software,587960.11,637715.19,49755.07999999996,0.08462322384421617,0.08462322384421617
2024-09,2024-10,1,JP01,Spare Parts,2772381.75,2734985.97,-37395.779999999795,0.013488683511929696,-0.013488683511929696
2024-09,2024-10,1,US01,Events,1864919.16,2242467.05,377547.8899999999,0.20244732216703695,0.20244732216703695
2024-09,2024-10,1,US01,Hardware,5642968.0,5717238.12,74270.12000000011,0.013161534851872297,0.013161534851872297
2024-09,2024-10,1,US01,Software,892544.8200000001,984521.8,91976.97999999998,0.10305026474748907,0.10305026474748907
2024-09,2024-11,2,DE01,Hardware,5222703.91,5244345.57,21641.66000000015,0.004143765446584574,0.004143765446584574
2024-09,2024-11,2,DE01,Software,695366.55,830775.84,135409.28999999992,0.19473080780201452,0.19473080780201452
2024-09,2024-11,2,ES01,Events,2440235.3,2407592.74,-32642.55999999959,0.013376808375815067,-0.013376808375815067
2024-09,2024-11,2,ES01,Hardware,5077784.9,4839097.61,-238687.29000000004,0.047006183739685396,-0.047006183739685396
2024-09,2024-11,2,ES01,Spare Parts,2039663.45,2044449.75,4786.300000000047,0.002346612623764007,0.002346612623764007
2024-09,2024-11,2,JP01,Hardware,3505116.83,3097413.11,-407703.7200000002,0.11631672773657596,-0.11631672773657596
2024-09,2024-11,2,JP01,Software,561586.11,666859.83,105273.71999999997,0.18745784150537478,0.18745784150537478
2024-09,2024-11,2,JP01,Spare Parts,2860046.49,2847837.11,-12209.380000000354,0.004268944593274899,-0.004268944593274899
2024-09,2024-11,2,US01,Events,2829480.63,2330311.58,-499169.0499999998,0.176417199929727,-0.176417199929727
2024-09,2024-11,2,US01,Hardware,5799608.56,5946009.21,146400.65000000037,0.025243195033838695,0.025243195033838695
2024-09,2024-11,2,US01,Software,865642.11,1029516.07,163873.95999999996,0.18930913608165384,0.18930913608165384
2024-09,2024-12,3,DE01,Hardware,5533512.32,5541155.21,7642.889999999665,0.0013812005030467997,0.0013812005030467997
2024-09,2024-12,3,DE01,Software,687696.76,882594.8,194898.04000000004,0.28340694814383016,0.28340694814383016
2024-09,2024-12,3,ES01,Events,2683882.17,2541795.84,-142086.33000000007,0.052940599102381636,-0.052940599102381636
2024-09,2024-12,3,ES01,Hardware,5111308.99,5112971.78,1662.7900000000373,0.0003253158835150049,0.0003253158835150049
2024-09,2024-12,3,ES01,Spare Parts,2180696.77,2162749.4,-17947.37000000011,0.008230108031021715,-0.008230108031021715
2024-09,2024-12,3,JP01,Hardware,3568673.5,3272714.7,-295958.7999999998,0.08293243974266623,-0.08293243974266623
2024-09,2024-12,3,JP01,Software,581547.28,708454.66,126907.38,0.21822366704217067,0.21822366704217067
2024-09,2024-12,3,JP01,Spare Parts,3041330.91,3012623.81,-28707.100000000093,0.00943899261524294,-0.00943899261524294
2024-09,2024-12,3,US01,Events,2104401.94,2460206.9,355804.95999999996,0.169076521569829,0.169076521569829
2024-09,2024-12,3,US01,Hardware,6191156.26,6282530.29,91374.03000000026,0.0147587988677256,0.0147587988677256
2024-09,2024-12,3,US01,Software,878484.84,1093731.29,215246.45000000007,0.24502010757522016,0.24502010757522016
2024-09,2025-01,4,DE01,Hardware,4346465.42,4144250.6,-202214.81999999983,0.046523968434102905,-0.046523968434102905
2024-09,2025-01,4,DE01,Software,730802.6,663705.71,-67096.89000000001,0.09181260438865436,-0.09181260438865436
2024-09,2025-01,4,ES01,Events,2528238.4,1899481.14,-628757.26,0.248693817798195,-0.248693817798195
2024-09,2025-01,4,ES01,Hardware,3735081.48,3824010.62,88929.14000000013,0.023809156634516077,0.023809156634516077
2024-09,2025-01,4,ES01,Spare Parts,1647022.14,1619469.0,-27553.139999999898,0.016729064734976727,-0.016729064734976727
2024-09,2025-01,4,JP01,Hardware,2307558.84,2447675.5,140116.66000000015,0.06072073117754179,0.06072073117754179
2024-09,2025-01,4,JP01,Software,598285.56,532753.42,-65532.140000000014,0.10953321353769596,-0.10953321353769596
2024-09,2025-01,4,JP01,Spare Parts,2311810.7399999998,2255855.85,-55954.889999999665,0.024203923371339503,-0.024203923371339503
2024-09,2025-01,4,US01,Events,2553570.29,1838509.82,-715060.47,0.28002380541481003,-0.28002380541481003
2024-09,2025-01,4,US01,Hardware,4843942.49,4698727.78,-145214.70999999996,0.029978619750293516,-0.029978619750293516
2024-09,2025-01,4,US01,Software,922508.64,822479.01,-100029.63,0.10843218769203072,-0.10843218769203072
2024-09,2025-02,5,DE01,Hardware,4671905.56,4345064.16,-326841.39999999944,0.06995890559054868,-0.06995890559054868
2024-09,2025-02,5,DE01,Software,732179.75,699671.57,-32508.18000000005,0.044399179299891935,-0.044399179299891935
2024-09,2025-02,5,ES01,Events,2673720.76,1989911.66,-683809.0999999999,0.2557518758989626,-0.2557518758989626
2024-09,2025-02,5,ES01,Hardware,3932186.89,4009306.65,77119.75999999978,0.019612435053919772,0.019612435053919772
2024-09,2025-02,5,ES01,Spare Parts,1744113.25,1699979.05,-44134.19999999995,0.025304664132331976,-0.025304664132331976
2024-09,2025-02,5,JP01,Hardware,2538483.48,2566279.91,27796.430000000168,0.010950014139938452,0.010950014139938452
2024-09,2025-02,5,JP01,Software,606867.23,561623.06,-45244.169999999925,0.0745536548414386,-0.0745536548414386
2024-09,2025-02,5,JP01,Spare Parts,2431383.99,2368003.14,-63380.85000000009,0.02606780757818517,-0.02606780757818517
2024-09,2025-02,5,US01,Events,1986978.21,1926037.61,-60940.59999999986,0.03066998907854146,-0.03066998907854146
2024-09,2025-02,5,US01,Hardware,5024694.01,4926409.05,-98284.95999999996,0.01956038712096619,-0.01956038712096619
2024-09,2025-02,5,US01,Software,920625.16,867048.72,-53576.44000000006,0.058195715615680176,-0.058195715615680176
2024-09,2025-03,6,DE01,Hardware,5044531.37,4689090.23,-355441.13999999966,0.07046068582580738,-0.07046068582580738
2024-09,2025-03,6,DE01,Software,750166.51,759198.11,9031.599999999977,0.012039460412595567,0.012039460412595567
2024-09,2025-03,6,ES01,Events,1771646.13,2145728.74,374082.61000000034,0.2111497345127271,0.2111497345127271
2024-09,2025-03,6,ES01,Hardware,4581028.1,4326748.69,-254279.40999999922,0.05550706183181876,-0.05550706183181876
2024-09,2025-03,6,ES01,Spare Parts,1924143.48,1836778.18,-87365.30000000005,0.045404774076411414,-0.045404774076411414
2024-09,2025-03,6,JP01,Hardware,3071011.94,2769468.45,-301543.48999999976,0.09819026949143017,-0.09819026949143017
2024-09,2025-03,6,JP01,Software,600048.53,609404.73,9356.199999999953,0.015592405500934988,0.015592405500934988
2024-09,2025-03,6,JP01,Spare Parts,2660137.21,2558558.89,-101578.31999999983,0.038185368641191195,-0.038185368641191195
2024-09,2025-03,6,US01,Events,2175443.6,2076853.14,-98590.4600000002,0.04531970399048736,-0.04531970399048736
2024-09,2025-03,6,US01,Hardware,5643557.42,5316463.86,-327093.5599999996,0.057958754674990016,-0.057958754674990016
2024-09,2025-03,6,US01,Software,925532.31,940815.35,15283.03999999992,0.016512702835841483,0.016512702835841483
2024-09,2025-04,7,DE01,Hardware,4804531.26,4797553.19,-6978.069999999367,0.0014523935057088936,-0.0014523935057088936
2024-09,2025-04,7,DE01,Software,761822.84,781006.81,19183.97000000009,0.0251816682209214,0.0251816682209214
2024-09,2025-04,7,ES01,Events,2047813.5299999998,2193585.94,145772.41000000015,0.07118441589747684,0.07118441589747684
2024-09,2025-04,7,ES01,Hardware,4490297.08,4426830.35,-63466.73000000045,0.014134193989677059,-0.014134193989677059
2024-09,2025-04,7,ES01,Spare Parts,1934873.53,1881519.25,-53354.28000000003,0.027575073601838994,-0.027575073601838994
2024-09,2025-04,7,JP01,Hardware,3179389.49,2833528.79,-345860.7000000002,0.10878211086997087,-0.10878211086997087
2024-09,2025-04,7,JP01,Software,618173.43,626910.47,8737.03999999992,0.014133638839831599,0.014133638839831599
2024-09,2025-04,7,JP01,Spare Parts,2685766.17,2620881.41,-64884.75999999978,0.024158752435250078,-0.024158752435250078
2024-09,2025-04,7,US01,Events,2207176.32,2123174.17,-84002.1499999999,0.038058649523749835,-0.038058649523749835
2024-09,2025-04,7,US01,Hardware,5414874.6,5439438.54,24563.94000000041,0.004536382061368588,0.004536382061368588
2024-09,2025-04,7,US01,Software,940565.21,967841.18,27275.97000000009,0.028999552301110617,0.028999552301110617
2024-09,2025-05,8,DE01,Hardware,5113897.66,4906600.27,-207297.3900000006,0.04053608495559932,-0.04053608495559932
2024-09,2025-05,8,DE01,Software,763763.57,803126.95,39363.380000000005,0.05153869802928674,0.05153869802928674
2024-09,2025-05,8,ES01,Events,2691589.14,2241631.19,-449957.9500000002,0.1671718552111561,-0.1671718552111561
2024-09,2025-05,8,ES01,Hardware,4691848.15,4527451.0,-164397.15000000037,0.0350388897390041,-0.0350388897390041
2024-09,2025-05,8,ES01,Spare Parts,1975457.31,1926594.39,-48862.92000000016,0.024734991615688297,-0.024734991615688297
2024-09,2025-05,8,JP01,Hardware,3268108.44,2897934.13,-370174.31000000006,0.11326867415696894,-0.11326867415696894
2024-09,2025-05,8,JP01,Software,616363.4,644666.19,28302.78999999992,0.04591899843501402,0.04591899843501402
2024-09,2025-05,8,JP01,Spare Parts,2734857.58,2683669.29,-51188.29000000004,0.01871698562087465,-0.01871698562087465
2024-09,2025-05,8,US01,Events,3069954.84,2169677.21,-900277.6299999999,0.29325435614551254,-0.29325435614551254
2024-09,2025-05,8,US01,Hardware,5637315.36,5563075.5,-74239.86000000034,0.013169364362117278,-0.013169364362117278
2024-09,2025-05,8,US01,Software,951877.53,995252.94,43375.409999999916,0.04556826759005427,0.04556826759005427
2024-09,2025-06,9,DE01,Hardware,5113854.93,5016233.93,-97621.0,0.0190895129674709,-0.0190895129674709
2024-09,2025-06,9,DE01,Software,768954.13,825562.19,56608.05999999994,0.0736169529384021,0.0736169529384021
2024-09,2025-06,9,ES01,Events,3323926.6,2289865.06,-1034061.54,0.3110963822125314,-0.3110963822125314
2024-09,2025-06,9,ES01,Hardware,4808227.65,4628612.91,-179614.74000000022,0.037355706317274764,-0.037355706317274764
2024-09,2025-06,9,ES01,Spare Parts,2037961.34,1972005.59,-65955.75,0.03236359233389579,-0.03236359233389579
2024-09,2025-06,9,JP01,Hardware,3267211.05,2962685.92,-304525.1299999999,0.0932064459074353,-0.0932064459074353
2024-09,2025-06,9,JP01,Software,635120.07,662674.86,27554.790000000037,0.04338516652449676,0.04338516652449676
2024-09,2025-06,9,JP01,Spare Parts,2823049.9,2746925.28,-76124.62000000011,0.026965382368905385,-0.026965382368905385
2024-09,2025-06,9,US01,Events,2256814.93,2216362.83,-40452.10000000009,0.017924420590393775,-0.017924420590393775
2024-09,2025-06,9,US01,Hardware,5719263.22,5687377.53,-31885.68999999948,0.005575139449518024,-0.005575139449518024
2024-09,2025-06,9,US01,Software,962174.36,1023055.2,60880.83999999997,0.06327422817627355,0.06327422817627355
2024-09,2025-07,10,DE01,Hardware,4722270.85,4551526.94,-170743.90999999922,0.0361571615486645,-0.0361571615486645
2024-09,2025-07,10,DE01,Software,770646.51,753178.0,-17468.51000000001,0.02266734459097208,-0.02266734459097208
2024-09,2025-07,10,ES01,Events,3546902.57,2076050.2,-1470852.3699999999,0.4146864316038994,-0.4146864316038994
2024-09,2025-07,10,ES01,Hardware,4357362.47,4199815.36,-157547.1099999994,0.03615653071891433,-0.03615653071891433
2024-09,2025-07,10,ES01,Spare Parts,1860477.6,1791464.56,-69013.04000000004,0.037094260097514764,-0.037094260097514764
2024-09,2025-07,10,JP01,Hardware,2913153.02,2688220.87,-224932.1499999999,0.07721261068531166,-0.07721261068531166
2024-09,2025-07,10,JP01,Software,638190.11,604572.41,-33617.69999999995,0.05267662327139472,-0.05267662327139472
2024-09,2025-07,10,JP01,Spare Parts,2571194.41,2495438.82,-75755.59000000032,0.029463190222166168,-0.029463190222166168
2024-09,2025-07,10,US01,Events,1513970.65,2009411.2,495440.55000000005,0.32724580889332305,0.32724580889332305
2024-09,2025-07,10,US01,Hardware,5224763.8,5160495.38,-64268.419999999925,0.012300732140273964,-0.012300732140273964
2024-09,2025-07,10,US01,Software,983710.2,933355.08,-50355.119999999995,0.05118897821736523,-0.05118897821736523
2024-09,2025-08,11,DE01,Hardware,4305816.89,4036061.98,-269754.9099999997,0.06264895068494185,-0.06264895068494185
2024-09,2025-08,11,DE01,Software,783265.11,671532.18,-111732.92999999993,0.1426502069012112,-0.1426502069012112
2024-09,2025-08,11,ES01,Events,1659616.36,1839446.61,179830.25,0.10835651800877644,0.10835651800877644
2024-09,2025-08,11,ES01,Hardware,3706548.86,3724182.09,17633.22999999998,0.00475731756575306,0.00475731756575306
2024-09,2025-08,11,ES01,Spare Parts,1649564.19,1590485.37,-59078.81999999983,0.035814805121345314,-0.035814805121345314
2024-09,2025-08,11,JP01,Hardware,2264184.89,2383777.18,119592.29000000004,0.05281913616162328,0.05281913616162328
2024-09,2025-08,11,JP01,Software,658777.62,539035.7,-119741.92000000004,0.1817637945867075,-0.1817637945867075
2024-09,2025-08,11,JP01,Spare Parts,2267916.03,2215482.8,-52433.22999999998,0.023119564087211813,-0.023119564087211813
2024-09,2025-08,11,US01,Events,1368544.87,1780402.33,411857.45999999996,0.3009455291005548,0.3009455291005548
2024-09,2025-08,11,US01,Hardware,4496825.37,4576064.14,79238.76999999955,0.017621046734131805,0.017621046734131805
2024-09,2025-08,11,US01,Software,979283.84,832177.75,-147106.08999999997,0.15021803076011137,-0.15021803076011137
2024-09,2025-09,12,DE01,Hardware,5132921.29,5011375.09,-121546.20000000019,0.023679731897856587,-0.023679731897856587
2024-09,2025-09,12,DE01,Software,803407.79,838367.44,34959.64999999991,0.043514203415926433,0.043514203415926433
2024-09,2025-09,12,ES01,Events,2098177.43,2282101.18,183923.75,0.08765881634709986,0.08765881634709986
2024-09,2025-09,12,ES01,Hardware,4752466.38,4624129.52,-128336.86000000034,0.027004264678249096,-0.027004264678249096
2024-09,2025-09,12,ES01,Spare Parts,2061119.91,1977195.01,-83924.8999999999,0.0407181064977437,-0.0407181064977437
2024-09,2025-09,12,JP01,Hardware,3420851.08,2959816.19,-461034.89000000013,0.13477198487108655,-0.13477198487108655
2024-09,2025-09,12,JP01,Software,665617.74,672953.57,7335.829999999958,0.011021085465660753,0.011021085465660753
2024-09,2025-09,12,JP01,Spare Parts,2827480.22,2754153.94,-73326.28000000026,0.02593343694549356,-0.02593343694549356
2024-09,2025-09,12,US01,Events,3680310.3,2208848.17,-1471462.13,0.39982012658008753,-0.39982012658008753
2024-09,2025-09,12,US01,Hardware,5710211.41,5681868.59,-28342.820000000298,0.004963532514814595,-0.004963532514814595
2024-09,2025-09,12,US01,Software,987656.78,1038923.76,51266.97999999998,0.05190768801283375,0.05190768801283375
2024-09,2025-10,13,DE01,Hardware,5456597.86,5219060.78,-237537.08000000007,0.043532084660532426,-0.043532084660532426
2024-09,2025-10,13,DE01,Software,819095.4,877886.45,58791.04999999993,0.07177558316161943,0.07177558316161943
2024-09,2025-10,13,ES01,Events,3244030.3,2374755.86,-869274.44,0.2679612579450938,-0.2679612579450938
2024-09,2025-10,13,ES01,Hardware,5042217.8,4815766.66,-226451.13999999966,0.04491101911543759,-0.04491101911543759
2024-09,2025-10,13,ES01,Spare Parts,2137107.6,2061606.13,-75501.4700000002,0.035328810772092246,-0.035328810772092246
2024-09,2025-10,13,JP01,Hardware,3573820.2199999997,3082479.42,-491340.7999999998,0.13748335667539535,-0.13748335667539535
2024-09,2025-10,13,JP01,Software,678511.8099999999,704675.29,26163.480000000098,0.03856009521779746,0.03856009521779746
2024-09,2025-10,13,JP01,Spare Parts,2970043.07,2871735.27,-98307.79999999981,0.033099789357600065,-0.033099789357600065
2024-09,2025-10,13,US01,Events,2152138.58,2298528.72,146390.14000000013,0.06802077773263102,0.06802077773263102
2024-09,2025-10,13,US01,Hardware,5845785.48,5917341.46,71555.97999999952,0.01224060996504434,0.01224060996504434
2024-09,2025-10,13,US01,Software,1012386.25,1087896.59,75510.34000000008,0.0745864930504539,0.0745864930504539
2024-09,2025-11,14,DE01,Hardware,5643282.3,5427897.67,-215384.6299999999,0.038166552468941684,-0.038166552468941684
2024-09,2025-11,14,DE01,Software,824405.33,918007.3,93601.97000000009,0.11353877345746914,0.11353877345746914
2024-09,2025-11,14,ES01,Events,3330726.18,2467782.56,-862943.6200000001,0.25908572886649,-0.25908572886649
2024-09,2025-11,14,ES01,Hardware,5042528.53,5008466.02,-34062.51000000071,0.006755045568378908,-0.006755045568378908
2024-09,2025-11,14,ES01,Spare Parts,2246247.57,2146672.24,-99575.32999999961,0.044329632819591486,-0.044329632819591486
2024-09,2025-11,14,JP01,Hardware,3715131.39,3205822.57,-509308.8200000003,0.1370903923804429,-0.1370903923804429
2024-09,2025-11,14,JP01,Software,690835.74,736880.11,46044.369999999995,0.06665024308093845,0.06665024308093845
2024-09,2025-11,14,JP01,Spare Parts,3080239.12,2990228.97,-90010.1499999999,0.02922180600056787,-0.02922180600056787
2024-09,2025-11,14,US01,Events,2247091.5,2388569.37,141477.8700000001,0.06296044019569301,0.06296044019569301
2024-09,2025-11,14,US01,Hardware,6014569.7,6154119.53,139549.83000000007,0.023201964057378878,0.023201964057378878
2024-09,2025-11,14,US01,Software,1040772.17,1137615.25,96843.07999999996,0.09304925976258566,0.09304925976258566
2024-09,2025-12,15,DE01,Hardware,5888462.87,5735095.64,-153367.23000000045,0.0260453760830117,-0.0260453760830117
2024-09,2025-12,15,DE01,Software,827130.13,975267.25,148137.12,0.1790977194845991,0.1790977194845991
2024-09,2025-12,15,ES01,Events,2470654.47,2605340.74,134686.27000000002,0.05451440969809105,0.05451440969809105
2024-09,2025-12,15,ES01,Hardware,5478749.67,5291925.79,-186823.8799999999,0.034099729181457546,-0.034099729181457546
2024-09,2025-12,15,ES01,Spare Parts,2349745.46,2270886.87,-78858.58999999985,0.033560481908538234,-0.033560481908538234
2024-09,2025-12,15,JP01,Hardware,3812651.53,3387259.71,-425391.81999999983,0.11157374773246058,-0.11157374773246058
2024-09,2025-12,15,JP01,Software,696583.87,782842.4,86258.53000000003,0.12383078867444924,0.12383078867444924
2024-09,2025-12,15,JP01,Spare Parts,3250211.08,3163255.01,-86956.0700000003,0.02675397623713728,-0.02675397623713728
2024-09,2025-12,15,US01,Events,2120276.55,2521712.08,401435.53000000026,0.18933168411450868,0.18933168411450868
2024-09,2025-12,15,US01,Hardware,6382523.77,6502418.85,119895.08000000007,0.018784901446595018,0.018784901446595018
2024-09,2025-12,15,US01,Software,1033741.14,1208573.08,174831.94000000006,0.16912545436665127,0.16912545436665127
2024-09,2026-01,16,DE01,Hardware,4361789.12,4289299.37,-72489.75,0.016619269755067848,-0.016619269755067848
2024-09,2026-01,16,DE01,Software,824720.26,733394.81,-91325.44999999995,0.11073506306247399,-0.11073506306247399
2024-09,2026-01,16,ES01,Events,4029079.65,1946968.17,-2082111.48,0.5167709901192944,-0.5167709901192944
2024-09,2026-01,16,ES01,Hardware,3969315.91,3957850.99,-11464.919999999925,0.0028883868807509263,-0.0028883868807509263
2024-09,2026-01,16,ES01,Spare Parts,1730376.87,1700442.45,-29934.42000000016,0.017299364386441526,-0.017299364386441526
2024-09,2026-01,16,JP01,Hardware,2301293.04,2533344.14,232051.1000000001,0.10083509399567822,0.10083509399567822
2024-09,2026-01,16,JP01,Software,666552.84,588692.53,-77860.30999999994,0.1168104092092683,-0.1168104092092683
2024-09,2026-01,16,JP01,Spare Parts,2397037.82,2368648.64,-28389.179999999702,0.011843442670420487,-0.011843442670420487
2024-09,2026-01,16,US01,Events,1694382.05,1884472.56,190090.51,0.11218869439746484,0.11218869439746484
2024-09,2026-01,16,US01,Hardware,4715868.51,4863183.25,147314.74000000022,0.031238093192721403,0.031238093192721403
2024-09,2026-01,16,US01,Software,1019508.7,908839.31,-110669.3899999999,0.10855168769035507,-0.10855168769035507
2024-09,2026-02,17,DE01,Hardware,4590563.92,4497141.4,-93422.51999999955,0.020350989906268324,-0.020350989906268324
2024-09,2026-02,17,DE01,Software,838223.83,773137.09,-65086.73999999999,0.07764840090504227,-0.07764840090504227
2024-09,2026-02,17,ES01,Events,2671339.66,2039659.45,-631680.2100000002,0.2364657027552985,-0.2364657027552985
2024-09,2026-02,17,ES01,Hardware,4158406.09,4149632.38,-8773.709999999963,0.002109873304845983,-0.002109873304845983
2024-09,2026-02,17,ES01,Spare Parts,1839318.77,1784978.0,-54340.77000000002,0.029543965345387096,-0.029543965345387096
2024-09,2026-02,17,JP01,Hardware,2845134.32,2656099.71,-189034.60999999987,0.06644136576300548,-0.06644136576300548
2024-09,2026-02,17,JP01,Software,688429.15,620593.48,-67835.67000000004,0.09853689373844794,-0.09853689373844794
2024-09,2026-02,17,JP01,Spare Parts,2545994.33,2486403.3,-59591.03000000026,0.023405798393903044,-0.023405798393903044
2024-09,2026-02,17,US01,Events,2126392.69,1974188.55,-152204.1399999999,0.07157856623369031,-0.07157856623369031
2024-09,2026-02,17,US01,Hardware,5150460.5,5098833.37,-51627.12999999989,0.010023789134971501,-0.010023789134971501
2024-09,2026-02,17,US01,Software,1031074.72,958088.84,-72985.88,0.07078621809290409,-0.07078621809290409
2024-09,2026-03,18,DE01,Hardware,5078909.1,4853208.39,-225700.70999999996,0.04443881659547716,-0.04443881659547716
2024-09,2026-03,18,DE01,Software,860159.24,838913.92,-21245.31999999995,0.024699287076192948,-0.024699287076192948
2024-09,2026-03,18,ES01,Events,4347630.29,2199371.96,-2148258.33,0.4941216678293039,-0.4941216678293039
2024-09,2026-03,18,ES01,Hardware,4575854.05,4478184.89,-97669.16000000015,0.02134446573967982,-0.02134446573967982
2024-09,2026-03,18,ES01,Spare Parts,2016743.57,1928617.09,-88126.47999999998,0.04369741463958156,-0.04369741463958156
2024-09,2026-03,18,JP01,Hardware,3265538.72,2866399.84,-399138.88000000035,0.12222757536312426,-0.12222757536312426
2024-09,2026-03,18,JP01,Software,727869.52,673392.22,-54477.30000000005,0.07484487054767734,-0.07484487054767734
2024-09,2026-03,18,JP01,Spare Parts,2806973.74,2686486.83,-120486.91000000015,0.042924131523937994,-0.042924131523937994
2024-09,2026-03,18,US01,Events,2052129.69,2128774.46,76644.77000000002,0.03734889192115339,0.03734889192115339
2024-09,2026-03,18,US01,Hardware,5641419.01,5502540.09,-138878.91999999993,0.02461772822650164,-0.02461772822650164
2024-09,2026-03,18,US01,Software,1086297.7,1039600.96,-46696.73999999999,0.04298705594239958,-0.04298705594239958
2024-09,2026-04,19,DE01,Hardware,5292387.16,4965467.55,-326919.61000000034,0.061771673181974907,-0.061771673181974907
2024-09,2026-04,19,DE01,Software,883747.55,863012.53,-20735.02000000002,0.023462605356020527,-0.023462605356020527
2024-09,2026-04,19,ES01,Events,1899602.31,2248425.59,348823.2799999998,0.18362963561567777,0.18362963561567777
2024-09,2026-04,19,ES01,Hardware,4826801.56,4581769.41,-245032.14999999944,0.05076491066684736,-0.05076491066684736
2024-09,2026-04,19,ES01,Spare Parts,2107476.69,1975595.21,-131881.47999999998,0.06257790685219868,-0.06257790685219868
2024-09,2026-04,19,JP01,Hardware,3471706.0,2932702.3,-539003.7000000002,0.15525614784201203,-0.15525614784201203
2024-09,2026-04,19,JP01,Software,741056.59,692736.07,-48320.52000000002,0.06520489885934355,-0.06520489885934355
2024-09,2026-04,19,JP01,Spare Parts,2940055.28,2751925.48,-188129.7999999998,0.06398852473277299,-0.06398852473277299
2024-09,2026-04,19,US01,Events,2301375.69,2176253.52,-125122.16999999993,0.05436842430537707,-0.05436842430537707
2024-09,2026-04,19,US01,Hardware,6025098.71,5629818.89,-395279.8200000003,0.06560553428675699,-0.06560553428675699
2024-09,2026-04,19,US01,Software,1101695.33,1069464.5,-32230.830000000075,0.029255665447905702,-0.029255665447905702
2024-09,2026-05,20,DE01,Hardware,5381249.6,5078331.28,-302918.31999999937,0.056291445763823965,-0.056291445763823965
2024-09,2026-05,20,DE01,Software,885391.85,887455.28,2063.430000000051,0.0023305274382185146,0.0023305274382185146
2024-09,2026-05,20,ES01,Events,3489160.2399999998,2297671.96,-1191488.2799999998,0.3414828205195872,-0.3414828205195872
2024-09,2026-05,20,ES01,Hardware,5134093.25,4685911.79,-448181.45999999996,0.08729515382292675,-0.08729515382292675
2024-09,2026-05,20,ES01,Spare Parts,2174342.11,2022924.11,-151417.99999999977,0.06963853540048479,-0.06963853540048479
2024-09,2026-05,20,JP01,Hardware,3584493.15,2999361.82,-585131.3300000001,0.1632396284534677,-0.1632396284534677
2024-09,2026-05,20,JP01,Software,748277.66,712356.14,-35921.52000000002,0.04800560262616956,-0.04800560262616956
2024-09,2026-05,20,JP01,Spare Parts,3019944.0,2817852.76,-202091.24000000022,0.06691887001878188,-0.06691887001878188
2024-09,2026-05,20,US01,Events,1834312.06,2223919.14,389607.0800000001,0.21239956302746005,0.21239956302746005
2024-09,2026-05,20,US01,Hardware,5861610.25,5757783.15,-103827.09999999963,0.017713067838312797,-0.017713067838312797
2024-09,2026-05,20,US01,Software,1100147.2,1099754.5,-392.69999999995343,0.00035695223330110137,-0.00035695223330110137
2024-09,2026-06,21,DE01,Hardware,5375821.92,5191802.12,-184019.7999999998,0.034231007414025315,-0.034231007414025315
2024-09,2026-06,21,DE01,Software,913395.84,912246.22,-1149.6199999999953,0.001258621891687174,-0.001258621891687174
2024-09,2026-06,21,ES01,Events,2432535.35,2347111.68,-85423.66999999993,0.03511713406343711,-0.03511713406343711
2024-09,2026-06,21,ES01,Hardware,5025591.43,4790614.36,-234977.06999999937,0.04675610289314732,-0.04675610289314732
2024-09,2026-06,21,ES01,Spare Parts,2201176.53,2070605.87,-130570.65999999968,0.059318577233784926,-0.059318577233784926
2024-09,2026-06,21,JP01,Hardware,3639861.9,3066379.93,-573481.9699999997,0.15755596936246394,-0.15755596936246394
2024-09,2026-06,21,JP01,Software,761159.52,732255.72,-28903.800000000047,0.037973380402573226,-0.037973380402573226
2024-09,2026-06,21,JP01,Spare Parts,3033019.12,2884271.54,-148747.58000000007,0.04904274391781614,-0.04904274391781614
2024-09,2026-06,21,US01,Events,1106838.42,2271771.9,1164933.48,1.0524873901648626,1.0524873901648626
2024-09,2026-06,21,US01,Hardware,5969717.7700000005,5886435.74,-83282.03000000026,0.013950748294755693,-0.013950748294755693
2024-09,2026-06,21,US01,Software,1130166.27,1130476.0,309.7299999999814,0.000274057019946261,0.000274057019946261
2024-09,2026-07,22,DE01,Hardware,5009268.27,4710830.38,-298437.88999999966,0.05957714259132695,-0.05957714259132695
2024-09,2026-07,22,DE01,Software,899460.19,832261.69,-67198.5,0.07470981011399738,-0.07470981011399738
2024-09,2026-07,22,ES01,Events,3033738.22,2127951.46,-905786.7600000002,0.29857116676336043,-0.29857116676336043
2024-09,2026-07,22,ES01,Hardware,4727054.36,4346808.9,-380245.45999999996,0.08044025539828993,-0.08044025539828993
2024-09,2026-07,22,ES01,Spare Parts,2008950.68,1881037.79,-127912.8899999999,0.06367149341864375,-0.06367149341864375
2024-09,2026-07,22,JP01,Hardware,3142643.03,2782308.6,-360334.4299999997,0.11465967548977388,-0.11465967548977388
2024-09,2026-07,22,JP01,Software,739957.45,668052.51,-71904.93999999994,0.09717442536729638,-0.09717442536729638
2024-09,2026-07,22,JP01,Spare Parts,2790693.87,2620210.76,-170483.11000000034,0.06108986436409104,-0.06108986436409104
2024-09,2026-07,22,US01,Events,2810554.0,2059646.48,-750907.52,0.26717420124288666,-0.26717420124288666
2024-09,2026-07,22,US01,Hardware,5368735.5,5341112.71,-27622.790000000037,0.005145120298811524,-0.005145120298811524
2024-09,2026-07,22,US01,Software,1132865.88,1031357.37,-101508.5099999999,0.08960329002052732,-0.08960329002052732
2024-09,2026-08,23,DE01,Hardware,4959088.61,4177324.15,-781764.4600000004,0.1576427689603232,-0.1576427689603232
2024-09,2026-08,23,DE01,Software,917130.34,742043.06,-175087.2799999999,0.19090773946045653,-0.19090773946045653
2024-09,2026-08,23,ES01,Events,3285979.84,1885432.78,-1400547.0599999998,0.4262190056528161,-0.4262190056528161
2024-09,2026-08,23,ES01,Hardware,4556218.7,3854528.47,-701690.23,0.15400714412589545,-0.15400714412589545
2024-09,2026-08,23,ES01,Spare Parts,1868999.55,1670009.64,-198989.91000000015,0.10646867731990634,-0.10646867731990634
2024-09,2026-08,23,JP01,Hardware,2819534.27,2467209.38,-352324.89000000013,0.12495854146862351,-0.12495854146862351
2024-09,2026-08,23,JP01,Software,776565.13,595634.44,-180930.69000000006,0.2329884294444177,-0.2329884294444177
2024-09,2026-08,23,JP01,Spare Parts,2596342.8,2326256.94,-270085.85999999987,0.10402550079288447,-0.10402550079288447
2024-09,2026-08,23,US01,Events,3051386.78,1824912.39,-1226474.39,0.40193999595161123,-0.40193999595161123
2024-09,2026-08,23,US01,Hardware,5173236.29,4736226.39,-437009.9000000004,0.0844751477609387,-0.0844751477609387
2024-09,2026-08,23,US01,Software,1148086.16,919556.42,-228529.73999999987,0.19905277840819882,-0.19905277840819882
2024-09,2026-09,24,DE01,Hardware,6069665.33,5186773.21,-882892.1200000001,0.14545976952571124,-0.14545976952571124
2024-09,2026-09,24,DE01,Software,948116.76,926396.02,-21720.73999999999,0.02290935137566811,-0.02290935137566811
2024-09,2026-09,24,ES01,Events,4042369.35,2339153.71,-1703215.6400000001,0.4213409247227743,-0.4213409247227743
2024-09,2026-09,24,ES01,Hardware,5537028.63,4785974.06,-751054.5700000003,0.13564216842418608,-0.13564216842418608
2024-09,2026-09,24,ES01,Spare Parts,2347978.79,2076054.76,-271924.03,0.11581196182781534,-0.11581196182781534
2024-09,2026-09,24,JP01,Hardware,4084597.49,3063409.75,-1021187.7400000002,0.2500093932144095,-0.2500093932144095
2024-09,2026-09,24,JP01,Software,799035.7,743613.7,-55422.0,0.0693611061433175,-0.0693611061433175
2024-09,2026-09,24,JP01,Spare Parts,3296065.24,2891861.64,-404203.6000000001,0.12263216003576435,-0.12263216003576435
2024-09,2026-09,24,US01,Events,2597468.57,2264069.37,-333399.1999999997,0.12835543184262657,-0.12835543184262657
2024-09,2026-09,24,US01,Hardware,6672882.34,5880733.99,-792148.3499999996,0.11871157164746286,-0.11871157164746286
2024-09,2026-09,24,US01,Software,1211429.73,1148010.75,-63418.97999999998,0.05235052304684646,-0.05235052304684646
2024-10,2024-11,1,DE01,Hardware,5222703.91,5325244.59,102540.6799999997,0.019633638392493075,0.019633638392493075
2024-10,2024-11,1,DE01,Software,695366.55,774389.63,79023.07999999996,0.11364233726802066,0.11364233726802066
2024-10,2024-11,1,ES01,Events,2440235.3,2904268.56,464033.26000000024,0.19015922767775725,0.19015922767775725
2024-10,2024-11,1,ES01,Hardware,5077784.9,4871519.49,-206265.41000000015,0.040621139741464855,-0.040621139741464855
2024-10,2024-11,1,ES01,Spare Parts,2039663.45,2058195.62,18532.17000000016,0.009085896008971557,0.009085896008971557
2024-10,2024-11,1,JP01,Hardware,3505116.83,3187916.33,-317200.5,0.09049641292555717,-0.09049641292555717
2024-10,2024-11,1,JP01,Software,561586.11,617606.03,56019.92000000004,0.09975303698305509,0.09975303698305509
2024-10,2024-11,1,JP01,Spare Parts,2860046.49,2857432.62,-2613.8700000001118,0.0009139257033546023,-0.0009139257033546023
2024-10,2024-11,1,US01,Events,2829480.63,2131280.55,-698200.0800000001,0.24675909514885072,-0.24675909514885072
2024-10,2024-11,1,US01,Hardware,5799608.56,5893535.81,93927.25,0.016195446473373714,0.016195446473373714
2024-10,2024-11,1,US01,Software,865642.11,961001.16,95359.05000000005,0.1101599019946015,0.1101599019946015
2024-10,2024-12,2,DE01,Hardware,5533512.32,5626632.8,93120.47999999952,0.01682845805970836,0.01682845805970836
2024-10,2024-12,2,DE01,Software,687696.76,822691.55,134994.79000000004,0.19629987787058942,0.19629987787058942
2024-10,2024-12,2,ES01,Events,2683882.17,3066157.18,382275.01000000024,0.1424336039312785,0.1424336039312785
2024-10,2024-12,2,ES01,Hardware,5111308.99,5147228.61,35919.62000000011,0.007027479667199714,0.007027479667199714
2024-10,2024-12,2,ES01,Spare Parts,2180696.77,2177290.66,-3406.1099999998696,0.0015619365548011838,-0.0015619365548011838
2024-10,2024-12,2,JP01,Hardware,3568673.5,3368340.04,-200333.45999999996,0.05613667375286643,-0.05613667375286643
2024-10,2024-12,2,JP01,Software,581547.28,656128.7,74581.41999999993,0.1282465288118963,0.1282465288118963
2024-10,2024-12,2,JP01,Spare Parts,3041330.91,3022774.55,-18556.360000000335,0.006101394602930707,-0.006101394602930707
2024-10,2024-12,2,US01,Events,2104401.94,2250081.56,145679.6200000001,0.06922613842486769,0.06922613842486769
2024-10,2024-12,2,US01,Hardware,6191156.26,6227087.11,35930.85000000056,0.0058035766650154875,0.0058035766650154875
2024-10,2024-12,2,US01,Software,878484.84,1020942.82,142457.97999999998,0.16216327648864148,0.16216327648864148
2024-10,2025-01,3,DE01,Hardware,4346465.42,4208179.61,-138285.8099999996,0.03181569312933809,-0.03181569312933809
2024-10,2025-01,3,DE01,Software,730802.6,618658.84,-112143.76000000001,0.15345287496240437,-0.15345287496240437
2024-10,2025-01,3,ES01,Events,2528238.4,2291335.76,-236902.64000000013,0.09370265082596646,-0.09370265082596646
2024-10,2025-01,3,ES01,Hardware,3735081.48,3849631.43,114549.95000000019,0.03066866161109829,0.03066866161109829
2024-10,2025-01,3,ES01,Spare Parts,1647022.14,1630357.51,-16664.62999999989,0.010118036421781124,-0.010118036421781124
2024-10,2025-01,3,JP01,Hardware,2307558.84,2519194.05,211635.20999999996,0.0917138953648523,0.0917138953648523
2024-10,2025-01,3,JP01,Software,598285.56,493404.63,-104880.93000000005,0.1753024592470526,-0.1753024592470526
2024-10,2025-01,3,JP01,Spare Parts,2311810.7399999998,2263456.73,-48354.00999999978,0.02091607637396813,-0.02091607637396813
2024-10,2025-01,3,US01,Events,2553570.29,1681483.39,-872086.9000000001,0.3415167005252086,-0.3415167005252086
2024-10,2025-01,3,US01,Hardware,4843942.49,4657261.62,-186680.8700000001,0.03853903517339243,-0.03853903517339243
2024-10,2025-01,3,US01,Software,922508.64,767742.54,-154766.09999999998,0.16776655880426222,-0.16776655880426222
2024-10,2025-02,4,DE01,Hardware,4671905.56,4412090.9,-259814.65999999922,0.055612138700851486,-0.055612138700851486
2024-10,2025-02,4,DE01,Software,732179.75,652183.64,-79996.10999999999,0.109257474001432,-0.109257474001432
2024-10,2025-02,4,ES01,Events,2673720.76,2400421.7,-273299.0599999996,0.10221675505111447,-0.10221675505111447
2024-10,2025-02,4,ES01,Hardware,3932186.89,4036168.94,103982.04999999981,0.026443821951707847,0.026443821951707847
2024-10,2025-02,4,ES01,Spare Parts,1744113.25,1711408.87,-32704.37999999989,0.018751293816499523,-0.018751293816499523
2024-10,2025-02,4,JP01,Hardware,2538483.48,2641263.96,102780.47999999998,0.04048893002841208,0.04048893002841208
2024-10,2025-02,4,JP01,Software,606867.23,520141.97,-86725.26000000001,0.14290648054929578,-0.14290648054929578
2024-10,2025-02,4,JP01,Spare Parts,2431383.99,2375981.9,-55402.09000000032,0.02278623624563733,-0.02278623624563733
2024-10,2025-02,4,US01,Events,1986978.21,1761535.47,-225442.74,0.1134600967768036,-0.1134600967768036
2024-10,2025-02,4,US01,Hardware,5024694.01,4882933.61,-141760.39999999944,0.02821274284919082,-0.02821274284919082
2024-10,2025-02,4,US01,Software,920625.16,809346.11,-111279.05000000005,0.12087335305934942,-0.12087335305934942
2024-10,2025-03,5,DE01,Hardware,5044531.37,4761423.9,-283107.46999999974,0.05612165912648487,-0.05612165912648487
2024-10,2025-03,5,DE01,Software,750166.51,707670.01,-42496.5,0.056649423072752204,-0.056649423072752204
2024-10,2025-03,5,ES01,Events,1771646.13,2588383.17,816737.04,0.46100461382770613,0.46100461382770613
2024-10,2025-03,5,ES01,Hardware,4581028.1,4355737.84,-225290.25999999978,0.049178973602017374,-0.049178973602017374
2024-10,2025-03,5,ES01,Spare Parts,1924143.48,1849127.77,-75015.70999999996,0.0389865468868257,-0.0389865468868257
2024-10,2025-03,5,JP01,Hardware,3071011.94,2850389.45,-220622.48999999976,0.07184032309558515,-0.07184032309558515
2024-10,2025-03,5,JP01,Software,600048.53,564394.52,-35654.01000000001,0.05941854403009705,-0.05941854403009705
2024-10,2025-03,5,JP01,Spare Parts,2660137.21,2567179.7,-92957.50999999978,0.03494462979223533,-0.03494462979223533
2024-10,2025-03,5,US01,Events,2175443.6,1899469.89,-275973.7100000002,0.12685859104782132,-0.12685859104782132
2024-10,2025-03,5,US01,Hardware,5643557.42,5269546.19,-374011.2299999995,0.06627224677019403,-0.06627224677019403
2024-10,2025-03,5,US01,Software,925532.31,878203.52,-47328.79000000004,0.0511368317330813,-0.0511368317330813
2024-10,2025-04,6,DE01,Hardware,4804531.26,4871560.01,67028.75,0.013951152853983097,0.013951152853983097
2024-10,2025-04,6,DE01,Software,761822.84,727998.52,-33824.31999999995,0.04439919391232737,-0.04439919391232737
2024-10,2025-04,6,ES01,Events,2047813.5299999998,2646113.09,598299.56,0.29216505860277237,0.29216505860277237
2024-10,2025-04,6,ES01,Hardware,4490297.08,4456490.05,-33807.03000000026,0.007528907196492278,-0.007528907196492278
2024-10,2025-04,6,ES01,Spare Parts,1934873.53,1894169.66,-40703.87000000011,0.021036966690014158,-0.021036966690014158
2024-10,2025-04,6,JP01,Hardware,3179389.49,2916321.58,-263067.91000000015,0.08274164295611361,-0.08274164295611361
2024-10,2025-04,6,JP01,Software,618173.43,580607.3,-37566.130000000005,0.060769564295249635,-0.060769564295249635
2024-10,2025-04,6,JP01,Spare Parts,2685766.17,2629712.21,-56053.95999999996,0.020870752125081674,-0.020870752125081674
2024-10,2025-04,6,US01,Events,2207176.32,1941834.66,-265341.6599999999,0.1202176996897103,-0.1202176996897103
2024-10,2025-04,6,US01,Hardware,5414874.6,5391435.62,-23438.979999999516,0.0043286284044323975,-0.0043286284044323975
2024-10,2025-04,6,US01,Software,940565.21,903430.77,-37134.439999999944,0.039480983992593074,-0.039480983992593074
2024-10,2025-05,7,DE01,Hardware,5113897.66,4982289.24,-131608.41999999993,0.02573544266038361,-0.02573544266038361
2024-10,2025-05,7,DE01,Software,763763.57,748617.32,-15146.25,0.019831071544823747,-0.019831071544823747
2024-10,2025-05,7,ES01,Events,2691589.14,2704069.87,12480.729999999981,0.0046369372704483346,0.0046369372704483346
2024-10,2025-05,7,ES01,Hardware,4691848.15,4557784.86,-134063.29000000004,0.028573663450723576,-0.028573663450723576
2024-10,2025-05,7,ES01,Spare Parts,1975457.31,1939547.86,-35909.44999999995,0.01817779094401182,-0.01817779094401182
2024-10,2025-05,7,JP01,Hardware,3268108.44,2982608.77,-285499.6699999999,0.08735930133334252,-0.08735930133334252
2024-10,2025-05,7,JP01,Software,616363.4,597051.6,-19311.800000000047,0.03133184092371488,-0.03133184092371488
2024-10,2025-05,7,JP01,Spare Parts,2734857.58,2692711.65,-42145.93000000017,0.015410648915765539,-0.015410648915765539
2024-10,2025-05,7,US01,Events,3069954.84,1984365.9,-1085588.94,0.35361723431736214,-0.35361723431736214
2024-10,2025-05,7,US01,Hardware,5637315.36,5513981.49,-123333.87000000011,0.02187812143261045,-0.02187812143261045
2024-10,2025-05,7,US01,Software,951877.53,929018.26,-22859.27000000002,0.024014927634650667,-0.024014927634650667
2024-10,2025-06,8,DE01,Hardware,5113854.93,5093614.11,-20240.819999999367,0.003958035626168881,-0.003958035626168881
2024-10,2025-06,8,DE01,Software,768954.13,769529.84,575.7099999999627,0.0007486922529435699,0.0007486922529435699
2024-10,2025-06,8,ES01,Events,3323926.6,2762254.17,-561672.4300000002,0.1689785899604402,-0.1689785899604402
2024-10,2025-06,8,ES01,Hardware,4808227.65,4659624.55,-148603.10000000056,0.03090600337943661,-0.03090600337943661
2024-10,2025-06,8,ES01,Spare Parts,2037961.34,1985264.38,-52696.960000000196,0.025857683836141954,-0.025857683836141954
2024-10,2025-06,8,JP01,Hardware,3267211.05,3049252.54,-217958.50999999978,0.06671087562586439,-0.06671087562586439
2024-10,2025-06,8,JP01,Software,635120.07,613730.16,-21389.909999999916,0.03367852947868569,-0.03367852947868569
2024-10,2025-06,8,JP01,Spare Parts,2823049.9,2756180.77,-66869.12999999989,0.023686839541872742,-0.023686839541872742
2024-10,2025-06,8,US01,Events,2256814.93,2027064.11,-229750.82000000007,0.10180312835842505,-0.10180312835842505
2024-10,2025-06,8,US01,Hardware,5719263.22,5637186.55,-82076.66999999993,0.014350916690279544,-0.014350916690279544
2024-10,2025-06,8,US01,Software,962174.36,954970.26,-7204.099999999977,0.007487312382757712,-0.007487312382757712
2024-10,2025-07,9,DE01,Hardware,4722270.85,4621738.56,-100532.29000000004,0.021288971597213668,-0.021288971597213668
2024-10,2025-07,9,DE01,Software,770646.51,702058.49,-68588.02000000002,0.0890006236452041,-0.0890006236452041
2024-10,2025-07,9,ES01,Events,3546902.57,2504330.25,-1042572.3199999998,0.2939388098275279,-0.2939388098275279
2024-10,2025-07,9,ES01,Hardware,4357362.47,4227954.06,-129408.41000000015,0.029698793912823176,-0.029698793912823176
2024-10,2025-07,9,ES01,Spare Parts,1860477.6,1803509.49,-56968.1100000001,0.03062015366376897,-0.03062015366376897
2024-10,2025-07,9,JP01,Hardware,2913153.02,2766767.91,-146385.10999999987,0.05024971534107737,-0.05024971534107737
2024-10,2025-07,9,JP01,Software,638190.11,559919.11,-78271.0,0.12264527258186436,-0.12264527258186436
2024-10,2025-07,9,JP01,Spare Parts,2571194.41,2503846.96,-67347.45000000019,0.026193060212821553,-0.026193060212821553
2024-10,2025-07,9,US01,Events,1513970.65,1837788.15,323817.5,0.21388624673800646,0.21388624673800646
2024-10,2025-07,9,US01,Hardware,5224763.8,5114954.12,-109809.6799999997,0.02101715679472433,-0.02101715679472433
2024-10,2025-07,9,US01,Software,983710.2,871239.74,-112470.45999999996,0.11433292040684337,-0.11433292040684337
2024-10,2025-08,10,DE01,Hardware,4305816.89,4098322.07,-207494.81999999983,0.04818942033552194,-0.04818942033552194
2024-10,2025-08,10,DE01,Software,783265.11,625954.12,-157310.99,0.2008400323103885,-0.2008400323103885
2024-10,2025-08,10,ES01,Events,1659616.36,2218916.38,559300.0199999998,0.33700560772972843,0.33700560772972843
2024-10,2025-08,10,ES01,Hardware,3706548.86,3749134.06,42585.200000000186,0.011489178102996917,0.011489178102996917
2024-10,2025-08,10,ES01,Spare Parts,1649564.19,1601179.01,-48385.179999999935,0.029332098922443227,-0.029332098922443227
2024-10,2025-08,10,JP01,Hardware,2264184.89,2453428.69,189243.7999999998,0.08358142519006025,0.08358142519006025
2024-10,2025-08,10,JP01,Software,658777.62,499222.9,-159554.71999999997,0.2421981487470688,-0.2421981487470688
2024-10,2025-08,10,JP01,Spare Parts,2267916.03,2222947.65,-44968.37999999989,0.019828062152724365,-0.019828062152724365
2024-10,2025-08,10,US01,Events,1368544.87,1628338.84,259793.96999999997,0.18983226322714575,0.18983226322714575
2024-10,2025-08,10,US01,Hardware,4496825.37,4535680.48,38855.110000000335,0.008640564576782828,0.008640564576782828
2024-10,2025-08,10,US01,Software,979283.84,776795.82,-202488.02000000002,0.2067715321433263,-0.2067715321433263
2024-10,2025-09,11,DE01,Hardware,5132921.29,5088680.31,-44240.98000000045,0.008619064563914333,-0.008619064563914333
2024-10,2025-09,11,DE01,Software,803407.79,781465.98,-21941.810000000056,0.027310925128072327,-0.027310925128072327
2024-10,2025-09,11,ES01,Events,2098177.43,2752888.65,654711.2199999997,0.31203806248168425,0.31203806248168425
2024-10,2025-09,11,ES01,Hardware,4752466.38,4655111.12,-97355.25999999978,0.020485207514503192,-0.020485207514503192
2024-10,2025-09,11,ES01,Spare Parts,2061119.91,1990488.69,-70631.21999999997,0.034268370150283965,-0.034268370150283965
2024-10,2025-09,11,JP01,Hardware,3420851.08,3046298.96,-374552.1200000001,0.10949091651192255,-0.10949091651192255
2024-10,2025-09,11,JP01,Software,665617.74,623249.69,-42368.05000000005,0.06365222477393713,-0.06365222477393713
2024-10,2025-09,11,JP01,Spare Parts,2827480.22,2763433.79,-64046.43000000017,0.02265141575420116,-0.02265141575420116
2024-10,2025-09,11,US01,Events,3680310.3,2020191.28,-1660119.0199999998,0.45108126344672617,-0.45108126344672617
2024-10,2025-09,11,US01,Hardware,5710211.41,5631726.24,-78485.16999999993,0.013744704769170696,-0.013744704769170696
2024-10,2025-09,11,US01,Software,987656.78,969782.76,-17874.02000000002,0.01809740019199789,-0.01809740019199789
2024-10,2025-10,12,DE01,Hardware,5456597.86,5299569.76,-157028.10000000056,0.028777656706408,-0.028777656706408
2024-10,2025-10,12,DE01,Software,819095.4,818302.76,-792.640000000014,0.0009677016865190721,-0.0009677016865190721
2024-10,2025-10,12,ES01,Events,3244030.3,2864657.58,-379372.71999999974,0.1169448756381837,-0.1169448756381837
2024-10,2025-10,12,ES01,Hardware,5042217.8,4848032.22,-194185.58000000007,0.038511938139602,-0.038511938139602
2024-10,2025-10,12,ES01,Spare Parts,2137107.6,2075467.35,-61640.25,0.028842838797634707,-0.028842838797634707
2024-10,2025-10,12,JP01,Hardware,3573820.2199999997,3172546.29,-401273.9299999997,0.11228150978450721,-0.11228150978450721
2024-10,2025-10,12,JP01,Software,678511.8099999999,652628.47,-25883.339999999967,0.038147221048370504,-0.038147221048370504
2024-10,2025-10,12,JP01,Spare Parts,2970043.07,2881411.3,-88631.77000000002,0.02984191404335427,-0.02984191404335427
2024-10,2025-10,12,US01,Events,2152138.58,2102212.25,-49926.330000000075,0.023198473585283746,-0.023198473585283746
2024-10,2025-10,12,US01,Hardware,5845785.48,5865121.06,19335.579999999143,0.0033076102546272606,0.0033076102546272606
2024-10,2025-10,12,US01,Software,1012386.25,1015496.42,3110.170000000042,0.003072117978686536,0.003072117978686536
2024-10,2025-11,13,DE01,Hardware,5643282.3,5511628.15,-131654.14999999944,0.02332935745567778,-0.02332935745567778
2024-10,2025-11,13,DE01,Software,824405.33,855700.54,31295.21000000008,0.0379609505921075,0.0379609505921075
2024-10,2025-11,13,ES01,Events,3330726.18,2976875.27,-353850.91000000015,0.10623836691372815,-0.10623836691372815
2024-10,2025-11,13,ES01,Hardware,5042528.53,5042022.67,-505.8600000003353,0.0001003187184744268,-0.0001003187184744268
2024-10,2025-11,13,ES01,Spare Parts,2246247.57,2161105.4,-85142.16999999993,0.03790417901264549,-0.03790417901264549
2024-10,2025-11,13,JP01,Hardware,3715131.39,3299493.4,-415637.9900000002,0.11187706338429129,-0.11187706338429129
2024-10,2025-11,13,JP01,Software,690835.74,682454.66,-8381.079999999958,0.012131798508282096,-0.012131798508282096
2024-10,2025-11,13,JP01,Spare Parts,3080239.12,3000304.25,-79934.87000000011,0.025950865139327272,-0.025950865139327272
2024-10,2025-11,13,US01,Events,2247091.5,2184562.56,-62528.939999999944,0.027826610531880853,-0.027826610531880853
2024-10,2025-11,13,US01,Hardware,6014569.7,6099809.57,85239.87000000011,0.014172230808132477,0.014172230808132477
2024-10,2025-11,13,US01,Software,1040772.17,1061906.28,21134.109999999986,0.020306182860366055,0.020306182860366055
2024-10,2025-12,14,DE01,Hardware,5888462.87,5823564.94,-64897.9299999997,0.011021200512384262,-0.011021200512384262
2024-10,2025-12,14,DE01,Software,827130.13,909074.16,81944.03000000003,0.09907029985717003,0.09907029985717003
2024-10,2025-12,14,ES01,Events,2470654.47,3142811.11,672156.6399999997,0.2720561082748247,0.2720561082748247
2024-10,2025-12,14,ES01,Hardware,5478749.67,5327381.62,-151368.0499999998,0.02762821065339892,-0.02762821065339892
2024-10,2025-12,14,ES01,Spare Parts,2349745.46,2286155.19,-63590.27000000002,0.027062620646578467,-0.027062620646578467
2024-10,2025-12,14,JP01,Hardware,3812651.53,3486231.94,-326419.58999999985,0.08561485030340547,-0.08561485030340547
2024-10,2025-12,14,JP01,Software,696583.87,725022.21,28438.339999999967,0.04082543570812222,0.04082543570812222
2024-10,2025-12,14,JP01,Spare Parts,3250211.08,3173913.28,-76297.80000000028,0.023474721524855635,-0.023474721524855635
2024-10,2025-12,14,US01,Events,2120276.55,2306333.6,186057.05000000028,0.08775131244082301,0.08775131244082301
2024-10,2025-12,14,US01,Hardware,6382523.77,6445035.15,62511.38000000082,0.009794147621325792,0.009794147621325792
2024-10,2025-12,14,US01,Software,1033741.14,1128141.81,94400.67000000004,0.09131944772943838,0.09131944772943838
2024-10,2026-01,15,DE01,Hardware,4361789.12,4355465.89,-6323.230000000447,0.001449687232930795,-0.001449687232930795
2024-10,2026-01,15,DE01,Software,824720.26,683618.02,-141102.24,0.17109103152140337,-0.17109103152140337
2024-10,2026-01,15,ES01,Events,4029079.65,2348619.16,-1680460.4899999998,0.41708296583315246,-0.41708296583315246
2024-10,2026-01,15,ES01,Hardware,3969315.91,3984368.53,15052.619999999646,0.0037922453997872004,0.0037922453997872004
2024-10,2026-01,15,ES01,Spare Parts,1730376.87,1711875.39,-18501.480000000214,0.01069216788594742,-0.01069216788594742
2024-10,2026-01,15,JP01,Hardware,2301293.04,2607365.84,306072.7999999998,0.13300035878959587,0.13300035878959587
2024-10,2026-01,15,JP01,Software,666552.84,545212.12,-121340.71999999997,0.18204216187871913,-0.18204216187871913
2024-10,2026-01,15,JP01,Spare Parts,2397037.82,2376629.57,-20408.25,0.008513945766612895,-0.008513945766612895
2024-10,2026-01,15,US01,Events,1694382.05,1723520.47,29138.419999999925,0.017197077837315337,0.017197077837315337
2024-10,2026-01,15,US01,Hardware,4715868.51,4820265.77,104397.25999999978,0.022137440808331566,0.022137440808331566
2024-10,2026-01,15,US01,Software,1019508.7,848355.51,-171153.18999999994,0.1678781063859484,-0.1678781063859484
2024-10,2026-02,16,DE01,Hardware,4590563.92,4566514.08,-24049.83999999985,0.0052389729059692195,-0.0052389729059692195
2024-10,2026-02,16,DE01,Software,838223.83,720662.93,-117560.8999999999,0.14025000935609278,-0.14025000935609278
2024-10,2026-02,16,ES01,Events,2671339.66,2460432.24,-210907.41999999993,0.07895192931025473,-0.07895192931025473
2024-10,2026-02,16,ES01,Hardware,4158406.09,4177434.85,19028.760000000242,0.004575974445054798,0.004575974445054798
2024-10,2026-02,16,ES01,Spare Parts,1839318.77,1796979.31,-42339.45999999996,0.02301909853287691,-0.02301909853287691
2024-10,2026-02,16,JP01,Hardware,2845134.32,2733708.2,-111426.11999999965,0.03916374675765735,-0.03916374675765735
2024-10,2026-02,16,JP01,Software,688429.15,574756.88,-113672.27000000002,0.16511832771752913,-0.16511832771752913
2024-10,2026-02,16,JP01,Spare Parts,2545994.33,2494780.99,-51213.33999999985,0.020115260822281506,-0.020115260822281506
2024-10,2026-02,16,US01,Events,2126392.69,1805573.85,-320818.83999999985,0.15087469097723424,-0.15087469097723424
2024-10,2026-02,16,US01,Hardware,5150460.5,5053836.28,-96624.21999999974,0.018760306966726516,-0.018760306966726516
2024-10,2026-02,16,US01,Software,1031074.72,894327.45,-136747.27000000002,0.1326259555660525,-0.1326259555660525
2024-10,2026-03,17,DE01,Hardware,5078909.1,4928073.74,-150835.3599999994,0.029698377551194883,-0.029698377551194883
2024-10,2026-03,17,DE01,Software,860159.24,781975.37,-78183.87,0.09089464643779215,-0.09089464643779215
2024-10,2026-03,17,ES01,Events,4347630.29,2653092.75,-1694537.54,0.38976118643243696,-0.38976118643243696
2024-10,2026-03,17,ES01,Hardware,4575854.05,4508188.66,-67665.38999999966,0.014787488687494233,-0.014787488687494233
2024-10,2026-03,17,ES01,Spare Parts,2016743.57,1941584.16,-75159.41000000015,0.037267707763164036,-0.037267707763164036
2024-10,2026-03,17,JP01,Hardware,3265538.72,2950153.09,-315385.63000000035,0.09657996950653225,-0.09657996950653225
2024-10,2026-03,17,JP01,Software,727869.52,623655.95,-104213.57000000007,0.1431761698168101,-0.1431761698168101
2024-10,2026-03,17,JP01,Spare Parts,2806973.74,2695538.68,-111435.06000000006,0.03969935963846959,-0.03969935963846959
2024-10,2026-03,17,US01,Events,2052129.69,1946956.64,-105173.05000000005,0.05125068386881535,-0.05125068386881535
2024-10,2026-03,17,US01,Hardware,5641419.01,5453980.3,-187438.70999999996,0.03322545438793775,-0.03322545438793775
2024-10,2026-03,17,US01,Software,1086297.7,970414.89,-115882.80999999994,0.10667684374182136,-0.10667684374182136
2024-10,2026-04,18,DE01,Hardware,5292387.16,5042064.61,-250322.5499999998,0.04729860881908719,-0.04729860881908719
2024-10,2026-04,18,DE01,Software,883747.55,804438.36,-79309.19000000006,0.08974190649807183,-0.08974190649807183
2024-10,2026-04,18,ES01,Events,1899602.31,2712265.92,812663.6099999999,0.42780723403100085,0.42780723403100085
2024-10,2026-04,18,ES01,Hardware,4826801.56,4612467.2,-214334.3599999994,0.044405049044526995,-0.044405049044526995
2024-10,2026-04,18,ES01,Spare Parts,2107476.69,1988878.14,-118598.55000000005,0.056275142004061765,-0.056275142004061765
2024-10,2026-04,18,JP01,Hardware,3471706.0,3018392.83,-453313.1699999999,0.13057360559909162,-0.13057360559909162
2024-10,2026-04,18,JP01,Software,741056.59,641571.07,-99485.52000000002,0.13424820903353687,-0.13424820903353687
2024-10,2026-04,18,JP01,Spare Parts,2940055.28,2761197.82,-178857.45999999996,0.060834726889897106,-0.060834726889897106
2024-10,2026-04,18,US01,Events,2301375.69,1990380.53,-310995.1599999999,0.1351344595110414,-0.1351344595110414
2024-10,2026-04,18,US01,Hardware,6025098.71,5580135.87,-444962.83999999985,0.07385154358740786,-0.07385154358740786
2024-10,2026-04,18,US01,Software,1101695.33,998291.0,-103404.33000000007,0.09385927958866819,-0.09385927958866819
2024-10,2026-05,19,DE01,Hardware,5381249.6,5156669.36,-224580.2399999993,0.041733845610878055,-0.041733845610878055
2024-10,2026-05,19,DE01,Software,885391.85,827222.14,-58169.70999999996,0.06569939626166647,-0.06569939626166647
2024-10,2026-05,19,ES01,Events,3489160.2399999998,2771671.61,-717488.6299999999,0.20563361400679034,-0.20563361400679034
2024-10,2026-05,19,ES01,Hardware,5134093.25,4717307.33,-416785.9199999999,0.08118004479174583,-0.08118004479174583
2024-10,2026-05,19,ES01,Spare Parts,2174342.11,2036525.25,-137816.85999999987,0.06338324561078379,-0.06338324561078379
2024-10,2026-05,19,JP01,Hardware,3584493.15,3087000.08,-497493.06999999983,0.1387903531075237,-0.1387903531075237
2024-10,2026-05,19,JP01,Software,748277.66,659742.02,-88535.64000000001,0.11831923460069622,-0.11831923460069622
2024-10,2026-05,19,JP01,Spare Parts,3019944.0,2827347.23,-192596.77000000002,0.06377494748246988,-0.06377494748246988
2024-10,2026-05,19,US01,Events,1834312.06,2033975.05,199662.99,0.10884897632957828,0.10884897632957828
2024-10,2026-05,19,US01,Hardware,5861610.25,5706970.84,-154639.41000000015,0.026381728467872824,-0.026381728467872824
2024-10,2026-05,19,US01,Software,1100147.2,1026565.18,-73582.0199999999,0.06688379518668039,-0.06688379518668039
2024-10,2026-06,20,DE01,Hardware,5375821.92,5271890.6,-103931.3200000003,0.019333103206662823,-0.019333103206662823
2024-10,2026-06,20,DE01,Software,913395.84,850330.48,-63065.359999999986,0.06904493893906938,-0.06904493893906938
2024-10,2026-06,20,ES01,Events,2432535.35,2831310.53,398775.1799999997,0.16393397119593747,0.16393397119593747
2024-10,2026-06,20,ES01,Hardware,5025591.43,4822711.41,-202880.01999999955,0.040369381957498195,-0.040369381957498195
2024-10,2026-06,20,ES01,Spare Parts,2201176.53,2084527.6,-116648.9299999997,0.05299390049375082,-0.05299390049375082
2024-10,2026-06,20,JP01,Hardware,3639861.9,3155976.38,-483885.52,0.13294062612650223,-0.13294062612650223
2024-10,2026-06,20,JP01,Software,761159.52,678171.82,-82987.70000000007,0.10902799980745176,-0.10902799980745176
2024-10,2026-06,20,JP01,Spare Parts,3033019.12,2893989.81,-139029.31000000006,0.045838586734659306,-0.045838586734659306
2024-10,2026-06,20,US01,Events,1106838.42,2077740.72,970902.3,0.8771852173328064,0.8771852173328064
2024-10,2026-06,20,US01,Hardware,5969717.7700000005,5834488.08,-135229.6900000004,0.022652610258993934,-0.022652610258993934
2024-10,2026-06,20,US01,Software,1130166.27,1055242.14,-74924.13000000012,0.06629478510272663,-0.06629478510272663
2024-10,2026-07,21,DE01,Hardware,5009268.27,4783499.41,-225768.8599999994,0.04507022739271247,-0.04507022739271247
2024-10,2026-07,21,DE01,Software,899460.19,775774.63,-123685.55999999994,0.13751087749642366,-0.13751087749642366
2024-10,2026-07,21,ES01,Events,3033738.22,2566938.51,-466799.7100000004,0.15386947592333805,-0.15386947592333805
2024-10,2026-07,21,ES01,Hardware,4727054.36,4375932.45,-351121.91000000015,0.07427921983956201,-0.07427921983956201
2024-10,2026-07,21,ES01,Spare Parts,2008950.68,1893684.96,-115265.71999999997,0.05737608252284221,-0.05737608252284221
2024-10,2026-07,21,JP01,Hardware,3142643.03,2863604.79,-279038.23999999976,0.08879094358992462,-0.08879094358992462
2024-10,2026-07,21,JP01,Software,739957.45,618710.62,-121246.82999999996,0.16385648931570318,-0.16385648931570318
2024-10,2026-07,21,JP01,Spare Parts,2790693.87,2629039.3,-161654.5700000003,0.05792629988469509,-0.05792629988469509
2024-10,2026-07,21,US01,Events,2810554.0,1883732.85,-926821.1499999999,0.3297645766635332,-0.3297645766635332
2024-10,2026-07,21,US01,Hardware,5368735.5,5293977.52,-74757.98000000045,0.013924690460165237,-0.013924690460165237
2024-10,2026-07,21,US01,Software,1132865.88,962719.92,-170145.95999999985,0.15019073572945799,-0.15019073572945799
2024-10,2026-08,22,DE01,Hardware,4959088.61,4241763.35,-717325.2600000007,0.14464860711573385,-0.14464860711573385
2024-10,2026-08,22,DE01,Software,917130.34,691679.3,-225451.03999999992,0.24582224594161822,-0.24582224594161822
2024-10,2026-08,22,ES01,Events,3285979.84,2274389.29,-1011590.5499999998,0.3078505040371763,-0.3078505040371763
2024-10,2026-08,22,ES01,Hardware,4556218.7,3880353.75,-675864.9500000002,0.14833900532474442,-0.14833900532474442
2024-10,2026-08,22,ES01,Spare Parts,1868999.55,1681237.96,-187761.59000000008,0.10046101402218105,-0.10046101402218105
2024-10,2026-08,22,JP01,Hardware,2819534.27,2539298.7,-280235.56999999983,0.09939073022864867,-0.09939073022864867
2024-10,2026-08,22,JP01,Software,776565.13,551641.3,-224923.82999999996,0.2896393635392822,-0.2896393635392822
2024-10,2026-08,22,JP01,Spare Parts,2596342.8,2334095.03,-262247.77,0.10100660436672694,-0.10100660436672694
2024-10,2026-08,22,US01,Events,3051386.78,1669047.32,-1382339.4599999997,0.45302007240130987,-0.45302007240130987
2024-10,2026-08,22,US01,Hardware,5173236.29,4694429.3,-478806.9900000002,0.09255463372619313,-0.09255463372619313
2024-10,2026-08,22,US01,Software,1148086.16,858359.39,-289726.7699999999,0.25235629528013814,-0.25235629528013814
2024-10,2026-09,23,DE01,Hardware,6069665.33,5266784.12,-802881.21,0.13227767370165694,-0.13227767370165694
2024-10,2026-09,23,DE01,Software,948116.76,863519.91,-84596.84999999998,0.08922619403964548,-0.08922619403964548
2024-10,2026-09,23,ES01,Events,4042369.35,2821710.86,-1220658.4900000002,0.3019660957007801,-0.3019660957007801
2024-10,2026-09,23,ES01,Hardware,5537028.63,4818040.01,-718988.6200000001,0.1298509847148831,-0.1298509847148831
2024-10,2026-09,23,ES01,Spare Parts,2347978.79,2090013.13,-257965.66000000015,0.10986711681496925,-0.10986711681496925
2024-10,2026-09,23,JP01,Hardware,4084597.49,3152919.42,-931678.0700000003,0.22809544203093565,-0.22809544203093565
2024-10,2026-09,23,JP01,Software,799035.7,688690.91,-110344.78999999992,0.13809744670982776,-0.13809744670982776
2024-10,2026-09,23,JP01,Spare Parts,3296065.24,2901605.48,-394459.76000000024,0.11967595641401814,-0.11967595641401814
2024-10,2026-09,23,US01,Events,2597468.57,2070696.06,-526772.5099999998,0.20280226528400297,-0.20280226528400297
2024-10,2026-09,23,US01,Hardware,6672882.34,5828836.65,-844045.6899999995,0.12648892142761797,-0.12648892142761797
2024-10,2026-09,23,US01,Software,1211429.73,1071609.95,-139819.78000000003,0.11541716084514454,-0.11541716084514454
2024-11,2024-12,1,DE01,Hardware,5533512.32,5495373.98,-38138.33999999985,0.006892248140869748,-0.006892248140869748
2024-11,2024-12,1,DE01,Software,687696.76,737655.7,49958.939999999944,0.07264675785298151,0.07264675785298151
2024-11,2024-12,1,ES01,Events,2683882.17,2929618.76,245736.58999999985,0.091560126128786,0.091560126128786
2024-11,2024-12,1,ES01,Hardware,5111308.99,5274449.49,163140.5,0.031917557776134364,0.031917557776134364
2024-11,2024-12,1,ES01,Spare Parts,2180696.77,2151243.36,-29453.41000000015,0.013506421619545092,-0.013506421619545092
2024-11,2024-12,1,JP01,Hardware,3568673.5,3601637.71,32964.20999999996,0.009237104487143462,0.009237104487143462
2024-11,2024-12,1,JP01,Software,581547.28,607191.27,25643.98999999999,0.044096139526265156,0.044096139526265156
2024-11,2024-12,1,JP01,Spare Parts,3041330.91,3016186.08,-25144.830000000075,0.008267706061620264,-0.008267706061620264
2024-11,2024-12,1,US01,Events,2104401.94,2632417.68,528015.7400000002,0.25091011843488426,0.25091011843488426
2024-11,2024-12,1,US01,Hardware,6191156.26,6103042.89,-88113.37000000011,0.014232134725670793,-0.014232134725670793
2024-11,2024-12,1,US01,Software,878484.84,922995.34,44510.5,0.05066735129999512,0.05066735129999512
2024-11,2025-01,2,DE01,Hardware,4346465.42,4110010.65,-236454.77000000002,0.05440162227265575,-0.05440162227265575
2024-11,2025-01,2,DE01,Software,730802.6,554712.42,-176090.17999999993,0.24095450672999788,-0.24095450672999788
2024-11,2025-01,2,ES01,Events,2528238.4,2189300.77,-338937.6299999999,0.13406078714728797,-0.13406078714728797
2024-11,2025-01,2,ES01,Hardware,3735081.48,3944780.4,209698.91999999993,0.05614306438102119,0.05614306438102119
2024-11,2025-01,2,ES01,Spare Parts,1647022.14,1610853.27,-36168.86999999988,0.021960160171253,-0.021960160171253
2024-11,2025-01,2,JP01,Hardware,2307558.84,2693678.24,386119.4000000004,0.16732808425374773,0.16732808425374773
2024-11,2025-01,2,JP01,Software,598285.56,456603.99,-141681.57000000007,0.23681261837574694,-0.23681261837574694
2024-11,2025-01,2,JP01,Spare Parts,2311810.7399999998,2258523.28,-53287.45999999996,0.023050096220246806,-0.023050096220246806
2024-11,2025-01,2,US01,Events,2553570.29,1967202.74,-586367.55,0.22962655553139288,-0.22962655553139288
2024-11,2025-01,2,US01,Hardware,4843942.49,4564488.49,-279454.0,0.057691436382020296,-0.057691436382020296
2024-11,2025-01,2,US01,Software,922508.64,694086.66,-228421.97999999998,0.24760958336390212,-0.24760958336390212
2024-11,2025-02,3,DE01,Hardware,4671905.56,4309165.07,-362740.4899999993,0.07764294148103441,-0.07764294148103441
2024-11,2025-02,3,DE01,Software,732179.75,584772.0,-147407.75,0.20132726970392176,-0.20132726970392176
2024-11,2025-02,3,ES01,Events,2673720.76,2293529.02,-380191.73999999976,0.1421957542043395,-0.1421957542043395
2024-11,2025-02,3,ES01,Hardware,3932186.89,4135928.44,203741.5499999998,0.05181380125093693,0.05181380125093693
2024-11,2025-02,3,ES01,Spare Parts,1744113.25,1690935.0,-53178.25,0.030490135889971594,-0.030490135889971594
2024-11,2025-02,3,JP01,Hardware,2538483.48,2824202.96,285719.48,0.112555185901781,0.112555185901781
2024-11,2025-02,3,JP01,Software,606867.23,481347.13,-125520.09999999998,0.2068328850117677,-0.2068328850117677
2024-11,2025-02,3,JP01,Spare Parts,2431383.99,2370803.18,-60580.810000000056,0.02491618364238717,-0.02491618364238717
2024-11,2025-02,3,US01,Events,1986978.21,2060857.34,73879.13000000012,0.03718165082444468,0.03718165082444468
2024-11,2025-02,3,US01,Hardware,5024694.01,4785665.06,-239028.9500000002,0.04757084700566676,-0.04757084700566676
2024-11,2025-02,3,US01,Software,920625.16,731698.85,-188926.31000000006,0.2052152365681599,-0.2052152365681599
2024-11,2025-03,4,DE01,Hardware,5044531.37,4650348.79,-394182.5800000001,0.07814057463181165,-0.07814057463181165
2024-11,2025-03,4,DE01,Software,750166.51,634523.13,-115643.38,0.1541569484353547,-0.1541569484353547
2024-11,2025-03,4,ES01,Events,1771646.13,2473120.41,701474.2800000003,0.39594491705857776,0.39594491705857776
2024-11,2025-03,4,ES01,Hardware,4581028.1,4463395.93,-117632.16999999993,0.025678115792391654,-0.025678115792391654
2024-11,2025-03,4,ES01,Spare Parts,1924143.48,1827006.34,-97137.1399999999,0.050483314269266395,-0.050483314269266395
2024-11,2025-03,4,JP01,Hardware,3071011.94,3047812.88,-23199.060000000056,0.00755420703444092,-0.00755420703444092
2024-11,2025-03,4,JP01,Software,600048.53,522299.09,-77749.44,0.12957191979122087,-0.12957191979122087
2024-11,2025-03,4,JP01,Spare Parts,2660137.21,2561584.24,-98552.96999999974,0.03704807768167708,-0.03704807768167708
2024-11,2025-03,4,US01,Events,2175443.6,2222229.73,46786.12999999989,0.021506478035100467,0.021506478035100467
2024-11,2025-03,4,US01,Hardware,5643557.42,5164576.28,-478981.13999999966,0.08487220105222207,-0.08487220105222207
2024-11,2025-03,4,US01,Software,925532.31,793950.2,-131582.1100000001,0.14216911563033396,-0.14216911563033396
2024-11,2025-04,5,DE01,Hardware,4804531.26,4757915.62,-46615.639999999665,0.00970243244915419,-0.00970243244915419
2024-11,2025-04,5,DE01,Software,761822.84,652750.42,-109072.41999999993,0.14317294556303922,-0.14317294556303922
2024-11,2025-04,5,ES01,Events,2047813.5299999998,2528279.58,480466.0500000003,0.23462392593919443,0.23462392593919443
2024-11,2025-04,5,ES01,Hardware,4490297.08,4566638.37,76341.29000000004,0.01700138958289148,0.01700138958289148
2024-11,2025-04,5,ES01,Spare Parts,1934873.53,1871509.38,-63364.15000000014,0.03274847116235041,-0.03274847116235041
2024-11,2025-04,5,JP01,Hardware,3179389.49,3118311.58,-61077.91000000015,0.019210578066042528,-0.019210578066042528
2024-11,2025-04,5,JP01,Software,618173.43,537302.64,-80870.79000000004,0.13082217072966082,-0.13082217072966082
2024-11,2025-04,5,JP01,Spare Parts,2685766.17,2623980.46,-61785.70999999996,0.023004873130857837,-0.023004873130857837
2024-11,2025-04,5,US01,Events,2207176.32,2271793.16,64616.84000000032,0.029275794332552608,0.029275794332552608
2024-11,2025-04,5,US01,Hardware,5414874.6,5284037.67,-130836.9299999997,0.024162504151065606,-0.024162504151065606
2024-11,2025-04,5,US01,Software,940565.21,816757.19,-123808.02000000002,0.13163151122716948,-0.13163151122716948
2024-11,2025-05,6,DE01,Hardware,5113897.66,4866061.75,-247835.91000000015,0.048463212695578295,-0.048463212695578295
2024-11,2025-05,6,DE01,Software,763763.57,671238.0,-92525.56999999995,0.12114425672332074,-0.12114425672332074
2024-11,2025-05,6,ES01,Events,2691589.14,2583655.49,-107933.6499999999,0.04010034384371156,-0.04010034384371156
2024-11,2025-05,6,ES01,Hardware,4691848.15,4670436.82,-21411.330000000075,0.004563517257053614,-0.004563517257053614
2024-11,2025-05,6,ES01,Spare Parts,1975457.31,1916344.72,-59112.590000000084,0.02992349654976856,-0.02992349654976856
2024-11,2025-05,6,JP01,Hardware,3268108.44,3189189.96,-78918.47999999998,0.02414806039912188,-0.02414806039912188
2024-11,2025-05,6,JP01,Software,616363.4,552520.44,-63842.96000000008,0.10358006331978842,-0.10358006331978842
2024-11,2025-05,6,JP01,Spare Parts,2734857.58,2686842.59,-48014.99000000022,0.017556669258075305,-0.017556669258075305
2024-11,2025-05,6,US01,Events,3069954.84,2321551.35,-748403.4899999998,0.24378322451153706,-0.24378322451153706
2024-11,2025-05,6,US01,Hardware,5637315.36,5404142.41,-233172.9500000002,0.041362410138431595,-0.041362410138431595
2024-11,2025-05,6,US01,Software,951877.53,839889.86,-111987.67000000004,0.11764924212466707,-0.11764924212466707
2024-11,2025-06,7,DE01,Hardware,5113854.93,4974789.62,-139065.3099999996,0.027193831640429347,-0.027193831640429347
2024-11,2025-06,7,DE01,Software,768954.13,689988.94,-78965.19000000006,0.10269167811089078,-0.10269167811089078
2024-11,2025-06,7,ES01,Events,3323926.6,2639248.8,-684677.8000000003,0.2059846327533226,-0.2059846327533226
2024-11,2025-06,7,ES01,Hardware,4808227.65,4774793.62,-33434.03000000026,0.006953503958990016,-0.006953503958990016
2024-11,2025-06,7,ES01,Spare Parts,2037961.34,1961514.32,-76447.02000000002,0.03751151628813529,-0.03751151628813529
2024-11,2025-06,7,JP01,Hardware,3267211.05,3260449.6,-6761.449999999721,0.0020694867569083794,-0.0020694867569083794
2024-11,2025-06,7,JP01,Software,635120.07,567955.03,-67165.03999999992,0.10575172030069831,-0.10575172030069831
2024-11,2025-06,7,JP01,Spare Parts,2823049.9,2750173.37,-72876.5299999998,0.025814821764220248,-0.025814821764220248
2024-11,2025-06,7,US01,Events,2256814.93,2371504.89,114689.95999999996,0.05081939084832266,0.05081939084832266
2024-11,2025-06,7,US01,Hardware,5719263.22,5524893.22,-194370.0,0.033985146779098585,-0.033985146779098585
2024-11,2025-06,7,US01,Software,962174.36,863352.08,-98822.28000000003,0.10270724736418878,-0.10270724736418878
2024-11,2025-07,8,DE01,Hardware,4722270.85,4513922.05,-208348.7999999998,0.044120468015933445,-0.044120468015933445
2024-11,2025-07,8,DE01,Software,770646.51,629491.63,-141154.88,0.18316423699888032,-0.18316423699888032
2024-11,2025-07,8,ES01,Events,3546902.57,2392810.44,-1154092.13,0.325380273978036,-0.325380273978036
2024-11,2025-07,8,ES01,Hardware,4357362.47,4332453.8,-24908.669999999925,0.00571645580818525,-0.00571645580818525
2024-11,2025-07,8,ES01,Spare Parts,1860477.6,1781933.8,-78543.80000000005,0.04221700922386813,-0.04221700922386813
2024-11,2025-07,8,JP01,Hardware,2913153.02,2958399.54,45246.52000000002,0.015531803406605815,0.015531803406605815
2024-11,2025-07,8,JP01,Software,638190.11,518157.49,-120032.62,0.18808285825676616,-0.18808285825676616
2024-11,2025-07,8,JP01,Spare Parts,2571194.41,2498389.54,-72804.87000000011,0.02831558349568756,-0.02831558349568756
2024-11,2025-07,8,US01,Events,1513970.65,2150066.96,636096.31,0.42015101811914257,0.42015101811914257
2024-11,2025-07,8,US01,Hardware,5224763.8,5013063.71,-211700.08999999985,0.04051859530951425,-0.04051859530951425
2024-11,2025-07,8,US01,Software,983710.2,787654.52,-196055.67999999993,0.19930227418603563,-0.19930227418603563
2024-11,2025-08,9,DE01,Hardware,4305816.89,4002715.89,-303100.99999999953,0.07039337894371062,-0.07039337894371062
2024-11,2025-08,9,DE01,Software,783265.11,561253.63,-222011.47999999998,0.28344359676636177,-0.28344359676636177
2024-11,2025-08,9,ES01,Events,1659616.36,2120106.27,460489.9099999999,0.27746768536314015,0.27746768536314015
2024-11,2025-08,9,ES01,Hardware,3706548.86,3841799.09,135250.22999999998,0.036489531126806724,0.036489531126806724
2024-11,2025-08,9,ES01,Spare Parts,1649564.19,1582023.83,-67540.35999999987,0.040944366038886834,-0.040944366038886834
2024-11,2025-08,9,JP01,Hardware,2264184.89,2623357.85,359172.95999999996,0.15863234561202286,0.15863234561202286
2024-11,2025-08,9,JP01,Software,658777.62,461988.3,-196789.32,0.29871889090585685,-0.29871889090585685
2024-11,2025-08,9,JP01,Spare Parts,2267916.03,2218102.49,-49813.53999999957,0.02196445518311345,-0.02196445518311345
2024-11,2025-08,9,US01,Events,1368544.87,1905027.82,536482.95,0.3920097628950959,0.3920097628950959
2024-11,2025-08,9,US01,Hardware,4496825.37,4445329.26,-51496.110000000335,0.011451658839934079,-0.011451658839934079
2024-11,2025-08,9,US01,Software,979283.84,702271.38,-277012.45999999996,0.2828724917997217,-0.2828724917997217
2024-11,2025-09,10,DE01,Hardware,5132921.29,4969970.91,-162950.3799999999,0.0317461287235129,-0.0317461287235129
2024-11,2025-09,10,DE01,Software,803407.79,700691.33,-102716.46000000008,0.12785096345655309,-0.12785096345655309
2024-11,2025-09,10,ES01,Events,2098177.43,2630300.33,532122.8999999999,0.25361196455153934,0.25361196455153934
2024-11,2025-09,10,ES01,Hardware,4752466.38,4770168.63,17702.25,0.0037248553876145464,0.0037248553876145464
2024-11,2025-09,10,ES01,Spare Parts,2061119.91,1966676.14,-94443.77000000002,0.04582157958970957,-0.04582157958970957
2024-11,2025-09,10,JP01,Hardware,3420851.08,3257291.45,-163559.6299999999,0.04781255488034863,-0.04781255488034863
2024-11,2025-09,10,JP01,Software,665617.74,576764.55,-88853.18999999994,0.13348981654244965,-0.13348981654244965
2024-11,2025-09,10,JP01,Spare Parts,2827480.22,2757410.58,-70069.64000000013,0.0247816552364777,-0.0247816552364777
2024-11,2025-09,10,US01,Events,3680310.3,2363464.21,-1316846.0899999999,0.3578084407719642,-0.3578084407719642
2024-11,2025-09,10,US01,Hardware,5710211.41,5519541.67,-190669.74000000022,0.03339101240036229,-0.03339101240036229
2024-11,2025-09,10,US01,Software,987656.78,876743.48,-110913.30000000005,0.11229943665247764,-0.11229943665247764
2024-11,2025-10,11,DE01,Hardware,5456597.86,5175940.71,-280657.1500000004,0.0514344573671772,-0.0514344573671772
2024-11,2025-10,11,DE01,Software,819095.4,733720.55,-85374.84999999998,0.10423065493958332,-0.10423065493958332
2024-11,2025-10,11,ES01,Events,3244030.3,2737092.1,-506938.1999999997,0.15626802252740973,-0.15626802252740973
2024-11,2025-10,11,ES01,Hardware,5042217.8,4967858.05,-74359.75,0.014747429196731644,-0.014747429196731644
2024-11,2025-10,11,ES01,Spare Parts,2137107.6,2050638.19,-86469.41000000015,0.040460952925346454,-0.040460952925346454
2024-11,2025-10,11,JP01,Hardware,3573820.2199999997,3392282.91,-181537.3099999996,0.050796430381156554,-0.050796430381156554
2024-11,2025-10,11,JP01,Software,678511.8099999999,603952.1,-74559.70999999996,0.10988712193528359,-0.10988712193528359
2024-11,2025-10,11,JP01,Spare Parts,2970043.07,2875130.94,-94912.12999999989,0.03195648270514807,-0.03195648270514807
2024-11,2025-10,11,US01,Events,2152138.58,2459422.27,307283.68999999994,0.14278062428489152,0.14278062428489152
2024-11,2025-10,11,US01,Hardware,5845785.48,5748287.24,-97498.24000000022,0.0166783814311298,-0.0166783814311298
2024-11,2025-10,11,US01,Software,1012386.25,918071.46,-94314.79000000004,0.09316087609842591,-0.09316087609842591
2024-11,2025-11,12,DE01,Hardware,5643282.3,5383052.17,-260230.1299999999,0.04611325752744992,-0.04611325752744992
2024-11,2025-11,12,DE01,Software,824405.33,767252.78,-57152.54999999993,0.06932578905087856,-0.06932578905087856
2024-11,2025-11,12,ES01,Events,3330726.18,2844312.66,-486413.52,0.14603827925596694,-0.14603827925596694
2024-11,2025-11,12,ES01,Hardware,5042528.53,5166643.24,124114.70999999996,0.02461358607325519,0.02461358607325519
2024-11,2025-11,12,ES01,Spare Parts,2246247.57,2135251.73,-110995.83999999985,0.04941389430195348,-0.04941389430195348
2024-11,2025-11,12,JP01,Hardware,3715131.39,3528022.62,-187108.77000000002,0.050363971111126705,-0.050363971111126705
2024-11,2025-11,12,JP01,Software,690835.74,631553.7,-59282.04000000004,0.08581206293698708,-0.08581206293698708
2024-11,2025-11,12,JP01,Spare Parts,3080239.12,2993764.75,-86474.37000000011,0.028073914599201673,-0.028073914599201673
2024-11,2025-11,12,US01,Events,2247091.5,2555765.62,308674.1200000001,0.13736606631283155,0.13736606631283155
2024-11,2025-11,12,US01,Hardware,6014569.7,5978300.73,-36268.96999999974,0.006030185334787913,-0.006030185334787913
2024-11,2025-11,12,US01,Software,1040772.17,960028.83,-80743.34000000008,0.07758022584327949,-0.07758022584327949
2024-11,2025-12,13,DE01,Hardware,5888462.87,5687712.07,-200750.7999999998,0.03409222481859681,-0.03409222481859681
2024-11,2025-12,13,DE01,Software,827130.13,815109.54,-12020.589999999967,0.014532888555274811,-0.014532888555274811
2024-11,2025-12,13,ES01,Events,2470654.47,3002859.23,532204.7599999998,0.2154104373809907,0.2154104373809907
2024-11,2025-12,13,ES01,Hardware,5478749.67,5459055.22,-19694.450000000186,0.0035946979121607115,-0.0035946979121607115
2024-11,2025-12,13,ES01,Spare Parts,2349745.46,2258805.53,-90939.93000000017,0.03870203455994768,-0.03870203455994768
2024-11,2025-12,13,JP01,Hardware,3812651.53,3727695.03,-84956.5,0.022282786489013332,-0.022282786489013332
2024-11,2025-12,13,JP01,Software,696583.87,670946.35,-25637.52000000002,0.03680464205982837,-0.03680464205982837
2024-11,2025-12,13,JP01,Spare Parts,3250211.08,3166995.38,-83215.70000000019,0.025603167902559787,-0.025603167902559787
2024-11,2025-12,13,US01,Events,2120276.55,2698228.12,577951.5700000003,0.2725831071423208,0.2725831071423208
2024-11,2025-12,13,US01,Hardware,6382523.77,6316649.39,-65874.37999999989,0.010321055177206162,-0.010321055177206162
2024-11,2025-12,13,US01,Software,1033741.14,1019909.85,-13831.290000000037,0.01337983897980498,-0.01337983897980498
2024-11,2026-01,14,DE01,Hardware,4361789.12,4253861.02,-107928.10000000056,0.024743997710737688,-0.024743997710737688
2024-11,2026-01,14,DE01,Software,824720.26,612957.22,-211763.04000000004,0.25676953783092465,-0.25676953783092465
2024-11,2026-01,14,ES01,Events,4029079.65,2244033.28,-1785046.37,0.4430407251939038,-0.4430407251939038
2024-11,2026-01,14,ES01,Hardware,3969315.91,4082847.72,113531.81000000006,0.02860236186139189,0.02860236186139189
2024-11,2026-01,14,ES01,Spare Parts,1730376.87,1691395.93,-38980.94000000018,0.02252742779669736,-0.02252742779669736
2024-11,2026-01,14,JP01,Hardware,2301293.04,2787956.98,486663.93999999994,0.21147412847518104,0.21147412847518104
2024-11,2026-01,14,JP01,Software,666552.84,504547.41,-162005.43,0.24304964329609638,-0.24304964329609638
2024-11,2026-01,14,JP01,Spare Parts,2397037.82,2371449.44,-25588.37999999989,0.01067500053044632,-0.01067500053044632
2024-11,2026-01,14,US01,Events,1694382.05,2016382.8,322000.75,0.1900402273501422,0.1900402273501422
2024-11,2026-01,14,US01,Hardware,4715868.51,4724245.58,8377.070000000298,0.0017763578399687609,0.0017763578399687609
2024-11,2026-01,14,US01,Software,1019508.7,766965.75,-252542.94999999995,0.2477104413135464,-0.2477104413135464
2024-11,2026-02,15,DE01,Hardware,4590563.92,4459985.85,-130578.0700000003,0.028444886570711404,-0.028444886570711404
2024-11,2026-02,15,DE01,Software,838223.83,646173.06,-192050.7699999999,0.22911633280576132,-0.22911633280576132
2024-11,2026-02,15,ES01,Events,2671339.66,2350867.24,-320472.4199999999,0.11996693074964489,-0.11996693074964489
2024-11,2026-02,15,ES01,Hardware,4158406.09,4280685.94,122279.85000000056,0.02940546145650738,0.02940546145650738
2024-11,2026-02,15,ES01,Spare Parts,1839318.77,1775481.75,-63837.02000000002,0.034706882265981565,-0.034706882265981565
2024-11,2026-02,15,JP01,Hardware,2845134.32,2923050.06,77915.74000000022,0.0273856103918497,0.0273856103918497
2024-11,2026-02,15,JP01,Software,688429.15,531888.57,-156540.58000000007,0.22738807617312554,-0.22738807617312554
2024-11,2026-02,15,JP01,Spare Parts,2545994.33,2489343.34,-56650.99000000022,0.022251027558258633,-0.022251027558258633
2024-11,2026-02,15,US01,Events,2126392.69,2112378.78,-14013.910000000149,0.006590461896292613,-0.006590461896292613
2024-11,2026-02,15,US01,Hardware,5150460.5,4953163.34,-197297.16000000015,0.03830670286666603,-0.03830670286666603
2024-11,2026-02,15,US01,Software,1031074.72,808527.23,-222547.49,0.2158403127175885,-0.2158403127175885
2024-11,2026-03,16,DE01,Hardware,5078909.1,4813111.0,-265798.0999999996,0.05233369898272045,-0.05233369898272045
2024-11,2026-03,16,DE01,Software,860159.24,701148.06,-159011.17999999993,0.1848624912754526,-0.1848624912754526
2024-11,2026-03,16,ES01,Events,4347630.29,2534948.42,-1812681.87,0.4169356060862296,-0.4169356060862296
2024-11,2026-03,16,ES01,Hardware,4575854.05,4619614.78,43760.73000000045,0.009563401612426962,0.009563401612426962
2024-11,2026-03,16,ES01,Spare Parts,2016743.57,1918356.66,-98386.91000000015,0.04878503715769881,-0.04878503715769881
2024-11,2026-03,16,JP01,Hardware,3265538.72,3154486.33,-111052.39000000013,0.03400737199037105,-0.03400737199037105
2024-11,2026-03,16,JP01,Software,727869.52,577140.5,-150729.02000000002,0.20708247269373228,-0.20708247269373228
2024-11,2026-03,16,JP01,Spare Parts,2806973.74,2689663.46,-117310.28000000026,0.04179243942624139,-0.04179243942624139
2024-11,2026-03,16,US01,Events,2052129.69,2277785.47,225655.78000000026,0.10996175392794023,0.10996175392794023
2024-11,2026-03,16,US01,Hardware,5641419.01,5345336.45,-296082.5599999996,0.05248370303201421,-0.05248370303201421
2024-11,2026-03,16,US01,Software,1086297.7,877314.97,-208982.72999999998,0.19238071663044118,-0.19238071663044118
2024-11,2026-04,17,DE01,Hardware,5292387.16,4924442.67,-367944.4900000002,0.06952335097117124,-0.06952335097117124
2024-11,2026-04,17,DE01,Software,883747.55,721289.21,-162458.34000000008,0.1838289000065687,-0.1838289000065687
2024-11,2026-04,17,ES01,Events,1899602.31,2591486.57,691884.2599999998,0.36422584683001347,0.36422584683001347
2024-11,2026-04,17,ES01,Hardware,4826801.56,4726470.71,-100330.84999999963,0.020786197392378327,-0.020786197392378327
2024-11,2026-04,17,ES01,Spare Parts,2107476.69,1965084.85,-142391.83999999985,0.06756508419554565,-0.06756508419554565
2024-11,2026-04,17,JP01,Hardware,3471706.0,3227452.49,-244253.50999999978,0.07035547076855003,-0.07035547076855003
2024-11,2026-04,17,JP01,Software,741056.59,593719.42,-147337.16999999993,0.1988204031759571,-0.1988204031759571
2024-11,2026-04,17,JP01,Spare Parts,2940055.28,2755179.49,-184875.78999999957,0.06288173942089946,-0.06288173942089946
2024-11,2026-04,17,US01,Events,2301375.69,2328587.99,27212.30000000028,0.01182436232304178,0.01182436232304178
2024-11,2026-04,17,US01,Hardware,6025098.71,5468978.99,-556119.7199999997,0.09230051601926365,-0.09230051601926365
2024-11,2026-04,17,US01,Software,1101695.33,902516.69,-199178.64000000013,0.18079285132306053,-0.18079285132306053
2024-11,2026-05,18,DE01,Hardware,5381249.6,5036373.91,-344875.6899999995,0.06408840244094968,-0.06408840244094968
2024-11,2026-05,18,DE01,Software,885391.85,741717.99,-143673.86,0.16227149594837584,-0.16227149594837584
2024-11,2026-05,18,ES01,Events,3489160.2399999998,2648246.88,-840913.3599999999,0.24100737775230408,-0.24100737775230408
2024-11,2026-05,18,ES01,Hardware,5134093.25,4833902.1,-300191.1500000004,0.058470139785637976,-0.058470139785637976
2024-11,2026-05,18,ES01,Spare Parts,2174342.11,2012161.96,-162180.1499999999,0.07458814749257646,-0.07458814749257646
2024-11,2026-05,18,JP01,Hardware,3584493.15,3300811.61,-283681.54000000004,0.07914132574085127,-0.07914132574085127
2024-11,2026-05,18,JP01,Software,748277.66,610535.09,-137742.57000000007,0.18407948995831314,-0.18407948995831314
2024-11,2026-05,18,JP01,Spare Parts,3019944.0,2821184.72,-198759.2799999998,0.06581555154665113,-0.06581555154665113
2024-11,2026-05,18,US01,Events,1834312.06,2379590.13,545278.0699999998,0.29726570625065823,0.29726570625065823
2024-11,2026-05,18,US01,Hardware,5861610.25,5593287.39,-268322.86000000034,0.04577630523967374,-0.04577630523967374
2024-11,2026-05,18,US01,Software,1100147.2,928078.3,-172068.8999999999,0.156405342848666,-0.156405342848666
2024-11,2026-06,19,DE01,Hardware,5375821.92,5148907.26,-226914.66000000015,0.0422102263387475,-0.0422102263387475
2024-11,2026-06,19,DE01,Software,913395.84,762437.78,-150958.05999999994,0.1652712366196018,-0.1652712366196018
2024-11,2026-06,19,ES01,Events,2432535.35,2705230.02,272694.6699999999,0.11210306563479125,0.11210306563479125
2024-11,2026-06,19,ES01,Hardware,5025591.43,4941911.39,-83680.04000000004,0.016650784522688516,-0.016650784522688516
2024-11,2026-06,19,ES01,Spare Parts,2201176.53,2059590.04,-141586.48999999976,0.06432309633975598,-0.06432309633975598
2024-11,2026-06,19,JP01,Hardware,3639861.9,3374565.34,-265296.56000000006,0.07288643560899936,-0.07288643560899936
2024-11,2026-06,19,JP01,Software,761159.52,627590.3,-133569.21999999997,0.17548124471989784,-0.17548124471989784
2024-11,2026-06,19,JP01,Spare Parts,3033019.12,2887682.04,-145337.08000000007,0.04791828677954396,-0.04791828677954396
2024-11,2026-06,19,US01,Events,1106838.42,2430792.51,1323954.0899999999,1.1961584148840803,1.1961584148840803
2024-11,2026-06,19,US01,Hardware,5969717.7700000005,5718264.48,-251453.29000000004,0.04212147034213981,-0.04212147034213981
2024-11,2026-06,19,US01,Software,1130166.27,954004.04,-176162.22999999998,0.15587284338259358,-0.15587284338259358
2024-11,2026-07,20,DE01,Hardware,5009268.27,4671909.32,-337358.94999999925,0.06734695205293911,-0.06734695205293911
2024-11,2026-07,20,DE01,Software,899460.19,695588.25,-203871.93999999994,0.2266603261229382,-0.2266603261229382
2024-11,2026-07,20,ES01,Events,3033738.22,2452630.7,-581107.52,0.1915483399882802,-0.1915483399882802
2024-11,2026-07,20,ES01,Hardware,4727054.36,4484089.68,-242964.68000000063,0.05139874888174559,-0.05139874888174559
2024-11,2026-07,20,ES01,Spare Parts,2008950.68,1871030.49,-137920.18999999994,0.0686528501535936,-0.0686528501535936
2024-11,2026-07,20,JP01,Hardware,3142643.03,3061943.53,-80699.5,0.025678863055598144,-0.025678863055598144
2024-11,2026-07,20,JP01,Software,739957.45,572564.02,-167393.42999999993,0.22622034550770445,-0.22622034550770445
2024-11,2026-07,20,JP01,Spare Parts,2790693.87,2623309.02,-167384.8500000001,0.059979653017262005,-0.059979653017262005
2024-11,2026-07,20,US01,Events,2810554.0,2203818.63,-606735.3700000001,0.21587749959616506,-0.21587749959616506
2024-11,2026-07,20,US01,Hardware,5368735.5,5188520.94,-180214.5599999996,0.03356741266169652,-0.03356741266169652
2024-11,2026-07,20,US01,Software,1132865.88,870358.24,-262507.6399999999,0.231719963178695,-0.231719963178695
2024-11,2026-08,21,DE01,Hardware,4959088.61,4142810.94,-816277.6700000004,0.16460235623819602,-0.16460235623819602
2024-11,2026-08,21,DE01,Software,917130.34,620185.26,-296945.07999999996,0.3237763129720471,-0.3237763129720471
2024-11,2026-08,21,ES01,Events,3285979.84,2173108.93,-1112870.9099999997,0.33867247037035986,-0.33867247037035986
2024-11,2026-08,21,ES01,Hardware,4556218.7,3976262.06,-579956.6400000001,0.12728902587577723,-0.12728902587577723
2024-11,2026-08,21,ES01,Spare Parts,1868999.55,1661125.02,-207874.53000000003,0.11122235422689108,-0.11122235422689108
2024-11,2026-08,21,JP01,Hardware,2819534.27,2715175.38,-104358.89000000013,0.03701281133922878,-0.03701281133922878
2024-11,2026-08,21,JP01,Software,776565.13,510497.08,-266068.05,0.34262168068246895,-0.34262168068246895
2024-11,2026-08,21,JP01,Spare Parts,2596342.8,2329007.61,-267335.18999999994,0.10296606056796505,-0.10296606056796505
2024-11,2026-08,21,US01,Events,3051386.78,1952653.51,-1098733.2699999998,0.36007669601295184,-0.36007669601295184
2024-11,2026-08,21,US01,Hardware,5173236.29,4600915.78,-572320.5099999998,0.11063103982052978,-0.11063103982052978
2024-11,2026-08,21,US01,Software,1148086.16,776009.88,-372076.2799999999,0.32408393460644097,-0.32408393460644097
2024-11,2026-09,22,DE01,Hardware,6069665.33,5143919.9,-925745.4299999997,0.15252001217009434,-0.15252001217009434
2024-11,2026-09,22,DE01,Software,948116.76,774263.91,-173852.84999999998,0.18336649802499005,-0.18336649802499005
2024-11,2026-09,22,ES01,Events,4042369.35,2696057.84,-1346311.5100000002,0.33305009845278,-0.33305009845278
2024-11,2026-09,22,ES01,Hardware,5537028.63,4937124.53,-599904.0999999996,0.1083440487827132,-0.1083440487827132
2024-11,2026-09,22,ES01,Spare Parts,2347978.79,2065009.95,-282968.8400000001,0.12051592680698793,-0.12051592680698793
2024-11,2026-09,22,JP01,Hardware,4084597.49,3371296.65,-713300.8400000003,0.17463185583067092,-0.17463185583067092
2024-11,2026-09,22,JP01,Software,799035.7,637324.82,-161710.88,0.20238254686242432,-0.20238254686242432
2024-11,2026-09,22,JP01,Spare Parts,3296065.24,2895281.11,-400784.13000000035,0.12159472001227753,-0.12159472001227753
2024-11,2026-09,22,US01,Events,2597468.57,2422550.82,-174917.75,0.06734162330980582,-0.06734162330980582
2024-11,2026-09,22,US01,Hardware,6672882.34,5712725.63,-960156.71,0.1438893511195943,-0.1438893511195943
2024-11,2026-09,22,US01,Software,1211429.73,968801.55,-242628.17999999993,0.20028250421095406,-0.20028250421095406
2024-12,2025-01,1,DE01,Hardware,4346465.42,4117405.24,-229060.1799999997,0.05270033414875292,-0.05270033414875292
2024-12,2025-01,1,DE01,Software,730802.6,540532.49,-190270.11,0.26035773545414315,-0.26035773545414315
2024-12,2025-01,1,ES01,Events,2528238.4,2227276.38,-300962.02,0.11904020601854637,-0.11904020601854637
2024-12,2025-01,1,ES01,Hardware,3735081.48,3888940.48,153859.0,0.041192943399992445,0.041192943399992445
2024-12,2025-01,1,ES01,Spare Parts,1647022.14,1619085.74,-27936.399999999907,0.0169617634891052,-0.0169617634891052
2024-12,2025-01,1,JP01,Hardware,2307558.84,2714454.43,406895.5900000003,0.17633162064894534,0.17633162064894534
2024-12,2025-01,1,JP01,Software,598285.56,441366.27,-156919.29000000004,0.2622815934250528,-0.2622815934250528
2024-12,2025-01,1,JP01,Spare Parts,2311810.7399999998,2260479.52,-51331.21999999974,0.0222039023834623,-0.0222039023834623
2024-12,2025-01,1,US01,Events,2553570.29,1748949.07,-804621.22,0.3150965623115861,-0.3150965623115861
2024-12,2025-01,1,US01,Hardware,4843942.49,4572947.67,-270994.8200000003,0.05594509442658562,-0.05594509442658562
2024-12,2025-01,1,US01,Software,922508.64,675151.17,-247357.46999999997,0.26813566754236573,-0.26813566754236573
2024-12,2025-02,2,DE01,Hardware,4671905.56,4316917.98,-354987.57999999914,0.07598346658360089,-0.07598346658360089
2024-12,2025-02,2,DE01,Software,732179.75,569823.67,-162356.07999999996,0.22174347214601328,-0.22174347214601328
2024-12,2025-02,2,ES01,Events,2673720.76,2333312.57,-340408.18999999994,0.1273162833952787,-0.1273162833952787
2024-12,2025-02,2,ES01,Hardware,3932186.89,4077382.75,145195.85999999987,0.0369249641641524,0.0369249641641524
2024-12,2025-02,2,ES01,Spare Parts,1744113.25,1699576.74,-44536.51000000001,0.025535331492952083,-0.025535331492952083
2024-12,2025-02,2,JP01,Hardware,2538483.48,2845985.87,307502.39000000013,0.1211362580937498,0.1211362580937498
2024-12,2025-02,2,JP01,Software,606867.23,465283.68,-141583.55,0.23330234852193288,-0.23330234852193288
2024-12,2025-02,2,JP01,Spare Parts,2431383.99,2372856.67,-58527.3200000003,0.024071607052080776,-0.024071607052080776
2024-12,2025-02,2,US01,Events,1986978.21,1832213.06,-154765.1499999999,0.07788970670191693,-0.07788970670191693
2024-12,2025-02,2,US01,Hardware,5024694.01,4794534.14,-230159.8700000001,0.045805748477806336,-0.045805748477806336
2024-12,2025-02,2,US01,Software,920625.16,711737.26,-208887.90000000002,0.22689788317321244,-0.22689788317321244
2024-12,2025-03,3,DE01,Hardware,5044531.37,4658715.54,-385815.8300000001,0.07648199638413589,-0.07648199638413589
2024-12,2025-03,3,DE01,Software,750166.51,618303.03,-131863.47999999998,0.17577894806314398,-0.17577894806314398
2024-12,2025-03,3,ES01,Events,1771646.13,2516019.16,744373.0300000003,0.4201589794910117,0.4201589794910117
2024-12,2025-03,3,ES01,Hardware,4581028.1,4400214.8,-180813.2999999998,0.03947002638992759,-0.03947002638992759
2024-12,2025-03,3,ES01,Spare Parts,1924143.48,1836343.5,-87799.97999999998,0.04563068238549445,-0.04563068238549445
2024-12,2025-03,3,JP01,Hardware,3071011.94,3071320.48,308.54000000003725,0.00010046851201758507,0.00010046851201758507
2024-12,2025-03,3,JP01,Software,600048.53,504869.01,-95179.52000000002,0.15861970364297037,-0.15861970364297037
2024-12,2025-03,3,JP01,Spare Parts,2660137.21,2563802.99,-96334.21999999974,0.03621400416409338,-0.03621400416409338
2024-12,2025-03,3,US01,Events,2175443.6,1975681.79,-199761.81000000006,0.09182578210715278,-0.09182578210715278
2024-12,2025-03,3,US01,Hardware,5643557.42,5174147.58,-469409.83999999985,0.08317623177474463,-0.08317623177474463
2024-12,2025-03,3,US01,Software,925532.31,772290.32,-153241.9900000001,0.16557173460535385,-0.16557173460535385
2024-12,2025-04,4,DE01,Hardware,4804531.26,4766475.9,-38055.359999999404,0.007920722738725485,-0.007920722738725485
2024-12,2025-04,4,DE01,Software,761822.84,636064.38,-125758.45999999996,0.16507572810497512,-0.16507572810497512
2024-12,2025-04,4,ES01,Events,2047813.5299999998,2572135.12,524321.5900000003,0.25603971373311535,0.25603971373311535
2024-12,2025-04,4,ES01,Hardware,4490297.08,4501995.8,11698.71999999974,0.002605333186551599,0.002605333186551599
2024-12,2025-04,4,ES01,Spare Parts,1934873.53,1881073.98,-53799.55000000005,0.027805202337953347,-0.027805202337953347
2024-12,2025-04,4,JP01,Hardware,3179389.49,3142362.94,-37026.55000000028,0.0116458049938387,-0.0116458049938387
2024-12,2025-04,4,JP01,Software,618173.43,519371.86,-98801.57000000007,0.1598282378458098,-0.1598282378458098
2024-12,2025-04,4,JP01,Spare Parts,2685766.17,2626253.25,-59512.919999999925,0.022158637883207804,-0.022158637883207804
2024-12,2025-04,4,US01,Events,2207176.32,2019746.34,-187429.97999999975,0.08491844457628096,-0.08491844457628096
2024-12,2025-04,4,US01,Hardware,5414874.6,5293830.36,-121044.23999999929,0.022354024597356196,-0.022354024597356196
2024-12,2025-04,4,US01,Software,940565.21,794475.11,-146090.09999999998,0.1553216071004795,-0.1553216071004795
2024-12,2025-05,5,DE01,Hardware,5113897.66,4874816.6,-239081.06000000052,0.04675124061829593,-0.04675124061829593
2024-12,2025-05,5,DE01,Software,763763.57,654079.37,-109684.19999999995,0.14361014888416315,-0.14361014888416315
2024-12,2025-05,5,ES01,Events,2691589.14,2628471.58,-63117.560000000056,0.023449923713096885,-0.023449923713096885
2024-12,2025-05,5,ES01,Hardware,4691848.15,4604324.94,-87523.20999999996,0.018654314291906476,-0.018654314291906476
2024-12,2025-05,5,ES01,Spare Parts,1975457.31,1926138.45,-49318.8600000001,0.024965793869774943,-0.024965793869774943
2024-12,2025-05,5,JP01,Hardware,3268108.44,3213787.99,-54320.44999999972,0.01662137318797161,-0.01662137318797161
2024-12,2025-05,5,JP01,Software,616363.4,534081.81,-82281.58999999997,0.13349525620762032,-0.13349525620762032
2024-12,2025-05,5,JP01,Spare Parts,2734857.58,2689169.82,-45687.76000000024,0.016705718182224407,-0.016705718182224407
2024-12,2025-05,5,US01,Events,3069954.84,2063984.05,-1005970.7899999998,0.3276826020020542,-0.3276826020020542
2024-12,2025-05,5,US01,Hardware,5637315.36,5414157.69,-223157.66999999993,0.03958580560942752,-0.03958580560942752
2024-12,2025-05,5,US01,Software,951877.53,816976.7,-134900.83000000007,0.14172078418533535,-0.14172078418533535
2024-12,2025-06,6,DE01,Hardware,5113854.93,4983740.09,-130114.83999999985,0.02544359231559192,-0.02544359231559192
2024-12,2025-06,6,DE01,Software,768954.13,672350.99,-96603.14000000001,0.12562926217718606,-0.12562926217718606
2024-12,2025-06,6,ES01,Events,3323926.6,2685029.21,-638897.3900000001,0.1922116420982341,-0.1922116420982341
2024-12,2025-06,6,ES01,Hardware,4808227.65,4707204.53,-101023.12000000011,0.02101046941901765,-0.02101046941901765
2024-12,2025-06,6,ES01,Spare Parts,2037961.34,1971538.9,-66422.44000000018,0.03259259078977434,-0.03259259078977434
2024-12,2025-06,6,JP01,Hardware,3267211.05,3285597.26,18386.209999999963,0.005627493822292246,0.005627493822292246
2024-12,2025-06,6,JP01,Software,635120.07,549001.32,-86118.75,0.13559443964666398,-0.13559443964666398
2024-12,2025-06,6,JP01,Spare Parts,2823049.9,2752555.46,-70494.43999999994,0.024971021589097645,-0.024971021589097645
2024-12,2025-06,6,US01,Events,2256814.93,2108395.43,-148419.5,0.06576502930171593,-0.06576502930171593
2024-12,2025-06,6,US01,Hardware,5719263.22,5535132.28,-184130.93999999948,0.03219487072322569,-0.03219487072322569
2024-12,2025-06,6,US01,Software,962174.36,839798.83,-122375.53000000003,0.12718643843305077,-0.12718643843305077
2024-12,2025-07,7,DE01,Hardware,4722270.85,4522043.34,-200227.50999999978,0.042400683137435835,-0.042400683137435835
2024-12,2025-07,7,DE01,Software,770646.51,613400.15,-157246.36,0.20404473122184125,-0.20404473122184125
2024-12,2025-07,7,ES01,Events,3546902.57,2434316.13,-1112586.44,0.3136783201800776,-0.3136783201800776
2024-12,2025-07,7,ES01,Hardware,4357362.47,4271126.21,-86236.25999999978,0.01979093100326808,-0.01979093100326808
2024-12,2025-07,7,ES01,Spare Parts,1860477.6,1791040.6,-69437.0,0.03732213706846027,-0.03732213706846027
2024-12,2025-07,7,JP01,Hardware,2913153.02,2981217.51,68064.48999999976,0.02336454334280036,0.02336454334280036
2024-12,2025-07,7,JP01,Software,638190.11,500865.61,-137324.5,0.21517804467386686,-0.21517804467386686
2024-12,2025-07,7,JP01,Spare Parts,2571194.41,2500553.55,-70640.86000000034,0.027473947409523317,-0.027473947409523317
2024-12,2025-07,7,US01,Events,1513970.65,1911525.2,397554.55000000005,0.26259065854414027,0.26259065854414027
2024-12,2025-07,7,US01,Hardware,5224763.8,5022354.21,-202409.58999999985,0.03874042880177662,-0.03874042880177662
2024-12,2025-07,7,US01,Software,983710.2,766166.39,-217543.80999999994,0.22114623798756985,-0.22114623798756985
2024-12,2025-08,8,DE01,Hardware,4305816.89,4009917.44,-295899.4499999997,0.06872086239598539,-0.06872086239598539
2024-12,2025-08,8,DE01,Software,783265.11,546906.5,-236358.61,0.30176067717353067,-0.30176067717353067
2024-12,2025-08,8,ES01,Events,1659616.36,2156881.64,497265.28,0.2996266438347233,0.2996266438347233
2024-12,2025-08,8,ES01,Hardware,3706548.86,3787416.92,80868.06000000006,0.02181761607750668,0.02181761607750668
2024-12,2025-08,8,ES01,Spare Parts,1649564.19,1590108.97,-59455.21999999997,0.03604298660241889,-0.03604298660241889
2024-12,2025-08,8,JP01,Hardware,2264184.89,2643591.66,379406.77,0.16756881104351862,0.16756881104351862
2024-12,2025-08,8,JP01,Software,658777.62,446570.9,-212206.71999999997,0.32212193243601683,-0.32212193243601683
2024-12,2025-08,8,JP01,Spare Parts,2267916.03,2220023.72,-47892.30999999959,0.02111732064436248,-0.02111732064436248
2024-12,2025-08,8,US01,Events,1368544.87,1693672.22,325127.34999999986,0.23757156752923989,0.23757156752923989
2024-12,2025-08,8,US01,Hardware,4496825.37,4453567.6,-43257.770000000484,0.00961962416610376,-0.00961962416610376
2024-12,2025-08,8,US01,Software,979283.84,683112.61,-296171.23,0.30243655404341196,-0.30243655404341196
2024-12,2025-09,9,DE01,Hardware,5132921.29,4978912.72,-154008.5700000003,0.030004077853295955,-0.030004077853295955
2024-12,2025-09,9,DE01,Software,803407.79,682779.79,-120628.0,0.15014541992429523,-0.15014541992429523
2024-12,2025-09,9,ES01,Events,2098177.43,2675925.52,577748.0899999999,0.27535711791542805,0.27535711791542805
2024-12,2025-09,9,ES01,Hardware,4752466.38,4702645.02,-49821.360000000335,0.0104832640604604,-0.0104832640604604
2024-12,2025-09,9,ES01,Spare Parts,2061119.91,1976727.1,-84392.80999999982,0.04094512385744691,-0.04094512385744691
2024-12,2025-09,9,JP01,Hardware,3420851.08,3282414.75,-138436.33000000007,0.04046838835205889,-0.04046838835205889
2024-12,2025-09,9,JP01,Software,665617.74,557516.85,-108100.89000000001,0.16240686433627807,-0.16240686433627807
2024-12,2025-09,9,JP01,Spare Parts,2827480.22,2759798.94,-67681.28000000026,0.02393695967217067,-0.02393695967217067
2024-12,2025-09,9,US01,Events,3680310.3,2101246.84,-1579063.46,0.42905715314276627,-0.42905715314276627
2024-12,2025-09,9,US01,Hardware,5710211.41,5529770.81,-180440.60000000056,0.03159963564291231,-0.03159963564291231
2024-12,2025-09,9,US01,Software,987656.78,852824.91,-134831.87,0.1365169284819773,-0.1365169284819773
2024-12,2025-10,10,DE01,Hardware,5456597.86,5185253.08,-271344.78000000026,0.04972783169328154,-0.04972783169328154
2024-12,2025-10,10,DE01,Software,819095.4,714964.7,-104130.70000000007,0.12712890342199465,-0.12712890342199465
2024-12,2025-10,10,ES01,Events,3244030.3,2784569.7,-459460.5999999996,0.1416326475125709,-0.1416326475125709
2024-12,2025-10,10,ES01,Hardware,5042217.8,4897536.06,-144681.74000000022,0.028694067915908002,-0.028694067915908002
2024-12,2025-10,10,ES01,Spare Parts,2137107.6,2061118.24,-75989.3600000001,0.03555710531374279,-0.03555710531374279
2024-12,2025-10,10,JP01,Hardware,3573820.2199999997,3418447.39,-155372.8299999996,0.043475278675321735,-0.043475278675321735
2024-12,2025-10,10,JP01,Software,678511.8099999999,583797.1,-94714.70999999996,0.139591837023441,-0.139591837023441
2024-12,2025-10,10,JP01,Spare Parts,2970043.07,2877621.27,-92421.79999999981,0.031117999915065142,-0.031117999915065142
2024-12,2025-10,10,US01,Events,2152138.58,2186558.72,34420.14000000013,0.0159934589342291,0.0159934589342291
2024-12,2025-10,10,US01,Hardware,5845785.48,5758940.31,-86845.17000000086,0.014856030946931165,-0.014856030946931165
2024-12,2025-10,10,US01,Software,1012386.25,893025.41,-119360.83999999997,0.117900494993882,-0.117900494993882
2024-12,2025-11,11,DE01,Hardware,5643282.3,5392737.17,-250545.1299999999,0.04439705771940558,-0.04439705771940558
2024-12,2025-11,11,DE01,Software,824405.33,747639.76,-76765.56999999995,0.09311629511177463,-0.09311629511177463
2024-12,2025-11,11,ES01,Events,3330726.18,2893650.1,-437076.0800000001,0.13122546146978675,-0.13122546146978675
2024-12,2025-11,11,ES01,Hardware,5042528.53,5093507.37,50978.83999999985,0.01010977720734876,0.01010977720734876
2024-12,2025-11,11,ES01,Spare Parts,2246247.57,2146164.21,-100083.35999999987,0.044555801122135384,-0.044555801122135384
2024-12,2025-11,11,JP01,Hardware,3715131.39,3555234.05,-159897.34000000032,0.04303948453354709,-0.04303948453354709
2024-12,2025-11,11,JP01,Software,690835.74,610477.59,-80358.15000000002,0.1163201979098534,-0.1163201979098534
2024-12,2025-11,11,JP01,Spare Parts,3080239.12,2996357.83,-83881.29000000004,0.027232070865978755,-0.027232070865978755
2024-12,2025-11,11,US01,Events,2247091.5,2272213.14,25121.64000000013,0.011179624861737998,0.011179624861737998
2024-12,2025-11,11,US01,Hardware,6014569.7,5989380.07,-25189.62999999989,0.0041881017689428205,-0.0041881017689428205
2024-12,2025-11,11,US01,Software,1040772.17,933838.14,-106934.03000000003,0.10274489756965736,-0.10274489756965736
2024-12,2025-12,12,DE01,Hardware,5888462.87,5697945.2,-190517.66999999993,0.032354397778515655,-0.032354397778515655
2024-12,2025-12,12,DE01,Software,827130.13,794273.18,-32856.94999999995,0.03972403955348592,-0.03972403955348592
2024-12,2025-12,12,ES01,Events,2470654.47,3054946.83,584292.3599999999,0.23649294836440637,0.23649294836440637
2024-12,2025-12,12,ES01,Hardware,5478749.67,5381780.15,-96969.51999999955,0.017699206176726004,-0.017699206176726004
2024-12,2025-12,12,ES01,Spare Parts,2349745.46,2270349.45,-79396.00999999978,0.033789196043387516,-0.033789196043387516
2024-12,2025-12,12,JP01,Hardware,3812651.53,3756446.52,-56205.00999999978,0.014741711787124636,-0.014741711787124636
2024-12,2025-12,12,JP01,Software,696583.87,648555.63,-48028.23999999999,0.06894825170155029,-0.06894825170155029
2024-12,2025-12,12,JP01,Spare Parts,3250211.08,3169738.51,-80472.5700000003,0.024759182717449937,-0.024759182717449937
2024-12,2025-12,12,US01,Events,2120276.55,2398869.97,278593.4200000004,0.13139485035572385,0.13139485035572385
2024-12,2025-12,12,US01,Hardware,6382523.77,6328355.78,-54167.98999999929,0.00848692334756464,-0.00848692334756464
2024-12,2025-12,12,US01,Software,1033741.14,992085.53,-41655.609999999986,0.04029597777253983,-0.04029597777253983
2024-12,2026-01,13,DE01,Hardware,4361789.12,4261514.42,-100274.70000000019,0.022989350755224083,-0.022989350755224083
2024-12,2026-01,13,DE01,Software,824720.26,597288.41,-227431.84999999998,0.27576847693786494,-0.27576847693786494
2024-12,2026-01,13,ES01,Events,4029079.65,2282958.29,-1746121.3599999999,0.4333797074475805,-0.4333797074475805
2024-12,2026-01,13,ES01,Hardware,3969315.91,4025053.4,55737.48999999976,0.014042089685927708,0.014042089685927708
2024-12,2026-01,13,ES01,Spare Parts,1730376.87,1700040.03,-30336.840000000084,0.01753192644097241,-0.01753192644097241
2024-12,2026-01,13,JP01,Hardware,2301293.04,2809460.33,508167.29000000004,0.22081815795175744,0.22081815795175744
2024-12,2026-01,13,JP01,Software,666552.84,487709.73,-178843.11,0.2683104763307287,-0.2683104763307287
2024-12,2026-01,13,JP01,Spare Parts,2397037.82,2373503.5,-23534.319999999832,0.009818084555712115,-0.009818084555712115
2024-12,2026-01,13,US01,Events,1694382.05,1792672.8,98290.75,0.05800979182941651,0.05800979182941651
2024-12,2026-01,13,US01,Hardware,4715868.51,4733000.83,17132.320000000298,0.0036329087555497385,0.0036329087555497385
2024-12,2026-01,13,US01,Software,1019508.7,746042.04,-273466.6599999999,0.26823376789231906,-0.26823376789231906
2024-12,2026-02,14,DE01,Hardware,4590563.92,4468010.11,-122553.80999999959,0.02669689653292086,-0.02669689653292086
2024-12,2026-02,14,DE01,Software,838223.83,629655.15,-208568.67999999993,0.24882217915470137,-0.24882217915470137
2024-12,2026-02,14,ES01,Events,2671339.66,2391645.39,-279694.27,0.10470187456431504,-0.10470187456431504
2024-12,2026-02,14,ES01,Hardware,4158406.09,4220091.14,61685.049999999814,0.014833820618995826,0.014833820618995826
2024-12,2026-02,14,ES01,Spare Parts,1839318.77,1784555.58,-54763.189999999944,0.02977362646062702,-0.02977362646062702
2024-12,2026-02,14,JP01,Hardware,2845134.32,2945595.37,100461.05000000028,0.03530977405664288,0.03530977405664288
2024-12,2026-02,14,JP01,Software,688429.15,514138.47,-174290.68000000005,0.2531715573054977,-0.2531715573054977
2024-12,2026-02,14,JP01,Spare Parts,2545994.33,2491499.51,-54494.8200000003,0.02140414036193093,-0.02140414036193093
2024-12,2026-02,14,US01,Events,2126392.69,1878018.38,-248374.31000000006,0.11680547585027677,-0.11680547585027677
2024-12,2026-02,14,US01,Hardware,5150460.5,4962342.84,-188117.66000000015,0.036524435048089415,-0.036524435048089415
2024-12,2026-02,14,US01,Software,1031074.72,786469.67,-244605.04999999993,0.237233097907783,-0.237233097907783
2024-12,2026-03,15,DE01,Hardware,5078909.1,4821770.58,-257138.51999999955,0.050628691110065266,-0.050628691110065266
2024-12,2026-03,15,DE01,Software,860159.24,683224.85,-176934.39,0.20569957488336696,-0.20569957488336696
2024-12,2026-03,15,ES01,Events,4347630.29,2578919.64,-1768710.65,0.40682177002681613,-0.40682177002681613
2024-12,2026-03,15,ES01,Hardware,4575854.05,4554222.32,-21631.729999999516,0.004727364501496615,-0.004727364501496615
2024-12,2026-03,15,ES01,Spare Parts,2016743.57,1928160.67,-88582.90000000014,0.04392372997624092,-0.04392372997624092
2024-12,2026-03,15,JP01,Hardware,3265538.72,3178816.7,-86722.02000000002,0.02655672690967205,-0.02655672690967205
2024-12,2026-03,15,JP01,Software,727869.52,557880.26,-169989.26,0.23354358896633012,-0.23354358896633012
2024-12,2026-03,15,JP01,Spare Parts,2806973.74,2691993.13,-114980.61000000034,0.04096248153714482,-0.04096248153714482
2024-12,2026-03,15,US01,Events,2052129.69,2025073.83,-27055.85999999987,0.013184283689204785,-0.013184283689204785
2024-12,2026-03,15,US01,Hardware,5641419.01,5355242.75,-286176.2599999998,0.05072770866562521,-0.05072770866562521
2024-12,2026-03,15,US01,Software,1086297.7,853380.81,-232916.8899999999,0.21441349825190636,-0.21441349825190636
2024-12,2026-04,16,DE01,Hardware,5292387.16,4933302.56,-359084.60000000056,0.06784926898658725,-0.06784926898658725
2024-12,2026-04,16,DE01,Software,883747.55,702851.14,-180896.41000000003,0.20469240339053843,-0.20469240339053843
2024-12,2026-04,16,ES01,Events,1899602.31,2636438.49,736836.1800000002,0.3878897051878191,0.3878897051878191
2024-12,2026-04,16,ES01,Hardware,4826801.56,4659565.65,-167235.90999999922,0.03464735558757863,-0.03464735558757863
2024-12,2026-04,16,ES01,Spare Parts,2107476.69,1975127.67,-132349.02000000002,0.06279975509480014,-0.06279975509480014
2024-12,2026-04,16,JP01,Hardware,3471706.0,3252345.64,-219360.35999999987,0.06318517754671618,-0.06318517754671618
2024-12,2026-04,16,JP01,Software,741056.59,573905.91,-167150.67999999993,0.22555724118181034,-0.22555724118181034
2024-12,2026-04,16,JP01,Spare Parts,2940055.28,2757565.91,-182489.36999999965,0.06207004719992872,-0.06207004719992872
2024-12,2026-04,16,US01,Events,2301375.69,2070240.0,-231135.68999999994,0.10043370624115698,-0.10043370624115698
2024-12,2026-04,16,US01,Hardware,6025098.71,5479114.42,-545984.29,0.09061831453380455,-0.09061831453380455
2024-12,2026-04,16,US01,Software,1101695.33,877895.0,-223800.33000000007,0.20314176152493998,-0.20314176152493998
2024-12,2026-05,17,DE01,Hardware,5381249.6,5045435.19,-335814.4099999992,0.06240454075945469,-0.06240454075945469
2024-12,2026-05,17,DE01,Software,885391.85,722757.7,-162634.15000000002,0.18368607074935242,-0.18368607074935242
2024-12,2026-05,17,ES01,Events,3489160.2399999998,2694183.37,-794976.8699999996,0.22784189183584178,-0.22784189183584178
2024-12,2026-05,17,ES01,Hardware,5134093.25,4765476.32,-368616.9299999997,0.07179786420903042,-0.07179786420903042
2024-12,2026-05,17,ES01,Spare Parts,2174342.11,2022445.37,-151896.73999999976,0.06985871234402932,-0.06985871234402932
2024-12,2026-05,17,JP01,Hardware,3584493.15,3326270.57,-258222.58000000007,0.07203879856765805,-0.07203879856765805
2024-12,2026-05,17,JP01,Software,748277.66,590160.4,-158117.26,0.2113082729210438,-0.2113082729210438
2024-12,2026-05,17,JP01,Spare Parts,3019944.0,2823628.31,-196315.68999999994,0.06500640078094161,-0.06500640078094161
2024-12,2026-05,17,US01,Events,1834312.06,2115583.65,281271.58999999985,0.15333900710438542,0.15333900710438542
2024-12,2026-05,17,US01,Hardware,5861610.25,5603653.2,-257957.0499999998,0.04400788162263088,-0.04400788162263088
2024-12,2026-05,17,US01,Software,1100147.2,902759.25,-197387.94999999995,0.1794195813069378,-0.1794195813069378
2024-12,2026-06,18,DE01,Hardware,5375821.92,5158171.0,-217650.91999999993,0.04048700333436639,-0.04048700333436639
2024-12,2026-06,18,DE01,Software,913395.84,742947.85,-170447.99,0.18660911571482525,-0.18660911571482525
2024-12,2026-06,18,ES01,Events,2432535.35,2752154.94,319619.58999999985,0.13139360544133505,0.13139360544133505
2024-12,2026-06,18,ES01,Hardware,5025591.43,4871956.69,-153634.7399999993,0.030570479542543973,-0.030570479542543973
2024-12,2026-06,18,ES01,Spare Parts,2201176.53,2070115.84,-131060.68999999971,0.0595411990877441,-0.0595411990877441
2024-12,2026-06,18,JP01,Hardware,3639861.9,3400593.16,-239268.73999999976,0.06573566431187947,-0.06573566431187947
2024-12,2026-06,18,JP01,Software,761159.52,606646.46,-154513.06000000006,0.20299694865538837,-0.20299694865538837
2024-12,2026-06,18,JP01,Spare Parts,3033019.12,2890183.23,-142835.89000000013,0.04709363322444209,-0.04709363322444209
2024-12,2026-06,18,US01,Events,1106838.42,2161105.32,1054266.9,0.9525029859371885,0.9525029859371885
2024-12,2026-06,18,US01,Hardware,5969717.7700000005,5728861.9,-240855.8700000001,0.04034627419245652,-0.04034627419245652
2024-12,2026-06,18,US01,Software,1130166.27,927977.71,-202188.56000000006,0.17890160533635466,-0.17890160533635466
2024-12,2026-07,19,DE01,Hardware,5009268.27,4680314.86,-328953.4099999992,0.06566895447985245,-0.06566895447985245
2024-12,2026-07,19,DE01,Software,899460.19,677807.17,-221653.0199999999,0.24642893867264978,-0.24642893867264978
2024-12,2026-07,19,ES01,Events,3033738.22,2495174.03,-538564.1900000004,0.17752493819325002,-0.17752493819325002
2024-12,2026-07,19,ES01,Hardware,4727054.36,4420615.63,-306438.73000000045,0.06482657203882894,-0.06482657203882894
2024-12,2026-07,19,ES01,Spare Parts,2008950.68,1880592.63,-128358.05000000005,0.06389308173558549,-0.06389308173558549
2024-12,2026-07,19,JP01,Hardware,3142643.03,3085560.12,-57082.90999999968,0.018163981545177177,-0.018163981545177177
2024-12,2026-07,19,JP01,Software,739957.45,553456.5,-186500.94999999995,0.2520428032719989,-0.2520428032719989
2024-12,2026-07,19,JP01,Spare Parts,2790693.87,2625581.23,-165112.64000000013,0.059165443323957324,-0.059165443323957324
2024-12,2026-07,19,US01,Events,2810554.0,1959313.33,-851240.6699999999,0.3028729104653388,-0.3028729104653388
2024-12,2026-07,19,US01,Hardware,5368735.5,5198136.61,-170598.88999999966,0.03177636335408956,-0.03177636335408956
2024-12,2026-07,19,US01,Software,1132865.88,846613.86,-286252.0199999999,0.2526795316670672,-0.2526795316670672
2024-12,2026-08,20,DE01,Hardware,4959088.61,4150264.55,-808824.0600000005,0.16309933610966482,-0.16309933610966482
2024-12,2026-08,20,DE01,Software,917130.34,604331.68,-312798.6599999999,0.3410623837828764,-0.3410623837828764
2024-12,2026-08,20,ES01,Events,3285979.84,2210803.68,-1075176.1599999997,0.3272010822805291,-0.3272010822805291
2024-12,2026-08,20,ES01,Hardware,4556218.7,3919976.51,-636242.1900000004,0.13964259222236203,-0.13964259222236203
2024-12,2026-08,20,ES01,Spare Parts,1868999.55,1669614.42,-199385.13000000012,0.10668013804497711,-0.10668013804497711
2024-12,2026-08,20,JP01,Hardware,2819534.27,2736117.37,-83416.8999999999,0.029585347086417895,-0.029585347086417895
2024-12,2026-08,20,JP01,Software,776565.13,493460.85,-283104.28,0.36455960879932897,-0.36455960879932897
2024-12,2026-08,20,JP01,Spare Parts,2596342.8,2331024.91,-265317.88999999966,0.10218908304404167,-0.10218908304404167
2024-12,2026-08,20,US01,Events,3051386.78,1736014.03,-1315372.7499999998,0.4310737526364979,-0.4310737526364979
2024-12,2026-08,20,US01,Hardware,5173236.29,4609442.47,-563793.8200000003,0.10898280851578893,-0.10898280851578893
2024-12,2026-08,20,US01,Software,1148086.16,754839.43,-393246.72999999986,0.3425237091961808,-0.3425237091961808
2024-12,2026-09,21,DE01,Hardware,6069665.33,5153174.66,-916490.6699999999,0.15099525594436686,-0.15099525594436686
2024-12,2026-09,21,DE01,Software,948116.76,754471.67,-193645.08999999997,0.2042418172209085,-0.2042418172209085
2024-12,2026-09,21,ES01,Events,4042369.35,2742823.66,-1299545.69,0.32148118528555536,-0.32148118528555536
2024-12,2026-09,21,ES01,Hardware,5537028.63,4867237.59,-669791.04,0.12096578955200382,-0.12096578955200382
2024-12,2026-09,21,ES01,Spare Parts,2347978.79,2075563.45,-272415.3400000001,0.11602120988494963,-0.11602120988494963
2024-12,2026-09,21,JP01,Hardware,4084597.49,3397299.26,-687298.2300000004,0.16826584055899235,-0.16826584055899235
2024-12,2026-09,21,JP01,Software,799035.7,616056.12,-182979.57999999996,0.22900050648550493,-0.22900050648550493
2024-12,2026-09,21,JP01,Spare Parts,3296065.24,2897788.88,-398276.36000000034,0.12083388252351471,-0.12083388252351471
2024-12,2026-09,21,US01,Events,2597468.57,2153778.01,-443690.56000000006,0.1708165269541645,-0.1708165269541645
2024-12,2026-09,21,US01,Hardware,6672882.34,5723312.79,-949569.5499999998,0.14230275638278372,-0.14230275638278372
2024-12,2026-09,21,US01,Software,1211429.73,942371.53,-269058.19999999995,0.22209971683623775,-0.22209971683623775
2025-01,2025-02,1,DE01,Hardware,4671905.56,4422393.12,-249512.43999999948,0.05340699566709552,-0.05340699566709552
2025-01,2025-02,1,DE01,Software,732179.75,595687.66,-136492.08999999997,0.18641882679765448,-0.18641882679765448
2025-01,2025-02,1,ES01,Events,2673720.76,2508999.36,-164721.3999999999,0.06160755545766115,-0.06160755545766115
2025-01,2025-02,1,ES01,Hardware,3932186.89,3953518.05,21331.159999999683,0.005424757417875345,0.005424757417875345
2025-01,2025-02,1,ES01,Spare Parts,1744113.25,1713944.92,-30168.330000000075,0.01729723112876992,-0.01729723112876992
2025-01,2025-02,1,JP01,Hardware,2538483.48,2645126.96,106643.47999999998,0.0420107047535326,0.0420107047535326
2025-01,2025-02,1,JP01,Software,606867.23,498470.98,-108396.25,0.17861608708052995,-0.17861608708052995
2025-01,2025-02,1,JP01,Spare Parts,2431383.99,2396218.31,-35165.68000000017,0.014463235813278578,-0.014463235813278578
2025-01,2025-02,1,US01,Events,1986978.21,2438352.56,451374.3500000001,0.22716623047416312,0.22716623047416312
2025-01,2025-02,1,US01,Hardware,5024694.01,4914586.31,-110107.70000000019,0.02191331447862637,-0.02191331447862637
2025-01,2025-02,1,US01,Software,920625.16,755569.16,-165056.0,0.1792868663289628,-0.1792868663289628
2025-01,2025-03,2,DE01,Hardware,5044531.37,4772541.81,-271989.5600000005,0.05391770613570404,-0.05391770613570404
2025-01,2025-03,2,DE01,Software,750166.51,646367.48,-103799.03000000003,0.13836798712861764,-0.13836798712861764
2025-01,2025-03,2,ES01,Events,1771646.13,2705462.84,933816.71,0.5270898596436976,0.5270898596436976
2025-01,2025-03,2,ES01,Hardware,4581028.1,4266542.96,-314485.13999999966,0.06864946757257387,-0.06864946757257387
2025-01,2025-03,2,ES01,Spare Parts,1924143.48,1851867.9,-72275.58000000007,0.03756246909404078,-0.03756246909404078
2025-01,2025-03,2,JP01,Hardware,3071011.94,2854558.3,-216453.64000000013,0.07048283895633442,-0.07048283895633442
2025-01,2025-03,2,JP01,Software,600048.53,540879.81,-59168.71999999997,0.09860655770625748,-0.09860655770625748
2025-01,2025-03,2,JP01,Spare Parts,2660137.21,2589044.55,-71092.66000000015,0.02672518535237517,-0.02672518535237517
2025-01,2025-03,2,US01,Events,2175443.6,2629284.15,453840.5499999998,0.20861977299710266,0.20861977299710266
2025-01,2025-03,2,US01,Hardware,5643557.42,5303705.03,-339852.38999999966,0.060219532594035285,-0.060219532594035285
2025-01,2025-03,2,US01,Software,925532.31,819851.35,-105680.96000000008,0.11418397700238048,-0.11418397700238048
2025-01,2025-04,3,DE01,Hardware,4804531.26,4882935.08,78403.8200000003,0.016318724087144413,0.016318724087144413
2025-01,2025-04,3,DE01,Software,761822.84,664935.01,-96887.82999999996,0.12717895147380978,-0.12717895147380978
2025-01,2025-04,3,ES01,Events,2047813.5299999998,2765804.05,717990.52,0.35061323186003174,0.35061323186003174
2025-01,2025-04,3,ES01,Hardware,4490297.08,4365232.01,-125065.0700000003,0.02785229301576641,-0.02785229301576641
2025-01,2025-04,3,ES01,Spare Parts,1934873.53,1896976.53,-37897.0,0.01958629306381591,-0.01958629306381591
2025-01,2025-04,3,JP01,Hardware,3179389.49,2920586.85,-258802.64000000013,0.08140010552780688,-0.08140010552780688
2025-01,2025-04,3,JP01,Software,618173.43,556417.11,-61756.320000000065,0.09990128498405385,-0.09990128498405385
2025-01,2025-04,3,JP01,Spare Parts,2685766.17,2652109.66,-33656.50999999978,0.012531437165283744,-0.012531437165283744
2025-01,2025-04,3,US01,Events,2207176.32,2687926.31,480749.9900000002,0.2178122271627127,0.2178122271627127
2025-01,2025-04,3,US01,Hardware,5414874.6,5426384.59,11509.990000000224,0.0021256244789122584,0.0021256244789122584
2025-01,2025-04,3,US01,Software,940565.21,843402.37,-97162.83999999997,0.1033026088643019,-0.1033026088643019
2025-01,2025-05,4,DE01,Hardware,5113897.66,4993922.87,-119974.79000000004,0.023460537925586885,-0.023460537925586885
2025-01,2025-05,4,DE01,Software,763763.57,683767.69,-79995.88,0.10473906211578016,-0.10473906211578016
2025-01,2025-05,4,ES01,Events,2691589.14,2826382.36,134793.21999999974,0.05007941888188765,0.05007941888188765
2025-01,2025-05,4,ES01,Hardware,4691848.15,4464452.55,-227395.60000000056,0.04846610391685429,-0.04846610391685429
2025-01,2025-05,4,ES01,Spare Parts,1975457.31,1942421.98,-33035.330000000075,0.016722877195458136,-0.016722877195458136
2025-01,2025-05,4,JP01,Hardware,3268108.44,2986971.0,-281137.43999999994,0.0860245139234119,-0.0860245139234119
2025-01,2025-05,4,JP01,Software,616363.4,572176.28,-44187.119999999995,0.07169004519087278,-0.07169004519087278
2025-01,2025-05,4,JP01,Spare Parts,2734857.58,2715645.67,-19211.91000000015,0.007024830155872376,-0.007024830155872376
2025-01,2025-05,4,US01,Events,3069954.84,2746798.9,-323155.93999999994,0.10526406961738889,-0.10526406961738889
2025-01,2025-05,4,US01,Hardware,5637315.36,5549724.84,-87590.52000000048,0.015537629954411577,-0.015537629954411577
2025-01,2025-05,4,US01,Software,951877.53,867289.7,-84587.83000000007,0.08886419453561434,-0.08886419453561434
2025-01,2025-06,5,DE01,Hardware,5113854.93,5105507.68,-8347.25,0.001632281344359528,-0.001632281344359528
2025-01,2025-06,5,DE01,Software,768954.13,702868.64,-66085.48999999999,0.08594204442337801,-0.08594204442337801
2025-01,2025-06,5,ES01,Events,3323926.6,2887198.5,-436728.1000000001,0.13138921298683312,-0.13138921298683312
2025-01,2025-06,5,ES01,Hardware,4808227.65,4564206.81,-244020.84000000078,0.05075068357048376,-0.05075068357048376
2025-01,2025-06,5,ES01,Spare Parts,2037961.34,1988206.24,-49755.10000000009,0.02441415301823149,-0.02441415301823149
2025-01,2025-06,5,JP01,Hardware,3267211.05,3053712.24,-213498.8099999996,0.06534588881241682,-0.06534588881241682
2025-01,2025-06,5,JP01,Software,635120.07,588159.95,-46960.119999999995,0.07393896401352897,-0.07393896401352897
2025-01,2025-06,5,JP01,Spare Parts,2823049.9,2779655.36,-43394.54000000004,0.015371510082057012,-0.015371510082057012
2025-01,2025-06,5,US01,Events,2256814.93,2805902.62,549087.69,0.24330204603883931,0.24330204603883931
2025-01,2025-06,5,US01,Hardware,5719263.22,5673728.56,-45534.66000000015,0.0079616304143456,-0.0079616304143456
2025-01,2025-06,5,US01,Software,962174.36,891517.33,-70657.03000000003,0.07343474627613235,-0.07343474627613235
2025-01,2025-07,6,DE01,Hardware,4722270.85,4632530.31,-89740.54000000004,0.019003683365599423,-0.019003683365599423
2025-01,2025-07,6,DE01,Software,770646.51,641242.06,-129404.44999999995,0.1679167404521172,-0.1679167404521172
2025-01,2025-07,6,ES01,Events,3546902.57,2617607.98,-929294.5899999999,0.2620017245074764,-0.2620017245074764
2025-01,2025-07,6,ES01,Hardware,4357362.47,4141375.88,-215986.58999999985,0.049568194403620466,-0.049568194403620466
2025-01,2025-07,6,ES01,Spare Parts,1860477.6,1806182.02,-54295.580000000075,0.02918367842751779,-0.02918367842751779
2025-01,2025-07,6,JP01,Hardware,2913153.02,2770814.46,-142338.56000000006,0.048860653396092475,-0.048860653396092475
2025-01,2025-07,6,JP01,Software,638190.11,536590.87,-101599.23999999999,0.1591990198657262,-0.1591990198657262
2025-01,2025-07,6,JP01,Spare Parts,2571194.41,2525172.4,-46022.01000000024,0.01789907827312064,-0.01789907827312064
2025-01,2025-07,6,US01,Events,1513970.65,2543903.05,1029932.3999999999,0.6802855788518753,0.6802855788518753
2025-01,2025-07,6,US01,Hardware,5224763.8,5148110.86,-76652.93999999948,0.014671082355914248,-0.014671082355914248
2025-01,2025-07,6,US01,Software,983710.2,813350.28,-170359.91999999993,0.17318100391761712,-0.17318100391761712
2025-01,2025-08,7,DE01,Hardware,4305816.89,4107891.64,-197925.24999999953,0.045966945426701496,-0.045966945426701496
2025-01,2025-08,7,DE01,Software,783265.11,571730.29,-211534.81999999995,0.2700679722603755,-0.2700679722603755
2025-01,2025-08,7,ES01,Events,1659616.36,2319284.05,659667.6899999997,0.3974820361496073,0.3974820361496073
2025-01,2025-08,7,ES01,Hardware,3706548.86,3672360.94,-34187.919999999925,0.009223652861816025,-0.009223652861816025
2025-01,2025-08,7,ES01,Spare Parts,1649564.19,1603551.71,-46012.47999999998,0.027893719007079064,-0.027893719007079064
2025-01,2025-08,7,JP01,Hardware,2264184.89,2457016.96,192832.06999999983,0.08516622067908942,0.08516622067908942
2025-01,2025-08,7,JP01,Software,658777.62,478423.47,-180354.15000000002,0.27377091225412303,-0.27377091225412303
2025-01,2025-08,7,JP01,Spare Parts,2267916.03,2241880.66,-26035.369999999646,0.011479865063610688,-0.011479865063610688
2025-01,2025-08,7,US01,Events,1368544.87,2253979.14,885434.27,0.6469895795232493,0.6469895795232493
2025-01,2025-08,7,US01,Hardware,4496825.37,4565082.18,68256.80999999959,0.015178888300925857,0.015178888300925857
2025-01,2025-08,7,US01,Software,979283.84,725181.68,-254102.15999999992,0.2594775381977098,-0.2594775381977098
2025-01,2025-09,8,DE01,Hardware,5132921.29,5100562.36,-32358.929999999702,0.00630419368850281,-0.00630419368850281
2025-01,2025-09,8,DE01,Software,803407.79,713770.8,-89636.98999999999,0.11157097443628221,-0.11157097443628221
2025-01,2025-09,8,ES01,Events,2098177.43,2877409.35,779231.9199999999,0.3713851406742088,0.3713851406742088
2025-01,2025-09,8,ES01,Hardware,4752466.38,4559785.81,-192680.5700000003,0.04054327891952395,-0.04054327891952395
2025-01,2025-09,8,ES01,Spare Parts,2061119.91,1993438.3,-67681.60999999987,0.03283729863149974,-0.03283729863149974
2025-01,2025-09,8,JP01,Hardware,3420851.08,3050754.34,-370096.7400000002,0.10818849793367802,-0.10818849793367802
2025-01,2025-09,8,JP01,Software,665617.74,597282.87,-68334.87,0.10266383525174674,-0.10266383525174674
2025-01,2025-09,8,JP01,Spare Parts,2827480.22,2786970.15,-40510.0700000003,0.014327269104644805,-0.014327269104644805
2025-01,2025-09,8,US01,Events,3680310.3,2796389.1,-883921.1999999997,0.24017572648697577,-0.24017572648697577
2025-01,2025-09,8,US01,Hardware,5710211.41,5668232.85,-41978.56000000052,0.007351489636002902,-0.007351489636002902
2025-01,2025-09,8,US01,Software,987656.78,905345.61,-82311.17000000004,0.0833398521296032,-0.0833398521296032
2025-01,2025-10,9,DE01,Hardware,5456597.86,5311944.23,-144653.6299999999,0.026509857187826533,-0.026509857187826533
2025-01,2025-10,9,DE01,Software,819095.4,747416.56,-71678.83999999997,0.08750975771564577,-0.08750975771564577
2025-01,2025-10,9,ES01,Events,3244030.3,2994233.9,-249796.3999999999,0.07700187017365402,-0.07700187017365402
2025-01,2025-10,9,ES01,Hardware,5042217.8,4748756.35,-293461.4500000002,0.058200867483352306,-0.058200867483352306
2025-01,2025-10,9,ES01,Spare Parts,2137107.6,2078542.88,-58564.720000000205,0.02740373016314209,-0.02740373016314209
2025-01,2025-10,9,JP01,Hardware,3573820.2199999997,3177186.31,-396633.9099999997,0.11098317363037352,-0.11098317363037352
2025-01,2025-10,9,JP01,Software,678511.8099999999,625437.61,-53074.19999999995,0.07822148298347226,-0.07822148298347226
2025-01,2025-10,9,JP01,Spare Parts,2970043.07,2905952.49,-64090.57999999961,0.021579006933390908,-0.021579006933390908
2025-01,2025-10,9,US01,Events,2152138.58,2909924.17,757785.5899999999,0.3521081760450574,0.3521081760450574
2025-01,2025-10,9,US01,Hardware,5845785.48,5903140.61,57355.12999999989,0.009811364135106766,0.009811364135106766
2025-01,2025-10,9,US01,Software,1012386.25,948021.83,-64364.42000000004,0.06357694012537216,-0.06357694012537216
2025-01,2025-11,10,DE01,Hardware,5643282.3,5524497.78,-118784.51999999955,0.021048835355977062,-0.021048835355977062
2025-01,2025-11,10,DE01,Software,824405.33,781574.73,-42830.59999999998,0.05195332737598868,-0.05195332737598868
2025-01,2025-11,10,ES01,Events,3330726.18,3111527.51,-219198.6700000004,0.06581107486896458,-0.06581107486896458
2025-01,2025-11,10,ES01,Hardware,5042528.53,4938774.35,-103754.18000000063,0.020575824089586386,-0.020575824089586386
2025-01,2025-11,10,ES01,Spare Parts,2246247.57,2164307.83,-81939.73999999976,0.03647849911753038,-0.03647849911753038
2025-01,2025-11,10,JP01,Hardware,3715131.39,3304319.09,-410812.3000000003,0.11057813489605822,-0.11057813489605822
2025-01,2025-11,10,JP01,Software,690835.74,654021.14,-36814.59999999998,0.053289947042983,-0.053289947042983
2025-01,2025-11,10,JP01,Spare Parts,3080239.12,3025858.06,-54381.060000000056,0.017654817655844868,-0.017654817655844868
2025-01,2025-11,10,US01,Events,2247091.5,3023915.11,776823.6099999999,0.34570181499062225,0.34570181499062225
2025-01,2025-11,10,US01,Hardware,6014569.7,6139350.44,124780.74000000022,0.020746411833917264,0.020746411833917264
2025-01,2025-11,10,US01,Software,1040772.17,991347.98,-49424.19000000006,0.047488001144381155,-0.047488001144381155
2025-01,2025-12,11,DE01,Hardware,5888462.87,5837162.95,-51299.919999999925,0.00871193741602041,-0.00871193741602041
2025-01,2025-12,11,DE01,Software,827130.13,830324.81,3194.680000000051,0.0038623668563494977,0.0038623668563494977
2025-01,2025-12,11,ES01,Events,2470654.47,3284969.07,814314.5999999996,0.32959469237315064,0.32959469237315064
2025-01,2025-12,11,ES01,Hardware,5478749.67,5218289.84,-260459.83000000007,0.04754001290225039,-0.04754001290225039
2025-01,2025-12,11,ES01,Spare Parts,2349745.46,2289542.93,-60202.529999999795,0.02562087299447311,-0.02562087299447311
2025-01,2025-12,11,JP01,Hardware,3812651.53,3491330.74,-321320.7899999996,0.0842775132926978,-0.0842775132926978
2025-01,2025-12,11,JP01,Software,696583.87,694815.17,-1768.6999999999534,0.0025391055925540647,-0.0025391055925540647
2025-01,2025-12,11,JP01,Spare Parts,3250211.08,3200945.73,-49265.35000000009,0.0151575847806168,-0.0151575847806168
2025-01,2025-12,11,US01,Events,2120276.55,3192473.01,1072196.46,0.5056870812441896,0.5056870812441896
2025-01,2025-12,11,US01,Hardware,6382523.77,6486813.89,104290.12000000011,0.01633995011349564,0.01633995011349564
2025-01,2025-12,11,US01,Software,1033741.14,1053182.5,19441.359999999986,0.018806797221981496,0.018806797221981496
2025-01,2026-01,12,DE01,Hardware,4361789.12,4365635.89,3846.769999999553,0.0008819248006193277,0.0008819248006193277
2025-01,2026-01,12,DE01,Software,824720.26,624399.01,-200321.25,0.24289599724396246,-0.24289599724396246
2025-01,2026-01,12,ES01,Events,4029079.65,2454853.65,-1574226.0,0.3907160286592994,-0.3907160286592994
2025-01,2026-01,12,ES01,Hardware,3969315.91,3902778.39,-66537.52000000002,0.01676296911323443,-0.01676296911323443
2025-01,2026-01,12,ES01,Spare Parts,1730376.87,1714412.13,-15964.740000000224,0.009226163546673057,-0.009226163546673057
2025-01,2026-01,12,JP01,Hardware,2301293.04,2611179.26,309886.21999999974,0.13465743589091103,0.13465743589091103
2025-01,2026-01,12,JP01,Software,666552.84,522496.62,-144056.21999999997,0.21612123053890217,-0.21612123053890217
2025-01,2026-01,12,JP01,Spare Parts,2397037.82,2396871.49,-166.32999999960884,6.938981046181777e-05,-6.938981046181777e-05
2025-01,2026-01,12,US01,Events,1694382.05,2385731.45,691349.4000000001,0.40802450663355416,0.40802450663355416
2025-01,2026-01,12,US01,Hardware,4715868.51,4851512.24,135643.73000000045,0.02876325531815993,0.02876325531815993
2025-01,2026-01,12,US01,Software,1019508.7,791986.58,-227522.12,0.22316839473758293,-0.22316839473758293
2025-01,2026-02,13,DE01,Hardware,4590563.92,4577176.88,-13387.040000000037,0.002916208168167722,-0.002916208168167722
2025-01,2026-02,13,DE01,Software,838223.83,658234.87,-179988.95999999996,0.21472660828552198,-0.21472660828552198
2025-01,2026-02,13,ES01,Events,2671339.66,2571724.34,-99615.3200000003,0.03729039833145003,-0.03729039833145003
2025-01,2026-02,13,ES01,Hardware,4158406.09,4091891.19,-66514.8999999999,0.01599528727123423,-0.01599528727123423
2025-01,2026-02,13,ES01,Spare Parts,1839318.77,1799642.17,-39676.60000000009,0.02157135600807254,-0.02157135600807254
2025-01,2026-02,13,JP01,Hardware,2845134.32,2737706.4,-107427.91999999993,0.037758470397981046,-0.037758470397981046
2025-01,2026-02,13,JP01,Software,688429.15,550810.44,-137618.71000000008,0.19990250267583828,-0.19990250267583828
2025-01,2026-02,13,JP01,Spare Parts,2545994.33,2516029.22,-29965.10999999987,0.011769511678370419,-0.011769511678370419
2025-01,2026-02,13,US01,Events,2126392.69,2499311.38,372918.68999999994,0.17537620955610037,0.17537620955610037
2025-01,2026-02,13,US01,Hardware,5150460.5,5086596.83,-63863.669999999925,0.012399603880080223,-0.012399603880080223
2025-01,2026-02,13,US01,Software,1031074.72,834903.92,-196170.79999999993,0.19025856826360746,-0.19025856826360746
2025-01,2026-03,14,DE01,Hardware,5078909.1,4939580.78,-139328.31999999937,0.02743272566150069,-0.02743272566150069
2025-01,2026-03,14,DE01,Software,860159.24,714236.06,-145923.17999999993,0.16964670402192034,-0.16964670402192034
2025-01,2026-03,14,ES01,Events,4347630.29,2773099.41,-1574530.88,0.36215841158839657,-0.36215841158839657
2025-01,2026-03,14,ES01,Hardware,4575854.05,4415871.96,-159982.08999999985,0.03496223617534302,-0.03496223617534302
2025-01,2026-03,14,ES01,Spare Parts,2016743.57,1944461.29,-72282.28000000003,0.035841086132730314,-0.035841086132730314
2025-01,2026-03,14,JP01,Hardware,3265538.72,2954467.84,-311070.88000000035,0.09525867143905749,-0.09525867143905749
2025-01,2026-03,14,JP01,Software,727869.52,597672.19,-130197.33000000007,0.1788745460862272,-0.1788745460862272
2025-01,2026-03,14,JP01,Spare Parts,2806973.74,2718496.78,-88476.96000000043,0.031520408879920775,-0.031520408879920775
2025-01,2026-03,14,US01,Events,2052129.69,2695016.25,642886.56,0.31327774415660836,0.31327774415660836
2025-01,2026-03,14,US01,Hardware,5641419.01,5489334.71,-152084.2999999998,0.026958518722047527,-0.026958518722047527
2025-01,2026-03,14,US01,Software,1086297.7,905935.74,-180361.95999999996,0.1660336388450422,-0.1660336388450422
2025-01,2026-04,15,DE01,Hardware,5292387.16,5053837.81,-238549.35000000056,0.04507405501301242,-0.04507405501301242
2025-01,2026-04,15,DE01,Software,883747.55,734753.18,-148994.37,0.16859381392344452,-0.16859381392344452
2025-01,2026-04,15,ES01,Events,1899602.31,2834949.15,935346.8399999999,0.49239087311912133,0.49239087311912133
2025-01,2026-04,15,ES01,Hardware,4826801.56,4518015.13,-308786.4299999997,0.06397330119367901,-0.06397330119367901
2025-01,2026-04,15,ES01,Spare Parts,2107476.69,1991825.36,-115651.32999999984,0.05487668288278901,-0.05487668288278901
2025-01,2026-04,15,JP01,Hardware,3471706.0,3022807.39,-448898.60999999987,0.12930202327040363,-0.12930202327040363
2025-01,2026-04,15,JP01,Software,741056.59,614840.91,-126215.67999999993,0.17031854476862548,-0.17031854476862548
2025-01,2026-04,15,JP01,Spare Parts,2940055.28,2784715.15,-155340.1299999999,0.05283578545502719,-0.05283578545502719
2025-01,2026-04,15,US01,Events,2301375.69,2755124.47,453748.78000000026,0.19716414923979678,0.19716414923979678
2025-01,2026-04,15,US01,Hardware,6025098.71,5616308.06,-408790.6500000004,0.06784795895899942,-0.06784795895899942
2025-01,2026-04,15,US01,Software,1101695.33,931959.62,-169735.71000000008,0.15406774030711382,-0.15406774030711382
2025-01,2026-05,16,DE01,Hardware,5381249.6,5168710.17,-212539.4299999997,0.03949629654792443,-0.03949629654792443
2025-01,2026-05,16,DE01,Software,885391.85,755563.29,-129828.55999999994,0.1466340129514406,-0.1466340129514406
2025-01,2026-05,16,ES01,Events,3489160.2399999998,2897041.92,-592118.3199999998,0.16970224331112976,-0.16970224331112976
2025-01,2026-05,16,ES01,Hardware,5134093.25,4620708.39,-513384.86000000034,0.09999523479632949,-0.09999523479632949
2025-01,2026-05,16,ES01,Spare Parts,2174342.11,2039543.08,-134799.0299999998,0.061995317746939005,-0.061995317746939005
2025-01,2026-05,16,JP01,Hardware,3584493.15,3091514.99,-492978.1599999997,0.13753078590762538,-0.13753078590762538
2025-01,2026-05,16,JP01,Software,748277.66,632254.79,-116022.87,0.15505323251264777,-0.15505323251264777
2025-01,2026-05,16,JP01,Spare Parts,3019944.0,2851427.95,-168516.0499999998,0.055801051277771976,-0.055801051277771976
2025-01,2026-05,16,US01,Events,1834312.06,2815468.87,981156.81,0.5348908898303815,0.5348908898303815
2025-01,2026-05,16,US01,Hardware,5861610.25,5743965.21,-117645.04000000004,0.020070430305392625,-0.020070430305392625
2025-01,2026-05,16,US01,Software,1100147.2,958355.12,-141792.07999999996,0.12888464380039322,-0.12888464380039322
2025-01,2026-06,17,DE01,Hardware,5375821.92,5284200.45,-91621.46999999974,0.017043248709399165,-0.017043248709399165
2025-01,2026-06,17,DE01,Software,913395.84,776669.85,-136725.99,0.14968974459091033,-0.14968974459091033
2025-01,2026-06,17,ES01,Events,2432535.35,2959378.47,526843.1200000001,0.21658189674406997,0.21658189674406997
2025-01,2026-06,17,ES01,Hardware,5025591.43,4723954.05,-301637.3799999999,0.060020275066411416,-0.060020275066411416
2025-01,2026-06,17,ES01,Spare Parts,2201176.53,2087616.55,-113559.97999999975,0.05159058278710602,-0.05159058278710602
2025-01,2026-06,17,JP01,Hardware,3639861.9,3160592.17,-479269.73,0.13167250383867585,-0.13167250383867585
2025-01,2026-06,17,JP01,Software,761159.52,649916.74,-111242.78000000003,0.1461491015707194,-0.1461491015707194
2025-01,2026-06,17,JP01,Spare Parts,3033019.12,2918638.13,-114380.99000000022,0.03771192513946309,-0.03771192513946309
2025-01,2026-06,17,US01,Events,1106838.42,2876050.18,1769211.7600000002,1.5984372497658694,1.5984372497658694
2025-01,2026-06,17,US01,Hardware,5969717.7700000005,5872309.06,-97408.7100000009,0.01631713822209737,-0.01631713822209737
2025-01,2026-06,17,US01,Software,1130166.27,985126.65,-145039.62,0.12833476263629776,-0.12833476263629776
2025-01,2026-07,18,DE01,Hardware,5009268.27,4794668.87,-214599.39999999944,0.042840468594028694,-0.042840468594028694
2025-01,2026-07,18,DE01,Software,899460.19,708572.47,-190887.71999999997,0.21222475671769306,-0.21222475671769306
2025-01,2026-07,18,ES01,Events,3033738.22,2683048.18,-350690.04000000004,0.11559667135683184,-0.11559667135683184
2025-01,2026-07,18,ES01,Hardware,4727054.36,4286324.04,-440730.3200000003,0.09323572069097176,-0.09323572069097176
2025-01,2026-07,18,ES01,Spare Parts,2008950.68,1896491.12,-112459.55999999982,0.05597925380627056,-0.05597925380627056
2025-01,2026-07,18,JP01,Hardware,3142643.03,2867792.96,-274850.06999999983,0.08745825325251778,-0.08745825325251778
2025-01,2026-07,18,JP01,Software,739957.45,592932.91,-147024.53999999992,0.19869323567186184,-0.19869323567186184
2025-01,2026-07,18,JP01,Spare Parts,2790693.87,2651431.02,-139262.8500000001,0.04990258927970487,-0.04990258927970487
2025-01,2026-07,18,US01,Events,2810554.0,2607500.62,-203053.3799999999,0.07224674565939665,-0.07224674565939665
2025-01,2026-07,18,US01,Hardware,5368735.5,5328294.74,-40440.75999999978,0.0075326415316976925,-0.0075326415316976925
2025-01,2026-07,18,US01,Software,1132865.88,898752.05,-234113.82999999984,0.20665626366997641,-0.20665626366997641
2025-01,2026-08,19,DE01,Hardware,4959088.61,4251667.85,-707420.7600000007,0.14265136512654503,-0.14265136512654503
2025-01,2026-08,19,DE01,Software,917130.34,631761.97,-285368.37,0.31115355970014036,-0.31115355970014036
2025-01,2026-08,19,ES01,Events,3285979.84,2377266.16,-908713.6799999997,0.27654268262339665,-0.27654268262339665
2025-01,2026-08,19,ES01,Hardware,4556218.7,3800893.58,-755325.1200000001,0.16577894296426116,-0.16577894296426116
2025-01,2026-08,19,ES01,Spare Parts,1868999.55,1683729.3,-185270.25,0.09912803349792139,-0.09912803349792139
2025-01,2026-08,19,JP01,Hardware,2819534.27,2543012.56,-276521.70999999996,0.09807354106038227,-0.09807354106038227
2025-01,2026-08,19,JP01,Software,776565.13,528657.94,-247907.19000000006,0.319235541776129,-0.319235541776129
2025-01,2026-08,19,JP01,Spare Parts,2596342.8,2353974.69,-242368.10999999987,0.09334981112663547,-0.09334981112663547
2025-01,2026-08,19,US01,Events,3051386.78,2310328.62,-741058.1599999997,0.2428594647054215,-0.2428594647054215
2025-01,2026-08,19,US01,Hardware,5173236.29,4724860.06,-448376.23000000045,0.08667228884687199,-0.08667228884687199
2025-01,2026-08,19,US01,Software,1148086.16,801325.75,-346760.4099999999,0.3020334379782088,-0.3020334379782088
2025-01,2026-09,20,DE01,Hardware,6069665.33,5279082.04,-790583.29,0.1302515455164313,-0.1302515455164313
2025-01,2026-09,20,DE01,Software,948116.76,788716.74,-159400.02000000002,0.16812277424565306,-0.16812277424565306
2025-01,2026-09,20,ES01,Events,4042369.35,2949344.59,-1093024.7600000002,0.2703921055605669,-0.2703921055605669
2025-01,2026-09,20,ES01,Hardware,5537028.63,4719378.31,-817650.3200000003,0.1476695127725934,-0.1476695127725934
2025-01,2026-09,20,ES01,Spare Parts,2347978.79,2093110.21,-254868.58000000007,0.10854807593896539,-0.10854807593896539
2025-01,2026-09,20,JP01,Hardware,4084597.49,3157530.74,-927066.75,0.22696648868576766,-0.22696648868576766
2025-01,2026-09,20,JP01,Software,799035.7,659997.57,-139038.13,0.1740074066778243,-0.1740074066778243
2025-01,2026-09,20,JP01,Spare Parts,3296065.24,2926318.66,-369746.5800000001,0.1121781739975511,-0.1121781739975511
2025-01,2026-09,20,US01,Events,2597468.57,2866298.83,268830.26000000024,0.10349702133258161,0.10349702133258161
2025-01,2026-09,20,US01,Hardware,6672882.34,5866621.0,-806261.3399999999,0.12082654824691542,-0.12082654824691542
2025-01,2026-09,20,US01,Software,1211429.73,1000406.89,-211022.83999999997,0.17419321548266772,-0.17419321548266772
2025-02,2025-03,1,DE01,Hardware,5044531.37,5028680.66,-15850.709999999963,0.0031421570880230173,-0.0031421570880230173
2025-02,2025-03,1,DE01,Software,750166.51,788110.17,37943.66000000003,0.05058031716185255,0.05058031716185255
2025-02,2025-03,1,ES01,Events,1771646.13,2837438.72,1065792.5900000003,0.6015832236203967,0.6015832236203967
2025-02,2025-03,1,ES01,Hardware,4581028.1,4198119.39,-382908.70999999996,0.08358575883872006,-0.08358575883872006
2025-02,2025-03,1,ES01,Spare Parts,1924143.48,1870278.53,-53864.94999999995,0.02799424812124715,-0.02799424812124715
2025-02,2025-03,1,JP01,Hardware,3071011.94,2733296.04,-337715.8999999999,0.10996893095765688,-0.10996893095765688
2025-02,2025-03,1,JP01,Software,600048.53,646345.33,46296.79999999993,0.07715509277224615,0.07715509277224615
2025-02,2025-03,1,JP01,Spare Parts,2660137.21,2624397.26,-35739.950000000186,0.013435378395387427,-0.013435378395387427
2025-02,2025-03,1,US01,Events,2175443.6,2369564.02,194120.41999999993,0.08923256847476989,0.08923256847476989
2025-02,2025-03,1,US01,Hardware,5643557.42,5446952.19,-196605.22999999952,0.03483710988803929,-0.03483710988803929
2025-02,2025-03,1,US01,Software,925532.31,988288.35,62756.03999999992,0.06780534760585497,0.06780534760585497
2025-02,2025-04,2,DE01,Hardware,4804531.26,5144998.65,340467.3900000006,0.07086380992763082,0.07086380992763082
2025-02,2025-04,2,DE01,Software,761822.84,810749.39,48926.55000000005,0.06422300229276409,0.06422300229276409
2025-02,2025-04,2,ES01,Events,2047813.5299999998,2900723.45,852909.9200000004,0.4164978439223421,0.4164978439223421
2025-02,2025-04,2,ES01,Hardware,4490297.08,4295225.74,-195071.33999999985,0.043442858350922264,-0.043442858350922264
2025-02,2025-04,2,ES01,Spare Parts,1934873.53,1915835.62,-19037.909999999916,0.009839356270484467,-0.009839356270484467
2025-02,2025-04,2,JP01,Hardware,3179389.49,2796519.68,-382869.81000000006,0.12042243053398281,-0.12042243053398281
2025-02,2025-04,2,JP01,Software,618173.43,664912.23,46738.79999999993,0.07560790828554363,0.07560790828554363
2025-02,2025-04,2,JP01,Spare Parts,2685766.17,2688323.51,2557.339999999851,0.0009521826689774155,0.0009521826689774155
2025-02,2025-04,2,US01,Events,2207176.32,2422413.52,215237.2000000002,0.09751699402066809,0.09751699402066809
2025-02,2025-04,2,US01,Hardware,5414874.6,5572945.19,158070.59000000078,0.029191920714101264,0.029191920714101264
2025-02,2025-04,2,US01,Software,940565.21,1016677.88,76112.67000000004,0.08092226800521364,0.08092226800521364
2025-02,2025-05,3,DE01,Hardware,5113897.66,5261943.08,148045.41999999993,0.028949625088899398,0.028949625088899398
2025-02,2025-05,3,DE01,Software,763763.57,833711.91,69948.34000000008,0.09158376066562077,0.09158376066562077
2025-02,2025-05,3,ES01,Events,2691589.14,2964256.85,272667.70999999996,0.10130361500864131,0.10130361500864131
2025-02,2025-05,3,ES01,Hardware,4691848.15,4392855.06,-298993.0900000008,0.06372607988176275,-0.06372607988176275
2025-02,2025-05,3,ES01,Spare Parts,1975457.31,1961732.87,-13724.439999999944,0.006947474860896865,-0.006947474860896865
2025-02,2025-05,3,JP01,Hardware,3268108.44,2860083.81,-408024.6299999999,0.12485039511112425,-0.12485039511112425
2025-02,2025-05,3,JP01,Software,616363.4,683744.26,67380.85999999999,0.10932002127316447,0.10932002127316447
2025-02,2025-05,3,JP01,Spare Parts,2734857.58,2752727.08,17869.5,0.00653397827026883,0.00653397827026883
2025-02,2025-05,3,US01,Events,3069954.84,2475470.69,-594484.1499999999,0.1936458941526319,-0.1936458941526319
2025-02,2025-05,3,US01,Hardware,5637315.36,5699616.72,62301.359999999404,0.011051600987601906,0.011051600987601906
2025-02,2025-05,3,US01,Software,951877.53,1045472.83,93595.29999999993,0.09832704003423626,0.09832704003423626
2025-02,2025-06,4,DE01,Hardware,5113854.93,5379516.56,265661.6299999999,0.051949387230661996,0.051949387230661996
2025-02,2025-06,4,DE01,Software,768954.13,857001.54,88047.41000000003,0.11450281176069635,0.11450281176069635
2025-02,2025-06,4,ES01,Events,3323926.6,3028039.68,-295886.9199999999,0.08901728455736656,-0.08901728455736656
2025-02,2025-06,4,ES01,Hardware,4808227.65,4491009.54,-317218.11000000034,0.06597402059363813,-0.06597402059363813
2025-02,2025-06,4,ES01,Spare Parts,2037961.34,2007972.31,-29989.030000000028,0.014715210446533802,-0.014715210446533802
2025-02,2025-06,4,JP01,Hardware,3267211.05,2923989.87,-343221.1799999997,0.10505020176152984,-0.10505020176152984
2025-02,2025-06,4,JP01,Software,635120.07,702844.57,67724.5,0.10663259310952022,0.10663259310952022
2025-02,2025-06,4,JP01,Spare Parts,2823049.9,2817610.81,-5439.089999999851,0.001926671576014243,-0.001926671576014243
2025-02,2025-06,4,US01,Events,2256814.93,2528736.16,271921.23,0.1204889361486101,0.1204889361486101
2025-02,2025-06,4,US01,Hardware,5719263.22,5826969.64,107706.41999999993,0.018832219441020925,0.018832219441020925
2025-02,2025-06,4,US01,Software,962174.36,1074677.97,112503.60999999999,0.11692642693160103,0.11692642693160103
2025-02,2025-07,5,DE01,Hardware,4722270.85,4881154.84,158883.99000000022,0.03364567494047916,0.03364567494047916
2025-02,2025-07,5,DE01,Software,770646.51,781860.79,11214.280000000028,0.014551781983675016,0.014551781983675016
2025-02,2025-07,5,ES01,Events,3546902.57,2745298.19,-801604.3799999999,0.2260012402878041,-0.2260012402878041
2025-02,2025-07,5,ES01,Hardware,4357362.47,4074959.65,-282402.81999999983,0.06481049532700452,-0.06481049532700452
2025-02,2025-07,5,ES01,Spare Parts,1860477.6,1824138.46,-36339.14000000013,0.019532156689228683,-0.019532156689228683
2025-02,2025-07,5,JP01,Hardware,2913153.02,2653109.65,-260043.3700000001,0.08926526283195385,-0.08926526283195385
2025-02,2025-07,5,JP01,Software,638190.11,641220.09,3029.9799999999814,0.0047477702216350256,0.0047477702216350256
2025-02,2025-07,5,JP01,Spare Parts,2571194.41,2559652.95,-11541.459999999963,0.0044887543139921346,-0.0044887543139921346
2025-02,2025-07,5,US01,Events,1513970.65,2292616.85,778646.2000000002,0.5143073282166998,0.5143073282166998
2025-02,2025-07,5,US01,Hardware,5224763.8,5287155.58,62391.78000000026,0.011941550352955719,0.011941550352955719
2025-02,2025-07,5,US01,Software,983710.2,980451.64,-3258.5599999999395,0.0033125202930699912,-0.0033125202930699912
2025-02,2025-08,6,DE01,Hardware,4305816.89,4328359.2,22542.31000000052,0.00523531552220757,0.00523531552220757
2025-02,2025-08,6,DE01,Software,783265.11,697105.71,-86159.40000000002,0.11000030372858051,-0.11000030372858051
2025-02,2025-08,6,ES01,Events,1659616.36,2432421.65,772805.2899999998,0.4656529717506519,0.4656529717506519
2025-02,2025-08,6,ES01,Hardware,3706548.86,3613466.42,-93082.43999999994,0.025112967214466975,-0.025112967214466975
2025-02,2025-08,6,ES01,Spare Parts,1649564.19,1619493.67,-30070.52000000002,0.018229372450186385,-0.018229372450186385
2025-02,2025-08,6,JP01,Hardware,2264184.89,2352642.34,88457.44999999972,0.0390681213317344,0.0390681213317344
2025-02,2025-08,6,JP01,Software,658777.62,571710.71,-87066.91000000003,0.13216434098049662,-0.13216434098049662
2025-02,2025-08,6,JP01,Spare Parts,2267916.03,2272492.94,4576.910000000149,0.002018112637089191,0.002018112637089191
2025-02,2025-08,6,US01,Events,1368544.87,2031331.56,662786.69,0.4843002991929668,0.4843002991929668
2025-02,2025-08,6,US01,Hardware,4496825.37,4688379.95,191554.58000000007,0.042597736011260774,0.042597736011260774
2025-02,2025-08,6,US01,Software,979283.84,874168.96,-105114.88,0.10733852199582912,-0.10733852199582912
2025-02,2025-09,7,DE01,Hardware,5132921.29,5374305.83,241384.54000000004,0.04702673708834527,0.04702673708834527
2025-02,2025-09,7,DE01,Software,803407.79,870294.45,66886.65999999992,0.08325368615108887,0.08325368615108887
2025-02,2025-09,7,ES01,Events,2098177.43,3017773.0,919595.5699999998,0.4382830340520819,0.4382830340520819
2025-02,2025-09,7,ES01,Hardware,4752466.38,4486659.43,-265806.9500000002,0.05593031675481315,-0.05593031675481315
2025-02,2025-09,7,ES01,Spare Parts,2061119.91,2013256.38,-47863.53000000003,0.0232220987084638,-0.0232220987084638
2025-02,2025-09,7,JP01,Hardware,3420851.08,2921157.62,-499693.45999999996,0.1460728480469252,-0.1460728480469252
2025-02,2025-09,7,JP01,Software,665617.74,713746.35,48128.609999999986,0.07230668160977799,0.07230668160977799
2025-02,2025-09,7,JP01,Spare Parts,2827480.22,2825025.48,-2454.7400000002235,0.0008681722979481085,-0.0008681722979481085
2025-02,2025-09,7,US01,Events,3680310.3,2520162.38,-1160147.92,0.31523100647247054,-0.31523100647247054
2025-02,2025-09,7,US01,Hardware,5710211.41,5821325.49,111114.08000000007,0.019458838214888453,0.019458838214888453
2025-02,2025-09,7,US01,Software,987656.78,1091347.25,103690.46999999997,0.10498633948526123,0.10498633948526123
2025-02,2025-10,8,DE01,Hardware,5456597.86,5597032.42,140434.5599999996,0.02573665195844203,0.02573665195844203
2025-02,2025-10,8,DE01,Software,819095.4,911318.43,92223.03000000003,0.11259131720187908,0.11259131720187908
2025-02,2025-10,8,ES01,Events,3244030.3,3140296.39,-103733.90999999968,0.03197686223830884,-0.03197686223830884
2025-02,2025-10,8,ES01,Hardware,5042217.8,4672599.42,-369618.3799999999,0.07330472317161704,-0.07330472317161704
2025-02,2025-10,8,ES01,Spare Parts,2137107.6,2099207.04,-37900.560000000056,0.017734511823363528,-0.017734511823363528
2025-02,2025-10,8,JP01,Hardware,3573820.2199999997,3042218.74,-531601.4799999995,0.148748803038559,-0.148748803038559
2025-02,2025-10,8,JP01,Software,678511.8099999999,747390.96,68879.15000000002,0.10151503479357275,0.10151503479357275
2025-02,2025-10,8,JP01,Spare Parts,2970043.07,2945632.49,-24410.57999999961,0.008218931316709697,-0.008218931316709697
2025-02,2025-10,8,US01,Events,2152138.58,2622482.49,470343.91000000015,0.21854722292093298,0.21854722292093298
2025-02,2025-10,8,US01,Hardware,5845785.48,6062577.84,216792.3599999994,0.037085240425209616,0.037085240425209616
2025-02,2025-10,8,US01,Software,1012386.25,1142791.23,130404.97999999998,0.12880951316752867,0.12880951316752867
2025-02,2025-11,9,DE01,Hardware,5643282.3,5820993.56,177711.25999999978,0.031490762034002764,0.031490762034002764
2025-02,2025-11,9,DE01,Software,824405.33,952967.18,128561.8500000001,0.1559449524665253,0.1559449524665253
2025-02,2025-11,9,ES01,Events,3330726.18,3263311.74,-67414.43999999994,0.0202401627623439,-0.0202401627623439
2025-02,2025-11,9,ES01,Hardware,5042528.53,4859570.05,-182958.48000000045,0.03628308276522541,-0.03628308276522541
2025-02,2025-11,9,ES01,Spare Parts,2246247.57,2185824.64,-60422.9299999997,0.0268994971021826,-0.0268994971021826
2025-02,2025-11,9,JP01,Hardware,3715131.39,3163950.88,-551180.5100000002,0.14836097358053338,-0.14836097358053338
2025-02,2025-11,9,JP01,Software,690835.74,781547.96,90712.21999999997,0.13130794304301624,0.13130794304301624
2025-02,2025-11,9,JP01,Spare Parts,3080239.12,3067175.34,-13063.78000000026,0.004241157744922173,-0.004241157744922173
2025-02,2025-11,9,US01,Events,2247091.5,2725213.42,478121.9199999999,0.2127736765503318,0.2127736765503318
2025-02,2025-11,9,US01,Hardware,6014569.7,6305167.44,290597.7400000002,0.048315632621233104,0.048315632621233104
2025-02,2025-11,9,US01,Software,1040772.17,1195018.66,154246.48999999987,0.14820389557495553,0.14820389557495553
2025-02,2025-12,10,DE01,Hardware,5888462.87,6150439.24,261976.3700000001,0.044489771912241016,0.044489771912241016
2025-02,2025-12,10,DE01,Software,827130.13,1012407.73,185277.59999999998,0.22400054511374162,0.22400054511374162
2025-02,2025-12,10,ES01,Events,2470654.47,3445214.0,974559.5299999998,0.39445399663676955,0.39445399663676955
2025-02,2025-12,10,ES01,Hardware,5478749.67,5134602.88,-344146.79000000004,0.06281484110954097,-0.06281484110954097
2025-02,2025-12,10,ES01,Spare Parts,2349745.46,2312304.78,-37440.68000000017,0.01593393013726694,-0.01593393013726694
2025-02,2025-12,10,JP01,Hardware,3812651.53,3343018.24,-469633.2899999996,0.12317760653043464,-0.12317760653043464
2025-02,2025-12,10,JP01,Software,696583.87,830296.37,133712.5,0.19195463139277114,0.19195463139277114
2025-02,2025-12,10,JP01,Spare Parts,3250211.08,3244653.78,-5557.300000000279,0.001709827412193881,-0.001709827412193881
2025-02,2025-12,10,US01,Events,2120276.55,2877121.21,756844.6600000001,0.35695563392426344,0.35695563392426344
2025-02,2025-12,10,US01,Hardware,6382523.77,6662015.49,279491.72000000067,0.0437901573220464,0.0437901573220464
2025-02,2025-12,10,US01,Software,1033741.14,1269556.97,235815.82999999996,0.2281188402736878,0.2281188402736878
2025-02,2026-01,11,DE01,Hardware,4361789.12,4599936.39,238147.26999999955,0.05459852905497631,0.05459852905497631
2025-02,2026-01,11,DE01,Software,824720.26,761324.21,-63396.05000000005,0.07686976187537826,-0.07686976187537826
2025-02,2026-01,11,ES01,Events,4029079.65,2574604.5,-1454475.15,0.36099438987263505,-0.36099438987263505
2025-02,2026-01,11,ES01,Hardware,3969315.91,3840188.6,-129127.31000000006,0.032531376420477466,-0.032531376420477466
2025-02,2026-01,11,ES01,Spare Parts,1730376.87,1731456.23,1079.3599999998696,0.0006237716295871832,0.0006237716295871832
2025-02,2026-01,11,JP01,Hardware,2301293.04,2500255.78,198962.73999999976,0.08645693379405509,0.08645693379405509
2025-02,2026-01,11,JP01,Software,666552.84,624377.62,-42175.21999999997,0.06327363334015645,-0.06327363334015645
2025-02,2026-01,11,JP01,Spare Parts,2397037.82,2429600.13,32562.310000000056,0.013584395593724949,0.013584395593724949
2025-02,2026-01,11,US01,Events,1694382.05,2150069.41,455687.3600000001,0.26894014841576025,0.26894014841576025
2025-02,2026-01,11,US01,Hardware,4715868.51,4982546.18,266677.6699999999,0.056549004586219885,0.056549004586219885
2025-02,2026-01,11,US01,Software,1019508.7,954698.81,-64809.8899999999,0.06356972726176824,-0.06356972726176824
2025-02,2026-02,12,DE01,Hardware,4590563.92,4822830.63,232266.70999999996,0.050596552852269175,0.050596552852269175
2025-02,2026-02,12,DE01,Software,838223.83,802579.97,-35643.859999999986,0.04252308121567003,-0.04252308121567003
2025-02,2026-02,12,ES01,Events,2671339.66,2697176.3,25836.639999999665,0.009671791418692021,0.009671791418692021
2025-02,2026-02,12,ES01,Hardware,4158406.09,4026268.55,-132137.54000000004,0.03177600675358766,-0.03177600675358766
2025-02,2026-02,12,ES01,Spare Parts,1839318.77,1817533.59,-21785.179999999935,0.011844156845091042,-0.011844156845091042
2025-02,2026-02,12,JP01,Hardware,2845134.32,2621408.03,-223726.29000000004,0.07863470220977126,-0.07863470220977126
2025-02,2026-02,12,JP01,Software,688429.15,658212.32,-30216.830000000075,0.04389243250376611,-0.04389243250376611
2025-02,2026-02,12,JP01,Spare Parts,2545994.33,2550384.92,4390.589999999851,0.001724508946569355,0.001724508946569355
2025-02,2026-02,12,US01,Events,2126392.69,2252429.93,126037.24000000022,0.059272795938740845,0.059272795938740845
2025-02,2026-02,12,US01,Hardware,5150460.5,5223980.13,73519.62999999989,0.014274379931658516,0.014274379931658516
2025-02,2026-02,12,US01,Software,1031074.72,1006433.45,-24641.27000000002,0.02389862686188254,-0.02389862686188254
2025-02,2026-03,13,DE01,Hardware,5078909.1,5204684.48,125775.38000000082,0.024764251047533187,0.024764251047533187
2025-02,2026-03,13,DE01,Software,860159.24,870861.73,10702.48999999999,0.012442451934830102,0.012442451934830102
2025-02,2026-03,13,ES01,Events,4347630.29,2908374.69,-1439255.6,0.33104369599007466,-0.33104369599007466
2025-02,2026-03,13,ES01,Hardware,4575854.05,4345053.57,-230800.47999999952,0.050438776560191974,-0.050438776560191974
2025-02,2026-03,13,ES01,Spare Parts,2016743.57,1963792.46,-52951.1100000001,0.0262557475266923,-0.0262557475266923
2025-02,2026-03,13,JP01,Hardware,3265538.72,2828961.4,-436577.3200000003,0.13369228094775132,-0.13369228094775132
2025-02,2026-03,13,JP01,Software,727869.52,714211.59,-13657.930000000051,0.01876425598917791,-0.01876425598917791
2025-02,2026-03,13,JP01,Spare Parts,2806973.74,2755617.12,-51356.62000000011,0.0182960813876371,-0.0182960813876371
2025-02,2026-03,13,US01,Events,2052129.69,2428803.12,376673.43000000017,0.18355244887081196,0.18355244887081196
2025-02,2026-03,13,US01,Hardware,5641419.01,5637595.51,-3823.5,0.0006777550104366384,-0.0006777550104366384
2025-02,2026-03,13,US01,Software,1086297.7,1092058.62,5760.920000000158,0.005303260791217876,0.005303260791217876
2025-02,2026-04,14,DE01,Hardware,5292387.16,5325073.61,32686.450000000186,0.0061761260111590525,0.0061761260111590525
2025-02,2026-04,14,DE01,Software,883747.55,895878.08,12130.529999999912,0.013726238901595723,0.013726238901595723
2025-02,2026-04,14,ES01,Events,1899602.31,2973241.54,1073639.23,0.5651915794943416,0.5651915794943416
2025-02,2026-04,14,ES01,Hardware,4826801.56,4445558.64,-381242.9199999999,0.07898458539488828,-0.07898458539488828
2025-02,2026-04,14,ES01,Spare Parts,2107476.69,2011627.4,-95849.29000000004,0.045480593192231245,-0.045480593192231245
2025-02,2026-04,14,JP01,Hardware,3471706.0,2894397.87,-577308.1299999999,0.16628946402719583,-0.16628946402719583
2025-02,2026-04,14,JP01,Software,741056.59,734728.01,-6328.579999999958,0.008539941598792015,-0.008539941598792015
2025-02,2026-04,14,JP01,Spare Parts,2940055.28,2822739.68,-117315.59999999963,0.03990251503026149,-0.03990251503026149
2025-02,2026-04,14,US01,Events,2301375.69,2482973.86,181598.16999999993,0.0789085288373755,0.0789085288373755
2025-02,2026-04,14,US01,Hardware,6025098.71,5767998.27,-257100.4400000004,0.04267157309361334,-0.04267157309361334
2025-02,2026-04,14,US01,Software,1101695.33,1123429.06,21733.72999999998,0.019727532111804433,0.019727532111804433
2025-02,2026-05,15,DE01,Hardware,5381249.6,5446111.08,64861.48000000045,0.012053237597453284,0.012053237597453284
2025-02,2026-05,15,DE01,Software,885391.85,921251.66,35859.810000000056,0.040501626483234576,0.040501626483234576
2025-02,2026-05,15,ES01,Events,3489160.2399999998,3038363.27,-450796.96999999974,0.12919927403506115,-0.12919927403506115
2025-02,2026-05,15,ES01,Hardware,5134093.25,4546604.98,-587488.2699999996,0.11442882732992814,-0.11442882732992814
2025-02,2026-05,15,ES01,Spare Parts,2174342.11,2059819.52,-114522.58999999985,0.05266999589130887,-0.05266999589130887
2025-02,2026-05,15,JP01,Hardware,3584493.15,2960186.75,-624306.3999999999,0.17416866872796224,-0.17416866872796224
2025-02,2026-05,15,JP01,Software,748277.66,755537.41,7259.75,0.009701946734585127,0.009701946734585127
2025-02,2026-05,15,JP01,Spare Parts,3019944.0,2890363.44,-129580.56000000006,0.04290826584863827,-0.04290826584863827
2025-02,2026-05,15,US01,Events,1834312.06,2537357.46,703045.3999999999,0.383274697545193,0.383274697545193
2025-02,2026-05,15,US01,Hardware,5861610.25,5899103.3,37493.049999999814,0.006396373760947312,0.006396373760947312
2025-02,2026-05,15,US01,Software,1100147.2,1155247.48,55100.28000000003,0.05008446142479846,0.05008446142479846
2025-02,2026-06,16,DE01,Hardware,5375821.92,5567799.64,191977.71999999974,0.03571132430666523,0.03571132430666523
2025-02,2026-06,16,DE01,Software,913395.84,946986.71,33590.869999999995,0.036775807956383945,0.036775807956383945
2025-02,2026-06,16,ES01,Events,2432535.35,3103740.67,671205.3199999998,0.27592829020963655,0.27592829020963655
2025-02,2026-06,16,ES01,Hardware,5025591.43,4648194.87,-377396.5599999996,0.07509495454547915,-0.07509495454547915
2025-02,2026-06,16,ES01,Spare Parts,2201176.53,2108370.92,-92805.60999999987,0.042161820615087095,-0.042161820615087095
2025-02,2026-06,16,JP01,Hardware,3639861.9,3026329.51,-613532.3900000001,0.16855924945943696,-0.16855924945943696
2025-02,2026-06,16,JP01,Software,761159.52,776643.25,15483.729999999981,0.020342293032083448,0.020342293032083448
2025-02,2026-06,16,JP01,Spare Parts,3033019.12,2958491.35,-74527.77000000002,0.024572139855155287,-0.024572139855155287
2025-02,2026-06,16,US01,Events,1106838.42,2591954.56,1485116.1400000001,1.3417641754791998,1.3417641754791998
2025-02,2026-06,16,US01,Hardware,5969717.7700000005,6030913.57,61195.799999999814,0.010251037378606227,0.010251037378606227
2025-02,2026-06,16,US01,Software,1130166.27,1187519.16,57352.8899999999,0.050747302872523256,0.050747302872523256
2025-02,2026-07,17,DE01,Hardware,5009268.27,5051995.26,42726.99000000022,0.008529587096759788,0.008529587096759788
2025-02,2026-07,17,DE01,Software,899460.19,863956.17,-35504.0199999999,0.03947258632980733,-0.03947258632980733
2025-02,2026-07,17,ES01,Events,3033738.22,2813930.65,-219807.5700000003,0.07245436292126757,-0.07245436292126757
2025-02,2026-07,17,ES01,Hardware,4727054.36,4217583.24,-509471.1200000001,0.10777771550737997,-0.10777771550737997
2025-02,2026-07,17,ES01,Spare Parts,2008950.68,1915345.38,-93605.30000000005,0.04659412544662373,-0.04659412544662373
2025-02,2026-07,17,JP01,Hardware,3142643.03,2745968.49,-396674.5399999996,0.12622322555037363,-0.12622322555037363
2025-02,2026-07,17,JP01,Software,739957.45,708548.2,-31409.25,0.042447373156388926,-0.042447373156388926
2025-02,2026-07,17,JP01,Spare Parts,2790693.87,2687635.6,-103058.27000000002,0.03692926376048549,-0.03692926376048549
2025-02,2026-07,17,US01,Events,2810554.0,2349932.27,-460621.73,0.16389001243171275,-0.16389001243171275
2025-02,2026-07,17,US01,Hardware,5368735.5,5472206.03,103470.53000000026,0.019272793379372155,0.019272793379372155
2025-02,2026-07,17,US01,Software,1132865.88,1083399.06,-49466.81999999983,0.04366520421640718,-0.04366520421640718
2025-02,2026-08,18,DE01,Hardware,4959088.61,4479851.77,-479236.8400000008,0.09663808769894126,-0.09663808769894126
2025-02,2026-08,18,DE01,Software,917130.34,770301.8,-146828.53999999992,0.1600956086568894,-0.1600956086568894
2025-02,2026-08,18,ES01,Events,3285979.84,2493232.19,-792747.6499999999,0.24125152575494802,-0.24125152575494802
2025-02,2026-08,18,ES01,Hardware,4556218.7,3739937.74,-816280.96,0.1791575457078037,-0.1791575457078037
2025-02,2026-08,18,ES01,Spare Parts,1868999.55,1700468.36,-168531.18999999994,0.09017187296808067,-0.09017187296808067
2025-02,2026-08,18,JP01,Hardware,2819534.27,2434984.82,-384549.4500000002,0.1363875779385367,-0.1363875779385367
2025-02,2026-08,18,JP01,Software,776565.13,631740.33,-144824.80000000005,0.18649408067034898,-0.18649408067034898
2025-02,2026-08,18,JP01,Spare Parts,2596342.8,2386117.58,-210225.21999999974,0.08096974713816671,-0.08096974713816671
2025-02,2026-08,18,US01,Events,3051386.78,2082114.85,-969271.9299999997,0.3176496458439791,-0.3176496458439791
2025-02,2026-08,18,US01,Hardware,5173236.29,4852473.25,-320763.04000000004,0.062004328048970686,-0.062004328048970686
2025-02,2026-08,18,US01,Software,1148086.16,965956.7,-182129.45999999996,0.1586374493008434,-0.1586374493008434
2025-02,2026-09,19,DE01,Hardware,6069665.33,5562406.53,-507258.7999999998,0.08357277912718127,-0.08357277912718127
2025-02,2026-09,19,DE01,Software,948116.76,961675.37,13558.609999999986,0.014300569900272606,0.014300569900272606
2025-02,2026-09,19,ES01,Events,4042369.35,3093217.33,-949152.02,0.23480091446863954,-0.23480091446863954
2025-02,2026-09,19,ES01,Hardware,5537028.63,4643692.51,-893336.1200000001,0.1613385408845177,-0.1613385408845177
2025-02,2026-09,19,ES01,Spare Parts,2347978.79,2113919.2,-234059.58999999985,0.09968556402504805,-0.09968556402504805
2025-02,2026-09,19,JP01,Hardware,4084597.49,3023398.14,-1061199.35,0.25980512219332536,-0.25980512219332536
2025-02,2026-09,19,JP01,Software,799035.7,788689.72,-10345.979999999981,0.012948082294695946,-0.012948082294695946
2025-02,2026-09,19,JP01,Spare Parts,3296065.24,2966276.76,-329788.48000000045,0.10005520400439659,-0.10005520400439659
2025-02,2026-09,19,US01,Events,2597468.57,2583166.44,-14302.129999999888,0.005506180196051377,-0.005506180196051377
2025-02,2026-09,19,US01,Hardware,6672882.34,6025071.88,-647810.46,0.09708105538093453,-0.09708105538093453
2025-02,2026-09,19,US01,Software,1211429.73,1205938.71,-5491.020000000019,0.004532677268866448,-0.004532677268866448
2025-03,2025-04,1,DE01,Hardware,4804531.26,5228014.47,423483.20999999996,0.08814246116487959,0.08814246116487959
2025-03,2025-04,1,DE01,Software,761822.84,819801.18,57978.340000000084,0.0761047542234361,0.0761047542234361
2025-03,2025-04,1,ES01,Events,2047813.5299999998,2511731.97,463918.4400000004,0.22654330250469654,0.22654330250469654
2025-03,2025-04,1,ES01,Hardware,4490297.08,4381072.7,-109224.37999999989,0.024324533110847063,-0.024324533110847063
2025-03,2025-04,1,ES01,Spare Parts,1934873.53,1949842.16,14968.629999999888,0.007736231731900269,0.007736231731900269
2025-03,2025-04,1,JP01,Hardware,3179389.49,2897523.01,-281866.48000000045,0.08865427808909326,-0.08865427808909326
2025-03,2025-04,1,JP01,Software,618173.43,672068.9,53895.46999999997,0.08718503155336192,0.08718503155336192
2025-03,2025-04,1,JP01,Spare Parts,2685766.17,2709824.55,24058.37999999989,0.008957734395768299,0.008957734395768299
2025-03,2025-04,1,US01,Events,2207176.32,2307736.56,100560.24000000022,0.045560583034888774,0.045560583034888774
2025-03,2025-04,1,US01,Hardware,5414874.6,5753361.21,338486.61000000034,0.06251051686404711,0.06251051686404711
2025-03,2025-04,1,US01,Software,940565.21,1027633.54,87068.33000000007,0.0925702216861711,0.0925702216861711
2025-03,2025-05,2,DE01,Hardware,5113897.66,5346845.82,232948.16000000015,0.04555197923143424,0.04555197923143424
2025-03,2025-05,2,DE01,Software,763763.57,843020.07,79256.5,0.10377098766310627,0.10377098766310627
2025-03,2025-05,2,ES01,Events,2691589.14,2566745.44,-124843.70000000019,0.04638289631381117,-0.04638289631381117
2025-03,2025-05,2,ES01,Hardware,4691848.15,4480653.29,-211194.86000000034,0.04501314902955679,-0.04501314902955679
2025-03,2025-05,2,ES01,Spare Parts,1975457.31,1996554.1,21096.790000000037,0.010679446168340654,0.010679446168340654
2025-03,2025-05,2,JP01,Hardware,3268108.44,2963382.92,-304725.52,0.09324216916131461,-0.09324216916131461
2025-03,2025-05,2,JP01,Software,616363.4,691103.63,74740.22999999998,0.12126000667787863,0.12126000667787863
2025-03,2025-05,2,JP01,Spare Parts,2734857.58,2774743.22,39885.64000000013,0.014584174434414288,0.014584174434414288
2025-03,2025-05,2,US01,Events,3069954.84,2358282.0,-711672.8399999999,0.231818667404241,-0.231818667404241
2025-03,2025-05,2,US01,Hardware,5637315.36,5884133.55,246818.18999999948,0.04378293110073577,0.04378293110073577
2025-03,2025-05,2,US01,Software,951877.53,1056738.77,104861.23999999999,0.11016253319899251,0.11016253319899251
2025-03,2025-06,3,DE01,Hardware,5113854.93,5466316.39,352461.45999999996,0.068922850730926,0.068922850730926
2025-03,2025-06,3,DE01,Software,768954.13,866569.73,97615.59999999998,0.12694593369307994,0.12694593369307994
2025-03,2025-06,3,ES01,Events,3323926.6,2621974.9,-701951.7000000002,0.2111814683272489,-0.2111814683272489
2025-03,2025-06,3,ES01,Hardware,4808227.65,4580769.55,-227458.10000000056,0.047306017218215646,-0.047306017218215646
2025-03,2025-06,3,ES01,Spare Parts,2037961.34,2043614.29,5652.949999999953,0.002773825925471164,0.002773825925471164
2025-03,2025-06,3,JP01,Hardware,3267211.05,3029597.11,-237613.93999999994,0.07272684144478514,-0.07272684144478514
2025-03,2025-06,3,JP01,Software,635120.07,710409.52,75289.45000000007,0.11854364797509875,0.11854364797509875
2025-03,2025-06,3,JP01,Spare Parts,2823049.9,2840145.89,17095.990000000224,0.006055858240408795,0.006055858240408795
2025-03,2025-06,3,US01,Events,2256814.93,2409025.88,152210.94999999972,0.06744502970830653,0.06744502970830653
2025-03,2025-06,3,US01,Hardware,5719263.22,6015609.33,296346.11000000034,0.05181543471608225,0.05181543471608225
2025-03,2025-06,3,US01,Software,962174.36,1086258.63,124084.2699999999,0.12896235355928617,0.12896235355928617
2025-03,2025-07,4,DE01,Hardware,4722270.85,4959913.47,237642.6200000001,0.05032380131266721,0.05032380131266721
2025-03,2025-07,4,DE01,Software,770646.51,790590.05,19943.540000000037,0.0258789727082525,0.0258789727082525
2025-03,2025-07,4,ES01,Events,3546902.57,2377149.48,-1169753.0899999999,0.32979566450284536,-0.32979566450284536
2025-03,2025-07,4,ES01,Hardware,4357362.47,4156404.24,-200958.22999999952,0.04611923643800042,-0.04611923643800042
2025-03,2025-07,4,ES01,Spare Parts,1860477.6,1856517.35,-3960.25,0.002128620091959183,-0.002128620091959183
2025-03,2025-07,4,JP01,Hardware,2913153.02,2748933.36,-164219.66000000015,0.056371793336142756,-0.056371793336142756
2025-03,2025-07,4,JP01,Software,638190.11,648121.76,9931.650000000023,0.01556221233199622,0.01556221233199622
2025-03,2025-07,4,JP01,Spare Parts,2571194.41,2580124.9,8930.489999999758,0.003473284620278774,0.003473284620278774
2025-03,2025-07,4,US01,Events,1513970.65,2184084.45,670113.8000000003,0.44262007324910846,0.44262007324910846
2025-03,2025-07,4,US01,Hardware,5224763.8,5458319.58,233555.78000000026,0.04470169158651732,0.04470169158651732
2025-03,2025-07,4,US01,Software,983710.2,991016.92,7306.7200000000885,0.00742771600823097,0.00742771600823097
2025-03,2025-08,5,DE01,Hardware,4305816.89,4398198.34,92381.45000000019,0.0214550345172714,0.0214550345172714
2025-03,2025-08,5,DE01,Software,783265.11,704888.7,-78376.41000000003,0.10006370639948463,-0.10006370639948463
2025-03,2025-08,5,ES01,Events,1659616.36,2106230.16,446613.80000000005,0.2691066506478642,0.2691066506478642
2025-03,2025-08,5,ES01,Hardware,3706548.86,3685687.32,-20861.540000000037,0.005628292189840454,-0.005628292189840454
2025-03,2025-08,5,ES01,Spare Parts,1649564.19,1648240.07,-1324.119999999879,0.0008027089870324349,-0.0008027089870324349
2025-03,2025-08,5,JP01,Hardware,2264184.89,2437613.93,173429.04000000004,0.07659667757963,0.07659667757963
2025-03,2025-08,5,JP01,Software,658777.62,577864.22,-80913.40000000002,0.122823540969713,-0.122823540969713
2025-03,2025-08,5,JP01,Spare Parts,2267916.03,2290668.19,22752.16000000015,0.010032188008301237,0.010032188008301237
2025-03,2025-08,5,US01,Events,1368544.87,1935168.4,566623.5299999998,0.41403357859943585,0.41403357859943585
2025-03,2025-08,5,US01,Hardware,4496825.37,4840159.46,343334.08999999985,0.07635032756453246,0.07635032756453246
2025-03,2025-08,5,US01,Software,979283.84,883588.94,-95694.90000000002,0.0977192679907799,-0.0977192679907799
2025-03,2025-09,6,DE01,Hardware,5132921.29,5461021.58,328100.29000000004,0.06392077171321675,0.06392077171321675
2025-03,2025-09,6,DE01,Software,803407.79,880011.04,76603.25,0.09534790545160135,0.09534790545160135
2025-03,2025-09,6,ES01,Events,2098177.43,2613084.99,514907.56000000006,0.24540706264293388,0.24540706264293388
2025-03,2025-09,6,ES01,Hardware,4752466.38,4576332.5,-176133.8799999999,0.03706157306892929,-0.03706157306892929
2025-03,2025-09,6,ES01,Spare Parts,2061119.91,2048992.16,-12127.75,0.0058840584388901475,-0.0058840584388901475
2025-03,2025-09,6,JP01,Hardware,3420851.08,3026662.56,-394188.52,0.11523112546600538,-0.11523112546600538
2025-03,2025-09,6,JP01,Software,665617.74,721428.65,55810.91000000003,0.08384829106267515,0.08384829106267515
2025-03,2025-09,6,JP01,Spare Parts,2827480.22,2847619.86,20139.639999999665,0.007122822595731426,0.007122822595731426
2025-03,2025-09,6,US01,Events,3680310.3,2400857.99,-1279452.3099999996,0.34764794425078765,-0.34764794425078765
2025-03,2025-09,6,US01,Hardware,5710211.41,6009782.47,299571.0599999996,0.0524623413198636,0.0524623413198636
2025-03,2025-09,6,US01,Software,987656.78,1103107.53,115450.75,0.11689359333917598,0.11689359333917598
2025-03,2025-10,7,DE01,Hardware,5456597.86,5687341.91,230744.0499999998,0.04228716425879326,0.04228716425879326
2025-03,2025-10,7,DE01,Software,819095.4,921493.04,102397.64000000001,0.12501308150430343,0.12501308150430343
2025-03,2025-10,7,ES01,Events,3244030.3,2719177.81,-524852.4899999998,0.16179025516500256,-0.16179025516500256
2025-03,2025-10,7,ES01,Hardware,5042217.8,4765988.79,-276229.0099999998,0.05478323645598962,-0.05478323645598962
2025-03,2025-10,7,ES01,Spare Parts,2137107.6,2136468.47,-639.1299999998882,0.0002990630888214932,-0.0002990630888214932
2025-03,2025-10,7,JP01,Hardware,3573820.2199999997,3152096.1,-421724.11999999965,0.1180037310326706,-0.1180037310326706
2025-03,2025-10,7,JP01,Software,678511.8099999999,755435.38,76923.57000000007,0.11337101118402061,0.11337101118402061
2025-03,2025-10,7,JP01,Spare Parts,2970043.07,2969191.47,-851.5999999996275,0.00028672984866836545,-0.00028672984866836545
2025-03,2025-10,7,US01,Events,2152138.58,2498334.26,346195.6799999997,0.16086123970697078,0.16086123970697078
2025-03,2025-10,7,US01,Hardware,5845785.48,6258845.02,413059.5399999991,0.07065937356291752,0.07065937356291752
2025-03,2025-10,7,US01,Software,1012386.25,1155105.87,142719.6200000001,0.1409734871448522,0.1409734871448522
2025-03,2025-11,8,DE01,Hardware,5643282.3,5914916.72,271634.4199999999,0.048134118684794475,0.048134118684794475
2025-03,2025-11,8,DE01,Software,824405.33,963606.79,139201.46000000008,0.16885075209302697,0.16885075209302697
2025-03,2025-11,8,ES01,Events,3330726.18,2825696.61,-505029.5700000003,0.1516274658158781,-0.1516274658158781
2025-03,2025-11,8,ES01,Hardware,5042528.53,4956696.33,-85832.20000000019,0.01702165877482902,-0.01702165877482902
2025-03,2025-11,8,ES01,Spare Parts,2246247.57,2224623.54,-21624.029999999795,0.009626734955132214,-0.009626734955132214
2025-03,2025-11,8,JP01,Hardware,3715131.39,3278224.91,-436906.48,0.11760189186740982,-0.11760189186740982
2025-03,2025-11,8,JP01,Software,690835.74,789960.02,99124.28000000003,0.14348458578590625,0.14348458578590625
2025-03,2025-11,8,JP01,Spare Parts,3080239.12,3091706.41,11467.290000000037,0.00372285707481049,0.00372285707481049
2025-03,2025-11,8,US01,Events,2247091.5,2596201.92,349110.4199999999,0.15536101667422084,0.15536101667422084
2025-03,2025-11,8,US01,Hardware,6014569.7,6509288.1,494718.39999999944,0.08225333227080225,0.08225333227080225
2025-03,2025-11,8,US01,Software,1040772.17,1207896.1,167123.93000000005,0.16057686284982048,0.16057686284982048
2025-03,2025-12,9,DE01,Hardware,5888462.87,6249678.09,361215.21999999974,0.06134287130182749,0.06134287130182749
2025-03,2025-12,9,DE01,Software,827130.13,1023710.98,196580.84999999998,0.23766616989275915,0.23766616989275915
2025-03,2025-12,9,ES01,Events,2470654.47,2983205.49,512551.02,0.20745556540733112,0.20745556540733112
2025-03,2025-12,9,ES01,Hardware,5478749.67,5237226.14,-241523.53000000026,0.0440836951033757,-0.0440836951033757
2025-03,2025-12,9,ES01,Spare Parts,2349745.46,2353348.74,3603.2800000002608,0.0015334767366675796,0.0015334767366675796
2025-03,2025-12,9,JP01,Hardware,3812651.53,3463759.74,-348891.7899999996,0.091508963579475,-0.091508963579475
2025-03,2025-12,9,JP01,Software,696583.87,839233.13,142649.26,0.20478404129570213,0.20478404129570213
2025-03,2025-12,9,JP01,Spare Parts,3250211.08,3270604.32,20393.239999999758,0.006274435566812404,0.006274435566812404
2025-03,2025-12,9,US01,Events,2120276.55,2740918.4,620641.8500000001,0.2927174051894316,0.2927174051894316
2025-03,2025-12,9,US01,Hardware,6382523.77,6877688.59,495164.8200000003,0.07758135149099497,0.07758135149099497
2025-03,2025-12,9,US01,Software,1033741.14,1283237.63,249496.48999999987,0.24135296579180343,0.24135296579180343
2025-03,2026-01,10,DE01,Hardware,4361789.12,4674157.5,312368.3799999999,0.07161473684449923,0.07161473684449923
2025-03,2026-01,10,DE01,Software,824720.26,769824.18,-54896.07999999996,0.06656327322430512,-0.06656327322430512
2025-03,2026-01,10,ES01,Events,4029079.65,2229346.07,-1799733.58,0.4466860266711283,-0.4466860266711283
2025-03,2026-01,10,ES01,Hardware,3969315.91,3916940.92,-52374.99000000022,0.013194966384018606,-0.013194966384018606
2025-03,2026-01,10,ES01,Spare Parts,1730376.87,1762189.98,31813.10999999987,0.01838507584766772,0.01838507584766772
2025-03,2026-01,10,JP01,Hardware,2301293.04,2590558.8,289265.7599999998,0.12569705594729463,0.12569705594729463
2025-03,2026-01,10,JP01,Software,666552.84,631098.01,-35454.82999999996,0.053191326887152654,-0.053191326887152654
2025-03,2026-01,10,JP01,Spare Parts,2397037.82,2449031.92,51994.10000000009,0.021690980244942527,0.021690980244942527
2025-03,2026-01,10,US01,Events,1694382.05,2048285.2,353903.1499999999,0.20886856656679048,0.20886856656679048
2025-03,2026-01,10,US01,Hardware,4715868.51,5143848.89,427980.3799999999,0.09075324706201358,0.09075324706201358
2025-03,2026-01,10,US01,Software,1019508.7,964986.58,-54522.119999999995,0.053478817787430355,-0.053478817787430355
2025-03,2026-02,11,DE01,Hardware,4590563.92,4900648.19,310084.2700000005,0.06754818697742923,0.06754818697742923
2025-03,2026-02,11,DE01,Software,838223.83,811540.55,-26683.27999999991,0.03183312027767084,-0.03183312027767084
2025-03,2026-02,11,ES01,Events,2671339.66,2335480.8,-335858.86000000034,0.12572675239658604,-0.12572675239658604
2025-03,2026-02,11,ES01,Hardware,4158406.09,4106739.97,-51666.119999999646,0.012424500850035944,-0.012424500850035944
2025-03,2026-02,11,ES01,Spare Parts,1839318.77,1849795.24,10476.469999999972,0.005695842488466516,0.005695842488466516
2025-03,2026-02,11,JP01,Hardware,2845134.32,2716086.76,-129047.56000000006,0.04535728211243119,-0.04535728211243119
2025-03,2026-02,11,JP01,Software,688429.15,665296.88,-23132.27000000002,0.03360152602486402,-0.03360152602486402
2025-03,2026-02,11,JP01,Spare Parts,2545994.33,2570782.74,24788.41000000015,0.009736239279056112,0.009736239279056112
2025-03,2026-02,11,US01,Events,2126392.69,2145799.98,19407.290000000037,0.009126860758724691,0.009126860758724691
2025-03,2026-02,11,US01,Hardware,5150460.5,5393098.92,242638.41999999993,0.04711004384947713,0.04711004384947713
2025-03,2026-02,11,US01,Software,1031074.72,1017278.71,-13796.01000000001,0.013380223307191559,-0.013380223307191559
2025-03,2026-03,12,DE01,Hardware,5078909.1,5288663.35,209754.25,0.04129907542546883,0.04129907542546883
2025-03,2026-03,12,DE01,Software,860159.24,880584.66,20425.420000000042,0.02374609147952656,0.02374609147952656
2025-03,2026-03,12,ES01,Events,4347630.29,2518357.17,-1829273.12,0.42075176544047865,-0.42075176544047865
2025-03,2026-03,12,ES01,Hardware,4575854.05,4431896.42,-143957.6299999999,0.031460275705253296,-0.031460275705253296
2025-03,2026-03,12,ES01,Spare Parts,2016743.57,1998650.24,-18093.330000000075,0.00897155705323512,-0.00897155705323512
2025-03,2026-03,12,JP01,Hardware,3265538.72,2931136.44,-334402.28000000026,0.10240340374834087,-0.10240340374834087
2025-03,2026-03,12,JP01,Software,727869.52,721898.9,-5970.619999999995,0.008202871305835139,-0.008202871305835139
2025-03,2026-03,12,JP01,Spare Parts,2806973.74,2777656.38,-29317.360000000335,0.010444472487298842,-0.010444472487298842
2025-03,2026-03,12,US01,Events,2052129.69,2313823.67,261693.97999999998,0.12752311965234517,0.12752311965234517
2025-03,2026-03,12,US01,Hardware,5641419.01,5820104.5,178685.49000000022,0.031673855404688374,0.031673855404688374
2025-03,2026-03,12,US01,Software,1086297.7,1103826.57,17528.87000000011,0.016136340894397652,0.016136340894397652
2025-03,2026-04,13,DE01,Hardware,5292387.16,5410994.98,118607.8200000003,0.022411024820036086,0.022411024820036086
2025-03,2026-04,13,DE01,Software,883747.55,905880.31,22132.76000000001,0.025044210872211196,0.025044210872211196
2025-03,2026-04,13,ES01,Events,1899602.31,2574525.27,674922.96,0.3552969779237634,0.3552969779237634
2025-03,2026-04,13,ES01,Hardware,4826801.56,4534410.24,-292391.31999999937,0.060576619188794534,-0.060576619188794534
2025-03,2026-04,13,ES01,Spare Parts,2107476.69,2047334.26,-60142.429999999935,0.028537648973949,-0.028537648973949
2025-03,2026-04,13,JP01,Hardware,3471706.0,2998936.32,-472769.68000000017,0.1361779136827831,-0.1361779136827831
2025-03,2026-04,13,JP01,Software,741056.59,742636.14,1579.5500000000466,0.002131483642834951,0.002131483642834951
2025-03,2026-04,13,JP01,Spare Parts,2940055.28,2845315.78,-94739.5,0.0322237138343875,-0.0322237138343875
2025-03,2026-04,13,US01,Events,2301375.69,2365429.97,64054.28000000026,0.02783303928964343,0.02783303928964343
2025-03,2026-04,13,US01,Hardware,6025098.71,5954728.85,-70369.86000000034,0.011679453464091103,-0.011679453464091103
2025-03,2026-04,13,US01,Software,1101695.33,1135535.06,33839.72999999998,0.03071605105197276,0.03071605105197276
2025-03,2026-05,14,DE01,Hardware,5381249.6,5533985.43,152735.83000000007,0.02838296703427399,0.02838296703427399
2025-03,2026-05,14,DE01,Software,885391.85,931537.18,46145.330000000075,0.052118539378920276,0.052118539378920276
2025-03,2026-05,14,ES01,Events,3489160.2399999998,2630914.08,-858246.1599999997,0.24597499139219806,-0.24597499139219806
2025-03,2026-05,14,ES01,Hardware,5134093.25,4637476.16,-496617.08999999985,0.09672926957452513,-0.09672926957452513
2025-03,2026-05,14,ES01,Spare Parts,2174342.11,2096381.8,-77960.30999999982,0.035854665943069935,-0.035854665943069935
2025-03,2026-05,14,JP01,Hardware,3584493.15,3067101.32,-517391.8300000001,0.14434169863039076,-0.14434169863039076
2025-03,2026-05,14,JP01,Software,748277.66,763669.51,15391.849999999977,0.02056970403205673,0.02056970403205673
2025-03,2026-05,14,JP01,Spare Parts,3019944.0,2913480.38,-106463.62000000011,0.03525350801206913,-0.03525350801206913
2025-03,2026-05,14,US01,Events,1834312.06,2417239.05,582926.9899999998,0.3177905236037099,0.3177905236037099
2025-03,2026-05,14,US01,Hardware,5861610.25,6090078.22,228467.96999999974,0.03897699783092875,0.03897699783092875
2025-03,2026-05,14,US01,Software,1100147.2,1167696.34,67549.14000000013,0.06140009264214837,0.06140009264214837
2025-03,2026-06,15,DE01,Hardware,5375821.92,5657637.46,281815.54000000004,0.05242278189155493,0.05242278189155493
2025-03,2026-06,15,DE01,Software,913395.84,957559.55,44163.71000000008,0.04835111795560628,0.04835111795560628
2025-03,2026-06,15,ES01,Events,2432535.35,2687524.27,254988.91999999993,0.10482434304603216,0.10482434304603216
2025-03,2026-06,15,ES01,Hardware,5025591.43,4741096.48,-284494.94999999925,0.05660924768012812,-0.05660924768012812
2025-03,2026-06,15,ES01,Spare Parts,2201176.53,2145795.01,-55381.52000000002,0.025159962976708652,-0.025159962976708652
2025-03,2026-06,15,JP01,Hardware,3639861.9,3135633.0,-504228.8999999999,0.13852967883204578,-0.13852967883204578
2025-03,2026-06,15,JP01,Software,761159.52,785002.52,23843.0,0.03132457700850933,0.03132457700850933
2025-03,2026-06,15,JP01,Spare Parts,3033019.12,2982153.18,-50865.939999999944,0.016770728435104604,-0.016770728435104604
2025-03,2026-06,15,US01,Events,1106838.42,2469251.53,1362413.1099999999,1.2309051487388738,1.2309051487388738
2025-03,2026-06,15,US01,Hardware,5969717.7700000005,6226155.66,256437.88999999966,0.04295645118914887,0.04295645118914887
2025-03,2026-06,15,US01,Software,1130166.27,1200315.79,70149.52000000002,0.062070088147295366,0.062070088147295366
2025-03,2026-07,16,DE01,Hardware,5009268.27,5133510.45,124242.18000000063,0.024802460819292604,0.024802460819292604
2025-03,2026-07,16,DE01,Software,899460.19,873602.0,-25858.189999999944,0.028748565292255952,-0.028748565292255952
2025-03,2026-07,16,ES01,Events,3033738.22,2436578.21,-597160.0100000002,0.19683966337741568,-0.19683966337741568
2025-03,2026-07,16,ES01,Hardware,4727054.36,4301878.38,-425175.98000000045,0.08994522753912236,-0.08994522753912236
2025-03,2026-07,16,ES01,Spare Parts,2008950.68,1949343.22,-59607.45999999996,0.029670942444440677,-0.029670942444440677
2025-03,2026-07,16,JP01,Hardware,3142643.03,2845146.03,-297497.0,0.09466458556064512,-0.09466458556064512
2025-03,2026-07,16,JP01,Software,739957.45,716174.55,-23782.899999999907,0.032140902155927895,-0.032140902155927895
2025-03,2026-07,16,JP01,Spare Parts,2790693.87,2709131.14,-81562.72999999998,0.02922668475994466,-0.02922668475994466
2025-03,2026-07,16,US01,Events,2810554.0,2238686.56,-571867.44,0.20347142947618155,-0.20347142947618155
2025-03,2026-07,16,US01,Hardware,5368735.5,5649360.77,280625.26999999955,0.052270272953472856,0.052270272953472856
2025-03,2026-07,16,US01,Software,1132865.88,1095073.7,-37792.179999999935,0.03335980072062894,-0.03335980072062894
2025-03,2026-08,17,DE01,Hardware,4959088.61,4552135.28,-406953.3300000001,0.08206212108801178,-0.08206212108801178
2025-03,2026-08,17,DE01,Software,917130.34,778902.01,-138228.32999999996,0.15071830466321717,-0.15071830466321717
2025-03,2026-08,17,ES01,Events,3285979.84,2158885.91,-1127093.9299999997,0.3430008657630717,-0.3430008657630717
2025-03,2026-08,17,ES01,Hardware,4556218.7,3814686.38,-741532.3200000003,0.1627516958305799,-0.1627516958305799
2025-03,2026-08,17,ES01,Spare Parts,1868999.55,1730652.07,-138347.47999999998,0.07402221150882565,-0.07402221150882565
2025-03,2026-08,17,JP01,Hardware,2819534.27,2522930.41,-296603.85999999987,0.1051960471471765,-0.1051960471471765
2025-03,2026-08,17,JP01,Software,776565.13,638539.97,-138025.16000000003,0.17773803467070434,-0.17773803467070434
2025-03,2026-08,17,JP01,Spare Parts,2596342.8,2405201.6,-191141.19999999972,0.07361940033496336,-0.07361940033496336
2025-03,2026-08,17,US01,Events,3051386.78,1983547.61,-1067839.1699999997,0.34995208637562486,-0.34995208637562486
2025-03,2026-08,17,US01,Hardware,5173236.29,5009565.04,-163671.25,0.03163807737071295,-0.03163807737071295
2025-03,2026-08,17,US01,Software,1148086.16,976365.78,-171720.3799999999,0.14957098690223727,-0.14957098690223727
2025-03,2026-09,18,DE01,Hardware,6069665.33,5652157.33,-417508.0,0.06878600010060192,-0.06878600010060192
2025-03,2026-09,18,DE01,Software,948116.76,972412.2,24295.439999999944,0.025624945180802355,0.025624945180802355
2025-03,2026-09,18,ES01,Events,4042369.35,2678412.12,-1363957.23,0.33741529086153393,-0.33741529086153393
2025-03,2026-09,18,ES01,Hardware,5537028.63,4736504.14,-800524.4900000002,0.1445765488122463,-0.1445765488122463
2025-03,2026-09,18,ES01,Spare Parts,2347978.79,2151441.76,-196537.03000000026,0.08370477230758983,-0.08370477230758983
2025-03,2026-09,18,JP01,Hardware,4084597.49,3132595.75,-952001.7400000002,0.23307112691782028,-0.23307112691782028
2025-03,2026-09,18,JP01,Software,799035.7,797178.65,-1857.0499999999302,0.0023241139288268727,-0.0023241139288268727
2025-03,2026-09,18,JP01,Spare Parts,3296065.24,2990000.85,-306064.39000000013,0.09285750363363564,-0.09285750363363564
2025-03,2026-09,18,US01,Events,2597468.57,2460879.44,-136589.1299999999,0.052585479407745016,-0.052585479407745016
2025-03,2026-09,18,US01,Hardware,6672882.34,6220124.85,-452757.4900000002,0.06785036314607043,-0.06785036314607043
2025-03,2026-09,18,US01,Software,1211429.73,1218933.82,7504.090000000084,0.006194407990961295,0.006194407990961295
2025-04,2025-05,1,DE01,Hardware,5113897.66,5192926.1,79028.43999999948,0.015453660838414094,0.015453660838414094
2025-04,2025-05,1,DE01,Software,763763.57,854093.14,90329.57000000007,0.11826902139362325,0.11826902139362325
2025-04,2025-05,1,ES01,Events,2691589.14,2157864.38,-533724.7600000002,0.19829354787781622,-0.19829354787781622
2025-04,2025-05,1,ES01,Hardware,4691848.15,4671624.43,-20223.72000000067,0.004310395254373411,-0.004310395254373411
2025-04,2025-05,1,ES01,Spare Parts,1975457.31,2000373.91,24916.59999999986,0.012613079449436373,0.012613079449436373
2025-04,2025-05,1,JP01,Hardware,3268108.44,3109881.03,-158227.41000000015,0.04841559357803934,-0.04841559357803934
2025-04,2025-05,1,JP01,Software,616363.4,698683.43,82320.03000000003,0.13355762201324742,0.13355762201324742
2025-04,2025-05,1,JP01,Spare Parts,2734857.58,2775830.1,40972.52000000002,0.014981591838504445,0.014981591838504445
2025-04,2025-05,1,US01,Events,3069954.84,2280629.4,-789325.44,0.25711304600167995,-0.25711304600167995
2025-04,2025-05,1,US01,Hardware,5637315.36,5756901.56,119586.19999999925,0.021213324492813056,0.021213324492813056
2025-04,2025-05,1,US01,Software,951877.53,1068601.85,116724.32000000007,0.12262535496557006,0.12262535496557006
2025-04,2025-06,2,DE01,Hardware,5113854.93,5308957.46,195102.53000000026,0.03815175296730607,0.03815175296730607
2025-04,2025-06,2,DE01,Software,768954.13,877952.12,108997.98999999999,0.14174836410593178,0.14174836410593178
2025-04,2025-06,2,ES01,Events,3323926.6,2204295.81,-1119630.79,0.33683980566839233,-0.33683980566839233
2025-04,2025-06,2,ES01,Hardware,4808227.65,4776007.77,-32219.88000000082,0.0067009888768475466,-0.0067009888768475466
2025-04,2025-06,2,ES01,Spare Parts,2037961.34,2047524.14,9562.799999999814,0.004692336312915442,0.004692336312915442
2025-04,2025-06,2,JP01,Hardware,3267211.05,3179368.59,-87842.45999999996,0.02688606847115064,-0.02688606847115064
2025-04,2025-06,2,JP01,Software,635120.07,718201.06,83080.9900000001,0.1308114700264473,0.1308114700264473
2025-04,2025-06,2,JP01,Spare Parts,2823049.9,2841258.39,18208.490000000224,0.006449935582081005,0.006449935582081005
2025-04,2025-06,2,US01,Events,2256814.93,2329702.41,72887.47999999998,0.032296613705936436,0.032296613705936436
2025-04,2025-06,2,US01,Hardware,5719263.22,5885534.46,166271.24000000022,0.029072143317089755,0.029072143317089755
2025-04,2025-06,2,US01,Software,962174.36,1098453.1,136278.7400000001,0.14163622069496853,0.14163622069496853
2025-04,2025-07,3,DE01,Hardware,4722270.85,4817132.37,94861.52000000048,0.02008811502203447,0.02008811502203447
2025-04,2025-07,3,DE01,Software,770646.51,800974.45,30327.939999999944,0.039353892616732854,0.039353892616732854
2025-04,2025-07,3,ES01,Events,3546902.57,1998470.94,-1548431.63,0.43655882828492804,-0.43655882828492804
2025-04,2025-07,3,ES01,Hardware,4357362.47,4333555.47,-23807.0,0.005463626256458761,-0.005463626256458761
2025-04,2025-07,3,ES01,Spare Parts,1860477.6,1860069.25,-408.35000000009313,0.00021948665224461348,-0.00021948665224461348
2025-04,2025-07,3,JP01,Hardware,2913153.02,2884829.93,-28323.08999999985,0.009722486187835012,-0.009722486187835012
2025-04,2025-07,3,JP01,Software,638190.11,655230.15,17040.040000000037,0.02670057046167644,0.02670057046167644
2025-04,2025-07,3,JP01,Spare Parts,2571194.41,2581135.55,9941.139999999665,0.003866350969547909,0.003866350969547909
2025-04,2025-07,3,US01,Events,1513970.65,2112167.76,598197.1099999999,0.3951180361389436,0.3951180361389436
2025-04,2025-07,3,US01,Hardware,5224763.8,5340294.92,115531.12000000011,0.022112218738003068,0.022112218738003068
2025-04,2025-07,3,US01,Software,983710.2,1002142.2,18432.0,0.01873722565853236,0.01873722565853236
2025-04,2025-08,4,DE01,Hardware,4305816.89,4271587.34,-34229.549999999814,0.007949606514734957,-0.007949606514734957
2025-04,2025-08,4,DE01,Software,783265.11,714147.41,-69117.69999999995,0.08824304710827724,-0.08824304710827724
2025-04,2025-08,4,ES01,Events,1659616.36,1770708.91,111092.54999999981,0.06693869298805888,0.06693869298805888
2025-04,2025-08,4,ES01,Hardware,3706548.86,3842776.0,136227.14000000013,0.03675309435958714,0.03675309435958714
2025-04,2025-08,4,ES01,Spare Parts,1649564.19,1651393.49,1829.3000000000466,0.0011089595731343118,0.0011089595731343118
2025-04,2025-08,4,JP01,Hardware,2264184.89,2558120.07,293935.1799999997,0.12981942477321262,0.12981942477321262
2025-04,2025-08,4,JP01,Software,658777.62,584202.05,-74575.56999999995,0.11320295003342698,-0.11320295003342698
2025-04,2025-08,4,JP01,Spare Parts,2267916.03,2291565.46,23649.430000000168,0.010427824349387473,0.010427824349387473
2025-04,2025-08,4,US01,Events,1368544.87,1871447.92,502903.0499999998,0.3674728253520835,0.3674728253520835
2025-04,2025-08,4,US01,Hardware,4496825.37,4735501.21,238675.83999999985,0.05307651962477695,0.05307651962477695
2025-04,2025-08,4,US01,Software,979283.84,893508.22,-85775.62,0.08759015159486344,-0.08759015159486344
2025-04,2025-09,5,DE01,Hardware,5132921.29,5303815.07,170893.78000000026,0.03329366852613481,0.03329366852613481
2025-04,2025-09,5,DE01,Software,803407.79,891569.99,88162.19999999995,0.1097353064002528,0.1097353064002528
2025-04,2025-09,5,ES01,Events,2098177.43,2196822.07,98644.63999999966,0.04701444148124292,0.04701444148124292
2025-04,2025-09,5,ES01,Hardware,4752466.38,4771381.61,18915.230000000447,0.003980087072178394,0.003980087072178394
2025-04,2025-09,5,ES01,Spare Parts,2061119.91,2052912.3,-8207.60999999987,0.003982111841324103,-0.003982111841324103
2025-04,2025-09,5,JP01,Hardware,3420851.08,3176288.97,-244562.10999999987,0.07149159793299154,-0.07149159793299154
2025-04,2025-09,5,JP01,Software,665617.74,729341.04,63723.30000000005,0.0957355794032774,0.0957355794032774
2025-04,2025-09,5,JP01,Spare Parts,2827480.22,2848735.29,21255.069999999832,0.0075173187241606345,0.0075173187241606345
2025-04,2025-09,5,US01,Events,3680310.3,2321803.46,-1358506.8399999999,0.36912834224875,-0.36912834224875
2025-04,2025-09,5,US01,Hardware,5710211.41,5879833.58,169622.16999999993,0.029705059554003436,0.029705059554003436
2025-04,2025-09,5,US01,Software,987656.78,1115491.15,127834.36999999988,0.1294319773717342,0.1294319773717342
2025-04,2025-10,6,DE01,Hardware,5456597.86,5523620.32,67022.45999999996,0.012282829286598731,0.012282829286598731
2025-04,2025-10,6,DE01,Software,819095.4,933596.86,114501.45999999996,0.13979013921943642,0.13979013921943642
2025-04,2025-10,6,ES01,Events,3244030.3,2286014.36,-958015.94,0.2953165819690402,-0.2953165819690402
2025-04,2025-10,6,ES01,Hardware,5042217.8,4969121.29,-73096.50999999978,0.014496896583880169,-0.014496896583880169
2025-04,2025-10,6,ES01,Spare Parts,2137107.6,2140555.97,3448.3700000001118,0.0016135687318692385,0.0016135687318692385
2025-04,2025-10,6,JP01,Hardware,3573820.2199999997,3307923.46,-265896.7599999998,0.07440126912707427,-0.07440126912707427
2025-04,2025-10,6,JP01,Software,678511.8099999999,763720.75,85208.94000000006,0.1255821029850609,0.1255821029850609
2025-04,2025-10,6,JP01,Spare Parts,2970043.07,2970354.52,311.45000000018626,0.00010486379916375633,0.00010486379916375633
2025-04,2025-10,6,US01,Events,2152138.58,2416070.08,263931.5,0.12263685175886768,0.12263685175886768
2025-04,2025-10,6,US01,Hardware,5845785.48,6123510.68,277725.19999999925,0.04750861983392508,0.04750861983392508
2025-04,2025-10,6,US01,Software,1012386.25,1168073.22,155686.96999999997,0.1537821854060147,0.1537821854060147
2025-04,2025-11,7,DE01,Hardware,5643282.3,5744643.93,101361.62999999989,0.01796146721208682,0.01796146721208682
2025-04,2025-11,7,DE01,Software,824405.33,976263.77,151858.44000000006,0.184203612560341,0.184203612560341
2025-04,2025-11,7,ES01,Events,3330726.18,2375564.77,-955161.4100000001,0.28677272113674623,-0.28677272113674623
2025-04,2025-11,7,ES01,Hardware,5042528.53,5167957.03,125428.5,0.024874127980392405,0.024874127980392405
2025-04,2025-11,7,ES01,Spare Parts,2246247.57,2228879.7,-17367.869999999646,0.007731948264277765,-0.007731948264277765
2025-04,2025-11,7,JP01,Hardware,3715131.39,3440287.59,-274843.8000000003,0.0739795638829345,-0.0739795638829345
2025-04,2025-11,7,JP01,Software,690835.74,798624.04,107788.30000000005,0.1560259461967038,0.1560259461967038
2025-04,2025-11,7,JP01,Spare Parts,3080239.12,3092917.45,12678.330000000075,0.004116021356160191,0.004116021356160191
2025-04,2025-11,7,US01,Events,2247091.5,2510715.18,263623.68000000017,0.11731773272249936,0.11731773272249936
2025-04,2025-11,7,US01,Hardware,6014569.7,6368538.46,353968.7599999998,0.058851884283592185,0.058851884283592185
2025-04,2025-11,7,US01,Software,1040772.17,1221456.09,180683.92000000004,0.17360564128074257,0.17360564128074257
2025-04,2025-12,8,DE01,Hardware,5888462.87,6069768.51,181305.63999999966,0.03078997762280187,0.03078997762280187
2025-04,2025-12,8,DE01,Software,827130.13,1037157.42,210027.29000000004,0.2539229105340414,0.2539229105340414
2025-04,2025-12,8,ES01,Events,2470654.47,2507982.59,37328.119999999646,0.015108595901716537,0.015108595901716537
2025-04,2025-12,8,ES01,Hardware,5478749.67,5460443.37,-18306.299999999814,0.0033413280588889937,-0.0033413280588889937
2025-04,2025-12,8,ES01,Spare Parts,2349745.46,2357851.17,8105.709999999963,0.0034496119422228666,0.0034496119422228666
2025-04,2025-12,8,JP01,Hardware,3812651.53,3634994.53,-177657.0,0.04659670536425867,-0.04659670536425867
2025-04,2025-12,8,JP01,Software,696583.87,848437.56,151853.69000000006,0.21799771217786032,0.21799771217786032
2025-04,2025-12,8,JP01,Spare Parts,3250211.08,3271885.44,21674.35999999987,0.006668600735925086,0.006668600735925086
2025-04,2025-12,8,US01,Events,2120276.55,2650666.5,530389.9500000002,0.25015130691324217,0.25015130691324217
2025-04,2025-12,8,US01,Hardware,6382523.77,6728973.06,346449.29000000004,0.05428092436230755,0.05428092436230755
2025-04,2025-12,8,US01,Software,1033741.14,1297643.41,263902.2699999999,0.2552885435129339,0.2552885435129339
2025-04,2026-01,9,DE01,Hardware,4361789.12,4539602.46,177813.33999999985,0.04076614781413363,0.04076614781413363
2025-04,2026-01,9,DE01,Software,824720.26,779935.82,-44784.44000000006,0.0543025825508398,-0.0543025825508398
2025-04,2026-01,9,ES01,Events,4029079.65,1874212.53,-2154867.12,0.5348286227103999,-0.5348286227103999
2025-04,2026-01,9,ES01,Hardware,3969315.91,4083885.92,114570.00999999978,0.02886391826646012,0.02886391826646012
2025-04,2026-01,9,ES01,Spare Parts,1730376.87,1765561.41,35184.539999999804,0.020333454873330457,0.020333454873330457
2025-04,2026-01,9,JP01,Hardware,2301293.04,2718625.94,417332.8999999999,0.18134713517405845,0.18134713517405845
2025-04,2026-01,9,JP01,Software,666552.84,638019.68,-28533.159999999916,0.04280704887552488,-0.04280704887552488
2025-04,2026-01,9,JP01,Spare Parts,2397037.82,2449991.22,52953.40000000037,0.022091182524604628,0.022091182524604628
2025-04,2026-01,9,US01,Events,1694382.05,1980840.06,286458.01,0.16906341164320055,0.16906341164320055
2025-04,2026-01,9,US01,Hardware,4715868.51,5032623.99,316755.48000000045,0.06716800507230437,0.06716800507230437
2025-04,2026-01,9,US01,Software,1019508.7,975819.64,-43689.05999999994,0.04285305265173308,-0.04285305265173308
2025-04,2026-02,10,DE01,Hardware,4590563.92,4759573.16,169009.24000000022,0.03681666194945396,0.03681666194945396
2025-04,2026-02,10,DE01,Software,838223.83,822200.14,-16023.689999999944,0.01911624249575432,-0.01911624249575432
2025-04,2026-02,10,ES01,Events,2671339.66,1963440.06,-707899.6000000001,0.26499797483634113,-0.26499797483634113
2025-04,2026-02,10,ES01,Hardware,4158406.09,4281774.45,123368.36000000034,0.029667222808439166,0.029667222808439166
2025-04,2026-02,10,ES01,Spare Parts,1839318.77,1853334.28,14015.51000000001,0.007619946160827799,0.007619946160827799
2025-04,2026-02,10,JP01,Hardware,2845134.32,2850359.51,5225.189999999944,0.0018365354364007476,0.0018365354364007476
2025-04,2026-02,10,JP01,Software,688429.15,672593.64,-15835.51000000001,0.023002381581314516,-0.023002381581314516
2025-04,2026-02,10,JP01,Spare Parts,2545994.33,2571789.73,25795.399999999907,0.010131758620216529,0.010131758620216529
2025-04,2026-02,10,US01,Events,2126392.69,2075143.91,-51248.78000000003,0.024101277360956328,-0.024101277360956328
2025-04,2026-02,10,US01,Hardware,5150460.5,5276484.52,126024.01999999955,0.024468495584035556,0.024468495584035556
2025-04,2026-02,10,US01,Software,1031074.72,1028698.8,-2375.9199999999255,0.0023043140850159973,-0.0023043140850159973
2025-04,2026-03,11,DE01,Hardware,5078909.1,5136418.52,57509.419999999925,0.011323183555303231,0.011323183555303231
2025-04,2026-03,11,DE01,Software,860159.24,892151.14,31991.900000000023,0.0371929969618184,0.0371929969618184
2025-04,2026-03,11,ES01,Events,4347630.29,2117184.33,-2230445.96,0.5130256740390867,-0.5130256740390867
2025-04,2026-03,11,ES01,Hardware,4575854.05,4620789.47,44935.419999999925,0.009820116531033136,0.009820116531033136
2025-04,2026-03,11,ES01,Spare Parts,2016743.57,2002474.07,-14269.5,0.007075515307084876,-0.007075515307084876
2025-04,2026-03,11,JP01,Hardware,3265538.72,3076040.41,-189498.31000000006,0.058029723806184125,-0.058029723806184125
2025-04,2026-03,11,JP01,Software,727869.52,729816.45,1946.9299999999348,0.0026748338081253008,0.0026748338081253008
2025-04,2026-03,11,JP01,Spare Parts,2806973.74,2778744.4,-28229.340000000317,0.010056859313546808,-0.010056859313546808
2025-04,2026-03,11,US01,Events,2052129.69,2237634.98,185505.29000000004,0.09039647489335825,0.09039647489335825
2025-04,2026-03,11,US01,Hardware,5641419.01,5694257.0,52837.99000000022,0.00936608146041615,0.00936608146041615
2025-04,2026-03,11,US01,Software,1086297.7,1116218.26,29920.560000000056,0.027543609822611295,0.027543609822611295
2025-04,2026-04,12,DE01,Hardware,5292387.16,5255228.59,-37158.5700000003,0.007021135997163196,-0.007021135997163196
2025-04,2026-04,12,DE01,Software,883747.55,917779.05,34031.5,0.03850816899011488,0.03850816899011488
2025-04,2026-04,12,ES01,Events,1899602.31,2164404.88,264802.56999999983,0.1393989513520858,0.1393989513520858
2025-04,2026-04,12,ES01,Hardware,4826801.56,4727672.57,-99128.98999999929,0.020537200207584108,-0.020537200207584108
2025-04,2026-04,12,ES01,Spare Parts,2107476.69,2051251.23,-56225.45999999996,0.02667904241446199,-0.02667904241446199
2025-04,2026-04,12,JP01,Hardware,3471706.0,3147192.05,-324513.9500000002,0.0934739145538246,-0.0934739145538246
2025-04,2026-04,12,JP01,Software,741056.59,750781.13,9724.540000000037,0.0131225335976029,0.0131225335976029
2025-04,2026-04,12,JP01,Spare Parts,2940055.28,2846430.31,-93624.96999999974,0.03184462912547677,-0.03184462912547677
2025-04,2026-04,12,US01,Events,2301375.69,2287542.0,-13833.689999999944,0.006011052458801259,-0.006011052458801259
2025-04,2026-04,12,US01,Hardware,6025098.71,5825970.39,-199128.3200000003,0.033049802100254766,-0.033049802100254766
2025-04,2026-04,12,US01,Software,1101695.33,1148282.71,46587.37999999989,0.042286990542112844,0.042286990542112844
2025-04,2026-05,13,DE01,Hardware,5381249.6,5374678.51,-6571.089999999851,0.0012211085692809811,-0.0012211085692809811
2025-04,2026-05,13,DE01,Software,885391.85,943772.92,58381.070000000065,0.06593811542313165,0.06593811542313165
2025-04,2026-05,13,ES01,Events,3489160.2399999998,2211810.99,-1277349.2499999995,0.3660907387847569,-0.3660907387847569
2025-04,2026-05,13,ES01,Hardware,5134093.25,4835131.28,-298961.96999999974,0.058230724578288436,-0.058230724578288436
2025-04,2026-05,13,ES01,Spare Parts,2174342.11,2100392.61,-73949.5,0.034010057414562055,-0.034010057414562055
2025-04,2026-05,13,JP01,Hardware,3584493.15,3218726.87,-365766.2799999998,0.10204128301933003,-0.10204128301933003
2025-04,2026-05,13,JP01,Software,748277.66,772045.19,23767.52999999991,0.031762982206364296,0.031762982206364296
2025-04,2026-05,13,JP01,Spare Parts,3019944.0,2914621.61,-105322.39000000013,0.034875610276217085,-0.034875610276217085
2025-04,2026-05,13,US01,Events,1834312.06,2337645.13,503333.06999999983,0.2743988228480599,0.2743988228480599
2025-04,2026-05,13,US01,Hardware,5861610.25,5958393.11,96782.86000000034,0.016511309328353985,0.016511309328353985
2025-04,2026-05,13,US01,Software,1100147.2,1180805.05,80657.8500000001,0.07331550723394115,0.07331550723394115
2025-04,2026-06,14,DE01,Hardware,5375821.92,5494770.97,118949.04999999981,0.022126672306139156,0.022126672306139156
2025-04,2026-06,14,DE01,Software,913395.84,970137.09,56741.25,0.0621212047560891,0.0621212047560891
2025-04,2026-06,14,ES01,Events,2432535.35,2259403.21,-173132.14000000013,0.07117353505263556,-0.07117353505263556
2025-04,2026-06,14,ES01,Hardware,5025591.43,4943168.04,-82423.38999999966,0.016400734350981584,-0.016400734350981584
2025-04,2026-06,14,ES01,Spare Parts,2201176.53,2149900.35,-51276.1799999997,0.023294896752328948,-0.023294896752328948
2025-04,2026-06,14,JP01,Hardware,3639861.9,3290646.49,-349215.4099999997,0.09594193944555965,-0.09594193944555965
2025-04,2026-06,14,JP01,Software,761159.52,793612.17,32452.650000000023,0.04263580648639857,0.04263580648639857
2025-04,2026-06,14,JP01,Spare Parts,3033019.12,2983321.31,-49697.810000000056,0.016385590737720127,-0.016385590737720127
2025-04,2026-06,14,US01,Events,1106838.42,2387944.97,1281106.5500000003,1.1574467662588008,1.1574467662588008
2025-04,2026-06,14,US01,Hardware,5969717.7700000005,6091528.16,121810.38999999966,0.020404715045682913,0.020404715045682913
2025-04,2026-06,14,US01,Software,1130166.27,1213790.68,83624.40999999992,0.07399301520474498,0.07399301520474498
2025-04,2026-07,15,DE01,Hardware,5009268.27,4985732.01,-23536.259999999776,0.004698542527849038,-0.004698542527849038
2025-04,2026-07,15,DE01,Software,899460.19,885076.76,-14383.429999999935,0.015991180221105655,-0.015991180221105655
2025-04,2026-07,15,ES01,Events,3033738.22,2048432.71,-985305.5100000002,0.32478264060634743,-0.32478264060634743
2025-04,2026-07,15,ES01,Hardware,4727054.36,4485229.91,-241824.4500000002,0.05115753523934516,-0.05115753523934516
2025-04,2026-07,15,ES01,Spare Parts,2008950.68,1953072.71,-55877.96999999997,0.027814505630372157,-0.027814505630372157
2025-04,2026-07,15,JP01,Hardware,3142643.03,2985798.97,-156844.0599999996,0.04990832827742437,-0.04990832827742437
2025-04,2026-07,15,JP01,Software,739957.45,724029.31,-15928.139999999898,0.02152575124420992,-0.02152575124420992
2025-04,2026-07,15,JP01,Spare Parts,2790693.87,2710192.32,-80501.55000000028,0.028846428074893172,-0.028846428074893172
2025-04,2026-07,15,US01,Events,2810554.0,2164971.96,-645582.04,0.22969921232611082,-0.22969921232611082
2025-04,2026-07,15,US01,Hardware,5368735.5,5527205.24,158469.74000000022,0.029517144213940177,0.029517144213940177
2025-04,2026-07,15,US01,Software,1132865.88,1107367.13,-25498.75,0.022508180756578178,-0.022508180756578178
2025-04,2026-08,16,DE01,Hardware,4959088.61,4421092.9,-537995.71,0.10848681124897261,-0.10848681124897261
2025-04,2026-08,16,DE01,Software,917130.34,789132.89,-127997.44999999995,0.13956298730668965,-0.13956298730668965
2025-04,2026-08,16,ES01,Events,3285979.84,1814976.64,-1471003.2,0.4476604457804586,-0.4476604457804586
2025-04,2026-08,16,ES01,Hardware,4556218.7,3977273.16,-578945.54,0.127067109399292,-0.127067109399292
2025-04,2026-08,16,ES01,Spare Parts,1868999.55,1733963.16,-135036.39000000013,0.07225062734766316,-0.07225062734766316
2025-04,2026-08,16,JP01,Hardware,2819534.27,2647654.27,-171880.0,0.06096042237500451,-0.06096042237500451
2025-04,2026-08,16,JP01,Software,776565.13,645543.26,-131021.87,0.16871974408637172,-0.16871974408637172
2025-04,2026-08,16,JP01,Spare Parts,2596342.8,2406143.73,-190199.06999999983,0.07325653222679218,-0.07325653222679218
2025-04,2026-08,16,US01,Events,3051386.78,1918234.12,-1133152.6599999997,0.37135661313968193,-0.37135661313968193
2025-04,2026-08,16,US01,Hardware,5173236.29,4901243.75,-271992.54000000004,0.052576863833915466,-0.052576863833915466
2025-04,2026-08,16,US01,Software,1148086.16,987326.59,-160759.56999999995,0.1400239595258251,-0.1400239595258251
2025-04,2026-09,17,DE01,Hardware,6069665.33,5489448.6,-580216.7300000004,0.09559287019207045,-0.09559287019207045
2025-04,2026-09,17,DE01,Software,948116.76,985184.84,37068.07999999996,0.03909653490357027,0.03909653490357027
2025-04,2026-09,17,ES01,Events,4042369.35,2251742.62,-1790626.73,0.4429646514116776,-0.4429646514116776
2025-04,2026-09,17,ES01,Hardware,5537028.63,4938379.96,-598648.6699999999,0.10811731526119993,-0.10811731526119993
2025-04,2026-09,17,ES01,Spare Parts,2347978.79,2155557.91,-192420.8799999999,0.08195171132700048,-0.08195171132700048
2025-04,2026-09,17,JP01,Hardware,4084597.49,3287459.09,-797138.4000000004,0.19515714876473675,-0.19515714876473675
2025-04,2026-09,17,JP01,Software,799035.7,805921.85,6886.150000000023,0.008618075512771236,0.008618075512771236
2025-04,2026-09,17,JP01,Spare Parts,3296065.24,2991172.06,-304893.18000000017,0.09250216782723637,-0.09250216782723637
2025-04,2026-09,17,US01,Events,2597468.57,2379848.55,-217620.02000000002,0.08378157969395565,-0.08378157969395565
2025-04,2026-09,17,US01,Hardware,6672882.34,6085627.76,-587254.5800000001,0.08800613439259294,-0.08800613439259294
2025-04,2026-09,17,US01,Software,1211429.73,1232617.72,21187.98999999999,0.017490069357964322,0.017490069357964322
2025-05,2025-06,1,DE01,Hardware,5113854.93,5149856.01,36001.080000000075,0.0070399103010925805,0.0070399103010925805
2025-05,2025-06,1,DE01,Software,768954.13,809405.42,40451.29000000004,0.05260559560295233,0.05260559560295233
2025-05,2025-06,1,ES01,Events,3323926.6,2267781.32,-1056145.2800000003,0.31774025334975814,-0.31774025334975814
2025-05,2025-06,1,ES01,Hardware,4808227.65,4818815.53,10587.879999999888,0.002202033840889353,0.002202033840889353
2025-05,2025-06,1,ES01,Spare Parts,2037961.34,2036477.83,-1483.5100000000093,0.0007279382444026192,-0.0007279382444026192
2025-05,2025-06,1,JP01,Hardware,3267211.05,3414827.06,147616.01000000024,0.04518104516082616,0.04518104516082616
2025-05,2025-06,1,JP01,Software,635120.07,642637.13,7517.060000000056,0.011835651800454136,0.011835651800454136
2025-05,2025-06,1,JP01,Spare Parts,2823049.9,2812312.32,-10737.580000000075,0.00380353886057773,-0.00380353886057773
2025-05,2025-06,1,US01,Events,2256814.93,2541574.64,284759.70999999996,0.12617769681273774,0.12617769681273774
2025-05,2025-06,1,US01,Hardware,5719263.22,5786118.29,66855.0700000003,0.011689454992421262,0.011689454992421262
2025-05,2025-06,1,US01,Software,962174.36,995805.84,33631.47999999998,0.034953623166595275,0.034953623166595275
2025-05,2025-07,2,DE01,Hardware,4722270.85,4672770.18,-49500.669999999925,0.010482386879608976,-0.010482386879608976
2025-05,2025-07,2,DE01,Software,770646.51,738437.83,-32208.68000000005,0.041794363021250884,-0.041794363021250884
2025-05,2025-07,2,ES01,Events,3546902.57,2056028.52,-1490874.0499999998,0.42033126666910386,-0.42033126666910386
2025-05,2025-07,2,ES01,Hardware,4357362.47,4372397.5,15035.03000000026,0.0034504887081382198,0.0034504887081382198
2025-05,2025-07,2,ES01,Spare Parts,1860477.6,1850034.25,-10443.350000000093,0.005613262960005588,-0.005613262960005588
2025-05,2025-07,2,JP01,Hardware,2913153.02,3098475.38,185322.35999999987,0.06361573138372247,0.06361573138372247
2025-05,2025-07,2,JP01,Software,638190.11,586291.57,-51898.54000000004,0.0813214419759655,-0.0813214419759655
2025-05,2025-07,2,JP01,Spare Parts,2571194.41,2554839.55,-16354.860000000335,0.006360802565683991,-0.006360802565683991
2025-05,2025-07,2,US01,Events,1513970.65,2304256.55,790285.8999999999,0.5219955221721108,0.5219955221721108
2025-05,2025-07,2,US01,Hardware,5224763.8,5250088.73,25324.930000000633,0.004847095671578615,0.004847095671578615
2025-05,2025-07,2,US01,Software,983710.2,908494.91,-75215.28999999992,0.0764608214899062,-0.0764608214899062
2025-05,2025-08,3,DE01,Hardware,4305816.89,4143574.31,-162242.5799999996,0.03767986055719142,-0.03767986055719142
2025-05,2025-08,3,DE01,Software,783265.11,658389.87,-124875.23999999999,0.1594290852556933,-0.1594290852556933
2025-05,2025-08,3,ES01,Events,1659616.36,1821706.77,162090.40999999992,0.09766739706036635,0.09766739706036635
2025-05,2025-08,3,ES01,Hardware,3706548.86,3877219.13,170670.27000000002,0.04604560102844564,0.04604560102844564
2025-05,2025-08,3,ES01,Spare Parts,1649564.19,1642484.29,-7079.899999999907,0.004291982114378893,-0.004291982114378893
2025-05,2025-08,3,JP01,Hardware,2264184.89,2747569.96,483385.06999999983,0.21349187168191014,0.21349187168191014
2025-05,2025-08,3,JP01,Software,658777.62,522736.53,-136041.08999999997,0.2065053302812563,-0.2065053302812563
2025-05,2025-08,3,JP01,Spare Parts,2267916.03,2268219.53,303.5,0.00013382329679992606,0.00013382329679992606
2025-05,2025-08,3,US01,Events,1368544.87,2041644.7,673099.8299999998,0.4918361427199678,0.4918361427199678
2025-05,2025-08,3,US01,Hardware,4496825.37,4655510.96,158685.58999999985,0.035288359441007125,0.035288359441007125
2025-05,2025-08,3,US01,Software,979283.84,810012.47,-169271.37,0.17285220391260617,-0.17285220391260617
2025-05,2025-09,4,DE01,Hardware,5132921.29,5144867.73,11946.44000000041,0.002327415388830248,0.002327415388830248
2025-05,2025-09,4,DE01,Software,803407.79,821960.06,18552.27000000002,0.02309197176193676,0.02309197176193676
2025-05,2025-09,4,ES01,Events,2098177.43,2260092.32,161914.88999999966,0.07716930307462112,0.07716930307462112
2025-05,2025-09,4,ES01,Hardware,4752466.38,4814147.91,61681.53000000026,0.012978846154404623,0.012978846154404623
2025-05,2025-09,4,ES01,Spare Parts,2061119.91,2041836.92,-19282.98999999999,0.009355588632395478,-0.009355588632395478
2025-05,2025-09,4,JP01,Hardware,3420851.08,3411519.38,-9331.700000000186,0.0027278884060630273,-0.0027278884060630273
2025-05,2025-09,4,JP01,Software,665617.74,652605.04,-13012.699999999953,0.019549809474729375,-0.019549809474729375
2025-05,2025-09,4,JP01,Spare Parts,2827480.22,2819713.05,-7767.170000000391,0.0027470289429647682,-0.0027470289429647682
2025-05,2025-09,4,US01,Events,3680310.3,2532957.34,-1147352.96,0.3117544083171465,-0.3117544083171465
2025-05,2025-09,4,US01,Hardware,5710211.41,5780513.71,70302.29999999981,0.0123116807684008,0.0123116807684008
2025-05,2025-09,4,US01,Software,987656.78,1011251.74,23594.959999999963,0.023889837520276996,0.023889837520276996
2025-05,2025-10,5,DE01,Hardware,5456597.86,5358085.75,-98512.11000000034,0.01805376033336646,-0.01805376033336646
2025-05,2025-10,5,DE01,Software,819095.4,860705.65,41610.25,0.05080024866456337,0.05080024866456337
2025-05,2025-10,5,ES01,Events,3244030.3,2351853.43,-892176.8699999996,0.2750211272687557,-0.2750211272687557
2025-05,2025-10,5,ES01,Hardware,5042217.8,5013659.95,-28557.849999999627,0.005663747805578654,-0.005663747805578654
2025-05,2025-10,5,ES01,Spare Parts,2137107.6,2129007.75,-8099.850000000093,0.0037900992912102754,-0.0037900992912102754
2025-05,2025-10,5,JP01,Hardware,3573820.2199999997,3552902.48,-20917.739999999758,0.005853047638753289,-0.005853047638753289
2025-05,2025-10,5,JP01,Software,678511.8099999999,683367.57,4855.760000000009,0.0071564856033972495,0.0071564856033972495
2025-05,2025-10,5,JP01,Spare Parts,2970043.07,2940093.25,-29949.819999999832,0.010083968243598513,-0.010083968243598513
2025-05,2025-10,5,US01,Events,2152138.58,2635796.92,483658.33999999985,0.2247338273170122,0.2247338273170122
2025-05,2025-10,5,US01,Hardware,5845785.48,6020074.71,174289.22999999952,0.029814510059647196,0.029814510059647196
2025-05,2025-10,5,US01,Software,1012386.25,1058920.17,46533.919999999925,0.045964591083689575,0.045964591083689575
2025-05,2025-11,6,DE01,Hardware,5643282.3,5572485.61,-70796.68999999948,0.012545303643590447,-0.012545303643590447
2025-05,2025-11,6,DE01,Software,824405.33,900041.31,75635.9800000001,0.09174610746390989,0.09174610746390989
2025-05,2025-11,6,ES01,Events,3330726.18,2443982.96,-886743.2200000002,0.26623119766632997,-0.26623119766632997
2025-05,2025-11,6,ES01,Hardware,5042528.53,5214277.87,171749.33999999985,0.03406016227339022,0.03406016227339022
2025-05,2025-11,6,ES01,Spare Parts,2246247.57,2216854.98,-29392.58999999985,0.013085196125554342,-0.013085196125554342
2025-05,2025-11,6,JP01,Hardware,3715131.39,3695069.27,-20062.12000000011,0.0054001104924582795,-0.0054001104924582795
2025-05,2025-11,6,JP01,Software,690835.74,714598.59,23762.849999999977,0.03439725049546507,0.03439725049546507
2025-05,2025-11,6,JP01,Spare Parts,3080239.12,3061407.54,-18831.580000000075,0.0061136747071766535,-0.0061136747071766535
2025-05,2025-11,6,US01,Events,2247091.5,2739049.43,491957.93000000017,0.21893097366084122,0.21893097366084122
2025-05,2025-11,6,US01,Hardware,6014569.7,6260963.58,246393.8799999999,0.040966169200765915,0.040966169200765915
2025-05,2025-11,6,US01,Software,1040772.17,1107314.56,66542.39000000001,0.06393559697123724,0.06393559697123724
2025-05,2025-12,7,DE01,Hardware,5888462.87,5887866.71,-596.160000000149,0.00010124204111694586,-0.00010124204111694586
2025-05,2025-12,7,DE01,Software,827130.13,956180.65,129050.52000000002,0.15602202763427325,0.15602202763427325
2025-05,2025-12,7,ES01,Events,2470654.47,2580214.52,109560.04999999981,0.04434454567821449,0.04434454567821449
2025-05,2025-12,7,ES01,Hardware,5478749.67,5509385.79,30636.12000000011,0.005591808687254753,0.005591808687254753
2025-05,2025-12,7,ES01,Spare Parts,2349745.46,2345130.66,-4614.799999999814,0.0019639574066885584,-0.0019639574066885584
2025-05,2025-12,7,JP01,Hardware,3812651.53,3904195.87,91544.34000000032,0.0240106758458464,0.0240106758458464
2025-05,2025-12,7,JP01,Software,696583.87,759171.09,62587.21999999997,0.08984879308215961,0.08984879308215961
2025-05,2025-12,7,JP01,Spare Parts,3250211.08,3238552.24,-11658.839999999851,0.0035871024105916995,-0.0035871024105916995
2025-05,2025-12,7,US01,Events,2120276.55,2891728.46,771451.9100000001,0.36384494749045837,0.36384494749045837
2025-05,2025-12,7,US01,Hardware,6382523.77,6615309.86,232786.09000000078,0.03647242037611727,0.03647242037611727
2025-05,2025-12,7,US01,Software,1033741.14,1176382.4,142641.2599999999,0.13798547284284332,0.13798547284284332
2025-05,2026-01,8,DE01,Hardware,4361789.12,4403557.42,41768.299999999814,0.009575955840799523,0.009575955840799523
2025-05,2026-01,8,DE01,Software,824720.26,719041.8,-105678.45999999996,0.12813855209522798,-0.12813855209522798
2025-05,2026-01,8,ES01,Events,4029079.65,1928191.37,-2100888.28,0.5214313100015284,-0.5214313100015284
2025-05,2026-01,8,ES01,Hardware,3969315.91,4120490.14,151174.22999999998,0.03808571386801006,0.03808571386801006
2025-05,2026-01,8,ES01,Spare Parts,1730376.87,1756036.28,25659.409999999916,0.014828798537973935,0.014828798537973935
2025-05,2026-01,8,JP01,Hardware,2301293.04,2919962.62,618669.5800000001,0.26883563685570444,0.26883563685570444
2025-05,2026-01,8,JP01,Software,666552.84,570891.86,-95660.97999999998,0.14351597391738663,-0.14351597391738663
2025-05,2026-01,8,JP01,Spare Parts,2397037.82,2425031.29,27993.470000000205,0.011678359751537089,0.011678359751537089
2025-05,2026-01,8,US01,Events,1694382.05,2160985.38,466603.32999999984,0.27538259744902266,0.27538259744902266
2025-05,2026-01,8,US01,Hardware,4715868.51,4947614.86,231746.35000000056,0.04914181756946412,0.04914181756946412
2025-05,2026-01,8,US01,Software,1019508.7,884632.12,-134876.57999999996,0.13229566358776532,-0.13229566358776532
2025-05,2026-02,9,DE01,Hardware,4590563.92,4616935.93,26372.009999999776,0.00574483014714231,0.00574483014714231
2025-05,2026-02,9,DE01,Software,838223.83,758006.31,-80217.5199999999,0.09569940286713145,-0.09569940286713145
2025-05,2026-02,9,ES01,Events,2671339.66,2019988.73,-651350.9300000002,0.2438293189567665,-0.2438293189567665
2025-05,2026-02,9,ES01,Hardware,4158406.09,4320152.36,161746.27000000048,0.03889621804589087,0.03889621804589087
2025-05,2026-02,9,ES01,Spare Parts,1839318.77,1843335.61,4016.840000000084,0.002183873761044739,0.002183873761044739
2025-05,2026-02,9,JP01,Hardware,2845134.32,3061452.15,216317.83000000007,0.0760307970275372,0.0760307970275372
2025-05,2026-02,9,JP01,Software,688429.15,601828.2,-86600.95000000007,0.12579500737294472,-0.12579500737294472
2025-05,2026-02,9,JP01,Spare Parts,2545994.33,2545588.95,-405.37999999988824,0.00015922266409756233,-0.00015922266409756233
2025-05,2026-02,9,US01,Events,2126392.69,2263865.6,137472.91000000015,0.0646507630723656,0.0646507630723656
2025-05,2026-02,9,US01,Hardware,5150460.5,5187356.19,36895.69000000041,0.007163571102040373,0.007163571102040373
2025-05,2026-02,9,US01,Software,1031074.72,932569.88,-98504.83999999997,0.09553608297175589,-0.09553608297175589
2025-05,2026-03,10,DE01,Hardware,5078909.1,4982487.8,-96421.29999999981,0.01898464770712274,-0.01898464770712274
2025-05,2026-03,10,DE01,Software,860159.24,822495.84,-37663.40000000002,0.04378654352419678,-0.04378654352419678
2025-05,2026-03,10,ES01,Events,4347630.29,2178160.95,-2169469.34,0.49900041983560656,-0.49900041983560656
2025-05,2026-03,10,ES01,Hardware,4575854.05,4662206.01,86351.95999999996,0.018871222520744507,0.018871222520744507
2025-05,2026-03,10,ES01,Spare Parts,2016743.57,1991670.8,-25072.77000000002,0.012432304420338386,-0.012432304420338386
2025-05,2026-03,10,JP01,Hardware,3265538.72,3303846.59,38307.869999999646,0.011730949556770114,0.011730949556770114
2025-05,2026-03,10,JP01,Software,727869.52,653030.43,-74839.08999999997,0.10281937619808557,-0.10281937619808557
2025-05,2026-03,10,JP01,Spare Parts,2806973.74,2750435.21,-56538.53000000026,0.020142165633512572,-0.020142165633512572
2025-05,2026-03,10,US01,Events,2052129.69,2441134.24,389004.5500000003,0.18956138683418214,0.18956138683418214
2025-05,2026-03,10,US01,Hardware,5641419.01,5598071.82,-43347.18999999948,0.007683738776212526,-0.007683738776212526
2025-05,2026-03,10,US01,Software,1086297.7,1011910.9,-74386.79999999993,0.06847736122427575,-0.06847736122427575
2025-05,2026-04,11,DE01,Hardware,5292387.16,5097737.32,-194649.83999999985,0.03677921401351141,-0.03677921401351141
2025-05,2026-04,11,DE01,Software,883747.55,846122.83,-37624.72000000009,0.04257405862115271,-0.04257405862115271
2025-05,2026-04,11,ES01,Events,1899602.31,2226741.5,327139.18999999994,0.1722145673743679,0.1722145673743679
2025-05,2026-04,11,ES01,Hardware,4826801.56,4770047.11,-56754.449999999255,0.011758190034230299,-0.011758190034230299
2025-05,2026-04,11,ES01,Spare Parts,2107476.69,2040184.81,-67291.87999999989,0.03193007083746197,-0.03193007083746197
2025-05,2026-04,11,JP01,Hardware,3471706.0,3380267.59,-91438.41000000015,0.02633817782957432,-0.02633817782957432
2025-05,2026-04,11,JP01,Software,741056.59,671789.36,-69267.22999999998,0.09347090483332722,-0.09347090483332722
2025-05,2026-04,11,JP01,Spare Parts,2940055.28,2817431.55,-122623.72999999998,0.041707967477400625,-0.041707967477400625
2025-05,2026-04,11,US01,Events,2301375.69,2495580.01,194204.31999999983,0.08438618728956845,0.08438618728956845
2025-05,2026-04,11,US01,Hardware,6025098.71,5727560.36,-297538.3499999996,0.049383149442210485,-0.049383149442210485
2025-05,2026-04,11,US01,Software,1101695.33,1040979.02,-60716.310000000056,0.05511170679102366,-0.05511170679102366
2025-05,2026-05,12,DE01,Hardware,5381249.6,5213607.5,-167642.09999999963,0.03115300579999107,-0.03115300579999107
2025-05,2026-05,12,DE01,Software,885391.85,870087.21,-15304.640000000014,0.01728572495895463,-0.01728572495895463
2025-05,2026-05,12,ES01,Events,3489160.2399999998,2275512.94,-1213647.2999999998,0.347833638044666,-0.347833638044666
2025-05,2026-05,12,ES01,Hardware,5134093.25,4878468.98,-255624.26999999955,0.04978956508045497,-0.04978956508045497
2025-05,2026-05,12,ES01,Spare Parts,2174342.11,2089061.07,-85281.0399999998,0.03922153722166555,-0.03922153722166555
2025-05,2026-05,12,JP01,Hardware,3584493.15,3457100.15,-127393.0,0.03554003164994192,-0.03554003164994192
2025-05,2026-05,12,JP01,Software,748277.66,690816.17,-57461.48999999999,0.07679166848306014,-0.07679166848306014
2025-05,2026-05,12,JP01,Spare Parts,3019944.0,2884928.13,-135015.8700000001,0.04470807074568274,-0.04470807074568274
2025-05,2026-05,12,US01,Events,1834312.06,2550239.71,715927.6499999999,0.39029763016441155,0.39029763016441155
2025-05,2026-05,12,US01,Hardware,5861610.25,5857746.25,-3864.0,0.0006592045248999624,-0.0006592045248999624
2025-05,2026-05,12,US01,Software,1100147.2,1070462.24,-29684.959999999963,0.02698271649466541,-0.02698271649466541
2025-05,2026-06,13,DE01,Hardware,5375821.92,5330100.97,-45720.950000000186,0.00850492272258903,-0.00850492272258903
2025-05,2026-06,13,DE01,Software,913395.84,894392.98,-19002.859999999986,0.02080462726872063,-0.02080462726872063
2025-05,2026-06,13,ES01,Events,2432535.35,2324475.85,-108059.5,0.0444225815670058,-0.0444225815670058
2025-05,2026-06,13,ES01,Hardware,5025591.43,4987474.08,-38117.34999999963,0.007584649594167194,-0.007584649594167194
2025-05,2026-06,13,ES01,Spare Parts,2201176.53,2138301.72,-62874.80999999959,0.028564183355162157,-0.028564183355162157
2025-05,2026-06,13,JP01,Hardware,3639861.9,3534346.01,-105515.89000000013,0.028988981697355094,-0.028988981697355094
2025-05,2026-06,13,JP01,Software,761159.52,710114.03,-51045.48999999999,0.06706280176328872,-0.06706280176328872
2025-05,2026-06,13,JP01,Spare Parts,3033019.12,2952927.94,-80091.18000000017,0.026406421071292215,-0.026406421071292215
2025-05,2026-06,13,US01,Events,1106838.42,2605114.01,1498275.5899999999,1.3536533995630544,1.3536533995630544
2025-05,2026-06,13,US01,Hardware,5969717.7700000005,5988632.43,18914.659999999218,0.0031684345439330903,0.0031684345439330903
2025-05,2026-06,13,US01,Software,1130166.27,1100365.46,-29800.810000000056,0.02636851832429936,-0.02636851832429936
2025-05,2026-07,14,DE01,Hardware,5009268.27,4836317.14,-172951.1299999999,0.034526226322472424,-0.034526226322472424
2025-05,2026-07,14,DE01,Software,899460.19,815973.8,-83486.3899999999,0.09281832695674937,-0.09281832695674937
2025-05,2026-07,14,ES01,Events,3033738.22,2107429.24,-926308.98,0.3053358308549114,-0.3053358308549114
2025-05,2026-07,14,ES01,Hardware,4727054.36,4525431.41,-201622.9500000002,0.04265297892618273,-0.04265297892618273
2025-05,2026-07,14,ES01,Spare Parts,2008950.68,1942535.96,-66414.71999999997,0.0330594079094067,-0.0330594079094067
2025-05,2026-07,14,JP01,Hardware,3142643.03,3206922.02,64278.99000000022,0.0204537993613612,0.0204537993613612
2025-05,2026-07,14,JP01,Software,739957.45,647852.18,-92105.2699999999,0.12447373832103442,-0.12447373832103442
2025-05,2026-07,14,JP01,Spare Parts,2790693.87,2682581.53,-108112.34000000032,0.03874030797939163,-0.03874030797939163
2025-05,2026-07,14,US01,Events,2810554.0,2361862.96,-448691.04000000004,0.15964505218544103,-0.15964505218544103
2025-05,2026-07,14,US01,Hardware,5368735.5,5433841.84,65106.33999999985,0.01212694125087739,0.01212694125087739
2025-05,2026-07,14,US01,Software,1132865.88,1003886.88,-128978.99999999988,0.1138519592451667,-0.1138519592451667
2025-05,2026-08,15,DE01,Hardware,4959088.61,4288599.41,-670489.2000000002,0.13520411767758272,-0.13520411767758272
2025-05,2026-08,15,DE01,Software,917130.34,727520.8,-189609.53999999992,0.2067421954441066,-0.2067421954441066
2025-05,2026-08,15,ES01,Events,3285979.84,1867249.44,-1418730.4,0.4317526184214204,-0.4317526184214204
2025-05,2026-08,15,ES01,Hardware,4556218.7,4012921.8,-543296.9000000004,0.11924293713117862,-0.11924293713117862
2025-05,2026-08,15,ES01,Spare Parts,1868999.55,1724608.5,-144391.05000000005,0.077255797092086,-0.077255797092086
2025-05,2026-08,15,JP01,Hardware,2819534.27,2843734.91,24200.64000000013,0.008583204771616459,0.008583204771616459
2025-05,2026-08,15,JP01,Software,776565.13,577623.86,-198941.27000000002,0.2561810494890493,-0.2561810494890493
2025-05,2026-08,15,JP01,Spare Parts,2596342.8,2381630.51,-214712.29000000004,0.08269797424284653,-0.08269797424284653
2025-05,2026-08,15,US01,Events,3051386.78,2092685.82,-958700.9599999997,0.3141853292030058,-0.3141853292030058
2025-05,2026-08,15,US01,Hardware,5173236.29,4818453.84,-354782.4500000002,0.06858036828625128,-0.06858036828625128
2025-05,2026-08,15,US01,Software,1148086.16,895063.78,-253022.3799999999,0.22038622954918288,-0.22038622954918288
2025-05,2026-09,16,DE01,Hardware,6069665.33,5324938.1,-744727.2300000004,0.1226965886107596,-0.1226965886107596
2025-05,2026-09,16,DE01,Software,948116.76,908265.87,-39850.890000000014,0.04203162699075166,-0.04203162699075166
2025-05,2026-09,16,ES01,Events,4042369.35,2316594.63,-1725774.7200000002,0.42692158251199885,-0.42692158251199885
2025-05,2026-09,16,ES01,Hardware,5537028.63,4982643.09,-554385.54,0.10012329302331963,-0.10012329302331963
2025-05,2026-09,16,ES01,Spare Parts,2347978.79,2143928.76,-204050.03000000026,0.08690454567521892,-0.08690454567521892
2025-05,2026-09,16,JP01,Hardware,4084597.49,3530922.56,-553674.9300000002,0.1355518949799874,-0.1355518949799874
2025-05,2026-09,16,JP01,Software,799035.7,721128.57,-77907.13,0.09750143829618628,-0.09750143829618628
2025-05,2026-09,16,JP01,Spare Parts,3296065.24,2960698.7,-335366.54000000004,0.10174754307957813,-0.10174754307957813
2025-05,2026-09,16,US01,Events,2597468.57,2596281.27,-1187.2999999998137,0.00045709888993952823,-0.00045709888993952823
2025-05,2026-09,16,US01,Hardware,6672882.34,5982831.69,-690050.6499999994,0.10341118198106869,-0.10341118198106869
2025-05,2026-09,16,US01,Software,1211429.73,1117433.17,-93996.56000000006,0.07759142579404919,-0.07759142579404919
2025-06,2025-07,1,DE01,Hardware,4722270.85,4563688.74,-158582.1099999994,0.03358174806936358,-0.03358174806936358
2025-06,2025-07,1,DE01,Software,770646.51,679400.17,-91246.33999999997,0.11840232689822985,-0.11840232689822985
2025-06,2025-07,1,ES01,Events,3546902.57,2616551.41,-930351.1599999997,0.2622996097690949,-0.2622996097690949
2025-06,2025-07,1,ES01,Hardware,4357362.47,4449156.02,91793.54999999981,0.02106631032694414,0.02106631032694414
2025-06,2025-07,1,ES01,Spare Parts,1860477.6,1832984.44,-27493.16000000015,0.014777474343147237,-0.014777474343147237
2025-06,2025-07,1,JP01,Hardware,2913153.02,3117078.1,203925.08000000007,0.0700014996122655,0.0700014996122655
2025-06,2025-07,1,JP01,Software,638190.11,547411.41,-90778.69999999995,0.1422439780522452,-0.1422439780522452
2025-06,2025-07,1,JP01,Spare Parts,2571194.41,2528414.79,-42779.62000000011,0.01663803399448123,-0.01663803399448123
2025-06,2025-07,1,US01,Events,1513970.65,2188664.53,674693.8799999999,0.4456452838104886,0.4456452838104886
2025-06,2025-07,1,US01,Hardware,5224763.8,5129040.8,-95723.0,0.018321019602838315,-0.018321019602838315
2025-06,2025-07,1,US01,Software,983710.2,838854.39,-144855.80999999994,0.14725455728729858,-0.14725455728729858
2025-06,2025-08,2,DE01,Hardware,4305816.89,4046846.45,-258970.43999999948,0.060144322579402464,-0.060144322579402464
2025-06,2025-08,2,DE01,Software,783265.11,605752.0,-177513.11,0.22663221907075626,-0.22663221907075626
2025-06,2025-08,2,ES01,Events,1659616.36,2318347.9,658731.5399999998,0.39691796000372026,0.39691796000372026
2025-06,2025-08,2,ES01,Hardware,3706548.86,3945284.67,238735.81000000006,0.06440919006258562,0.06440919006258562
2025-06,2025-08,2,ES01,Spare Parts,1649564.19,1627347.25,-22216.939999999944,0.01346836948491222,-0.01346836948491222
2025-06,2025-08,2,JP01,Hardware,2264184.89,2764065.9,499881.0099999998,0.2207774692816715,0.2207774692816715
2025-06,2025-08,2,JP01,Software,658777.62,488071.05,-170706.57,0.2591262435417888,-0.2591262435417888
2025-06,2025-08,2,JP01,Spare Parts,2267916.03,2244759.29,-23156.739999999758,0.01021058085647014,-0.01021058085647014
2025-06,2025-08,2,US01,Events,1368544.87,1939226.49,570681.6199999999,0.416998837604791,0.416998837604791
2025-06,2025-08,2,US01,Hardware,4496825.37,4548171.83,51346.45999999996,0.011418379806908081,0.011418379806908081
2025-06,2025-08,2,US01,Software,979283.84,747921.1,-231362.74,0.2362570794592097,-0.2362570794592097
2025-06,2025-09,3,DE01,Hardware,5132921.29,5024765.61,-108155.6799999997,0.021070979640913156,-0.021070979640913156
2025-06,2025-09,3,DE01,Software,803407.79,756244.86,-47162.93000000005,0.05870360057126164,-0.05870360057126164
2025-06,2025-09,3,ES01,Events,2098177.43,2876247.92,778070.4899999998,0.3708315983553401,0.3708315983553401
2025-06,2025-09,3,ES01,Hardware,4752466.38,4898661.47,146195.08999999985,0.030761940918769815,0.030761940918769815
2025-06,2025-09,3,ES01,Spare Parts,2061119.91,2023019.47,-38100.439999999944,0.01848530976540804,-0.01848530976540804
2025-06,2025-09,3,JP01,Hardware,3420851.08,3432001.55,11150.46999999974,0.0032595601910854707,0.0032595601910854707
2025-06,2025-09,3,JP01,Software,665617.74,609327.29,-56290.44999999995,0.08456873460133432,-0.08456873460133432
2025-06,2025-09,3,JP01,Spare Parts,2827480.22,2790548.7,-36931.52000000002,0.013061636908639459,-0.013061636908639459
2025-06,2025-09,3,US01,Events,3680310.3,2405892.65,-1274417.65,0.3462799454709023,-0.3462799454709023
2025-06,2025-09,3,US01,Hardware,5710211.41,5647236.11,-62975.299999999814,0.011028540885494082,-0.011028540885494082
2025-06,2025-09,3,US01,Software,987656.78,933734.41,-53922.369999999995,0.054596263693952464,-0.054596263693952464
2025-06,2025-10,4,DE01,Hardware,5456597.86,5233006.25,-223591.61000000034,0.04097637680780095,-0.04097637680780095
2025-06,2025-10,4,DE01,Software,819095.4,791892.76,-27202.640000000014,0.03321058816836234,-0.03321058816836234
2025-06,2025-10,4,ES01,Events,3244030.3,2993025.31,-251004.98999999976,0.07737442834612235,-0.07737442834612235
2025-06,2025-10,4,ES01,Hardware,5042217.8,5101675.99,59458.19000000041,0.011792070941481428,0.011792070941481428
2025-06,2025-10,4,ES01,Spare Parts,2137107.6,2109386.94,-27720.66000000015,0.012971111047473767,-0.012971111047473767
2025-06,2025-10,4,JP01,Hardware,3573820.2199999997,3574233.5,413.28000000026077,0.00011564095968998149,0.00011564095968998149
2025-06,2025-10,4,JP01,Software,678511.8099999999,638049.79,-40462.0199999999,0.05963347933472213,-0.05963347933472213
2025-06,2025-10,4,JP01,Spare Parts,2970043.07,2909683.81,-60359.25999999978,0.02032268845178726,-0.02032268845178726
2025-06,2025-10,4,US01,Events,2152138.58,2503573.33,351434.75,0.16329559502622734,0.16329559502622734
2025-06,2025-10,4,US01,Hardware,5845785.48,5881273.71,35488.229999999516,0.006070737648758112,0.006070737648758112
2025-06,2025-10,4,US01,Software,1012386.25,977748.83,-34637.42000000004,0.034213641285625956,-0.034213641285625956
2025-06,2025-11,5,DE01,Hardware,5643282.3,5442401.15,-200881.14999999944,0.035596509145041255,-0.035596509145041255
2025-06,2025-11,5,DE01,Software,824405.33,828083.56,3678.230000000098,0.004461676636661359,0.004461676636661359
2025-06,2025-11,5,ES01,Events,3330726.18,3110271.58,-220454.6000000001,0.06618814879582809,-0.06618814879582809
2025-06,2025-11,5,ES01,Hardware,5042528.53,5305815.81,263287.27999999933,0.0522133446412051,0.0522133446412051
2025-06,2025-11,5,ES01,Spare Parts,2246247.57,2196424.58,-49822.98999999976,0.022180542637158986,-0.022180542637158986
2025-06,2025-11,5,JP01,Hardware,3715131.39,3717253.83,2122.439999999944,0.0005712960800559853,0.0005712960800559853
2025-06,2025-11,5,JP01,Software,690835.74,667209.71,-23626.030000000028,0.03419920052196493,-0.03419920052196493
2025-06,2025-11,5,JP01,Spare Parts,3080239.12,3029743.34,-50495.78000000026,0.016393461037531483,-0.016393461037531483
2025-06,2025-11,5,US01,Events,2247091.5,2601646.22,354554.7200000002,0.15778383746278254,0.15778383746278254
2025-06,2025-11,5,US01,Hardware,6014569.7,6116608.55,102038.84999999963,0.01696527849698036,0.01696527849698036
2025-06,2025-11,5,US01,Software,1040772.17,1022433.55,-18338.619999999995,0.01762020596688322,-0.01762020596688322
2025-06,2025-12,6,DE01,Hardware,5888462.87,5750419.97,-138042.90000000037,0.023442943098663092,-0.023442943098663092
2025-06,2025-12,6,DE01,Software,827130.13,879734.6,52604.46999999997,0.063598783422386,0.063598783422386
2025-06,2025-12,6,ES01,Events,2470654.47,3283643.13,812988.6599999997,0.3290580167610405,0.3290580167610405
2025-06,2025-12,6,ES01,Hardware,5478749.67,5606104.43,127354.75999999978,0.02324522339419092,0.02324522339419092
2025-06,2025-12,6,ES01,Spare Parts,2349745.46,2323518.08,-26227.37999999989,0.011161796222812955,-0.011161796222812955
2025-06,2025-12,6,JP01,Hardware,3812651.53,3927635.99,114984.46000000043,0.030158659687422425,0.030158659687422425
2025-06,2025-12,6,JP01,Software,696583.87,708826.37,12242.5,0.017575055247833975,0.017575055247833975
2025-06,2025-12,6,JP01,Spare Parts,3250211.08,3205055.83,-45155.25,0.013893020757285709,-0.013893020757285709
2025-06,2025-12,6,US01,Events,2120276.55,2746666.17,626389.6200000001,0.2954282638271881,0.2954282638271881
2025-06,2025-12,6,US01,Hardware,6382523.77,6462784.9,80261.13000000082,0.012575140006098376,0.012575140006098376
2025-06,2025-12,6,US01,Software,1033741.14,1086207.01,52465.869999999995,0.0507533926723667,0.0507533926723667
2025-06,2026-01,7,DE01,Hardware,4361789.12,4300760.49,-61028.62999999989,0.013991650747205287,-0.013991650747205287
2025-06,2026-01,7,DE01,Software,824720.26,661554.85,-163165.41000000003,0.1978433390250411,-0.1978433390250411
2025-06,2026-01,7,ES01,Events,4029079.65,2453862.77,-1575216.88,0.3909619607544864,-0.3909619607544864
2025-06,2026-01,7,ES01,Hardware,3969315.91,4192826.36,223510.44999999972,0.05630956443575178,0.05630956443575178
2025-06,2026-01,7,ES01,Spare Parts,1730376.87,1739852.75,9475.879999999888,0.005476194327539693,0.005476194327539693
2025-06,2026-01,7,JP01,Hardware,2301293.04,2937493.57,636200.5299999998,0.27645350632964144,0.27645350632964144
2025-06,2026-01,7,JP01,Software,666552.84,533032.95,-133519.89,0.2003140366186123,-0.2003140366186123
2025-06,2026-01,7,JP01,Spare Parts,2397037.82,2399949.15,2911.3300000000745,0.0012145532188557937,0.0012145532188557937
2025-06,2026-01,7,US01,Events,1694382.05,2052580.5,358198.44999999995,0.21140359106141376,0.21140359106141376
2025-06,2026-01,7,US01,Hardware,4715868.51,4833540.87,117672.36000000034,0.02495242599543988,0.02495242599543988
2025-06,2026-01,7,US01,Software,1019508.7,816820.8,-202687.8999999999,0.19880938730586598,-0.19880938730586598
2025-06,2026-02,8,DE01,Hardware,4590563.92,4509157.89,-81406.03000000026,0.017733339828976884,-0.017733339828976884
2025-06,2026-02,8,DE01,Software,838223.83,697404.17,-140819.65999999992,0.1679976814784661,-0.1679976814784661
2025-06,2026-02,8,ES01,Events,2671339.66,2570686.3,-100653.36000000034,0.037678982387436395,-0.037678982387436395
2025-06,2026-02,8,ES01,Hardware,4158406.09,4395993.7,237587.61000000034,0.05713429733843054,0.05713429733843054
2025-06,2026-02,8,ES01,Spare Parts,1839318.77,1826347.55,-12971.219999999972,0.007052187044228321,-0.007052187044228321
2025-06,2026-02,8,JP01,Hardware,2845134.32,3079832.58,234698.26000000024,0.08249110010384335,0.08249110010384335
2025-06,2026-02,8,JP01,Software,688429.15,561917.73,-126511.42000000004,0.18376824979012008,-0.18376824979012008
2025-06,2026-02,8,JP01,Spare Parts,2545994.33,2519259.87,-26734.459999999963,0.010500596833615086,-0.010500596833615086
2025-06,2026-02,8,US01,Events,2126392.69,2150299.78,23907.08999999985,0.011243026799532428,0.011243026799532428
2025-06,2026-02,8,US01,Hardware,5150460.5,5067754.64,-82705.86000000034,0.016057954429511755,-0.016057954429511755
2025-06,2026-02,8,US01,Software,1031074.72,861083.9,-169990.81999999995,0.16486760532738107,-0.16486760532738107
2025-06,2026-03,9,DE01,Hardware,5078909.1,4866176.29,-212732.8099999996,0.04188553207223173,-0.04188553207223173
2025-06,2026-03,9,DE01,Software,860159.24,756737.8,-103421.43999999994,0.12023522528223954,-0.12023522528223954
2025-06,2026-03,9,ES01,Events,4347630.29,2771980.08,-1575650.21,0.36241586908255713,-0.36241586908255713
2025-06,2026-03,9,ES01,Hardware,4575854.05,4744052.19,168198.1400000006,0.036757758914972516,0.036757758914972516
2025-06,2026-03,9,ES01,Spare Parts,2016743.57,1973315.68,-43427.89000000013,0.021533669746620354,-0.021533669746620354
2025-06,2026-03,9,JP01,Hardware,3265538.72,3323682.31,58143.58999999985,0.01780520611925246,0.01780520611925246
2025-06,2026-03,9,JP01,Software,727869.52,609724.47,-118145.05000000005,0.16231624865951255,-0.16231624865951255
2025-06,2026-03,9,JP01,Spare Parts,2806973.74,2721987.41,-84986.33000000007,0.030276852536568463,-0.030276852536568463
2025-06,2026-03,9,US01,Events,2052129.69,2318675.82,266546.1299999999,0.12988756573177396,0.12988756573177396
2025-06,2026-03,9,US01,Hardware,5641419.01,5469000.66,-172418.34999999963,0.0305629398728175,-0.0305629398728175
2025-06,2026-03,9,US01,Software,1086297.7,934343.05,-151954.6499999999,0.13988306336283315,-0.13988306336283315
2025-06,2026-04,10,DE01,Hardware,5292387.16,4978735.41,-313651.75,0.05926470239565769,-0.05926470239565769
2025-06,2026-04,10,DE01,Software,883747.55,778475.83,-105271.72000000009,0.11911967393855868,-0.11911967393855868
2025-06,2026-04,10,ES01,Events,1899602.31,2833804.86,934202.5499999998,0.4917884891390766,0.4917884891390766
2025-06,2026-04,10,ES01,Hardware,4826801.56,4853786.46,26984.900000000373,0.005590637954463654,0.005590637954463654
2025-06,2026-04,10,ES01,Spare Parts,2107476.69,2021382.59,-86094.09999999986,0.04085174484183731,-0.04085174484183731
2025-06,2026-04,10,JP01,Hardware,3471706.0,3400562.13,-71143.87000000011,0.0204924812181677,-0.0204924812181677
2025-06,2026-04,10,JP01,Software,741056.59,627239.39,-113817.19999999995,0.1535877307291741,-0.1535877307291741
2025-06,2026-04,10,JP01,Spare Parts,2940055.28,2788290.8,-151764.47999999998,0.051619600839614144,-0.051619600839614144
2025-06,2026-04,10,US01,Events,2301375.69,2370390.33,69014.64000000013,0.02998842835608476,0.02998842835608476
2025-06,2026-04,10,US01,Hardware,6025098.71,5595503.66,-429595.0499999998,0.0713009148359662,-0.0713009148359662
2025-06,2026-04,10,US01,Software,1101695.33,961182.95,-140512.38000000012,0.12754195844689667,-0.12754195844689667
2025-06,2026-05,11,DE01,Hardware,5381249.6,5091900.72,-289348.8799999999,0.05376983070995255,-0.05376983070995255
2025-06,2026-05,11,DE01,Software,885391.85,800524.27,-84867.57999999996,0.09585312988819579,-0.09585312988819579
2025-06,2026-05,11,ES01,Events,3489160.2399999998,2895872.56,-593287.6799999997,0.17003738412426703,-0.17003738412426703
2025-06,2026-05,11,ES01,Hardware,5134093.25,4964111.71,-169981.54000000004,0.03310838578944783,-0.03310838578944783
2025-06,2026-05,11,ES01,Spare Parts,2174342.11,2069808.41,-104533.69999999995,0.04807601320842743,-0.04807601320842743
2025-06,2026-05,11,JP01,Hardware,3584493.15,3477855.98,-106637.16999999993,0.02974958119253204,-0.02974958119253204
2025-06,2026-05,11,JP01,Software,748277.66,645004.43,-103273.22999999998,0.13801458405159386,-0.13801458405159386
2025-06,2026-05,11,JP01,Spare Parts,3019944.0,2855089.27,-164854.72999999998,0.05458867118065765,-0.05458867118065765
2025-06,2026-05,11,US01,Events,1834312.06,2422308.06,587996.0,0.32055396288459226,0.32055396288459226
2025-06,2026-05,11,US01,Hardware,5861610.25,5722687.94,-138922.3099999996,0.023700366294398298,-0.023700366294398298
2025-06,2026-05,11,US01,Software,1100147.2,988406.14,-111741.05999999994,0.10156919001384537,-0.10156919001384537
2025-06,2026-06,12,DE01,Hardware,5375821.92,5205674.76,-170147.16000000015,0.03165044574244382,-0.03165044574244382
2025-06,2026-06,12,DE01,Software,913395.84,822886.81,-90509.02999999991,0.09909069653743979,-0.09909069653743979
2025-06,2026-06,12,ES01,Events,2432535.35,2958183.95,525648.6000000001,0.21609083707663285,0.21609083707663285
2025-06,2026-06,12,ES01,Hardware,5025591.43,5075030.42,49438.99000000022,0.009837447132068241,0.009837447132068241
2025-06,2026-06,12,ES01,Spare Parts,2201176.53,2118595.26,-82581.27000000002,0.03751687739465404,-0.03751687739465404
2025-06,2026-06,12,JP01,Hardware,3639861.9,3555565.62,-84296.2799999998,0.0231591973310855,-0.0231591973310855
2025-06,2026-06,12,JP01,Software,761159.52,663022.55,-98136.96999999997,0.12893088429085137,-0.12893088429085137
2025-06,2026-06,12,JP01,Spare Parts,3033019.12,2922385.74,-110633.37999999989,0.03647632132302545,-0.03647632132302545
2025-06,2026-06,12,US01,Events,1106838.42,2474429.61,1367591.19,1.235583410630072,1.235583410630072
2025-06,2026-06,12,US01,Hardware,5969717.7700000005,5850556.37,-119161.40000000037,0.01996097715018115,-0.01996097715018115
2025-06,2026-06,12,US01,Software,1130166.27,1016017.13,-114149.14000000001,0.10100207644668073,-0.10100207644668073
2025-06,2026-07,13,DE01,Hardware,5009268.27,4723417.84,-285850.4299999997,0.05706430851626154,-0.05706430851626154
2025-06,2026-07,13,DE01,Software,899460.19,750737.19,-148723.0,0.16534695104182434,-0.16534695104182434
2025-06,2026-07,13,ES01,Events,3033738.22,2681965.2,-351773.02,0.1159536500812519,-0.1159536500812519
2025-06,2026-07,13,ES01,Hardware,4727054.36,4604876.48,-122177.87999999989,0.02584651469927244,-0.02584651469927244
2025-06,2026-07,13,ES01,Spare Parts,2008950.68,1924633.66,-84317.02000000002,0.04197067695061584,-0.04197067695061584
2025-06,2026-07,13,JP01,Hardware,3142643.03,3226175.83,83532.80000000028,0.02658042902187344,0.02658042902187344
2025-06,2026-07,13,JP01,Software,739957.45,604889.61,-135067.83999999997,0.18253460384782932,-0.18253460384782932
2025-06,2026-07,13,JP01,Spare Parts,2790693.87,2654835.53,-135858.34000000032,0.04868263819993997,-0.04868263819993997
2025-06,2026-07,13,US01,Events,2810554.0,2243381.14,-567172.8599999999,0.20180108974956534,-0.20180108974956534
2025-06,2026-07,13,US01,Hardware,5368735.5,5308557.23,-60178.26999999955,0.01120902119316542,-0.01120902119316542
2025-06,2026-07,13,US01,Software,1132865.88,926934.1,-205931.7799999999,0.1817794883185995,-0.1817794883185995
2025-06,2026-08,14,DE01,Hardware,4959088.61,4188486.07,-770602.5400000005,0.15539196828346255,-0.15539196828346255
2025-06,2026-08,14,DE01,Software,917130.34,669355.96,-247774.38,0.27016266848177767,-0.27016266848177767
2025-06,2026-08,14,ES01,Events,3285979.84,2376306.6,-909673.2399999998,0.2768346990223774,-0.2768346990223774
2025-06,2026-08,14,ES01,Hardware,4556218.7,4083369.64,-472849.06000000006,0.10378102789490769,-0.10378102789490769
2025-06,2026-08,14,ES01,Spare Parts,1868999.55,1708714.61,-160284.93999999994,0.08575975312567621,-0.08575975312567621
2025-06,2026-08,14,JP01,Hardware,2819534.27,2860808.21,41273.939999999944,0.014638566531769781,0.014638566531769781
2025-06,2026-08,14,JP01,Software,776565.13,539318.51,-237246.62,0.3055076912866278,-0.3055076912866278
2025-06,2026-08,14,JP01,Spare Parts,2596342.8,2356997.26,-239345.54000000004,0.0921856466719264,-0.0921856466719264
2025-06,2026-08,14,US01,Events,3051386.78,1987707.16,-1063679.6199999999,0.34858891929786756,-0.34858891929786756
2025-06,2026-08,14,US01,Hardware,5173236.29,4707357.84,-465878.4500000002,0.09005551339314527,-0.09005551339314527
2025-06,2026-08,14,US01,Software,1148086.16,826452.82,-321633.33999999997,0.28014738893812635,-0.28014738893812635
2025-06,2026-09,15,DE01,Hardware,6069665.33,5200632.41,-869032.9199999999,0.14317641463767491,-0.14317641463767491
2025-06,2026-09,15,DE01,Software,948116.76,835650.57,-112466.19000000006,0.11862061166390525,-0.11862061166390525
2025-06,2026-09,15,ES01,Events,4042369.35,2948154.12,-1094215.23,0.27068660363754243,-0.27068660363754243
2025-06,2026-09,15,ES01,Hardware,5537028.63,5070114.62,-466914.0099999998,0.08432573519129516,-0.08432573519129516
2025-06,2026-09,15,ES01,Spare Parts,2347978.79,2124170.44,-223808.3500000001,0.09531957910062726,-0.09531957910062726
2025-06,2026-09,15,JP01,Hardware,4084597.49,3552121.61,-532475.8800000004,0.13036189766644554,-0.13036189766644554
2025-06,2026-09,15,JP01,Software,799035.7,673306.65,-125729.04999999993,0.1573509794368386,-0.1573509794368386
2025-06,2026-09,15,JP01,Spare Parts,3296065.24,2930076.14,-365989.1000000001,0.11103818442622819,-0.11103818442622819
2025-06,2026-09,15,US01,Events,2597468.57,2466039.96,-131428.60999999987,0.050598729670095634,-0.050598729670095634
2025-06,2026-09,15,US01,Hardware,6672882.34,5844889.37,-827992.9699999997,0.12408325635185706,-0.12408325635185706
2025-06,2026-09,15,US01,Software,1211429.73,1031776.52,-179653.20999999996,0.14829849850226143,-0.14829849850226143
2025-07,2025-08,1,DE01,Hardware,4305816.89,4030404.28,-275412.60999999987,0.06396291738267576,-0.06396291738267576
2025-07,2025-08,1,DE01,Software,783265.11,609179.33,-174085.78000000003,0.22225652308194863,-0.22225652308194863
2025-07,2025-08,1,ES01,Events,1659616.36,2588275.49,928659.1300000001,0.5595625304633657,0.5595625304633657
2025-07,2025-08,1,ES01,Hardware,3706548.86,3860341.47,153792.61000000034,0.04149213076878213,0.04149213076878213
2025-07,2025-08,1,ES01,Spare Parts,1649564.19,1627494.06,-22070.12999999989,0.013379370220203367,-0.013379370220203367
2025-07,2025-08,1,JP01,Hardware,2264184.89,2720334.56,456149.6699999999,0.20146308369719748,0.20146308369719748
2025-07,2025-08,1,JP01,Software,658777.62,501248.71,-157528.90999999997,0.23912304428313758,-0.23912304428313758
2025-07,2025-08,1,JP01,Spare Parts,2267916.03,2246410.94,-21505.08999999985,0.009482313152484685,-0.009482313152484685
2025-07,2025-08,1,US01,Events,1368544.87,1661670.65,293125.7799999998,0.21418792063427178,0.21418792063427178
2025-07,2025-08,1,US01,Hardware,4496825.37,4527222.07,30396.700000000186,0.006759590933369998,0.006759590933369998
2025-07,2025-08,1,US01,Software,979283.84,762116.49,-217167.34999999998,0.22176139453092578,-0.22176139453092578
2025-07,2025-09,2,DE01,Hardware,5132921.29,5004350.2,-128571.08999999985,0.025048326817417425,-0.025048326817417425
2025-07,2025-09,2,DE01,Software,803407.79,760523.67,-42884.119999999995,0.05337777469148014,-0.05337777469148014
2025-07,2025-09,2,ES01,Events,2098177.43,3211132.37,1112954.94,0.5304389057316282,0.5304389057316282
2025-07,2025-09,2,ES01,Hardware,4752466.38,4793191.76,40725.37999999989,0.00856931469760337,0.00856931469760337
2025-07,2025-09,2,ES01,Spare Parts,2061119.91,2023201.97,-37917.939999999944,0.018396765669009496,-0.018396765669009496
2025-07,2025-09,2,JP01,Hardware,3420851.08,3377702.55,-43148.53000000026,0.012613390349632016,-0.012613390349632016
2025-07,2025-09,2,JP01,Software,665617.74,625778.8,-39838.939999999944,0.059852581453132464,-0.059852581453132464
2025-07,2025-09,2,JP01,Spare Parts,2827480.22,2792601.92,-34878.30000000028,0.012335470909147607,-0.012335470909147607
2025-07,2025-09,2,US01,Events,3680310.3,2061544.23,-1618766.0699999998,0.43984499622219353,-0.43984499622219353
2025-07,2025-09,2,US01,Hardware,5710211.41,5621223.86,-88987.54999999981,0.015583932644623365,-0.015583932644623365
2025-07,2025-09,2,US01,Software,987656.78,951456.49,-36200.29000000004,0.036652702368934316,-0.036652702368934316
2025-07,2025-10,3,DE01,Hardware,5456597.86,5211744.77,-244853.09000000078,0.044872848665450445,-0.044872848665450445
2025-07,2025-10,3,DE01,Software,819095.4,796373.27,-22722.130000000005,0.027740517160760522,-0.027740517160760522
2025-07,2025-10,3,ES01,Events,3244030.3,3341506.26,97475.95999999996,0.030047795792782814,0.030047795792782814
2025-07,2025-10,3,ES01,Hardware,5042217.8,4991835.32,-50382.479999999516,0.009992126877184782,-0.009992126877184782
2025-07,2025-10,3,ES01,Spare Parts,2137107.6,2109577.24,-27530.35999999987,0.012882065460812487,-0.012882065460812487
2025-07,2025-10,3,JP01,Hardware,3573820.2199999997,3517684.19,-56136.029999999795,0.01570756964378018,-0.01570756964378018
2025-07,2025-10,3,JP01,Software,678511.8099999999,655276.79,-23235.019999999902,0.03424409075503034,-0.03424409075503034
2025-07,2025-10,3,JP01,Spare Parts,2970043.07,2911824.69,-58218.37999999989,0.019601863888121962,-0.019601863888121962
2025-07,2025-10,3,US01,Events,2152138.58,2145244.17,-6894.410000000149,0.0032035158256398847,-0.0032035158256398847
2025-07,2025-10,3,US01,Hardware,5845785.48,5854183.43,8397.949999999255,0.0014365819663979963,0.0014365819663979963
2025-07,2025-10,3,US01,Software,1012386.25,996306.29,-16079.959999999963,0.015883226387161976,-0.015883226387161976
2025-07,2025-11,4,DE01,Hardware,5643282.3,5420288.91,-222993.38999999966,0.03951483873135315,-0.03951483873135315
2025-07,2025-11,4,DE01,Software,824405.33,832768.84,8363.51000000001,0.010144900445997857,0.010144900445997857
2025-07,2025-11,4,ES01,Events,3330726.18,3472403.64,141677.45999999996,0.04253650775939797,0.04253650775939797
2025-07,2025-11,4,ES01,Hardware,5042528.53,5191579.94,149051.41000000015,0.029558863001614023,0.029558863001614023
2025-07,2025-11,4,ES01,Spare Parts,2246247.57,2196622.73,-49624.83999999985,0.02209232885224662,-0.02209232885224662
2025-07,2025-11,4,JP01,Hardware,3715131.39,3658441.74,-56689.64999999991,0.015259123850260355,-0.015259123850260355
2025-07,2025-11,4,JP01,Software,690835.74,685224.02,-5611.719999999972,0.008123088709915287,-0.008123088709915287
2025-07,2025-11,4,JP01,Spare Parts,3080239.12,3031972.56,-48266.560000000056,0.0156697444969792,-0.0156697444969792
2025-07,2025-11,4,US01,Events,2247091.5,2229280.17,-17811.330000000075,0.007926392850491435,-0.007926392850491435
2025-07,2025-11,4,US01,Hardware,6014569.7,6088434.28,73864.58000000007,0.0122809417272195,0.0122809417272195
2025-07,2025-11,4,US01,Software,1040772.17,1041839.12,1066.9499999999534,0.0010251523155158477,0.0010251523155158477
2025-07,2025-12,5,DE01,Hardware,5888462.87,5727056.26,-161406.61000000034,0.027410652586827015,-0.027410652586827015
2025-07,2025-12,5,DE01,Software,827130.13,884712.11,57581.97999999998,0.06961659104353989,0.06961659104353989
2025-07,2025-12,5,ES01,Events,2470654.47,3665961.02,1195306.5499999998,0.48380158557744407,0.48380158557744407
2025-07,2025-12,5,ES01,Hardware,5478749.67,5485403.25,6653.5800000000745,0.0012144340224984353,0.0012144340224984353
2025-07,2025-12,5,ES01,Spare Parts,2349745.46,2323727.69,-26017.77000000002,0.011072590815857994,-0.011072590815857994
2025-07,2025-12,5,JP01,Hardware,3812651.53,3865495.36,52843.830000000075,0.013860125842657348,0.013860125842657348
2025-07,2025-12,5,JP01,Software,696583.87,727964.31,31380.44000000006,0.04504904771912112,0.04504904771912112
2025-07,2025-12,5,JP01,Spare Parts,3250211.08,3207414.04,-42797.04000000004,0.013167464803547479,-0.013167464803547479
2025-07,2025-12,5,US01,Events,2120276.55,2353543.84,233267.29000000004,0.11001738900522201,0.11001738900522201
2025-07,2025-12,5,US01,Hardware,6382523.77,6433016.07,50492.300000000745,0.007911024199758013,0.007911024199758013
2025-07,2025-12,5,US01,Software,1033741.14,1106822.99,73081.84999999998,0.07069647049163583,0.07069647049163583
2025-07,2026-01,6,DE01,Hardware,4361789.12,4283286.69,-78502.4299999997,0.01799775913971735,-0.01799775913971735
2025-07,2026-01,6,DE01,Software,824720.26,665297.91,-159422.34999999998,0.19330475766413205,-0.19330475766413205
2025-07,2026-01,6,ES01,Events,4029079.65,2739568.49,-1289511.1599999997,0.3200510468935504,-0.3200510468935504
2025-07,2026-01,6,ES01,Hardware,3969315.91,4102553.5,133237.58999999985,0.03356688986742802,0.03356688986742802
2025-07,2026-01,6,ES01,Spare Parts,1730376.87,1740009.71,9632.839999999851,0.005566902890929102,0.005566902890929102
2025-07,2026-01,6,JP01,Hardware,2301293.04,2891018.37,589725.3300000001,0.25625825123079504,0.25625825123079504
2025-07,2026-01,6,JP01,Software,666552.84,547424.55,-119128.28999999992,0.1787229501565096,-0.1787229501565096
2025-07,2026-01,6,JP01,Spare Parts,2397037.82,2401714.97,4677.1500000003725,0.0019512207779852104,0.0019512207779852104
2025-07,2026-01,6,US01,Events,1694382.05,1758800.63,64418.57999999984,0.038018922591867545,0.038018922591867545
2025-07,2026-01,6,US01,Hardware,4715868.51,4811276.66,95408.15000000037,0.020231299875661794,0.020231299875661794
2025-07,2026-01,6,US01,Software,1019508.7,832323.89,-187184.80999999994,0.1836029550311831,-0.1836029550311831
2025-07,2026-02,7,DE01,Hardware,4590563.92,4490837.37,-99726.54999999981,0.021724248205218285,-0.021724248205218285
2025-07,2026-02,7,DE01,Software,838223.83,701350.06,-136873.7699999999,0.16329023955331826,-0.16329023955331826
2025-07,2026-02,7,ES01,Events,2671339.66,2869993.9,198654.23999999976,0.07436502477562129,0.07436502477562129
2025-07,2026-02,7,ES01,Hardware,4158406.09,4301346.59,142940.5,0.03437386751229965,0.03437386751229965
2025-07,2026-02,7,ES01,Spare Parts,1839318.77,1826512.3,-12806.469999999972,0.006962615838471529,-0.006962615838471529
2025-07,2026-02,7,JP01,Hardware,2845134.32,3031105.38,185971.06000000006,0.06536459761941928,0.06536459761941928
2025-07,2026-02,7,JP01,Software,688429.15,577089.21,-111339.94000000006,0.161730426435313,-0.161730426435313
2025-07,2026-02,7,JP01,Spare Parts,2545994.33,2521113.49,-24880.83999999985,0.009772543366190392,-0.009772543366190392
2025-07,2026-02,7,US01,Events,2126392.69,1842533.63,-283859.06000000006,0.1334932448436888,-0.1334932448436888
2025-07,2026-02,7,US01,Hardware,5150460.5,5044411.59,-106048.91000000015,0.020590180237281725,-0.020590180237281725
2025-07,2026-02,7,US01,Software,1031074.72,877427.09,-153647.63,0.14901696940062695,-0.14901696940062695
2025-07,2026-03,8,DE01,Hardware,5078909.1,4846405.22,-232503.8799999999,0.04577831093688995,-0.04577831093688995
2025-07,2026-03,8,DE01,Software,860159.24,761019.4,-99139.83999999997,0.11525754231274661,-0.11525754231274661
2025-07,2026-03,8,ES01,Events,4347630.29,3094724.52,-1252905.77,0.2881813048551559,-0.2881813048551559
2025-07,2026-03,8,ES01,Hardware,4575854.05,4641911.27,66057.21999999974,0.014436041726461913,0.014436041726461913
2025-07,2026-03,8,ES01,Spare Parts,2016743.57,1973493.7,-43249.87000000011,0.021445398732571692,-0.021445398732571692
2025-07,2026-03,8,JP01,Hardware,3265538.72,3271097.07,5558.3499999996275,0.0017021234401408743,0.0017021234401408743
2025-07,2026-03,8,JP01,Software,727869.52,626186.7,-101682.82000000007,0.1396992416992541,-0.1396992416992541
2025-07,2026-03,8,JP01,Spare Parts,2806973.74,2723990.18,-82983.56000000006,0.029563354589843813,-0.029563354589843813
2025-07,2026-03,8,US01,Events,2052129.69,1986810.5,-65319.189999999944,0.031829952228798926,-0.031829952228798926
2025-07,2026-03,8,US01,Hardware,5641419.01,5443809.4,-197609.6099999994,0.03502835184724196,-0.03502835184724196
2025-07,2026-03,8,US01,Software,1086297.7,952076.68,-134221.0199999999,0.12355822901954032,-0.12355822901954032
2025-07,2026-04,9,DE01,Hardware,5292387.16,4958507.02,-333880.1400000006,0.06308686985779789,-0.06308686985779789
2025-07,2026-04,9,DE01,Software,883747.55,782880.42,-100867.13,0.11413568275238782,-0.11413568275238782
2025-07,2026-04,9,ES01,Events,1899602.31,3163747.61,1264145.2999999998,0.66547892332264,0.66547892332264
2025-07,2026-04,9,ES01,Hardware,4826801.56,4749282.93,-77518.62999999989,0.016060040802671798,-0.016060040802671798
2025-07,2026-04,9,ES01,Spare Parts,2107476.69,2021564.95,-85911.73999999999,0.04076521482190154,-0.04076521482190154
2025-07,2026-04,9,JP01,Hardware,3471706.0,3346760.54,-124945.45999999996,0.03598964313222374,-0.03598964313222374
2025-07,2026-04,9,JP01,Software,741056.59,644174.52,-96882.06999999995,0.13073504953245196,-0.13073504953245196
2025-07,2026-04,9,JP01,Spare Parts,2940055.28,2790342.36,-149712.91999999993,0.050921804436275746,-0.050921804436275746
2025-07,2026-04,9,US01,Events,2301375.69,2031123.26,-270252.42999999993,0.1174308180860292,-0.1174308180860292
2025-07,2026-04,9,US01,Hardware,6025098.71,5569729.7,-455369.0099999998,0.07557868043625791,-0.07557868043625791
2025-07,2026-04,9,US01,Software,1101695.33,979426.0,-122269.33000000007,0.11098288852690341,-0.11098288852690341
2025-07,2026-05,10,DE01,Hardware,5381249.6,5071212.54,-310037.0599999996,0.057614324375513004,-0.057614324375513004
2025-07,2026-05,10,DE01,Software,885391.85,805053.62,-80338.22999999998,0.09073748532923584,-0.09073748532923584
2025-07,2026-05,10,ES01,Events,3489160.2399999998,3233041.93,-256118.3099999996,0.07340399763353936,-0.07340399763353936
2025-07,2026-05,10,ES01,Hardware,5134093.25,4857232.84,-276860.41000000015,0.05392586315022622,-0.05392586315022622
2025-07,2026-05,10,ES01,Spare Parts,2174342.11,2069995.13,-104346.97999999998,0.047990138957479875,-0.047990138957479875
2025-07,2026-05,10,JP01,Hardware,3584493.15,3422831.5,-161661.6499999999,0.04510028147215176,-0.04510028147215176
2025-07,2026-05,10,JP01,Software,748277.66,662419.21,-85858.45000000007,0.11474143167657853,-0.11474143167657853
2025-07,2026-05,10,JP01,Spare Parts,3019944.0,2857189.97,-162754.0299999998,0.05389306225545897,-0.05389306225545897
2025-07,2026-05,10,US01,Events,1834312.06,2075610.16,241298.09999999986,0.13154691901224258,0.13154691901224258
2025-07,2026-05,10,US01,Hardware,5861610.25,5696328.15,-165282.09999999963,0.02819738825180327,-0.02819738825180327
2025-07,2026-05,10,US01,Software,1100147.2,1007165.88,-92981.31999999995,0.08451716279421513,-0.08451716279421513
2025-07,2026-06,11,DE01,Hardware,5375821.92,5184524.32,-191297.59999999963,0.03558480969920217,-0.03558480969920217
2025-07,2026-06,11,DE01,Software,913395.84,827542.68,-85853.15999999992,0.09399337750432488,-0.09399337750432488
2025-07,2026-06,11,ES01,Events,2432535.35,3302608.29,870072.94,0.357681519407313,0.357681519407313
2025-07,2026-06,11,ES01,Hardware,5025591.43,4965763.44,-59827.98999999929,0.011904666512056532,-0.011904666512056532
2025-07,2026-06,11,ES01,Spare Parts,2201176.53,2118786.39,-82390.13999999966,0.03743004655787406,-0.03743004655787406
2025-07,2026-06,11,JP01,Hardware,3639861.9,3499311.66,-140550.23999999976,0.03861416830127532,-0.03861416830127532
2025-07,2026-06,11,JP01,Software,761159.52,680923.8,-80235.71999999997,0.10541248961847048,-0.10541248961847048
2025-07,2026-06,11,JP01,Spare Parts,3033019.12,2924535.97,-108483.1499999999,0.035767380853174414,-0.035767380853174414
2025-07,2026-06,11,US01,Events,1106838.42,2120271.7,1013433.2800000003,0.9156108621527614,0.9156108621527614
2025-07,2026-06,11,US01,Hardware,5969717.7700000005,5823607.59,-146110.18000000063,0.024475224060718136,-0.024475224060718136
2025-07,2026-06,11,US01,Software,1130166.27,1035300.92,-94865.34999999998,0.08393928620786036,-0.08393928620786036
2025-07,2026-07,12,DE01,Hardware,5009268.27,4704226.8,-305041.46999999974,0.060895414970458306,-0.060895414970458306
2025-07,2026-07,12,DE01,Software,899460.19,754984.84,-144475.34999999998,0.16062450746152532,-0.16062450746152532
2025-07,2026-07,12,ES01,Events,3033738.22,2994229.11,-39509.110000000335,0.01302324298765644,-0.01302324298765644
2025-07,2026-07,12,ES01,Hardware,4727054.36,4505732.06,-221322.30000000075,0.0468203416217961,-0.0468203416217961
2025-07,2026-07,12,ES01,Spare Parts,2008950.68,1924807.29,-84143.3899999999,0.04188424874621606,-0.04188424874621606
2025-07,2026-07,12,JP01,Hardware,3142643.03,3175133.27,32490.240000000224,0.01033850796601618,0.01033850796601618
2025-07,2026-07,12,JP01,Software,739957.45,621221.31,-118736.1399999999,0.16046346989276195,-0.16046346989276195
2025-07,2026-07,12,JP01,Spare Parts,2790693.87,2656788.9,-133904.9700000002,0.047982679662388124,-0.047982679662388124
2025-07,2026-07,12,US01,Events,2810554.0,1922292.53,-888261.47,0.31604497547458615,-0.31604497547458615
2025-07,2026-07,12,US01,Hardware,5368735.5,5284104.99,-84630.50999999978,0.015763583435987816,-0.015763583435987816
2025-07,2026-07,12,US01,Software,1132865.88,944527.12,-188338.7599999999,0.16624983003283664,-0.16624983003283664
2025-07,2026-08,13,DE01,Hardware,4959088.61,4171468.43,-787620.1800000002,0.15882357464066368,-0.15882357464066368
2025-07,2026-08,13,DE01,Software,917130.34,673143.16,-243987.17999999993,0.2660332663294074,-0.2660332663294074
2025-07,2026-08,13,ES01,Events,3285979.84,2652982.37,-632997.4699999997,0.19263583491735597,-0.19263583491735597
2025-07,2026-08,13,ES01,Hardware,4556218.7,3995453.42,-560765.2800000003,0.12307690146656047,-0.12307690146656047
2025-07,2026-08,13,ES01,Spare Parts,1868999.55,1708868.76,-160130.79000000004,0.08567727584525102,-0.08567727584525102
2025-07,2026-08,13,JP01,Hardware,2819534.27,2815546.27,-3988.0,0.0014144179918054338,-0.0014144179918054338
2025-07,2026-08,13,JP01,Software,776565.13,553879.83,-222685.30000000005,0.28675675921734994,-0.28675675921734994
2025-07,2026-08,13,JP01,Spare Parts,2596342.8,2358731.48,-237611.31999999983,0.09151769943475871,-0.09151769943475871
2025-07,2026-08,13,US01,Events,3051386.78,1703212.42,-1348174.3599999999,0.4418234911537501,-0.4418234911537501
2025-07,2026-08,13,US01,Hardware,5173236.29,4685674.85,-487561.4400000004,0.09424689162999751,-0.09424689162999751
2025-07,2026-08,13,US01,Software,1148086.16,842138.72,-305947.43999999994,0.2664847383928049,-0.2664847383928049
2025-07,2026-09,14,DE01,Hardware,6069665.33,5179502.46,-890162.8700000001,0.14665765270455203,-0.14665765270455203
2025-07,2026-09,14,DE01,Software,948116.76,840378.65,-107738.10999999999,0.11363379970205356,-0.11363379970205356
2025-07,2026-09,14,ES01,Events,4042369.35,3291410.67,-750958.6800000002,0.18577191121835518,-0.18577191121835518
2025-07,2026-09,14,ES01,Hardware,5537028.63,4960953.47,-576075.1600000001,0.10404048786722639,-0.10404048786722639
2025-07,2026-09,14,ES01,Spare Parts,2347978.79,2124362.07,-223616.7200000002,0.09523796422368884,-0.09523796422368884
2025-07,2026-09,14,JP01,Hardware,4084597.49,3495922.14,-588675.3500000001,0.14412077357468092,-0.14412077357468092
2025-07,2026-09,14,JP01,Software,799035.7,691485.58,-107550.12,0.13459989334644246,-0.13459989334644246
2025-07,2026-09,14,JP01,Spare Parts,3296065.24,2932232.02,-363833.2200000002,0.11038410756699713,-0.11038410756699713
2025-07,2026-09,14,US01,Events,2597468.57,2113082.84,-484385.73,0.18648376946482167,-0.18648376946482167
2025-07,2026-09,14,US01,Hardware,6672882.34,5817966.69,-854915.6499999994,0.1281178966509395,-0.1281178966509395
2025-07,2026-09,14,US01,Software,1211429.73,1051359.42,-160070.31000000006,0.13213338424507715,-0.13213338424507715
2025-08,2025-09,1,DE01,Hardware,5132921.29,5179827.44,46906.15000000037,0.009138295202652595,0.009138295202652595
2025-08,2025-09,1,DE01,Software,803407.79,884121.63,80713.83999999997,0.10046434824835339,0.10046434824835339
2025-08,2025-09,1,ES01,Events,2098177.43,3020876.79,922699.3599999999,0.4397623131424113,0.4397623131424113
2025-08,2025-09,1,ES01,Hardware,4752466.38,4716064.28,-36402.09999999963,0.007659622833565343,-0.007659622833565343
2025-08,2025-09,1,ES01,Spare Parts,2061119.91,2028844.95,-32274.959999999963,0.015658943394516026,-0.015658943394516026
2025-08,2025-09,1,JP01,Hardware,3420851.08,2981308.49,-439542.58999999985,0.1284892501079,-0.1284892501079
2025-08,2025-09,1,JP01,Software,665617.74,750731.16,85113.42000000004,0.1278713214584696,0.1278713214584696
2025-08,2025-09,1,JP01,Spare Parts,2827480.22,2796370.19,-31110.03000000026,0.011002740100512625,-0.011002740100512625
2025-08,2025-09,1,US01,Events,3680310.3,1975030.19,-1705280.1099999999,0.46335226407403746,-0.46335226407403746
2025-08,2025-09,1,US01,Hardware,5710211.41,5586712.11,-123499.29999999981,0.021627798190400067,-0.021627798190400067
2025-08,2025-09,1,US01,Software,987656.78,1124867.05,137210.27000000002,0.1389250524863506,0.1389250524863506
2025-08,2025-10,2,DE01,Hardware,5456597.86,5394494.28,-62103.580000000075,0.011381373814488883,-0.011381373814488883
2025-08,2025-10,2,DE01,Software,819095.4,925797.39,106701.98999999999,0.13026808598851855,0.13026808598851855
2025-08,2025-10,2,ES01,Events,3244030.3,3143526.2,-100504.09999999963,0.030981245767032334,-0.030981245767032334
2025-08,2025-10,2,ES01,Hardware,5042217.8,4911511.45,-130706.34999999963,0.0259223927217106,-0.0259223927217106
2025-08,2025-10,2,ES01,Spare Parts,2137107.6,2115461.13,-21646.470000000205,0.0101288629547713,-0.0101288629547713
2025-08,2025-10,2,JP01,Hardware,3573820.2199999997,3104862.43,-468957.7899999996,0.13122030799859305,-0.13122030799859305
2025-08,2025-10,2,JP01,Software,678511.8099999999,786119.16,107607.3500000001,0.15859318646200146,0.15859318646200146
2025-08,2025-10,2,JP01,Spare Parts,2970043.07,2915753.83,-54289.23999999976,0.018278940311798157,-0.018278940311798157
2025-08,2025-10,2,US01,Events,2152138.58,2055217.6,-96920.97999999998,0.04503473005906524,-0.04503473005906524
2025-08,2025-10,2,US01,Hardware,5845785.48,5818241.42,-27544.06000000052,0.004711780836679029,-0.004711780836679029
2025-08,2025-10,2,US01,Software,1012386.25,1177891.09,165504.84000000008,0.1634799366348566,0.1634799366348566
2025-08,2025-11,3,DE01,Hardware,5643282.3,5610351.01,-32931.29000000004,0.005835485139561428,-0.005835485139561428
2025-08,2025-11,3,DE01,Software,824405.33,968107.86,143702.53000000003,0.17431052999135757,0.17431052999135757
2025-08,2025-11,3,ES01,Events,3330726.18,3266668.07,-64058.110000000335,0.01923247560386376,-0.01923247560386376
2025-08,2025-11,3,ES01,Hardware,5042528.53,5108041.97,65513.43999999948,0.012992180333781765,0.012992180333781765
2025-08,2025-11,3,ES01,Spare Parts,2246247.57,2202749.4,-43498.169999999925,0.01936481560667862,-0.01936481560667862
2025-08,2025-11,3,JP01,Hardware,3715131.39,3229101.22,-486030.1699999999,0.13082449016695474,-0.13082449016695474
2025-08,2025-11,3,JP01,Software,690835.74,822046.1,131210.36,0.18992989563626222,0.18992989563626222
2025-08,2025-11,3,JP01,Spare Parts,3080239.12,3036063.82,-44175.30000000028,0.014341516446943989,-0.014341516446943989
2025-08,2025-11,3,US01,Events,2247091.5,2135726.98,-111364.52000000002,0.04955940601439684,-0.04955940601439684
2025-08,2025-11,3,US01,Hardware,6014569.7,6051054.08,36484.37999999989,0.0060660000332193155,0.0060660000332193155
2025-08,2025-11,3,US01,Software,1040772.17,1231722.65,190950.47999999986,0.18347000957952195,0.18347000957952195
2025-08,2025-12,4,DE01,Hardware,5888462.87,5927875.14,39412.26999999955,0.006693133822885012,0.006693133822885012
2025-08,2025-12,4,DE01,Software,827130.13,1028492.79,201362.66000000003,0.24344737629132193,0.24344737629132193
2025-08,2025-12,4,ES01,Events,2470654.47,3448757.41,978102.94,0.3958881955678731,0.3958881955678731
2025-08,2025-12,4,ES01,Hardware,5478749.67,5397137.36,-81612.30999999959,0.014896156042113818,-0.014896156042113818
2025-08,2025-12,4,ES01,Spare Parts,2349745.46,2330208.87,-19536.58999999985,0.008314343120382007,-0.008314343120382007
2025-08,2025-12,4,JP01,Hardware,3812651.53,3411855.84,-400795.68999999994,0.10512256020418419,-0.10512256020418419
2025-08,2025-12,4,JP01,Software,696583.87,873320.55,176736.68000000005,0.25371916808811557,0.25371916808811557
2025-08,2025-12,4,JP01,Spare Parts,3250211.08,3211742.04,-38469.04000000004,0.011835858980580436,-0.011835858980580436
2025-08,2025-12,4,US01,Events,2120276.55,2254775.84,134499.29000000004,0.06343478637256071,0.06343478637256071
2025-08,2025-12,4,US01,Hardware,6382523.77,6393520.29,10996.520000000484,0.0017229109355906848,0.0017229109355906848
2025-08,2025-12,4,US01,Software,1033741.14,1308550.34,274809.20000000007,0.2658394731199341,0.2658394731199341
2025-08,2026-01,5,DE01,Hardware,4361789.12,4433479.87,71690.75,0.01643608804269749,0.01643608804269749
2025-08,2026-01,5,DE01,Software,824720.26,773420.07,-51300.19000000006,0.06220314025024687,-0.06220314025024687
2025-08,2026-01,5,ES01,Events,4029079.65,2577252.49,-1451827.1599999997,0.36033717030141105,-0.36033717030141105
2025-08,2026-01,5,ES01,Hardware,3969315.91,4036539.11,67223.19999999972,0.016935714245027104,0.016935714245027104
2025-08,2026-01,5,ES01,Spare Parts,1730376.87,1744862.83,14485.959999999963,0.008371563588919195,0.008371563588919195
2025-08,2026-01,5,JP01,Hardware,2301293.04,2551739.68,250446.64000000013,0.10882866095141022,0.10882866095141022
2025-08,2026-01,5,JP01,Software,666552.84,656731.53,-9821.30999999994,0.014734480765245767,-0.014734480765245767
2025-08,2026-01,5,JP01,Spare Parts,2397037.82,2404955.78,7917.959999999963,0.0033032269803736193,0.0033032269803736193
2025-08,2026-01,5,US01,Events,1694382.05,1684991.42,-9390.630000000121,0.005542215228259837,-0.005542215228259837
2025-08,2026-01,5,US01,Hardware,4715868.51,4781737.62,65869.11000000034,0.013967545927187087,0.013967545927187087
2025-08,2026-01,5,US01,Software,1019508.7,984021.58,-35487.119999999995,0.034808059999880334,-0.034808059999880334
2025-08,2026-02,6,DE01,Hardware,4590563.92,4648308.31,57744.389999999665,0.01257893169691441,0.01257893169691441
2025-08,2026-02,6,DE01,Software,838223.83,815331.31,-22892.519999999902,0.02731074825205089,-0.02731074825205089
2025-08,2026-02,6,ES01,Events,2671339.66,2699950.35,28610.689999999944,0.010710240419220947,0.010710240419220947
2025-08,2026-02,6,ES01,Hardware,4158406.09,4232133.41,73727.3200000003,0.01772970662420329,0.01772970662420329
2025-08,2026-02,6,ES01,Spare Parts,1839318.77,1831606.69,-7712.0800000000745,0.004192900179015775,-0.004192900179015775
2025-08,2026-02,6,JP01,Hardware,2845134.32,2675386.62,-169747.69999999972,0.05966245558487366,-0.05966245558487366
2025-08,2026-02,6,JP01,Software,688429.15,692319.47,3890.319999999949,0.005651009984106496,0.005651009984106496
2025-08,2026-02,6,JP01,Spare Parts,2545994.33,2524515.41,-21478.919999999925,0.008436358143814061,-0.008436358143814061
2025-08,2026-02,6,US01,Events,2126392.69,1765210.51,-361182.17999999993,0.16985676338080336,-0.16985676338080336
2025-08,2026-02,6,US01,Hardware,5150460.5,5013441.21,-137019.29000000004,0.02660330857794173,-0.02660330857794173
2025-08,2026-02,6,US01,Software,1031074.72,1037345.2,6270.479999999981,0.006081499117736085,0.006081499117736085
2025-08,2026-03,7,DE01,Hardware,5078909.1,5016344.13,-62564.96999999974,0.012318584319612995,-0.012318584319612995
2025-08,2026-03,7,DE01,Software,860159.24,884697.93,24538.69000000006,0.028528078126557194,0.028528078126557194
2025-08,2026-03,7,ES01,Events,4347630.29,2911365.97,-1436264.3199999998,0.33035567060602106,-0.33035567060602106
2025-08,2026-03,7,ES01,Hardware,4575854.05,4567218.04,-8636.009999999776,0.001887300142363539,-0.001887300142363539
2025-08,2026-03,7,ES01,Spare Parts,2016743.57,1978998.04,-37745.53000000003,0.01871607801878353,-0.01871607801878353
2025-08,2026-03,7,JP01,Hardware,3265538.72,2887213.82,-378324.9000000004,0.11585374801496776,-0.11585374801496776
2025-08,2026-03,7,JP01,Software,727869.52,751220.51,23350.98999999999,0.03208128566779385,0.03208128566779385
2025-08,2026-03,7,JP01,Spare Parts,2806973.74,2727665.86,-79307.88000000035,0.028253873155222445,-0.028253873155222445
2025-08,2026-03,7,US01,Events,2052129.69,1903432.7,-148696.99,0.07245984048893128,-0.07245984048893128
2025-08,2026-03,7,US01,Hardware,5641419.01,5410386.9,-231032.1099999994,0.04095283643892982,-0.04095283643892982
2025-08,2026-03,7,US01,Software,1086297.7,1125600.28,39302.580000000075,0.03618030306056993,0.03618030306056993
2025-08,2026-04,8,DE01,Hardware,5292387.16,5132376.77,-160010.3900000006,0.030234067380663924,-0.030234067380663924
2025-08,2026-04,8,DE01,Software,883747.55,910111.73,26364.179999999935,0.02983225243453284,0.02983225243453284
2025-08,2026-04,8,ES01,Events,1899602.31,2976299.53,1076697.2199999997,0.5668013848646034,0.5668013848646034
2025-08,2026-04,8,ES01,Hardware,4826801.56,4672861.99,-153939.56999999937,0.03189266599971833,-0.03189266599971833
2025-08,2026-04,8,ES01,Spare Parts,2107476.69,2027203.36,-80273.32999999984,0.03808978309506229,-0.03808978309506229
2025-08,2026-04,8,JP01,Hardware,3471706.0,2953997.72,-517708.2799999998,0.14912215492901754,-0.14912215492901754
2025-08,2026-04,8,JP01,Software,741056.59,772800.05,31743.46000000008,0.04283540613274903,0.04283540613274903
2025-08,2026-04,8,JP01,Spare Parts,2940055.28,2794107.57,-145947.70999999996,0.04964114484269152,-0.04964114484269152
2025-08,2026-04,8,US01,Events,2301375.69,1945885.86,-355489.82999999984,0.154468404070089,-0.154468404070089
2025-08,2026-04,8,US01,Hardware,6025098.71,5535534.11,-489564.5999999996,0.08125420404938057,-0.08125420404938057
2025-08,2026-04,8,US01,Software,1101695.33,1157934.23,56238.89999999991,0.05104759770561967,0.05104759770561967
2025-08,2026-05,9,DE01,Hardware,5381249.6,5249034.3,-132215.2999999998,0.02456962784257393,-0.02456962784257393
2025-08,2026-05,9,DE01,Software,885391.85,935888.45,50496.59999999998,0.057033052653466344,0.057033052653466344
2025-08,2026-05,9,ES01,Events,3489160.2399999998,3041488.24,-447671.99999999953,0.12830365165458826,-0.12830365165458826
2025-08,2026-05,9,ES01,Hardware,5134093.25,4779074.87,-355018.3799999999,0.06914918812586816,-0.06914918812586816
2025-08,2026-05,9,ES01,Spare Parts,2174342.11,2075768.62,-98573.48999999976,0.04533485763194816,-0.04533485763194816
2025-08,2026-05,9,JP01,Hardware,3584493.15,3021141.28,-563351.8700000001,0.1571636062409549,-0.1571636062409549
2025-08,2026-05,9,JP01,Software,748277.66,794687.74,46410.07999999996,0.06202253853202026,0.06202253853202026
2025-08,2026-05,9,JP01,Spare Parts,3019944.0,2861045.39,-158898.60999999987,0.05261640944335387,-0.05261640944335387
2025-08,2026-05,9,US01,Events,1834312.06,1988505.83,154193.77000000002,0.08406081678381377,0.08406081678381377
2025-08,2026-05,9,US01,Hardware,5861610.25,5661355.29,-200254.95999999996,0.034163813603949524,-0.034163813603949524
2025-08,2026-05,9,US01,Software,1100147.2,1190729.92,90582.71999999997,0.08233690909725533,0.08233690909725533
2025-08,2026-06,10,DE01,Hardware,5375821.92,5366319.35,-9502.570000000298,0.0017676496992296757,-0.0017676496992296757
2025-08,2026-06,10,DE01,Software,913395.84,962032.37,48636.53000000003,0.05324803099606851,0.05324803099606851
2025-08,2026-06,10,ES01,Events,2432535.35,3106932.88,674397.5299999998,0.2772405876856013,0.2772405876856013
2025-08,2026-06,10,ES01,Hardware,5025591.43,4885859.09,-139732.33999999985,0.02780415836549607,-0.02780415836549607
2025-08,2026-06,10,ES01,Spare Parts,2201176.53,2124695.96,-76480.56999999983,0.03474531413434607,-0.03474531413434607
2025-08,2026-06,10,JP01,Hardware,3639861.9,3088646.03,-551215.8700000001,0.15143867683551404,-0.15143867683551404
2025-08,2026-06,10,JP01,Software,761159.52,816887.24,55727.71999999997,0.07321424554999978,0.07321424554999978
2025-08,2026-06,10,JP01,Spare Parts,3033019.12,2928482.26,-104536.86000000034,0.0344662713501128,-0.0344662713501128
2025-08,2026-06,10,US01,Events,1106838.42,2031293.12,924454.7000000002,0.835221007236088,0.835221007236088
2025-08,2026-06,10,US01,Hardware,5969717.7700000005,5787853.3,-181864.47000000067,0.030464500501838743,-0.030464500501838743
2025-08,2026-06,10,US01,Software,1130166.27,1223992.8,93826.53000000003,0.08302011172214512,0.08302011172214512
2025-08,2026-07,11,DE01,Hardware,5009268.27,4869180.22,-140088.0499999998,0.027965771136469763,-0.027965771136469763
2025-08,2026-07,11,DE01,Software,899460.19,877682.65,-21777.53999999992,0.024211788628466062,-0.024211788628466062
2025-08,2026-07,11,ES01,Events,3033738.22,2816824.78,-216913.4400000004,0.07150038146666471,-0.07150038146666471
2025-08,2026-07,11,ES01,Hardware,4727054.36,4433230.1,-293824.2600000007,0.06215800319249992,-0.06215800319249992
2025-08,2026-07,11,ES01,Spare Parts,2008950.68,1930175.83,-78774.84999999986,0.039211938244297695,-0.039211938244297695
2025-08,2026-07,11,JP01,Hardware,3142643.03,2802511.96,-340131.06999999983,0.10823089569928018,-0.10823089569928018
2025-08,2026-07,11,JP01,Software,739957.45,745263.65,5306.20000000007,0.0071709528703306795,0.0071709528703306795
2025-08,2026-07,11,JP01,Spare Parts,2790693.87,2660373.9,-130319.9700000002,0.046698052911120704,-0.046698052911120704
2025-08,2026-07,11,US01,Events,2810554.0,1841622.28,-968931.72,0.3447475906885262,-0.3447475906885262
2025-08,2026-07,11,US01,Hardware,5368735.5,5251663.0,-117072.5,0.021806345274413313,-0.021806345274413313
2025-08,2026-07,11,US01,Software,1132865.88,1116674.75,-16191.129999999888,0.01429218611474104,-0.01429218611474104
2025-08,2026-08,12,DE01,Hardware,4959088.61,4317740.72,-641347.8900000006,0.12932777379833924,-0.12932777379833924
2025-08,2026-08,12,DE01,Software,917130.34,782540.31,-134590.0299999999,0.1467512567515757,-0.1467512567515757
2025-08,2026-08,12,ES01,Events,3285979.84,2495796.49,-790183.3499999996,0.24047114969518488,-0.24047114969518488
2025-08,2026-08,12,ES01,Hardware,4556218.7,3931162.38,-625056.3200000003,0.1371875147257528,-0.1371875147257528
2025-08,2026-08,12,ES01,Spare Parts,1868999.55,1713635.02,-155364.53000000003,0.0831271093671478,-0.0831271093671478
2025-08,2026-08,12,JP01,Hardware,2819534.27,2485124.69,-334409.5800000001,0.11860454528187028,-0.11860454528187028
2025-08,2026-08,12,JP01,Software,776565.13,664475.76,-112089.37,0.14433994737827077,-0.14433994737827077
2025-08,2026-08,12,JP01,Spare Parts,2596342.8,2361914.29,-234428.50999999978,0.09029181739791825,-0.09029181739791825
2025-08,2026-08,12,US01,Events,3051386.78,1631736.0,-1419650.7799999998,0.4652477323769489,-0.4652477323769489
2025-08,2026-08,12,US01,Hardware,5173236.29,4656906.94,-516329.3499999996,0.0998078032890316,-0.0998078032890316
2025-08,2026-08,12,US01,Software,1148086.16,995625.24,-152460.91999999993,0.1327957128235044,-0.1327957128235044
2025-08,2026-09,13,DE01,Hardware,6069665.33,5361121.4,-708543.9299999997,0.11673525498975076,-0.11673525498975076
2025-08,2026-09,13,DE01,Software,948116.76,976954.4,28837.640000000014,0.030415705339920385,0.030415705339920385
2025-08,2026-09,13,ES01,Events,4042369.35,3096398.71,-945970.6400000001,0.23401390573080613,-0.23401390573080613
2025-08,2026-09,13,ES01,Hardware,5537028.63,4881126.53,-655902.0999999996,0.11845741530868689,-0.11845741530868689
2025-08,2026-09,13,ES01,Spare Parts,2347978.79,2130287.2,-217691.58999999985,0.09271446187126751,-0.09271446187126751
2025-08,2026-09,13,JP01,Hardware,4084597.49,3085654.29,-998943.2000000002,0.24456343677574952,-0.24456343677574952
2025-08,2026-09,13,JP01,Software,799035.7,829557.93,30522.230000000098,0.03819883141641869,0.03819883141641869
2025-08,2026-09,13,JP01,Spare Parts,3296065.24,2936188.69,-359876.5500000003,0.10918368533263627,-0.10918368533263627
2025-08,2026-09,13,US01,Events,2597468.57,2024405.95,-573062.6199999999,0.2206235049843163,-0.2206235049843163
2025-08,2026-09,13,US01,Hardware,6672882.34,5782247.04,-890635.2999999998,0.13347085331643954,-0.13347085331643954
2025-08,2026-09,13,US01,Software,1211429.73,1242978.09,31548.360000000102,0.02604225339591105,0.02604225339591105
2025-09,2025-10,1,DE01,Hardware,5456597.86,5433446.72,-23151.140000000596,0.004242779217745138,-0.004242779217745138
2025-09,2025-10,1,DE01,Software,819095.4,912232.71,93137.30999999994,0.1137075241785022,0.1137075241785022
2025-09,2025-10,1,ES01,Events,3244030.3,2576496.68,-667533.6199999996,0.2057729300493894,-0.2057729300493894
2025-09,2025-10,1,ES01,Hardware,5042217.8,4818861.67,-223356.1299999999,0.04429719993452086,-0.04429719993452086
2025-09,2025-10,1,ES01,Spare Parts,2137107.6,2134974.84,-2132.760000000242,0.0009979656616261354,-0.0009979656616261354
2025-09,2025-10,1,JP01,Hardware,3573820.2199999997,3164471.16,-409349.0599999996,0.11454103306852957,-0.11454103306852957
2025-09,2025-10,1,JP01,Software,678511.8099999999,774145.17,95633.3600000001,0.14094575597733533,0.14094575597733533
2025-09,2025-10,1,JP01,Spare Parts,2970043.07,2938168.67,-31874.399999999907,0.010731965580552982,-0.010731965580552982
2025-09,2025-10,1,US01,Events,2152138.58,2267009.78,114871.19999999972,0.05337537325314791,0.05337537325314791
2025-09,2025-10,1,US01,Hardware,5845785.48,5836313.87,-9471.610000000335,0.0016202459074841616,-0.0016202459074841616
2025-09,2025-10,1,US01,Software,1012386.25,1150381.72,137995.46999999997,0.13630713573994113,0.13630713573994113
2025-09,2025-11,2,DE01,Hardware,5643282.3,5650862.09,7579.790000000037,0.00134315272514367,0.00134315272514367
2025-09,2025-11,2,DE01,Software,824405.33,953923.25,129517.92000000004,0.1571046611258567,0.1571046611258567
2025-09,2025-11,2,ES01,Events,3330726.18,2677426.2,-653299.98,0.19614340678104014,-0.19614340678104014
2025-09,2025-11,2,ES01,Hardware,5042528.53,5011684.88,-30843.650000000373,0.006116703121558813,-0.006116703121558813
2025-09,2025-11,2,ES01,Spare Parts,2246247.57,2223068.29,-23179.279999999795,0.010319111886674092,-0.010319111886674092
2025-09,2025-11,2,JP01,Hardware,3715131.39,3291095.15,-424036.2400000002,0.1141376160050157,-0.1141376160050157
2025-09,2025-11,2,JP01,Software,690835.74,809524.88,118689.14000000001,0.17180515298759733,0.17180515298759733
2025-09,2025-11,2,JP01,Spare Parts,3080239.12,3059403.54,-20835.580000000075,0.0067642735476978405,-0.0067642735476978405
2025-09,2025-11,2,US01,Events,2247091.5,2355815.72,108724.2200000002,0.048384420483100134,0.048384420483100134
2025-09,2025-11,2,US01,Hardware,6014569.7,6069849.69,55279.99000000022,0.009191013282296857,0.009191013282296857
2025-09,2025-11,2,US01,Software,1040772.17,1202956.05,162183.88,0.15583033892998888,0.15583033892998888
2025-09,2025-12,3,DE01,Hardware,5888462.87,5970678.99,82216.12000000011,0.013962237992340455,0.013962237992340455
2025-09,2025-12,3,DE01,Software,827130.13,1013423.43,186293.30000000005,0.2252285260119832,0.2252285260119832
2025-09,2025-12,3,ES01,Events,2470654.47,2826670.26,356015.7899999996,0.1440977661275312,0.1440977661275312
2025-09,2025-12,3,ES01,Hardware,5478749.67,5295326.83,-183422.83999999985,0.03347895980799573,-0.03347895980799573
2025-09,2025-12,3,ES01,Spare Parts,2349745.46,2351703.49,1958.0300000002608,0.0008332945135258441,0.0008332945135258441
2025-09,2025-12,3,JP01,Hardware,3812651.53,3477358.38,-335293.1499999999,0.087942248947152,-0.087942248947152
2025-09,2025-12,3,JP01,Software,696583.87,860018.33,163434.45999999996,0.23462280285071768,0.23462280285071768
2025-09,2025-12,3,JP01,Spare Parts,3250211.08,3236432.29,-13778.790000000037,0.004239352356155292,-0.004239352356155292
2025-09,2025-12,3,US01,Events,2120276.55,2487132.69,366856.14000000013,0.17302277856159856,0.17302277856159856
2025-09,2025-12,3,US01,Hardware,6382523.77,6413379.66,30855.890000000596,0.004834434012613258,0.004834434012613258
2025-09,2025-12,3,US01,Software,1033741.14,1277989.45,244248.30999999994,0.2362760855198236,0.2362760855198236
2025-09,2026-01,4,DE01,Hardware,4361789.12,4465493.04,103703.91999999993,0.023775546489510233,0.023775546489510233
2025-09,2026-01,4,DE01,Software,824720.26,762088.01,-62632.25,0.07594362966177162,-0.07594362966177162
2025-09,2026-01,4,ES01,Events,4029079.65,2112367.47,-1916712.1799999997,0.4757196050964144,-0.4757196050964144
2025-09,2026-01,4,ES01,Hardware,3969315.91,3960394.64,-8921.270000000019,0.00224755857237879,-0.00224755857237879
2025-09,2026-01,4,ES01,Spare Parts,1730376.87,1760958.02,30581.149999999907,0.017673115337007425,0.017673115337007425
2025-09,2026-01,4,JP01,Hardware,2301293.04,2600729.27,299436.23,0.13011651484419384,0.13011651484419384
2025-09,2026-01,4,JP01,Software,666552.84,646728.35,-19824.48999999999,0.029741813117171615,-0.029741813117171615
2025-09,2026-01,4,JP01,Spare Parts,2397037.82,2423443.87,26406.05000000028,0.011016117384414185,0.011016117384414185
2025-09,2026-01,4,US01,Events,1694382.05,1858631.43,164249.3799999999,0.0969376298574456,0.0969376298574456
2025-09,2026-01,4,US01,Hardware,4715868.51,4796590.51,80722.0,0.017117101511382047,0.017117101511382047
2025-09,2026-01,4,US01,Software,1019508.7,961039.98,-58468.71999999997,0.05734989804402844,-0.05734989804402844
2025-09,2026-02,5,DE01,Hardware,4590563.92,4681872.7,91308.78000000026,0.01989053667288882,0.01989053667288882
2025-09,2026-02,5,DE01,Software,838223.83,803385.16,-34838.669999999925,0.04156249053430028,-0.04156249053430028
2025-09,2026-02,5,ES01,Events,2671339.66,2212933.08,-458406.5800000001,0.1716017572995566,-0.1716017572995566
2025-09,2026-02,5,ES01,Hardware,4158406.09,4152299.28,-6106.810000000056,0.0014685458485368984,-0.0014685458485368984
2025-09,2026-02,5,ES01,Spare Parts,1839318.77,1848502.03,9183.26000000001,0.004992750658440793,0.004992750658440793
2025-09,2026-02,5,JP01,Hardware,2845134.32,2726750.05,-118384.27000000002,0.04160937821733493,-0.04160937821733493
2025-09,2026-02,5,JP01,Software,688429.15,681774.22,-6654.930000000051,0.009666833544163624,-0.009666833544163624
2025-09,2026-02,5,JP01,Spare Parts,2545994.33,2543922.61,-2071.720000000205,0.0008137174445318599,-0.0008137174445318599
2025-09,2026-02,5,US01,Events,2126392.69,1947117.17,-179275.52000000002,0.08430969540249879,-0.08430969540249879
2025-09,2026-02,5,US01,Hardware,5150460.5,5029013.81,-121446.69000000041,0.023579773109608435,-0.023579773109608435
2025-09,2026-02,5,US01,Software,1031074.72,1013118.24,-17956.47999999998,0.017415304295308475,-0.017415304295308475
2025-09,2026-03,6,DE01,Hardware,5078909.1,5052566.02,-26343.080000000075,0.005186759495262492,-0.005186759495262492
2025-09,2026-03,6,DE01,Software,860159.24,871735.43,11576.19000000006,0.013458194089736293,0.013458194089736293
2025-09,2026-03,6,ES01,Events,4347630.29,2386213.53,-1961416.7600000002,0.4511461714008806,-0.4511461714008806
2025-09,2026-03,6,ES01,Hardware,4575854.05,4481062.95,-94791.09999999963,0.02071549900067281,-0.02071549900067281
2025-09,2026-03,6,ES01,Spare Parts,2016743.57,1997252.97,-19490.600000000093,0.00966439178978024,-0.00966439178978024
2025-09,2026-03,6,JP01,Hardware,3265538.72,2942644.01,-322894.7100000004,0.09887946145682217,-0.09887946145682217
2025-09,2026-03,6,JP01,Software,727869.52,739778.09,11908.569999999949,0.016360858193375027,0.016360858193375027
2025-09,2026-03,6,JP01,Spare Parts,2806973.74,2748634.78,-58338.96000000043,0.020783578830345747,-0.020783578830345747
2025-09,2026-03,6,US01,Events,2052129.69,2099583.3,47453.60999999987,0.023124079453282445,0.023124079453282445
2025-09,2026-03,6,US01,Hardware,5641419.01,5427192.49,-214226.51999999955,0.03797387140013193,-0.03797387140013193
2025-09,2026-03,6,US01,Software,1086297.7,1099312.14,13014.439999999944,0.011980546400862255,0.011980546400862255
2025-09,2026-04,7,DE01,Hardware,5292387.16,5169436.51,-122950.65000000037,0.023231605376353527,-0.023231605376353527
2025-09,2026-04,7,DE01,Software,883747.55,896776.87,13029.319999999949,0.014743260108613538,0.014743260108613538
2025-09,2026-04,7,ES01,Events,1899602.31,2439434.37,539832.06,0.28418161904635714,0.28418161904635714
2025-09,2026-04,7,ES01,Hardware,4826801.56,4584714.04,-242087.51999999955,0.050154852440215,-0.050154852440215
2025-09,2026-04,7,ES01,Spare Parts,2107476.69,2045902.95,-61573.73999999999,0.029216807138208487,-0.029216807138208487
2025-09,2026-04,7,JP01,Hardware,3471706.0,3010710.07,-460995.93000000017,0.1327865694848585,-0.1327865694848585
2025-09,2026-04,7,JP01,Software,741056.59,761028.93,19972.340000000084,0.02695116711667065,0.02695116711667065
2025-09,2026-04,7,JP01,Spare Parts,2940055.28,2815587.26,-124468.02000000002,0.04233526520630593,-0.04233526520630593
2025-09,2026-04,7,US01,Events,2301375.69,2146411.29,-154964.3999999999,0.06733555093736125,-0.06733555093736125
2025-09,2026-04,7,US01,Hardware,6025098.71,5552728.42,-472370.29000000004,0.07840042341812521,-0.07840042341812521
2025-09,2026-04,7,US01,Software,1101695.33,1130890.95,29195.61999999988,0.026500629715839746,0.026500629715839746
2025-09,2026-05,8,DE01,Hardware,5381249.6,5286936.4,-94313.19999999925,0.017526263788247114,-0.017526263788247114
2025-09,2026-05,8,DE01,Software,885391.85,922175.91,36784.060000000056,0.04154551456510477,0.04154551456510477
2025-09,2026-05,8,ES01,Events,3489160.2399999998,2492864.33,-996295.9099999997,0.2855403138492716,-0.2855403138492716
2025-09,2026-05,8,ES01,Hardware,5134093.25,4688923.35,-445169.9000000004,0.08670857312535185,-0.08670857312535185
2025-09,2026-05,8,ES01,Spare Parts,2174342.11,2094916.2,-79425.90999999992,0.036528708906805804,-0.036528708906805804
2025-09,2026-05,8,JP01,Hardware,3584493.15,3079142.69,-505350.45999999996,0.1409824036070483,-0.1409824036070483
2025-09,2026-05,8,JP01,Software,748277.66,782583.24,34305.57999999996,0.045846056662977155,0.045846056662977155
2025-09,2026-05,8,JP01,Spare Parts,3019944.0,2883039.66,-136904.33999999985,0.0453334035333105,-0.0453334035333105
2025-09,2026-05,8,US01,Events,1834312.06,2193423.29,359111.23,0.1957743384187312,0.1957743384187312
2025-09,2026-05,8,US01,Hardware,5861610.25,5678940.43,-182669.8200000003,0.031163760845409384,-0.031163760845409384
2025-09,2026-05,8,US01,Software,1100147.2,1162920.7,62773.5,0.05705918262574317,0.05705918262574317
2025-09,2026-06,9,DE01,Hardware,5375821.92,5405068.34,29246.419999999925,0.005440362503674587,0.005440362503674587
2025-09,2026-06,9,DE01,Software,913395.84,947936.77,34540.93000000005,0.03781594845012656,0.03781594845012656
2025-09,2026-06,9,ES01,Events,2432535.35,2546504.07,113968.71999999974,0.046851824784375586,0.046851824784375586
2025-09,2026-06,9,ES01,Hardware,5025591.43,4793693.21,-231898.21999999974,0.04614346853102616,-0.04614346853102616
2025-09,2026-06,9,ES01,Spare Parts,2201176.53,2144294.86,-56881.669999999925,0.025841484871729,-0.025841484871729
2025-09,2026-06,9,JP01,Hardware,3639861.9,3147943.42,-491918.48,0.135147566999726,-0.135147566999726
2025-09,2026-06,9,JP01,Software,761159.52,804444.6,43285.07999999996,0.05686729110344696,0.05686729110344696
2025-09,2026-06,9,JP01,Spare Parts,3033019.12,2950994.95,-82024.16999999993,0.02704373653931991,-0.02704373653931991
2025-09,2026-06,9,US01,Events,1106838.42,2240619.86,1133781.44,1.0243423245102028,1.0243423245102028
2025-09,2026-06,9,US01,Hardware,5969717.7700000005,5805831.36,-163886.41000000015,0.02745295779703169,-0.02745295779703169
2025-09,2026-06,9,US01,Software,1130166.27,1195406.74,65240.46999999997,0.057726435243904396,0.057726435243904396
2025-09,2026-07,10,DE01,Hardware,5009268.27,4904339.48,-104928.7899999991,0.020946929640084763,-0.020946929640084763
2025-09,2026-07,10,DE01,Software,899460.19,864822.94,-34637.25,0.038508930562007423,-0.038508930562007423
2025-09,2026-07,10,ES01,Events,3033738.22,2308725.69,-725012.5300000003,0.2389832205100413,-0.2389832205100413
2025-09,2026-07,10,ES01,Hardware,4727054.36,4349602.52,-377451.8400000008,0.07984927002193408,-0.07984927002193408
2025-09,2026-07,10,ES01,Spare Parts,2008950.68,1947980.41,-60970.27000000002,0.030349311512216925,-0.030349311512216925
2025-09,2026-07,10,JP01,Hardware,3142643.03,2856316.01,-286327.02,0.09111025887022238,-0.09111025887022238
2025-09,2026-07,10,JP01,Software,739957.45,733911.96,-6045.489999999991,0.008170050859005462,-0.008170050859005462
2025-09,2026-07,10,JP01,Spare Parts,2790693.87,2680825.51,-109868.36000000034,0.03936954933720492,-0.03936954933720492
2025-09,2026-07,10,US01,Events,2810554.0,2031403.25,-779150.75,0.27722319158429265,-0.27722319158429265
2025-09,2026-07,10,US01,Hardware,5368735.5,5267975.57,-100759.9299999997,0.01876790726605915,-0.01876790726605915
2025-09,2026-07,10,US01,Software,1132865.88,1090595.07,-42270.80999999982,0.03731316367300234,-0.03731316367300234
2025-09,2026-08,11,DE01,Hardware,4959088.61,4348918.15,-610170.46,0.12304084641068753,-0.12304084641068753
2025-09,2026-08,11,DE01,Software,917130.34,771074.61,-146055.72999999998,0.15925296943071363,-0.15925296943071363
2025-09,2026-08,11,ES01,Events,3285979.84,2045604.51,-1240375.3299999998,0.3774750273574411,-0.3774750273574411
2025-09,2026-08,11,ES01,Hardware,4556218.7,3857005.71,-699212.9900000002,0.15346343888189568,-0.15346343888189568
2025-09,2026-08,11,ES01,Spare Parts,1868999.55,1729442.16,-139557.39000000013,0.0746695685400246,-0.0746695685400246
2025-09,2026-08,11,JP01,Hardware,2819534.27,2532835.38,-286698.89000000013,0.10168306626044313,-0.10168306626044313
2025-09,2026-08,11,JP01,Software,776565.13,654354.62,-122210.51000000001,0.1573731619909331,-0.1573731619909331
2025-09,2026-08,11,JP01,Spare Parts,2596342.8,2380071.5,-216271.2999999998,0.08329843809530846,-0.08329843809530846
2025-09,2026-08,11,US01,Events,3051386.78,1799887.99,-1251498.7899999998,0.4101409884196981,-0.4101409884196981
2025-09,2026-08,11,US01,Hardware,5173236.29,4671372.09,-501864.2000000002,0.09701165225530423,-0.09701165225530423
2025-09,2026-08,11,US01,Software,1148086.16,972372.64,-175713.5199999999,0.15304907081189786,-0.15304907081189786
2025-09,2026-09,12,DE01,Hardware,6069665.33,5399832.85,-669832.4800000004,0.11035739922747939,-0.11035739922747939
2025-09,2026-09,12,DE01,Software,948116.76,962640.17,14523.410000000033,0.015318166087476433,0.015318166087476433
2025-09,2026-09,12,ES01,Events,4042369.35,2537870.05,-1504499.3000000003,0.3721825419045393,-0.3721825419045393
2025-09,2026-09,12,ES01,Hardware,5537028.63,4789049.92,-747978.71,0.13508666109244952,-0.13508666109244952
2025-09,2026-09,12,ES01,Spare Parts,2347978.79,2149937.67,-198041.1200000001,0.08434536156947146,-0.08434536156947146
2025-09,2026-09,12,JP01,Hardware,4084597.49,3144894.25,-939703.2400000002,0.23006018152354105,-0.23006018152354105
2025-09,2026-09,12,JP01,Software,799035.7,816922.29,17886.590000000084,0.02238522008465965,0.02238522008465965
2025-09,2026-09,12,JP01,Spare Parts,3296065.24,2958760.63,-337304.61000000034,0.10233553811574443,-0.10233553811574443
2025-09,2026-09,12,US01,Events,2597468.57,2233022.95,-364445.61999999965,0.14030799995397045,-0.14030799995397045
2025-09,2026-09,12,US01,Hardware,6672882.34,5800207.69,-872674.6499999994,0.13077926532119843,-0.13077926532119843
2025-09,2026-09,12,US01,Software,1211429.73,1213948.63,2518.899999999907,0.0020792786718218537,0.0020792786718218537
2025-10,2025-11,1,DE01,Hardware,5643282.3,5733304.69,90022.3900000006,0.015952133034351407,0.015952133034351407
2025-10,2025-11,1,DE01,Software,824405.33,921877.85,97472.52000000002,0.11823373339907933,0.11823373339907933
2025-10,2025-11,1,ES01,Events,3330726.18,2930970.61,-399755.5700000003,0.12002054458886809,-0.12002054458886809
2025-10,2025-11,1,ES01,Hardware,5042528.53,5072488.15,29959.62000000011,0.005941388297906192,0.005941388297906192
2025-10,2025-11,1,ES01,Spare Parts,2246247.57,2230085.97,-16161.599999999627,0.007194932658290924,-0.007194932658290924
2025-10,2025-11,1,JP01,Hardware,3715131.39,3505405.15,-209726.24000000022,0.05645190384504819,-0.05645190384504819
2025-10,2025-11,1,JP01,Software,690835.74,775686.28,84850.54000000004,0.1228230317093902,0.1228230317093902
2025-10,2025-11,1,JP01,Spare Parts,3080239.12,3075775.02,-4464.100000000093,0.0014492706007837772,-0.0014492706007837772
2025-10,2025-11,1,US01,Events,2247091.5,2533508.01,286416.5099999998,0.12746099124134455,0.12746099124134455
2025-10,2025-11,1,US01,Hardware,6014569.7,6117687.66,103117.95999999996,0.017144694490779606,0.017144694490779606
2025-10,2025-11,1,US01,Software,1040772.17,1144641.21,103869.03999999992,0.09979997831802125,0.09979997831802125
2025-10,2025-12,2,DE01,Hardware,5888462.87,6057787.52,169324.64999999944,0.028755322694256784,0.028755322694256784
2025-10,2025-12,2,DE01,Software,827130.13,979379.22,152249.08999999997,0.1840690895881159,0.1840690895881159
2025-10,2025-12,2,ES01,Events,2470654.47,3094347.64,623693.1699999999,0.2524404677275653,0.2524404677275653
2025-10,2025-12,2,ES01,Hardware,5478749.67,5359571.33,-119178.33999999985,0.021752835442105507,-0.021752835442105507
2025-10,2025-12,2,ES01,Spare Parts,2349745.46,2359127.24,9381.78000000026,0.003992679275141684,0.003992679275141684
2025-10,2025-12,2,JP01,Hardware,3812651.53,3703797.5,-108854.0299999998,0.028550741955690823,-0.028550741955690823
2025-10,2025-12,2,JP01,Software,696583.87,824069.07,127485.19999999995,0.1830148607948673,0.1830148607948673
2025-10,2025-12,2,JP01,Spare Parts,3250211.08,3253751.08,3540.0,0.0010891600308002149,0.0010891600308002149
2025-10,2025-12,2,US01,Events,2120276.55,2674729.83,554453.2800000003,0.26150045379693526,0.26150045379693526
2025-10,2025-12,2,US01,Hardware,6382523.77,6463925.08,81401.31000000052,0.01275378093891541,0.01275378093891541
2025-10,2025-12,2,US01,Software,1033741.14,1216037.26,182296.12,0.17634600476479054,0.17634600476479054
2025-10,2026-01,3,DE01,Hardware,4361789.12,4530641.83,168852.70999999996,0.0387118004457767,0.0387118004457767
2025-10,2026-01,3,DE01,Software,824720.26,736486.98,-88233.28000000003,0.10698570688684188,-0.10698570688684188
2025-10,2026-01,3,ES01,Events,4029079.65,2312402.47,-1716677.1799999997,0.42607179036532566,-0.42607179036532566
2025-10,2026-01,3,ES01,Hardware,3969315.91,4008443.34,39127.4299999997,0.009857474407976689,0.009857474407976689
2025-10,2026-01,3,ES01,Spare Parts,1730376.87,1766516.93,36140.05999999982,0.02088565827859212,0.02088565827859212
2025-10,2026-01,3,JP01,Hardware,2301293.04,2770083.93,468790.89000000013,0.203707603443671,0.203707603443671
2025-10,2026-01,3,JP01,Software,666552.84,619694.73,-46858.109999999986,0.0702991678799238,-0.0702991678799238
2025-10,2026-01,3,JP01,Spare Parts,2397037.82,2436412.2,39374.380000000354,0.016426265648157506,0.016426265648157506
2025-10,2026-01,3,US01,Events,1694382.05,1998822.56,304440.51,0.1796764253965037,0.1796764253965037
2025-10,2026-01,3,US01,Hardware,4715868.51,4834393.62,118525.11000000034,0.02513325164784977,0.02513325164784977
2025-10,2026-01,3,US01,Software,1019508.7,914452.33,-105056.37,0.10304607503594623,-0.10304607503594623
2025-10,2026-02,4,DE01,Hardware,4590563.92,4750178.33,159614.41000000015,0.03477010946402423,0.03477010946402423
2025-10,2026-02,4,DE01,Software,838223.83,776396.83,-61827.0,0.07375953508742408,-0.07375953508742408
2025-10,2026-02,4,ES01,Events,2671339.66,2422491.35,-248848.31000000006,0.09315487421019311,-0.09315487421019311
2025-10,2026-02,4,ES01,Hardware,4158406.09,4202676.23,44270.140000000596,0.010645939584029563,0.010645939584029563
2025-10,2026-02,4,ES01,Spare Parts,1839318.77,1854337.3,15018.530000000028,0.008165267622425245,0.008165267622425245
2025-10,2026-02,4,JP01,Hardware,2845134.32,2904310.95,59176.630000000354,0.020799239453833714,0.020799239453833714
2025-10,2026-02,4,JP01,Software,688429.15,653275.67,-35153.47999999998,0.051063322928728366,-0.051063322928728366
2025-10,2026-02,4,JP01,Spare Parts,2545994.33,2557535.65,11541.319999999832,0.004533128712819966,0.004533128712819966
2025-10,2026-02,4,US01,Events,2126392.69,2093982.52,-32410.169999999925,0.015241855444866078,-0.015241855444866078
2025-10,2026-02,4,US01,Hardware,5150460.5,5068648.71,-81811.79000000004,0.015884364126275707,-0.015884364126275707
2025-10,2026-02,4,US01,Software,1031074.72,964006.03,-67068.68999999994,0.06504736145601547,-0.06504736145601547
2025-10,2026-03,5,DE01,Hardware,5078909.1,5126279.85,47370.75,0.009326953695627277,0.009326953695627277
2025-10,2026-03,5,DE01,Software,860159.24,842450.99,-17708.25,0.0205871763930595,-0.0205871763930595
2025-10,2026-03,5,ES01,Events,4347630.29,2612180.95,-1735449.3399999999,0.39917132420199414,-0.39917132420199414
2025-10,2026-03,5,ES01,Hardware,4575854.05,4535428.55,-40425.5,0.008834525655380114,-0.008834525655380114
2025-10,2026-03,5,ES01,Spare Parts,2016743.57,2003557.8,-13185.770000000019,0.006538149022089119,-0.006538149022089119
2025-10,2026-03,5,JP01,Hardware,3265538.72,3134263.52,-131275.2000000002,0.04020016642154535,-0.04020016642154535
2025-10,2026-03,5,JP01,Software,727869.52,708854.94,-19014.580000000075,0.026123610726274227,-0.026123610726274227
2025-10,2026-03,5,JP01,Spare Parts,2806973.74,2763343.27,-43630.470000000205,0.015543597497281967,-0.015543597497281967
2025-10,2026-03,5,US01,Events,2052129.69,2257948.73,205819.04000000004,0.1002953375719641,0.1002953375719641
2025-10,2026-03,5,US01,Hardware,5641419.01,5469965.52,-171453.49000000022,0.030391908435817502,-0.030391908435817502
2025-10,2026-03,5,US01,Software,1086297.7,1046021.57,-40276.130000000005,0.03707651226730942,-0.03707651226730942
2025-10,2026-04,6,DE01,Hardware,5292387.16,5244855.4,-47531.75999999978,0.008981157002126764,-0.008981157002126764
2025-10,2026-04,6,DE01,Software,883747.55,866651.21,-17096.340000000084,0.019345275695531017,-0.019345275695531017
2025-10,2026-04,6,ES01,Events,1899602.31,2670441.64,770839.3300000001,0.4057898466126839,0.4057898466126839
2025-10,2026-04,6,ES01,Hardware,4826801.56,4640337.17,-186464.38999999966,0.038631045358326205,-0.038631045358326205
2025-10,2026-04,6,ES01,Spare Parts,2107476.69,2052361.37,-55115.31999999983,0.02615227976732679,-0.02615227976732679
2025-10,2026-04,6,JP01,Hardware,3471706.0,3206761.91,-264944.08999999985,0.0763152438599351,-0.0763152438599351
2025-10,2026-04,6,JP01,Software,741056.59,729217.49,-11839.099999999977,0.01597597290107086,-0.01597597290107086
2025-10,2026-04,6,JP01,Spare Parts,2940055.28,2830654.03,-109401.25,0.03721060986309074,-0.03721060986309074
2025-10,2026-04,6,US01,Events,2301375.69,2308308.82,6933.129999999888,0.0030126024317219968,0.0030126024317219968
2025-10,2026-04,6,US01,Hardware,6025098.71,5596490.84,-428607.8700000001,0.07113707021739402,-0.07113707021739402
2025-10,2026-04,6,US01,Software,1101695.33,1076069.55,-25625.780000000028,0.02326031462800158,-0.02326031462800158
2025-10,2026-05,7,DE01,Hardware,5381249.6,5364069.54,-17180.05999999959,0.0031925781699476624,-0.0031925781699476624
2025-10,2026-05,7,DE01,Software,885391.85,891197.01,5805.160000000033,0.006556599769921118,0.006556599769921118
2025-10,2026-05,7,ES01,Events,3489160.2399999998,2728931.27,-760228.9699999997,0.21788307721860312,-0.21788307721860312
2025-10,2026-05,7,ES01,Hardware,5134093.25,4745810.78,-388282.46999999974,0.07562824652629746,-0.07562824652629746
2025-10,2026-05,7,ES01,Spare Parts,2174342.11,2101529.34,-72812.77000000002,0.03348726479845438,-0.03348726479845438
2025-10,2026-05,7,JP01,Hardware,3584493.15,3279650.74,-304842.4099999997,0.08504477404287959,-0.08504477404287959
2025-10,2026-05,7,JP01,Software,748277.66,749870.81,1593.1500000000233,0.0021290893543447803,0.0021290893543447803
2025-10,2026-05,7,JP01,Spare Parts,3019944.0,2898467.38,-121476.62000000011,0.04022479224780331,-0.04022479224780331
2025-10,2026-05,7,US01,Events,1834312.06,2358866.79,524554.73,0.2859680974893661,0.2859680974893661
2025-10,2026-05,7,US01,Hardware,5861610.25,5723697.56,-137912.6900000004,0.023528123522030556,-0.023528123522030556
2025-10,2026-05,7,US01,Software,1100147.2,1106546.62,6399.420000000158,0.00581687614166555,0.00581687614166555
2025-10,2026-06,8,DE01,Hardware,5375821.92,5483924.95,108103.03000000026,0.020109116635321927,0.020109116635321927
2025-10,2026-06,8,DE01,Software,913395.84,916092.48,2696.640000000014,0.0029523234964591192,0.0029523234964591192
2025-10,2026-06,8,ES01,Events,2432535.35,2787650.53,355115.1799999997,0.14598561948955838,0.14598561948955838
2025-10,2026-06,8,ES01,Hardware,5025591.43,4851851.74,-173739.68999999948,0.03457099376659823,-0.03457099376659823
2025-10,2026-06,8,ES01,Spare Parts,2201176.53,2151063.87,-50112.65999999968,0.02276630670780398,-0.02276630670780398
2025-10,2026-06,8,JP01,Hardware,3639861.9,3352931.65,-286930.25,0.07882998253312852,-0.07882998253312852
2025-10,2026-06,8,JP01,Software,761159.52,770818.35,9658.829999999958,0.01268962647934819,0.01268962647934819
2025-10,2026-06,8,JP01,Spare Parts,3033019.12,2966786.31,-66232.81000000006,0.021837254359280155,-0.021837254359280155
2025-10,2026-06,8,US01,Events,1106838.42,2409623.26,1302784.8399999999,1.1770325428349333,1.1770325428349333
2025-10,2026-06,8,US01,Hardware,5969717.7700000005,5851588.54,-118129.23000000045,0.0197880761790185,-0.0197880761790185
2025-10,2026-06,8,US01,Software,1130166.27,1137457.86,7291.590000000084,0.0064517851873247675,0.0064517851873247675
2025-10,2026-07,9,DE01,Hardware,5009268.27,4975890.77,-33377.5,0.006663148827523267,-0.006663148827523267
2025-10,2026-07,9,DE01,Software,899460.19,835770.71,-63689.47999999998,0.07080855907586081,-0.07080855907586081
2025-10,2026-07,9,ES01,Events,3033738.22,2527355.24,-506382.98,0.1669171639997336,-0.1669171639997336
2025-10,2026-07,9,ES01,Hardware,4727054.36,4402373.21,-324681.1500000004,0.06868572376646,-0.06868572376646
2025-10,2026-07,9,ES01,Spare Parts,2008950.68,1954129.71,-54820.96999999997,0.027288360309572147,-0.027288360309572147
2025-10,2026-07,9,JP01,Hardware,3142643.03,3042314.0,-100329.0299999998,0.03192504813376777,-0.03192504813376777
2025-10,2026-07,9,JP01,Software,739957.45,703234.03,-36723.419999999925,0.04962909691631583,-0.04962909691631583
2025-10,2026-07,9,JP01,Spare Parts,2790693.87,2695171.14,-95522.72999999998,0.0342290249127182,-0.0342290249127182
2025-10,2026-07,9,US01,Events,2810554.0,2184626.05,-625927.9500000002,0.2227062529309169,-0.2227062529309169
2025-10,2026-07,9,US01,Hardware,5368735.5,5309493.78,-59241.71999999974,0.01103457601887814,-0.01103457601887814
2025-10,2026-07,9,US01,Software,1132865.88,1037727.07,-95138.80999999994,0.08398064738254801,-0.08398064738254801
2025-10,2026-08,10,DE01,Hardware,4959088.61,4412366.19,-546722.4199999999,0.11024655193648575,-0.11024655193648575
2025-10,2026-08,10,DE01,Software,917130.34,745171.7,-171958.64,0.18749640318299798,-0.18749640318299798
2025-10,2026-08,10,ES01,Events,3285979.84,2239317.25,-1046662.5899999999,0.31852374054735527,-0.31852374054735527
2025-10,2026-08,10,ES01,Hardware,4556218.7,3903800.07,-652418.6300000004,0.1431930012490402,-0.1431930012490402
2025-10,2026-08,10,ES01,Spare Parts,1868999.55,1734901.58,-134097.96999999997,0.07174852984849567,-0.07174852984849567
2025-10,2026-08,10,JP01,Hardware,2819534.27,2697768.91,-121765.35999999987,0.04318633800468042,-0.04318633800468042
2025-10,2026-08,10,JP01,Software,776565.13,627002.22,-149562.91000000003,0.19259544914152923,-0.19259544914152923
2025-10,2026-08,10,JP01,Spare Parts,2596342.8,2392807.73,-203535.06999999983,0.07839298801375529,-0.07839298801375529
2025-10,2026-08,10,US01,Events,3051386.78,1935648.27,-1115738.5099999998,0.3656496506155801,-0.3656496506155801
2025-10,2026-08,10,US01,Hardware,5173236.29,4708188.33,-465047.95999999996,0.08989497752092819,-0.08989497752092819
2025-10,2026-08,10,US01,Software,1148086.16,925235.63,-222850.5299999999,0.1941061026290918,-0.1941061026290918
2025-10,2026-09,11,DE01,Hardware,6069665.33,5478613.08,-591052.25,0.09737806252325941,-0.09737806252325941
2025-10,2026-09,11,DE01,Software,948116.76,930301.94,-17814.820000000065,0.018789689995565594,-0.018789689995565594
2025-10,2026-09,11,ES01,Events,4042369.35,2778198.9,-1264170.4500000002,0.3127300700516147,-0.3127300700516147
2025-10,2026-09,11,ES01,Hardware,5537028.63,4847152.12,-689876.5099999998,0.1245932712470009,-0.1245932712470009
2025-10,2026-09,11,ES01,Spare Parts,2347978.79,2156724.5,-191254.29000000004,0.08145486271620027,-0.08145486271620027
2025-10,2026-09,11,JP01,Hardware,4084597.49,3349683.92,-734913.5700000003,0.17992313117736364,-0.17992313117736364
2025-10,2026-09,11,JP01,Software,799035.7,782774.48,-16261.219999999972,0.020351055653708556,-0.020351055653708556
2025-10,2026-09,11,JP01,Spare Parts,3296065.24,2974593.55,-321471.6900000004,0.09753195601189023,-0.09753195601189023
2025-10,2026-09,11,US01,Events,2597468.57,2401453.34,-196015.22999999998,0.07546394680725627,-0.07546394680725627
2025-10,2026-09,11,US01,Hardware,6672882.34,5845920.55,-826961.79,0.1239287234307806,-0.1239287234307806
2025-10,2026-09,11,US01,Software,1211429.73,1155100.91,-56328.820000000065,0.04649780222910665,-0.04649780222910665
2025-11,2025-12,1,DE01,Hardware,5888462.87,6025443.07,136980.2000000002,0.02326247155227459,0.02326247155227459
2025-11,2025-12,1,DE01,Software,827130.13,891292.58,64162.44999999995,0.07757237667064547,0.07757237667064547
2025-11,2025-12,1,ES01,Events,2470654.47,3410227.23,939572.7599999998,0.38029306461457546,0.38029306461457546
2025-11,2025-12,1,ES01,Hardware,5478749.67,5349384.48,-129365.18999999948,0.02361217390682489,-0.02361217390682489
2025-11,2025-12,1,ES01,Spare Parts,2349745.46,2367095.7,17350.240000000224,0.0073838806353094194,0.0073838806353094194
2025-11,2025-12,1,JP01,Hardware,3812651.53,3844490.39,31838.860000000335,0.008350844484337214,0.008350844484337214
2025-11,2025-12,1,JP01,Software,696583.87,740086.85,43502.97999999998,0.06245189111255186,0.06245189111255186
2025-11,2025-12,1,JP01,Spare Parts,3250211.08,3265047.0,14835.919999999925,0.00456460200117216,0.00456460200117216
2025-11,2025-12,1,US01,Events,2120276.55,2487998.11,367721.56000000006,0.17343094229854125,0.17343094229854125
2025-11,2025-12,1,US01,Hardware,6382523.77,6385768.89,3245.1200000001118,0.0005084383728037588,0.0005084383728037588
2025-11,2025-12,1,US01,Software,1033741.14,1120290.08,86548.94000000006,0.08372399689926248,0.08372399689926248
2025-11,2026-01,2,DE01,Hardware,4361789.12,4506451.29,144662.16999999993,0.03316578725383219,0.03316578725383219
2025-11,2026-01,2,DE01,Software,824720.26,670246.38,-154473.88,0.18730457767582914,-0.18730457767582914
2025-11,2026-01,2,ES01,Events,4029079.65,2548458.92,-1480620.73,0.3674836088187038,-0.3674836088187038
2025-11,2026-01,2,ES01,Hardware,3969315.91,4000824.56,31508.649999999907,0.007938055502364866,0.007938055502364866
2025-11,2026-01,2,ES01,Spare Parts,1730376.87,1772483.72,42106.84999999986,0.024333918656691163,0.024333918656691163
2025-11,2026-01,2,JP01,Hardware,2301293.04,2875308.67,574015.6299999999,0.24943178466311264,0.24943178466311264
2025-11,2026-01,2,JP01,Software,666552.84,556540.63,-110012.20999999996,0.16504649503856283,-0.16504649503856283
2025-11,2026-01,2,JP01,Spare Parts,2397037.82,2444870.6,47832.78000000026,0.019954954235974577,0.019954954235974577
2025-11,2026-01,2,US01,Events,1694382.05,1859278.16,164896.10999999987,0.09731932063373774,0.09731932063373774
2025-11,2026-01,2,US01,Hardware,4715868.51,4775940.32,60071.81000000052,0.01273822836082436,0.01273822836082436
2025-11,2026-01,2,US01,Software,1019508.7,842451.06,-177057.6399999999,0.1736695724126728,-0.1736695724126728
2025-11,2026-02,3,DE01,Hardware,4590563.92,4724815.62,134251.7000000002,0.02924514337227662,0.02924514337227662
2025-11,2026-02,3,DE01,Software,838223.83,706566.68,-131657.1499999999,0.15706681829840116,-0.15706681829840116
2025-11,2026-02,3,ES01,Events,2671339.66,2669785.98,-1553.6800000001676,0.0005816108012262909,-0.0005816108012262909
2025-11,2026-02,3,ES01,Hardware,4158406.09,4194688.27,36282.1799999997,0.00872502088895308,0.00872502088895308
2025-11,2026-02,3,ES01,Spare Parts,1839318.77,1860600.73,21281.959999999963,0.011570566422262936,0.011570566422262936
2025-11,2026-02,3,JP01,Hardware,2845134.32,3014634.45,169500.13000000035,0.05957544036093184,0.05957544036093184
2025-11,2026-02,3,JP01,Software,688429.15,586699.28,-101729.87,0.14777100882494587,-0.14777100882494587
2025-11,2026-02,3,JP01,Spare Parts,2545994.33,2566414.54,20420.209999999963,0.008020524539031461,0.008020524539031461
2025-11,2026-02,3,US01,Events,2126392.69,1947794.69,-178598.0,0.08399107128232274,-0.08399107128232274
2025-11,2026-02,3,US01,Hardware,5150460.5,5007362.99,-143097.50999999978,0.02778343994677753,-0.02778343994677753
2025-11,2026-02,3,US01,Software,1031074.72,888103.04,-142971.67999999993,0.13866277314994196,-0.13866277314994196
2025-11,2026-03,4,DE01,Hardware,5078909.1,5098909.01,19999.91000000015,0.003937835784460122,0.003937835784460122
2025-11,2026-03,4,DE01,Software,860159.24,766679.84,-93479.40000000002,0.10867685383464581,-0.10867685383464581
2025-11,2026-03,4,ES01,Events,4347630.29,2878839.62,-1468790.67,0.33783706801803515,-0.33783706801803515
2025-11,2026-03,4,ES01,Hardware,4575854.05,4526808.14,-49045.91000000015,0.010718416598099354,-0.010718416598099354
2025-11,2026-03,4,ES01,Spare Parts,2016743.57,2010325.25,-6418.320000000065,0.0031825166548070686,-0.0031825166548070686
2025-11,2026-03,4,JP01,Hardware,3265538.72,3253322.03,-12216.69000000041,0.003741094823092592,-0.003741094823092592
2025-11,2026-03,4,JP01,Software,727869.52,636614.38,-91255.14000000001,0.1253729377210355,-0.1253729377210355
2025-11,2026-03,4,JP01,Spare Parts,2806973.74,2772936.66,-34037.080000000075,0.012125898976169286,-0.012125898976169286
2025-11,2026-03,4,US01,Events,2052129.69,2100313.87,48184.18000000017,0.023480085218200886,0.023480085218200886
2025-11,2026-03,4,US01,Hardware,5641419.01,5403827.43,-237591.58000000007,0.04211557049367267,-0.04211557049367267
2025-11,2026-03,4,US01,Software,1086297.7,963660.92,-122636.77999999991,0.1128942646200944,-0.1128942646200944
2025-11,2026-04,5,DE01,Hardware,5292387.16,5216851.45,-75535.70999999996,0.014272521589293546,-0.014272521589293546
2025-11,2026-04,5,DE01,Software,883747.55,788703.46,-95044.09000000008,0.10754665175592291,-0.10754665175592291
2025-11,2026-04,5,ES01,Events,1899602.31,2943047.73,1043445.4199999999,0.5492967735967851,0.5492967735967851
2025-11,2026-04,5,ES01,Hardware,4826801.56,4631517.37,-195284.18999999948,0.040458300920910344,-0.040458300920910344
2025-11,2026-04,5,ES01,Spare Parts,2107476.69,2059293.66,-48183.03000000003,0.022862900561903737,-0.022862900561903737
2025-11,2026-04,5,JP01,Hardware,3471706.0,3328574.35,-143131.6499999999,0.04122804465585505,-0.04122804465585505
2025-11,2026-04,5,JP01,Software,741056.59,654901.74,-86154.84999999998,0.11625947486682492,-0.11625947486682492
2025-11,2026-04,5,JP01,Spare Parts,2940055.28,2840481.1,-99574.1799999997,0.0338681318944451,-0.0338681318944451
2025-11,2026-04,5,US01,Events,2301375.69,2147158.16,-154217.5299999998,0.06701101896144554,-0.06701101896144554
2025-11,2026-04,5,US01,Hardware,6025098.71,5528822.92,-496275.79000000004,0.08236807625679547,-0.08236807625679547
2025-11,2026-04,5,US01,Software,1101695.33,991343.02,-110352.31000000006,0.1001659052144662,-0.1001659052144662
2025-11,2026-05,6,DE01,Hardware,5381249.6,5335429.06,-45820.54000000004,0.008514851271719498,-0.008514851271719498
2025-11,2026-05,6,DE01,Software,885391.85,811041.59,-74350.26000000001,0.08397441200751962,-0.08397441200751962
2025-11,2026-05,6,ES01,Events,3489160.2399999998,3007508.15,-481652.08999999985,0.13804241045690693,-0.13804241045690693
2025-11,2026-05,6,ES01,Hardware,5134093.25,4736790.5,-397302.75,0.0773851838394248,-0.0773851838394248
2025-11,2026-05,6,ES01,Spare Parts,2174342.11,2108627.71,-65714.3999999999,0.03022265893567223,-0.03022265893567223
2025-11,2026-05,6,JP01,Hardware,3584493.15,3404231.95,-180261.19999999972,0.05028917407751211,-0.05028917407751211
2025-11,2026-05,6,JP01,Software,748277.66,673450.25,-74827.41000000003,0.09999952424077452,-0.09999952424077452
2025-11,2026-05,6,JP01,Spare Parts,3019944.0,2908529.88,-111414.12000000011,0.036892776819702655,-0.036892776819702655
2025-11,2026-05,6,US01,Events,1834312.06,2194186.51,359874.4499999997,0.19619041811239016,0.19619041811239016
2025-11,2026-05,6,US01,Hardware,5861610.25,5654491.56,-207118.6900000004,0.03533477682177869,-0.03533477682177869
2025-11,2026-05,6,US01,Software,1100147.2,1019420.41,-80726.78999999992,0.07337817157558545,-0.07337817157558545
2025-11,2026-06,7,DE01,Hardware,5375821.92,5454644.53,78822.61000000034,0.014662429517382588,0.014662429517382588
2025-11,2026-06,7,DE01,Software,913395.84,833697.92,-79697.91999999993,0.08725452482901601,-0.08725452482901601
2025-11,2026-06,7,ES01,Events,2432535.35,3072221.63,639686.2799999998,0.26297101088376773,0.26297101088376773
2025-11,2026-06,7,ES01,Hardware,5025591.43,4842629.91,-182961.51999999955,0.036405967844465134,-0.036405967844465134
2025-11,2026-06,7,ES01,Spare Parts,2201176.53,2158329.55,-42846.97999999998,0.01946549012132161,-0.01946549012132161
2025-11,2026-06,7,JP01,Hardware,3639861.9,3480296.51,-159565.39000000013,0.043838308810562325,-0.043838308810562325
2025-11,2026-06,7,JP01,Software,761159.52,692262.99,-68896.53000000003,0.09051523128817994,-0.09051523128817994
2025-11,2026-06,7,JP01,Spare Parts,3033019.12,2977085.99,-55933.12999999989,0.018441403692832602,-0.018441403692832602
2025-11,2026-06,7,US01,Events,1106838.42,2241399.5,1134561.08,1.0250467091664563,1.0250467091664563
2025-11,2026-06,7,US01,Hardware,5969717.7700000005,5780836.2,-188881.5700000003,0.0316399497056961,-0.0316399497056961
2025-11,2026-06,7,US01,Software,1130166.27,1047897.79,-82268.47999999998,0.0727932536864686,-0.0727932536864686
2025-11,2026-07,8,DE01,Hardware,5009268.27,4949322.91,-59945.359999999404,0.011966889527359933,-0.011966889527359933
2025-11,2026-07,8,DE01,Software,899460.19,760600.4,-138859.78999999992,0.15438125171498687,-0.15438125171498687
2025-11,2026-07,8,ES01,Events,3033738.22,2785354.67,-248383.55000000028,0.08187375837589582,-0.08187375837589582
2025-11,2026-07,8,ES01,Hardware,4727054.36,4394005.7,-333048.66000000015,0.07045585572660944,-0.07045585572660944
2025-11,2026-07,8,ES01,Spare Parts,2008950.68,1960730.2,-48220.47999999998,0.02400281922301845,-0.02400281922301845
2025-11,2026-07,8,JP01,Hardware,3142643.03,3157879.7,15236.670000000391,0.004848361667090262,0.004848361667090262
2025-11,2026-07,8,JP01,Software,739957.45,631566.3,-108391.1499999999,0.14648294979664023,-0.14648294979664023
2025-11,2026-07,8,JP01,Spare Parts,2790693.87,2704527.86,-86166.01000000024,0.030876195675307173,-0.030876195675307173
2025-11,2026-07,8,US01,Events,2810554.0,2032110.09,-778443.9099999999,0.2769716966832873,-0.2769716966832873
2025-11,2026-07,8,US01,Hardware,5368735.5,5245295.97,-123439.53000000026,0.02299229120153158,-0.02299229120153158
2025-11,2026-07,8,US01,Software,1132865.88,956019.5,-176846.3799999999,0.15610531054214458,-0.15610531054214458
2025-11,2026-08,9,DE01,Hardware,4959088.61,4388807.16,-570281.4500000002,0.11499722929935711,-0.11499722929935711
2025-11,2026-08,9,DE01,Software,917130.34,678149.98,-238980.36,0.2605740422893435,-0.2605740422893435
2025-11,2026-08,9,ES01,Events,3285979.84,2467912.97,-818066.8699999996,0.24895675257703337,-0.24895675257703337
2025-11,2026-08,9,ES01,Hardware,4556218.7,3896380.18,-659838.52,0.14482152052973224,-0.14482152052973224
2025-11,2026-08,9,ES01,Spare Parts,1868999.55,1740761.59,-128237.95999999996,0.06861315723698273,-0.06861315723698273
2025-11,2026-08,9,JP01,Hardware,2819534.27,2800246.68,-19287.58999999985,0.0068407006806836404,-0.0068407006806836404
2025-11,2026-08,9,JP01,Software,776565.13,563103.4,-213461.72999999998,0.27487936523753004,-0.27487936523753004
2025-11,2026-08,9,JP01,Spare Parts,2596342.8,2401114.75,-195228.0499999998,0.07519347984403285,-0.07519347984403285
2025-11,2026-08,9,US01,Events,3051386.78,1800514.28,-1250872.4999999998,0.4099357407585019,-0.4099357407585019
2025-11,2026-08,9,US01,Hardware,5173236.29,4651260.99,-521975.2999999998,0.10089918007592107,-0.10089918007592107
2025-11,2026-08,9,US01,Software,1148086.16,852385.31,-295700.84999999986,0.25755980718380916,-0.25755980718380916
2025-11,2026-09,10,DE01,Hardware,6069665.33,5449361.03,-620304.2999999998,0.10219744685659626,-0.10219744685659626
2025-11,2026-09,10,DE01,Software,948116.76,846629.37,-101487.39000000001,0.10704102520031394,-0.10704102520031394
2025-11,2026-09,10,ES01,Events,4042369.35,3061805.15,-980564.2000000002,0.2425716492234932,-0.2425716492234932
2025-11,2026-09,10,ES01,Hardware,5537028.63,4837939.22,-699089.4100000001,0.12625714200072688,-0.12625714200072688
2025-11,2026-09,10,ES01,Spare Parts,2347978.79,2164009.3,-183969.49000000022,0.07835227932361358,-0.07835227932361358
2025-11,2026-09,10,JP01,Hardware,4084597.49,3476925.41,-607672.0800000001,0.14877159413815338,-0.14877159413815338
2025-11,2026-09,10,JP01,Software,799035.7,703000.65,-96035.04999999993,0.12018868493610478,-0.12018868493610478
2025-11,2026-09,10,JP01,Spare Parts,3296065.24,2984920.33,-311144.91000000015,0.09439889302676549,-0.09439889302676549
2025-11,2026-09,10,US01,Events,2597468.57,2233799.95,-363668.61999999965,0.14000886255189593,-0.14000886255189593
2025-11,2026-09,10,US01,Hardware,6672882.34,5775236.74,-897645.5999999996,0.13452141882064111,-0.13452141882064111
2025-11,2026-09,10,US01,Software,1211429.73,1064151.67,-147278.06000000006,0.12157375401378011,-0.12157375401378011
2025-12,2026-01,1,DE01,Hardware,4361789.12,4411608.51,49819.389999999665,0.011421778685164785,0.011421778685164785
2025-12,2026-01,1,DE01,Software,824720.26,622154.08,-202566.18000000005,0.24561804750619326,-0.24561804750619326
2025-12,2026-01,1,ES01,Events,4029079.65,2123662.58,-1905417.0699999998,0.47291620804766166,-0.47291620804766166
2025-12,2026-01,1,ES01,Hardware,3969315.91,4073633.69,104317.7799999998,0.026281047506747778,0.026281047506747778
2025-12,2026-01,1,ES01,Spare Parts,1730376.87,1765737.75,35360.87999999989,0.020435363309034456,0.020435363309034456
2025-12,2026-01,1,JP01,Hardware,2301293.04,3078362.78,777069.7399999998,0.33766657548314655,0.33766657548314655
2025-12,2026-01,1,JP01,Software,666552.84,519134.22,-147418.62,0.22116569183022308,-0.22116569183022308
2025-12,2026-01,1,JP01,Spare Parts,2397037.82,2438663.13,41625.310000000056,0.01736531215848737,0.01736531215848737
2025-12,2026-01,1,US01,Events,1694382.05,1743722.62,49340.570000000065,0.029120097205940103,0.029120097205940103
2025-12,2026-01,1,US01,Hardware,4715868.51,4759637.3,43768.79000000004,0.009281172684774462,0.009281172684774462
2025-12,2026-01,1,US01,Software,1019508.7,778239.32,-241269.38,0.23665259550997458,-0.23665259550997458
2025-12,2026-02,2,DE01,Hardware,4590563.92,4625377.14,34813.21999999974,0.007583647805954032,0.007583647805954032
2025-12,2026-02,2,DE01,Software,838223.83,655868.29,-182355.53999999992,0.21754993531978198,-0.21754993531978198
2025-12,2026-02,2,ES01,Events,2671339.66,2224765.93,-446573.73,0.1671722007825841,-0.1671722007825841
2025-12,2026-02,2,ES01,Hardware,4158406.09,4271025.44,112619.35000000056,0.027082335770627096,0.027082335770627096
2025-12,2026-02,2,ES01,Spare Parts,1839318.77,1853519.39,14200.619999999879,0.007720586682209457,0.007720586682209457
2025-12,2026-02,2,JP01,Hardware,2845134.32,3227527.74,382393.4200000004,0.13440258947071448,0.13440258947071448
2025-12,2026-02,2,JP01,Software,688429.15,547265.83,-141163.32000000007,0.20505134043205472,-0.20505134043205472
2025-12,2026-02,2,JP01,Spare Parts,2545994.33,2559898.48,13904.149999999907,0.005461186553388713,0.005461186553388713
2025-12,2026-02,2,US01,Events,2126392.69,1826737.78,-299654.9099999999,0.14092171752151758,-0.14092171752151758
2025-12,2026-02,2,US01,Hardware,5150460.5,4990270.0,-160190.5,0.031102170378745745,-0.031102170378745745
2025-12,2026-02,2,US01,Software,1031074.72,820411.7,-210663.02000000002,0.204314019065466,-0.204314019065466
2025-12,2026-03,3,DE01,Hardware,5078909.1,4991597.36,-87311.73999999929,0.01719104206846295,-0.01719104206846295
2025-12,2026-03,3,DE01,Software,860159.24,711668.14,-148491.09999999998,0.1726321047251669,-0.1726321047251669
2025-12,2026-03,3,ES01,Events,4347630.29,2398972.94,-1948657.35,0.448211374937311,-0.448211374937311
2025-12,2026-03,3,ES01,Hardware,4575854.05,4609189.4,33335.35000000056,0.007285055343930946,0.007285055343930946
2025-12,2026-03,3,ES01,Spare Parts,2016743.57,2002674.07,-14069.5,0.006976345535094479,-0.006976345535094479
2025-12,2026-03,3,JP01,Hardware,3265538.72,3483071.42,217532.69999999972,0.06661464421404861,0.06661464421404861
2025-12,2026-03,3,JP01,Software,727869.52,593826.02,-134043.5,0.18415869371752233,-0.18415869371752233
2025-12,2026-03,3,JP01,Spare Parts,2806973.74,2765896.24,-41077.5,0.01463408774176847,-0.01463408774176847
2025-12,2026-03,3,US01,Events,2052129.69,1969777.78,-82351.90999999992,0.0401299734618624,-0.0401299734618624
2025-12,2026-03,3,US01,Hardware,5641419.01,5385381.08,-256037.9299999997,0.04538537725103311,-0.04538537725103311
2025-12,2026-03,3,US01,Software,1086297.7,890210.55,-196087.1499999999,0.18050958774928816,-0.18050958774928816
2025-12,2026-04,4,DE01,Hardware,5292387.16,5107057.58,-185329.58000000007,0.0350181448176592,-0.0350181448176592
2025-12,2026-04,4,DE01,Software,883747.55,732111.49,-151636.06000000006,0.1715830046714133,-0.1715830046714133
2025-12,2026-04,4,ES01,Events,1899602.31,2452478.36,552876.0499999998,0.2910483142126732,0.2910483142126732
2025-12,2026-04,4,ES01,Hardware,4826801.56,4715804.17,-110997.38999999966,0.022996054140663632,-0.022996054140663632
2025-12,2026-04,4,ES01,Spare Parts,2107476.69,2051456.11,-56020.57999999984,0.026581826629835627,-0.026581826629835627
2025-12,2026-04,4,JP01,Hardware,3471706.0,3563638.06,91932.06000000006,0.02648037016959387,0.02648037016959387
2025-12,2026-04,4,JP01,Software,741056.59,610884.25,-130172.33999999997,0.17565775914630213,-0.17565775914630213
2025-12,2026-04,4,JP01,Spare Parts,2940055.28,2833269.18,-106786.09999999963,0.036321119785203373,-0.036321119785203373
2025-12,2026-04,4,US01,Events,2301375.69,2013710.66,-287665.03,0.12499698821447099,-0.12499698821447099
2025-12,2026-04,4,US01,Hardware,6025098.71,5509949.88,-515148.8300000001,0.0855004797091532,-0.0855004797091532
2025-12,2026-04,4,US01,Software,1101695.33,915782.71,-185912.6200000001,0.16875139154851468,-0.16875139154851468
2025-12,2026-05,5,DE01,Hardware,5381249.6,5223139.61,-158109.9899999993,0.029381649570761278,-0.029381649570761278
2025-12,2026-05,5,DE01,Software,885391.85,752846.78,-132545.06999999995,0.14970215729905348,-0.14970215729905348
2025-12,2026-05,5,ES01,Events,3489160.2399999998,2506194.02,-982966.2199999997,0.2817199991938461,-0.2817199991938461
2025-12,2026-05,5,ES01,Hardware,5134093.25,4822993.12,-311100.1299999999,0.060594951211686676,-0.060594951211686676
2025-12,2026-05,5,ES01,Spare Parts,2174342.11,2100602.39,-73739.71999999974,0.033913577656829605,-0.033913577656829605
2025-12,2026-05,5,JP01,Hardware,3584493.15,3644638.58,60145.43000000017,0.016779340197651142,0.016779340197651142
2025-12,2026-05,5,JP01,Software,748277.66,628186.07,-120091.59000000008,0.16049067935557515,-0.16049067935557515
2025-12,2026-05,5,JP01,Spare Parts,3019944.0,2901145.19,-118798.81000000006,0.039338083752546424,-0.039338083752546424
2025-12,2026-05,5,US01,Events,1834312.06,2057816.17,223504.10999999987,0.12184628497726818,0.12184628497726818
2025-12,2026-05,5,US01,Hardware,5861610.25,5635189.54,-226420.70999999996,0.03862773202977799,-0.03862773202977799
2025-12,2026-05,5,US01,Software,1100147.2,941720.04,-158427.15999999992,0.14400542036556555,-0.14400542036556555
2025-12,2026-06,6,DE01,Hardware,5375821.92,5339846.07,-35975.84999999963,0.0066921580616642945,-0.0066921580616642945
2025-12,2026-06,6,DE01,Software,913395.84,773877.46,-139518.38,0.1527468966795382,-0.1527468966795382
2025-12,2026-06,6,ES01,Events,2432535.35,2560120.57,127585.21999999974,0.05244948238881698,0.05244948238881698
2025-12,2026-06,6,ES01,Hardware,5025591.43,4930758.66,-94832.76999999955,0.018869972086051484,-0.018869972086051484
2025-12,2026-06,6,ES01,Spare Parts,2201176.53,2150115.07,-51061.45999999996,0.023197348919579825,-0.023197348919579825
2025-12,2026-06,6,JP01,Hardware,3639861.9,3726074.82,86212.91999999993,0.02368576675944764,0.02368576675944764
2025-12,2026-06,6,JP01,Software,761159.52,645734.37,-115425.15000000002,0.15164383676105112,-0.15164383676105112
2025-12,2026-06,6,JP01,Spare Parts,3033019.12,2969527.24,-63491.87999999989,0.020933557451494035,-0.020933557451494035
2025-12,2026-06,6,US01,Events,1106838.42,2102094.84,995256.4199999999,0.8991885373838034,0.8991885373838034
2025-12,2026-06,6,US01,Hardware,5969717.7700000005,5761102.89,-208614.88000000082,0.03494551803577153,-0.03494551803577153
2025-12,2026-06,6,US01,Software,1130166.27,968026.87,-162139.40000000002,0.1434650850091288,-0.1434650850091288
2025-12,2026-07,7,DE01,Hardware,5009268.27,4845159.45,-164108.81999999937,0.03276103637388129,-0.03276103637388129
2025-12,2026-07,7,DE01,Software,899460.19,706024.91,-193435.2799999999,0.21505707773459093,-0.21505707773459093
2025-12,2026-07,7,ES01,Events,3033738.22,2321070.76,-712667.4600000004,0.23491396037460358,-0.23491396037460358
2025-12,2026-07,7,ES01,Hardware,4727054.36,4473970.14,-253084.22000000067,0.053539519693613306,-0.053539519693613306
2025-12,2026-07,7,ES01,Spare Parts,2008950.68,1953267.78,-55682.89999999991,0.027717405187866487,-0.027717405187866487
2025-12,2026-07,7,JP01,Hardware,3142643.03,3380888.96,238245.93000000017,0.0758106879227706,0.0758106879227706
2025-12,2026-07,7,JP01,Software,739957.45,589117.24,-150840.20999999996,0.20384984298759337,-0.20384984298759337
2025-12,2026-07,7,JP01,Spare Parts,2790693.87,2697661.13,-93032.74000000022,0.033336777279695036,-0.033336777279695036
2025-12,2026-07,7,US01,Events,2810554.0,1905812.92,-904741.0800000001,0.3219084493662104,-0.3219084493662104
2025-12,2026-07,7,US01,Hardware,5368735.5,5227390.78,-141344.71999999974,0.026327376344019878,-0.026327376344019878
2025-12,2026-07,7,US01,Software,1132865.88,883151.56,-249714.31999999983,0.22042708180071577,-0.22042708180071577
2025-12,2026-08,8,DE01,Hardware,4959088.61,4296440.32,-662648.29,0.13362299852109316,-0.13362299852109316
2025-12,2026-08,8,DE01,Software,917130.34,629490.57,-287639.77,0.313630197862607,-0.313630197862607
2025-12,2026-08,8,ES01,Events,3285979.84,2056542.63,-1229437.21,0.37414630334433213,-0.37414630334433213
2025-12,2026-08,8,ES01,Hardware,4556218.7,3967288.57,-588930.1300000004,0.12925852966627793,-0.12925852966627793
2025-12,2026-08,8,ES01,Spare Parts,1868999.55,1734136.35,-134863.19999999995,0.07215796279886742,-0.07215796279886742
2025-12,2026-08,8,JP01,Hardware,2819534.27,2997999.92,178465.6499999999,0.0632961450048273,0.0632961450048273
2025-12,2026-08,8,JP01,Software,776565.13,525255.89,-251309.24,0.3236164363960045,-0.3236164363960045
2025-12,2026-08,8,JP01,Spare Parts,2596342.8,2395018.38,-201324.41999999993,0.07754154035437845,-0.07754154035437845
2025-12,2026-08,8,US01,Events,3051386.78,1688610.96,-1362775.8199999998,0.446608679349394,-0.446608679349394
2025-12,2026-08,8,US01,Hardware,5173236.29,4635383.57,-537852.7199999997,0.10396832656565157,-0.10396832656565157
2025-12,2026-08,8,US01,Software,1148086.16,787416.38,-360669.7799999999,0.3141487046581939,-0.3141487046581939
2025-12,2026-09,9,DE01,Hardware,6069665.33,5334673.76,-734991.5700000003,0.12109260231651031,-0.12109260231651031
2025-12,2026-09,9,DE01,Software,948116.76,785881.03,-162235.72999999998,0.17111366114865428,-0.17111366114865428
2025-12,2026-09,9,ES01,Events,4042369.35,2551440.39,-1490928.96,0.36882551565952276,-0.36882551565952276
2025-12,2026-09,9,ES01,Hardware,5537028.63,4925982.6,-611046.0300000003,0.11035630675436842,-0.11035630675436842
2025-12,2026-09,9,ES01,Spare Parts,2347978.79,2155773.2,-192205.58999999985,0.0818600196980484,-0.0818600196980484
2025-12,2026-09,9,JP01,Hardware,4084597.49,3722465.66,-362131.8300000001,0.08865789857790861,-0.08865789857790861
2025-12,2026-09,9,JP01,Software,799035.7,655750.32,-143285.38,0.17932287631203464,-0.17932287631203464
2025-12,2026-09,9,JP01,Spare Parts,3296065.24,2977341.69,-318723.5500000003,0.0966981921753467,-0.0966981921753467
2025-12,2026-09,9,US01,Events,2597468.57,2094967.61,-502500.95999999973,0.19345795587432257,-0.19345795587432257
2025-12,2026-09,9,US01,Hardware,6672882.34,5755522.55,-917359.79,0.1374757928071005,-0.1374757928071005
2025-12,2026-09,9,US01,Software,1211429.73,983041.88,-228387.84999999998,0.1885275260662457,-0.1885275260662457
2026-01,2026-02,1,DE01,Hardware,4590563.92,4554720.11,-35843.80999999959,0.007808149635785834,-0.007808149635785834
2026-01,2026-02,1,DE01,Software,838223.83,682672.68,-155551.1499999999,0.1855723309608126,-0.1855723309608126
2026-01,2026-02,1,ES01,Events,2671339.66,2905904.17,234564.50999999978,0.08780781924227478,0.08780781924227478
2026-01,2026-02,1,ES01,Hardware,4158406.09,4216699.51,58293.419999999925,0.014018212444470502,0.014018212444470502
2026-01,2026-02,1,ES01,Spare Parts,1839318.77,1819846.11,-19472.659999999916,0.010586887013608803,-0.010586887013608803
2026-01,2026-02,1,JP01,Hardware,2845134.32,2867168.56,22034.240000000224,0.007744534184242037,0.007744534184242037
2026-01,2026-02,1,JP01,Software,688429.15,568445.08,-119984.07000000007,0.17428673669614378,-0.17428673669614378
2026-01,2026-02,1,JP01,Spare Parts,2545994.33,2518949.65,-27044.680000000168,0.010622443137962592,-0.010622443137962592
2026-01,2026-02,1,US01,Events,2126392.69,1805104.95,-321287.74,0.15109520527932213,-0.15109520527932213
2026-01,2026-02,1,US01,Hardware,5150460.5,4927204.76,-223255.74000000022,0.043346753168964254,-0.043346753168964254
2026-01,2026-02,1,US01,Software,1031074.72,852083.63,-178991.08999999997,0.1735966235308339,-0.1735966235308339
2026-01,2026-03,2,DE01,Hardware,5078909.1,4915345.96,-163563.13999999966,0.03220438420526165,-0.03220438420526165
2026-01,2026-03,2,DE01,Software,860159.24,740752.99,-119406.25,0.1388187726728367,-0.1388187726728367
2026-01,2026-03,2,ES01,Events,4347630.29,3133446.7,-1214183.5899999999,0.27927480236595736,-0.27927480236595736
2026-01,2026-03,2,ES01,Hardware,4575854.05,4550562.15,-25291.89999999944,0.005527252338828299,-0.005527252338828299
2026-01,2026-03,2,ES01,Spare Parts,2016743.57,1966291.07,-50452.5,0.025016814606727614,-0.025016814606727614
2026-01,2026-03,2,JP01,Hardware,3265538.72,3094180.34,-171358.38000000035,0.0524747659399979,-0.0524747659399979
2026-01,2026-03,2,JP01,Software,727869.52,616807.15,-111062.37,0.15258554857469508,-0.15258554857469508
2026-01,2026-03,2,JP01,Spare Parts,2806973.74,2721652.22,-85321.52000000002,0.03039626583752793,-0.03039626583752793
2026-01,2026-03,2,US01,Events,2052129.69,1946451.02,-105678.66999999993,0.05149707180543737,-0.05149707180543737
2026-01,2026-03,2,US01,Hardware,5641419.01,5317322.57,-324096.4399999995,0.057449453661482144,-0.057449453661482144
2026-01,2026-03,2,US01,Software,1086297.7,924577.06,-161720.6399999999,0.14887322324257882,-0.14887322324257882
2026-01,2026-04,3,DE01,Hardware,5292387.16,5029042.42,-263344.7400000002,0.04975916009893732,-0.04975916009893732
2026-01,2026-04,3,DE01,Software,883747.55,762031.84,-121715.71000000008,0.13772678634300042,-0.13772678634300042
2026-01,2026-04,3,ES01,Events,1899602.31,3203333.43,1303731.12,0.6863179272507833,0.6863179272507833
2026-01,2026-04,3,ES01,Hardware,4826801.56,4655820.82,-170980.7399999993,0.03542319647381553,-0.03542319647381553
2026-01,2026-04,3,ES01,Spare Parts,2107476.69,2014186.87,-93289.81999999983,0.04426612187107978,-0.04426612187107978
2026-01,2026-04,3,JP01,Hardware,3471706.0,3165751.57,-305954.43000000017,0.08812797800274567,-0.08812797800274567
2026-01,2026-04,3,JP01,Software,741056.59,634525.54,-106531.04999999993,0.14375562060651798,-0.14375562060651798
2026-01,2026-04,3,JP01,Spare Parts,2940055.28,2787947.45,-152107.8299999996,0.05173638435805181,-0.05173638435805181
2026-01,2026-04,3,US01,Events,2301375.69,1989863.63,-311512.06000000006,0.135359064299493,-0.135359064299493
2026-01,2026-04,3,US01,Hardware,6025098.71,5440317.12,-584781.5899999999,0.09705759492859825,-0.09705759492859825
2026-01,2026-04,3,US01,Software,1101695.33,951136.43,-150558.90000000002,0.13666110393696596,-0.13666110393696596
2026-01,2026-05,4,DE01,Hardware,5381249.6,5143351.19,-237898.40999999922,0.04420876704919973,-0.04420876704919973
2026-01,2026-05,4,DE01,Software,885391.85,783614.55,-101777.29999999993,0.11495170189334805,-0.11495170189334805
2026-01,2026-05,4,ES01,Events,3489160.2399999998,3273494.78,-215665.45999999996,0.06181013343199164,-0.06181013343199164
2026-01,2026-05,4,ES01,Hardware,5134093.25,4761646.37,-372446.8799999999,0.07254384793264125,-0.07254384793264125
2026-01,2026-05,4,ES01,Spare Parts,2174342.11,2062440.3,-111901.80999999982,0.05146467498621909,-0.05146467498621909
2026-01,2026-05,4,JP01,Hardware,3584493.15,3237708.24,-346784.9099999997,0.09674587047264958,-0.09674587047264958
2026-01,2026-05,4,JP01,Software,748277.66,652496.94,-95780.72000000009,0.12800157631326328,-0.12800157631326328
2026-01,2026-05,4,JP01,Spare Parts,3019944.0,2854737.69,-165206.31000000006,0.05470509055797063,-0.05470509055797063
2026-01,2026-05,4,US01,Events,1834312.06,2033446.83,199134.77000000002,0.10856101006063276,0.10856101006063276
2026-01,2026-05,4,US01,Hardware,5861610.25,5563974.05,-297636.2000000002,0.05077720750880702,-0.05077720750880702
2026-01,2026-05,4,US01,Software,1100147.2,978075.07,-122072.13,0.11095981519563929,-0.11095981519563929
2026-01,2026-06,5,DE01,Hardware,5375821.92,5258274.85,-117547.0700000003,0.02186587869711285,-0.02186587869711285
2026-01,2026-06,5,DE01,Software,913395.84,805504.72,-107891.12,0.11812087955206803,-0.11812087955206803
2026-01,2026-06,5,ES01,Events,2432535.35,3343931.57,911396.2199999997,0.3746692602021178,0.3746692602021178
2026-01,2026-06,5,ES01,Hardware,5025591.43,4868041.17,-157550.25999999978,0.031349595802697354,-0.031349595802697354
2026-01,2026-06,5,ES01,Spare Parts,2201176.53,2111053.48,-90123.04999999981,0.04094312690132119,-0.04094312690132119
2026-01,2026-06,5,JP01,Hardware,3639861.9,3310051.99,-329809.9099999997,0.09061055585652843,-0.09061055585652843
2026-01,2026-06,5,JP01,Software,761159.52,670724.35,-90435.17000000004,0.11881237457294108,-0.11881237457294108
2026-01,2026-06,5,JP01,Spare Parts,3033019.12,2922025.88,-110993.24000000022,0.0365949687781725,-0.0365949687781725
2026-01,2026-06,5,US01,Events,1106838.42,2077201.13,970362.71,0.876697711667797,0.876697711667797
2026-01,2026-06,5,US01,Hardware,5969717.7700000005,5688296.15,-281421.6200000001,0.04714152843443386,-0.04714152843443386
2026-01,2026-06,5,US01,Software,1130166.27,1005397.47,-124768.80000000005,0.11039862302738875,-0.11039862302738875
2026-01,2026-07,6,DE01,Hardware,5009268.27,4771145.03,-238123.2399999993,0.04753653171783497,-0.04753653171783497
2026-01,2026-07,6,DE01,Software,899460.19,734879.14,-164581.04999999993,0.18297758125348487,-0.18297758125348487
2026-01,2026-07,6,ES01,Events,3033738.22,3031693.86,-2044.3600000003353,0.0006738748869374548,-0.0006738748869374548
2026-01,2026-07,6,ES01,Hardware,4727054.36,4417062.84,-309991.5200000005,0.06557815848768882,-0.06557815848768882
2026-01,2026-07,6,ES01,Spare Parts,2008950.68,1917782.35,-91168.32999999984,0.04538106928538427,-0.04538106928538427
2026-01,2026-07,6,JP01,Hardware,3142643.03,3003406.73,-139236.2999999998,0.04430547748211792,-0.04430547748211792
2026-01,2026-07,6,JP01,Software,739957.45,611916.14,-128041.30999999994,0.17303874702525118,-0.17303874702525118
2026-01,2026-07,6,JP01,Spare Parts,2790693.87,2654508.62,-136185.25,0.04879978110963493,-0.04879978110963493
2026-01,2026-07,6,US01,Events,2810554.0,1883243.65,-927310.3500000001,0.32993863487412095,-0.32993863487412095
2026-01,2026-07,6,US01,Hardware,5368735.5,5161328.9,-207406.59999999963,0.03863229991494266,-0.03863229991494266
2026-01,2026-07,6,US01,Software,1132865.88,917245.56,-215620.31999999983,0.1903317275298289,-0.1903317275298289
2026-01,2026-08,7,DE01,Hardware,4959088.61,4230808.11,-728280.5,0.14685773077968856,-0.14685773077968856
2026-01,2026-08,7,DE01,Software,917130.34,655216.95,-261913.39,0.2855792449304425,-0.2855792449304425
2026-01,2026-08,7,ES01,Events,3285979.84,2686177.33,-599802.5099999998,0.18253383745653162,-0.18253383745653162
2026-01,2026-08,7,ES01,Hardware,4556218.7,3916826.08,-639392.6200000001,0.14033404937300312,-0.14033404937300312
2026-01,2026-08,7,ES01,Spare Parts,1868999.55,1702631.92,-166367.63000000012,0.08901426969310941,-0.08901426969310941
2026-01,2026-08,7,JP01,Hardware,2819534.27,2663267.93,-156266.33999999985,0.05542274894924396,-0.05542274894924396
2026-01,2026-08,7,JP01,Software,776565.13,545583.35,-230981.78000000003,0.29744031901097595,-0.29744031901097595
2026-01,2026-08,7,JP01,Spare Parts,2596342.8,2356707.02,-239635.7799999998,0.09229743468389452,-0.09229743468389452
2026-01,2026-08,7,US01,Events,3051386.78,1668613.87,-1382772.9099999997,0.4531621225677591,-0.4531621225677591
2026-01,2026-08,7,US01,Hardware,5173236.29,4576803.26,-596433.0300000003,0.11529205251129178,-0.11529205251129178
2026-01,2026-08,7,US01,Software,1148086.16,817814.53,-330271.6299999999,0.2876714670961628,-0.2876714670961628
2026-01,2026-09,8,DE01,Hardware,6069665.33,5253181.55,-816483.7800000003,0.13451874784008894,-0.13451874784008894
2026-01,2026-09,8,DE01,Software,948116.76,817998.86,-130117.90000000002,0.13723826588615523,-0.13723826588615523
2026-01,2026-09,8,ES01,Events,4042369.35,3332593.85,-709775.5,0.17558402969783055,-0.17558402969783055
2026-01,2026-09,8,ES01,Hardware,5537028.63,4863325.86,-673702.7699999996,0.12167225691227816,-0.12167225691227816
2026-01,2026-09,8,ES01,Spare Parts,2347978.79,2116608.81,-231369.97999999998,0.09854006389895881,-0.09854006389895881
2026-01,2026-09,8,JP01,Hardware,4084597.49,3306845.79,-777751.7000000002,0.19041085490164175,-0.19041085490164175
2026-01,2026-09,8,JP01,Software,799035.7,681127.92,-117907.77999999991,0.1475625932608517,-0.1475625932608517
2026-01,2026-09,8,JP01,Spare Parts,3296065.24,2929715.33,-366349.91000000015,0.11114765131287271,-0.11114765131287271
2026-01,2026-09,8,US01,Events,2597468.57,2070158.31,-527310.2599999998,0.20300929377559312,-0.20300929377559312
2026-01,2026-09,8,US01,Hardware,6672882.34,5682786.33,-990096.0099999998,0.14837606292935174,-0.14837606292935174
2026-01,2026-09,8,US01,Software,1211429.73,1020992.14,-190437.58999999997,0.1572006904601887,-0.1572006904601887
2026-02,2026-03,1,DE01,Hardware,5078909.1,4844174.18,-234734.91999999993,0.04621758637105751,-0.04621758637105751
2026-02,2026-03,1,DE01,Software,860159.24,881993.52,21834.280000000028,0.025383997502601993,0.025383997502601993
2026-02,2026-03,1,ES01,Events,4347630.29,3301344.51,-1046285.7800000003,0.2406565669593769,-0.2406565669593769
2026-02,2026-03,1,ES01,Hardware,4575854.05,4498856.28,-76997.76999999955,0.016826972442444826,-0.016826972442444826
2026-02,2026-03,1,ES01,Spare Parts,2016743.57,1959765.96,-56977.6100000001,0.028252282961288976,-0.028252282961288976
2026-02,2026-03,1,JP01,Hardware,3265538.72,2999332.06,-266206.66000000015,0.08151998271207152,-0.08151998271207152
2026-02,2026-03,1,JP01,Software,727869.52,705168.79,-22700.72999999998,0.031187911261897572,-0.031187911261897572
2026-02,2026-03,1,JP01,Spare Parts,2806973.74,2714136.61,-92837.13000000035,0.033073743682404504,-0.033073743682404504
2026-02,2026-03,1,US01,Events,2052129.69,2110847.2,58717.51000000024,0.028612962565733476,0.028612962565733476
2026-02,2026-03,1,US01,Hardware,5641419.01,5374702.15,-266716.8599999994,0.047278328294213946,-0.047278328294213946
2026-02,2026-03,1,US01,Software,1086297.7,1084720.89,-1576.8100000000559,0.0014515450046520913,-0.0014515450046520913
2026-02,2026-04,2,DE01,Hardware,5292387.16,4956224.37,-336162.79000000004,0.06351817806163675,-0.06351817806163675
2026-02,2026-04,2,DE01,Software,883747.55,907329.64,23582.089999999967,0.026684192787861157,0.026684192787861157
2026-02,2026-04,2,ES01,Events,1899602.31,3374975.94,1475373.63,0.7766750030957795,0.7766750030957795
2026-02,2026-04,2,ES01,Hardware,4826801.56,4602918.95,-223882.6099999994,0.046383222350661425,-0.046383222350661425
2026-02,2026-04,2,ES01,Spare Parts,2107476.69,2007502.82,-99973.86999999988,0.047437710924337614,-0.047437710924337614
2026-02,2026-04,2,JP01,Hardware,3471706.0,3068709.36,-402996.64000000013,0.11608029020890598,-0.11608029020890598
2026-02,2026-04,2,JP01,Software,741056.59,725425.45,-15631.140000000014,0.021093044999437916,-0.021093044999437916
2026-02,2026-04,2,JP01,Spare Parts,2940055.28,2780248.77,-159806.50999999978,0.054354933761653554,-0.054354933761653554
2026-02,2026-04,2,US01,Events,2301375.69,2157926.42,-143449.27000000002,0.062331965451499154,-0.062331965451499154
2026-02,2026-04,2,US01,Hardware,6025098.71,5499023.93,-526074.7800000003,0.08731388568404057,-0.08731388568404057
2026-02,2026-04,2,US01,Software,1101695.33,1115880.55,14185.219999999972,0.012875810229675723,0.012875810229675723
2026-02,2026-05,3,DE01,Hardware,5381249.6,5068878.0,-312371.5999999996,0.058048152979189006,-0.058048152979189006
2026-02,2026-05,3,DE01,Software,885391.85,933027.56,47635.71000000008,0.0538018392647279,0.0538018392647279
2026-02,2026-05,3,ES01,Events,3489160.2399999998,3448896.71,-40263.529999999795,0.011539604727354052,-0.011539604727354052
2026-02,2026-05,3,ES01,Hardware,5134093.25,4707542.05,-426551.2000000002,0.08308209049377906,-0.08308209049377906
2026-02,2026-05,3,ES01,Spare Parts,2174342.11,2055596.12,-118745.98999999976,0.054612376522478225,-0.054612376522478225
2026-02,2026-05,3,JP01,Hardware,3584493.15,3138460.29,-446032.85999999987,0.12443401098423075,-0.12443401098423075
2026-02,2026-05,3,JP01,Software,748277.66,745971.37,-2306.2900000000373,0.0030821313040403173,-0.0030821313040403173
2026-02,2026-05,3,JP01,Spare Parts,3019944.0,2846854.58,-173089.41999999993,0.05731544028630992,-0.05731544028630992
2026-02,2026-05,3,US01,Events,1834312.06,2205190.63,370878.56999999983,0.20218946278966285,0.20218946278966285
2026-02,2026-05,3,US01,Hardware,5861610.25,5624015.25,-237595.0,0.04053408361635781,-0.04053408361635781
2026-02,2026-05,3,US01,Software,1100147.2,1147485.17,47337.96999999997,0.04302876015136881,0.04302876015136881
2026-02,2026-06,4,DE01,Hardware,5375821.92,5182137.62,-193684.2999999998,0.036028779018781154,-0.036028779018781154
2026-02,2026-06,4,DE01,Software,913395.84,959091.56,45695.72000000009,0.050028386378462256,0.050028386378462256
2026-02,2026-06,4,ES01,Events,2432535.35,3523107.68,1090572.33,0.44832743335055747,0.44832743335055747
2026-02,2026-06,4,ES01,Hardware,5025591.43,4812727.93,-212863.5,0.04235591033710435,-0.04235591033710435
2026-02,2026-06,4,ES01,Spare Parts,2201176.53,2104047.98,-97128.54999999981,0.04412574306341519,-0.04412574306341519
2026-02,2026-06,4,JP01,Hardware,3639861.9,3208586.43,-431275.46999999974,0.1184867673138917,-0.1184867673138917
2026-02,2026-06,4,JP01,Software,761159.52,766809.98,5650.459999999963,0.007423489888164261,0.007423489888164261
2026-02,2026-06,4,JP01,Spare Parts,3033019.12,2913956.96,-119062.16000000015,0.03925532787277653,-0.03925532787277653
2026-02,2026-06,4,US01,Events,1106838.42,2252640.39,1145801.9700000002,1.0352025637129585,1.0352025637129585
2026-02,2026-06,4,US01,Hardware,5969717.7700000005,5749678.93,-220038.84000000078,0.03685916964211874,-0.03685916964211874
2026-02,2026-06,4,US01,Software,1130166.27,1179540.02,49373.75,0.04368715587309113,0.04368715587309113
2026-02,2026-07,5,DE01,Hardware,5009268.27,4702061.2,-307207.06999999937,0.061327733601298895,-0.061327733601298895
2026-02,2026-07,5,DE01,Software,899460.19,874999.69,-24460.5,0.027194644378869065,-0.027194644378869065
2026-02,2026-07,5,ES01,Events,3033738.22,3194139.5,160401.2799999998,0.052872485484261655,0.052872485484261655
2026-02,2026-07,5,ES01,Hardware,4727054.36,4366873.85,-360180.5100000007,0.07619555066847183,-0.07619555066847183
2026-02,2026-07,5,ES01,Spare Parts,2008950.68,1911418.21,-97532.46999999997,0.048548961888900115,-0.048548961888900115
2026-02,2026-07,5,JP01,Hardware,3142643.03,2911341.01,-231302.02000000002,0.07360111148226721,-0.07360111148226721
2026-02,2026-07,5,JP01,Software,739957.45,699577.1,-40380.34999999998,0.05457117838329755,-0.05457117838329755
2026-02,2026-07,5,JP01,Spare Parts,2790693.87,2647178.42,-143515.4500000002,0.0514264396904273,-0.0514264396904273
2026-02,2026-07,5,US01,Events,2810554.0,2042301.37,-768252.6299999999,0.2733456215393833,-0.2733456215393833
2026-02,2026-07,5,US01,Hardware,5368735.5,5217025.13,-151710.3700000001,0.028258119626120546,-0.028258119626120546
2026-02,2026-07,5,US01,Software,1132865.88,1076119.52,-56746.35999999987,0.05009097811296062,-0.05009097811296062
2026-02,2026-08,6,DE01,Hardware,4959088.61,4169548.09,-789540.5200000005,0.15921081111716623,-0.15921081111716623
2026-02,2026-08,6,DE01,Software,917130.34,780148.18,-136982.15999999992,0.1493595337822974,-0.1493595337822974
2026-02,2026-08,6,ES01,Events,3285979.84,2830109.35,-455870.48999999976,0.1387319801694218,-0.1387319801694218
2026-02,2026-08,6,ES01,Hardware,4556218.7,3872321.05,-683897.6500000004,0.15010202429483913,-0.15010202429483913
2026-02,2026-08,6,ES01,Spare Parts,1868999.55,1696981.76,-172017.79000000004,0.09203736298384878,-0.09203736298384878
2026-02,2026-08,6,JP01,Hardware,2819534.27,2581628.74,-237905.5299999998,0.08437759829037289,-0.08437759829037289
2026-02,2026-08,6,JP01,Software,776565.13,623741.72,-152823.41000000003,0.19679406671273025,-0.19679406671273025
2026-02,2026-08,6,JP01,Spare Parts,2596342.8,2350199.18,-246143.61999999965,0.09480397580781692,-0.09480397580781692
2026-02,2026-08,6,US01,Events,3051386.78,1809544.07,-1241842.7099999997,0.40697649938694425,-0.40697649938694425
2026-02,2026-08,6,US01,Hardware,5173236.29,4626191.85,-547044.4400000004,0.10574510989522197,-0.10574510989522197
2026-02,2026-08,6,US01,Software,1148086.16,959466.27,-188619.8899999999,0.1642907096798379,-0.1642907096798379
2026-02,2026-09,7,DE01,Hardware,6069665.33,5177118.07,-892547.2599999998,0.14705048984966027,-0.14705048984966027
2026-02,2026-09,7,DE01,Software,948116.76,973967.98,25851.219999999972,0.02726586122156513,0.02726586122156513
2026-02,2026-09,7,ES01,Events,4042369.35,3511162.46,-531206.8900000001,0.13140978569907277,-0.13140978569907277
2026-02,2026-09,7,ES01,Hardware,5537028.63,4808066.2,-728962.4299999997,0.1316522775501704,-0.1316522775501704
2026-02,2026-09,7,ES01,Spare Parts,2347978.79,2109584.88,-238393.91000000015,0.10153154322147866,-0.10153154322147866
2026-02,2026-09,7,JP01,Hardware,4084597.49,3205478.51,-879118.9800000004,0.21522781183513884,-0.21522781183513884
2026-02,2026-09,7,JP01,Software,799035.7,778703.93,-20331.769999999902,0.02544538372941272,-0.02544538372941272
2026-02,2026-09,7,JP01,Spare Parts,3296065.24,2921625.17,-374440.0700000003,0.11360214156440673,-0.11360214156440673
2026-02,2026-09,7,US01,Events,2597468.57,2245002.73,-352465.83999999985,0.135695901798727,-0.135695901798727
2026-02,2026-09,7,US01,Hardware,6672882.34,5744109.64,-928772.7000000002,0.13918613466815605,-0.13918613466815605
2026-02,2026-09,7,US01,Software,1211429.73,1197835.8,-13593.929999999935,0.011221393749350972,-0.011221393749350972
2026-03,2026-04,1,DE01,Hardware,5292387.16,5048452.17,-243934.99000000022,0.04609167519785159,-0.04609167519785159
2026-03,2026-04,1,DE01,Software,883747.55,947572.02,63824.46999999997,0.07222025113393521,0.07222025113393521
2026-03,2026-04,1,ES01,Events,1899602.31,3823104.09,1923501.7799999998,1.012581301819958,1.012581301819958
2026-03,2026-04,1,ES01,Hardware,4826801.56,4601800.26,-225001.2999999998,0.04661498866342453,-0.04661498866342453
2026-03,2026-04,1,ES01,Spare Parts,2107476.69,2020335.31,-87141.37999999989,0.04134868035005402,-0.04134868035005402
2026-03,2026-04,1,JP01,Hardware,3471706.0,3138708.61,-332997.39000000013,0.09591750856783383,-0.09591750856783383
2026-03,2026-04,1,JP01,Software,741056.59,786272.36,45215.77000000002,0.061015272801231035,0.061015272801231035
2026-03,2026-04,1,JP01,Spare Parts,2940055.28,2811114.04,-128941.23999999976,0.0438567399998002,-0.0438567399998002
2026-03,2026-04,1,US01,Events,2301375.69,2033577.71,-267797.98,0.11636430382211954,-0.11636430382211954
2026-03,2026-04,1,US01,Hardware,6025098.71,5721111.47,-303987.2400000002,0.05045348709316004,-0.05045348709316004
2026-03,2026-04,1,US01,Software,1101695.33,1180317.18,78621.84999999986,0.07136442159557839,0.07136442159557839
2026-03,2026-05,2,DE01,Hardware,5381249.6,5163202.12,-218047.47999999952,0.04051985992249821,-0.04051985992249821
2026-03,2026-05,2,DE01,Software,885391.85,974409.7,89017.84999999998,0.10054062503511861,0.10054062503511861
2026-03,2026-05,2,ES01,Events,3489160.2399999998,3906840.03,417679.79000000004,0.1197078268896014,0.1197078268896014
2026-03,2026-05,2,ES01,Hardware,5134093.25,4706397.93,-427695.3200000003,0.08330493802386629,-0.08330493802386629
2026-03,2026-05,2,ES01,Spare Parts,2174342.11,2068736.04,-105606.06999999983,0.048569206066657024,-0.048569206066657024
2026-03,2026-05,2,JP01,Hardware,3584493.15,3210050.6,-374442.5499999998,0.1044617842274297,-0.1044617842274297
2026-03,2026-05,2,JP01,Software,748277.66,808541.62,60263.95999999996,0.0805368958896888,0.0805368958896888
2026-03,2026-05,2,JP01,Spare Parts,3019944.0,2878459.28,-141484.7200000002,0.04685011377694428,-0.04685011377694428
2026-03,2026-05,2,US01,Events,1834312.06,2078118.36,243806.30000000005,0.13291429812656852,0.13291429812656852
2026-03,2026-05,2,US01,Hardware,5861610.25,5851150.78,-10459.46999999974,0.001784402161504979,-0.001784402161504979
2026-03,2026-05,2,US01,Software,1100147.2,1213746.81,113599.6100000001,0.10325855485520492,0.10325855485520492
2026-03,2026-06,3,DE01,Hardware,5375821.92,5278569.33,-97252.58999999985,0.018090738764650123,-0.018090738764650123
2026-03,2026-06,3,DE01,Software,913395.84,1001629.71,88233.87,0.09659981591332845,0.09659981591332845
2026-03,2026-06,3,ES01,Events,2432535.35,3990904.72,1558369.37,0.64063585756318,0.64063585756318
2026-03,2026-06,3,ES01,Hardware,5025591.43,4811558.25,-214033.1799999997,0.04258865508293015,-0.04258865508293015
2026-03,2026-06,3,ES01,Spare Parts,2201176.53,2117497.62,-83678.90999999968,0.038015537990494425,-0.038015537990494425
2026-03,2026-06,3,JP01,Hardware,3639861.9,3281776.36,-358085.54000000004,0.09837888080314257,-0.09837888080314257
2026-03,2026-06,3,JP01,Software,761159.52,831128.12,69968.59999999998,0.09192370082949232,0.09192370082949232
2026-03,2026-06,3,JP01,Spare Parts,3033019.12,2946306.6,-86712.52000000002,0.02858950655081924,-0.02858950655081924
2026-03,2026-06,3,US01,Events,1106838.42,2122833.87,1015995.4500000002,0.9179257167455392,0.9179257167455392
2026-03,2026-06,3,US01,Hardware,5969717.7700000005,5981889.6,12171.829999999143,0.0020389288855776413,0.0020389288855776413
2026-03,2026-06,3,US01,Software,1130166.27,1247652.67,117486.3999999999,0.103954969386938,0.103954969386938
2026-03,2026-07,4,DE01,Hardware,5009268.27,4789559.42,-219708.84999999963,0.04386046786829399,-0.04386046786829399
2026-03,2026-07,4,DE01,Software,899460.19,913808.15,14347.96000000008,0.015951745457461634,0.015951745457461634
2026-03,2026-07,4,ES01,Events,3033738.22,3618256.25,584518.0299999998,0.19267253388791067,0.19267253388791067
2026-03,2026-07,4,ES01,Hardware,4727054.36,4365812.54,-361241.8200000003,0.07642006892427619,-0.07642006892427619
2026-03,2026-07,4,ES01,Spare Parts,2008950.68,1923636.51,-85314.16999999993,0.04246703059927779,-0.04246703059927779
2026-03,2026-07,4,JP01,Hardware,3142643.03,2977750.57,-164892.45999999996,0.05246935729763745,-0.05246935729763745
2026-03,2026-07,4,JP01,Software,739957.45,758255.92,18298.47000000009,0.02472908408449714,0.02472908408449714
2026-03,2026-07,4,JP01,Spare Parts,2790693.87,2676566.39,-114127.47999999998,0.04089573608444554,-0.04089573608444554
2026-03,2026-07,4,US01,Events,2810554.0,1924615.46,-885938.54,0.3152184729416336,-0.3152184729416336
2026-03,2026-07,4,US01,Hardware,5368735.5,5427723.66,58988.16000000015,0.010987347020541457,0.010987347020541457
2026-03,2026-07,4,US01,Software,1132865.88,1138260.14,5394.260000000009,0.0047616051425257945,0.0047616051425257945
2026-03,2026-08,5,DE01,Hardware,4959088.61,4247137.05,-711951.5600000005,0.14356500074718376,-0.14356500074718376
2026-03,2026-08,5,DE01,Software,917130.34,814749.74,-102380.59999999998,0.11163146123810491,-0.11163146123810491
2026-03,2026-08,5,ES01,Events,3285979.84,3205890.3,-80089.54000000004,0.02437310753555933,-0.02437310753555933
2026-03,2026-08,5,ES01,Hardware,4556218.7,3871379.92,-684838.7800000003,0.15030858373852868,-0.15030858373852868
2026-03,2026-08,5,ES01,Spare Parts,1868999.55,1707829.33,-161170.21999999997,0.08623341830125104,-0.08623341830125104
2026-03,2026-08,5,JP01,Hardware,2819534.27,2640517.36,-179016.91000000015,0.06349165956404572,-0.06349165956404572
2026-03,2026-08,5,JP01,Software,776565.13,676059.64,-100505.48999999999,0.12942313029172453,-0.12942313029172453
2026-03,2026-08,5,JP01,Spare Parts,2596342.8,2376290.19,-220052.60999999987,0.08475483668797505,-0.08475483668797505
2026-03,2026-08,5,US01,Events,3051386.78,1705270.61,-1346116.1699999997,0.4411489814477075,-0.4411489814477075
2026-03,2026-08,5,US01,Hardware,5173236.29,4813028.56,-360207.73000000045,0.06962908898947673,-0.06962908898947673
2026-03,2026-08,5,US01,Software,1148086.16,1014870.74,-133215.41999999993,0.11603259811092918,-0.11603259811092918
2026-03,2026-09,6,DE01,Hardware,6069665.33,5273456.37,-796208.96,0.13117839562992842,-0.13117839562992842
2026-03,2026-09,6,DE01,Software,948116.76,1017165.94,69049.17999999993,0.07282771797009467,0.07282771797009467
2026-03,2026-09,6,ES01,Events,4042369.35,3977373.41,-64995.939999999944,0.016078674255730726,-0.016078674255730726
2026-03,2026-09,6,ES01,Hardware,5537028.63,4806897.66,-730130.9699999997,0.13186331853949612,-0.13186331853949612
2026-03,2026-09,6,ES01,Spare Parts,2347978.79,2123069.91,-224908.8799999999,0.09578829287465578,-0.09578829287465578
2026-03,2026-09,6,JP01,Hardware,4084597.49,3278597.55,-805999.9400000004,0.19732665017134904,-0.19732665017134904
2026-03,2026-09,6,JP01,Software,799035.7,844019.71,44984.01000000001,0.056297872548122706,0.056297872548122706
2026-03,2026-09,6,JP01,Spare Parts,3296065.24,2954059.95,-342005.29000000004,0.10376168707146101,-0.10376168707146101
2026-03,2026-09,6,US01,Events,2597468.57,2115636.33,-481832.23999999976,0.1855007007842254,-0.1855007007842254
2026-03,2026-09,6,US01,Hardware,6672882.34,5976095.39,-696786.9500000002,0.10442068576920242,-0.10442068576920242
2026-03,2026-09,6,US01,Software,1211429.73,1267004.94,55575.20999999996,0.04587571909763182,0.04587571909763182
2026-04,2026-05,1,DE01,Hardware,5381249.6,5356541.3,-24708.299999999814,0.004591554348268814,-0.004591554348268814
2026-04,2026-05,1,DE01,Software,885391.85,989266.96,103875.10999999999,0.11732105959638096,0.11732105959638096
2026-04,2026-05,1,ES01,Events,3489160.2399999998,3371575.54,-117584.69999999972,0.03369999997477895,-0.03369999997477895
2026-04,2026-05,1,ES01,Hardware,5134093.25,4813934.01,-320159.2400000002,0.06235945169090963,-0.06235945169090963
2026-04,2026-05,1,ES01,Spare Parts,2174342.11,2134348.38,-39993.72999999998,0.01839348546673733,-0.01839348546673733
2026-04,2026-05,1,JP01,Hardware,3584493.15,3344798.0,-239695.1499999999,0.06687002596168999,-0.06687002596168999
2026-04,2026-05,1,JP01,Software,748277.66,822588.2,74310.53999999992,0.09930877797420802,0.09930877797420802
2026-04,2026-05,1,JP01,Spare Parts,3019944.0,2980368.02,-39575.97999999998,0.013104872143324505,-0.013104872143324505
2026-04,2026-05,1,US01,Events,1834312.06,2278947.14,444635.0800000001,0.24239882062379292,0.24239882062379292
2026-04,2026-05,1,US01,Hardware,5861610.25,6045582.22,183971.96999999974,0.03138590969947204,0.03138590969947204
2026-04,2026-05,1,US01,Software,1100147.2,1233863.02,133715.82000000007,0.12154357162387003,0.12154357162387003
2026-04,2026-06,2,DE01,Hardware,5375821.92,5476228.5,100406.58000000007,0.018677437886558578,0.018677437886558578
2026-04,2026-06,2,DE01,Software,913395.84,1016902.0,103506.16000000003,0.11332015700881672,0.11332015700881672
2026-04,2026-06,2,ES01,Events,2432535.35,3444122.77,1011587.4199999999,0.4158572330716591,0.4158572330716591
2026-04,2026-06,2,ES01,Hardware,5025591.43,4921497.13,-104094.29999999981,0.02071284573167139,-0.02071284573167139
2026-04,2026-06,2,ES01,Spare Parts,2201176.53,2184656.49,-16520.03999999957,0.007505095468194717,-0.007505095468194717
2026-04,2026-06,2,JP01,Hardware,3639861.9,3419534.56,-220327.33999999985,0.06053178556032575,-0.06053178556032575
2026-04,2026-06,2,JP01,Software,761159.52,845567.09,84407.56999999995,0.1108934037900491,0.1108934037900491
2026-04,2026-06,2,JP01,Spare Parts,3033019.12,3050617.4,17598.279999999795,0.005802231803932642,0.005802231803932642
2026-04,2026-06,2,US01,Events,1106838.42,2327983.95,1221145.5300000003,1.1032735293015943,1.1032735293015943
2026-04,2026-06,2,US01,Hardware,5969717.7700000005,6180665.44,210947.66999999993,0.03533628860313775,0.03533628860313775
2026-04,2026-06,2,US01,Software,1130166.27,1268330.82,138164.55000000005,0.12225152499021232,0.12225152499021232
2026-04,2026-07,3,DE01,Hardware,5009268.27,4968907.32,-40360.949999999255,0.008057254637711639,-0.008057254637711639
2026-04,2026-07,3,DE01,Software,899460.19,927741.39,28281.20000000007,0.031442414366332404,0.031442414366332404
2026-04,2026-07,3,ES01,Events,3033738.22,3122529.76,88791.53999999957,0.0292680295928762,0.0292680295928762
2026-04,2026-07,3,ES01,Hardware,4727054.36,4465566.61,-261487.75,0.05531727162113701,-0.05531727162113701
2026-04,2026-07,3,ES01,Spare Parts,2008950.68,1984646.85,-24303.82999999984,0.012097773351011207,-0.012097773351011207
2026-04,2026-07,3,JP01,Hardware,3142643.03,3102746.78,-39896.25,0.012695126242193662,-0.012695126242193662
2026-04,2026-07,3,JP01,Software,739957.45,771428.9,31471.45000000007,0.0425314320438291,0.0425314320438291
2026-04,2026-07,3,JP01,Spare Parts,2790693.87,2771327.33,-19366.540000000037,0.006939686293860686,-0.006939686293860686
2026-04,2026-07,3,US01,Events,2810554.0,2110609.77,-699944.23,0.2490413740493867,-0.2490413740493867
2026-04,2026-07,3,US01,Hardware,5368735.5,5608084.79,239349.29000000004,0.044582060338044224,0.044582060338044224
2026-04,2026-07,3,US01,Software,1132865.88,1157125.26,24259.38000000012,0.021414167756557488,0.021414167756557488
2026-04,2026-08,4,DE01,Hardware,4959088.61,4406173.62,-552914.9900000002,0.11149528340450449,-0.11149528340450449
2026-04,2026-08,4,DE01,Software,917130.34,827172.59,-89957.75,0.09808611282012544,-0.09808611282012544
2026-04,2026-08,4,ES01,Events,3285979.84,2766660.83,-519319.0099999998,0.1580408387411165,-0.1580408387411165
2026-04,2026-08,4,ES01,Hardware,4556218.7,3959836.75,-596381.9500000002,0.13089405695121706,-0.13089405695121706
2026-04,2026-08,4,ES01,Spare Parts,1868999.55,1761995.1,-107004.44999999995,0.057252260975664736,-0.057252260975664736
2026-04,2026-08,4,JP01,Hardware,2819534.27,2751357.62,-68176.6499999999,0.024180110426535055,-0.024180110426535055
2026-04,2026-08,4,JP01,Software,776565.13,687804.65,-88760.47999999998,0.11429882255980253,-0.11429882255980253
2026-04,2026-08,4,JP01,Spare Parts,2596342.8,2460420.18,-135922.61999999965,0.05235156929200553,-0.05235156929200553
2026-04,2026-08,4,US01,Events,3051386.78,1870067.49,-1181319.2899999998,0.3871417736167815,-0.3871417736167815
2026-04,2026-08,4,US01,Hardware,5173236.29,4972963.61,-200272.6799999997,0.038713228774632236,-0.038713228774632236
2026-04,2026-08,4,US01,Software,1148086.16,1031690.85,-116395.30999999994,0.10138203390588729,-0.10138203390588729
2026-04,2026-09,5,DE01,Hardware,6069665.33,5470924.09,-598741.2400000002,0.09864485230193082,-0.09864485230193082
2026-04,2026-09,5,DE01,Software,948116.76,1032675.11,84558.34999999998,0.08918558722661962,0.08918558722661962
2026-04,2026-09,5,ES01,Events,4042369.35,3432445.35,-609924.0,0.15088279847560193,-0.15088279847560193
2026-04,2026-09,5,ES01,Hardware,5537028.63,4916730.05,-620298.5800000001,0.11202733838853206,-0.11202733838853206
2026-04,2026-09,5,ES01,Spare Parts,2347978.79,2190405.51,-157573.28000000026,0.06711018032662903,-0.06711018032662903
2026-04,2026-09,5,JP01,Hardware,4084597.49,3416222.32,-668375.1700000004,0.16363305604440362,-0.16363305604440362
2026-04,2026-09,5,JP01,Software,799035.7,858682.64,59646.94000000006,0.07464865462206516,0.07464865462206516
2026-04,2026-09,5,JP01,Spare Parts,3296065.24,3058645.25,-237419.99000000022,0.07203133819038127,-0.07203133819038127
2026-04,2026-09,5,US01,Events,2597468.57,2320090.84,-277377.73,0.10678771370080524,-0.10678771370080524
2026-04,2026-09,5,US01,Hardware,6672882.34,6174678.69,-498203.64999999944,0.07466093730044691,-0.07466093730044691
2026-04,2026-09,5,US01,Software,1211429.73,1288003.84,76574.1100000001,0.06320970016147788,0.06320970016147788
2026-05,2026-06,1,DE01,Hardware,5375821.92,5595352.43,219530.50999999978,0.04083664103218653,0.04083664103218653
2026-05,2026-06,1,DE01,Software,913395.84,951885.96,38490.119999999995,0.04213958320633472,0.04213958320633472
2026-05,2026-06,1,ES01,Events,2432535.35,3249286.62,816751.27,0.3357613158633029,0.3357613158633029
2026-05,2026-06,1,ES01,Hardware,5025591.43,5164614.82,139023.3900000006,0.027663090391731388,0.027663090391731388
2026-05,2026-06,1,ES01,Spare Parts,2201176.53,2225996.71,24820.180000000168,0.011275869818582961,0.011275869818582961
2026-05,2026-06,1,JP01,Hardware,3639861.9,3673268.57,33406.669999999925,0.009178004802874506,0.009178004802874506
2026-05,2026-06,1,JP01,Software,761159.52,822773.78,61614.26000000001,0.0809478938133757,0.0809478938133757
2026-05,2026-06,1,JP01,Spare Parts,3033019.12,3102829.92,69810.79999999981,0.023016933701360844,0.023016933701360844
2026-05,2026-06,1,US01,Events,1106838.42,2158112.72,1051274.3000000003,0.9497992489274093,0.9497992489274093
2026-05,2026-06,1,US01,Hardware,5969717.7700000005,6222153.39,252435.61999999918,0.04228602250990488,0.04228602250990488
2026-05,2026-06,1,US01,Software,1130166.27,1198760.68,68594.40999999992,0.060694087074461986,0.060694087074461986
2026-05,2026-07,2,DE01,Hardware,5009268.27,5076995.54,67727.27000000048,0.013520391871525877,0.013520391871525877
2026-05,2026-07,2,DE01,Software,899460.19,868425.87,-31034.31999999995,0.034503272457227875,-0.034503272457227875
2026-05,2026-07,2,ES01,Events,3033738.22,2945886.32,-87851.90000000037,0.028958299506804633,-0.028958299506804633
2026-05,2026-07,2,ES01,Hardware,4727054.36,4686161.72,-40892.640000000596,0.008650765759334444,-0.008650765759334444
2026-05,2026-07,2,ES01,Spare Parts,2008950.68,2022202.29,13251.610000000102,0.006596284384642087,0.006596284384642087
2026-05,2026-07,2,JP01,Hardware,3142643.03,3332974.71,190331.68000000017,0.060564206046653725,0.060564206046653725
2026-05,2026-07,2,JP01,Software,739957.45,750634.07,10676.619999999995,0.01442869451479946,0.01442869451479946
2026-05,2026-07,2,JP01,Spare Parts,2790693.87,2818759.68,28065.810000000056,0.010056928960108425,0.010056928960108425
2026-05,2026-07,2,US01,Events,2810554.0,1956600.16,-853953.8400000001,0.30383826106881423,-0.30383826106881423
2026-05,2026-07,2,US01,Hardware,5368735.5,5645729.27,276993.76999999955,0.051593856691207744,0.051593856691207744
2026-05,2026-07,2,US01,Software,1132865.88,1093654.94,-39210.939999999944,0.03461216432787255,-0.03461216432787255
2026-05,2026-08,3,DE01,Hardware,4959088.61,4502020.74,-457067.8700000001,0.09216771587390532,-0.09216771587390532
2026-05,2026-08,3,DE01,Software,917130.34,774286.98,-142843.36,0.155750337514731,-0.155750337514731
2026-05,2026-08,3,ES01,Events,3285979.84,2610149.12,-675830.7199999997,0.20567098792669397,-0.20567098792669397
2026-05,2026-08,3,ES01,Hardware,4556218.7,4155449.24,-400769.45999999996,0.08796097957281988,-0.08796097957281988
2026-05,2026-08,3,ES01,Spare Parts,1868999.55,1795337.3,-73662.25,0.039412663314980466,-0.039412663314980466
2026-05,2026-08,3,JP01,Hardware,2819534.27,2955512.01,135977.73999999976,0.04822702154991,0.04822702154991
2026-05,2026-08,3,JP01,Software,776565.13,669264.02,-107301.10999999999,0.1381739996489412,-0.1381739996489412
2026-05,2026-08,3,JP01,Spare Parts,2596342.8,2502531.24,-93811.55999999959,0.03613219332978665,-0.03613219332978665
2026-05,2026-08,3,US01,Events,3051386.78,1733610.07,-1317776.7099999997,0.43186157803305414,-0.43186157803305414
2026-05,2026-08,3,US01,Hardware,5173236.29,5006344.81,-166891.48000000045,0.03226055618658015,-0.03226055618658015
2026-05,2026-08,3,US01,Software,1148086.16,975100.82,-172985.33999999997,0.15067278574284004,-0.15067278574284004
2026-05,2026-09,4,DE01,Hardware,6069665.33,5589932.63,-479732.7000000002,0.07903775149329365,-0.07903775149329365
2026-05,2026-09,4,DE01,Software,948116.76,966650.61,18533.849999999977,0.019548067054526046,0.019548067054526046
2026-05,2026-09,4,ES01,Events,4042369.35,3238269.8,-804099.5500000003,0.1989178821574036,-0.1989178821574036
2026-05,2026-09,4,ES01,Hardware,5537028.63,5159612.24,-377416.38999999966,0.06816226088395712,-0.06816226088395712
2026-05,2026-09,4,ES01,Spare Parts,2347978.79,2231854.52,-116124.27000000002,0.04945712052194476,-0.04945712052194476
2026-05,2026-09,4,JP01,Hardware,4084597.49,3669710.55,-414886.9400000004,0.10157351881445738,-0.10157351881445738
2026-05,2026-09,4,JP01,Software,799035.7,835535.78,36500.080000000075,0.04568016172493929,0.04568016172493929
2026-05,2026-09,4,JP01,Spare Parts,3296065.24,3110995.16,-185070.08000000007,0.056148791520886296,-0.056148791520886296
2026-05,2026-09,4,US01,Events,2597468.57,2150795.56,-446673.0099999998,0.1719647410401581,-0.1719647410401581
2026-05,2026-09,4,US01,Hardware,6672882.34,6216126.46,-456755.8799999999,0.06844956298150462,-0.06844956298150462
2026-05,2026-09,4,US01,Software,1211429.73,1217354.59,5924.860000000102,0.004890799567879272,0.004890799567879272
2026-06,2026-07,1,DE01,Hardware,5009268.27,5062331.42,53063.15000000037,0.010592994253829487,0.010592994253829487
2026-06,2026-07,1,DE01,Software,899460.19,807701.83,-91758.35999999999,0.10201492074929963,-0.10201492074929963
2026-06,2026-07,1,ES01,Events,3033738.22,2756524.82,-277213.4000000004,0.09137683606728611,-0.09137683606728611
2026-06,2026-07,1,ES01,Hardware,4727054.36,4686710.34,-40344.020000000484,0.008534706167415532,-0.008534706167415532
2026-06,2026-07,1,ES01,Spare Parts,2008950.68,2038796.67,29845.98999999999,0.01485650707960635,0.01485650707960635
2026-06,2026-07,1,JP01,Hardware,3142643.03,3407131.89,264488.86000000034,0.08416128000385725,0.08416128000385725
2026-06,2026-07,1,JP01,Software,739957.45,683269.73,-56687.71999999997,0.07660943206937099,-0.07660943206937099
2026-06,2026-07,1,JP01,Spare Parts,2790693.87,2818778.23,28084.35999999987,0.01006357605250334,0.01006357605250334
2026-06,2026-07,1,US01,Events,2810554.0,1618212.73,-1192341.27,0.4242370970278458,-0.4242370970278458
2026-06,2026-07,1,US01,Hardware,5368735.5,5615690.87,246955.3700000001,0.04599879617835524,0.04599879617835524
2026-06,2026-07,1,US01,Software,1132865.88,1003251.08,-129614.79999999993,0.1144131907300447,-0.1144131907300447
2026-06,2026-08,2,DE01,Hardware,4959088.61,4489017.35,-470071.2600000007,0.09478984889523898,-0.09478984889523898
2026-06,2026-08,2,DE01,Software,917130.34,720145.53,-196984.80999999994,0.21478387684786435,-0.21478387684786435
2026-06,2026-08,2,ES01,Events,3285979.84,2442368.8,-843611.04,0.25673043690980163,-0.25673043690980163
2026-06,2026-08,2,ES01,Hardware,4556218.7,4155935.73,-400282.9700000002,0.08785420462806147,-0.08785420462806147
2026-06,2026-08,2,ES01,Spare Parts,1868999.55,1810070.01,-58929.54000000004,0.031529991540126395,-0.031529991540126395
2026-06,2026-08,2,JP01,Hardware,2819534.27,3021270.81,201736.54000000004,0.0715495967353502,0.0715495967353502
2026-06,2026-08,2,JP01,Software,776565.13,609202.09,-167363.04000000004,0.2155170680918934,-0.2155170680918934
2026-06,2026-08,2,JP01,Spare Parts,2596342.8,2502547.7,-93795.09999999963,0.036125853643055005,-0.036125853643055005
2026-06,2026-08,2,US01,Events,3051386.78,1433788.03,-1617598.7499999998,0.5301192102562625,-0.5301192102562625
2026-06,2026-08,2,US01,Hardware,5173236.29,4979708.3,-193527.99000000022,0.03740946269438627,-0.03740946269438627
2026-06,2026-08,2,US01,Software,1148086.16,894496.9,-253589.2599999999,0.22087999040072037,-0.22087999040072037
2026-06,2026-09,3,DE01,Hardware,6069665.33,5573786.98,-495878.3499999996,0.08169780754616987,-0.08169780754616987
2026-06,2026-09,3,DE01,Software,948116.76,899058.29,-49058.46999999997,0.05174306801622194,-0.05174306801622194
2026-06,2026-09,3,ES01,Events,4042369.35,3030113.89,-1012255.46,0.25041142269693883,-0.25041142269693883
2026-06,2026-09,3,ES01,Hardware,5537028.63,5160216.29,-376812.33999999985,0.06805316807617805,-0.06805316807617805
2026-06,2026-09,3,ES01,Spare Parts,2347978.79,2250169.33,-97809.45999999996,0.04165687544392169,-0.04165687544392169
2026-06,2026-09,3,JP01,Hardware,4084597.49,3751359.95,-333237.54000000004,0.08158393594860677,-0.08158393594860677
2026-06,2026-09,3,JP01,Software,799035.7,760552.08,-38483.619999999995,0.0481625789686243,-0.0481625789686243
2026-06,2026-09,3,JP01,Spare Parts,3296065.24,3111015.62,-185049.6200000001,0.056142584119481836,-0.056142584119481836
2026-06,2026-09,3,US01,Events,2597468.57,1778822.68,-818645.8899999999,0.31517066248851666,-0.31517066248851666
2026-06,2026-09,3,US01,Hardware,6672882.34,6183053.23,-489829.1099999994,0.07340592641110459,-0.07340592641110459
2026-06,2026-09,3,US01,Software,1211429.73,1116725.45,-94704.28000000003,0.07817562806552554,-0.07817562806552554
2026-07,2026-08,1,DE01,Hardware,4959088.61,4406874.05,-552214.5600000005,0.11135404172582439,-0.11135404172582439
2026-07,2026-08,1,DE01,Software,917130.34,719457.43,-197672.90999999992,0.2155341518851071,-0.2155341518851071
2026-07,2026-08,1,ES01,Events,3285979.84,2263855.26,-1022124.5800000001,0.3110562540761054,-0.3110562540761054
2026-07,2026-08,1,ES01,Hardware,4556218.7,4212914.28,-343304.4199999999,0.07534853847116688,-0.07534853847116688
2026-07,2026-08,1,ES01,Spare Parts,1868999.55,1800177.1,-68822.44999999995,0.03682314958288778,-0.03682314958288778
2026-07,2026-08,1,JP01,Hardware,2819534.27,3011538.72,192004.4500000002,0.06809793093949526,0.06809793093949526
2026-07,2026-08,1,JP01,Software,776565.13,596950.88,-179614.25,0.231293220698694,-0.231293220698694
2026-07,2026-08,1,JP01,Spare Parts,2596342.8,2479596.71,-116746.08999999985,0.044965591600616014,-0.044965591600616014
2026-07,2026-08,1,US01,Events,3051386.78,1733124.05,-1318262.7299999997,0.4320208564317106,-0.4320208564317106
2026-07,2026-08,1,US01,Hardware,5173236.29,4714470.74,-458765.5499999998,0.08868057136435185,-0.08868057136435185
2026-07,2026-08,1,US01,Software,1148086.16,891641.19,-256444.96999999997,0.22336735598310845,-0.22336735598310845
2026-07,2026-09,2,DE01,Hardware,6069665.33,5471793.78,-597871.5499999998,0.0985015676309125,-0.0985015676309125
2026-07,2026-09,2,DE01,Software,948116.76,898199.23,-49917.53000000003,0.05264913785513087,-0.05264913785513087
2026-07,2026-09,2,ES01,Events,4042369.35,2808641.86,-1233727.4900000002,0.30519910062152045,-0.30519910062152045
2026-07,2026-09,2,ES01,Hardware,5537028.63,5230963.69,-306064.9399999995,0.055276026268262134,-0.055276026268262134
2026-07,2026-09,2,ES01,Spare Parts,2347978.79,2237871.07,-110107.7200000002,0.04689468255375518,-0.04689468255375518
2026-07,2026-09,2,JP01,Hardware,4084597.49,3739276.1,-345321.39000000013,0.08454233026520322,-0.08454233026520322
2026-07,2026-09,2,JP01,Software,799035.7,745257.19,-53778.51000000001,0.06730426437767426,-0.06730426437767426
2026-07,2026-09,2,JP01,Spare Parts,3296065.24,3082484.34,-213580.90000000037,0.06479874773352495,-0.06479874773352495
2026-07,2026-09,2,US01,Events,2597468.57,2150192.58,-447275.98999999976,0.17219688244389414,-0.17219688244389414
2026-07,2026-09,2,US01,Hardware,6672882.34,5853721.1,-819161.2400000002,0.1227597308421896,-0.1227597308421896
2026-07,2026-09,2,US01,Software,1211429.73,1113160.28,-98269.44999999995,0.08111857218495039,-0.08111857218495039
2026-08,2026-09,1,DE01,Hardware,6069665.33,5707821.13,-361844.2000000002,0.05961518145185777,-0.05961518145185777
2026-08,2026-09,1,DE01,Software,948116.76,1034253.08,86136.31999999995,0.09084990755779905,0.09084990755779905
2026-08,2026-09,1,ES01,Events,4042369.35,3429685.97,-612683.3799999999,0.15156541299225906,-0.15156541299225906
2026-08,2026-09,1,ES01,Hardware,5537028.63,5536537.06,-491.570000000298,8.877866322325627e-05,-8.877866322325627e-05
2026-08,2026-09,1,ES01,Spare Parts,2347978.79,2267063.07,-80915.7200000002,0.03446186155710555,-0.03446186155710555
2026-08,2026-09,1,JP01,Hardware,4084597.49,3553407.03,-531190.4600000004,0.1300471983593175,-0.1300471983593175
2026-08,2026-09,1,JP01,Software,799035.7,836061.44,37025.73999999999,0.046338029702552706,0.046338029702552706
2026-08,2026-09,1,JP01,Spare Parts,3296065.24,3147043.64,-149021.6000000001,0.04521196916599869,-0.04521196916599869
2026-08,2026-09,1,US01,Events,2597468.57,2725831.5,128362.93000000017,0.04941847284796989,0.04941847284796989
2026-08,2026-09,1,US01,Hardware,6672882.34,5949445.61,-723436.7299999995,0.10841442919852226,-0.10841442919852226
2026-08,2026-09,1,US01,Software,1211429.73,1295517.23,84087.5,0.06941178503188955,0.06941178503188955
