month,source_factory,product_family,quality_tier,units,revenue,gross_profit,factory_units_in_sales,unit_mix_pct,gross_margin_pct
2023-10,CN01,Control Systems,Essential,40.0,769206.28,224747.6,366.0,0.1092896174863388,0.29218118188010633
2023-10,CN01,Control Systems,Premium,8.0,296244.19999999995,36069.23,366.0,0.02185792349726776,0.12175505883321938
2023-10,CN01,Control Systems,Professional,18.0,461776.0,116596.3,366.0,0.04918032786885246,0.25249536571844355
2023-10,CN01,Edge Appliances,Essential,45.0,1024143.1,296404.41,366.0,0.12295081967213115,0.2894169867472622
2023-10,CN01,Edge Appliances,Premium,11.0,467434.9,61435.03,366.0,0.030054644808743168,0.13143013069841383
2023-10,CN01,Edge Appliances,Professional,21.0,610814.4,162086.34,366.0,0.05737704918032787,0.26536103274578987
2023-10,CN01,Network Devices,Essential,43.0,904438.06,324379.56,366.0,0.11748633879781421,0.3586531508857555
2023-10,CN01,Network Devices,Premium,6.0,243732.47,27382.89,366.0,0.01639344262295082,0.11234814138633231
2023-10,CN01,Network Devices,Professional,24.0,632496.9,168873.58000000002,366.0,0.06557377049180328,0.2669951109641802
2023-10,CN01,Sensors & Readers,Essential,43.0,613385.09,226803.36000000002,366.0,0.11748633879781421,0.3697568847002786
2023-10,CN01,Sensors & Readers,Premium,6.0,173873.95,18814.61,366.0,0.01639344262295082,0.10820833138029014
2023-10,CN01,Sensors & Readers,Professional,33.0,623926.8,163004.18,366.0,0.09016393442622951,0.26125529469162084
2023-10,CN01,Terminals,Essential,40.0,710173.49,258981.57,366.0,0.1092896174863388,0.36467366586719535
2023-10,CN01,Terminals,Premium,4.0,137207.84,16588.07,366.0,0.01092896174863388,0.12089739186915267
2023-10,CN01,Terminals,Professional,24.0,551720.4,145080.65,366.0,0.06557377049180328,0.26296045968211434
2023-10,CZ01,Control Systems,Essential,42.0,822217.42,248350.25999999998,429.0,0.0979020979020979,0.30204937764514883
2023-10,CZ01,Control Systems,Premium,13.0,460900.86,64033.32,429.0,0.030303030303030304,0.13893078871668846
2023-10,CZ01,Control Systems,Professional,33.0,808573.5,216443.79,429.0,0.07692307692307693,0.26768598030976776
2023-10,CZ01,Edge Appliances,Essential,39.0,898078.27,282995.37,429.0,0.09090909090909091,0.3151121449581449
2023-10,CZ01,Edge Appliances,Premium,8.0,349256.32,41924.64,429.0,0.018648018648018648,0.12003974616694123
2023-10,CZ01,Edge Appliances,Professional,24.0,704110.4,184763.53,429.0,0.055944055944055944,0.2624070458269044
2023-10,CZ01,Network Devices,Essential,43.0,893522.45,323330.72000000003,429.0,0.10023310023310024,0.36186076801987466
2023-10,CZ01,Network Devices,Premium,12.0,456397.33999999997,63512.14,429.0,0.027972027972027972,0.139159750580492
2023-10,CZ01,Network Devices,Professional,29.0,772940.7,203324.88,429.0,0.0675990675990676,0.2630536598732607
2023-10,CZ01,Sensors & Readers,Essential,61.0,904667.41,324493.9,429.0,0.14219114219114218,0.3586886146368421
2023-10,CZ01,Sensors & Readers,Premium,14.0,383775.84,50170.95,429.0,0.03263403263403263,0.13072982916277376
2023-10,CZ01,Sensors & Readers,Professional,25.0,474692.39999999997,123422.17,429.0,0.05827505827505827,0.2600045208223262
2023-10,CZ01,Terminals,Essential,45.0,815278.45,292418.44,429.0,0.1048951048951049,0.35867308893053657
2023-10,CZ01,Terminals,Premium,12.0,409389.91,50510.72,429.0,0.027972027972027972,0.1233804711992047
2023-10,CZ01,Terminals,Professional,29.0,669869.2,175403.76,429.0,0.0675990675990676,0.2618477756553071
2023-11,CN01,Control Systems,Essential,41.0,786208.7,236211.96,371.0,0.1105121293800539,0.3004443476649394
2023-11,CN01,Control Systems,Premium,8.0,296974.81,40253.7,371.0,0.0215633423180593,0.13554583972963902
2023-11,CN01,Control Systems,Professional,18.0,462914.86,122188.96,371.0,0.04851752021563342,0.2639555792181742
2023-11,CN01,Edge Appliances,Essential,45.0,1026668.94,313153.04,371.0,0.12129380053908356,0.30501851940704466
2023-11,CN01,Edge Appliances,Premium,10.0,429097.7,61032.2,371.0,0.026954177897574125,0.142233808291212
2023-11,CN01,Edge Appliances,Professional,19.0,555104.86,153186.44,371.0,0.05121293800539083,0.27595946466763055
2023-11,CN01,Network Devices,Essential,45.0,952783.73,349667.33,371.0,0.12129380053908356,0.366995488052677
2023-11,CN01,Network Devices,Premium,6.0,244333.57,30861.29,371.0,0.016172506738544475,0.126308022266445
2023-11,CN01,Network Devices,Professional,25.0,667124.96,183428.39,371.0,0.0673854447439353,0.27495357091720873
2023-11,CN01,Sensors & Readers,Essential,42.0,600553.0,227652.39,371.0,0.11320754716981132,0.3790712726437134
2023-11,CN01,Sensors & Readers,Premium,11.0,314059.06,40637.11,371.0,0.029649595687331536,0.1293932103089145
2023-11,CN01,Sensors & Readers,Professional,29.0,553140.08,149561.69,371.0,0.07816711590296496,0.2703866441932756
2023-11,CN01,Terminals,Essential,40.0,711924.95,266322.25,371.0,0.1078167115902965,0.374087535490925
2023-11,CN01,Terminals,Premium,6.0,213036.69999999998,25926.31,371.0,0.016172506738544475,0.12169879649844371
2023-11,CN01,Terminals,Professional,26.0,598036.47,164382.09,371.0,0.07008086253369272,0.2748696747541166
2023-11,CZ01,Control Systems,Essential,44.0,860825.74,263423.67,451.0,0.0975609756097561,0.3060127709471141
2023-11,CZ01,Control Systems,Premium,16.0,579446.22,83910.15,451.0,0.03547671840354767,0.14481093689764685
2023-11,CZ01,Control Systems,Professional,33.0,810567.67,226045.58,451.0,0.07317073170731707,0.2788731753883053
2023-11,CZ01,Edge Appliances,Essential,42.0,967235.86,313406.72000000003,451.0,0.09312638580931264,0.3240230567960953
2023-11,CZ01,Edge Appliances,Premium,10.0,434797.3,59547.54,451.0,0.022172949002217297,0.1369547143002038
2023-11,CZ01,Edge Appliances,Professional,27.0,801298.5700000001,216903.07,451.0,0.0598669623059867,0.2706894509995194
2023-11,CZ01,Network Devices,Essential,42.0,878139.9,325209.2,451.0,0.09312638580931264,0.37033871254455014
2023-11,CZ01,Network Devices,Premium,13.0,501273.11,74391.44,451.0,0.028824833702882482,0.14840500820002095
2023-11,CZ01,Network Devices,Professional,29.0,778354.23,212450.75,451.0,0.06430155210643015,0.27294866760086856
2023-11,CZ01,Sensors & Readers,Essential,65.0,963312.4199999999,355537.98,451.0,0.14412416851441243,0.36907857992737186
2023-11,CZ01,Sensors & Readers,Premium,11.0,303066.99,43310.77,451.0,0.024390243902439025,0.14290823952816503
2023-11,CZ01,Sensors & Readers,Professional,30.0,567817.4,155243.22,451.0,0.06651884700665188,0.2734034215929276
2023-11,CZ01,Terminals,Essential,44.0,803296.77,294696.77,451.0,0.0975609756097561,0.36685914970129907
2023-11,CZ01,Terminals,Premium,14.0,476933.52,66246.13,451.0,0.031042128603104215,0.1389001343415745
2023-11,CZ01,Terminals,Professional,31.0,714963.75,196207.36000000002,451.0,0.06873614190687362,0.2744298015109158
2023-12,CN01,Control Systems,Essential,44.0,849586.18,265596.99,388.0,0.1134020618556701,0.31261924481869513
2023-12,CN01,Control Systems,Premium,8.0,297947.6,43405.21,388.0,0.020618556701030927,0.145680683449036
2023-12,CN01,Control Systems,Professional,18.0,464431.22,126500.76,388.0,0.04639175257731959,0.2723778130161017
2023-12,CN01,Edge Appliances,Essential,49.0,1124101.75,352319.89,388.0,0.12628865979381443,0.31342348679734733
2023-12,CN01,Edge Appliances,Premium,12.0,509742.04000000004,80232.32,388.0,0.030927835051546393,0.15739788697828416
2023-12,CN01,Edge Appliances,Professional,22.0,641096.47,183532.25,388.0,0.05670103092783505,0.28627867815275915
2023-12,CN01,Network Devices,Essential,48.0,1019814.7200000001,381438.91,388.0,0.12371134020618557,0.37402765671003446
2023-12,CN01,Network Devices,Premium,6.0,245133.94999999998,33477.24,388.0,0.015463917525773196,0.1365671299303911
2023-12,CN01,Network Devices,Professional,27.0,725107.04,204635.02,388.0,0.06958762886597938,0.2822135336046385
2023-12,CN01,Sensors & Readers,Essential,47.0,673510.78,260149.54,388.0,0.1211340206185567,0.38625891036220683
2023-12,CN01,Sensors & Readers,Premium,10.0,284104.17,40623.47,388.0,0.02577319587628866,0.14298793995174378
2023-12,CN01,Sensors & Readers,Professional,31.0,593096.08,165310.61000000002,388.0,0.07989690721649484,0.2787248399955704
2023-12,CN01,Terminals,Essential,41.0,731847.0599999999,278930.66,388.0,0.1056701030927835,0.3811324458965511
2023-12,CN01,Terminals,Premium,5.0,175865.66999999998,24103.0,388.0,0.01288659793814433,0.1370534681384946
2023-12,CN01,Terminals,Professional,20.0,473794.8,130295.42,388.0,0.05154639175257732,0.27500390464395136
2023-12,CZ01,Control Systems,Essential,45.0,885191.04,282829.81,478.0,0.09414225941422594,0.31951273478773573
2023-12,CZ01,Control Systems,Premium,17.0,617375.16,95758.09,478.0,0.03556485355648536,0.15510518758156708
2023-12,CZ01,Control Systems,Professional,35.0,858635.97,247695.59999999998,478.0,0.07322175732217573,0.28847568545259056
2023-12,CZ01,Edge Appliances,Essential,42.0,973417.88,327037.72,478.0,0.08786610878661087,0.3359684743000611
2023-12,CZ01,Edge Appliances,Premium,10.0,436221.58,64155.36,478.0,0.02092050209205021,0.14707057821394348
2023-12,CZ01,Edge Appliances,Professional,29.0,859394.91,241085.05,478.0,0.060669456066945605,0.28052883161712
2023-12,CZ01,Network Devices,Essential,46.0,965314.8200000001,364114.79,478.0,0.09623430962343096,0.3771979694665829
2023-12,CZ01,Network Devices,Premium,15.0,580286.7,91867.47,478.0,0.03138075313807531,0.1583139334401426
2023-12,CZ01,Network Devices,Professional,30.0,805283.53,227265.0,478.0,0.06276150627615062,0.2822173700733703
2023-12,CZ01,Sensors & Readers,Essential,64.0,951107.44,357790.77,478.0,0.13389121338912133,0.3761833363431581
2023-12,CZ01,Sensors & Readers,Premium,12.0,329529.31,51221.36,478.0,0.02510460251046025,0.1554379487518121
2023-12,CZ01,Sensors & Readers,Professional,33.0,626272.56,176451.39,478.0,0.06903765690376569,0.28174855689030986
2023-12,CZ01,Terminals,Essential,47.0,858698.24,321574.88,478.0,0.09832635983263599,0.3744911367234199
2023-12,CZ01,Terminals,Premium,15.0,511871.83,76620.72,478.0,0.03138075313807531,0.14968731527968632
2023-12,CZ01,Terminals,Professional,38.0,867575.7000000001,248912.1,478.0,0.0794979079497908,0.2869053386350032
2024-01,CN01,Control Systems,Essential,34.0,656301.88,200052.56,266.0,0.12781954887218044,0.3048178987389157
2024-01,CN01,Control Systems,Premium,6.0,226479.6,31862.579999999998,266.0,0.022556390977443608,0.14068631346929258
2024-01,CN01,Control Systems,Professional,12.0,306053.52,84550.4,266.0,0.045112781954887216,0.2762601782851574
2024-01,CN01,Edge Appliances,Essential,24.0,561369.98,195046.83,266.0,0.09022556390977443,0.34744791661285485
2024-01,CN01,Edge Appliances,Premium,6.0,252674.31,40806.57,266.0,0.022556390977443608,0.16149868975599457
2024-01,CN01,Edge Appliances,Professional,14.0,410627.6,116606.96,266.0,0.05263157894736842,0.2839725337507757
2024-01,CN01,Network Devices,Essential,36.0,763431.72,285885.92,266.0,0.13533834586466165,0.37447477293712655
2024-01,CN01,Network Devices,Premium,3.0,118973.1,17548.93,266.0,0.011278195488721804,0.1475033431927049
2024-01,CN01,Network Devices,Professional,16.0,419324.02,121610.83,266.0,0.06015037593984962,0.29001636967994343
2024-01,CN01,Sensors & Readers,Essential,40.0,583985.73,222368.74000000002,266.0,0.15037593984962405,0.380777694687848
2024-01,CN01,Sensors & Readers,Premium,6.0,167962.02,24963.37,266.0,0.022556390977443608,0.14862508798119956
2024-01,CN01,Sensors & Readers,Professional,24.0,455196.58999999997,128255.25,266.0,0.09022556390977443,0.28175793232545965
2024-01,CN01,Terminals,Essential,32.0,569108.9600000001,217425.55,266.0,0.12030075187969924,0.3820455576731738
2024-01,CN01,Terminals,Premium,5.0,176327.94999999998,23975.84,266.0,0.018796992481203006,0.13597299804143362
2024-01,CN01,Terminals,Professional,8.0,193059.8,51835.56,266.0,0.03007518796992481,0.268494839422811
2024-01,CZ01,Control Systems,Essential,35.0,693281.78,221675.63,348.0,0.10057471264367816,0.3197482414726087
2024-01,CZ01,Control Systems,Premium,8.0,286573.11,45950.39,348.0,0.022988505747126436,0.16034438820864946
2024-01,CZ01,Control Systems,Professional,27.0,665619.49,191038.72,348.0,0.07758620689655173,0.2870089035403696
2024-01,CZ01,Edge Appliances,Essential,40.0,917486.99,283702.05,348.0,0.11494252873563218,0.3092164282351295
2024-01,CZ01,Edge Appliances,Premium,5.0,210084.15000000002,33903.520000000004,348.0,0.014367816091954023,0.16138066579511115
2024-01,CZ01,Edge Appliances,Professional,18.0,541231.55,149520.72,348.0,0.05172413793103448,0.2762601699771567
2024-01,CZ01,Network Devices,Essential,32.0,680287.63,254116.96,348.0,0.09195402298850575,0.3735434083962397
2024-01,CZ01,Network Devices,Premium,5.0,191326.64,31143.32,348.0,0.014367816091954023,0.16277565946906294
2024-01,CZ01,Network Devices,Professional,23.0,620418.1,174207.04,348.0,0.06609195402298851,0.2807897448510932
2024-01,CZ01,Sensors & Readers,Essential,47.0,692763.25,262310.38,348.0,0.13505747126436782,0.37864361309581596
2024-01,CZ01,Sensors & Readers,Premium,8.0,226406.48,32552.82,348.0,0.022988505747126436,0.1437804253659171
2024-01,CZ01,Sensors & Readers,Professional,26.0,502157.1,138683.72,348.0,0.07471264367816093,0.2761759616661798
2024-01,CZ01,Terminals,Essential,37.0,677470.25,253322.0,348.0,0.10632183908045977,0.3739234305860663
2024-01,CZ01,Terminals,Premium,6.0,209791.65999999997,29169.4,348.0,0.017241379310344827,0.13903984553056115
2024-01,CZ01,Terminals,Professional,31.0,703972.62,203316.2,348.0,0.08908045977011494,0.2888126529693726
2024-02,CN01,Control Systems,Essential,35.0,674219.96,203192.27,297.0,0.11784511784511785,0.3013738572794552
2024-02,CN01,Control Systems,Premium,6.0,226965.02000000002,31834.71,297.0,0.020202020202020204,0.14026262725419097
2024-02,CN01,Control Systems,Professional,19.0,473000.53,134258.01,297.0,0.06397306397306397,0.2838432548902218
2024-02,CN01,Edge Appliances,Essential,29.0,684128.67,234480.99,297.0,0.09764309764309764,0.34274398995732774
2024-02,CN01,Edge Appliances,Premium,6.0,250343.06,41500.19,297.0,0.020202020202020204,0.16577327927524735
2024-02,CN01,Edge Appliances,Professional,15.0,438405.38,125109.15000000001,297.0,0.050505050505050504,0.2853732086955685
2024-02,CN01,Network Devices,Essential,40.0,848390.23,317895.03,297.0,0.13468013468013468,0.3747037846015743
2024-02,CN01,Network Devices,Premium,5.0,202201.86,28543.25,297.0,0.016835016835016835,0.14116215350343464
2024-02,CN01,Network Devices,Professional,16.0,420222.65,121728.79000000001,297.0,0.05387205387205387,0.2896768891443619
2024-02,CN01,Sensors & Readers,Essential,41.0,601644.58,228489.05,297.0,0.13804713804713806,0.3797741350881944
2024-02,CN01,Sensors & Readers,Premium,7.0,197606.86,28831.059999999998,297.0,0.02356902356902357,0.14590110889874977
2024-02,CN01,Sensors & Readers,Professional,24.0,456172.15,128373.09,297.0,0.08080808080808081,0.28141369436954883
2024-02,CN01,Terminals,Essential,36.0,642214.5599999999,245090.95,297.0,0.12121212121212122,0.3816340601184751
2024-02,CN01,Terminals,Premium,4.0,138656.05,19877.54,297.0,0.013468013468013467,0.14335862012512257
2024-02,CN01,Terminals,Professional,14.0,335528.45,91009.46,297.0,0.04713804713804714,0.271242155471466
2024-02,CZ01,Control Systems,Essential,37.0,731643.31,232297.13,370.0,0.1,0.3175005181144894
2024-02,CZ01,Control Systems,Premium,7.0,253421.07,39724.14,370.0,0.01891891891891892,0.15675152819771457
2024-02,CZ01,Control Systems,Professional,24.0,608479.5700000001,169592.24,370.0,0.06486486486486487,0.27871476440860615
2024-02,CZ01,Edge Appliances,Essential,41.0,940433.56,292567.66,370.0,0.11081081081081082,0.3110987021773234
2024-02,CZ01,Edge Appliances,Premium,5.0,210534.41,33889.48,370.0,0.013513513513513514,0.16096884115047988
2024-02,CZ01,Edge Appliances,Professional,23.0,684644.4400000001,191380.53,370.0,0.062162162162162166,0.2795327308872909
2024-02,CZ01,Network Devices,Essential,33.0,700852.67,262160.6,370.0,0.0891891891891892,0.37405950097900026
2024-02,CZ01,Network Devices,Premium,9.0,352451.66000000003,54304.92,370.0,0.024324324324324326,0.15407764003721813
2024-02,CZ01,Network Devices,Professional,26.0,700539.46,197079.04,370.0,0.07027027027027027,0.28132468083953477
2024-02,CZ01,Sensors & Readers,Essential,52.0,767524.3200000001,290596.91,370.0,0.14054054054054055,0.37861589845126986
2024-02,CZ01,Sensors & Readers,Premium,8.0,226891.72,32526.879999999997,370.0,0.021621621621621623,0.14335860294945976
2024-02,CZ01,Sensors & Readers,Professional,28.0,540311.76,149494.57,370.0,0.07567567567567568,0.2766820585211767
2024-02,CZ01,Terminals,Essential,37.0,681301.4,253877.63,370.0,0.1,0.3726362957715924
2024-02,CZ01,Terminals,Premium,8.0,277312.1,39755.08,370.0,0.021621621621621623,0.14335862012512257
2024-02,CZ01,Terminals,Professional,32.0,734240.91,209727.85,370.0,0.08648648648648649,0.28563901458446384
2024-03,CN01,Control Systems,Essential,36.0,698420.19,214481.9,325.0,0.11076923076923077,0.30709578999999987
2024-03,CN01,Control Systems,Premium,7.0,261205.35,37625.55,325.0,0.021538461538461538,0.14404586276659342
2024-03,CN01,Control Systems,Professional,22.0,550677.42,154723.2,325.0,0.06769230769230769,0.2809688474243233
2024-03,CN01,Edge Appliances,Essential,30.0,710941.36,242889.48,325.0,0.09230769230769231,0.34164488615488625
2024-03,CN01,Edge Appliances,Premium,8.0,344950.39,52190.82,325.0,0.024615384615384615,0.15129949555934694
2024-03,CN01,Edge Appliances,Professional,16.0,470038.36,133037.1,325.0,0.04923076923076923,0.283034559136833
2024-03,CN01,Network Devices,Essential,43.0,911502.04,340977.22,325.0,0.13230769230769232,0.3740827831828001
2024-03,CN01,Network Devices,Premium,4.0,161007.19,22782.04,325.0,0.012307692307692308,0.14149703500818814
2024-03,CN01,Network Devices,Professional,20.0,535088.29,151262.47,325.0,0.06153846153846154,0.2826869375145548
2024-03,CN01,Sensors & Readers,Essential,43.0,632687.35,239297.79,325.0,0.13230769230769232,0.37822439471881336
2024-03,CN01,Sensors & Readers,Premium,9.0,260342.68,35073.72,325.0,0.027692307692307693,0.13472136032401602
2024-03,CN01,Sensors & Readers,Professional,27.0,516470.72,143726.41999999998,325.0,0.08307692307692308,0.2782857080455597
2024-03,CN01,Terminals,Essential,38.0,681178.27,258485.11000000002,325.0,0.11692307692307692,0.3794676392128598
2024-03,CN01,Terminals,Premium,5.0,177027.14,23662.45,325.0,0.015384615384615385,0.13366566279046252
2024-03,CN01,Terminals,Professional,17.0,408823.06,110177.06,325.0,0.052307692307692305,0.2694981540424848
2024-03,CZ01,Control Systems,Essential,38.0,750801.71,234667.35,397.0,0.09571788413098237,0.3125556946320754
2024-03,CZ01,Control Systems,Premium,12.0,430343.66000000003,68540.66,397.0,0.030226700251889168,0.15926959397984392
2024-03,CZ01,Control Systems,Professional,24.0,609586.0,168970.17,397.0,0.060453400503778336,0.2771884032769782
2024-03,CZ01,Edge Appliances,Essential,44.0,1011265.84,312839.33999999997,397.0,0.11083123425692695,0.30935420502288496
2024-03,CZ01,Edge Appliances,Premium,7.0,305069.36,44635.74,397.0,0.017632241813602016,0.1463134154147765
2024-03,CZ01,Edge Appliances,Professional,24.0,712835.94,199052.79,397.0,0.060453400503778336,0.2792406763329021
2024-03,CZ01,Network Devices,Essential,33.0,702126.9400000001,261735.59,397.0,0.08312342569269521,0.37277531325033614
2024-03,CZ01,Network Devices,Premium,9.0,353092.5,53755.8,397.0,0.022670025188916875,0.15224282588840035
2024-03,CZ01,Network Devices,Professional,27.0,722811.96,204222.23,397.0,0.06801007556675064,0.2825385318748738
2024-03,CZ01,Sensors & Readers,Essential,55.0,815305.79,307037.08,397.0,0.1385390428211587,0.37659131551120223
2024-03,CZ01,Sensors & Readers,Premium,8.0,227304.26,32162.879999999997,397.0,0.020151133501259445,0.14149704013466355
2024-03,CZ01,Sensors & Readers,Professional,29.0,561117.23,154261.37,397.0,0.07304785894206549,0.2749182554953802
2024-03,CZ01,Terminals,Essential,42.0,771071.26,287414.79000000004,397.0,0.10579345088161209,0.3727473774602882
2024-03,CZ01,Terminals,Premium,10.0,345009.11,49703.35,397.0,0.02518891687657431,0.14406387703791357
2024-03,CZ01,Terminals,Professional,35.0,803676.74,228656.38,397.0,0.08816120906801007,0.2845128751642109
2024-04,CN01,Control Systems,Essential,37.0,719304.54,214667.09,336.0,0.11011904761904762,0.2984370013846986
2024-04,CN01,Control Systems,Premium,8.0,300655.01,40937.72,336.0,0.023809523809523808,0.13616177558458115
2024-04,CN01,Control Systems,Professional,25.0,629041.78,172993.32,336.0,0.0744047619047619,0.2750108585792187
2024-04,CN01,Edge Appliances,Essential,30.0,709653.71,240025.67,336.0,0.08928571428571429,0.3382292893247892
2024-04,CN01,Edge Appliances,Premium,7.0,297166.39,45413.770000000004,336.0,0.020833333333333332,0.1528226997676285
2024-04,CN01,Edge Appliances,Professional,18.0,525223.8,147523.72,336.0,0.05357142857142857,0.28087782769935404
2024-04,CN01,Network Devices,Essential,45.0,959051.83,353969.52,336.0,0.13392857142857142,0.3690827846082104
2024-04,CN01,Network Devices,Premium,6.0,247361.44,31397.97,336.0,0.017857142857142856,0.12693154600005563
2024-04,CN01,Network Devices,Professional,20.0,531081.95,149291.95,336.0,0.05952380952380952,0.28110906424140386
2024-04,CN01,Sensors & Readers,Essential,45.0,664270.5,248272.48,336.0,0.13392857142857142,0.3737520784078173
2024-04,CN01,Sensors & Readers,Premium,9.0,257275.31,34592.21,336.0,0.026785714285714284,0.13445600357064966
2024-04,CN01,Sensors & Readers,Professional,27.0,517744.51999999996,141463.54,336.0,0.08035714285714286,0.27323039556266093
2024-04,CN01,Terminals,Essential,38.0,681663.51,256134.17,336.0,0.1130952380952381,0.3757486886748566
2024-04,CN01,Terminals,Premium,3.0,112372.10999999999,12014.72,336.0,0.008928571428571428,0.10691905669476172
2024-04,CN01,Terminals,Professional,18.0,429524.21,114916.61,336.0,0.05357142857142857,0.2675439645183213
2024-04,CZ01,Control Systems,Essential,39.0,771815.24,238942.97,405.0,0.0962962962962963,0.30958571121243994
2024-04,CZ01,Control Systems,Premium,10.0,361135.61,54666.82,405.0,0.024691358024691357,0.15137477026981638
2024-04,CZ01,Control Systems,Professional,25.0,637309.33,173199.39,405.0,0.06172839506172839,0.27176660037285194
2024-04,CZ01,Edge Appliances,Essential,47.0,1080011.67,324312.04000000004,405.0,0.11604938271604938,0.3002856811723155
2024-04,CZ01,Edge Appliances,Premium,7.0,305821.74,42869.0,405.0,0.01728395061728395,0.1401764308842138
2024-04,CZ01,Edge Appliances,Professional,25.0,747455.3,203897.5,405.0,0.06172839506172839,0.2727888878438617
2024-04,CZ01,Network Devices,Essential,35.0,742236.51,274642.45,405.0,0.08641975308641975,0.3700201301065074
2024-04,CZ01,Network Devices,Premium,10.0,390373.12,58148.76,405.0,0.024691358024691357,0.14895687489958326
2024-04,CZ01,Network Devices,Professional,27.0,729920.64,200814.69,405.0,0.06666666666666667,0.27511852521391916
2024-04,CZ01,Sensors & Readers,Essential,51.0,760203.61,282437.60000000003,405.0,0.1259259259259259,0.3715288855310751
2024-04,CZ01,Sensors & Readers,Premium,10.0,279266.91,39891.66,405.0,0.024691358024691357,0.14284420592471914
2024-04,CZ01,Sensors & Readers,Professional,31.0,599738.62,162381.47,405.0,0.07654320987654321,0.2707537326844151
2024-04,CZ01,Terminals,Essential,41.0,752833.69,277812.08999999997,405.0,0.10123456790123457,0.36902186192012737
2024-04,CZ01,Terminals,Premium,13.0,444630.89,63359.04,405.0,0.03209876543209877,0.14249806170686882
2024-04,CZ01,Terminals,Professional,34.0,784434.19,218697.88,405.0,0.08395061728395062,0.2787969759451714
2024-05,CN01,Control Systems,Essential,37.0,721894.9299999999,221500.12,328.0,0.11280487804878049,0.3068315218670396
2024-05,CN01,Control Systems,Premium,7.0,262792.54000000004,39044.97,328.0,0.021341463414634148,0.1485771628068285
2024-05,CN01,Control Systems,Professional,22.0,554023.5,157715.95,328.0,0.06707317073170732,0.28467375481364965
2024-05,CN01,Edge Appliances,Essential,33.0,784803.6799999999,268216.83,328.0,0.10060975609756098,0.3417629616619535
2024-05,CN01,Edge Appliances,Premium,9.0,378483.28,63654.37,328.0,0.027439024390243903,0.16818277943480092
2024-05,CN01,Edge Appliances,Professional,16.0,470938.06,135584.12,328.0,0.04878048780487805,0.2879022349563337
2024-05,CN01,Network Devices,Essential,43.0,919820.31,346171.9,328.0,0.13109756097560976,0.376347310704631
2024-05,CN01,Network Devices,Premium,6.0,248252.26,34202.82,328.0,0.018292682926829267,0.13777445570888255
2024-05,CN01,Network Devices,Professional,24.0,647789.39,185085.79,328.0,0.07317073170731707,0.2857190822467778
2024-05,CN01,Sensors & Readers,Essential,40.0,586921.06,225264.92,328.0,0.12195121951219512,0.383807866768318
2024-05,CN01,Sensors & Readers,Premium,9.0,258201.87,37488.770000000004,328.0,0.027439024390243903,0.14519170600894565
2024-05,CN01,Sensors & Readers,Professional,27.0,519609.02,146533.4,328.0,0.08231707317073171,0.28200703675236427
2024-05,CN01,Terminals,Essential,35.0,631876.09,241533.51,328.0,0.10670731707317073,0.38224821895064903
2024-05,CN01,Terminals,Premium,3.0,112776.8,13312.95,328.0,0.009146341463414634,0.11804688552964794
2024-05,CN01,Terminals,Professional,17.0,408232.91000000003,112451.58,328.0,0.051829268292682924,0.2754593695055109
2024-05,CZ01,Control Systems,Essential,39.0,774594.73,246182.9,413.0,0.09443099273607748,0.31782155295582765
2024-05,CZ01,Control Systems,Premium,11.0,401381.37,63939.81,413.0,0.026634382566585957,0.15929939648170516
2024-05,CZ01,Control Systems,Professional,24.0,613290.08,172283.15,413.0,0.05811138014527845,0.2809162509199562
2024-05,CZ01,Edge Appliances,Essential,46.0,1061228.96,325774.51,413.0,0.11138014527845036,0.3069785336427306
2024-05,CZ01,Edge Appliances,Premium,5.0,209303.32,35565.48,413.0,0.012106537530266344,0.1699231526762213
2024-05,CZ01,Edge Appliances,Professional,23.0,692013.45,194336.46000000002,413.0,0.05569007263922518,0.2808275764004298
2024-05,CZ01,Network Devices,Essential,36.0,764167.5700000001,288918.11,413.0,0.08716707021791767,0.3780821397589536
2024-05,CZ01,Network Devices,Premium,10.0,391778.96,62483.42,413.0,0.024213075060532687,0.15948641039835318
2024-05,CZ01,Network Devices,Professional,27.0,732549.27,207947.58000000002,413.0,0.06537530266343826,0.28386838744648535
2024-05,CZ01,Sensors & Readers,Essential,60.0,901963.7,340453.51,413.0,0.14527845036319612,0.37745810612999176
2024-05,CZ01,Sensors & Readers,Premium,11.0,311650.44,46459.08,413.0,0.026634382566585957,0.14907432827625722
2024-05,CZ01,Sensors & Readers,Professional,31.0,600640.73,168265.32,413.0,0.07506053268765134,0.2801430399167236
2024-05,CZ01,Terminals,Essential,43.0,799565.54,299100.34,413.0,0.10411622276029056,0.37407857772359726
2024-05,CZ01,Terminals,Premium,13.0,443957.12,68880.15,413.0,0.031476997578692496,0.15515045687295204
2024-05,CZ01,Terminals,Professional,34.0,784184.83,226385.14,413.0,0.08232445520581114,0.28868849707281385
2024-06,CN01,Control Systems,Essential,40.0,782428.24,244009.0,346.0,0.11560693641618497,0.31186118742339874
2024-06,CN01,Control Systems,Premium,13.0,472838.5,75835.53,346.0,0.03757225433526012,0.16038357705643683
2024-06,CN01,Control Systems,Professional,22.0,563434.62,157441.66,346.0,0.06358381502890173,0.27943199514435235
2024-06,CN01,Edge Appliances,Essential,34.0,806016.99,276827.13,346.0,0.09826589595375723,0.34345073793047465
2024-06,CN01,Edge Appliances,Premium,8.0,339030.06,56046.14,346.0,0.023121387283236993,0.16531318786304672
2024-06,CN01,Edge Appliances,Professional,20.0,590328.64,169506.22,346.0,0.057803468208092484,0.28713873682293306
2024-06,CN01,Network Devices,Essential,44.0,943723.23,354538.15,346.0,0.12716763005780346,0.3756802192948032
2024-06,CN01,Network Devices,Premium,6.0,248743.94,34085.36,346.0,0.017341040462427744,0.13702991116085078
2024-06,CN01,Network Devices,Professional,24.0,650857.67,184919.53,346.0,0.06936416184971098,0.2841166948220799
2024-06,CN01,Sensors & Readers,Essential,42.0,615325.11,236426.41999999998,346.0,0.12138728323699421,0.3842300861084639
2024-06,CN01,Sensors & Readers,Premium,8.0,231003.47,32934.99,346.0,0.023121387283236993,0.14257357259611728
2024-06,CN01,Sensors & Readers,Professional,26.0,503175.52999999997,141034.32,346.0,0.07514450867052024,0.2802885108502793
2024-06,CN01,Terminals,Essential,39.0,704523.79,269252.43,346.0,0.11271676300578035,0.3821764911586591
2024-06,CN01,Terminals,Premium,2.0,74573.59,9059.72,346.0,0.005780346820809248,0.12148697682383267
2024-06,CN01,Terminals,Professional,18.0,431924.84,119122.05,346.0,0.05202312138728324,0.2757934690674424
2024-06,CZ01,Control Systems,Essential,39.0,778722.66,246466.52,428.0,0.0911214953271028,0.3165010248963347
2024-06,CZ01,Control Systems,Premium,8.0,304796.27,43706.96,428.0,0.018691588785046728,0.1433972928868191
2024-06,CZ01,Control Systems,Professional,27.0,686953.16,193867.86,428.0,0.0630841121495327,0.282214088657806
2024-06,CZ01,Edge Appliances,Essential,47.0,1086047.79,334588.97000000003,428.0,0.10981308411214953,0.3080794170208661
2024-06,CZ01,Edge Appliances,Premium,6.0,252821.93,42389.03,428.0,0.014018691588785047,0.16766358044968646
2024-06,CZ01,Edge Appliances,Professional,27.0,815762.47,227921.47999999998,428.0,0.0630841121495327,0.27939686904203864
2024-06,CZ01,Network Devices,Essential,38.0,808450.9099999999,305249.23,428.0,0.08878504672897196,0.37757299326931304
2024-06,CZ01,Network Devices,Premium,11.0,429168.19,69120.38,428.0,0.02570093457943925,0.16105662444367091
2024-06,CZ01,Network Devices,Professional,29.0,788833.4,223224.38,428.0,0.06775700934579439,0.28298038597250064
2024-06,CZ01,Sensors & Readers,Essential,61.0,918353.78,346281.13,428.0,0.1425233644859813,0.3770672452614068
2024-06,CZ01,Sensors & Readers,Premium,11.0,308537.49,47328.66,428.0,0.02570093457943925,0.15339678818285585
2024-06,CZ01,Sensors & Readers,Professional,31.0,600570.15,168231.11,428.0,0.07242990654205607,0.2801190002533426
2024-06,CZ01,Terminals,Essential,46.0,854696.28,319858.04,428.0,0.10747663551401869,0.3742359098602839
2024-06,CZ01,Terminals,Premium,13.0,449395.43,67695.37,428.0,0.030373831775700934,0.15063653406533306
2024-06,CZ01,Terminals,Professional,34.0,785737.9,226365.23,428.0,0.0794392523364486,0.28809254332774326
2024-07,CN01,Control Systems,Essential,36.0,705061.5399999999,213727.36,315.0,0.11428571428571428,0.3031329151778723
2024-07,CN01,Control Systems,Premium,11.0,401025.18,63819.0,315.0,0.03492063492063492,0.15913963307740428
2024-07,CN01,Control Systems,Professional,20.0,509038.6,143169.18,315.0,0.06349206349206349,0.2812540738560887
2024-07,CN01,Edge Appliances,Essential,29.0,690098.68,237464.46,315.0,0.09206349206349207,0.34410217970566176
2024-07,CN01,Edge Appliances,Premium,7.0,299806.36,48262.55,315.0,0.022222222222222223,0.16097907329250788
2024-07,CN01,Edge Appliances,Professional,15.0,448130.58,126795.7,315.0,0.047619047619047616,0.28294364557759033
2024-07,CN01,Network Devices,Essential,42.0,901111.13,338232.39,315.0,0.13333333333333333,0.37535036327872234
2024-07,CN01,Network Devices,Premium,5.0,207524.01,28194.61,315.0,0.015873015873015872,0.13586191785711926
2024-07,CN01,Network Devices,Professional,20.0,537591.14,154159.97,315.0,0.06349206349206349,0.286760622580201
2024-07,CN01,Sensors & Readers,Essential,38.0,557748.52,213923.88999999998,315.0,0.12063492063492064,0.38354900520399404
2024-07,CN01,Sensors & Readers,Premium,10.0,289232.66,41014.88,315.0,0.031746031746031744,0.14180583893948906
2024-07,CN01,Sensors & Readers,Professional,26.0,502295.55000000005,140869.35,315.0,0.08253968253968254,0.28045112085902413
2024-07,CN01,Terminals,Essential,37.0,671017.03,255583.6,315.0,0.11746031746031746,0.380889885909453
2024-07,CN01,Terminals,Premium,2.0,74817.93,8963.01,315.0,0.006349206349206349,0.1197976207040211
2024-07,CN01,Terminals,Professional,17.0,410381.65,112237.78,315.0,0.05396825396825397,0.2734960980833329
2024-07,CZ01,Control Systems,Essential,38.0,760641.12,242994.93,390.0,0.09743589743589744,0.31946068074784073
2024-07,CZ01,Control Systems,Premium,7.0,264175.79,38751.86,390.0,0.017948717948717947,0.1466896720551115
2024-07,CZ01,Control Systems,Professional,27.0,689203.95,193580.98,390.0,0.06923076923076923,0.28087619056739305
2024-07,CZ01,Edge Appliances,Essential,40.0,928532.1900000001,287714.05,390.0,0.10256410256410256,0.3098589936876609
2024-07,CZ01,Edge Appliances,Premium,5.0,210405.02,35269.39,390.0,0.01282051282051282,0.16762618116240763
2024-07,CZ01,Edge Appliances,Professional,23.0,693689.27,194085.9,390.0,0.05897435897435897,0.2797879517438694
2024-07,CZ01,Network Devices,Essential,34.0,729470.95,273580.01,390.0,0.08717948717948718,0.3750389374655701
2024-07,CZ01,Network Devices,Premium,9.0,357107.9,55132.12,390.0,0.023076923076923078,0.15438504720842075
2024-07,CZ01,Network Devices,Professional,28.0,761224.94,215367.07,390.0,0.07179487179487179,0.2829217208779313
2024-07,CZ01,Sensors & Readers,Essential,57.0,863742.4299999999,324031.15,390.0,0.14615384615384616,0.37514788986341685
2024-07,CZ01,Sensors & Readers,Premium,10.0,289232.68,40823.52,390.0,0.02564102564102564,0.14114421648342088
2024-07,CZ01,Sensors & Readers,Professional,29.0,567498.25,157030.78,390.0,0.07435897435897436,0.2767070735460418
2024-07,CZ01,Terminals,Essential,38.0,704593.67,263898.72,390.0,0.09743589743589744,0.3745402935567104
2024-07,CZ01,Terminals,Premium,12.0,414602.43,62245.3,390.0,0.03076923076923077,0.15013250163536188
2024-07,CZ01,Terminals,Professional,33.0,765354.03,219503.2,390.0,0.08461538461538462,0.2867995612435725
2024-08,CN01,Control Systems,Essential,35.0,685310.34,212813.92,267.0,0.13108614232209737,0.31053656654297673
2024-08,CN01,Control Systems,Premium,9.0,332397.19,52673.62,267.0,0.033707865168539325,0.15846590038862846
2024-08,CN01,Control Systems,Professional,14.0,350107.36,101615.08,267.0,0.052434456928838954,0.29023977102337983
2024-08,CN01,Edge Appliances,Essential,25.0,593967.51,208717.46,267.0,0.09363295880149813,0.3513954155505913
2024-08,CN01,Edge Appliances,Premium,5.0,213185.39,35618.22,267.0,0.018726591760299626,0.16707627103339492
2024-08,CN01,Edge Appliances,Professional,10.0,299881.5,85368.94,267.0,0.03745318352059925,0.2846755801875074
2024-08,CN01,Network Devices,Essential,35.0,751165.2000000001,284143.06,267.0,0.13108614232209737,0.3782697334754059
2024-08,CN01,Network Devices,Premium,3.0,123378.60999999999,17702.489999999998,267.0,0.011235955056179775,0.14348102965335727
2024-08,CN01,Network Devices,Professional,14.0,374114.74,109240.23999999999,267.0,0.052434456928838954,0.2919966211435561
2024-08,CN01,Sensors & Readers,Essential,36.0,530093.4400000001,204410.86000000002,267.0,0.1348314606741573,0.3856128836455701
2024-08,CN01,Sensors & Readers,Premium,7.0,201965.12,29614.53,267.0,0.026217228464419477,0.1466319035682993
2024-08,CN01,Sensors & Readers,Professional,25.0,483215.92000000004,137208.22,267.0,0.09363295880149813,0.2839480536982308
2024-08,CN01,Terminals,Essential,39.0,720855.1,272795.04,267.0,0.14606741573033707,0.37843255877637544
2024-08,CN01,Terminals,Premium,2.0,74772.21,9306.57,267.0,0.00749063670411985,0.12446562700233146
2024-08,CN01,Terminals,Professional,8.0,192821.07,53495.149999999994,267.0,0.0299625468164794,0.2774341517760481
2024-08,CZ01,Control Systems,Essential,34.0,681594.9199999999,219567.36,333.0,0.1021021021021021,0.3221376121758654
2024-08,CZ01,Control Systems,Premium,4.0,149102.88,23179.12,333.0,0.012012012012012012,0.15545722523937833
2024-08,CZ01,Control Systems,Professional,21.0,535164.13,152486.47,333.0,0.06306306306306306,0.28493402575393084
2024-08,CZ01,Edge Appliances,Essential,35.0,806411.58,245749.85,333.0,0.10510510510510511,0.30474494178270606
2024-08,CZ01,Edge Appliances,Premium,4.0,164148.6,29823.09,333.0,0.012012012012012012,0.18168348679184593
2024-08,CZ01,Edge Appliances,Professional,22.0,669959.92,187958.82,333.0,0.06606606606606606,0.28055233513073435
2024-08,CZ01,Network Devices,Essential,32.0,690330.02,259973.11,333.0,0.0960960960960961,0.3765925028148131
2024-08,CZ01,Network Devices,Premium,7.0,272871.08999999997,45132.05,333.0,0.021021021021021023,0.16539696455201616
2024-08,CZ01,Network Devices,Professional,23.0,629576.5599999999,179050.33,333.0,0.06906906906906907,0.28439802460244074
2024-08,CZ01,Sensors & Readers,Essential,50.0,749874.52,285631.59,333.0,0.15015015015015015,0.3809058480877574
2024-08,CZ01,Sensors & Readers,Premium,7.0,198225.02,30511.88,333.0,0.021021021021021023,0.15392547318194244
2024-08,CZ01,Sensors & Readers,Professional,24.0,470760.98000000004,131553.24,333.0,0.07207207207207207,0.2794480545095305
2024-08,CZ01,Terminals,Essential,30.0,545330.6,208904.03,333.0,0.09009009009009009,0.3830777697052027
2024-08,CZ01,Terminals,Premium,7.0,242275.03000000003,37292.32,333.0,0.021021021021021023,0.1539255613754335
2024-08,CZ01,Terminals,Professional,33.0,764886.3,222169.31,333.0,0.0990990990990991,0.2904605691068071
2024-09,CN01,Control Systems,Essential,39.0,763534.74,243771.07,355.0,0.10985915492957747,0.3192665077688541
2024-09,CN01,Control Systems,Premium,12.0,434029.48,75680.4,355.0,0.03380281690140845,0.17436695774674107
2024-09,CN01,Control Systems,Professional,21.0,535668.71,155726.42,355.0,0.059154929577464786,0.29071404973420983
2024-09,CN01,Edge Appliances,Essential,35.0,835260.68,298634.88,355.0,0.09859154929577464,0.3575349434622015
2024-09,CN01,Edge Appliances,Premium,7.0,293168.87,53262.33,355.0,0.01971830985915493,0.18167798647926023
2024-09,CN01,Edge Appliances,Professional,16.0,476025.42,139953.58000000002,355.0,0.04507042253521127,0.294004425225863
2024-09,CN01,Network Devices,Essential,47.0,1004890.8,386875.19,355.0,0.1323943661971831,0.38499226980682877
2024-09,CN01,Network Devices,Premium,6.0,248866.28000000003,37108.270000000004,355.0,0.016901408450704224,0.1491092726583931
2024-09,CN01,Network Devices,Professional,23.0,622854.64,183444.44999999998,355.0,0.0647887323943662,0.2945220894557356
2024-09,CN01,Sensors & Readers,Essential,42.0,616611.21,241681.37,355.0,0.11830985915492957,0.3919509831811199
2024-09,CN01,Sensors & Readers,Premium,12.0,338278.64,55341.729999999996,355.0,0.03380281690140845,0.1635980622365042
2024-09,CN01,Sensors & Readers,Professional,29.0,559619.1,162864.51,355.0,0.08169014084507042,0.2910274327663227
2024-09,CN01,Terminals,Essential,46.0,846702.9,326187.93,355.0,0.1295774647887324,0.3852448479862299
2024-09,CN01,Terminals,Premium,3.0,113055.73,14660.989999999998,355.0,0.008450704225352112,0.12967931833264884
2024-09,CN01,Terminals,Professional,17.0,409242.58999999997,116524.91,355.0,0.04788732394366197,0.28473309681673165
2024-09,CZ01,Control Systems,Essential,39.0,776510.55,253477.16,421.0,0.09263657957244656,0.3264310575046276
2024-09,CZ01,Control Systems,Premium,8.0,300022.0,48494.23,421.0,0.019002375296912115,0.16163558005746245
2024-09,CZ01,Control Systems,Professional,28.0,710343.3,208116.05,421.0,0.0665083135391924,0.29297953538802995
2024-09,CZ01,Edge Appliances,Essential,45.0,1033476.6,316212.43,421.0,0.10688836104513064,0.305969607826631
2024-09,CZ01,Edge Appliances,Premium,5.0,209821.0,37929.94,421.0,0.011876484560570071,0.18077284923816014
2024-09,CZ01,Edge Appliances,Professional,31.0,928795.93,271443.25,421.0,0.07363420427553444,0.2922528418056268
2024-09,CZ01,Network Devices,Essential,37.0,788149.64,303868.2,421.0,0.08788598574821853,0.3855463284865549
2024-09,CZ01,Network Devices,Premium,11.0,429379.26,74175.23,421.0,0.026128266033254157,0.17274991344481797
2024-09,CZ01,Network Devices,Professional,30.0,817544.5599999999,239008.83,421.0,0.07125890736342043,0.2923496059957882
2024-09,CZ01,Sensors & Readers,Essential,61.0,916838.62,353795.39,421.0,0.14489311163895488,0.38588622063062744
2024-09,CZ01,Sensors & Readers,Premium,9.0,262572.49,39548.93,421.0,0.021377672209026127,0.1506209961294879
2024-09,CZ01,Sensors & Readers,Professional,30.0,583394.36,168561.08,421.0,0.07125890736342043,0.28893162422756363
2024-09,CZ01,Terminals,Essential,36.0,652498.68,254119.53,421.0,0.0855106888361045,0.3894560062558287
2024-09,CZ01,Terminals,Premium,16.0,551268.9199999999,90415.44,421.0,0.03800475059382423,0.164013309511445
2024-09,CZ01,Terminals,Professional,35.0,815183.0599999999,240850.74000000002,421.0,0.0831353919239905,0.2954560169589393
2024-10,CN01,Control Systems,Essential,40.0,789205.68,252078.24,386.0,0.10362694300518134,0.31940753391435295
2024-10,CN01,Control Systems,Premium,12.0,441075.91,74495.89,386.0,0.031088082901554404,0.16889584833594745
2024-10,CN01,Control Systems,Professional,23.0,589600.98,170695.13,386.0,0.05958549222797927,0.28950957645965925
2024-10,CN01,Edge Appliances,Essential,38.0,907813.32,321339.87,386.0,0.09844559585492228,0.35397130987238656
2024-10,CN01,Edge Appliances,Premium,9.0,381253.85,67792.39,386.0,0.023316062176165803,0.17781430928500788
2024-10,CN01,Edge Appliances,Professional,17.0,509577.3,148899.72,386.0,0.04404145077720207,0.29220241953477916
2024-10,CN01,Network Devices,Essential,48.0,1036147.97,396712.7,386.0,0.12435233160621761,0.3828726315991335
2024-10,CN01,Network Devices,Premium,6.0,250069.52000000002,36963.34,386.0,0.015544041450777202,0.14781225636774922
2024-10,CN01,Network Devices,Professional,22.0,599200.73,175571.98,386.0,0.05699481865284974,0.29301029055822414
2024-10,CN01,Sensors & Readers,Essential,43.0,635262.23,248209.72,386.0,0.11139896373056994,0.3907200968015996
2024-10,CN01,Sensors & Readers,Premium,13.0,367771.59,59929.200000000004,386.0,0.03367875647668394,0.16295222803914788
2024-10,CN01,Sensors & Readers,Professional,29.0,562324.78,163061.51,386.0,0.07512953367875648,0.289977457511298
2024-10,CN01,Terminals,Essential,47.0,871156.34,334326.92,386.0,0.12176165803108809,0.38377373227864015
2024-10,CN01,Terminals,Premium,3.0,113602.34,14580.67,386.0,0.007772020725388601,0.12834832451514644
2024-10,CN01,Terminals,Professional,36.0,837484.34,248145.89,386.0,0.09326424870466321,0.2962991403516871
2024-10,CZ01,Control Systems,Essential,40.0,803548.1,261983.57,418.0,0.09569377990430622,0.3260334633359223
2024-10,CZ01,Control Systems,Premium,11.0,411741.55,67030.51,418.0,0.02631578947368421,0.16279753646431844
2024-10,CZ01,Control Systems,Professional,28.0,713777.76,208375.2,418.0,0.06698564593301436,0.2919328839833844
2024-10,CZ01,Edge Appliances,Essential,46.0,1064385.84,330977.58,418.0,0.11004784688995216,0.31095639152809473
2024-10,CZ01,Edge Appliances,Premium,7.0,297503.02,52636.049999999996,418.0,0.01674641148325359,0.1769261031367009
2024-10,CZ01,Edge Appliances,Professional,31.0,939198.81,271626.57999999996,418.0,0.07416267942583732,0.28921094991591817
2024-10,CZ01,Network Devices,Essential,38.0,812759.2,312829.4,418.0,0.09090909090909091,0.3848980116127877
2024-10,CZ01,Network Devices,Premium,12.0,470919.96,80724.34,418.0,0.028708133971291867,0.171418387107652
2024-10,CZ01,Network Devices,Professional,31.0,846367.81,247307.75,418.0,0.07416267942583732,0.29219890817917565
2024-10,CZ01,Sensors & Readers,Essential,63.0,948658.24,365952.64,418.0,0.1507177033492823,0.38575814194161223
2024-10,CZ01,Sensors & Readers,Premium,8.0,235984.55,34646.490000000005,418.0,0.019138755980861243,0.14681677253871073
2024-10,CZ01,Sensors & Readers,Professional,31.0,603770.68,174408.28,418.0,0.07416267942583732,0.28886510355222944
2024-10,CZ01,Terminals,Essential,36.0,652030.08,254342.55000000002,418.0,0.0861244019138756,0.3900779393490558
2024-10,CZ01,Terminals,Premium,15.0,519886.24,84340.47,418.0,0.03588516746411483,0.16222870218684765
2024-10,CZ01,Terminals,Professional,21.0,506339.58999999997,144227.65,418.0,0.050239234449760764,0.2848437152623203
2024-11,CN01,Control Systems,Essential,44.0,873000.92,281997.04,421.0,0.10451306413301663,0.3230203239648361
2024-11,CN01,Control Systems,Premium,12.0,442953.92,76191.06999999999,421.0,0.028503562945368172,0.17200676314141208
2024-11,CN01,Control Systems,Professional,23.0,592111.27,172958.22,421.0,0.05463182897862233,0.29210425263481304
2024-11,CN01,Edge Appliances,Essential,48.0,1133312.97,370135.51,421.0,0.11401425178147269,0.3265960240444438
2024-11,CN01,Edge Appliances,Premium,9.0,382877.14,69257.42,421.0,0.021377672209026127,0.18088679830819882
2024-11,CN01,Edge Appliances,Professional,18.0,543130.26,159744.71,421.0,0.04275534441805225,0.2941185968905507
2024-11,CN01,Network Devices,Essential,51.0,1106034.02,425779.52,421.0,0.12114014251781473,0.38496060003651605
2024-11,CN01,Network Devices,Premium,4.0,161198.45,26806.39,421.0,0.009501187648456057,0.16629434091953116
2024-11,CN01,Network Devices,Professional,28.0,767832.4,226413.75,421.0,0.0665083135391924,0.29487392040242116
2024-11,CN01,Sensors & Readers,Essential,58.0,872030.0499999999,339746.39,421.0,0.1377672209026128,0.38960399357797365
2024-11,CN01,Sensors & Readers,Premium,15.0,427172.56,70640.94,421.0,0.035629453681710214,0.16536862761035026
2024-11,CN01,Sensors & Readers,Professional,26.0,505466.20999999996,148153.34,421.0,0.06175771971496437,0.293102361876969
2024-11,CN01,Terminals,Essential,47.0,877291.4,337997.07,421.0,0.11163895486935867,0.38527343366183686
2024-11,CN01,Terminals,Premium,3.0,114086.01999999999,15017.67,421.0,0.007125890736342043,0.13163462096407608
2024-11,CN01,Terminals,Professional,35.0,816391.77,244375.66,421.0,0.0831353919239905,0.2993362610698537
2024-11,CZ01,Control Systems,Essential,43.0,864022.11,279631.09,417.0,0.10311750599520383,0.3236388129002857
2024-11,CZ01,Control Systems,Premium,12.0,455376.5,73790.89,417.0,0.02877697841726619,0.16204369351514625
2024-11,CZ01,Control Systems,Professional,27.0,693554.41,203571.21,417.0,0.06474820143884892,0.2935187305636193
2024-11,CZ01,Edge Appliances,Essential,38.0,894697.5700000001,298101.92000000004,417.0,0.09112709832134293,0.33318735849478165
2024-11,CZ01,Edge Appliances,Premium,7.0,298769.71,53779.270000000004,417.0,0.016786570743405275,0.18000241724638016
2024-11,CZ01,Edge Appliances,Professional,33.0,1003985.2100000001,292890.27,417.0,0.07913669064748201,0.2917276739564719
2024-11,CZ01,Network Devices,Essential,40.0,865024.26,333337.93,417.0,0.09592326139088729,0.3853509611395176
2024-11,CZ01,Network Devices,Premium,14.0,562860.78,94053.35,417.0,0.03357314148681055,0.167098780625646
2024-11,CZ01,Network Devices,Professional,30.0,824994.98,242456.86000000002,417.0,0.07194244604316546,0.293888891299678
2024-11,CZ01,Sensors & Readers,Essential,51.0,765844.01,298314.68,417.0,0.1223021582733813,0.3895240755359567
2024-11,CZ01,Sensors & Readers,Premium,9.0,264965.35,40413.12,417.0,0.02158273381294964,0.1525222826305402
2024-11,CZ01,Sensors & Readers,Professional,36.0,702127.26,205355.88,417.0,0.08633093525179857,0.29247672280948045
2024-11,CZ01,Terminals,Essential,40.0,729314.55,285503.71,417.0,0.09592326139088729,0.39146855084681914
2024-11,CZ01,Terminals,Premium,16.0,556292.7,92277.94,417.0,0.03836930455635491,0.1658801922081667
2024-11,CZ01,Terminals,Professional,21.0,508495.44,146171.32,417.0,0.050359712230215826,0.2874584676708212
2024-12,CN01,Control Systems,Essential,46.0,914769.48,295585.63,427.0,0.10772833723653395,0.32312581088735054
2024-12,CN01,Control Systems,Premium,13.0,482064.19,83774.34,427.0,0.03044496487119438,0.1737825412835581
2024-12,CN01,Control Systems,Professional,22.0,561335.36,167155.92,427.0,0.05152224824355972,0.2977826303334962
2024-12,CN01,Edge Appliances,Essential,50.0,1184583.44,391595.32,427.0,0.117096018735363,0.3305763923223509
2024-12,CN01,Edge Appliances,Premium,8.0,337970.36,63037.24,427.0,0.01873536299765808,0.18651706617112815
2024-12,CN01,Edge Appliances,Professional,18.0,533688.28,161455.59,427.0,0.04215456674473068,0.30252789137509256
2024-12,CN01,Network Devices,Essential,54.0,1178285.31,454388.69,427.0,0.12646370023419204,0.38563553847582127
2024-12,CN01,Network Devices,Premium,4.0,161936.63,27197.89,427.0,0.00936768149882904,0.1679539088839875
2024-12,CN01,Network Devices,Professional,23.0,627787.67,187938.35,427.0,0.053864168618266976,0.2993661057408152
2024-12,CN01,Sensors & Readers,Essential,61.0,919461.25,359755.58999999997,427.0,0.14285714285714285,0.3912678103617743
2024-12,CN01,Sensors & Readers,Premium,17.0,481553.74,82178.68,427.0,0.03981264637002342,0.17065318608054003
2024-12,CN01,Sensors & Readers,Professional,29.0,568583.11,166677.54,427.0,0.06791569086651054,0.2931454295221679
2024-12,CN01,Terminals,Essential,44.0,814814.57,317610.34,427.0,0.10304449648711944,0.3897946252973852
2024-12,CN01,Terminals,Premium,3.0,114608.46,15285.76,427.0,0.00702576112412178,0.13337374919792133
2024-12,CN01,Terminals,Professional,35.0,826378.96,246485.42,427.0,0.08196721311475409,0.2982716549317761
2024-12,CZ01,Control Systems,Essential,46.0,930554.33,305761.21,442.0,0.10407239819004525,0.32857964349056334
2024-12,CZ01,Control Systems,Premium,13.0,499535.43,80167.87000000001,442.0,0.029411764705882353,0.16048485289622003
2024-12,CZ01,Control Systems,Professional,31.0,800324.46,235694.45,442.0,0.07013574660633484,0.29449862122169806
2024-12,CZ01,Edge Appliances,Essential,40.0,947976.9400000001,319241.4,442.0,0.09049773755656108,0.33676072331464096
2024-12,CZ01,Edge Appliances,Premium,9.0,387572.98,69844.56999999999,442.0,0.020361990950226245,0.18021011165432635
2024-12,CZ01,Edge Appliances,Professional,33.0,1008582.76,295617.28,442.0,0.0746606334841629,0.29310165880685884
2024-12,CZ01,Network Devices,Essential,40.0,866160.75,335468.37,442.0,0.09049773755656108,0.3873049777422955
2024-12,CZ01,Network Devices,Premium,14.0,554719.0800000001,97519.35,442.0,0.03167420814479638,0.1757995236075168
2024-12,CZ01,Network Devices,Professional,34.0,945432.23,277060.36,442.0,0.07692307692307693,0.2930515283998727
2024-12,CZ01,Sensors & Readers,Essential,52.0,785159.6,306601.24,442.0,0.11764705882352941,0.39049543557768385
2024-12,CZ01,Sensors & Readers,Premium,10.0,296174.48000000004,45558.479999999996,442.0,0.02262443438914027,0.153823111295747
2024-12,CZ01,Sensors & Readers,Professional,36.0,705342.52,207264.18,442.0,0.08144796380090498,0.29384897992538433
2024-12,CZ01,Terminals,Essential,45.0,839010.08,325346.16000000003,442.0,0.10180995475113122,0.3877738393798559
2024-12,CZ01,Terminals,Premium,17.0,597813.62,98515.18,442.0,0.038461538461538464,0.16479246491573743
2024-12,CZ01,Terminals,Professional,22.0,532471.0,154595.44,442.0,0.049773755656108594,0.2903358868370296
2025-01,CN01,Control Systems,Essential,37.0,736321.53,234185.25,307.0,0.12052117263843648,0.3180475382812723
2025-01,CN01,Control Systems,Premium,9.0,342481.16,54033.270000000004,307.0,0.029315960912052116,0.15777005076717215
2025-01,CN01,Control Systems,Professional,12.0,298385.81,89784.36,307.0,0.03908794788273615,0.3009002338281435
2025-01,CN01,Edge Appliances,Essential,38.0,903661.48,291508.96,307.0,0.1237785016286645,0.32258646235535016
2025-01,CN01,Edge Appliances,Premium,4.0,169607.53999999998,30353.739999999998,307.0,0.013029315960912053,0.17896456725921503
2025-01,CN01,Edge Appliances,Professional,9.0,270820.19,79204.35,307.0,0.029315960912052116,0.29246102367773985
2025-01,CN01,Network Devices,Essential,39.0,849707.9400000001,324180.72,307.0,0.1270358306188925,0.38152017268427546
2025-01,CN01,Network Devices,Premium,3.0,119882.53,19963.91,307.0,0.009771986970684038,0.16652893461624474
2025-01,CN01,Network Devices,Professional,13.0,347372.7,104543.61,307.0,0.04234527687296417,0.30095517005222344
2025-01,CN01,Sensors & Readers,Essential,48.0,724584.03,280029.2,307.0,0.1563517915309446,0.3864689096170116
2025-01,CN01,Sensors & Readers,Premium,9.0,261463.26,40414.0,307.0,0.029315960912052116,0.15456856156386942
2025-01,CN01,Sensors & Readers,Professional,19.0,378802.12,107191.45,307.0,0.06188925081433225,0.2829747890534509
2025-01,CN01,Terminals,Essential,36.0,666342.22,256867.78,307.0,0.11726384364820847,0.38548927606598304
2025-01,CN01,Terminals,Premium,3.0,115030.56999999999,14407.58,307.0,0.009771986970684038,0.12525000962787544
2025-01,CN01,Terminals,Professional,28.0,652249.05,194127.17,307.0,0.09120521172638436,0.2976273710172518
2025-01,CZ01,Control Systems,Essential,38.0,770459.4,247630.36000000002,355.0,0.10704225352112676,0.32140611173022227
2025-01,CZ01,Control Systems,Premium,5.0,188597.25,30491.3,355.0,0.014084507042253521,0.16167414954353787
2025-01,CZ01,Control Systems,Professional,30.0,784894.98,223846.2,355.0,0.08450704225352113,0.28519254894457347
2025-01,CZ01,Edge Appliances,Essential,35.0,837398.9,284769.31,355.0,0.09859154929577464,0.34006410803740006
2025-01,CZ01,Edge Appliances,Premium,7.0,301243.25,52424.020000000004,355.0,0.01971830985915493,0.17402554248103486
2025-01,CZ01,Edge Appliances,Professional,28.0,856076.85,246393.71,355.0,0.07887323943661972,0.2878172794884011
2025-01,CZ01,Network Devices,Essential,33.0,720510.22,274298.34,355.0,0.09295774647887324,0.3807001377440559
2025-01,CZ01,Network Devices,Premium,7.0,277036.23,47117.61,355.0,0.01971830985915493,0.17007742994481265
2025-01,CZ01,Network Devices,Professional,27.0,750823.54,216304.09,355.0,0.07605633802816901,0.2880891161190817
2025-01,CZ01,Sensors & Readers,Essential,43.0,655256.2,251351.43,355.0,0.12112676056338029,0.3835926008788624
2025-01,CZ01,Sensors & Readers,Premium,7.0,206946.54,30609.52,355.0,0.01971830985915493,0.14791027673137228
2025-01,CZ01,Sensors & Readers,Professional,32.0,631703.39,180708.46,355.0,0.09014084507042254,0.2860653636827879
2025-01,CZ01,Terminals,Essential,37.0,691849.8,264753.18,355.0,0.10422535211267606,0.3826743608222478
2025-01,CZ01,Terminals,Premium,9.0,310284.19999999995,51437.0,355.0,0.02535211267605634,0.1657738292829606
2025-01,CZ01,Terminals,Professional,17.0,413255.35,117311.55,355.0,0.04788732394366197,0.2838718240429314
2025-02,CN01,Control Systems,Essential,39.0,772876.59,244268.08,313.0,0.12460063897763578,0.3160505611898531
2025-02,CN01,Control Systems,Premium,11.0,406879.42,70794.2,313.0,0.03514376996805112,0.17399307146082738
2025-02,CN01,Control Systems,Professional,15.0,378889.45,113895.01,313.0,0.04792332268370607,0.3006022205157731
2025-02,CN01,Edge Appliances,Essential,38.0,908290.23,301058.82,313.0,0.12140575079872204,0.3314566314337654
2025-02,CN01,Edge Appliances,Premium,5.0,216429.77000000002,38257.57,313.0,0.01597444089456869,0.1767666712393586
2025-02,CN01,Edge Appliances,Professional,11.0,328105.32,98446.55,313.0,0.03514376996805112,0.30004557682880606
2025-02,CN01,Network Devices,Essential,38.0,830027.76,319431.33,313.0,0.12140575079872204,0.38484415268231514
2025-02,CN01,Network Devices,Premium,4.0,162525.74,26978.97,313.0,0.012779552715654952,0.16599813666438315
2025-02,CN01,Network Devices,Professional,15.0,399538.56,122521.56,313.0,0.04792332268370607,0.30665766027689545
2025-02,CN01,Sensors & Readers,Essential,39.0,605770.26,232216.75,313.0,0.12460063897763578,0.3833412851928386
2025-02,CN01,Sensors & Readers,Premium,10.0,287759.4,47159.89,313.0,0.03194888178913738,0.1638865315954926
2025-02,CN01,Sensors & Readers,Professional,19.0,378785.1,109015.53,313.0,0.06070287539936102,0.28780311052361884
2025-02,CN01,Terminals,Essential,38.0,702650.32,273900.58,313.0,0.12140575079872204,0.389810652900578
2025-02,CN01,Terminals,Premium,7.0,243641.7,40744.57,313.0,0.022364217252396165,0.16723151250381194
2025-02,CN01,Terminals,Professional,24.0,570020.38,168734.29,313.0,0.07667731629392971,0.2960144863592421
2025-02,CZ01,Control Systems,Essential,39.0,792679.43,259132.45,383.0,0.10182767624020887,0.3269069944201781
2025-02,CZ01,Control Systems,Premium,7.0,263022.32,44361.99,383.0,0.018276762402088774,0.16866245419780343
2025-02,CZ01,Control Systems,Professional,32.0,836845.1699999999,242839.82,383.0,0.0835509138381201,0.29018488569396894
2025-02,CZ01,Edge Appliances,Essential,34.0,809567.86,273761.35,383.0,0.08877284595300261,0.33815738436058956
2025-02,CZ01,Edge Appliances,Premium,6.0,257353.14,46526.37,383.0,0.015665796344647518,0.18078804089975353
2025-02,CZ01,Edge Appliances,Professional,29.0,885684.7999999999,259481.28,383.0,0.07571801566579635,0.29297248863252484
2025-02,CZ01,Network Devices,Essential,36.0,779403.97,301528.84,383.0,0.09399477806788512,0.38687105994597387
2025-02,CZ01,Network Devices,Premium,9.0,362320.97,61353.73,383.0,0.02349869451697128,0.16933529958257731
2025-02,CZ01,Network Devices,Professional,29.0,806605.82,236089.56,383.0,0.07571801566579635,0.29269508618224455
2025-02,CZ01,Sensors & Readers,Essential,55.0,815602.86,321943.33,383.0,0.14360313315926893,0.3947305064624222
2025-02,CZ01,Sensors & Readers,Premium,7.0,206937.26,31827.829999999998,383.0,0.018276762402088774,0.15380424965518533
2025-02,CZ01,Sensors & Readers,Professional,32.0,631675.02,183734.76,383.0,0.0835509138381201,0.29086912444313534
2025-02,CZ01,Terminals,Essential,36.0,674872.72,260525.97,383.0,0.09399477806788512,0.3860371923167972
2025-02,CZ01,Terminals,Premium,7.0,252923.29,39016.9,383.0,0.018276762402088774,0.15426376906610695
2025-02,CZ01,Terminals,Professional,25.0,599585.31,175473.57,383.0,0.06527415143603134,0.292658220729257
2025-03,CN01,Control Systems,Essential,41.0,819529.13,268798.26,350.0,0.11714285714285715,0.3279910989863167
2025-03,CN01,Control Systems,Premium,11.0,407288.49,73227.44,350.0,0.03142857142857143,0.1797925593232453
2025-03,CN01,Control Systems,Professional,18.0,459868.36000000004,138821.68,350.0,0.05142857142857143,0.3018726489467551
2025-03,CN01,Edge Appliances,Essential,42.0,1009582.98,353312.77,350.0,0.12,0.3499591187640664
2025-03,CN01,Edge Appliances,Premium,5.0,216647.37,39547.58,350.0,0.014285714285714285,0.18254354991708416
2025-03,CN01,Edge Appliances,Professional,13.0,387787.51,118333.18000000001,350.0,0.037142857142857144,0.30514953924122
2025-03,CN01,Network Devices,Essential,46.0,1006602.07,391320.81,350.0,0.13142857142857142,0.3887542273780542
2025-03,CN01,Network Devices,Premium,4.0,162689.15000000002,27960.13,350.0,0.011428571428571429,0.1718622907550995
2025-03,CN01,Network Devices,Professional,19.0,511684.42,157811.27,350.0,0.054285714285714284,0.30841523374895796
2025-03,CN01,Sensors & Readers,Essential,36.0,559734.77,216799.25,350.0,0.10285714285714286,0.3873249646435221
2025-03,CN01,Sensors & Readers,Premium,12.0,342617.79,59334.42,350.0,0.03428571428571429,0.17317962386016209
2025-03,CN01,Sensors & Readers,Professional,24.0,474553.6,140174.39,350.0,0.06857142857142857,0.2953815754426898
2025-03,CN01,Terminals,Essential,42.0,779778.21,306486.82,350.0,0.12,0.39304358094335573
2025-03,CN01,Terminals,Premium,9.0,312904.93,54581.56,350.0,0.025714285714285714,0.17443496336091605
2025-03,CN01,Terminals,Professional,28.0,665430.76,200319.22,350.0,0.08,0.30103691028650376
2025-03,CZ01,Control Systems,Essential,41.0,834065.8,278872.28,432.0,0.09490740740740741,0.33435285321613717
2025-03,CZ01,Control Systems,Premium,11.0,419825.94,71034.17,432.0,0.02546296296296296,0.169199097130587
2025-03,CZ01,Control Systems,Professional,32.0,837686.5,247159.82,432.0,0.07407407407407407,0.2950504992022672
2025-03,CZ01,Edge Appliances,Essential,41.0,972413.56,322536.96,432.0,0.09490740740740741,0.33168702419164126
2025-03,CZ01,Edge Appliances,Premium,8.0,342497.12,64282.119999999995,432.0,0.018518518518518517,0.18768660010922134
2025-03,CZ01,Edge Appliances,Professional,32.0,979598.64,291260.81,432.0,0.07407407407407407,0.29732667860788375
2025-03,CZ01,Network Devices,Essential,35.0,760525.78,296810.64,432.0,0.08101851851851852,0.3902703206195062
2025-03,CZ01,Network Devices,Premium,12.0,479990.66000000003,85346.79000000001,432.0,0.027777777777777776,0.17780927237209157
2025-03,CZ01,Network Devices,Professional,33.0,924618.21,273137.31,432.0,0.0763888888888889,0.2954055058033088
2025-03,CZ01,Sensors & Readers,Essential,65.0,973240.21,385872.58999999997,432.0,0.15046296296296297,0.3964823750962776
2025-03,CZ01,Sensors & Readers,Premium,8.0,239180.89,37244.41,432.0,0.018518518518518517,0.1557164955778867
2025-03,CZ01,Sensors & Readers,Professional,35.0,689542.71,204636.29,432.0,0.08101851851851852,0.29677101509781756
2025-03,CZ01,Terminals,Essential,42.0,788347.21,307462.38,432.0,0.09722222222222222,0.3900088388718976
2025-03,CZ01,Terminals,Premium,8.0,290009.48,46250.36,432.0,0.018518518518518517,0.1594787866934557
2025-03,CZ01,Terminals,Professional,29.0,691886.58,207206.04,432.0,0.06712962962962964,0.2994797788967088
2025-04,CN01,Control Systems,Essential,38.0,759730.5399999999,251644.51,340.0,0.11176470588235295,0.3312286353527397
2025-04,CN01,Control Systems,Premium,9.0,331033.55,64154.08,340.0,0.026470588235294117,0.1937993294033188
2025-04,CN01,Control Systems,Professional,16.0,408770.26,127195.23,340.0,0.047058823529411764,0.31116556767119014
2025-04,CN01,Edge Appliances,Essential,39.0,937621.96,333039.04,340.0,0.11470588235294117,0.3551954350557233
2025-04,CN01,Edge Appliances,Premium,5.0,217146.51,41840.71,340.0,0.014705882352941176,0.1926842388579029
2025-04,CN01,Edge Appliances,Professional,14.0,418425.46,131287.43,340.0,0.041176470588235294,0.3137653956334301
2025-04,CN01,Network Devices,Essential,45.0,984947.6300000001,390516.44999999995,340.0,0.1323529411764706,0.3964844811089092
2025-04,CN01,Network Devices,Premium,4.0,163063.96,29703.16,340.0,0.011764705882352941,0.182156498591105
2025-04,CN01,Network Devices,Professional,21.0,572510.73,179529.58,340.0,0.061764705882352944,0.31358290874303785
2025-04,CN01,Sensors & Readers,Essential,37.0,574935.24,227226.46,340.0,0.10882352941176471,0.3952209643646126
2025-04,CN01,Sensors & Readers,Premium,12.0,343407.16,62999.74,340.0,0.03529411764705882,0.18345494019402508
2025-04,CN01,Sensors & Readers,Professional,23.0,455238.39999999997,138505.34,340.0,0.06764705882352941,0.30424792811854184
2025-04,CN01,Terminals,Essential,42.0,785255.63,313263.82,340.0,0.12352941176470589,0.39893228145336573
2025-04,CN01,Terminals,Premium,8.0,279037.2,51373.43,340.0,0.023529411764705882,0.18410960975812543
2025-04,CN01,Terminals,Professional,27.0,645166.19,198954.68,340.0,0.07941176470588235,0.3083774120277444
2025-04,CZ01,Control Systems,Essential,39.0,795304.47,269971.19,423.0,0.09219858156028368,0.3394563971204638
2025-04,CZ01,Control Systems,Premium,11.0,423306.46,74922.77,423.0,0.026004728132387706,0.17699415690466902
2025-04,CZ01,Control Systems,Professional,32.0,839616.54,254900.73,423.0,0.07565011820330969,0.30359183967481157
2025-04,CZ01,Edge Appliances,Essential,40.0,948329.98,321250.2,423.0,0.09456264775413711,0.3387536055751396
2025-04,CZ01,Edge Appliances,Premium,9.0,384345.1,76667.47,423.0,0.02127659574468085,0.19947560148418703
2025-04,CZ01,Edge Appliances,Professional,29.0,886615.79,272121.9,423.0,0.06855791962174941,0.30692200958884347
2025-04,CZ01,Network Devices,Essential,35.0,762277.9500000001,302945.23,423.0,0.08274231678486997,0.3974209538659749
2025-04,CZ01,Network Devices,Premium,12.0,481096.51,90454.84,423.0,0.028368794326241134,0.1880180756247847
2025-04,CZ01,Network Devices,Professional,31.0,870747.63,264672.56,423.0,0.07328605200945626,0.3039601267706006
2025-04,CZ01,Sensors & Readers,Essential,65.0,976486.33,393823.76,423.0,0.1536643026004728,0.4033069874106686
2025-04,CZ01,Sensors & Readers,Premium,8.0,239731.95,39853.65,423.0,0.018912529550827423,0.1662425471448424
2025-04,CZ01,Sensors & Readers,Professional,36.0,710252.7999999999,217048.38999999998,423.0,0.0851063829787234,0.3055931493687881
2025-04,CZ01,Terminals,Essential,42.0,792617.38,314124.7,423.0,0.09929078014184398,0.39631316184361237
2025-04,CZ01,Terminals,Premium,7.0,253760.88,43312.99,423.0,0.016548463356973995,0.170684267803611
2025-04,CZ01,Terminals,Professional,27.0,648312.24,198823.45,423.0,0.06382978723404255,0.30667853810688506
2025-05,CN01,Control Systems,Essential,42.0,837820.76,282046.72,340.0,0.12352941176470589,0.3366432696177163
2025-05,CN01,Control Systems,Premium,8.0,290503.71,58740.46,340.0,0.023529411764705882,0.20220209924341412
2025-05,CN01,Control Systems,Professional,17.0,436380.09,136428.49,340.0,0.05,0.31263683455402375
2025-05,CN01,Edge Appliances,Essential,41.0,986411.04,355069.39,340.0,0.12058823529411765,0.3599608840549879
2025-05,CN01,Edge Appliances,Premium,5.0,216641.97,42714.3,340.0,0.014705882352941176,0.19716539689885576
2025-05,CN01,Edge Appliances,Professional,14.0,417453.32,132530.63,340.0,0.041176470588235294,0.3174741309998445
2025-05,CN01,Network Devices,Essential,46.0,1003739.3,401406.68,340.0,0.13529411764705881,0.3999112917069203
2025-05,CN01,Network Devices,Premium,2.0,77304.27,15896.29,340.0,0.0058823529411764705,0.20563275482712662
2025-05,CN01,Network Devices,Professional,21.0,572999.55,181166.57,340.0,0.061764705882352944,0.31617227273564175
2025-05,CN01,Sensors & Readers,Essential,31.0,485320.35,192074.48,340.0,0.09117647058823529,0.39576844449238535
2025-05,CN01,Sensors & Readers,Premium,13.0,370843.31,69883.37,340.0,0.03823529411764706,0.18844446728727557
2025-05,CN01,Sensors & Readers,Professional,24.0,474541.78,146011.94,340.0,0.07058823529411765,0.3076903787059592
2025-05,CN01,Terminals,Essential,42.0,779758.79,314474.18,340.0,0.12352941176470589,0.4032967425734309
2025-05,CN01,Terminals,Premium,7.0,234589.90999999997,47834.25,340.0,0.020588235294117647,0.20390582868632331
2025-05,CN01,Terminals,Professional,27.0,646805.99,200977.56,340.0,0.07941176470588235,0.31072309642648793
2025-05,CZ01,Control Systems,Essential,42.0,852357.07,292179.24,457.0,0.09190371991247265,0.3427897183981826
2025-05,CZ01,Control Systems,Premium,14.0,541604.94,96910.26,457.0,0.030634573304157548,0.17893163972987397
2025-05,CZ01,Control Systems,Professional,32.0,837665.81,257470.16,457.0,0.0700218818380744,0.30736620371314904
2025-05,CZ01,Edge Appliances,Essential,42.0,989304.38,332690.74,457.0,0.09190371991247265,0.33628754377899345
2025-05,CZ01,Edge Appliances,Premium,10.0,427371.72,86706.61,457.0,0.02188183807439825,0.2028833587772256
2025-05,CZ01,Edge Appliances,Professional,33.0,1013244.47,312714.2,457.0,0.07221006564551423,0.3086266041994782
2025-05,CZ01,Network Devices,Essential,38.0,825166.14,330718.82,457.0,0.08315098468271334,0.4007905850329729
2025-05,CZ01,Network Devices,Premium,16.0,642663.87,122784.09,457.0,0.0350109409190372,0.19105491335618416
2025-05,CZ01,Network Devices,Professional,33.0,924595.21,284510.87,457.0,0.07221006564551423,0.30771397788227783
2025-05,CZ01,Sensors & Readers,Essential,74.0,1107136.98,450655.91000000003,457.0,0.16192560175054704,0.4070462085007765
2025-05,CZ01,Sensors & Readers,Premium,10.0,297543.38,51457.78,457.0,0.02188183807439825,0.17294211015550068
2025-05,CZ01,Sensors & Readers,Professional,36.0,707318.55,219152.87,457.0,0.0787746170678337,0.3098361692903431
2025-05,CZ01,Terminals,Essential,41.0,771364.88,308351.35,457.0,0.08971553610503283,0.3997477173189425
2025-05,CZ01,Terminals,Premium,7.0,250848.62999999998,44941.24,457.0,0.015317286652078774,0.1791568086299694
2025-05,CZ01,Terminals,Professional,29.0,691869.44,215658.28,457.0,0.06345733041575492,0.3117037225982983
2025-06,CN01,Control Systems,Essential,42.0,843564.8,281467.94,354.0,0.11864406779661017,0.3336648707959365
2025-06,CN01,Control Systems,Premium,9.0,326449.62,63602.07,354.0,0.025423728813559324,0.19482966468149052
2025-06,CN01,Control Systems,Professional,18.0,461553.66,141424.44,354.0,0.05084745762711865,0.3064095299341793
2025-06,CN01,Edge Appliances,Essential,42.0,1016410.22,359183.17,354.0,0.11864406779661017,0.35338405983363685
2025-06,CN01,Edge Appliances,Premium,5.0,217441.34,40877.32,354.0,0.014124293785310734,0.18799240291657512
2025-06,CN01,Edge Appliances,Professional,20.0,597703.08,185733.28,354.0,0.05649717514124294,0.3107450609088379
2025-06,CN01,Network Devices,Essential,48.0,1051182.77,413578.98,354.0,0.13559322033898305,0.39344155155815574
2025-06,CN01,Network Devices,Premium,2.0,77589.5,15251.92,354.0,0.005649717514124294,0.19657195883463613
2025-06,CN01,Network Devices,Professional,22.0,598587.84,185970.44,354.0,0.062146892655367235,0.31068195438116486
2025-06,CN01,Sensors & Readers,Essential,32.0,503051.25,195762.3,354.0,0.0903954802259887,0.38914981326455306
2025-06,CN01,Sensors & Readers,Premium,12.0,343873.39,61450.48,354.0,0.03389830508474576,0.17870088755631833
2025-06,CN01,Sensors & Readers,Professional,24.0,473715.24,142840.30000000002,354.0,0.06779661016949153,0.30153199208874937
2025-06,CN01,Terminals,Essential,42.0,782635.93,310600.38,354.0,0.11864406779661017,0.3968644526708606
2025-06,CN01,Terminals,Premium,7.0,235455.47999999998,45871.97,354.0,0.01977401129943503,0.19482226533865343
2025-06,CN01,Terminals,Professional,29.0,692847.03,211268.0,354.0,0.08192090395480225,0.3049273372796301
2025-06,CZ01,Control Systems,Essential,43.0,880513.36,299863.1,450.0,0.09555555555555556,0.3405548554084403
2025-06,CZ01,Control Systems,Premium,13.0,506212.64999999997,85244.78,450.0,0.028888888888888888,0.16839717458660902
2025-06,CZ01,Control Systems,Professional,33.0,864319.9500000001,259770.22,450.0,0.07333333333333333,0.3005486799188194
2025-06,CZ01,Edge Appliances,Essential,43.0,1024005.38,346867.41,450.0,0.09555555555555556,0.33873592539132946
2025-06,CZ01,Edge Appliances,Premium,11.0,473030.31,91265.23,450.0,0.024444444444444446,0.19293738280745687
2025-06,CZ01,Edge Appliances,Professional,26.0,808488.61,240817.22999999998,450.0,0.057777777777777775,0.29786100511669544
2025-06,CZ01,Network Devices,Essential,36.0,783046.72,309128.3,450.0,0.08,0.39477631679499275
2025-06,CZ01,Network Devices,Premium,14.0,570147.7,101592.17,450.0,0.03111111111111111,0.1781857052128773
2025-06,CZ01,Network Devices,Professional,33.0,928006.74,278394.91000000003,450.0,0.07333333333333333,0.2999923362625578
2025-06,CZ01,Sensors & Readers,Essential,72.0,1083362.5,433512.82999999996,450.0,0.16,0.40015491582918916
2025-06,CZ01,Sensors & Readers,Premium,10.0,298641.24,48812.270000000004,450.0,0.022222222222222223,0.1634478546901292
2025-06,CZ01,Sensors & Readers,Professional,39.0,767370.8,232413.76,450.0,0.08666666666666667,0.3028702160676429
2025-06,CZ01,Terminals,Essential,43.0,811947.43,319284.35,450.0,0.09555555555555556,0.3932327860191638
2025-06,CZ01,Terminals,Premium,6.0,214807.36,36821.64,450.0,0.013333333333333334,0.17141703152070767
2025-06,CZ01,Terminals,Professional,28.0,672594.95,203860.9,450.0,0.06222222222222222,0.3030960907452546
2025-07,CN01,Control Systems,Essential,42.0,846700.28,283209.03,327.0,0.12844036697247707,0.3344855749900071
2025-07,CN01,Control Systems,Premium,8.0,287155.81,57761.39,327.0,0.024464831804281346,0.201149995885509
2025-07,CN01,Control Systems,Professional,15.0,381475.45,118689.81,327.0,0.045871559633027525,0.311133547388174
2025-07,CN01,Edge Appliances,Essential,37.0,894341.51,313068.82,327.0,0.11314984709480122,0.3500551148520435
2025-07,CN01,Edge Appliances,Premium,5.0,217906.90999999997,41291.44,327.0,0.01529051987767584,0.18949119144500745
2025-07,CN01,Edge Appliances,Professional,19.0,569134.21,177581.31,327.0,0.0581039755351682,0.31202009452216906
2025-07,CN01,Network Devices,Essential,44.0,964339.3099999999,380737.52999999997,327.0,0.1345565749235474,0.3948169757800291
2025-07,CN01,Network Devices,Premium,2.0,77755.64,15399.689999999999,327.0,0.0061162079510703364,0.1980523856533108
2025-07,CN01,Network Devices,Professional,19.0,516488.97,161588.73,327.0,0.0581039755351682,0.31285998227609785
2025-07,CN01,Sensors & Readers,Essential,30.0,474194.49,184645.04,327.0,0.09174311926605505,0.3893867261089432
2025-07,CN01,Sensors & Readers,Premium,12.0,344609.7,62105.39,327.0,0.03669724770642202,0.18021950629944541
2025-07,CN01,Sensors & Readers,Professional,20.0,403141.94999999995,119821.61,327.0,0.06116207951070336,0.2972194037360786
2025-07,CN01,Terminals,Essential,40.0,745263.29,296997.17,327.0,0.12232415902140673,0.3985130811957744
2025-07,CN01,Terminals,Premium,7.0,238295.88,45959.11,327.0,0.021406727828746176,0.1928657348167329
2025-07,CN01,Terminals,Professional,27.0,647425.52,197924.29,327.0,0.08256880733944955,0.30570974403356854
2025-07,CZ01,Control Systems,Essential,37.0,755934.9,252614.24,407.0,0.09090909090909091,0.3341745962516084
2025-07,CZ01,Control Systems,Premium,12.0,464781.66,80260.53,407.0,0.029484029484029485,0.17268437399186534
2025-07,CZ01,Control Systems,Professional,32.0,842556.78,253527.3,407.0,0.07862407862407862,0.3009023320659766
2025-07,CZ01,Edge Appliances,Essential,40.0,951650.99,319976.33,407.0,0.09828009828009827,0.33623285570269834
2025-07,CZ01,Edge Appliances,Premium,7.0,303285.67,58347.170000000006,407.0,0.0171990171990172,0.19238353727691787
2025-07,CZ01,Edge Appliances,Professional,22.0,680779.84,205087.5,407.0,0.05405405405405406,0.30125377978290313
2025-07,CZ01,Network Devices,Essential,35.0,764947.4,302283.77,407.0,0.085995085995086,0.3951693541281401
2025-07,CZ01,Network Devices,Premium,12.0,488197.08,88248.98,407.0,0.029484029484029485,0.18076507135192205
2025-07,CZ01,Network Devices,Professional,32.0,899150.88,271723.11,407.0,0.07862407862407862,0.3021996819933046
2025-07,CZ01,Sensors & Readers,Essential,68.0,1021784.72,410877.37,407.0,0.16707616707616707,0.4021173559925617
2025-07,CZ01,Sensors & Readers,Premium,8.0,240571.44,39195.86,407.0,0.019656019656019656,0.1629281514048384
2025-07,CZ01,Sensors & Readers,Professional,32.0,635986.37,191797.16,407.0,0.07862407862407862,0.30157432461956696
2025-07,CZ01,Terminals,Essential,38.0,717296.13,283286.27999999997,407.0,0.09336609336609336,0.3949363005764439
2025-07,CZ01,Terminals,Premium,6.0,215267.3,37230.759999999995,407.0,0.014742014742014743,0.17295130286857316
2025-07,CZ01,Terminals,Professional,26.0,627130.06,190478.57,407.0,0.06388206388206388,0.30373056906250034
2025-08,CN01,Control Systems,Essential,34.0,682197.85,225947.12,278.0,0.1223021582733813,0.3312046791117855
2025-08,CN01,Control Systems,Premium,6.0,217723.62,44293.41,278.0,0.02158273381294964,0.20343869902585673
2025-08,CN01,Control Systems,Professional,12.0,299344.35,96486.0,278.0,0.04316546762589928,0.3223244400637594
2025-08,CN01,Edge Appliances,Essential,32.0,774886.11,274150.78,278.0,0.11510791366906475,0.3537949338129187
2025-08,CN01,Edge Appliances,Premium,3.0,129832.21,25746.100000000002,278.0,0.01079136690647482,0.19830287106720282
2025-08,CN01,Edge Appliances,Professional,15.0,454729.19,142590.25,278.0,0.0539568345323741,0.3135717986346995
2025-08,CN01,Network Devices,Essential,37.0,814803.4,324281.49,278.0,0.13309352517985612,0.397987404078088
2025-08,CN01,Network Devices,Premium,2.0,77922.13,15852.380000000001,278.0,0.007194244604316547,0.20343874070177498
2025-08,CN01,Network Devices,Professional,13.0,350476.72,112347.62,278.0,0.046762589928057555,0.3205565836155965
2025-08,CN01,Sensors & Readers,Essential,28.0,442183.08,174245.73,278.0,0.10071942446043165,0.3940578866111295
2025-08,CN01,Sensors & Readers,Premium,9.0,263799.61,47221.369999999995,278.0,0.03237410071942446,0.17900469981741063
2025-08,CN01,Sensors & Readers,Professional,19.0,382186.95,115869.29,278.0,0.0683453237410072,0.3031743757865097
2025-08,CN01,Terminals,Essential,35.0,653964.33,262928.2,278.0,0.12589928057553956,0.402052815327099
2025-08,CN01,Terminals,Premium,4.0,132112.66999999998,27696.129999999997,278.0,0.014388489208633094,0.20964022602828328
2025-08,CN01,Terminals,Professional,29.0,697399.3099999999,216530.06,278.0,0.10431654676258993,0.3104821827254174
2025-08,CZ01,Control Systems,Essential,35.0,720636.87,248951.16,361.0,0.09695290858725762,0.3454599263010232
2025-08,CZ01,Control Systems,Premium,9.0,350596.42000000004,61935.67,361.0,0.024930747922437674,0.17665802177900158
2025-08,CZ01,Control Systems,Professional,31.0,815573.0499999999,249931.3,361.0,0.08587257617728532,0.3064486988627199
2025-08,CZ01,Edge Appliances,Essential,36.0,860361.38,296506.88,361.0,0.0997229916897507,0.34463062486603013
2025-08,CZ01,Edge Appliances,Premium,7.0,303935.09,60122.66,361.0,0.019390581717451522,0.1978141451189463
2025-08,CZ01,Edge Appliances,Professional,19.0,592499.74,180319.09,361.0,0.05263157894736842,0.30433615042599005
2025-08,CZ01,Network Devices,Essential,32.0,707130.02,280605.05,361.0,0.0886426592797784,0.3968224259521608
2025-08,CZ01,Network Devices,Premium,7.0,284939.14999999997,53296.99,361.0,0.019390581717451522,0.18704691861402692
2025-08,CZ01,Network Devices,Professional,26.0,730290.8099999999,224733.58000000002,361.0,0.07202216066481995,0.30773162817152255
2025-08,CZ01,Sensors & Readers,Essential,62.0,927921.03,378240.26,361.0,0.17174515235457063,0.4076211744010156
2025-08,CZ01,Sensors & Readers,Premium,6.0,176504.91999999998,31418.54,361.0,0.01662049861495845,0.17800376329453027
2025-08,CZ01,Sensors & Readers,Professional,32.0,637348.0700000001,195131.85,361.0,0.0886426592797784,0.3061621415124078
2025-08,CZ01,Terminals,Essential,36.0,680933.73,271596.64,361.0,0.0997229916897507,0.3988591371439333
2025-08,CZ01,Terminals,Premium,5.0,178602.94,32305.16,361.0,0.013850415512465374,0.18087697772500272
2025-08,CZ01,Terminals,Professional,18.0,432541.25999999995,133928.35,361.0,0.04986149584487535,0.3096313863791862
2025-09,CN01,Control Systems,Essential,44.0,893323.91,303116.19,368.0,0.11956521739130435,0.3393127471534933
2025-09,CN01,Control Systems,Premium,9.0,329779.81,67379.64,368.0,0.024456521739130436,0.20431705628067406
2025-09,CN01,Control Systems,Professional,17.0,442458.18,138479.43,368.0,0.04619565217391304,0.31297744342753475
2025-09,CN01,Edge Appliances,Essential,41.0,1001729.9199999999,360555.14999999997,368.0,0.11141304347826086,0.359932495577251
2025-09,CN01,Edge Appliances,Premium,5.0,219659.47000000003,43398.86,368.0,0.01358695652173913,0.19757336207721887
2025-09,CN01,Edge Appliances,Professional,29.0,904977.25,278819.82,368.0,0.07880434782608696,0.30809594384831224
2025-09,CN01,Network Devices,Essential,47.0,1043409.65,416632.51,368.0,0.12771739130434784,0.39929907682950794
2025-09,CN01,Network Devices,Premium,2.0,78381.01000000001,16149.279999999999,368.0,0.005434782608695652,0.20603562010747242
2025-09,CN01,Network Devices,Professional,22.0,608382.89,192673.3,368.0,0.059782608695652176,0.31669743374932846
2025-09,CN01,Sensors & Readers,Essential,31.0,492080.14,194892.73,368.0,0.08423913043478261,0.39605892243487006
2025-09,CN01,Sensors & Readers,Premium,13.0,376008.63,71012.09,368.0,0.035326086956521736,0.18885760680546082
2025-09,CN01,Sensors & Readers,Professional,24.0,482453.4,148165.17,368.0,0.06521739130434782,0.30710773309919676
2025-09,CN01,Terminals,Essential,43.0,811542.18,326960.43,368.0,0.11684782608695653,0.4028877833558817
2025-09,CN01,Terminals,Premium,7.0,240212.41999999998,48260.83,368.0,0.019021739130434784,0.20090897048537293
2025-09,CN01,Terminals,Professional,34.0,834033.0800000001,257062.3,368.0,0.09239130434782608,0.30821595229771936
2025-09,CZ01,Control Systems,Essential,43.0,886815.85,305033.77,436.0,0.09862385321100918,0.34396517608475313
2025-09,CZ01,Control Systems,Premium,13.0,511376.61,91150.74,436.0,0.02981651376146789,0.17824581378487375
2025-09,CZ01,Control Systems,Professional,32.0,849333.16,261348.22,436.0,0.07339449541284404,0.30770989796277354
2025-09,CZ01,Edge Appliances,Essential,41.0,979614.6799999999,328026.38,436.0,0.09403669724770643,0.33485245443647293
2025-09,CZ01,Edge Appliances,Premium,10.0,433324.35000000003,88089.66,436.0,0.022935779816513763,0.20328804508678083
2025-09,CZ01,Edge Appliances,Professional,18.0,545648.03,173121.86000000002,436.0,0.04128440366972477,0.3172775314519142
2025-09,CZ01,Network Devices,Essential,38.0,835220.95,335357.67,436.0,0.0871559633027523,0.401519705653935
2025-09,CZ01,Network Devices,Premium,13.0,529949.18,101255.03,436.0,0.02981651376146789,0.19106554707755183
2025-09,CZ01,Network Devices,Professional,32.0,904538.09,280129.94,436.0,0.07339449541284404,0.30969391239234606
2025-09,CZ01,Sensors & Readers,Essential,76.0,1145624.06,468563.76,436.0,0.1743119266055046,0.4090030720898093
2025-09,CZ01,Sensors & Readers,Premium,10.0,301687.74,52301.87,436.0,0.022935779816513763,0.17336425404625327
2025-09,CZ01,Sensors & Readers,Professional,39.0,776500.74,240960.39,436.0,0.08944954128440367,0.3103157248761927
2025-09,CZ01,Terminals,Essential,43.0,816506.8,327554.03,436.0,0.09862385321100918,0.40116509746152756
2025-09,CZ01,Terminals,Premium,6.0,216998.63,39325.51,436.0,0.013761467889908258,0.1812246925245565
2025-09,CZ01,Terminals,Professional,22.0,524879.35,165784.06,436.0,0.05045871559633028,0.3158517476444825
2025-10,CN01,Control Systems,Essential,44.0,890960.14,306062.79,395.0,0.11139240506329114,0.34352018262006645
2025-10,CN01,Control Systems,Premium,9.0,329896.82,68874.33,395.0,0.02278481012658228,0.20877536800748792
2025-10,CN01,Control Systems,Professional,24.0,629922.63,197774.58,395.0,0.060759493670886074,0.3139664628336975
2025-10,CN01,Edge Appliances,Essential,43.0,1045880.06,378186.17,395.0,0.10886075949367088,0.36159611839239003
2025-10,CN01,Edge Appliances,Premium,8.0,353378.91000000003,70975.14,395.0,0.020253164556962026,0.20084713035081803
2025-10,CN01,Edge Appliances,Professional,28.0,879250.76,272548.33,395.0,0.07088607594936709,0.3099779293907008
2025-10,CN01,Network Devices,Essential,50.0,1107923.89,446610.29,395.0,0.12658227848101267,0.4031055689213453
2025-10,CN01,Network Devices,Premium,2.0,78408.82,16503.71,395.0,0.005063291139240506,0.21048282578414007
2025-10,CN01,Network Devices,Professional,29.0,824468.13,256920.67,395.0,0.07341772151898734,0.31161989245114907
2025-10,CN01,Sensors & Readers,Essential,33.0,525487.74,209435.15,395.0,0.08354430379746836,0.3985538273452393
2025-10,CN01,Sensors & Readers,Premium,13.0,374214.51,73013.95,395.0,0.03291139240506329,0.19511255723355034
2025-10,CN01,Sensors & Readers,Professional,25.0,503276.66000000003,156339.79,395.0,0.06329113924050633,0.3106438315657237
2025-10,CN01,Terminals,Essential,42.0,792141.87,321917.54,395.0,0.10632911392405063,0.40638874448083395
2025-10,CN01,Terminals,Premium,8.0,272943.17,56633.89,395.0,0.020253164556962026,0.20749334009713452
2025-10,CN01,Terminals,Professional,37.0,905277.72,283138.89999999997,395.0,0.09367088607594937,0.3127646839690255
2025-10,CZ01,Control Systems,Essential,43.0,889811.24,312823.49,440.0,0.09772727272727273,0.3515616300823532
2025-10,CZ01,Control Systems,Premium,16.0,630001.22,115029.42,440.0,0.03636363636363636,0.18258602737308985
2025-10,CZ01,Control Systems,Professional,29.0,757576.51,239861.63,440.0,0.0659090909090909,0.31661703713595873
2025-10,CZ01,Edge Appliances,Essential,43.0,1028497.61,351314.2,440.0,0.09772727272727273,0.3415799867536882
2025-10,CZ01,Edge Appliances,Premium,8.0,344383.8,72342.02,440.0,0.01818181818181818,0.21006220385511748
2025-10,CZ01,Edge Appliances,Professional,21.0,638165.87,204530.09,440.0,0.04772727272727273,0.32049675423726437
2025-10,CZ01,Network Devices,Essential,39.0,861216.01,347558.56,440.0,0.08863636363636364,0.4035672304791454
2025-10,CZ01,Network Devices,Premium,17.0,695146.82,135330.91,440.0,0.038636363636363635,0.19467960739574414
2025-10,CZ01,Network Devices,Professional,26.0,720091.72,230453.27000000002,440.0,0.05909090909090909,0.3200332174351346
2025-10,CZ01,Sensors & Readers,Essential,78.0,1181295.25,485506.55,440.0,0.17727272727272728,0.41099509203986045
2025-10,CZ01,Sensors & Readers,Premium,10.0,301794.8,53726.78,440.0,0.022727272727272728,0.17802420717653186
2025-10,CZ01,Sensors & Readers,Professional,37.0,735472.32,231450.0,440.0,0.08409090909090909,0.3146957318529677
2025-10,CZ01,Terminals,Essential,43.0,816796.52,330261.73,440.0,0.09772727272727273,0.40433782700249504
2025-10,CZ01,Terminals,Premium,7.0,254432.83,46865.240000000005,440.0,0.015909090909090907,0.18419494056643557
2025-10,CZ01,Terminals,Professional,23.0,550307.01,175493.93,440.0,0.05227272727272727,0.3189018617080673
2025-11,CN01,Control Systems,Essential,45.0,915585.37,316252.29,419.0,0.10739856801909307,0.34540994249394785
2025-11,CN01,Control Systems,Premium,9.0,330630.04,69436.12,419.0,0.021479713603818614,0.21001152829307343
2025-11,CN01,Control Systems,Professional,32.0,849800.77,265649.17000000004,419.0,0.07637231503579953,0.3126017054562095
2025-11,CN01,Edge Appliances,Essential,45.0,1096847.8800000001,399755.61,419.0,0.10739856801909307,0.36445857013462973
2025-11,CN01,Edge Appliances,Premium,7.0,309518.18,62642.9,419.0,0.016706443914081145,0.2023884348247331
2025-11,CN01,Edge Appliances,Professional,30.0,941537.72,293634.64999999997,419.0,0.07159904534606205,0.3118671124508957
2025-11,CN01,Network Devices,Essential,54.0,1206198.19,485454.82999999996,419.0,0.1288782816229117,0.4024668864741042
2025-11,CN01,Network Devices,Premium,2.0,78583.09,16637.28,419.0,0.00477326968973747,0.21171577752923687
2025-11,CN01,Network Devices,Professional,34.0,969212.61,303197.78,419.0,0.081145584725537,0.3128289674233603
2025-11,CN01,Sensors & Readers,Essential,32.0,509493.16000000003,203832.55,419.0,0.07637231503579953,0.4000692570632351
2025-11,CN01,Sensors & Readers,Premium,13.0,365387.19,75502.25,419.0,0.031026252983293555,0.20663628081761706
2025-11,CN01,Sensors & Readers,Professional,26.0,522482.55,163461.33000000002,419.0,0.06205250596658711,0.31285509917986737
2025-11,CN01,Terminals,Essential,44.0,830877.83,338515.27,419.0,0.10501193317422435,0.40741882594219664
2025-11,CN01,Terminals,Premium,9.0,308628.99,64117.23,419.0,0.021479713603818614,0.20774856568075475
2025-11,CN01,Terminals,Professional,37.0,902503.72,284788.59,419.0,0.0883054892601432,0.3155539237001705
2025-11,CZ01,Control Systems,Essential,45.0,933048.83,326938.33,440.0,0.10227272727272728,0.35039787789027077
2025-11,CZ01,Control Systems,Premium,16.0,636499.24,115043.78,440.0,0.03636363636363636,0.18074456773899683
2025-11,CZ01,Control Systems,Professional,21.0,540782.34,174411.76,440.0,0.04772727272727273,0.3225174845761421
2025-11,CZ01,Edge Appliances,Essential,44.0,1054313.32,357932.42,440.0,0.1,0.33949340600192734
2025-11,CZ01,Edge Appliances,Premium,9.0,386790.4,82264.16,440.0,0.020454545454545454,0.21268407902574624
2025-11,CZ01,Edge Appliances,Professional,21.0,639584.28,205646.66999999998,440.0,0.04772727272727273,0.32153177685980644
2025-11,CZ01,Network Devices,Essential,40.0,886001.38,358182.35,440.0,0.09090909090909091,0.40426838838558016
2025-11,CZ01,Network Devices,Premium,16.0,653295.22,128874.08,440.0,0.03636363636363636,0.19726775285452114
2025-11,CZ01,Network Devices,Professional,22.0,600705.76,195748.22,440.0,0.05,0.32586373068904817
2025-11,CZ01,Sensors & Readers,Essential,82.0,1243407.76,512445.5,440.0,0.18636363636363637,0.41212988730261746
2025-11,CZ01,Sensors & Readers,Premium,7.0,204771.4,39400.71,440.0,0.015909090909090907,0.19241314949255608
2025-11,CZ01,Sensors & Readers,Professional,38.0,756499.5499999999,239045.39,440.0,0.08636363636363636,0.31598880660272705
2025-11,CZ01,Terminals,Essential,48.0,912294.57,370056.64,440.0,0.10909090909090909,0.4056328429095002
2025-11,CZ01,Terminals,Premium,7.0,254998.38999999998,47295.979999999996,440.0,0.015909090909090907,0.1854756024145878
2025-11,CZ01,Terminals,Professional,24.0,575232.19,184168.94999999998,440.0,0.05454545454545454,0.32016454086131724
2025-12,CN01,Control Systems,Essential,36.0,750819.97,286409.54,450.0,0.08,0.38146233643732197
2025-12,CN01,Control Systems,Premium,10.0,365990.75,77950.47,450.0,0.022222222222222223,0.21298480904230505
2025-12,CN01,Control Systems,Professional,32.0,849893.79,266840.65,450.0,0.07111111111111111,0.3139694078715412
2025-12,CN01,Edge Appliances,Essential,49.0,1202184.6,441778.28,450.0,0.10888888888888888,0.3674795701092827
2025-12,CN01,Edge Appliances,Premium,9.0,398854.18,81166.56000000001,450.0,0.02,0.20349933401725917
2025-12,CN01,Edge Appliances,Professional,32.0,1006041.28,314648.38,450.0,0.07111111111111111,0.31275891581705273
2025-12,CN01,Network Devices,Essential,56.0,1247750.14,504329.58999999997,450.0,0.12444444444444444,0.40419117083809747
2025-12,CN01,Network Devices,Premium,2.0,78591.69,16765.17,450.0,0.0044444444444444444,0.21331988152945938
2025-12,CN01,Network Devices,Professional,37.0,1055445.17,331540.17,450.0,0.08222222222222222,0.314123537085304
2025-12,CN01,Sensors & Readers,Essential,55.0,842217.63,345838.49,450.0,0.12222222222222222,0.41062841441587966
2025-12,CN01,Sensors & Readers,Premium,14.0,392199.45,82145.33,450.0,0.03111111111111111,0.20944784598754537
2025-12,CN01,Sensors & Readers,Professional,28.0,565245.5499999999,176871.21,450.0,0.06222222222222222,0.3129103979677505
2025-12,CN01,Terminals,Essential,44.0,830968.74,339498.97,450.0,0.09777777777777778,0.4085580523763144
2025-12,CN01,Terminals,Premium,13.0,458440.03,91231.92,450.0,0.028888888888888888,0.1990051348700941
2025-12,CN01,Terminals,Professional,33.0,806188.13,255045.03,450.0,0.07333333333333333,0.31635919769744064
2025-12,CZ01,Control Systems,Essential,59.0,1195131.92,387862.96,453.0,0.13024282560706402,0.32453568807701166
2025-12,CZ01,Control Systems,Premium,18.0,709767.14,131984.12,453.0,0.039735099337748346,0.1859541144719661
2025-12,CZ01,Control Systems,Professional,23.0,590299.72,191787.93,453.0,0.05077262693156733,0.32489923932201764
2025-12,CZ01,Edge Appliances,Essential,47.0,1126609.6300000001,388896.4,453.0,0.10375275938189846,0.34519179460590976
2025-12,CZ01,Edge Appliances,Premium,9.0,386832.74,82892.82,453.0,0.019867549668874173,0.21428594694440808
2025-12,CZ01,Edge Appliances,Professional,22.0,669823.94,216387.87999999998,453.0,0.04856512141280353,0.32305187539280844
2025-12,CZ01,Network Devices,Essential,42.0,928960.79,377034.32,453.0,0.09271523178807947,0.40586677506593144
2025-12,CZ01,Network Devices,Premium,18.0,740169.48,145380.09,453.0,0.039735099337748346,0.19641459682990442
2025-12,CZ01,Network Devices,Professional,21.0,575144.97,187694.3,453.0,0.046357615894039736,0.3263425915034952
2025-12,CZ01,Sensors & Readers,Essential,64.0,988551.22,404091.93,453.0,0.141280353200883,0.4087718692006672
2025-12,CZ01,Sensors & Readers,Premium,8.0,235430.08000000002,45185.79,453.0,0.017660044150110375,0.19192870341801693
2025-12,CZ01,Sensors & Readers,Professional,43.0,860083.3,271722.48,453.0,0.09492273730684327,0.3159257713758655
2025-12,CZ01,Terminals,Essential,48.0,912394.46,371140.41,453.0,0.10596026490066225,0.4067762642925298
2025-12,CZ01,Terminals,Premium,4.0,137970.56,28503.86,453.0,0.008830022075055188,0.20659378348540444
2025-12,CZ01,Terminals,Professional,27.0,654386.79,208376.44,453.0,0.059602649006622516,0.3184300832234098
2026-01,CN01,Control Systems,Essential,25.0,519533.7,196024.44,314.0,0.07961783439490445,0.37730842099367184
2026-01,CN01,Control Systems,Premium,7.0,253787.16,51137.31,314.0,0.022292993630573247,0.2014968369558176
2026-01,CN01,Control Systems,Professional,25.0,660924.4199999999,200046.16,314.0,0.07961783439490445,0.30267630298786663
2026-01,CN01,Edge Appliances,Essential,34.0,828083.97,292476.69,314.0,0.10828025477707007,0.3531968986188683
2026-01,CN01,Edge Appliances,Premium,5.0,216280.06,42526.12,314.0,0.01592356687898089,0.19662524598892753
2026-01,CN01,Edge Appliances,Professional,21.0,655009.11,198045.32,314.0,0.06687898089171974,0.3023550619013528
2026-01,CN01,Network Devices,Essential,37.0,819592.18,323599.04,314.0,0.1178343949044586,0.39482934061181496
2026-01,CN01,Network Devices,Premium,2.0,78242.76000000001,15628.03,314.0,0.006369426751592357,0.1997377137514065
2026-01,CN01,Network Devices,Professional,22.0,625721.16,188910.0,314.0,0.07006369426751592,0.3019076420557681
2026-01,CN01,Sensors & Readers,Essential,43.0,654708.3,262818.79,314.0,0.13694267515923567,0.40142883479558755
2026-01,CN01,Sensors & Readers,Premium,7.0,200037.7,37397.770000000004,314.0,0.022292993630573247,0.1869536092446574
2026-01,CN01,Sensors & Readers,Professional,17.0,341243.42,103015.87,314.0,0.054140127388535034,0.30188382826546517
2026-01,CN01,Terminals,Essential,37.0,693470.52,277221.49,314.0,0.1178343949044586,0.3997595889151856
2026-01,CN01,Terminals,Premium,7.0,242139.66999999998,46065.93,314.0,0.022292993630573247,0.1902452828154924
2026-01,CN01,Terminals,Professional,25.0,599517.37,185478.06,314.0,0.07961783439490445,0.30937895927852765
2026-01,CZ01,Control Systems,Essential,46.0,930154.5900000001,292954.06,344.0,0.13372093023255813,0.31495201243913656
2026-01,CZ01,Control Systems,Premium,9.0,352039.03,60836.72,344.0,0.02616279069767442,0.17281242934909802
2026-01,CZ01,Control Systems,Professional,20.0,514678.33999999997,160279.16,344.0,0.05813953488372093,0.3114161750035955
2026-01,CZ01,Edge Appliances,Essential,36.0,868632.15,300731.73,344.0,0.10465116279069768,0.3462129855543569
2026-01,CZ01,Edge Appliances,Premium,6.0,260732.88,50878.69,344.0,0.01744186046511628,0.19513722243239903
2026-01,CZ01,Edge Appliances,Professional,18.0,550750.59,169918.22,344.0,0.05232558139534884,0.3085211765274732
2026-01,CZ01,Network Devices,Essential,32.0,710039.69,279875.29,344.0,0.09302325581395349,0.39416851472063485
2026-01,CZ01,Network Devices,Premium,10.0,410287.91000000003,74570.58,344.0,0.029069767441860465,0.18175183373061127
2026-01,CZ01,Network Devices,Professional,18.0,488688.49,154643.94,344.0,0.05232558139534884,0.31644686372703396
2026-01,CZ01,Sensors & Readers,Essential,50.0,770270.74,307089.0,344.0,0.14534883720930233,0.3986767042455748
2026-01,CZ01,Sensors & Readers,Premium,4.0,114307.26,21383.64,344.0,0.011627906976744186,0.18707158232994126
2026-01,CZ01,Sensors & Readers,Professional,34.0,678587.96,206097.61000000002,344.0,0.09883720930232558,0.3037153945377988
2026-01,CZ01,Terminals,Essential,37.0,700904.32,278162.27,344.0,0.10755813953488372,0.39686197111754146
2026-01,CZ01,Terminals,Premium,3.0,104781.66,19572.83,344.0,0.00872093023255814,0.18679633439668736
2026-01,CZ01,Terminals,Professional,21.0,505119.47000000003,155448.72999999998,344.0,0.061046511627906974,0.3077464624359064
2026-02,CN01,Control Systems,Essential,25.0,522896.7,194121.21,333.0,0.07507507507507508,0.37124198718408435
2026-02,CN01,Control Systems,Premium,6.0,220034.63999999998,44534.16,333.0,0.018018018018018018,0.20239613180906427
2026-02,CN01,Control Systems,Professional,24.0,636109.31,194773.08,333.0,0.07207207207207207,0.3061943551808729
2026-02,CN01,Edge Appliances,Essential,36.0,883777.42,315703.51,333.0,0.10810810810810811,0.35722061104480357
2026-02,CN01,Edge Appliances,Premium,6.0,265432.01,51317.200000000004,333.0,0.018018018018018018,0.19333463209655838
2026-02,CN01,Edge Appliances,Professional,21.0,653144.8400000001,200821.94999999998,333.0,0.06306306306306306,0.3074692437285426
2026-02,CN01,Network Devices,Essential,40.0,892210.82,353926.56,333.0,0.12012012012012012,0.39668490010018037
2026-02,CN01,Network Devices,Premium,2.0,78749.23999999999,15938.54,333.0,0.006006006006006006,0.20239611201327154
2026-02,CN01,Network Devices,Professional,26.0,741748.64,226539.37,333.0,0.07807807807807808,0.30541258558964124
2026-02,CN01,Sensors & Readers,Essential,45.0,694364.12,278831.16,333.0,0.13513513513513514,0.40156331810462786
2026-02,CN01,Sensors & Readers,Premium,8.0,228158.46000000002,43953.69,333.0,0.024024024024024024,0.19264545351507018
2026-02,CN01,Sensors & Readers,Professional,21.0,426419.02,128994.75,333.0,0.06306306306306306,0.30250702700831683
2026-02,CN01,Terminals,Essential,38.0,717733.12,288057.52,333.0,0.11411411411411411,0.4013434965910449
2026-02,CN01,Terminals,Premium,7.0,243707.06,47020.92,333.0,0.021021021021021023,0.19294032762120228
2026-02,CN01,Terminals,Professional,28.0,684247.03,210470.4,333.0,0.08408408408408409,0.3075941739929803
2026-02,CZ01,Control Systems,Essential,51.0,1032139.28,328703.26,378.0,0.1349206349206349,0.3184679300258779
2026-02,CZ01,Control Systems,Premium,11.0,432771.29,76172.62,378.0,0.0291005291005291,0.1760112598966535
2026-02,CZ01,Control Systems,Professional,23.0,605290.09,186698.08,378.0,0.06084656084656084,0.30844397270736745
2026-02,CZ01,Edge Appliances,Essential,41.0,984216.93,326663.94,378.0,0.10846560846560846,0.3319023784725995
2026-02,CZ01,Edge Appliances,Premium,6.0,262420.63,51910.310000000005,378.0,0.015873015873015872,0.1978133731330498
2026-02,CZ01,Edge Appliances,Professional,21.0,647040.68,201066.81,378.0,0.05555555555555555,0.31074832883768605
2026-02,CZ01,Network Devices,Essential,34.0,754693.48,300048.97000000003,378.0,0.08994708994708994,0.3975772654084676
2026-02,CZ01,Network Devices,Premium,11.0,456432.18,83405.81,378.0,0.0291005291005291,0.1827342892431467
2026-02,CZ01,Network Devices,Professional,22.0,607535.02,191488.22,378.0,0.0582010582010582,0.31518877710127724
2026-02,CZ01,Sensors & Readers,Essential,55.0,857169.6,342154.24,378.0,0.1455026455026455,0.3991674926408963
2026-02,CZ01,Sensors & Readers,Premium,5.0,145744.86,26934.28,378.0,0.013227513227513227,0.1848043217441768
2026-02,CZ01,Sensors & Readers,Professional,35.0,702414.17,215148.86,378.0,0.09259259259259259,0.30629914541729697
2026-02,CZ01,Terminals,Essential,38.0,723968.05,288850.9,378.0,0.10052910052910052,0.3989829385426608
2026-02,CZ01,Terminals,Premium,3.0,105459.92000000001,19985.15,378.0,0.007936507936507936,0.1895046952434631
2026-02,CZ01,Terminals,Professional,22.0,538536.22,165140.81,378.0,0.0582010582010582,0.30664754545200323
2026-03,CN01,Control Systems,Essential,30.0,640018.83,215500.01,392.0,0.07653061224489796,0.3367088590190386
2026-03,CN01,Control Systems,Premium,13.0,507763.35,72574.13,392.0,0.03316326530612245,0.14292904361844944
2026-03,CN01,Control Systems,Professional,22.0,592233.19,160855.49,392.0,0.05612244897959184,0.2716083676431576
2026-03,CN01,Edge Appliances,Essential,39.0,973961.0700000001,314575.89,392.0,0.09948979591836735,0.32298610251434384
2026-03,CN01,Edge Appliances,Premium,7.0,315966.0,47611.65,392.0,0.017857142857142856,0.15068599153073434
2026-03,CN01,Edge Appliances,Professional,23.0,729006.55,198174.93,392.0,0.058673469387755105,0.27184245463912493
2026-03,CN01,Network Devices,Essential,50.0,1129100.44,416052.04,392.0,0.12755102040816327,0.3684809829672903
2026-03,CN01,Network Devices,Premium,6.0,257422.76,34561.08,392.0,0.015306122448979591,0.13425805861144524
2026-03,CN01,Network Devices,Professional,21.0,613489.2000000001,164227.87,392.0,0.05357142857142857,0.26769480212528596
2026-03,CN01,Sensors & Readers,Essential,59.0,918315.95,344396.0,392.0,0.15051020408163265,0.3750299665382051
2026-03,CN01,Sensors & Readers,Premium,10.0,289045.95,44050.41,392.0,0.025510204081632654,0.15239933304721967
2026-03,CN01,Sensors & Readers,Professional,33.0,671943.2,182882.77,392.0,0.08418367346938775,0.27216998401055326
2026-03,CN01,Terminals,Essential,40.0,767614.19,285934.69,392.0,0.10204081632653061,0.37249792112363117
2026-03,CN01,Terminals,Premium,10.0,358099.0,52697.16,392.0,0.025510204081632654,0.14715807639786763
2026-03,CN01,Terminals,Professional,29.0,722851.87,196511.0,392.0,0.07397959183673469,0.2718551450935584
2026-03,CZ01,Control Systems,Essential,54.0,1116653.61,321933.5,376.0,0.14361702127659576,0.2883020276986343
2026-03,CZ01,Control Systems,Premium,8.0,314471.3,44062.19,376.0,0.02127659574468085,0.1401151392829807
2026-03,CZ01,Control Systems,Professional,26.0,700231.63,190295.24,376.0,0.06914893617021277,0.2717604173350467
2026-03,CZ01,Edge Appliances,Essential,41.0,1007450.34,310064.17,376.0,0.10904255319148937,0.30777117014025723
2026-03,CZ01,Edge Appliances,Premium,6.0,267322.14,41663.44,376.0,0.015957446808510637,0.15585480499295717
2026-03,CZ01,Edge Appliances,Professional,22.0,687848.1900000001,190376.78,376.0,0.05851063829787234,0.27677150680588397
2026-03,CZ01,Network Devices,Essential,36.0,816957.1900000001,299668.0,376.0,0.09574468085106383,0.3668099181549525
2026-03,CZ01,Network Devices,Premium,10.0,406688.06,62994.340000000004,376.0,0.026595744680851064,0.15489596621056445
2026-03,CZ01,Network Devices,Professional,32.0,908773.0,252208.04,376.0,0.0851063829787234,0.27752589480541345
2026-03,CZ01,Sensors & Readers,Essential,43.0,686843.96,252365.85,376.0,0.11436170212765957,0.36742821469959497
2026-03,CZ01,Sensors & Readers,Premium,5.0,148467.07,21090.64,376.0,0.013297872340425532,0.14205601282493147
2026-03,CZ01,Sensors & Readers,Professional,28.0,576957.46,154610.3,376.0,0.07446808510638298,0.26797521605839014
2026-03,CZ01,Terminals,Essential,39.0,757633.38,279596.12,376.0,0.10372340425531915,0.3690388087177468
2026-03,CZ01,Terminals,Premium,3.0,107429.70000000001,15796.650000000001,376.0,0.007978723404255319,0.14704173985406271
2026-03,CZ01,Terminals,Professional,23.0,571162.3,155658.72,376.0,0.061170212765957445,0.27252975205121205
2026-04,CN01,Control Systems,Essential,31.0,671339.9,218177.7,407.0,0.07616707616707617,0.32498842985498105
2026-04,CN01,Control Systems,Premium,13.0,508776.97,66553.98,407.0,0.03194103194103194,0.13081169927954875
2026-04,CN01,Control Systems,Professional,22.0,599560.33,154825.67,407.0,0.05405405405405406,0.2582320114474552
2026-04,CN01,Edge Appliances,Essential,42.0,1055688.69,327472.95,407.0,0.10319410319410319,0.3101984070701752
2026-04,CN01,Edge Appliances,Premium,8.0,366015.19,49191.79,407.0,0.019656019656019656,0.1343982199208727
2026-04,CN01,Edge Appliances,Professional,26.0,835749.75,215491.55000000002,407.0,0.06388206388206388,0.2578421949871956
2026-04,CN01,Network Devices,Essential,52.0,1190342.8699999999,424793.66,407.0,0.12776412776412777,0.35686663960947657
2026-04,CN01,Network Devices,Premium,6.0,260607.6,30734.62,407.0,0.014742014742014743,0.11793447313125173
2026-04,CN01,Network Devices,Professional,20.0,588865.05,150608.53,407.0,0.04914004914004914,0.25576068744443226
2026-04,CN01,Sensors & Readers,Essential,60.0,948466.35,344323.05,407.0,0.14742014742014742,0.36303138218873027
2026-04,CN01,Sensors & Readers,Premium,11.0,320287.08999999997,44323.12,407.0,0.02702702702702703,0.1383855964971926
2026-04,CN01,Sensors & Readers,Professional,34.0,700298.0,181460.29,407.0,0.08353808353808354,0.2591186751925609
2026-04,CN01,Terminals,Essential,42.0,815323.71,294790.75,407.0,0.10319410319410319,0.36156283250980153
2026-04,CN01,Terminals,Premium,10.0,362529.4,47532.450000000004,407.0,0.02457002457002457,0.13111336625388176
2026-04,CN01,Terminals,Professional,30.0,754641.48,195815.93000000002,407.0,0.07371007371007371,0.2594820655763582
2026-04,CZ01,Control Systems,Essential,54.0,1131857.27,316049.09,397.0,0.13602015113350127,0.27923051640601293
2026-04,CZ01,Control Systems,Premium,8.0,318361.92,39450.82,397.0,0.020151133501259445,0.12391814950732802
2026-04,CZ01,Control Systems,Professional,27.0,738898.33,189959.89,397.0,0.06801007556675064,0.2570852880395602
2026-04,CZ01,Edge Appliances,Essential,43.0,1058728.29,301635.61,397.0,0.10831234256926953,0.28490370272433163
2026-04,CZ01,Edge Appliances,Premium,7.0,313663.92,44715.869999999995,397.0,0.017632241813602016,0.14255981370123794
2026-04,CZ01,Edge Appliances,Professional,22.0,696358.1900000001,183495.14,397.0,0.055415617128463476,0.2635068311611299
2026-04,CZ01,Network Devices,Essential,36.0,825574.14,294037.17,397.0,0.0906801007556675,0.3561608288747998
2026-04,CZ01,Network Devices,Premium,10.0,411719.6,57236.74,397.0,0.02518891687657431,0.1390187399385407
2026-04,CZ01,Network Devices,Professional,33.0,950319.58,250655.81,397.0,0.08312342569269521,0.2637594923594019
2026-04,CZ01,Sensors & Readers,Essential,50.0,799507.52,287207.37,397.0,0.12594458438287154,0.3592303547063572
2026-04,CZ01,Sensors & Readers,Premium,7.0,211623.34999999998,26190.33,397.0,0.017632241813602016,0.12375916929771694
2026-04,CZ01,Sensors & Readers,Professional,31.0,642871.25,164865.56,397.0,0.07808564231738035,0.25645191008308427
2026-04,CZ01,Terminals,Essential,42.0,828183.65,295655.22,397.0,0.10579345088161209,0.3569923410103544
2026-04,CZ01,Terminals,Premium,3.0,108758.82,14246.810000000001,397.0,0.007556675062972292,0.13099452531757885
2026-04,CZ01,Terminals,Professional,24.0,601075.22,156520.01,397.0,0.060453400503778336,0.26040003778562026
2026-05,CN01,Control Systems,Essential,29.0,630905.75,213361.95,409.0,0.07090464547677261,0.3381835559431817
2026-05,CN01,Control Systems,Premium,15.0,597034.34,87474.65,409.0,0.03667481662591687,0.1465152741465424
2026-05,CN01,Control Systems,Professional,23.0,629193.68,173327.35,409.0,0.05623471882640587,0.2754753512463761
2026-05,CN01,Edge Appliances,Essential,41.0,1049480.97,342599.13,409.0,0.10024449877750612,0.3264462527605432
2026-05,CN01,Edge Appliances,Premium,7.0,322421.68,49580.43,409.0,0.017114914425427872,0.1537751121450642
2026-05,CN01,Edge Appliances,Professional,27.0,880172.42,239403.79,409.0,0.06601466992665037,0.27199646860100435
2026-05,CN01,Network Devices,Essential,49.0,1129847.66,418512.18,409.0,0.1198044009779951,0.37041469820807527
2026-05,CN01,Network Devices,Premium,7.0,307888.09,41769.53,409.0,0.017114914425427872,0.13566465010062584
2026-05,CN01,Network Devices,Professional,23.0,683260.21,185468.07,409.0,0.05623471882640587,0.2714457351467899
2026-05,CN01,Sensors & Readers,Essential,60.0,958138.32,360001.61,409.0,0.1466992665036675,0.3757303120910559
2026-05,CN01,Sensors & Readers,Premium,10.0,294951.61,45859.45,409.0,0.02444987775061125,0.1554812669101891
2026-05,CN01,Sensors & Readers,Professional,33.0,682952.65,188585.86,409.0,0.08068459657701711,0.2761331404161035
2026-05,CN01,Terminals,Essential,41.0,806444.87,301225.07,409.0,0.10024449877750612,0.3735222098939014
2026-05,CN01,Terminals,Premium,11.0,404416.61,59802.219999999994,409.0,0.02689486552567237,0.1478728086860725
2026-05,CN01,Terminals,Professional,33.0,834719.92,230634.64,409.0,0.08068459657701711,0.2763018282827131
2026-05,CZ01,Control Systems,Essential,58.0,1218431.8,348756.15,400.0,0.145,0.28623362423731885
2026-05,CZ01,Control Systems,Premium,6.0,236689.59999999998,35538.020000000004,400.0,0.015,0.15014609851890412
2026-05,CZ01,Control Systems,Professional,27.0,744780.76,203383.5,400.0,0.0675,0.27307834858677066
2026-05,CZ01,Edge Appliances,Essential,42.0,1049245.28,322456.84,400.0,0.105,0.30732265004804216
2026-05,CZ01,Edge Appliances,Premium,8.0,359538.19,58717.4,400.0,0.02,0.16331338821058203
2026-05,CZ01,Edge Appliances,Professional,22.0,701902.03,196067.64,400.0,0.055,0.27933761639070914
2026-05,CZ01,Network Devices,Essential,38.0,879795.91,324745.37,400.0,0.095,0.3691144347329371
2026-05,CZ01,Network Devices,Premium,9.0,375493.16000000003,58559.04,400.0,0.0225,0.1559523481066872
2026-05,CZ01,Network Devices,Professional,32.0,927340.7,259737.84,400.0,0.08,0.2800889036790901
2026-05,CZ01,Sensors & Readers,Essential,48.0,775419.37,288457.73,400.0,0.12,0.372002223777309
2026-05,CZ01,Sensors & Readers,Premium,7.0,213308.1,30523.0,400.0,0.0175,0.14309348777660108
2026-05,CZ01,Sensors & Readers,Professional,30.0,629147.76,170775.41999999998,400.0,0.075,0.2714392879663117
2026-05,CZ01,Terminals,Essential,44.0,871997.43,323606.83,400.0,0.11,0.37110984375263584
2026-05,CZ01,Terminals,Premium,3.0,109624.66,16459.71,400.0,0.0075,0.15014605290451982
2026-05,CZ01,Terminals,Professional,26.0,656902.72,181415.44,400.0,0.065,0.2761678928654763
2026-06,CN01,Control Systems,Essential,30.0,646746.91,232239.56,406.0,0.07389162561576355,0.3590887817307082
2026-06,CN01,Control Systems,Premium,14.0,549536.56,96266.51,406.0,0.034482758620689655,0.17517762603456263
2026-06,CN01,Control Systems,Professional,23.0,623077.46,185632.77,406.0,0.05665024630541872,0.29792888030326115
2026-06,CN01,Edge Appliances,Essential,43.0,1087824.09,379978.14,406.0,0.10591133004926108,0.3493010896642305
2026-06,CN01,Edge Appliances,Premium,6.0,273232.16,49464.96,406.0,0.014778325123152709,0.18103637580583487
2026-06,CN01,Edge Appliances,Professional,24.0,767788.5,228387.26,406.0,0.059113300492610835,0.29746116280720536
2026-06,CN01,Network Devices,Essential,51.0,1163075.17,453310.96,406.0,0.12561576354679804,0.3897520742360961
2026-06,CN01,Network Devices,Premium,6.0,260128.85,42888.4,406.0,0.014778325123152709,0.16487367702582778
2026-06,CN01,Network Devices,Professional,22.0,650185.88,190290.26,406.0,0.054187192118226604,0.2926705513813988
2026-06,CN01,Sensors & Readers,Essential,61.0,962327.66,380196.72000000003,406.0,0.15024630541871922,0.3950803201479214
2026-06,CN01,Sensors & Readers,Premium,11.0,319698.7,58850.06,406.0,0.027093596059113302,0.1840797600991183
2026-06,CN01,Sensors & Readers,Professional,33.0,677660.36,201845.91999999998,406.0,0.0812807881773399,0.29785705629882203
2026-06,CN01,Terminals,Essential,43.0,836748.04,328452.27,406.0,0.10591133004926108,0.39253425678774223
2026-06,CN01,Terminals,Premium,10.0,361863.43,64140.42,406.0,0.024630541871921183,0.17725035105094758
2026-06,CN01,Terminals,Professional,29.0,730450.63,216894.85,406.0,0.07142857142857142,0.2969329357687049
2026-06,CZ01,Control Systems,Essential,58.0,1214902.3,386132.83,415.0,0.13975903614457832,0.3178303555767406
2026-06,CZ01,Control Systems,Premium,8.0,312518.4,55446.32,415.0,0.01927710843373494,0.17741777764125247
2026-06,CZ01,Control Systems,Professional,27.0,737540.96,218031.47,415.0,0.06506024096385542,0.2956194731205166
2026-06,CZ01,Edge Appliances,Essential,45.0,1108595.65,359640.39,415.0,0.10843373493975904,0.3244107894524032
2026-06,CZ01,Edge Appliances,Premium,8.0,356043.2,67585.87,415.0,0.01927710843373494,0.18982491450475672
2026-06,CZ01,Edge Appliances,Professional,24.0,765693.98,228505.71,415.0,0.05783132530120482,0.2984295501448242
2026-06,CZ01,Network Devices,Essential,38.0,866780.08,337548.59,415.0,0.09156626506024096,0.3894281811367885
2026-06,CZ01,Network Devices,Premium,11.0,450083.4,83840.70999999999,415.0,0.02650602409638554,0.18627816533558
2026-06,CZ01,Network Devices,Professional,35.0,1009068.9,303653.76,415.0,0.08433734939759036,0.30092470395232673
2026-06,CZ01,Sensors & Readers,Essential,48.0,766831.44,299971.03,415.0,0.11566265060240964,0.39118248724908833
2026-06,CZ01,Sensors & Readers,Premium,7.0,211234.59,35982.520000000004,415.0,0.016867469879518072,0.1703438816530948
2026-06,CZ01,Sensors & Readers,Professional,32.0,661695.04,195356.15,415.0,0.07710843373493977,0.2952359292280625
2026-06,CZ01,Terminals,Essential,45.0,883875.83,344554.89,415.0,0.10843373493975904,0.38982273109561105
2026-06,CZ01,Terminals,Premium,3.0,108559.03,19230.010000000002,415.0,0.007228915662650603,0.17713874193606927
2026-06,CZ01,Terminals,Professional,26.0,647225.8200000001,194226.67,415.0,0.06265060240963856,0.30009104086731275
2026-07,CN01,Control Systems,Essential,24.0,521845.56,189775.65,357.0,0.06722689075630252,0.36366247899091064
2026-07,CN01,Control Systems,Premium,12.0,469904.01,86065.98999999999,357.0,0.03361344537815126,0.18315653445902705
2026-07,CN01,Control Systems,Professional,22.0,603280.7,181048.52,357.0,0.06162464985994398,0.300106600459786
2026-07,CN01,Edge Appliances,Essential,37.0,936605.79,325871.14,357.0,0.10364145658263306,0.3479277444996363
2026-07,CN01,Edge Appliances,Premium,6.0,275433.58,50984.15,357.0,0.01680672268907563,0.18510506235296365
2026-07,CN01,Edge Appliances,Professional,23.0,742605.43,223026.64,357.0,0.06442577030812324,0.30032993429633287
2026-07,CN01,Network Devices,Essential,43.0,994179.53,388837.33,357.0,0.12044817927170869,0.39111379611688446
2026-07,CN01,Network Devices,Premium,6.0,265070.54,43728.14,357.0,0.01680672268907563,0.16496793645947982
2026-07,CN01,Network Devices,Professional,21.0,624933.23,185213.58000000002,357.0,0.058823529411764705,0.2963733901620178
2026-07,CN01,Sensors & Readers,Essential,50.0,801292.5,317180.83,357.0,0.1400560224089636,0.3958365141318557
2026-07,CN01,Sensors & Readers,Premium,8.0,234746.69999999998,43981.65,357.0,0.022408963585434174,0.18735790535074617
2026-07,CN01,Sensors & Readers,Professional,27.0,563482.07,168391.38,357.0,0.07563025210084033,0.29884070667945123
2026-07,CN01,Terminals,Essential,39.0,764002.39,302346.14,357.0,0.1092436974789916,0.3957397829606266
2026-07,CN01,Terminals,Premium,10.0,364778.96,66149.31,357.0,0.028011204481792718,0.18134080430516056
2026-07,CN01,Terminals,Professional,29.0,731359.0399999999,221205.13,357.0,0.08123249299719888,0.3024576410513775
2026-07,CZ01,Control Systems,Essential,52.0,1094578.58,342528.61,382.0,0.13612565445026178,0.3129319504863689
2026-07,CZ01,Control Systems,Premium,7.0,278307.37,49444.86,382.0,0.01832460732984293,0.17766277623190505
2026-07,CZ01,Control Systems,Professional,24.0,656496.2999999999,197663.32,382.0,0.06282722513089005,0.30108824680352353
2026-07,CZ01,Edge Appliances,Essential,39.0,970719.78,317624.87,382.0,0.10209424083769633,0.32720551959907523
2026-07,CZ01,Edge Appliances,Premium,7.0,315610.28,60606.17,382.0,0.01832460732984293,0.19202850426798518
2026-07,CZ01,Edge Appliances,Professional,23.0,736271.2999999999,223350.43,382.0,0.060209424083769635,0.3033534377884891
2026-07,CZ01,Network Devices,Essential,35.0,805413.99,315762.52,382.0,0.09162303664921466,0.39204995681785965
2026-07,CZ01,Network Devices,Premium,11.0,456555.57999999996,85892.28,382.0,0.028795811518324606,0.1881310485790142
2026-07,CZ01,Network Devices,Professional,31.0,893311.17,274279.95,382.0,0.08115183246073299,0.3070374122826652
2026-07,CZ01,Sensors & Readers,Essential,50.0,804468.64,317347.32,382.0,0.13089005235602094,0.39448065992976433
2026-07,CZ01,Sensors & Readers,Premium,8.0,242782.05,42593.91,382.0,0.020942408376963352,0.1754409356045886
2026-07,CZ01,Sensors & Readers,Professional,28.0,587719.94,174341.81,382.0,0.07329842931937172,0.29664096474249285
2026-07,CZ01,Terminals,Essential,39.0,773060.22,303408.33999999997,382.0,0.10209424083769633,0.3924769793483876
2026-07,CZ01,Terminals,Premium,3.0,109433.69,19832.65,382.0,0.007853403141361256,0.18122983881837487
2026-07,CZ01,Terminals,Professional,25.0,629452.24,190391.88,382.0,0.06544502617801047,0.3024723210135848
2026-08,CN01,Control Systems,Essential,25.0,548638.27,196887.07,328.0,0.07621951219512195,0.3588649949628924
2026-08,CN01,Control Systems,Premium,13.0,517631.35,89339.09,328.0,0.039634146341463415,0.17259211599142904
2026-08,CN01,Control Systems,Professional,21.0,583090.72,170582.4,328.0,0.06402439024390244,0.29254864491755245
2026-08,CN01,Edge Appliances,Essential,32.0,813336.6,278710.18,328.0,0.0975609756097561,0.34267507450174994
2026-08,CN01,Edge Appliances,Premium,5.0,228396.15999999997,41748.58,328.0,0.01524390243902439,0.18279020102614688
2026-08,CN01,Edge Appliances,Professional,22.0,721286.39,210614.47999999998,328.0,0.06707317073170732,0.29199841133838667
2026-08,CN01,Network Devices,Essential,41.0,955631.42,368780.05,328.0,0.125,0.38590197254083586
2026-08,CN01,Network Devices,Premium,5.0,222391.26,35101.42,328.0,0.01524390243902439,0.15783632863989347
2026-08,CN01,Network Devices,Professional,19.0,572171.13,165350.7,328.0,0.057926829268292686,0.28898819134757814
2026-08,CN01,Sensors & Readers,Essential,49.0,792164.5700000001,309338.77,328.0,0.14939024390243902,0.3904981132897675
2026-08,CN01,Sensors & Readers,Premium,6.0,181066.18,31281.839999999997,328.0,0.018292682926829267,0.17276467642935858
2026-08,CN01,Sensors & Readers,Professional,27.0,569753.08,166236.44,328.0,0.08231707317073171,0.29176926959306654
2026-08,CN01,Terminals,Essential,26.0,531576.08,202883.16999999998,328.0,0.07926829268292683,0.38166346762630854
2026-08,CN01,Terminals,Premium,9.0,331954.71,57350.1,328.0,0.027439024390243903,0.17276483288940228
2026-08,CN01,Terminals,Professional,28.0,716254.09,210928.53,328.0,0.08536585365853659,0.2944884126246316
2026-08,CZ01,Control Systems,Essential,50.0,1061965.16,321802.34,379.0,0.13192612137203166,0.3030253271209011
2026-08,CZ01,Control Systems,Premium,8.0,321222.42,54524.86,379.0,0.021108179419525065,0.16974176335512323
2026-08,CZ01,Control Systems,Professional,23.0,631466.0399999999,187274.79,379.0,0.06068601583113457,0.2965714355755379
2026-08,CZ01,Edge Appliances,Essential,43.0,1105462.19,372458.76,379.0,0.11345646437994723,0.33692582466343785
2026-08,CZ01,Edge Appliances,Premium,6.0,272179.61,50457.69,379.0,0.0158311345646438,0.18538379858799858
2026-08,CZ01,Edge Appliances,Professional,19.0,615457.0700000001,182272.79,379.0,0.05013192612137203,0.2961584144284832
2026-08,CZ01,Network Devices,Essential,33.0,770831.26,296833.64999999997,379.0,0.0870712401055409,0.3850825276598149
2026-08,CZ01,Network Devices,Premium,8.0,339136.4,59681.49,379.0,0.021108179419525065,0.17598078531234038
2026-08,CZ01,Network Devices,Professional,27.0,779930.37,236322.11000000002,379.0,0.0712401055408971,0.3030041130466557
2026-08,CZ01,Sensors & Readers,Essential,50.0,813421.55,316073.73,379.0,0.13192612137203166,0.38857309595498174
2026-08,CZ01,Sensors & Readers,Premium,7.0,215306.27,35725.36,379.0,0.018469656992084433,0.16592809861041205
2026-08,CZ01,Sensors & Readers,Professional,28.0,594260.6799999999,172064.16,379.0,0.07387862796833773,0.28954323547033267
2026-08,CZ01,Terminals,Essential,51.0,1003153.61,392815.68,379.0,0.1345646437994723,0.3915807869145783
2026-08,CZ01,Terminals,Premium,3.0,110651.57,19116.7,379.0,0.0079155672823219,0.17276483288940228
2026-08,CZ01,Terminals,Professional,23.0,588291.66,172922.39,379.0,0.06068601583113457,0.29393989709118096
2026-09,CN01,Control Systems,Essential,31.033574237847226,698773.99,236510.19,419.4537937309028,0.07398568019093078,0.3384645012330811
2026-09,CN01,Control Systems,Premium,14.015162559027779,573045.93,84287.09,419.4537937309028,0.03341288782816229,0.14708609831676142
2026-09,CN01,Control Systems,Professional,24.025992958333337,675404.71,186282.79,419.4537937309028,0.057279236276849645,0.2758091367174505
2026-09,CN01,Edge Appliances,Essential,41.04440463715278,1063296.6,345684.26,419.4537937309028,0.09785202863961813,0.325106146300101
2026-09,CN01,Edge Appliances,Premium,8.008664319444446,380972.36,58077.89,419.4537937309028,0.01909307875894988,0.1524464661950804
2026-09,CN01,Edge Appliances,Professional,28.030325118055558,939170.19,255696.19999999998,419.4537937309028,0.06682577565632458,0.2722575766592421
2026-09,CN01,Network Devices,Essential,56.060650236111115,1340498.47,493720.8,419.4537937309028,0.13365155131264916,0.36831134913566893
2026-09,CN01,Network Devices,Premium,8.008664319444446,367564.08,47846.13,419.4537937309028,0.01909307875894988,0.13017085347403912
2026-09,CN01,Network Devices,Professional,23.02490991840278,705564.42,190918.83,419.4537937309028,0.05489260143198091,0.27059021768699726
2026-09,CN01,Sensors & Readers,Essential,63.06823151562501,1050276.2,390493.45999999996,419.4537937309028,0.15035799522673032,0.3718007320360111
2026-09,CN01,Sensors & Readers,Premium,11.011913439236112,333375.54,52119.46,419.4537937309028,0.026252983293556086,0.1563385844084422
2026-09,CN01,Sensors & Readers,Professional,36.03898943750001,776252.92,211340.82,419.4537937309028,0.08591885441527447,0.2722576811691736
2026-09,CN01,Terminals,Essential,30.03249119791667,627398.24,228926.08,419.4537937309028,0.07159904534606205,0.36488161012373893
2026-09,CN01,Terminals,Premium,12.012996479166668,455352.65,66997.26000000001,419.4537937309028,0.028639618138424822,0.14713268935626048
2026-09,CN01,Terminals,Professional,34.036823357638895,889180.66,244453.77,419.4537937309028,0.081145584725537,0.2749202507395966
2026-09,CZ01,Control Systems,Essential,60.06498239583334,1308369.16,376002.64,455.49278316840287,0.13186813186813184,0.28738268333992223
2026-09,CZ01,Control Systems,Premium,9.009747359375002,369365.91000000003,54102.45,455.49278316840287,0.01978021978021978,0.1464738584023631
2026-09,CZ01,Control Systems,Professional,28.030325118055558,794765.04,217216.09,455.49278316840287,0.06153846153846153,0.2733085617354281
2026-09,CZ01,Edge Appliances,Essential,51.05523503645834,1333440.67,409112.39,455.49278316840287,0.11208791208791208,0.3068095935606944
2026-09,CZ01,Edge Appliances,Premium,9.009747359375002,416067.98,68151.21,455.49278316840287,0.01978021978021978,0.16379825719825883
2026-09,CZ01,Edge Appliances,Professional,25.027075998263893,828716.27,228944.55,455.49278316840287,0.054945054945054944,0.2762640945857139
2026-09,CZ01,Network Devices,Essential,39.042238557291675,930015.14,343352.35,455.49278316840287,0.08571428571428572,0.36919006501335017
2026-09,CZ01,Network Devices,Premium,12.012996479166668,513075.72000000003,81021.09999999999,455.49278316840287,0.026373626373626374,0.15791255918327218
2026-09,CZ01,Network Devices,Professional,35.03790639756945,1052237.25,292247.48,455.49278316840287,0.07692307692307693,0.27773915055753823
2026-09,CZ01,Sensors & Readers,Essential,54.05848415625001,886312.31,333283.48,455.49278316840287,0.11868131868131868,0.37603390615211013
2026-09,CZ01,Sensors & Readers,Premium,9.009747359375002,284096.52999999997,40032.29,455.49278316840287,0.01978021978021978,0.14091087279383527
2026-09,CZ01,Sensors & Readers,Professional,31.033574237847226,669142.03,181743.54,455.49278316840287,0.06813186813186813,0.27160682164891065
2026-09,CZ01,Terminals,Essential,60.06498239583334,1210624.3,453209.76,455.49278316840287,0.13186813186813184,0.3743603692739358
2026-09,CZ01,Terminals,Premium,3.003249119791667,113203.20999999999,16881.35,455.49278316840287,0.006593406593406593,0.14912430486732664
2026-09,CZ01,Terminals,Professional,30.03249119791667,778615.31,215727.03,455.49278316840287,0.06593406593406592,0.2770649732022351
