month,entity,division,journal_id,journal_type,account,debit,credit,counterparty,description,cash_flow_category,product,customer
2023-10,DE01,Corporate,OPEN-DE01,opening,1000_CASH,15000000.0,0.0,EXTERNAL,Opening cash,opening,,
2023-10,DE01,Corporate,OPEN-DE01,opening,1500_PPE,9000000.0,0.0,EXTERNAL,Opening PPE,,,
2023-10,DE01,Corporate,OPEN-DE01,opening,1590_ACCUM_DEP,0.0,1980000.0,EXTERNAL,Opening accumulated depreciation,,,
2023-10,DE01,Corporate,OPEN-DE01,opening,2500_DEBT,0.0,8000000.0,EXTERNAL,Opening borrowings,,,
2023-10,DE01,Corporate,OPEN-DE01,opening,3000_SHARE_CAPITAL,0.0,14020000.0,EXTERNAL,Opening equity,,,
2023-10,ES01,Corporate,OPEN-ES01,opening,1000_CASH,7000000.0,0.0,EXTERNAL,Opening cash,opening,,
2023-10,ES01,Corporate,OPEN-ES01,opening,1500_PPE,9000000.0,0.0,EXTERNAL,Opening PPE,,,
2023-10,ES01,Corporate,OPEN-ES01,opening,1590_ACCUM_DEP,0.0,1980000.0,EXTERNAL,Opening accumulated depreciation,,,
2023-10,ES01,Corporate,OPEN-ES01,opening,2500_DEBT,0.0,2000000.0,EXTERNAL,Opening borrowings,,,
2023-10,ES01,Corporate,OPEN-ES01,opening,3000_SHARE_CAPITAL,0.0,12020000.0,EXTERNAL,Opening equity,,,
2023-10,CZ01,Corporate,OPEN-CZ01,opening,1000_CASH,9000000.0,0.0,EXTERNAL,Opening cash,opening,,
2023-10,CZ01,Corporate,OPEN-CZ01,opening,1500_PPE,34000000.0,0.0,EXTERNAL,Opening PPE,,,
2023-10,CZ01,Corporate,OPEN-CZ01,opening,1590_ACCUM_DEP,0.0,7480000.0,EXTERNAL,Opening accumulated depreciation,,,
2023-10,CZ01,Corporate,OPEN-CZ01,opening,2500_DEBT,0.0,14000000.0,EXTERNAL,Opening borrowings,,,
2023-10,CZ01,Corporate,OPEN-CZ01,opening,3000_SHARE_CAPITAL,0.0,21520000.0,EXTERNAL,Opening equity,,,
2023-10,CN01,Corporate,OPEN-CN01,opening,1000_CASH,9000000.0,0.0,EXTERNAL,Opening cash,opening,,
2023-10,CN01,Corporate,OPEN-CN01,opening,1500_PPE,34000000.0,0.0,EXTERNAL,Opening PPE,,,
2023-10,CN01,Corporate,OPEN-CN01,opening,1590_ACCUM_DEP,0.0,7480000.0,EXTERNAL,Opening accumulated depreciation,,,
2023-10,CN01,Corporate,OPEN-CN01,opening,2500_DEBT,0.0,14000000.0,EXTERNAL,Opening borrowings,,,
2023-10,CN01,Corporate,OPEN-CN01,opening,3000_SHARE_CAPITAL,0.0,21520000.0,EXTERNAL,Opening equity,,,
2023-10,US01,Corporate,OPEN-US01,opening,1000_CASH,7000000.0,0.0,EXTERNAL,Opening cash,opening,,
2023-10,US01,Corporate,OPEN-US01,opening,1500_PPE,9000000.0,0.0,EXTERNAL,Opening PPE,,,
2023-10,US01,Corporate,OPEN-US01,opening,1590_ACCUM_DEP,0.0,1980000.0,EXTERNAL,Opening accumulated depreciation,,,
2023-10,US01,Corporate,OPEN-US01,opening,2500_DEBT,0.0,2000000.0,EXTERNAL,Opening borrowings,,,
2023-10,US01,Corporate,OPEN-US01,opening,3000_SHARE_CAPITAL,0.0,12020000.0,EXTERNAL,Opening equity,,,
2023-10,JP01,Corporate,OPEN-JP01,opening,1000_CASH,7000000.0,0.0,EXTERNAL,Opening cash,opening,,
2023-10,JP01,Corporate,OPEN-JP01,opening,1500_PPE,9000000.0,0.0,EXTERNAL,Opening PPE,,,
2023-10,JP01,Corporate,OPEN-JP01,opening,1590_ACCUM_DEP,0.0,1980000.0,EXTERNAL,Opening accumulated depreciation,,,
2023-10,JP01,Corporate,OPEN-JP01,opening,2500_DEBT,0.0,2000000.0,EXTERNAL,Opening borrowings,,,
2023-10,JP01,Corporate,OPEN-JP01,opening,3000_SHARE_CAPITAL,0.0,12020000.0,EXTERNAL,Opening equity,,,
2023-10,DE01,Software,SALE-2023-10-00000-DE01,sale,1100_AR,2250.29,0.0,EXTERNAL,External customer invoice,,SW-PLT-CORE-E,C001
2023-10,DE01,Software,SALE-2023-10-00000-DE01,sale,4000_EXTERNAL_REVENUE,0.0,2250.29,EXTERNAL,External customer invoice,,SW-PLT-CORE-E,C001
2023-10,DE01,Software,SERV-2023-10-00000-DE01,service_cost,5050_SERVICE_DELIVERY,330.42,0.0,EXTERNAL,Direct service delivery,,SW-PLT-CORE-E,C001
2023-10,DE01,Software,SERV-2023-10-00000-DE01,service_cost,2100_AP,0.0,330.42,EXTERNAL,Direct service delivery accrual,,SW-PLT-CORE-E,C001
2023-10,DE01,Software,FIX-2023-10-00000-DE01,fixed_production,5400_FIXED_PRODUCTION,96.2,0.0,EXTERNAL,Fixed delivery capacity cost,,SW-PLT-CORE-E,C001
2023-10,DE01,Software,FIX-2023-10-00000-DE01,fixed_production,2100_AP,0.0,96.2,EXTERNAL,Fixed delivery capacity accrual,,SW-PLT-CORE-E,C001
2023-10,DE01,Software,VARSELL-2023-10-00000-DE01,variable_selling,5300_VARIABLE_SELLING,85.06,0.0,EXTERNAL,Variable selling and logistics,,SW-PLT-CORE-E,C001
2023-10,DE01,Software,VARSELL-2023-10-00000-DE01,variable_selling,2100_AP,0.0,85.06,EXTERNAL,Variable selling accrual,,SW-PLT-CORE-E,C001
2023-10,DE01,Software,OPEX-2023-10-00000-DE01,opex,6000_OPEX,123.77,0.0,EXTERNAL,Non-people operating expenses,,SW-PLT-CORE-E,C001
2023-10,DE01,Software,OPEX-2023-10-00000-DE01,opex,2100_AP,0.0,123.77,EXTERNAL,Non-people operating expense accrual,,SW-PLT-CORE-E,C001
2023-10,DE01,Software,SALE-2023-10-00001-DE01,sale,1100_AR,2884.98,0.0,EXTERNAL,External customer invoice,,SW-PLT-CORE-P,C001
2023-10,DE01,Software,SALE-2023-10-00001-DE01,sale,4000_EXTERNAL_REVENUE,0.0,2884.98,EXTERNAL,External customer invoice,,SW-PLT-CORE-P,C001
2023-10,DE01,Software,SERV-2023-10-00001-DE01,service_cost,5050_SERVICE_DELIVERY,504.3,0.0,EXTERNAL,Direct service delivery,,SW-PLT-CORE-P,C001
2023-10,DE01,Software,SERV-2023-10-00001-DE01,service_cost,2100_AP,0.0,504.3,EXTERNAL,Direct service delivery accrual,,SW-PLT-CORE-P,C001
2023-10,DE01,Software,FIX-2023-10-00001-DE01,fixed_production,5400_FIXED_PRODUCTION,129.82,0.0,EXTERNAL,Fixed delivery capacity cost,,SW-PLT-CORE-P,C001
2023-10,DE01,Software,FIX-2023-10-00001-DE01,fixed_production,2100_AP,0.0,129.82,EXTERNAL,Fixed delivery capacity accrual,,SW-PLT-CORE-P,C001
2023-10,DE01,Software,VARSELL-2023-10-00001-DE01,variable_selling,5300_VARIABLE_SELLING,100.97,0.0,EXTERNAL,Variable selling and logistics,,SW-PLT-CORE-P,C001
2023-10,DE01,Software,VARSELL-2023-10-00001-DE01,variable_selling,2100_AP,0.0,100.97,EXTERNAL,Variable selling accrual,,SW-PLT-CORE-P,C001
2023-10,DE01,Software,OPEX-2023-10-00001-DE01,opex,6000_OPEX,158.67,0.0,EXTERNAL,Non-people operating expenses,,SW-PLT-CORE-P,C001
2023-10,DE01,Software,OPEX-2023-10-00001-DE01,opex,2100_AP,0.0,158.67,EXTERNAL,Non-people operating expense accrual,,SW-PLT-CORE-P,C001
2023-10,DE01,Software,SALE-2023-10-00002-DE01,sale,1100_AR,2412.69,0.0,EXTERNAL,External customer invoice,,SW-PLT-WF-E,C001
2023-10,DE01,Software,SALE-2023-10-00002-DE01,sale,4000_EXTERNAL_REVENUE,0.0,2412.69,EXTERNAL,External customer invoice,,SW-PLT-WF-E,C001
2023-10,DE01,Software,SERV-2023-10-00002-DE01,service_cost,5050_SERVICE_DELIVERY,367.1,0.0,EXTERNAL,Direct service delivery,,SW-PLT-WF-E,C001
2023-10,DE01,Software,SERV-2023-10-00002-DE01,service_cost,2100_AP,0.0,367.1,EXTERNAL,Direct service delivery accrual,,SW-PLT-WF-E,C001
2023-10,DE01,Software,FIX-2023-10-00002-DE01,fixed_production,5400_FIXED_PRODUCTION,103.14,0.0,EXTERNAL,Fixed delivery capacity cost,,SW-PLT-WF-E,C001
2023-10,DE01,Software,FIX-2023-10-00002-DE01,fixed_production,2100_AP,0.0,103.14,EXTERNAL,Fixed delivery capacity accrual,,SW-PLT-WF-E,C001
2023-10,DE01,Software,VARSELL-2023-10-00002-DE01,variable_selling,5300_VARIABLE_SELLING,91.2,0.0,EXTERNAL,Variable selling and logistics,,SW-PLT-WF-E,C001
2023-10,DE01,Software,VARSELL-2023-10-00002-DE01,variable_selling,2100_AP,0.0,91.2,EXTERNAL,Variable selling accrual,,SW-PLT-WF-E,C001
2023-10,DE01,Software,OPEX-2023-10-00002-DE01,opex,6000_OPEX,132.7,0.0,EXTERNAL,Non-people operating expenses,,SW-PLT-WF-E,C001
2023-10,DE01,Software,OPEX-2023-10-00002-DE01,opex,2100_AP,0.0,132.7,EXTERNAL,Non-people operating expense accrual,,SW-PLT-WF-E,C001
2023-10,DE01,Software,SALE-2023-10-00003-DE01,sale,1100_AR,3301.37,0.0,EXTERNAL,External customer invoice,,SW-PLT-EDGE-P,C001
2023-10,DE01,Software,SALE-2023-10-00003-DE01,sale,4000_EXTERNAL_REVENUE,0.0,3301.37,EXTERNAL,External customer invoice,,SW-PLT-EDGE-P,C001
2023-10,DE01,Software,SERV-2023-10-00003-DE01,service_cost,5050_SERVICE_DELIVERY,618.94,0.0,EXTERNAL,Direct service delivery,,SW-PLT-EDGE-P,C001
2023-10,DE01,Software,SERV-2023-10-00003-DE01,service_cost,2100_AP,0.0,618.94,EXTERNAL,Direct service delivery accrual,,SW-PLT-EDGE-P,C001
2023-10,DE01,Software,FIX-2023-10-00003-DE01,fixed_production,5400_FIXED_PRODUCTION,148.56,0.0,EXTERNAL,Fixed delivery capacity cost,,SW-PLT-EDGE-P,C001
2023-10,DE01,Software,FIX-2023-10-00003-DE01,fixed_production,2100_AP,0.0,148.56,EXTERNAL,Fixed delivery capacity accrual,,SW-PLT-EDGE-P,C001
2023-10,DE01,Software,VARSELL-2023-10-00003-DE01,variable_selling,5300_VARIABLE_SELLING,115.55,0.0,EXTERNAL,Variable selling and logistics,,SW-PLT-EDGE-P,C001
2023-10,DE01,Software,VARSELL-2023-10-00003-DE01,variable_selling,2100_AP,0.0,115.55,EXTERNAL,Variable selling accrual,,SW-PLT-EDGE-P,C001
2023-10,DE01,Software,OPEX-2023-10-00003-DE01,opex,6000_OPEX,181.58,0.0,EXTERNAL,Non-people operating expenses,,SW-PLT-EDGE-P,C001
2023-10,DE01,Software,OPEX-2023-10-00003-DE01,opex,2100_AP,0.0,181.58,EXTERNAL,Non-people operating expense accrual,,SW-PLT-EDGE-P,C001
2023-10,DE01,Software,SALE-2023-10-00004-DE01,sale,1100_AR,2737.46,0.0,EXTERNAL,External customer invoice,,SW-PLT-API-E,C001
2023-10,DE01,Software,SALE-2023-10-00004-DE01,sale,4000_EXTERNAL_REVENUE,0.0,2737.46,EXTERNAL,External customer invoice,,SW-PLT-API-E,C001
2023-10,DE01,Software,SERV-2023-10-00004-DE01,service_cost,5050_SERVICE_DELIVERY,991.74,0.0,EXTERNAL,Direct service delivery,,SW-PLT-API-E,C001
2023-10,DE01,Software,SERV-2023-10-00004-DE01,service_cost,2100_AP,0.0,991.74,EXTERNAL,Direct service delivery accrual,,SW-PLT-API-E,C001
2023-10,DE01,Software,FIX-2023-10-00004-DE01,fixed_production,5400_FIXED_PRODUCTION,117.03,0.0,EXTERNAL,Fixed delivery capacity cost,,SW-PLT-API-E,C001
2023-10,DE01,Software,FIX-2023-10-00004-DE01,fixed_production,2100_AP,0.0,117.03,EXTERNAL,Fixed delivery capacity accrual,,SW-PLT-API-E,C001
2023-10,DE01,Software,VARSELL-2023-10-00004-DE01,variable_selling,5300_VARIABLE_SELLING,103.48,0.0,EXTERNAL,Variable selling and logistics,,SW-PLT-API-E,C001
2023-10,DE01,Software,VARSELL-2023-10-00004-DE01,variable_selling,2100_AP,0.0,103.48,EXTERNAL,Variable selling accrual,,SW-PLT-API-E,C001
2023-10,DE01,Software,OPEX-2023-10-00004-DE01,opex,6000_OPEX,150.56,0.0,EXTERNAL,Non-people operating expenses,,SW-PLT-API-E,C001
2023-10,DE01,Software,OPEX-2023-10-00004-DE01,opex,2100_AP,0.0,150.56,EXTERNAL,Non-people operating expense accrual,,SW-PLT-API-E,C001
2023-10,DE01,Software,SALE-2023-10-00005-DE01,sale,1100_AR,3509.57,0.0,EXTERNAL,External customer invoice,,SW-PLT-API-P,C001
2023-10,DE01,Software,SALE-2023-10-00005-DE01,sale,4000_EXTERNAL_REVENUE,0.0,3509.57,EXTERNAL,External customer invoice,,SW-PLT-API-P,C001
2023-10,DE01,Software,SERV-2023-10-00005-DE01,service_cost,5050_SERVICE_DELIVERY,680.23,0.0,EXTERNAL,Direct service delivery,,SW-PLT-API-P,C001
2023-10,DE01,Software,SERV-2023-10-00005-DE01,service_cost,2100_AP,0.0,680.23,EXTERNAL,Direct service delivery accrual,,SW-PLT-API-P,C001
2023-10,DE01,Software,FIX-2023-10-00005-DE01,fixed_production,5400_FIXED_PRODUCTION,157.93,0.0,EXTERNAL,Fixed delivery capacity cost,,SW-PLT-API-P,C001
2023-10,DE01,Software,FIX-2023-10-00005-DE01,fixed_production,2100_AP,0.0,157.93,EXTERNAL,Fixed delivery capacity accrual,,SW-PLT-API-P,C001
2023-10,DE01,Software,VARSELL-2023-10-00005-DE01,variable_selling,5300_VARIABLE_SELLING,122.83,0.0,EXTERNAL,Variable selling and logistics,,SW-PLT-API-P,C001
2023-10,DE01,Software,VARSELL-2023-10-00005-DE01,variable_selling,2100_AP,0.0,122.83,EXTERNAL,Variable selling accrual,,SW-PLT-API-P,C001
2023-10,DE01,Software,OPEX-2023-10-00005-DE01,opex,6000_OPEX,193.03,0.0,EXTERNAL,Non-people operating expenses,,SW-PLT-API-P,C001
2023-10,DE01,Software,OPEX-2023-10-00005-DE01,opex,2100_AP,0.0,193.03,EXTERNAL,Non-people operating expense accrual,,SW-PLT-API-P,C001
2023-10,DE01,Software,SALE-2023-10-00006-DE01,sale,1100_AR,2597.08,0.0,EXTERNAL,External customer invoice,,SW-PLT-API-X,C001
2023-10,DE01,Software,SALE-2023-10-00006-DE01,sale,4000_EXTERNAL_REVENUE,0.0,2597.08,EXTERNAL,External customer invoice,,SW-PLT-API-X,C001
2023-10,DE01,Software,SERV-2023-10-00006-DE01,service_cost,5050_SERVICE_DELIVERY,614.11,0.0,EXTERNAL,Direct service delivery,,SW-PLT-API-X,C001
2023-10,DE01,Software,SERV-2023-10-00006-DE01,service_cost,2100_AP,0.0,614.11,EXTERNAL,Direct service delivery accrual,,SW-PLT-API-X,C001
2023-10,DE01,Software,FIX-2023-10-00006-DE01,fixed_production,5400_FIXED_PRODUCTION,128.56,0.0,EXTERNAL,Fixed delivery capacity cost,,SW-PLT-API-X,C001
2023-10,DE01,Software,FIX-2023-10-00006-DE01,fixed_production,2100_AP,0.0,128.56,EXTERNAL,Fixed delivery capacity accrual,,SW-PLT-API-X,C001
2023-10,DE01,Software,VARSELL-2023-10-00006-DE01,variable_selling,5300_VARIABLE_SELLING,83.63,0.0,EXTERNAL,Variable selling and logistics,,SW-PLT-API-X,C001
2023-10,DE01,Software,VARSELL-2023-10-00006-DE01,variable_selling,2100_AP,0.0,83.63,EXTERNAL,Variable selling accrual,,SW-PLT-API-X,C001
2023-10,DE01,Software,OPEX-2023-10-00006-DE01,opex,6000_OPEX,142.84,0.0,EXTERNAL,Non-people operating expenses,,SW-PLT-API-X,C001
2023-10,DE01,Software,OPEX-2023-10-00006-DE01,opex,2100_AP,0.0,142.84,EXTERNAL,Non-people operating expense accrual,,SW-PLT-API-X,C001
2023-10,DE01,Software,SALE-2023-10-00007-DE01,sale,1100_AR,2655.34,0.0,EXTERNAL,External customer invoice,,SW-SEC-IAM-E,C001
2023-10,DE01,Software,SALE-2023-10-00007-DE01,sale,4000_EXTERNAL_REVENUE,0.0,2655.34,EXTERNAL,External customer invoice,,SW-SEC-IAM-E,C001
2023-10,DE01,Software,SERV-2023-10-00007-DE01,service_cost,5050_SERVICE_DELIVERY,389.89,0.0,EXTERNAL,Direct service delivery,,SW-SEC-IAM-E,C001
2023-10,DE01,Software,SERV-2023-10-00007-DE01,service_cost,2100_AP,0.0,389.89,EXTERNAL,Direct service delivery accrual,,SW-SEC-IAM-E,C001
2023-10,DE01,Software,FIX-2023-10-00007-DE01,fixed_production,5400_FIXED_PRODUCTION,113.52,0.0,EXTERNAL,Fixed delivery capacity cost,,SW-SEC-IAM-E,C001
2023-10,DE01,Software,FIX-2023-10-00007-DE01,fixed_production,2100_AP,0.0,113.52,EXTERNAL,Fixed delivery capacity accrual,,SW-SEC-IAM-E,C001
2023-10,DE01,Software,VARSELL-2023-10-00007-DE01,variable_selling,5300_VARIABLE_SELLING,100.37,0.0,EXTERNAL,Variable selling and logistics,,SW-SEC-IAM-E,C001
2023-10,DE01,Software,VARSELL-2023-10-00007-DE01,variable_selling,2100_AP,0.0,100.37,EXTERNAL,Variable selling accrual,,SW-SEC-IAM-E,C001
2023-10,DE01,Software,OPEX-2023-10-00007-DE01,opex,6000_OPEX,146.04,0.0,EXTERNAL,Non-people operating expenses,,SW-SEC-IAM-E,C001
2023-10,DE01,Software,OPEX-2023-10-00007-DE01,opex,2100_AP,0.0,146.04,EXTERNAL,Non-people operating expense accrual,,SW-SEC-IAM-E,C001
2023-10,DE01,Software,SALE-2023-10-00008-DE01,sale,1100_AR,1702.14,0.0,EXTERNAL,External customer invoice,,SW-SEC-IAM-P,C001
2023-10,DE01,Software,SALE-2023-10-00008-DE01,sale,4000_EXTERNAL_REVENUE,0.0,1702.14,EXTERNAL,External customer invoice,,SW-SEC-IAM-P,C001
2023-10,DE01,Software,SERV-2023-10-00008-DE01,service_cost,5050_SERVICE_DELIVERY,297.53,0.0,EXTERNAL,Direct service delivery,,SW-SEC-IAM-P,C001
2023-10,DE01,Software,SERV-2023-10-00008-DE01,service_cost,2100_AP,0.0,297.53,EXTERNAL,Direct service delivery accrual,,SW-SEC-IAM-P,C001
2023-10,DE01,Software,FIX-2023-10-00008-DE01,fixed_production,5400_FIXED_PRODUCTION,76.6,0.0,EXTERNAL,Fixed delivery capacity cost,,SW-SEC-IAM-P,C001
2023-10,DE01,Software,FIX-2023-10-00008-DE01,fixed_production,2100_AP,0.0,76.6,EXTERNAL,Fixed delivery capacity accrual,,SW-SEC-IAM-P,C001
2023-10,DE01,Software,VARSELL-2023-10-00008-DE01,variable_selling,5300_VARIABLE_SELLING,59.57,0.0,EXTERNAL,Variable selling and logistics,,SW-SEC-IAM-P,C001
2023-10,DE01,Software,VARSELL-2023-10-00008-DE01,variable_selling,2100_AP,0.0,59.57,EXTERNAL,Variable selling accrual,,SW-SEC-IAM-P,C001
2023-10,DE01,Software,OPEX-2023-10-00008-DE01,opex,6000_OPEX,93.62,0.0,EXTERNAL,Non-people operating expenses,,SW-SEC-IAM-P,C001
2023-10,DE01,Software,OPEX-2023-10-00008-DE01,opex,2100_AP,0.0,93.62,EXTERNAL,Non-people operating expense accrual,,SW-SEC-IAM-P,C001
2023-10,DE01,Software,SALE-2023-10-00009-DE01,sale,1100_AR,2846.96,0.0,EXTERNAL,External customer invoice,,SW-SEC-PAM-E,C001
2023-10,DE01,Software,SALE-2023-10-00009-DE01,sale,4000_EXTERNAL_REVENUE,0.0,2846.96,EXTERNAL,External customer invoice,,SW-SEC-PAM-E,C001
2023-10,DE01,Software,SERV-2023-10-00009-DE01,service_cost,5050_SERVICE_DELIVERY,433.18,0.0,EXTERNAL,Direct service delivery,,SW-SEC-PAM-E,C001
2023-10,DE01,Software,SERV-2023-10-00009-DE01,service_cost,2100_AP,0.0,433.18,EXTERNAL,Direct service delivery accrual,,SW-SEC-PAM-E,C001
2023-10,DE01,Software,FIX-2023-10-00009-DE01,fixed_production,5400_FIXED_PRODUCTION,121.71,0.0,EXTERNAL,Fixed delivery capacity cost,,SW-SEC-PAM-E,C001
2023-10,DE01,Software,FIX-2023-10-00009-DE01,fixed_production,2100_AP,0.0,121.71,EXTERNAL,Fixed delivery capacity accrual,,SW-SEC-PAM-E,C001
2023-10,DE01,Software,VARSELL-2023-10-00009-DE01,variable_selling,5300_VARIABLE_SELLING,107.62,0.0,EXTERNAL,Variable selling and logistics,,SW-SEC-PAM-E,C001
2023-10,DE01,Software,VARSELL-2023-10-00009-DE01,variable_selling,2100_AP,0.0,107.62,EXTERNAL,Variable selling accrual,,SW-SEC-PAM-E,C001
2023-10,DE01,Software,OPEX-2023-10-00009-DE01,opex,6000_OPEX,156.58,0.0,EXTERNAL,Non-people operating expenses,,SW-SEC-PAM-E,C001
2023-10,DE01,Software,OPEX-2023-10-00009-DE01,opex,2100_AP,0.0,156.58,EXTERNAL,Non-people operating expense accrual,,SW-SEC-PAM-E,C001
2023-10,DE01,Software,SALE-2023-10-00010-DE01,sale,1100_AR,3038.58,0.0,EXTERNAL,External customer invoice,,SW-SEC-KMS-E,C001
2023-10,DE01,Software,SALE-2023-10-00010-DE01,sale,4000_EXTERNAL_REVENUE,0.0,3038.58,EXTERNAL,External customer invoice,,SW-SEC-KMS-E,C001
2023-10,DE01,Software,SERV-2023-10-00010-DE01,service_cost,5050_SERVICE_DELIVERY,478.54,0.0,EXTERNAL,Direct service delivery,,SW-SEC-KMS-E,C001
2023-10,DE01,Software,SERV-2023-10-00010-DE01,service_cost,2100_AP,0.0,478.54,EXTERNAL,Direct service delivery accrual,,SW-SEC-KMS-E,C001
2023-10,DE01,Software,FIX-2023-10-00010-DE01,fixed_production,5400_FIXED_PRODUCTION,129.9,0.0,EXTERNAL,Fixed delivery capacity cost,,SW-SEC-KMS-E,C001
2023-10,DE01,Software,FIX-2023-10-00010-DE01,fixed_production,2100_AP,0.0,129.9,EXTERNAL,Fixed delivery capacity accrual,,SW-SEC-KMS-E,C001
2023-10,DE01,Software,VARSELL-2023-10-00010-DE01,variable_selling,5300_VARIABLE_SELLING,114.86,0.0,EXTERNAL,Variable selling and logistics,,SW-SEC-KMS-E,C001
2023-10,DE01,Software,VARSELL-2023-10-00010-DE01,variable_selling,2100_AP,0.0,114.86,EXTERNAL,Variable selling accrual,,SW-SEC-KMS-E,C001
2023-10,DE01,Software,OPEX-2023-10-00010-DE01,opex,6000_OPEX,167.12,0.0,EXTERNAL,Non-people operating expenses,,SW-SEC-KMS-E,C001
2023-10,DE01,Software,OPEX-2023-10-00010-DE01,opex,2100_AP,0.0,167.12,EXTERNAL,Non-people operating expense accrual,,SW-SEC-KMS-E,C001
2023-10,DE01,Software,SALE-2023-10-00011-DE01,sale,1100_AR,3064.55,0.0,EXTERNAL,External customer invoice,,SW-SEC-CMP-X,C001
2023-10,DE01,Software,SALE-2023-10-00011-DE01,sale,4000_EXTERNAL_REVENUE,0.0,3064.55,EXTERNAL,External customer invoice,,SW-SEC-CMP-X,C001
2023-10,DE01,Software,SERV-2023-10-00011-DE01,service_cost,5050_SERVICE_DELIVERY,724.65,0.0,EXTERNAL,Direct service delivery,,SW-SEC-CMP-X,C001
2023-10,DE01,Software,SERV-2023-10-00011-DE01,service_cost,2100_AP,0.0,724.65,EXTERNAL,Direct service delivery accrual,,SW-SEC-CMP-X,C001
2023-10,DE01,Software,FIX-2023-10-00011-DE01,fixed_production,5400_FIXED_PRODUCTION,151.7,0.0,EXTERNAL,Fixed delivery capacity cost,,SW-SEC-CMP-X,C001
2023-10,DE01,Software,FIX-2023-10-00011-DE01,fixed_production,2100_AP,0.0,151.7,EXTERNAL,Fixed delivery capacity accrual,,SW-SEC-CMP-X,C001
2023-10,DE01,Software,VARSELL-2023-10-00011-DE01,variable_selling,5300_VARIABLE_SELLING,98.68,0.0,EXTERNAL,Variable selling and logistics,,SW-SEC-CMP-X,C001
2023-10,DE01,Software,VARSELL-2023-10-00011-DE01,variable_selling,2100_AP,0.0,98.68,EXTERNAL,Variable selling accrual,,SW-SEC-CMP-X,C001
2023-10,DE01,Software,OPEX-2023-10-00011-DE01,opex,6000_OPEX,168.55,0.0,EXTERNAL,Non-people operating expenses,,SW-SEC-CMP-X,C001
2023-10,DE01,Software,OPEX-2023-10-00011-DE01,opex,2100_AP,0.0,168.55,EXTERNAL,Non-people operating expense accrual,,SW-SEC-CMP-X,C001
2023-10,DE01,Software,SALE-2023-10-00012-DE01,sale,1100_AR,2362.81,0.0,EXTERNAL,External customer invoice,,SW-ANL-BI-E,C001
2023-10,DE01,Software,SALE-2023-10-00012-DE01,sale,4000_EXTERNAL_REVENUE,0.0,2362.81,EXTERNAL,External customer invoice,,SW-ANL-BI-E,C001
2023-10,DE01,Software,SERV-2023-10-00012-DE01,service_cost,5050_SERVICE_DELIVERY,346.93,0.0,EXTERNAL,Direct service delivery,,SW-ANL-BI-E,C001
2023-10,DE01,Software,SERV-2023-10-00012-DE01,service_cost,2100_AP,0.0,346.93,EXTERNAL,Direct service delivery accrual,,SW-ANL-BI-E,C001
2023-10,DE01,Software,FIX-2023-10-00012-DE01,fixed_production,5400_FIXED_PRODUCTION,101.01,0.0,EXTERNAL,Fixed delivery capacity cost,,SW-ANL-BI-E,C001
2023-10,DE01,Software,FIX-2023-10-00012-DE01,fixed_production,2100_AP,0.0,101.01,EXTERNAL,Fixed delivery capacity accrual,,SW-ANL-BI-E,C001
2023-10,DE01,Software,VARSELL-2023-10-00012-DE01,variable_selling,5300_VARIABLE_SELLING,89.31,0.0,EXTERNAL,Variable selling and logistics,,SW-ANL-BI-E,C001
2023-10,DE01,Software,VARSELL-2023-10-00012-DE01,variable_selling,2100_AP,0.0,89.31,EXTERNAL,Variable selling accrual,,SW-ANL-BI-E,C001
2023-10,DE01,Software,OPEX-2023-10-00012-DE01,opex,6000_OPEX,129.95,0.0,EXTERNAL,Non-people operating expenses,,SW-ANL-BI-E,C001
2023-10,DE01,Software,OPEX-2023-10-00012-DE01,opex,2100_AP,0.0,129.95,EXTERNAL,Non-people operating expense accrual,,SW-ANL-BI-E,C001
2023-10,DE01,Software,SALE-2023-10-00013-DE01,sale,1100_AR,3247.84,0.0,EXTERNAL,External customer invoice,,SW-ANL-FIN-P,C001
2023-10,DE01,Software,SALE-2023-10-00013-DE01,sale,4000_EXTERNAL_REVENUE,0.0,3247.84,EXTERNAL,External customer invoice,,SW-ANL-FIN-P,C001
2023-10,DE01,Software,SERV-2023-10-00013-DE01,service_cost,5050_SERVICE_DELIVERY,588.32,0.0,EXTERNAL,Direct service delivery,,SW-ANL-FIN-P,C001
2023-10,DE01,Software,SERV-2023-10-00013-DE01,service_cost,2100_AP,0.0,588.32,EXTERNAL,Direct service delivery accrual,,SW-ANL-FIN-P,C001
2023-10,DE01,Software,FIX-2023-10-00013-DE01,fixed_production,5400_FIXED_PRODUCTION,146.15,0.0,EXTERNAL,Fixed delivery capacity cost,,SW-ANL-FIN-P,C001
2023-10,DE01,Software,FIX-2023-10-00013-DE01,fixed_production,2100_AP,0.0,146.15,EXTERNAL,Fixed delivery capacity accrual,,SW-ANL-FIN-P,C001
2023-10,DE01,Software,VARSELL-2023-10-00013-DE01,variable_selling,5300_VARIABLE_SELLING,113.67,0.0,EXTERNAL,Variable selling and logistics,,SW-ANL-FIN-P,C001
2023-10,DE01,Software,VARSELL-2023-10-00013-DE01,variable_selling,2100_AP,0.0,113.67,EXTERNAL,Variable selling accrual,,SW-ANL-FIN-P,C001
2023-10,DE01,Software,OPEX-2023-10-00013-DE01,opex,6000_OPEX,178.63,0.0,EXTERNAL,Non-people operating expenses,,SW-ANL-FIN-P,C001
2023-10,DE01,Software,OPEX-2023-10-00013-DE01,opex,2100_AP,0.0,178.63,EXTERNAL,Non-people operating expense accrual,,SW-ANL-FIN-P,C001
2023-10,DE01,Software,SALE-2023-10-00014-DE01,sale,1100_AR,2403.4,0.0,EXTERNAL,External customer invoice,,SW-ANL-FIN-X,C001
2023-10,DE01,Software,SALE-2023-10-00014-DE01,sale,4000_EXTERNAL_REVENUE,0.0,2403.4,EXTERNAL,External customer invoice,,SW-ANL-FIN-X,C001
2023-10,DE01,Software,SERV-2023-10-00014-DE01,service_cost,5050_SERVICE_DELIVERY,531.13,0.0,EXTERNAL,Direct service delivery,,SW-ANL-FIN-X,C001
2023-10,DE01,Software,SERV-2023-10-00014-DE01,service_cost,2100_AP,0.0,531.13,EXTERNAL,Direct service delivery accrual,,SW-ANL-FIN-X,C001
2023-10,DE01,Software,FIX-2023-10-00014-DE01,fixed_production,5400_FIXED_PRODUCTION,118.97,0.0,EXTERNAL,Fixed delivery capacity cost,,SW-ANL-FIN-X,C001
2023-10,DE01,Software,FIX-2023-10-00014-DE01,fixed_production,2100_AP,0.0,118.97,EXTERNAL,Fixed delivery capacity accrual,,SW-ANL-FIN-X,C001
2023-10,DE01,Software,VARSELL-2023-10-00014-DE01,variable_selling,5300_VARIABLE_SELLING,77.39,0.0,EXTERNAL,Variable selling and logistics,,SW-ANL-FIN-X,C001
2023-10,DE01,Software,VARSELL-2023-10-00014-DE01,variable_selling,2100_AP,0.0,77.39,EXTERNAL,Variable selling accrual,,SW-ANL-FIN-X,C001
2023-10,DE01,Software,OPEX-2023-10-00014-DE01,opex,6000_OPEX,132.19,0.0,EXTERNAL,Non-people operating expenses,,SW-ANL-FIN-X,C001
2023-10,DE01,Software,OPEX-2023-10-00014-DE01,opex,2100_AP,0.0,132.19,EXTERNAL,Non-people operating expense accrual,,SW-ANL-FIN-X,C001
2023-10,DE01,Software,SALE-2023-10-00015-DE01,sale,1100_AR,1733.22,0.0,EXTERNAL,External customer invoice,,SW-ANL-PRD-P,C001
2023-10,DE01,Software,SALE-2023-10-00015-DE01,sale,4000_EXTERNAL_REVENUE,0.0,1733.22,EXTERNAL,External customer invoice,,SW-ANL-PRD-P,C001
2023-10,DE01,Software,SERV-2023-10-00015-DE01,service_cost,5050_SERVICE_DELIVERY,324.94,0.0,EXTERNAL,Direct service delivery,,SW-ANL-PRD-P,C001
2023-10,DE01,Software,SERV-2023-10-00015-DE01,service_cost,2100_AP,0.0,324.94,EXTERNAL,Direct service delivery accrual,,SW-ANL-PRD-P,C001
2023-10,DE01,Software,FIX-2023-10-00015-DE01,fixed_production,5400_FIXED_PRODUCTION,77.99,0.0,EXTERNAL,Fixed delivery capacity cost,,SW-ANL-PRD-P,C001
2023-10,DE01,Software,FIX-2023-10-00015-DE01,fixed_production,2100_AP,0.0,77.99,EXTERNAL,Fixed delivery capacity accrual,,SW-ANL-PRD-P,C001
2023-10,DE01,Software,VARSELL-2023-10-00015-DE01,variable_selling,5300_VARIABLE_SELLING,60.66,0.0,EXTERNAL,Variable selling and logistics,,SW-ANL-PRD-P,C001
2023-10,DE01,Software,VARSELL-2023-10-00015-DE01,variable_selling,2100_AP,0.0,60.66,EXTERNAL,Variable selling accrual,,SW-ANL-PRD-P,C001
2023-10,DE01,Software,OPEX-2023-10-00015-DE01,opex,6000_OPEX,95.33,0.0,EXTERNAL,Non-people operating expenses,,SW-ANL-PRD-P,C001
2023-10,DE01,Software,OPEX-2023-10-00015-DE01,opex,2100_AP,0.0,95.33,EXTERNAL,Non-people operating expense accrual,,SW-ANL-PRD-P,C001
2023-10,DE01,Software,SALE-2023-10-00016-DE01,sale,1100_AR,2348.38,0.0,EXTERNAL,External customer invoice,,SW-AUT-ORC-X,C001
2023-10,DE01,Software,SALE-2023-10-00016-DE01,sale,4000_EXTERNAL_REVENUE,0.0,2348.38,EXTERNAL,External customer invoice,,SW-AUT-ORC-X,C001
2023-10,DE01,Software,SERV-2023-10-00016-DE01,service_cost,5050_SERVICE_DELIVERY,500.81,0.0,EXTERNAL,Direct service delivery,,SW-AUT-ORC-X,C001
2023-10,DE01,Software,SERV-2023-10-00016-DE01,service_cost,2100_AP,0.0,500.81,EXTERNAL,Direct service delivery accrual,,SW-AUT-ORC-X,C001
2023-10,DE01,Software,FIX-2023-10-00016-DE01,fixed_production,5400_FIXED_PRODUCTION,116.24,0.0,EXTERNAL,Fixed delivery capacity cost,,SW-AUT-ORC-X,C001
2023-10,DE01,Software,FIX-2023-10-00016-DE01,fixed_production,2100_AP,0.0,116.24,EXTERNAL,Fixed delivery capacity accrual,,SW-AUT-ORC-X,C001
2023-10,DE01,Software,VARSELL-2023-10-00016-DE01,variable_selling,5300_VARIABLE_SELLING,75.62,0.0,EXTERNAL,Variable selling and logistics,,SW-AUT-ORC-X,C001
2023-10,DE01,Software,VARSELL-2023-10-00016-DE01,variable_selling,2100_AP,0.0,75.62,EXTERNAL,Variable selling accrual,,SW-AUT-ORC-X,C001
2023-10,DE01,Software,OPEX-2023-10-00016-DE01,opex,6000_OPEX,129.16,0.0,EXTERNAL,Non-people operating expenses,,SW-AUT-ORC-X,C001
2023-10,DE01,Software,OPEX-2023-10-00016-DE01,opex,2100_AP,0.0,129.16,EXTERNAL,Non-people operating expense accrual,,SW-AUT-ORC-X,C001
2023-10,DE01,Software,SALE-2023-10-00017-DE01,sale,1100_AR,2653.94,0.0,EXTERNAL,External customer invoice,,SW-AUT-RPA-E,C001
2023-10,DE01,Software,SALE-2023-10-00017-DE01,sale,4000_EXTERNAL_REVENUE,0.0,2653.94,EXTERNAL,External customer invoice,,SW-AUT-RPA-E,C001
2023-10,DE01,Software,SERV-2023-10-00017-DE01,service_cost,5050_SERVICE_DELIVERY,403.83,0.0,EXTERNAL,Direct service delivery,,SW-AUT-RPA-E,C001
2023-10,DE01,Software,SERV-2023-10-00017-DE01,service_cost,2100_AP,0.0,403.83,EXTERNAL,Direct service delivery accrual,,SW-AUT-RPA-E,C001
2023-10,DE01,Software,FIX-2023-10-00017-DE01,fixed_production,5400_FIXED_PRODUCTION,113.46,0.0,EXTERNAL,Fixed delivery capacity cost,,SW-AUT-RPA-E,C001
2023-10,DE01,Software,FIX-2023-10-00017-DE01,fixed_production,2100_AP,0.0,113.46,EXTERNAL,Fixed delivery capacity accrual,,SW-AUT-RPA-E,C001
2023-10,DE01,Software,VARSELL-2023-10-00017-DE01,variable_selling,5300_VARIABLE_SELLING,100.32,0.0,EXTERNAL,Variable selling and logistics,,SW-AUT-RPA-E,C001
2023-10,DE01,Software,VARSELL-2023-10-00017-DE01,variable_selling,2100_AP,0.0,100.32,EXTERNAL,Variable selling accrual,,SW-AUT-RPA-E,C001
2023-10,DE01,Software,OPEX-2023-10-00017-DE01,opex,6000_OPEX,145.97,0.0,EXTERNAL,Non-people operating expenses,,SW-AUT-RPA-E,C001
2023-10,DE01,Software,OPEX-2023-10-00017-DE01,opex,2100_AP,0.0,145.97,EXTERNAL,Non-people operating expense accrual,,SW-AUT-RPA-E,C001
2023-10,DE01,Software,SALE-2023-10-00018-DE01,sale,1100_AR,1701.25,0.0,EXTERNAL,External customer invoice,,SW-AUT-RPA-P,C001
2023-10,DE01,Software,SALE-2023-10-00018-DE01,sale,4000_EXTERNAL_REVENUE,0.0,1701.25,EXTERNAL,External customer invoice,,SW-AUT-RPA-P,C001
2023-10,DE01,Software,SERV-2023-10-00018-DE01,service_cost,5050_SERVICE_DELIVERY,308.17,0.0,EXTERNAL,Direct service delivery,,SW-AUT-RPA-P,C001
2023-10,DE01,Software,SERV-2023-10-00018-DE01,service_cost,2100_AP,0.0,308.17,EXTERNAL,Direct service delivery accrual,,SW-AUT-RPA-P,C001
2023-10,DE01,Software,FIX-2023-10-00018-DE01,fixed_production,5400_FIXED_PRODUCTION,76.56,0.0,EXTERNAL,Fixed delivery capacity cost,,SW-AUT-RPA-P,C001
2023-10,DE01,Software,FIX-2023-10-00018-DE01,fixed_production,2100_AP,0.0,76.56,EXTERNAL,Fixed delivery capacity accrual,,SW-AUT-RPA-P,C001
2023-10,DE01,Software,VARSELL-2023-10-00018-DE01,variable_selling,5300_VARIABLE_SELLING,59.54,0.0,EXTERNAL,Variable selling and logistics,,SW-AUT-RPA-P,C001
2023-10,DE01,Software,VARSELL-2023-10-00018-DE01,variable_selling,2100_AP,0.0,59.54,EXTERNAL,Variable selling accrual,,SW-AUT-RPA-P,C001
2023-10,DE01,Software,OPEX-2023-10-00018-DE01,opex,6000_OPEX,93.57,0.0,EXTERNAL,Non-people operating expenses,,SW-AUT-RPA-P,C001
2023-10,DE01,Software,OPEX-2023-10-00018-DE01,opex,2100_AP,0.0,93.57,EXTERNAL,Non-people operating expense accrual,,SW-AUT-RPA-P,C001
2023-10,DE01,Software,SALE-2023-10-00019-DE01,sale,1100_AR,3011.2,0.0,EXTERNAL,External customer invoice,,SW-AUT-MON-E,C001
2023-10,DE01,Software,SALE-2023-10-00019-DE01,sale,4000_EXTERNAL_REVENUE,0.0,3011.2,EXTERNAL,External customer invoice,,SW-AUT-MON-E,C001
2023-10,DE01,Software,SERV-2023-10-00019-DE01,service_cost,5050_SERVICE_DELIVERY,490.25,0.0,EXTERNAL,Direct service delivery,,SW-AUT-MON-E,C001
2023-10,DE01,Software,SERV-2023-10-00019-DE01,service_cost,2100_AP,0.0,490.25,EXTERNAL,Direct service delivery accrual,,SW-AUT-MON-E,C001
2023-10,DE01,Software,FIX-2023-10-00019-DE01,fixed_production,5400_FIXED_PRODUCTION,128.73,0.0,EXTERNAL,Fixed delivery capacity cost,,SW-AUT-MON-E,C001
2023-10,DE01,Software,FIX-2023-10-00019-DE01,fixed_production,2100_AP,0.0,128.73,EXTERNAL,Fixed delivery capacity accrual,,SW-AUT-MON-E,C001
2023-10,DE01,Software,VARSELL-2023-10-00019-DE01,variable_selling,5300_VARIABLE_SELLING,113.82,0.0,EXTERNAL,Variable selling and logistics,,SW-AUT-MON-E,C001
2023-10,DE01,Software,VARSELL-2023-10-00019-DE01,variable_selling,2100_AP,0.0,113.82,EXTERNAL,Variable selling accrual,,SW-AUT-MON-E,C001
2023-10,DE01,Software,OPEX-2023-10-00019-DE01,opex,6000_OPEX,165.62,0.0,EXTERNAL,Non-people operating expenses,,SW-AUT-MON-E,C001
2023-10,DE01,Software,OPEX-2023-10-00019-DE01,opex,2100_AP,0.0,165.62,EXTERNAL,Non-people operating expense accrual,,SW-AUT-MON-E,C001
2023-10,DE01,Software,SALE-2023-10-00020-DE01,sale,1100_AR,4269.78,0.0,EXTERNAL,External customer invoice,,SW-PLT-CORE-X,C002
2023-10,DE01,Software,SALE-2023-10-00020-DE01,sale,4000_EXTERNAL_REVENUE,0.0,4269.78,EXTERNAL,External customer invoice,,SW-PLT-CORE-X,C002
2023-10,DE01,Software,SERV-2023-10-00020-DE01,service_cost,5050_SERVICE_DELIVERY,910.57,0.0,EXTERNAL,Direct service delivery,,SW-PLT-CORE-X,C002
2023-10,DE01,Software,SERV-2023-10-00020-DE01,service_cost,2100_AP,0.0,910.57,EXTERNAL,Direct service delivery accrual,,SW-PLT-CORE-X,C002
2023-10,DE01,Software,FIX-2023-10-00020-DE01,fixed_production,5400_FIXED_PRODUCTION,211.35,0.0,EXTERNAL,Fixed delivery capacity cost,,SW-PLT-CORE-X,C002
2023-10,DE01,Software,FIX-2023-10-00020-DE01,fixed_production,2100_AP,0.0,211.35,EXTERNAL,Fixed delivery capacity accrual,,SW-PLT-CORE-X,C002
2023-10,DE01,Software,VARSELL-2023-10-00020-DE01,variable_selling,5300_VARIABLE_SELLING,137.49,0.0,EXTERNAL,Variable selling and logistics,,SW-PLT-CORE-X,C002
2023-10,DE01,Software,VARSELL-2023-10-00020-DE01,variable_selling,2100_AP,0.0,137.49,EXTERNAL,Variable selling accrual,,SW-PLT-CORE-X,C002
2023-10,DE01,Software,OPEX-2023-10-00020-DE01,opex,6000_OPEX,234.84,0.0,EXTERNAL,Non-people operating expenses,,SW-PLT-CORE-X,C002
2023-10,DE01,Software,OPEX-2023-10-00020-DE01,opex,2100_AP,0.0,234.84,EXTERNAL,Non-people operating expense accrual,,SW-PLT-CORE-X,C002
2023-10,DE01,Software,SALE-2023-10-00021-DE01,sale,1100_AR,4825.37,0.0,EXTERNAL,External customer invoice,,SW-PLT-WF-E,C002
2023-10,DE01,Software,SALE-2023-10-00021-DE01,sale,4000_EXTERNAL_REVENUE,0.0,4825.37,EXTERNAL,External customer invoice,,SW-PLT-WF-E,C002
2023-10,DE01,Software,SERV-2023-10-00021-DE01,service_cost,5050_SERVICE_DELIVERY,734.21,0.0,EXTERNAL,Direct service delivery,,SW-PLT-WF-E,C002
2023-10,DE01,Software,SERV-2023-10-00021-DE01,service_cost,2100_AP,0.0,734.21,EXTERNAL,Direct service delivery accrual,,SW-PLT-WF-E,C002
2023-10,DE01,Software,FIX-2023-10-00021-DE01,fixed_production,5400_FIXED_PRODUCTION,206.28,0.0,EXTERNAL,Fixed delivery capacity cost,,SW-PLT-WF-E,C002
2023-10,DE01,Software,FIX-2023-10-00021-DE01,fixed_production,2100_AP,0.0,206.28,EXTERNAL,Fixed delivery capacity accrual,,SW-PLT-WF-E,C002
2023-10,DE01,Software,VARSELL-2023-10-00021-DE01,variable_selling,5300_VARIABLE_SELLING,182.4,0.0,EXTERNAL,Variable selling and logistics,,SW-PLT-WF-E,C002
2023-10,DE01,Software,VARSELL-2023-10-00021-DE01,variable_selling,2100_AP,0.0,182.4,EXTERNAL,Variable selling accrual,,SW-PLT-WF-E,C002
2023-10,DE01,Software,OPEX-2023-10-00021-DE01,opex,6000_OPEX,265.4,0.0,EXTERNAL,Non-people operating expenses,,SW-PLT-WF-E,C002
2023-10,DE01,Software,OPEX-2023-10-00021-DE01,opex,2100_AP,0.0,265.4,EXTERNAL,Non-people operating expense accrual,,SW-PLT-WF-E,C002
2023-10,DE01,Software,SALE-2023-10-00022-DE01,sale,1100_AR,4639.76,0.0,EXTERNAL,External customer invoice,,SW-PLT-WF-P,C002
2023-10,DE01,Software,SALE-2023-10-00022-DE01,sale,4000_EXTERNAL_REVENUE,0.0,4639.76,EXTERNAL,External customer invoice,,SW-PLT-WF-P,C002
2023-10,DE01,Software,SERV-2023-10-00022-DE01,service_cost,5050_SERVICE_DELIVERY,840.44,0.0,EXTERNAL,Direct service delivery,,SW-PLT-WF-P,C002
2023-10,DE01,Software,SERV-2023-10-00022-DE01,service_cost,2100_AP,0.0,840.44,EXTERNAL,Direct service delivery accrual,,SW-PLT-WF-P,C002
2023-10,DE01,Software,FIX-2023-10-00022-DE01,fixed_production,5400_FIXED_PRODUCTION,208.79,0.0,EXTERNAL,Fixed delivery capacity cost,,SW-PLT-WF-P,C002
2023-10,DE01,Software,FIX-2023-10-00022-DE01,fixed_production,2100_AP,0.0,208.79,EXTERNAL,Fixed delivery capacity accrual,,SW-PLT-WF-P,C002
2023-10,DE01,Software,VARSELL-2023-10-00022-DE01,variable_selling,5300_VARIABLE_SELLING,162.39,0.0,EXTERNAL,Variable selling and logistics,,SW-PLT-WF-P,C002
2023-10,DE01,Software,VARSELL-2023-10-00022-DE01,variable_selling,2100_AP,0.0,162.39,EXTERNAL,Variable selling accrual,,SW-PLT-WF-P,C002
2023-10,DE01,Software,OPEX-2023-10-00022-DE01,opex,6000_OPEX,255.19,0.0,EXTERNAL,Non-people operating expenses,,SW-PLT-WF-P,C002
2023-10,DE01,Software,OPEX-2023-10-00022-DE01,opex,2100_AP,0.0,255.19,EXTERNAL,Non-people operating expense accrual,,SW-PLT-WF-P,C002
2023-10,DE01,Software,SALE-2023-10-00023-DE01,sale,1100_AR,4577.91,0.0,EXTERNAL,External customer invoice,,SW-PLT-WF-X,C002
2023-10,DE01,Software,SALE-2023-10-00023-DE01,sale,4000_EXTERNAL_REVENUE,0.0,4577.91,EXTERNAL,External customer invoice,,SW-PLT-WF-X,C002
2023-10,DE01,Software,SERV-2023-10-00023-DE01,service_cost,5050_SERVICE_DELIVERY,1011.68,0.0,EXTERNAL,Direct service delivery,,SW-PLT-WF-X,C002
2023-10,DE01,Software,SERV-2023-10-00023-DE01,service_cost,2100_AP,0.0,1011.68,EXTERNAL,Direct service delivery accrual,,SW-PLT-WF-X,C002
2023-10,DE01,Software,FIX-2023-10-00023-DE01,fixed_production,5400_FIXED_PRODUCTION,226.61,0.0,EXTERNAL,Fixed delivery capacity cost,,SW-PLT-WF-X,C002
2023-10,DE01,Software,FIX-2023-10-00023-DE01,fixed_production,2100_AP,0.0,226.61,EXTERNAL,Fixed delivery capacity accrual,,SW-PLT-WF-X,C002
2023-10,DE01,Software,VARSELL-2023-10-00023-DE01,variable_selling,5300_VARIABLE_SELLING,147.41,0.0,EXTERNAL,Variable selling and logistics,,SW-PLT-WF-X,C002
2023-10,DE01,Software,VARSELL-2023-10-00023-DE01,variable_selling,2100_AP,0.0,147.41,EXTERNAL,Variable selling accrual,,SW-PLT-WF-X,C002
2023-10,DE01,Software,OPEX-2023-10-00023-DE01,opex,6000_OPEX,251.79,0.0,EXTERNAL,Non-people operating expenses,,SW-PLT-WF-X,C002
2023-10,DE01,Software,OPEX-2023-10-00023-DE01,opex,2100_AP,0.0,251.79,EXTERNAL,Non-people operating expense accrual,,SW-PLT-WF-X,C002
2023-10,DE01,Software,SALE-2023-10-00024-DE01,sale,1100_AR,4106.19,0.0,EXTERNAL,External customer invoice,,SW-PLT-API-E,C002
2023-10,DE01,Software,SALE-2023-10-00024-DE01,sale,4000_EXTERNAL_REVENUE,0.0,4106.19,EXTERNAL,External customer invoice,,SW-PLT-API-E,C002
2023-10,DE01,Software,SERV-2023-10-00024-DE01,service_cost,5050_SERVICE_DELIVERY,1487.61,0.0,EXTERNAL,Direct service delivery,,SW-PLT-API-E,C002
2023-10,DE01,Software,SERV-2023-10-00024-DE01,service_cost,2100_AP,0.0,1487.61,EXTERNAL,Direct service delivery accrual,,SW-PLT-API-E,C002
2023-10,DE01,Software,FIX-2023-10-00024-DE01,fixed_production,5400_FIXED_PRODUCTION,175.54,0.0,EXTERNAL,Fixed delivery capacity cost,,SW-PLT-API-E,C002
2023-10,DE01,Software,FIX-2023-10-00024-DE01,fixed_production,2100_AP,0.0,175.54,EXTERNAL,Fixed delivery capacity accrual,,SW-PLT-API-E,C002
2023-10,DE01,Software,VARSELL-2023-10-00024-DE01,variable_selling,5300_VARIABLE_SELLING,155.21,0.0,EXTERNAL,Variable selling and logistics,,SW-PLT-API-E,C002
2023-10,DE01,Software,VARSELL-2023-10-00024-DE01,variable_selling,2100_AP,0.0,155.21,EXTERNAL,Variable selling accrual,,SW-PLT-API-E,C002
2023-10,DE01,Software,OPEX-2023-10-00024-DE01,opex,6000_OPEX,225.84,0.0,EXTERNAL,Non-people operating expenses,,SW-PLT-API-E,C002
2023-10,DE01,Software,OPEX-2023-10-00024-DE01,opex,2100_AP,0.0,225.84,EXTERNAL,Non-people operating expense accrual,,SW-PLT-API-E,C002
2023-10,DE01,Software,SALE-2023-10-00025-DE01,sale,1100_AR,3509.57,0.0,EXTERNAL,External customer invoice,,SW-PLT-API-P,C002
2023-10,DE01,Software,SALE-2023-10-00025-DE01,sale,4000_EXTERNAL_REVENUE,0.0,3509.57,EXTERNAL,External customer invoice,,SW-PLT-API-P,C002
2023-10,DE01,Software,SERV-2023-10-00025-DE01,service_cost,5050_SERVICE_DELIVERY,680.23,0.0,EXTERNAL,Direct service delivery,,SW-PLT-API-P,C002
2023-10,DE01,Software,SERV-2023-10-00025-DE01,service_cost,2100_AP,0.0,680.23,EXTERNAL,Direct service delivery accrual,,SW-PLT-API-P,C002
2023-10,DE01,Software,FIX-2023-10-00025-DE01,fixed_production,5400_FIXED_PRODUCTION,157.93,0.0,EXTERNAL,Fixed delivery capacity cost,,SW-PLT-API-P,C002
2023-10,DE01,Software,FIX-2023-10-00025-DE01,fixed_production,2100_AP,0.0,157.93,EXTERNAL,Fixed delivery capacity accrual,,SW-PLT-API-P,C002
2023-10,DE01,Software,VARSELL-2023-10-00025-DE01,variable_selling,5300_VARIABLE_SELLING,122.83,0.0,EXTERNAL,Variable selling and logistics,,SW-PLT-API-P,C002
2023-10,DE01,Software,VARSELL-2023-10-00025-DE01,variable_selling,2100_AP,0.0,122.83,EXTERNAL,Variable selling accrual,,SW-PLT-API-P,C002
2023-10,DE01,Software,OPEX-2023-10-00025-DE01,opex,6000_OPEX,193.03,0.0,EXTERNAL,Non-people operating expenses,,SW-PLT-API-P,C002
2023-10,DE01,Software,OPEX-2023-10-00025-DE01,opex,2100_AP,0.0,193.03,EXTERNAL,Non-people operating expense accrual,,SW-PLT-API-P,C002
2023-10,DE01,Software,SALE-2023-10-00026-DE01,sale,1100_AR,4270.44,0.0,EXTERNAL,External customer invoice,,SW-SEC-PAM-E,C002
2023-10,DE01,Software,SALE-2023-10-00026-DE01,sale,4000_EXTERNAL_REVENUE,0.0,4270.44,EXTERNAL,External customer invoice,,SW-SEC-PAM-E,C002
2023-10,DE01,Software,SERV-2023-10-00026-DE01,service_cost,5050_SERVICE_DELIVERY,649.78,0.0,EXTERNAL,Direct service delivery,,SW-SEC-PAM-E,C002
2023-10,DE01,Software,SERV-2023-10-00026-DE01,service_cost,2100_AP,0.0,649.78,EXTERNAL,Direct service delivery accrual,,SW-SEC-PAM-E,C002
2023-10,DE01,Software,FIX-2023-10-00026-DE01,fixed_production,5400_FIXED_PRODUCTION,182.56,0.0,EXTERNAL,Fixed delivery capacity cost,,SW-SEC-PAM-E,C002
2023-10,DE01,Software,FIX-2023-10-00026-DE01,fixed_production,2100_AP,0.0,182.56,EXTERNAL,Fixed delivery capacity accrual,,SW-SEC-PAM-E,C002
2023-10,DE01,Software,VARSELL-2023-10-00026-DE01,variable_selling,5300_VARIABLE_SELLING,161.42,0.0,EXTERNAL,Variable selling and logistics,,SW-SEC-PAM-E,C002
2023-10,DE01,Software,VARSELL-2023-10-00026-DE01,variable_selling,2100_AP,0.0,161.42,EXTERNAL,Variable selling accrual,,SW-SEC-PAM-E,C002
2023-10,DE01,Software,OPEX-2023-10-00026-DE01,opex,6000_OPEX,234.87,0.0,EXTERNAL,Non-people operating expenses,,SW-SEC-PAM-E,C002
2023-10,DE01,Software,OPEX-2023-10-00026-DE01,opex,2100_AP,0.0,234.87,EXTERNAL,Non-people operating expense accrual,,SW-SEC-PAM-E,C002
2023-10,DE01,Software,SALE-2023-10-00027-DE01,sale,1100_AR,3649.96,0.0,EXTERNAL,External customer invoice,,SW-SEC-PAM-P,C002
2023-10,DE01,Software,SALE-2023-10-00027-DE01,sale,4000_EXTERNAL_REVENUE,0.0,3649.96,EXTERNAL,External customer invoice,,SW-SEC-PAM-P,C002
2023-10,DE01,Software,SERV-2023-10-00027-DE01,service_cost,5050_SERVICE_DELIVERY,661.15,0.0,EXTERNAL,Direct service delivery,,SW-SEC-PAM-P,C002
2023-10,DE01,Software,SERV-2023-10-00027-DE01,service_cost,2100_AP,0.0,661.15,EXTERNAL,Direct service delivery accrual,,SW-SEC-PAM-P,C002
2023-10,DE01,Software,FIX-2023-10-00027-DE01,fixed_production,5400_FIXED_PRODUCTION,164.25,0.0,EXTERNAL,Fixed delivery capacity cost,,SW-SEC-PAM-P,C002
2023-10,DE01,Software,FIX-2023-10-00027-DE01,fixed_production,2100_AP,0.0,164.25,EXTERNAL,Fixed delivery capacity accrual,,SW-SEC-PAM-P,C002
2023-10,DE01,Software,VARSELL-2023-10-00027-DE01,variable_selling,5300_VARIABLE_SELLING,127.75,0.0,EXTERNAL,Variable selling and logistics,,SW-SEC-PAM-P,C002
2023-10,DE01,Software,VARSELL-2023-10-00027-DE01,variable_selling,2100_AP,0.0,127.75,EXTERNAL,Variable selling accrual,,SW-SEC-PAM-P,C002
2023-10,DE01,Software,OPEX-2023-10-00027-DE01,opex,6000_OPEX,200.75,0.0,EXTERNAL,Non-people operating expenses,,SW-SEC-PAM-P,C002
2023-10,DE01,Software,OPEX-2023-10-00027-DE01,opex,2100_AP,0.0,200.75,EXTERNAL,Non-people operating expense accrual,,SW-SEC-PAM-P,C002
2023-10,DE01,Software,SALE-2023-10-00028-DE01,sale,1100_AR,3038.58,0.0,EXTERNAL,External customer invoice,,SW-SEC-KMS-E,C002
2023-10,DE01,Software,SALE-2023-10-00028-DE01,sale,4000_EXTERNAL_REVENUE,0.0,3038.58,EXTERNAL,External customer invoice,,SW-SEC-KMS-E,C002
2023-10,DE01,Software,SERV-2023-10-00028-DE01,service_cost,5050_SERVICE_DELIVERY,478.54,0.0,EXTERNAL,Direct service delivery,,SW-SEC-KMS-E,C002
2023-10,DE01,Software,SERV-2023-10-00028-DE01,service_cost,2100_AP,0.0,478.54,EXTERNAL,Direct service delivery accrual,,SW-SEC-KMS-E,C002
2023-10,DE01,Software,FIX-2023-10-00028-DE01,fixed_production,5400_FIXED_PRODUCTION,129.9,0.0,EXTERNAL,Fixed delivery capacity cost,,SW-SEC-KMS-E,C002
2023-10,DE01,Software,FIX-2023-10-00028-DE01,fixed_production,2100_AP,0.0,129.9,EXTERNAL,Fixed delivery capacity accrual,,SW-SEC-KMS-E,C002
2023-10,DE01,Software,VARSELL-2023-10-00028-DE01,variable_selling,5300_VARIABLE_SELLING,114.86,0.0,EXTERNAL,Variable selling and logistics,,SW-SEC-KMS-E,C002
2023-10,DE01,Software,VARSELL-2023-10-00028-DE01,variable_selling,2100_AP,0.0,114.86,EXTERNAL,Variable selling accrual,,SW-SEC-KMS-E,C002
2023-10,DE01,Software,OPEX-2023-10-00028-DE01,opex,6000_OPEX,167.12,0.0,EXTERNAL,Non-people operating expenses,,SW-SEC-KMS-E,C002
2023-10,DE01,Software,OPEX-2023-10-00028-DE01,opex,2100_AP,0.0,167.12,EXTERNAL,Non-people operating expense accrual,,SW-SEC-KMS-E,C002
2023-10,DE01,Software,SALE-2023-10-00029-DE01,sale,1100_AR,2882.76,0.0,EXTERNAL,External customer invoice,,SW-SEC-KMS-X,C002
2023-10,DE01,Software,SALE-2023-10-00029-DE01,sale,4000_EXTERNAL_REVENUE,0.0,2882.76,EXTERNAL,External customer invoice,,SW-SEC-KMS-X,C002
2023-10,DE01,Software,SERV-2023-10-00029-DE01,service_cost,5050_SERVICE_DELIVERY,659.36,0.0,EXTERNAL,Direct service delivery,,SW-SEC-KMS-X,C002
2023-10,DE01,Software,SERV-2023-10-00029-DE01,service_cost,2100_AP,0.0,659.36,EXTERNAL,Direct service delivery accrual,,SW-SEC-KMS-X,C002
2023-10,DE01,Software,FIX-2023-10-00029-DE01,fixed_production,5400_FIXED_PRODUCTION,142.7,0.0,EXTERNAL,Fixed delivery capacity cost,,SW-SEC-KMS-X,C002
2023-10,DE01,Software,FIX-2023-10-00029-DE01,fixed_production,2100_AP,0.0,142.7,EXTERNAL,Fixed delivery capacity accrual,,SW-SEC-KMS-X,C002
2023-10,DE01,Software,VARSELL-2023-10-00029-DE01,variable_selling,5300_VARIABLE_SELLING,92.82,0.0,EXTERNAL,Variable selling and logistics,,SW-SEC-KMS-X,C002
2023-10,DE01,Software,VARSELL-2023-10-00029-DE01,variable_selling,2100_AP,0.0,92.82,EXTERNAL,Variable selling accrual,,SW-SEC-KMS-X,C002
2023-10,DE01,Software,OPEX-2023-10-00029-DE01,opex,6000_OPEX,158.55,0.0,EXTERNAL,Non-people operating expenses,,SW-SEC-KMS-X,C002
2023-10,DE01,Software,OPEX-2023-10-00029-DE01,opex,2100_AP,0.0,158.55,EXTERNAL,Non-people operating expense accrual,,SW-SEC-KMS-X,C002
2023-10,DE01,Software,SALE-2023-10-00030-DE01,sale,1100_AR,3064.55,0.0,EXTERNAL,External customer invoice,,SW-SEC-CMP-X,C002
2023-10,DE01,Software,SALE-2023-10-00030-DE01,sale,4000_EXTERNAL_REVENUE,0.0,3064.55,EXTERNAL,External customer invoice,,SW-SEC-CMP-X,C002
2023-10,DE01,Software,SERV-2023-10-00030-DE01,service_cost,5050_SERVICE_DELIVERY,724.65,0.0,EXTERNAL,Direct service delivery,,SW-SEC-CMP-X,C002
2023-10,DE01,Software,SERV-2023-10-00030-DE01,service_cost,2100_AP,0.0,724.65,EXTERNAL,Direct service delivery accrual,,SW-SEC-CMP-X,C002
2023-10,DE01,Software,FIX-2023-10-00030-DE01,fixed_production,5400_FIXED_PRODUCTION,151.7,0.0,EXTERNAL,Fixed delivery capacity cost,,SW-SEC-CMP-X,C002
2023-10,DE01,Software,FIX-2023-10-00030-DE01,fixed_production,2100_AP,0.0,151.7,EXTERNAL,Fixed delivery capacity accrual,,SW-SEC-CMP-X,C002
2023-10,DE01,Software,VARSELL-2023-10-00030-DE01,variable_selling,5300_VARIABLE_SELLING,98.68,0.0,EXTERNAL,Variable selling and logistics,,SW-SEC-CMP-X,C002
2023-10,DE01,Software,VARSELL-2023-10-00030-DE01,variable_selling,2100_AP,0.0,98.68,EXTERNAL,Variable selling accrual,,SW-SEC-CMP-X,C002
2023-10,DE01,Software,OPEX-2023-10-00030-DE01,opex,6000_OPEX,168.55,0.0,EXTERNAL,Non-people operating expenses,,SW-SEC-CMP-X,C002
2023-10,DE01,Software,OPEX-2023-10-00030-DE01,opex,2100_AP,0.0,168.55,EXTERNAL,Non-people operating expense accrual,,SW-SEC-CMP-X,C002
2023-10,DE01,Software,SALE-2023-10-00031-DE01,sale,1100_AR,3544.21,0.0,EXTERNAL,External customer invoice,,SW-ANL-BI-E,C002
2023-10,DE01,Software,SALE-2023-10-00031-DE01,sale,4000_EXTERNAL_REVENUE,0.0,3544.21,EXTERNAL,External customer invoice,,SW-ANL-BI-E,C002
2023-10,DE01,Software,SERV-2023-10-00031-DE01,service_cost,5050_SERVICE_DELIVERY,520.4,0.0,EXTERNAL,Direct service delivery,,SW-ANL-BI-E,C002
2023-10,DE01,Software,SERV-2023-10-00031-DE01,service_cost,2100_AP,0.0,520.4,EXTERNAL,Direct service delivery accrual,,SW-ANL-BI-E,C002
2023-10,DE01,Software,FIX-2023-10-00031-DE01,fixed_production,5400_FIXED_PRODUCTION,151.52,0.0,EXTERNAL,Fixed delivery capacity cost,,SW-ANL-BI-E,C002
2023-10,DE01,Software,FIX-2023-10-00031-DE01,fixed_production,2100_AP,0.0,151.52,EXTERNAL,Fixed delivery capacity accrual,,SW-ANL-BI-E,C002
2023-10,DE01,Software,VARSELL-2023-10-00031-DE01,variable_selling,5300_VARIABLE_SELLING,133.97,0.0,EXTERNAL,Variable selling and logistics,,SW-ANL-BI-E,C002
2023-10,DE01,Software,VARSELL-2023-10-00031-DE01,variable_selling,2100_AP,0.0,133.97,EXTERNAL,Variable selling accrual,,SW-ANL-BI-E,C002
2023-10,DE01,Software,OPEX-2023-10-00031-DE01,opex,6000_OPEX,194.93,0.0,EXTERNAL,Non-people operating expenses,,SW-ANL-BI-E,C002
2023-10,DE01,Software,OPEX-2023-10-00031-DE01,opex,2100_AP,0.0,194.93,EXTERNAL,Non-people operating expense accrual,,SW-ANL-BI-E,C002
2023-10,DE01,Software,SALE-2023-10-00032-DE01,sale,1100_AR,3029.23,0.0,EXTERNAL,External customer invoice,,SW-ANL-BI-P,C002
2023-10,DE01,Software,SALE-2023-10-00032-DE01,sale,4000_EXTERNAL_REVENUE,0.0,3029.23,EXTERNAL,External customer invoice,,SW-ANL-BI-P,C002
2023-10,DE01,Software,SERV-2023-10-00032-DE01,service_cost,5050_SERVICE_DELIVERY,529.52,0.0,EXTERNAL,Direct service delivery,,SW-ANL-BI-P,C002
2023-10,DE01,Software,SERV-2023-10-00032-DE01,service_cost,2100_AP,0.0,529.52,EXTERNAL,Direct service delivery accrual,,SW-ANL-BI-P,C002
2023-10,DE01,Software,FIX-2023-10-00032-DE01,fixed_production,5400_FIXED_PRODUCTION,136.32,0.0,EXTERNAL,Fixed delivery capacity cost,,SW-ANL-BI-P,C002
2023-10,DE01,Software,FIX-2023-10-00032-DE01,fixed_production,2100_AP,0.0,136.32,EXTERNAL,Fixed delivery capacity accrual,,SW-ANL-BI-P,C002
2023-10,DE01,Software,VARSELL-2023-10-00032-DE01,variable_selling,5300_VARIABLE_SELLING,106.02,0.0,EXTERNAL,Variable selling and logistics,,SW-ANL-BI-P,C002
2023-10,DE01,Software,VARSELL-2023-10-00032-DE01,variable_selling,2100_AP,0.0,106.02,EXTERNAL,Variable selling accrual,,SW-ANL-BI-P,C002
2023-10,DE01,Software,OPEX-2023-10-00032-DE01,opex,6000_OPEX,166.61,0.0,EXTERNAL,Non-people operating expenses,,SW-ANL-BI-P,C002
2023-10,DE01,Software,OPEX-2023-10-00032-DE01,opex,2100_AP,0.0,166.61,EXTERNAL,Non-people operating expense accrual,,SW-ANL-BI-P,C002
2023-10,DE01,Software,SALE-2023-10-00033-DE01,sale,1100_AR,2241.63,0.0,EXTERNAL,External customer invoice,,SW-ANL-BI-X,C002
2023-10,DE01,Software,SALE-2023-10-00033-DE01,sale,4000_EXTERNAL_REVENUE,0.0,2241.63,EXTERNAL,External customer invoice,,SW-ANL-BI-X,C002
2023-10,DE01,Software,SERV-2023-10-00033-DE01,service_cost,5050_SERVICE_DELIVERY,478.05,0.0,EXTERNAL,Direct service delivery,,SW-ANL-BI-X,C002
2023-10,DE01,Software,SERV-2023-10-00033-DE01,service_cost,2100_AP,0.0,478.05,EXTERNAL,Direct service delivery accrual,,SW-ANL-BI-X,C002
2023-10,DE01,Software,FIX-2023-10-00033-DE01,fixed_production,5400_FIXED_PRODUCTION,110.96,0.0,EXTERNAL,Fixed delivery capacity cost,,SW-ANL-BI-X,C002
2023-10,DE01,Software,FIX-2023-10-00033-DE01,fixed_production,2100_AP,0.0,110.96,EXTERNAL,Fixed delivery capacity accrual,,SW-ANL-BI-X,C002
2023-10,DE01,Software,VARSELL-2023-10-00033-DE01,variable_selling,5300_VARIABLE_SELLING,72.18,0.0,EXTERNAL,Variable selling and logistics,,SW-ANL-BI-X,C002
2023-10,DE01,Software,VARSELL-2023-10-00033-DE01,variable_selling,2100_AP,0.0,72.18,EXTERNAL,Variable selling accrual,,SW-ANL-BI-X,C002
2023-10,DE01,Software,OPEX-2023-10-00033-DE01,opex,6000_OPEX,123.29,0.0,EXTERNAL,Non-people operating expenses,,SW-ANL-BI-X,C002
2023-10,DE01,Software,OPEX-2023-10-00033-DE01,opex,2100_AP,0.0,123.29,EXTERNAL,Non-people operating expense accrual,,SW-ANL-BI-X,C002
2023-10,DE01,Software,SALE-2023-10-00034-DE01,sale,1100_AR,3466.44,0.0,EXTERNAL,External customer invoice,,SW-ANL-PRD-P,C002
2023-10,DE01,Software,SALE-2023-10-00034-DE01,sale,4000_EXTERNAL_REVENUE,0.0,3466.44,EXTERNAL,External customer invoice,,SW-ANL-PRD-P,C002
2023-10,DE01,Software,SERV-2023-10-00034-DE01,service_cost,5050_SERVICE_DELIVERY,649.88,0.0,EXTERNAL,Direct service delivery,,SW-ANL-PRD-P,C002
2023-10,DE01,Software,SERV-2023-10-00034-DE01,service_cost,2100_AP,0.0,649.88,EXTERNAL,Direct service delivery accrual,,SW-ANL-PRD-P,C002
2023-10,DE01,Software,FIX-2023-10-00034-DE01,fixed_production,5400_FIXED_PRODUCTION,155.99,0.0,EXTERNAL,Fixed delivery capacity cost,,SW-ANL-PRD-P,C002
2023-10,DE01,Software,FIX-2023-10-00034-DE01,fixed_production,2100_AP,0.0,155.99,EXTERNAL,Fixed delivery capacity accrual,,SW-ANL-PRD-P,C002
2023-10,DE01,Software,VARSELL-2023-10-00034-DE01,variable_selling,5300_VARIABLE_SELLING,121.33,0.0,EXTERNAL,Variable selling and logistics,,SW-ANL-PRD-P,C002
2023-10,DE01,Software,VARSELL-2023-10-00034-DE01,variable_selling,2100_AP,0.0,121.33,EXTERNAL,Variable selling accrual,,SW-ANL-PRD-P,C002
2023-10,DE01,Software,OPEX-2023-10-00034-DE01,opex,6000_OPEX,190.65,0.0,EXTERNAL,Non-people operating expenses,,SW-ANL-PRD-P,C002
2023-10,DE01,Software,OPEX-2023-10-00034-DE01,opex,2100_AP,0.0,190.65,EXTERNAL,Non-people operating expense accrual,,SW-ANL-PRD-P,C002
2023-10,DE01,Software,SALE-2023-10-00035-DE01,sale,1100_AR,3685.04,0.0,EXTERNAL,External customer invoice,,SW-ANL-OPS-P,C002
2023-10,DE01,Software,SALE-2023-10-00035-DE01,sale,4000_EXTERNAL_REVENUE,0.0,3685.04,EXTERNAL,External customer invoice,,SW-ANL-OPS-P,C002
2023-10,DE01,Software,SERV-2023-10-00035-DE01,service_cost,5050_SERVICE_DELIVERY,714.23,0.0,EXTERNAL,Direct service delivery,,SW-ANL-OPS-P,C002
2023-10,DE01,Software,SERV-2023-10-00035-DE01,service_cost,2100_AP,0.0,714.23,EXTERNAL,Direct service delivery accrual,,SW-ANL-OPS-P,C002
2023-10,DE01,Software,FIX-2023-10-00035-DE01,fixed_production,5400_FIXED_PRODUCTION,165.83,0.0,EXTERNAL,Fixed delivery capacity cost,,SW-ANL-OPS-P,C002
2023-10,DE01,Software,FIX-2023-10-00035-DE01,fixed_production,2100_AP,0.0,165.83,EXTERNAL,Fixed delivery capacity accrual,,SW-ANL-OPS-P,C002
2023-10,DE01,Software,VARSELL-2023-10-00035-DE01,variable_selling,5300_VARIABLE_SELLING,128.98,0.0,EXTERNAL,Variable selling and logistics,,SW-ANL-OPS-P,C002
2023-10,DE01,Software,VARSELL-2023-10-00035-DE01,variable_selling,2100_AP,0.0,128.98,EXTERNAL,Variable selling accrual,,SW-ANL-OPS-P,C002
2023-10,DE01,Software,OPEX-2023-10-00035-DE01,opex,6000_OPEX,202.68,0.0,EXTERNAL,Non-people operating expenses,,SW-ANL-OPS-P,C002
2023-10,DE01,Software,OPEX-2023-10-00035-DE01,opex,2100_AP,0.0,202.68,EXTERNAL,Non-people operating expense accrual,,SW-ANL-OPS-P,C002
2023-10,DE01,Software,SALE-2023-10-00036-DE01,sale,1100_AR,3712.96,0.0,EXTERNAL,External customer invoice,,SW-AUT-ORC-E,C002
2023-10,DE01,Software,SALE-2023-10-00036-DE01,sale,4000_EXTERNAL_REVENUE,0.0,3712.96,EXTERNAL,External customer invoice,,SW-AUT-ORC-E,C002
2023-10,DE01,Software,SERV-2023-10-00036-DE01,service_cost,5050_SERVICE_DELIVERY,545.2,0.0,EXTERNAL,Direct service delivery,,SW-AUT-ORC-E,C002
2023-10,DE01,Software,SERV-2023-10-00036-DE01,service_cost,2100_AP,0.0,545.2,EXTERNAL,Direct service delivery accrual,,SW-AUT-ORC-E,C002
2023-10,DE01,Software,FIX-2023-10-00036-DE01,fixed_production,5400_FIXED_PRODUCTION,158.73,0.0,EXTERNAL,Fixed delivery capacity cost,,SW-AUT-ORC-E,C002
2023-10,DE01,Software,FIX-2023-10-00036-DE01,fixed_production,2100_AP,0.0,158.73,EXTERNAL,Fixed delivery capacity accrual,,SW-AUT-ORC-E,C002
2023-10,DE01,Software,VARSELL-2023-10-00036-DE01,variable_selling,5300_VARIABLE_SELLING,140.35,0.0,EXTERNAL,Variable selling and logistics,,SW-AUT-ORC-E,C002
2023-10,DE01,Software,VARSELL-2023-10-00036-DE01,variable_selling,2100_AP,0.0,140.35,EXTERNAL,Variable selling accrual,,SW-AUT-ORC-E,C002
2023-10,DE01,Software,OPEX-2023-10-00036-DE01,opex,6000_OPEX,204.21,0.0,EXTERNAL,Non-people operating expenses,,SW-AUT-ORC-E,C002
2023-10,DE01,Software,OPEX-2023-10-00036-DE01,opex,2100_AP,0.0,204.21,EXTERNAL,Non-people operating expense accrual,,SW-AUT-ORC-E,C002
2023-10,DE01,Software,SALE-2023-10-00037-DE01,sale,1100_AR,3173.48,0.0,EXTERNAL,External customer invoice,,SW-AUT-ORC-P,C002
2023-10,DE01,Software,SALE-2023-10-00037-DE01,sale,4000_EXTERNAL_REVENUE,0.0,3173.48,EXTERNAL,External customer invoice,,SW-AUT-ORC-P,C002
2023-10,DE01,Software,SERV-2023-10-00037-DE01,service_cost,5050_SERVICE_DELIVERY,554.73,0.0,EXTERNAL,Direct service delivery,,SW-AUT-ORC-P,C002
2023-10,DE01,Software,SERV-2023-10-00037-DE01,service_cost,2100_AP,0.0,554.73,EXTERNAL,Direct service delivery accrual,,SW-AUT-ORC-P,C002
2023-10,DE01,Software,FIX-2023-10-00037-DE01,fixed_production,5400_FIXED_PRODUCTION,142.81,0.0,EXTERNAL,Fixed delivery capacity cost,,SW-AUT-ORC-P,C002
2023-10,DE01,Software,FIX-2023-10-00037-DE01,fixed_production,2100_AP,0.0,142.81,EXTERNAL,Fixed delivery capacity accrual,,SW-AUT-ORC-P,C002
2023-10,DE01,Software,VARSELL-2023-10-00037-DE01,variable_selling,5300_VARIABLE_SELLING,111.07,0.0,EXTERNAL,Variable selling and logistics,,SW-AUT-ORC-P,C002
2023-10,DE01,Software,VARSELL-2023-10-00037-DE01,variable_selling,2100_AP,0.0,111.07,EXTERNAL,Variable selling accrual,,SW-AUT-ORC-P,C002
2023-10,DE01,Software,OPEX-2023-10-00037-DE01,opex,6000_OPEX,174.54,0.0,EXTERNAL,Non-people operating expenses,,SW-AUT-ORC-P,C002
2023-10,DE01,Software,OPEX-2023-10-00037-DE01,opex,2100_AP,0.0,174.54,EXTERNAL,Non-people operating expense accrual,,SW-AUT-ORC-P,C002
2023-10,DE01,Software,SALE-2023-10-00038-DE01,sale,1100_AR,3980.91,0.0,EXTERNAL,External customer invoice,,SW-AUT-RPA-E,C002
2023-10,DE01,Software,SALE-2023-10-00038-DE01,sale,4000_EXTERNAL_REVENUE,0.0,3980.91,EXTERNAL,External customer invoice,,SW-AUT-RPA-E,C002
2023-10,DE01,Software,SERV-2023-10-00038-DE01,service_cost,5050_SERVICE_DELIVERY,605.74,0.0,EXTERNAL,Direct service delivery,,SW-AUT-RPA-E,C002
2023-10,DE01,Software,SERV-2023-10-00038-DE01,service_cost,2100_AP,0.0,605.74,EXTERNAL,Direct service delivery accrual,,SW-AUT-RPA-E,C002
2023-10,DE01,Software,FIX-2023-10-00038-DE01,fixed_production,5400_FIXED_PRODUCTION,170.18,0.0,EXTERNAL,Fixed delivery capacity cost,,SW-AUT-RPA-E,C002
2023-10,DE01,Software,FIX-2023-10-00038-DE01,fixed_production,2100_AP,0.0,170.18,EXTERNAL,Fixed delivery capacity accrual,,SW-AUT-RPA-E,C002
2023-10,DE01,Software,VARSELL-2023-10-00038-DE01,variable_selling,5300_VARIABLE_SELLING,150.48,0.0,EXTERNAL,Variable selling and logistics,,SW-AUT-RPA-E,C002
2023-10,DE01,Software,VARSELL-2023-10-00038-DE01,variable_selling,2100_AP,0.0,150.48,EXTERNAL,Variable selling accrual,,SW-AUT-RPA-E,C002
2023-10,DE01,Software,OPEX-2023-10-00038-DE01,opex,6000_OPEX,218.95,0.0,EXTERNAL,Non-people operating expenses,,SW-AUT-RPA-E,C002
2023-10,DE01,Software,OPEX-2023-10-00038-DE01,opex,2100_AP,0.0,218.95,EXTERNAL,Non-people operating expense accrual,,SW-AUT-RPA-E,C002
2023-10,DE01,Software,SALE-2023-10-00039-DE01,sale,1100_AR,3402.49,0.0,EXTERNAL,External customer invoice,,SW-AUT-RPA-P,C002
2023-10,DE01,Software,SALE-2023-10-00039-DE01,sale,4000_EXTERNAL_REVENUE,0.0,3402.49,EXTERNAL,External customer invoice,,SW-AUT-RPA-P,C002
2023-10,DE01,Software,SERV-2023-10-00039-DE01,service_cost,5050_SERVICE_DELIVERY,616.33,0.0,EXTERNAL,Direct service delivery,,SW-AUT-RPA-P,C002
2023-10,DE01,Software,SERV-2023-10-00039-DE01,service_cost,2100_AP,0.0,616.33,EXTERNAL,Direct service delivery accrual,,SW-AUT-RPA-P,C002
2023-10,DE01,Software,FIX-2023-10-00039-DE01,fixed_production,5400_FIXED_PRODUCTION,153.11,0.0,EXTERNAL,Fixed delivery capacity cost,,SW-AUT-RPA-P,C002
2023-10,DE01,Software,FIX-2023-10-00039-DE01,fixed_production,2100_AP,0.0,153.11,EXTERNAL,Fixed delivery capacity accrual,,SW-AUT-RPA-P,C002
2023-10,DE01,Software,VARSELL-2023-10-00039-DE01,variable_selling,5300_VARIABLE_SELLING,119.09,0.0,EXTERNAL,Variable selling and logistics,,SW-AUT-RPA-P,C002
2023-10,DE01,Software,VARSELL-2023-10-00039-DE01,variable_selling,2100_AP,0.0,119.09,EXTERNAL,Variable selling accrual,,SW-AUT-RPA-P,C002
2023-10,DE01,Software,OPEX-2023-10-00039-DE01,opex,6000_OPEX,187.14,0.0,EXTERNAL,Non-people operating expenses,,SW-AUT-RPA-P,C002
2023-10,DE01,Software,OPEX-2023-10-00039-DE01,opex,2100_AP,0.0,187.14,EXTERNAL,Non-people operating expense accrual,,SW-AUT-RPA-P,C002
2023-10,DE01,Software,SALE-2023-10-00040-DE01,sale,1100_AR,3375.43,0.0,EXTERNAL,External customer invoice,,SW-PLT-CORE-E,C003
2023-10,DE01,Software,SALE-2023-10-00040-DE01,sale,4000_EXTERNAL_REVENUE,0.0,3375.43,EXTERNAL,External customer invoice,,SW-PLT-CORE-E,C003
2023-10,DE01,Software,SERV-2023-10-00040-DE01,service_cost,5050_SERVICE_DELIVERY,495.64,0.0,EXTERNAL,Direct service delivery,,SW-PLT-CORE-E,C003
2023-10,DE01,Software,SERV-2023-10-00040-DE01,service_cost,2100_AP,0.0,495.64,EXTERNAL,Direct service delivery accrual,,SW-PLT-CORE-E,C003
2023-10,DE01,Software,FIX-2023-10-00040-DE01,fixed_production,5400_FIXED_PRODUCTION,144.3,0.0,EXTERNAL,Fixed delivery capacity cost,,SW-PLT-CORE-E,C003
2023-10,DE01,Software,FIX-2023-10-00040-DE01,fixed_production,2100_AP,0.0,144.3,EXTERNAL,Fixed delivery capacity accrual,,SW-PLT-CORE-E,C003
2023-10,DE01,Software,VARSELL-2023-10-00040-DE01,variable_selling,5300_VARIABLE_SELLING,127.59,0.0,EXTERNAL,Variable selling and logistics,,SW-PLT-CORE-E,C003
2023-10,DE01,Software,VARSELL-2023-10-00040-DE01,variable_selling,2100_AP,0.0,127.59,EXTERNAL,Variable selling accrual,,SW-PLT-CORE-E,C003
2023-10,DE01,Software,OPEX-2023-10-00040-DE01,opex,6000_OPEX,185.65,0.0,EXTERNAL,Non-people operating expenses,,SW-PLT-CORE-E,C003
2023-10,DE01,Software,OPEX-2023-10-00040-DE01,opex,2100_AP,0.0,185.65,EXTERNAL,Non-people operating expense accrual,,SW-PLT-CORE-E,C003
2023-10,DE01,Software,SALE-2023-10-00041-DE01,sale,1100_AR,2884.98,0.0,EXTERNAL,External customer invoice,,SW-PLT-CORE-P,C003
2023-10,DE01,Software,SALE-2023-10-00041-DE01,sale,4000_EXTERNAL_REVENUE,0.0,2884.98,EXTERNAL,External customer invoice,,SW-PLT-CORE-P,C003
2023-10,DE01,Software,SERV-2023-10-00041-DE01,service_cost,5050_SERVICE_DELIVERY,504.3,0.0,EXTERNAL,Direct service delivery,,SW-PLT-CORE-P,C003
2023-10,DE01,Software,SERV-2023-10-00041-DE01,service_cost,2100_AP,0.0,504.3,EXTERNAL,Direct service delivery accrual,,SW-PLT-CORE-P,C003
2023-10,DE01,Software,FIX-2023-10-00041-DE01,fixed_production,5400_FIXED_PRODUCTION,129.82,0.0,EXTERNAL,Fixed delivery capacity cost,,SW-PLT-CORE-P,C003
2023-10,DE01,Software,FIX-2023-10-00041-DE01,fixed_production,2100_AP,0.0,129.82,EXTERNAL,Fixed delivery capacity accrual,,SW-PLT-CORE-P,C003
2023-10,DE01,Software,VARSELL-2023-10-00041-DE01,variable_selling,5300_VARIABLE_SELLING,100.97,0.0,EXTERNAL,Variable selling and logistics,,SW-PLT-CORE-P,C003
2023-10,DE01,Software,VARSELL-2023-10-00041-DE01,variable_selling,2100_AP,0.0,100.97,EXTERNAL,Variable selling accrual,,SW-PLT-CORE-P,C003
2023-10,DE01,Software,OPEX-2023-10-00041-DE01,opex,6000_OPEX,158.67,0.0,EXTERNAL,Non-people operating expenses,,SW-PLT-CORE-P,C003
2023-10,DE01,Software,OPEX-2023-10-00041-DE01,opex,2100_AP,0.0,158.67,EXTERNAL,Non-people operating expense accrual,,SW-PLT-CORE-P,C003
2023-10,DE01,Software,SALE-2023-10-00042-DE01,sale,1100_AR,2134.89,0.0,EXTERNAL,External customer invoice,,SW-PLT-CORE-X,C003
2023-10,DE01,Software,SALE-2023-10-00042-DE01,sale,4000_EXTERNAL_REVENUE,0.0,2134.89,EXTERNAL,External customer invoice,,SW-PLT-CORE-X,C003
2023-10,DE01,Software,SERV-2023-10-00042-DE01,service_cost,5050_SERVICE_DELIVERY,455.28,0.0,EXTERNAL,Direct service delivery,,SW-PLT-CORE-X,C003
2023-10,DE01,Software,SERV-2023-10-00042-DE01,service_cost,2100_AP,0.0,455.28,EXTERNAL,Direct service delivery accrual,,SW-PLT-CORE-X,C003
2023-10,DE01,Software,FIX-2023-10-00042-DE01,fixed_production,5400_FIXED_PRODUCTION,105.68,0.0,EXTERNAL,Fixed delivery capacity cost,,SW-PLT-CORE-X,C003
2023-10,DE01,Software,FIX-2023-10-00042-DE01,fixed_production,2100_AP,0.0,105.68,EXTERNAL,Fixed delivery capacity accrual,,SW-PLT-CORE-X,C003
2023-10,DE01,Software,VARSELL-2023-10-00042-DE01,variable_selling,5300_VARIABLE_SELLING,68.74,0.0,EXTERNAL,Variable selling and logistics,,SW-PLT-CORE-X,C003
2023-10,DE01,Software,VARSELL-2023-10-00042-DE01,variable_selling,2100_AP,0.0,68.74,EXTERNAL,Variable selling accrual,,SW-PLT-CORE-X,C003
2023-10,DE01,Software,OPEX-2023-10-00042-DE01,opex,6000_OPEX,117.42,0.0,EXTERNAL,Non-people operating expenses,,SW-PLT-CORE-X,C003
2023-10,DE01,Software,OPEX-2023-10-00042-DE01,opex,2100_AP,0.0,117.42,EXTERNAL,Non-people operating expense accrual,,SW-PLT-CORE-X,C003
2023-10,DE01,Software,SALE-2023-10-00043-DE01,sale,1100_AR,2412.69,0.0,EXTERNAL,External customer invoice,,SW-PLT-WF-E,C003
2023-10,DE01,Software,SALE-2023-10-00043-DE01,sale,4000_EXTERNAL_REVENUE,0.0,2412.69,EXTERNAL,External customer invoice,,SW-PLT-WF-E,C003
2023-10,DE01,Software,SERV-2023-10-00043-DE01,service_cost,5050_SERVICE_DELIVERY,367.1,0.0,EXTERNAL,Direct service delivery,,SW-PLT-WF-E,C003
2023-10,DE01,Software,SERV-2023-10-00043-DE01,service_cost,2100_AP,0.0,367.1,EXTERNAL,Direct service delivery accrual,,SW-PLT-WF-E,C003
2023-10,DE01,Software,FIX-2023-10-00043-DE01,fixed_production,5400_FIXED_PRODUCTION,103.14,0.0,EXTERNAL,Fixed delivery capacity cost,,SW-PLT-WF-E,C003
2023-10,DE01,Software,FIX-2023-10-00043-DE01,fixed_production,2100_AP,0.0,103.14,EXTERNAL,Fixed delivery capacity accrual,,SW-PLT-WF-E,C003
2023-10,DE01,Software,VARSELL-2023-10-00043-DE01,variable_selling,5300_VARIABLE_SELLING,91.2,0.0,EXTERNAL,Variable selling and logistics,,SW-PLT-WF-E,C003
2023-10,DE01,Software,VARSELL-2023-10-00043-DE01,variable_selling,2100_AP,0.0,91.2,EXTERNAL,Variable selling accrual,,SW-PLT-WF-E,C003
2023-10,DE01,Software,OPEX-2023-10-00043-DE01,opex,6000_OPEX,132.7,0.0,EXTERNAL,Non-people operating expenses,,SW-PLT-WF-E,C003
2023-10,DE01,Software,OPEX-2023-10-00043-DE01,opex,2100_AP,0.0,132.7,EXTERNAL,Non-people operating expense accrual,,SW-PLT-WF-E,C003
2023-10,DE01,Software,SALE-2023-10-00044-DE01,sale,1100_AR,3093.18,0.0,EXTERNAL,External customer invoice,,SW-PLT-WF-P,C003
2023-10,DE01,Software,SALE-2023-10-00044-DE01,sale,4000_EXTERNAL_REVENUE,0.0,3093.18,EXTERNAL,External customer invoice,,SW-PLT-WF-P,C003
2023-10,DE01,Software,SERV-2023-10-00044-DE01,service_cost,5050_SERVICE_DELIVERY,560.29,0.0,EXTERNAL,Direct service delivery,,SW-PLT-WF-P,C003
2023-10,DE01,Software,SERV-2023-10-00044-DE01,service_cost,2100_AP,0.0,560.29,EXTERNAL,Direct service delivery accrual,,SW-PLT-WF-P,C003
2023-10,DE01,Software,FIX-2023-10-00044-DE01,fixed_production,5400_FIXED_PRODUCTION,139.19,0.0,EXTERNAL,Fixed delivery capacity cost,,SW-PLT-WF-P,C003
2023-10,DE01,Software,FIX-2023-10-00044-DE01,fixed_production,2100_AP,0.0,139.19,EXTERNAL,Fixed delivery capacity accrual,,SW-PLT-WF-P,C003
2023-10,DE01,Software,VARSELL-2023-10-00044-DE01,variable_selling,5300_VARIABLE_SELLING,108.26,0.0,EXTERNAL,Variable selling and logistics,,SW-PLT-WF-P,C003
2023-10,DE01,Software,VARSELL-2023-10-00044-DE01,variable_selling,2100_AP,0.0,108.26,EXTERNAL,Variable selling accrual,,SW-PLT-WF-P,C003
2023-10,DE01,Software,OPEX-2023-10-00044-DE01,opex,6000_OPEX,170.12,0.0,EXTERNAL,Non-people operating expenses,,SW-PLT-WF-P,C003
2023-10,DE01,Software,OPEX-2023-10-00044-DE01,opex,2100_AP,0.0,170.12,EXTERNAL,Non-people operating expense accrual,,SW-PLT-WF-P,C003
2023-10,DE01,Software,SALE-2023-10-00045-DE01,sale,1100_AR,2575.06,0.0,EXTERNAL,External customer invoice,,SW-PLT-EDGE-E,C003
2023-10,DE01,Software,SALE-2023-10-00045-DE01,sale,4000_EXTERNAL_REVENUE,0.0,2575.06,EXTERNAL,External customer invoice,,SW-PLT-EDGE-E,C003
2023-10,DE01,Software,SERV-2023-10-00045-DE01,service_cost,5050_SERVICE_DELIVERY,405.54,0.0,EXTERNAL,Direct service delivery,,SW-PLT-EDGE-E,C003
2023-10,DE01,Software,SERV-2023-10-00045-DE01,service_cost,2100_AP,0.0,405.54,EXTERNAL,Direct service delivery accrual,,SW-PLT-EDGE-E,C003
2023-10,DE01,Software,FIX-2023-10-00045-DE01,fixed_production,5400_FIXED_PRODUCTION,110.08,0.0,EXTERNAL,Fixed delivery capacity cost,,SW-PLT-EDGE-E,C003
2023-10,DE01,Software,FIX-2023-10-00045-DE01,fixed_production,2100_AP,0.0,110.08,EXTERNAL,Fixed delivery capacity accrual,,SW-PLT-EDGE-E,C003
2023-10,DE01,Software,VARSELL-2023-10-00045-DE01,variable_selling,5300_VARIABLE_SELLING,97.34,0.0,EXTERNAL,Variable selling and logistics,,SW-PLT-EDGE-E,C003
2023-10,DE01,Software,VARSELL-2023-10-00045-DE01,variable_selling,2100_AP,0.0,97.34,EXTERNAL,Variable selling accrual,,SW-PLT-EDGE-E,C003
2023-10,DE01,Software,OPEX-2023-10-00045-DE01,opex,6000_OPEX,141.63,0.0,EXTERNAL,Non-people operating expenses,,SW-PLT-EDGE-E,C003
2023-10,DE01,Software,OPEX-2023-10-00045-DE01,opex,2100_AP,0.0,141.63,EXTERNAL,Non-people operating expense accrual,,SW-PLT-EDGE-E,C003
2023-10,DE01,Software,SALE-2023-10-00046-DE01,sale,1100_AR,2737.46,0.0,EXTERNAL,External customer invoice,,SW-PLT-API-E,C003
2023-10,DE01,Software,SALE-2023-10-00046-DE01,sale,4000_EXTERNAL_REVENUE,0.0,2737.46,EXTERNAL,External customer invoice,,SW-PLT-API-E,C003
2023-10,DE01,Software,SERV-2023-10-00046-DE01,service_cost,5050_SERVICE_DELIVERY,991.74,0.0,EXTERNAL,Direct service delivery,,SW-PLT-API-E,C003
2023-10,DE01,Software,SERV-2023-10-00046-DE01,service_cost,2100_AP,0.0,991.74,EXTERNAL,Direct service delivery accrual,,SW-PLT-API-E,C003
2023-10,DE01,Software,FIX-2023-10-00046-DE01,fixed_production,5400_FIXED_PRODUCTION,117.03,0.0,EXTERNAL,Fixed delivery capacity cost,,SW-PLT-API-E,C003
2023-10,DE01,Software,FIX-2023-10-00046-DE01,fixed_production,2100_AP,0.0,117.03,EXTERNAL,Fixed delivery capacity accrual,,SW-PLT-API-E,C003
2023-10,DE01,Software,VARSELL-2023-10-00046-DE01,variable_selling,5300_VARIABLE_SELLING,103.48,0.0,EXTERNAL,Variable selling and logistics,,SW-PLT-API-E,C003
2023-10,DE01,Software,VARSELL-2023-10-00046-DE01,variable_selling,2100_AP,0.0,103.48,EXTERNAL,Variable selling accrual,,SW-PLT-API-E,C003
2023-10,DE01,Software,OPEX-2023-10-00046-DE01,opex,6000_OPEX,150.56,0.0,EXTERNAL,Non-people operating expenses,,SW-PLT-API-E,C003
2023-10,DE01,Software,OPEX-2023-10-00046-DE01,opex,2100_AP,0.0,150.56,EXTERNAL,Non-people operating expense accrual,,SW-PLT-API-E,C003
2023-10,DE01,Software,SALE-2023-10-00047-DE01,sale,1100_AR,1824.98,0.0,EXTERNAL,External customer invoice,,SW-SEC-PAM-P,C003
2023-10,DE01,Software,SALE-2023-10-00047-DE01,sale,4000_EXTERNAL_REVENUE,0.0,1824.98,EXTERNAL,External customer invoice,,SW-SEC-PAM-P,C003
2023-10,DE01,Software,SERV-2023-10-00047-DE01,service_cost,5050_SERVICE_DELIVERY,330.57,0.0,EXTERNAL,Direct service delivery,,SW-SEC-PAM-P,C003
2023-10,DE01,Software,SERV-2023-10-00047-DE01,service_cost,2100_AP,0.0,330.57,EXTERNAL,Direct service delivery accrual,,SW-SEC-PAM-P,C003
2023-10,DE01,Software,FIX-2023-10-00047-DE01,fixed_production,5400_FIXED_PRODUCTION,82.12,0.0,EXTERNAL,Fixed delivery capacity cost,,SW-SEC-PAM-P,C003
2023-10,DE01,Software,FIX-2023-10-00047-DE01,fixed_production,2100_AP,0.0,82.12,EXTERNAL,Fixed delivery capacity accrual,,SW-SEC-PAM-P,C003
2023-10,DE01,Software,VARSELL-2023-10-00047-DE01,variable_selling,5300_VARIABLE_SELLING,63.87,0.0,EXTERNAL,Variable selling and logistics,,SW-SEC-PAM-P,C003
2023-10,DE01,Software,VARSELL-2023-10-00047-DE01,variable_selling,2100_AP,0.0,63.87,EXTERNAL,Variable selling accrual,,SW-SEC-PAM-P,C003
2023-10,DE01,Software,OPEX-2023-10-00047-DE01,opex,6000_OPEX,100.37,0.0,EXTERNAL,Non-people operating expenses,,SW-SEC-PAM-P,C003
2023-10,DE01,Software,OPEX-2023-10-00047-DE01,opex,2100_AP,0.0,100.37,EXTERNAL,Non-people operating expense accrual,,SW-SEC-PAM-P,C003
2023-10,DE01,Software,SALE-2023-10-00048-DE01,sale,1100_AR,3064.55,0.0,EXTERNAL,External customer invoice,,SW-SEC-CMP-X,C003
2023-10,DE01,Software,SALE-2023-10-00048-DE01,sale,4000_EXTERNAL_REVENUE,0.0,3064.55,EXTERNAL,External customer invoice,,SW-SEC-CMP-X,C003
2023-10,DE01,Software,SERV-2023-10-00048-DE01,service_cost,5050_SERVICE_DELIVERY,724.65,0.0,EXTERNAL,Direct service delivery,,SW-SEC-CMP-X,C003
2023-10,DE01,Software,SERV-2023-10-00048-DE01,service_cost,2100_AP,0.0,724.65,EXTERNAL,Direct service delivery accrual,,SW-SEC-CMP-X,C003
2023-10,DE01,Software,FIX-2023-10-00048-DE01,fixed_production,5400_FIXED_PRODUCTION,151.7,0.0,EXTERNAL,Fixed delivery capacity cost,,SW-SEC-CMP-X,C003
2023-10,DE01,Software,FIX-2023-10-00048-DE01,fixed_production,2100_AP,0.0,151.7,EXTERNAL,Fixed delivery capacity accrual,,SW-SEC-CMP-X,C003
2023-10,DE01,Software,VARSELL-2023-10-00048-DE01,variable_selling,5300_VARIABLE_SELLING,98.68,0.0,EXTERNAL,Variable selling and logistics,,SW-SEC-CMP-X,C003
2023-10,DE01,Software,VARSELL-2023-10-00048-DE01,variable_selling,2100_AP,0.0,98.68,EXTERNAL,Variable selling accrual,,SW-SEC-CMP-X,C003
2023-10,DE01,Software,OPEX-2023-10-00048-DE01,opex,6000_OPEX,168.55,0.0,EXTERNAL,Non-people operating expenses,,SW-SEC-CMP-X,C003
2023-10,DE01,Software,OPEX-2023-10-00048-DE01,opex,2100_AP,0.0,168.55,EXTERNAL,Non-people operating expense accrual,,SW-SEC-CMP-X,C003
2023-10,DE01,Software,SALE-2023-10-00049-DE01,sale,1100_AR,1842.52,0.0,EXTERNAL,External customer invoice,,SW-ANL-OPS-P,C003
2023-10,DE01,Software,SALE-2023-10-00049-DE01,sale,4000_EXTERNAL_REVENUE,0.0,1842.52,EXTERNAL,External customer invoice,,SW-ANL-OPS-P,C003
2023-10,DE01,Software,SERV-2023-10-00049-DE01,service_cost,5050_SERVICE_DELIVERY,357.12,0.0,EXTERNAL,Direct service delivery,,SW-ANL-OPS-P,C003
2023-10,DE01,Software,SERV-2023-10-00049-DE01,service_cost,2100_AP,0.0,357.12,EXTERNAL,Direct service delivery accrual,,SW-ANL-OPS-P,C003
2023-10,DE01,Software,FIX-2023-10-00049-DE01,fixed_production,5400_FIXED_PRODUCTION,82.91,0.0,EXTERNAL,Fixed delivery capacity cost,,SW-ANL-OPS-P,C003
2023-10,DE01,Software,FIX-2023-10-00049-DE01,fixed_production,2100_AP,0.0,82.91,EXTERNAL,Fixed delivery capacity accrual,,SW-ANL-OPS-P,C003
2023-10,DE01,Software,VARSELL-2023-10-00049-DE01,variable_selling,5300_VARIABLE_SELLING,64.49,0.0,EXTERNAL,Variable selling and logistics,,SW-ANL-OPS-P,C003
2023-10,DE01,Software,VARSELL-2023-10-00049-DE01,variable_selling,2100_AP,0.0,64.49,EXTERNAL,Variable selling accrual,,SW-ANL-OPS-P,C003
2023-10,DE01,Software,OPEX-2023-10-00049-DE01,opex,6000_OPEX,101.34,0.0,EXTERNAL,Non-people operating expenses,,SW-ANL-OPS-P,C003
2023-10,DE01,Software,OPEX-2023-10-00049-DE01,opex,2100_AP,0.0,101.34,EXTERNAL,Non-people operating expense accrual,,SW-ANL-OPS-P,C003
2023-10,DE01,Software,SALE-2023-10-00050-DE01,sale,1100_AR,2726.94,0.0,EXTERNAL,External customer invoice,,SW-ANL-OPS-X,C003
2023-10,DE01,Software,SALE-2023-10-00050-DE01,sale,4000_EXTERNAL_REVENUE,0.0,2726.94,EXTERNAL,External customer invoice,,SW-ANL-OPS-X,C003
2023-10,DE01,Software,SERV-2023-10-00050-DE01,service_cost,5050_SERVICE_DELIVERY,644.81,0.0,EXTERNAL,Direct service delivery,,SW-ANL-OPS-X,C003
2023-10,DE01,Software,SERV-2023-10-00050-DE01,service_cost,2100_AP,0.0,644.81,EXTERNAL,Direct service delivery accrual,,SW-ANL-OPS-X,C003
2023-10,DE01,Software,FIX-2023-10-00050-DE01,fixed_production,5400_FIXED_PRODUCTION,134.98,0.0,EXTERNAL,Fixed delivery capacity cost,,SW-ANL-OPS-X,C003
2023-10,DE01,Software,FIX-2023-10-00050-DE01,fixed_production,2100_AP,0.0,134.98,EXTERNAL,Fixed delivery capacity accrual,,SW-ANL-OPS-X,C003
2023-10,DE01,Software,VARSELL-2023-10-00050-DE01,variable_selling,5300_VARIABLE_SELLING,87.81,0.0,EXTERNAL,Variable selling and logistics,,SW-ANL-OPS-X,C003
2023-10,DE01,Software,VARSELL-2023-10-00050-DE01,variable_selling,2100_AP,0.0,87.81,EXTERNAL,Variable selling accrual,,SW-ANL-OPS-X,C003
2023-10,DE01,Software,OPEX-2023-10-00050-DE01,opex,6000_OPEX,149.98,0.0,EXTERNAL,Non-people operating expenses,,SW-ANL-OPS-X,C003
2023-10,DE01,Software,OPEX-2023-10-00050-DE01,opex,2100_AP,0.0,149.98,EXTERNAL,Non-people operating expense accrual,,SW-ANL-OPS-X,C003
2023-10,DE01,Software,SALE-2023-10-00051-DE01,sale,1100_AR,1586.74,0.0,EXTERNAL,External customer invoice,,SW-AUT-ORC-P,C003
2023-10,DE01,Software,SALE-2023-10-00051-DE01,sale,4000_EXTERNAL_REVENUE,0.0,1586.74,EXTERNAL,External customer invoice,,SW-AUT-ORC-P,C003
2023-10,DE01,Software,SERV-2023-10-00051-DE01,service_cost,5050_SERVICE_DELIVERY,277.36,0.0,EXTERNAL,Direct service delivery,,SW-AUT-ORC-P,C003
2023-10,DE01,Software,SERV-2023-10-00051-DE01,service_cost,2100_AP,0.0,277.36,EXTERNAL,Direct service delivery accrual,,SW-AUT-ORC-P,C003
2023-10,DE01,Software,FIX-2023-10-00051-DE01,fixed_production,5400_FIXED_PRODUCTION,71.4,0.0,EXTERNAL,Fixed delivery capacity cost,,SW-AUT-ORC-P,C003
2023-10,DE01,Software,FIX-2023-10-00051-DE01,fixed_production,2100_AP,0.0,71.4,EXTERNAL,Fixed delivery capacity accrual,,SW-AUT-ORC-P,C003
2023-10,DE01,Software,VARSELL-2023-10-00051-DE01,variable_selling,5300_VARIABLE_SELLING,55.54,0.0,EXTERNAL,Variable selling and logistics,,SW-AUT-ORC-P,C003
2023-10,DE01,Software,VARSELL-2023-10-00051-DE01,variable_selling,2100_AP,0.0,55.54,EXTERNAL,Variable selling accrual,,SW-AUT-ORC-P,C003
2023-10,DE01,Software,OPEX-2023-10-00051-DE01,opex,6000_OPEX,87.27,0.0,EXTERNAL,Non-people operating expenses,,SW-AUT-ORC-P,C003
2023-10,DE01,Software,OPEX-2023-10-00051-DE01,opex,2100_AP,0.0,87.27,EXTERNAL,Non-people operating expense accrual,,SW-AUT-ORC-P,C003
2023-10,DE01,Software,SALE-2023-10-00052-DE01,sale,1100_AR,2653.94,0.0,EXTERNAL,External customer invoice,,SW-AUT-RPA-E,C003
2023-10,DE01,Software,SALE-2023-10-00052-DE01,sale,4000_EXTERNAL_REVENUE,0.0,2653.94,EXTERNAL,External customer invoice,,SW-AUT-RPA-E,C003
2023-10,DE01,Software,SERV-2023-10-00052-DE01,service_cost,5050_SERVICE_DELIVERY,403.83,0.0,EXTERNAL,Direct service delivery,,SW-AUT-RPA-E,C003
2023-10,DE01,Software,SERV-2023-10-00052-DE01,service_cost,2100_AP,0.0,403.83,EXTERNAL,Direct service delivery accrual,,SW-AUT-RPA-E,C003
2023-10,DE01,Software,FIX-2023-10-00052-DE01,fixed_production,5400_FIXED_PRODUCTION,113.46,0.0,EXTERNAL,Fixed delivery capacity cost,,SW-AUT-RPA-E,C003
2023-10,DE01,Software,FIX-2023-10-00052-DE01,fixed_production,2100_AP,0.0,113.46,EXTERNAL,Fixed delivery capacity accrual,,SW-AUT-RPA-E,C003
2023-10,DE01,Software,VARSELL-2023-10-00052-DE01,variable_selling,5300_VARIABLE_SELLING,100.32,0.0,EXTERNAL,Variable selling and logistics,,SW-AUT-RPA-E,C003
2023-10,DE01,Software,VARSELL-2023-10-00052-DE01,variable_selling,2100_AP,0.0,100.32,EXTERNAL,Variable selling accrual,,SW-AUT-RPA-E,C003
2023-10,DE01,Software,OPEX-2023-10-00052-DE01,opex,6000_OPEX,145.97,0.0,EXTERNAL,Non-people operating expenses,,SW-AUT-RPA-E,C003
2023-10,DE01,Software,OPEX-2023-10-00052-DE01,opex,2100_AP,0.0,145.97,EXTERNAL,Non-people operating expense accrual,,SW-AUT-RPA-E,C003
2023-10,DE01,Software,SALE-2023-10-00053-DE01,sale,1100_AR,2832.57,0.0,EXTERNAL,External customer invoice,,SW-AUT-INT-E,C003
2023-10,DE01,Software,SALE-2023-10-00053-DE01,sale,4000_EXTERNAL_REVENUE,0.0,2832.57,EXTERNAL,External customer invoice,,SW-AUT-INT-E,C003
2023-10,DE01,Software,SERV-2023-10-00053-DE01,service_cost,5050_SERVICE_DELIVERY,446.08,0.0,EXTERNAL,Direct service delivery,,SW-AUT-INT-E,C003
2023-10,DE01,Software,SERV-2023-10-00053-DE01,service_cost,2100_AP,0.0,446.08,EXTERNAL,Direct service delivery accrual,,SW-AUT-INT-E,C003
2023-10,DE01,Software,FIX-2023-10-00053-DE01,fixed_production,5400_FIXED_PRODUCTION,121.09,0.0,EXTERNAL,Fixed delivery capacity cost,,SW-AUT-INT-E,C003
2023-10,DE01,Software,FIX-2023-10-00053-DE01,fixed_production,2100_AP,0.0,121.09,EXTERNAL,Fixed delivery capacity accrual,,SW-AUT-INT-E,C003
2023-10,DE01,Software,VARSELL-2023-10-00053-DE01,variable_selling,5300_VARIABLE_SELLING,107.07,0.0,EXTERNAL,Variable selling and logistics,,SW-AUT-INT-E,C003
2023-10,DE01,Software,VARSELL-2023-10-00053-DE01,variable_selling,2100_AP,0.0,107.07,EXTERNAL,Variable selling accrual,,SW-AUT-INT-E,C003
2023-10,DE01,Software,OPEX-2023-10-00053-DE01,opex,6000_OPEX,155.79,0.0,EXTERNAL,Non-people operating expenses,,SW-AUT-INT-E,C003
2023-10,DE01,Software,OPEX-2023-10-00053-DE01,opex,2100_AP,0.0,155.79,EXTERNAL,Non-people operating expense accrual,,SW-AUT-INT-E,C003
2023-10,DE01,Software,SALE-2023-10-00054-DE01,sale,1100_AR,3011.2,0.0,EXTERNAL,External customer invoice,,SW-AUT-MON-E,C003
2023-10,DE01,Software,SALE-2023-10-00054-DE01,sale,4000_EXTERNAL_REVENUE,0.0,3011.2,EXTERNAL,External customer invoice,,SW-AUT-MON-E,C003
2023-10,DE01,Software,SERV-2023-10-00054-DE01,service_cost,5050_SERVICE_DELIVERY,490.25,0.0,EXTERNAL,Direct service delivery,,SW-AUT-MON-E,C003
2023-10,DE01,Software,SERV-2023-10-00054-DE01,service_cost,2100_AP,0.0,490.25,EXTERNAL,Direct service delivery accrual,,SW-AUT-MON-E,C003
2023-10,DE01,Software,FIX-2023-10-00054-DE01,fixed_production,5400_FIXED_PRODUCTION,128.73,0.0,EXTERNAL,Fixed delivery capacity cost,,SW-AUT-MON-E,C003
2023-10,DE01,Software,FIX-2023-10-00054-DE01,fixed_production,2100_AP,0.0,128.73,EXTERNAL,Fixed delivery capacity accrual,,SW-AUT-MON-E,C003
2023-10,DE01,Software,VARSELL-2023-10-00054-DE01,variable_selling,5300_VARIABLE_SELLING,113.82,0.0,EXTERNAL,Variable selling and logistics,,SW-AUT-MON-E,C003
2023-10,DE01,Software,VARSELL-2023-10-00054-DE01,variable_selling,2100_AP,0.0,113.82,EXTERNAL,Variable selling accrual,,SW-AUT-MON-E,C003
2023-10,DE01,Software,OPEX-2023-10-00054-DE01,opex,6000_OPEX,165.62,0.0,EXTERNAL,Non-people operating expenses,,SW-AUT-MON-E,C003
2023-10,DE01,Software,OPEX-2023-10-00054-DE01,opex,2100_AP,0.0,165.62,EXTERNAL,Non-people operating expense accrual,,SW-AUT-MON-E,C003
2023-10,DE01,Software,SALE-2023-10-00055-DE01,sale,1100_AR,1930.26,0.0,EXTERNAL,External customer invoice,,SW-AUT-MON-P,C003
2023-10,DE01,Software,SALE-2023-10-00055-DE01,sale,4000_EXTERNAL_REVENUE,0.0,1930.26,EXTERNAL,External customer invoice,,SW-AUT-MON-P,C003
2023-10,DE01,Software,SERV-2023-10-00055-DE01,service_cost,5050_SERVICE_DELIVERY,374.13,0.0,EXTERNAL,Direct service delivery,,SW-AUT-MON-P,C003
2023-10,DE01,Software,SERV-2023-10-00055-DE01,service_cost,2100_AP,0.0,374.13,EXTERNAL,Direct service delivery accrual,,SW-AUT-MON-P,C003
2023-10,DE01,Software,FIX-2023-10-00055-DE01,fixed_production,5400_FIXED_PRODUCTION,86.86,0.0,EXTERNAL,Fixed delivery capacity cost,,SW-AUT-MON-P,C003
2023-10,DE01,Software,FIX-2023-10-00055-DE01,fixed_production,2100_AP,0.0,86.86,EXTERNAL,Fixed delivery capacity accrual,,SW-AUT-MON-P,C003
2023-10,DE01,Software,VARSELL-2023-10-00055-DE01,variable_selling,5300_VARIABLE_SELLING,67.56,0.0,EXTERNAL,Variable selling and logistics,,SW-AUT-MON-P,C003
2023-10,DE01,Software,VARSELL-2023-10-00055-DE01,variable_selling,2100_AP,0.0,67.56,EXTERNAL,Variable selling accrual,,SW-AUT-MON-P,C003
2023-10,DE01,Software,OPEX-2023-10-00055-DE01,opex,6000_OPEX,106.16,0.0,EXTERNAL,Non-people operating expenses,,SW-AUT-MON-P,C003
2023-10,DE01,Software,OPEX-2023-10-00055-DE01,opex,2100_AP,0.0,106.16,EXTERNAL,Non-people operating expense accrual,,SW-AUT-MON-P,C003
2023-10,DE01,Software,SALE-2023-10-00056-DE01,sale,1100_AR,9001.16,0.0,EXTERNAL,External customer invoice,,SW-PLT-CORE-E,C004
2023-10,DE01,Software,SALE-2023-10-00056-DE01,sale,4000_EXTERNAL_REVENUE,0.0,9001.16,EXTERNAL,External customer invoice,,SW-PLT-CORE-E,C004
2023-10,DE01,Software,SERV-2023-10-00056-DE01,service_cost,5050_SERVICE_DELIVERY,1321.7,0.0,EXTERNAL,Direct service delivery,,SW-PLT-CORE-E,C004
2023-10,DE01,Software,SERV-2023-10-00056-DE01,service_cost,2100_AP,0.0,1321.7,EXTERNAL,Direct service delivery accrual,,SW-PLT-CORE-E,C004
2023-10,DE01,Software,FIX-2023-10-00056-DE01,fixed_production,5400_FIXED_PRODUCTION,384.8,0.0,EXTERNAL,Fixed delivery capacity cost,,SW-PLT-CORE-E,C004
2023-10,DE01,Software,FIX-2023-10-00056-DE01,fixed_production,2100_AP,0.0,384.8,EXTERNAL,Fixed delivery capacity accrual,,SW-PLT-CORE-E,C004
2023-10,DE01,Software,VARSELL-2023-10-00056-DE01,variable_selling,5300_VARIABLE_SELLING,340.24,0.0,EXTERNAL,Variable selling and logistics,,SW-PLT-CORE-E,C004
2023-10,DE01,Software,VARSELL-2023-10-00056-DE01,variable_selling,2100_AP,0.0,340.24,EXTERNAL,Variable selling accrual,,SW-PLT-CORE-E,C004
2023-10,DE01,Software,OPEX-2023-10-00056-DE01,opex,6000_OPEX,495.06,0.0,EXTERNAL,Non-people operating expenses,,SW-PLT-CORE-E,C004
2023-10,DE01,Software,OPEX-2023-10-00056-DE01,opex,2100_AP,0.0,495.06,EXTERNAL,Non-people operating expense accrual,,SW-PLT-CORE-E,C004
2023-10,DE01,Software,SALE-2023-10-00057-DE01,sale,1100_AR,8654.95,0.0,EXTERNAL,External customer invoice,,SW-PLT-CORE-P,C004
2023-10,DE01,Software,SALE-2023-10-00057-DE01,sale,4000_EXTERNAL_REVENUE,0.0,8654.95,EXTERNAL,External customer invoice,,SW-PLT-CORE-P,C004
2023-10,DE01,Software,SERV-2023-10-00057-DE01,service_cost,5050_SERVICE_DELIVERY,1512.89,0.0,EXTERNAL,Direct service delivery,,SW-PLT-CORE-P,C004
2023-10,DE01,Software,SERV-2023-10-00057-DE01,service_cost,2100_AP,0.0,1512.89,EXTERNAL,Direct service delivery accrual,,SW-PLT-CORE-P,C004
2023-10,DE01,Software,FIX-2023-10-00057-DE01,fixed_production,5400_FIXED_PRODUCTION,389.47,0.0,EXTERNAL,Fixed delivery capacity cost,,SW-PLT-CORE-P,C004
2023-10,DE01,Software,FIX-2023-10-00057-DE01,fixed_production,2100_AP,0.0,389.47,EXTERNAL,Fixed delivery capacity accrual,,SW-PLT-CORE-P,C004
2023-10,DE01,Software,VARSELL-2023-10-00057-DE01,variable_selling,5300_VARIABLE_SELLING,302.92,0.0,EXTERNAL,Variable selling and logistics,,SW-PLT-CORE-P,C004
2023-10,DE01,Software,VARSELL-2023-10-00057-DE01,variable_selling,2100_AP,0.0,302.92,EXTERNAL,Variable selling accrual,,SW-PLT-CORE-P,C004
2023-10,DE01,Software,OPEX-2023-10-00057-DE01,opex,6000_OPEX,476.02,0.0,EXTERNAL,Non-people operating expenses,,SW-PLT-CORE-P,C004
2023-10,DE01,Software,OPEX-2023-10-00057-DE01,opex,2100_AP,0.0,476.02,EXTERNAL,Non-people operating expense accrual,,SW-PLT-CORE-P,C004
2023-10,DE01,Software,SALE-2023-10-00058-DE01,sale,1100_AR,6404.67,0.0,EXTERNAL,External customer invoice,,SW-PLT-CORE-X,C004
2023-10,DE01,Software,SALE-2023-10-00058-DE01,sale,4000_EXTERNAL_REVENUE,0.0,6404.67,EXTERNAL,External customer invoice,,SW-PLT-CORE-X,C004
2023-10,DE01,Software,SERV-2023-10-00058-DE01,service_cost,5050_SERVICE_DELIVERY,1365.85,0.0,EXTERNAL,Direct service delivery,,SW-PLT-CORE-X,C004
2023-10,DE01,Software,SERV-2023-10-00058-DE01,service_cost,2100_AP,0.0,1365.85,EXTERNAL,Direct service delivery accrual,,SW-PLT-CORE-X,C004
2023-10,DE01,Software,FIX-2023-10-00058-DE01,fixed_production,5400_FIXED_PRODUCTION,317.03,0.0,EXTERNAL,Fixed delivery capacity cost,,SW-PLT-CORE-X,C004
2023-10,DE01,Software,FIX-2023-10-00058-DE01,fixed_production,2100_AP,0.0,317.03,EXTERNAL,Fixed delivery capacity accrual,,SW-PLT-CORE-X,C004
2023-10,DE01,Software,VARSELL-2023-10-00058-DE01,variable_selling,5300_VARIABLE_SELLING,206.23,0.0,EXTERNAL,Variable selling and logistics,,SW-PLT-CORE-X,C004
2023-10,DE01,Software,VARSELL-2023-10-00058-DE01,variable_selling,2100_AP,0.0,206.23,EXTERNAL,Variable selling accrual,,SW-PLT-CORE-X,C004
2023-10,DE01,Software,OPEX-2023-10-00058-DE01,opex,6000_OPEX,352.26,0.0,EXTERNAL,Non-people operating expenses,,SW-PLT-CORE-X,C004
2023-10,DE01,Software,OPEX-2023-10-00058-DE01,opex,2100_AP,0.0,352.26,EXTERNAL,Non-people operating expense accrual,,SW-PLT-CORE-X,C004
2023-10,DE01,Software,SALE-2023-10-00059-DE01,sale,1100_AR,8444.4,0.0,EXTERNAL,External customer invoice,,SW-PLT-WF-E,C004
2023-10,DE01,Software,SALE-2023-10-00059-DE01,sale,4000_EXTERNAL_REVENUE,0.0,8444.4,EXTERNAL,External customer invoice,,SW-PLT-WF-E,C004
2023-10,DE01,Software,SERV-2023-10-00059-DE01,service_cost,5050_SERVICE_DELIVERY,1284.87,0.0,EXTERNAL,Direct service delivery,,SW-PLT-WF-E,C004
2023-10,DE01,Software,SERV-2023-10-00059-DE01,service_cost,2100_AP,0.0,1284.87,EXTERNAL,Direct service delivery accrual,,SW-PLT-WF-E,C004
2023-10,DE01,Software,FIX-2023-10-00059-DE01,fixed_production,5400_FIXED_PRODUCTION,361.0,0.0,EXTERNAL,Fixed delivery capacity cost,,SW-PLT-WF-E,C004
2023-10,DE01,Software,FIX-2023-10-00059-DE01,fixed_production,2100_AP,0.0,361.0,EXTERNAL,Fixed delivery capacity accrual,,SW-PLT-WF-E,C004
2023-10,DE01,Software,VARSELL-2023-10-00059-DE01,variable_selling,5300_VARIABLE_SELLING,319.2,0.0,EXTERNAL,Variable selling and logistics,,SW-PLT-WF-E,C004
2023-10,DE01,Software,VARSELL-2023-10-00059-DE01,variable_selling,2100_AP,0.0,319.2,EXTERNAL,Variable selling accrual,,SW-PLT-WF-E,C004
2023-10,DE01,Software,OPEX-2023-10-00059-DE01,opex,6000_OPEX,464.44,0.0,EXTERNAL,Non-people operating expenses,,SW-PLT-WF-E,C004
2023-10,DE01,Software,OPEX-2023-10-00059-DE01,opex,2100_AP,0.0,464.44,EXTERNAL,Non-people operating expense accrual,,SW-PLT-WF-E,C004
2023-10,DE01,Software,SALE-2023-10-00060-DE01,sale,1100_AR,7732.94,0.0,EXTERNAL,External customer invoice,,SW-PLT-WF-P,C004
2023-10,DE01,Software,SALE-2023-10-00060-DE01,sale,4000_EXTERNAL_REVENUE,0.0,7732.94,EXTERNAL,External customer invoice,,SW-PLT-WF-P,C004
2023-10,DE01,Software,SERV-2023-10-00060-DE01,service_cost,5050_SERVICE_DELIVERY,1400.73,0.0,EXTERNAL,Direct service delivery,,SW-PLT-WF-P,C004
2023-10,DE01,Software,SERV-2023-10-00060-DE01,service_cost,2100_AP,0.0,1400.73,EXTERNAL,Direct service delivery accrual,,SW-PLT-WF-P,C004
2023-10,DE01,Software,FIX-2023-10-00060-DE01,fixed_production,5400_FIXED_PRODUCTION,347.98,0.0,EXTERNAL,Fixed delivery capacity cost,,SW-PLT-WF-P,C004
2023-10,DE01,Software,FIX-2023-10-00060-DE01,fixed_production,2100_AP,0.0,347.98,EXTERNAL,Fixed delivery capacity accrual,,SW-PLT-WF-P,C004
2023-10,DE01,Software,VARSELL-2023-10-00060-DE01,variable_selling,5300_VARIABLE_SELLING,270.65,0.0,EXTERNAL,Variable selling and logistics,,SW-PLT-WF-P,C004
2023-10,DE01,Software,VARSELL-2023-10-00060-DE01,variable_selling,2100_AP,0.0,270.65,EXTERNAL,Variable selling accrual,,SW-PLT-WF-P,C004
2023-10,DE01,Software,OPEX-2023-10-00060-DE01,opex,6000_OPEX,425.31,0.0,EXTERNAL,Non-people operating expenses,,SW-PLT-WF-P,C004
2023-10,DE01,Software,OPEX-2023-10-00060-DE01,opex,2100_AP,0.0,425.31,EXTERNAL,Non-people operating expense accrual,,SW-PLT-WF-P,C004
2023-10,DE01,Software,SALE-2023-10-00061-DE01,sale,1100_AR,6866.86,0.0,EXTERNAL,External customer invoice,,SW-PLT-WF-X,C004
2023-10,DE01,Software,SALE-2023-10-00061-DE01,sale,4000_EXTERNAL_REVENUE,0.0,6866.86,EXTERNAL,External customer invoice,,SW-PLT-WF-X,C004
2023-10,DE01,Software,SERV-2023-10-00061-DE01,service_cost,5050_SERVICE_DELIVERY,1517.52,0.0,EXTERNAL,Direct service delivery,,SW-PLT-WF-X,C004
2023-10,DE01,Software,SERV-2023-10-00061-DE01,service_cost,2100_AP,0.0,1517.52,EXTERNAL,Direct service delivery accrual,,SW-PLT-WF-X,C004
2023-10,DE01,Software,FIX-2023-10-00061-DE01,fixed_production,5400_FIXED_PRODUCTION,339.91,0.0,EXTERNAL,Fixed delivery capacity cost,,SW-PLT-WF-X,C004
2023-10,DE01,Software,FIX-2023-10-00061-DE01,fixed_production,2100_AP,0.0,339.91,EXTERNAL,Fixed delivery capacity accrual,,SW-PLT-WF-X,C004
2023-10,DE01,Software,VARSELL-2023-10-00061-DE01,variable_selling,5300_VARIABLE_SELLING,221.11,0.0,EXTERNAL,Variable selling and logistics,,SW-PLT-WF-X,C004
2023-10,DE01,Software,VARSELL-2023-10-00061-DE01,variable_selling,2100_AP,0.0,221.11,EXTERNAL,Variable selling accrual,,SW-PLT-WF-X,C004
2023-10,DE01,Software,OPEX-2023-10-00061-DE01,opex,6000_OPEX,377.68,0.0,EXTERNAL,Non-people operating expenses,,SW-PLT-WF-X,C004
2023-10,DE01,Software,OPEX-2023-10-00061-DE01,opex,2100_AP,0.0,377.68,EXTERNAL,Non-people operating expense accrual,,SW-PLT-WF-X,C004
2023-10,DE01,Software,SALE-2023-10-00062-DE01,sale,1100_AR,9012.71,0.0,EXTERNAL,External customer invoice,,SW-PLT-EDGE-E,C004
2023-10,DE01,Software,SALE-2023-10-00062-DE01,sale,4000_EXTERNAL_REVENUE,0.0,9012.71,EXTERNAL,External customer invoice,,SW-PLT-EDGE-E,C004
2023-10,DE01,Software,SERV-2023-10-00062-DE01,service_cost,5050_SERVICE_DELIVERY,1419.39,0.0,EXTERNAL,Direct service delivery,,SW-PLT-EDGE-E,C004
2023-10,DE01,Software,SERV-2023-10-00062-DE01,service_cost,2100_AP,0.0,1419.39,EXTERNAL,Direct service delivery accrual,,SW-PLT-EDGE-E,C004
2023-10,DE01,Software,FIX-2023-10-00062-DE01,fixed_production,5400_FIXED_PRODUCTION,385.29,0.0,EXTERNAL,Fixed delivery capacity cost,,SW-PLT-EDGE-E,C004
2023-10,DE01,Software,FIX-2023-10-00062-DE01,fixed_production,2100_AP,0.0,385.29,EXTERNAL,Fixed delivery capacity accrual,,SW-PLT-EDGE-E,C004
2023-10,DE01,Software,VARSELL-2023-10-00062-DE01,variable_selling,5300_VARIABLE_SELLING,340.68,0.0,EXTERNAL,Variable selling and logistics,,SW-PLT-EDGE-E,C004
2023-10,DE01,Software,VARSELL-2023-10-00062-DE01,variable_selling,2100_AP,0.0,340.68,EXTERNAL,Variable selling accrual,,SW-PLT-EDGE-E,C004
2023-10,DE01,Software,OPEX-2023-10-00062-DE01,opex,6000_OPEX,495.7,0.0,EXTERNAL,Non-people operating expenses,,SW-PLT-EDGE-E,C004
2023-10,DE01,Software,OPEX-2023-10-00062-DE01,opex,2100_AP,0.0,495.7,EXTERNAL,Non-people operating expense accrual,,SW-PLT-EDGE-E,C004
2023-10,DE01,Software,SALE-2023-10-00063-DE01,sale,1100_AR,8212.37,0.0,EXTERNAL,External customer invoice,,SW-PLT-API-E,C004
2023-10,DE01,Software,SALE-2023-10-00063-DE01,sale,4000_EXTERNAL_REVENUE,0.0,8212.37,EXTERNAL,External customer invoice,,SW-PLT-API-E,C004
2023-10,DE01,Software,SERV-2023-10-00063-DE01,service_cost,5050_SERVICE_DELIVERY,2975.23,0.0,EXTERNAL,Direct service delivery,,SW-PLT-API-E,C004
2023-10,DE01,Software,SERV-2023-10-00063-DE01,service_cost,2100_AP,0.0,2975.23,EXTERNAL,Direct service delivery accrual,,SW-PLT-API-E,C004
2023-10,DE01,Software,FIX-2023-10-00063-DE01,fixed_production,5400_FIXED_PRODUCTION,351.08,0.0,EXTERNAL,Fixed delivery capacity cost,,SW-PLT-API-E,C004
2023-10,DE01,Software,FIX-2023-10-00063-DE01,fixed_production,2100_AP,0.0,351.08,EXTERNAL,Fixed delivery capacity accrual,,SW-PLT-API-E,C004
2023-10,DE01,Software,VARSELL-2023-10-00063-DE01,variable_selling,5300_VARIABLE_SELLING,310.43,0.0,EXTERNAL,Variable selling and logistics,,SW-PLT-API-E,C004
2023-10,DE01,Software,VARSELL-2023-10-00063-DE01,variable_selling,2100_AP,0.0,310.43,EXTERNAL,Variable selling accrual,,SW-PLT-API-E,C004
2023-10,DE01,Software,OPEX-2023-10-00063-DE01,opex,6000_OPEX,451.68,0.0,EXTERNAL,Non-people operating expenses,,SW-PLT-API-E,C004
2023-10,DE01,Software,OPEX-2023-10-00063-DE01,opex,2100_AP,0.0,451.68,EXTERNAL,Non-people operating expense accrual,,SW-PLT-API-E,C004
2023-10,DE01,Software,SALE-2023-10-00064-DE01,sale,1100_AR,8773.91,0.0,EXTERNAL,External customer invoice,,SW-PLT-API-P,C004
2023-10,DE01,Software,SALE-2023-10-00064-DE01,sale,4000_EXTERNAL_REVENUE,0.0,8773.91,EXTERNAL,External customer invoice,,SW-PLT-API-P,C004
2023-10,DE01,Software,SERV-2023-10-00064-DE01,service_cost,5050_SERVICE_DELIVERY,1700.57,0.0,EXTERNAL,Direct service delivery,,SW-PLT-API-P,C004
2023-10,DE01,Software,SERV-2023-10-00064-DE01,service_cost,2100_AP,0.0,1700.57,EXTERNAL,Direct service delivery accrual,,SW-PLT-API-P,C004
2023-10,DE01,Software,FIX-2023-10-00064-DE01,fixed_production,5400_FIXED_PRODUCTION,394.83,0.0,EXTERNAL,Fixed delivery capacity cost,,SW-PLT-API-P,C004
2023-10,DE01,Software,FIX-2023-10-00064-DE01,fixed_production,2100_AP,0.0,394.83,EXTERNAL,Fixed delivery capacity accrual,,SW-PLT-API-P,C004
2023-10,DE01,Software,VARSELL-2023-10-00064-DE01,variable_selling,5300_VARIABLE_SELLING,307.09,0.0,EXTERNAL,Variable selling and logistics,,SW-PLT-API-P,C004
2023-10,DE01,Software,VARSELL-2023-10-00064-DE01,variable_selling,2100_AP,0.0,307.09,EXTERNAL,Variable selling accrual,,SW-PLT-API-P,C004
2023-10,DE01,Software,OPEX-2023-10-00064-DE01,opex,6000_OPEX,482.57,0.0,EXTERNAL,Non-people operating expenses,,SW-PLT-API-P,C004
2023-10,DE01,Software,OPEX-2023-10-00064-DE01,opex,2100_AP,0.0,482.57,EXTERNAL,Non-people operating expense accrual,,SW-PLT-API-P,C004
2023-10,DE01,Software,SALE-2023-10-00065-DE01,sale,1100_AR,7966.03,0.0,EXTERNAL,External customer invoice,,SW-SEC-IAM-E,C004
2023-10,DE01,Software,SALE-2023-10-00065-DE01,sale,4000_EXTERNAL_REVENUE,0.0,7966.03,EXTERNAL,External customer invoice,,SW-SEC-IAM-E,C004
2023-10,DE01,Software,SERV-2023-10-00065-DE01,service_cost,5050_SERVICE_DELIVERY,1169.66,0.0,EXTERNAL,Direct service delivery,,SW-SEC-IAM-E,C004
2023-10,DE01,Software,SERV-2023-10-00065-DE01,service_cost,2100_AP,0.0,1169.66,EXTERNAL,Direct service delivery accrual,,SW-SEC-IAM-E,C004
2023-10,DE01,Software,FIX-2023-10-00065-DE01,fixed_production,5400_FIXED_PRODUCTION,340.55,0.0,EXTERNAL,Fixed delivery capacity cost,,SW-SEC-IAM-E,C004
2023-10,DE01,Software,FIX-2023-10-00065-DE01,fixed_production,2100_AP,0.0,340.55,EXTERNAL,Fixed delivery capacity accrual,,SW-SEC-IAM-E,C004
2023-10,DE01,Software,VARSELL-2023-10-00065-DE01,variable_selling,5300_VARIABLE_SELLING,301.12,0.0,EXTERNAL,Variable selling and logistics,,SW-SEC-IAM-E,C004
2023-10,DE01,Software,VARSELL-2023-10-00065-DE01,variable_selling,2100_AP,0.0,301.12,EXTERNAL,Variable selling accrual,,SW-SEC-IAM-E,C004
2023-10,DE01,Software,OPEX-2023-10-00065-DE01,opex,6000_OPEX,438.13,0.0,EXTERNAL,Non-people operating expenses,,SW-SEC-IAM-E,C004
2023-10,DE01,Software,OPEX-2023-10-00065-DE01,opex,2100_AP,0.0,438.13,EXTERNAL,Non-people operating expense accrual,,SW-SEC-IAM-E,C004
2023-10,DE01,Software,SALE-2023-10-00066-DE01,sale,1100_AR,7299.91,0.0,EXTERNAL,External customer invoice,,SW-SEC-PAM-P,C004
2023-10,DE01,Software,SALE-2023-10-00066-DE01,sale,4000_EXTERNAL_REVENUE,0.0,7299.91,EXTERNAL,External customer invoice,,SW-SEC-PAM-P,C004
2023-10,DE01,Software,SERV-2023-10-00066-DE01,service_cost,5050_SERVICE_DELIVERY,1322.3,0.0,EXTERNAL,Direct service delivery,,SW-SEC-PAM-P,C004
2023-10,DE01,Software,SERV-2023-10-00066-DE01,service_cost,2100_AP,0.0,1322.3,EXTERNAL,Direct service delivery accrual,,SW-SEC-PAM-P,C004
2023-10,DE01,Software,FIX-2023-10-00066-DE01,fixed_production,5400_FIXED_PRODUCTION,328.5,0.0,EXTERNAL,Fixed delivery capacity cost,,SW-SEC-PAM-P,C004
2023-10,DE01,Software,FIX-2023-10-00066-DE01,fixed_production,2100_AP,0.0,328.5,EXTERNAL,Fixed delivery capacity accrual,,SW-SEC-PAM-P,C004
2023-10,DE01,Software,VARSELL-2023-10-00066-DE01,variable_selling,5300_VARIABLE_SELLING,255.5,0.0,EXTERNAL,Variable selling and logistics,,SW-SEC-PAM-P,C004
2023-10,DE01,Software,VARSELL-2023-10-00066-DE01,variable_selling,2100_AP,0.0,255.5,EXTERNAL,Variable selling accrual,,SW-SEC-PAM-P,C004
2023-10,DE01,Software,OPEX-2023-10-00066-DE01,opex,6000_OPEX,401.5,0.0,EXTERNAL,Non-people operating expenses,,SW-SEC-PAM-P,C004
2023-10,DE01,Software,OPEX-2023-10-00066-DE01,opex,2100_AP,0.0,401.5,EXTERNAL,Non-people operating expense accrual,,SW-SEC-PAM-P,C004
2023-10,DE01,Software,SALE-2023-10-00067-DE01,sale,1100_AR,7791.22,0.0,EXTERNAL,External customer invoice,,SW-SEC-KMS-P,C004
2023-10,DE01,Software,SALE-2023-10-00067-DE01,sale,4000_EXTERNAL_REVENUE,0.0,7791.22,EXTERNAL,External customer invoice,,SW-SEC-KMS-P,C004
2023-10,DE01,Software,SERV-2023-10-00067-DE01,service_cost,5050_SERVICE_DELIVERY,1460.71,0.0,EXTERNAL,Direct service delivery,,SW-SEC-KMS-P,C004
2023-10,DE01,Software,SERV-2023-10-00067-DE01,service_cost,2100_AP,0.0,1460.71,EXTERNAL,Direct service delivery accrual,,SW-SEC-KMS-P,C004
2023-10,DE01,Software,FIX-2023-10-00067-DE01,fixed_production,5400_FIXED_PRODUCTION,350.6,0.0,EXTERNAL,Fixed delivery capacity cost,,SW-SEC-KMS-P,C004
2023-10,DE01,Software,FIX-2023-10-00067-DE01,fixed_production,2100_AP,0.0,350.6,EXTERNAL,Fixed delivery capacity accrual,,SW-SEC-KMS-P,C004
2023-10,DE01,Software,VARSELL-2023-10-00067-DE01,variable_selling,5300_VARIABLE_SELLING,272.69,0.0,EXTERNAL,Variable selling and logistics,,SW-SEC-KMS-P,C004
2023-10,DE01,Software,VARSELL-2023-10-00067-DE01,variable_selling,2100_AP,0.0,272.69,EXTERNAL,Variable selling accrual,,SW-SEC-KMS-P,C004
2023-10,DE01,Software,OPEX-2023-10-00067-DE01,opex,6000_OPEX,428.52,0.0,EXTERNAL,Non-people operating expenses,,SW-SEC-KMS-P,C004
2023-10,DE01,Software,OPEX-2023-10-00067-DE01,opex,2100_AP,0.0,428.52,EXTERNAL,Non-people operating expense accrual,,SW-SEC-KMS-P,C004
2023-10,DE01,Software,SALE-2023-10-00068-DE01,sale,1100_AR,5765.52,0.0,EXTERNAL,External customer invoice,,SW-SEC-KMS-X,C004
2023-10,DE01,Software,SALE-2023-10-00068-DE01,sale,4000_EXTERNAL_REVENUE,0.0,5765.52,EXTERNAL,External customer invoice,,SW-SEC-KMS-X,C004
2023-10,DE01,Software,SERV-2023-10-00068-DE01,service_cost,5050_SERVICE_DELIVERY,1318.72,0.0,EXTERNAL,Direct service delivery,,SW-SEC-KMS-X,C004
2023-10,DE01,Software,SERV-2023-10-00068-DE01,service_cost,2100_AP,0.0,1318.72,EXTERNAL,Direct service delivery accrual,,SW-SEC-KMS-X,C004
2023-10,DE01,Software,FIX-2023-10-00068-DE01,fixed_production,5400_FIXED_PRODUCTION,285.39,0.0,EXTERNAL,Fixed delivery capacity cost,,SW-SEC-KMS-X,C004
2023-10,DE01,Software,FIX-2023-10-00068-DE01,fixed_production,2100_AP,0.0,285.39,EXTERNAL,Fixed delivery capacity accrual,,SW-SEC-KMS-X,C004
2023-10,DE01,Software,VARSELL-2023-10-00068-DE01,variable_selling,5300_VARIABLE_SELLING,185.65,0.0,EXTERNAL,Variable selling and logistics,,SW-SEC-KMS-X,C004
2023-10,DE01,Software,VARSELL-2023-10-00068-DE01,variable_selling,2100_AP,0.0,185.65,EXTERNAL,Variable selling accrual,,SW-SEC-KMS-X,C004
2023-10,DE01,Software,OPEX-2023-10-00068-DE01,opex,6000_OPEX,317.1,0.0,EXTERNAL,Non-people operating expenses,,SW-SEC-KMS-X,C004
2023-10,DE01,Software,OPEX-2023-10-00068-DE01,opex,2100_AP,0.0,317.1,EXTERNAL,Non-people operating expense accrual,,SW-SEC-KMS-X,C004
2023-10,DE01,Software,SALE-2023-10-00069-DE01,sale,1100_AR,6460.42,0.0,EXTERNAL,External customer invoice,,SW-SEC-CMP-E,C004
2023-10,DE01,Software,SALE-2023-10-00069-DE01,sale,4000_EXTERNAL_REVENUE,0.0,6460.42,EXTERNAL,External customer invoice,,SW-SEC-CMP-E,C004
2023-10,DE01,Software,SERV-2023-10-00069-DE01,service_cost,5050_SERVICE_DELIVERY,2340.48,0.0,EXTERNAL,Direct service delivery,,SW-SEC-CMP-E,C004
2023-10,DE01,Software,SERV-2023-10-00069-DE01,service_cost,2100_AP,0.0,2340.48,EXTERNAL,Direct service delivery accrual,,SW-SEC-CMP-E,C004
2023-10,DE01,Software,FIX-2023-10-00069-DE01,fixed_production,5400_FIXED_PRODUCTION,276.18,0.0,EXTERNAL,Fixed delivery capacity cost,,SW-SEC-CMP-E,C004
2023-10,DE01,Software,FIX-2023-10-00069-DE01,fixed_production,2100_AP,0.0,276.18,EXTERNAL,Fixed delivery capacity accrual,,SW-SEC-CMP-E,C004
2023-10,DE01,Software,VARSELL-2023-10-00069-DE01,variable_selling,5300_VARIABLE_SELLING,244.2,0.0,EXTERNAL,Variable selling and logistics,,SW-SEC-CMP-E,C004
2023-10,DE01,Software,VARSELL-2023-10-00069-DE01,variable_selling,2100_AP,0.0,244.2,EXTERNAL,Variable selling accrual,,SW-SEC-CMP-E,C004
2023-10,DE01,Software,OPEX-2023-10-00069-DE01,opex,6000_OPEX,355.32,0.0,EXTERNAL,Non-people operating expenses,,SW-SEC-CMP-E,C004
2023-10,DE01,Software,OPEX-2023-10-00069-DE01,opex,2100_AP,0.0,355.32,EXTERNAL,Non-people operating expense accrual,,SW-SEC-CMP-E,C004
2023-10,DE01,Software,SALE-2023-10-00070-DE01,sale,1100_AR,8282.57,0.0,EXTERNAL,External customer invoice,,SW-SEC-CMP-P,C004
2023-10,DE01,Software,SALE-2023-10-00070-DE01,sale,4000_EXTERNAL_REVENUE,0.0,8282.57,EXTERNAL,External customer invoice,,SW-SEC-CMP-P,C004
2023-10,DE01,Software,SERV-2023-10-00070-DE01,service_cost,5050_SERVICE_DELIVERY,1605.33,0.0,EXTERNAL,Direct service delivery,,SW-SEC-CMP-P,C004
2023-10,DE01,Software,SERV-2023-10-00070-DE01,service_cost,2100_AP,0.0,1605.33,EXTERNAL,Direct service delivery accrual,,SW-SEC-CMP-P,C004
2023-10,DE01,Software,FIX-2023-10-00070-DE01,fixed_production,5400_FIXED_PRODUCTION,372.72,0.0,EXTERNAL,Fixed delivery capacity cost,,SW-SEC-CMP-P,C004
2023-10,DE01,Software,FIX-2023-10-00070-DE01,fixed_production,2100_AP,0.0,372.72,EXTERNAL,Fixed delivery capacity accrual,,SW-SEC-CMP-P,C004
2023-10,DE01,Software,VARSELL-2023-10-00070-DE01,variable_selling,5300_VARIABLE_SELLING,289.89,0.0,EXTERNAL,Variable selling and logistics,,SW-SEC-CMP-P,C004
2023-10,DE01,Software,VARSELL-2023-10-00070-DE01,variable_selling,2100_AP,0.0,289.89,EXTERNAL,Variable selling accrual,,SW-SEC-CMP-P,C004
2023-10,DE01,Software,OPEX-2023-10-00070-DE01,opex,6000_OPEX,455.54,0.0,EXTERNAL,Non-people operating expenses,,SW-SEC-CMP-P,C004
2023-10,DE01,Software,OPEX-2023-10-00070-DE01,opex,2100_AP,0.0,455.54,EXTERNAL,Non-people operating expense accrual,,SW-SEC-CMP-P,C004
2023-10,DE01,Software,SALE-2023-10-00071-DE01,sale,1100_AR,7573.08,0.0,EXTERNAL,External customer invoice,,SW-ANL-BI-P,C004
2023-10,DE01,Software,SALE-2023-10-00071-DE01,sale,4000_EXTERNAL_REVENUE,0.0,7573.08,EXTERNAL,External customer invoice,,SW-ANL-BI-P,C004
2023-10,DE01,Software,SERV-2023-10-00071-DE01,service_cost,5050_SERVICE_DELIVERY,1323.81,0.0,EXTERNAL,Direct service delivery,,SW-ANL-BI-P,C004
2023-10,DE01,Software,SERV-2023-10-00071-DE01,service_cost,2100_AP,0.0,1323.81,EXTERNAL,Direct service delivery accrual,,SW-ANL-BI-P,C004
2023-10,DE01,Software,FIX-2023-10-00071-DE01,fixed_production,5400_FIXED_PRODUCTION,340.79,0.0,EXTERNAL,Fixed delivery capacity cost,,SW-ANL-BI-P,C004
2023-10,DE01,Software,FIX-2023-10-00071-DE01,fixed_production,2100_AP,0.0,340.79,EXTERNAL,Fixed delivery capacity accrual,,SW-ANL-BI-P,C004
2023-10,DE01,Software,VARSELL-2023-10-00071-DE01,variable_selling,5300_VARIABLE_SELLING,265.06,0.0,EXTERNAL,Variable selling and logistics,,SW-ANL-BI-P,C004
2023-10,DE01,Software,VARSELL-2023-10-00071-DE01,variable_selling,2100_AP,0.0,265.06,EXTERNAL,Variable selling accrual,,SW-ANL-BI-P,C004
2023-10,DE01,Software,OPEX-2023-10-00071-DE01,opex,6000_OPEX,416.52,0.0,EXTERNAL,Non-people operating expenses,,SW-ANL-BI-P,C004
2023-10,DE01,Software,OPEX-2023-10-00071-DE01,opex,2100_AP,0.0,416.52,EXTERNAL,Non-people operating expense accrual,,SW-ANL-BI-P,C004
2023-10,DE01,Software,SALE-2023-10-00072-DE01,sale,1100_AR,6724.89,0.0,EXTERNAL,External customer invoice,,SW-ANL-BI-X,C004
2023-10,DE01,Software,SALE-2023-10-00072-DE01,sale,4000_EXTERNAL_REVENUE,0.0,6724.89,EXTERNAL,External customer invoice,,SW-ANL-BI-X,C004
2023-10,DE01,Software,SERV-2023-10-00072-DE01,service_cost,5050_SERVICE_DELIVERY,1434.14,0.0,EXTERNAL,Direct service delivery,,SW-ANL-BI-X,C004
2023-10,DE01,Software,SERV-2023-10-00072-DE01,service_cost,2100_AP,0.0,1434.14,EXTERNAL,Direct service delivery accrual,,SW-ANL-BI-X,C004
2023-10,DE01,Software,FIX-2023-10-00072-DE01,fixed_production,5400_FIXED_PRODUCTION,332.88,0.0,EXTERNAL,Fixed delivery capacity cost,,SW-ANL-BI-X,C004
2023-10,DE01,Software,FIX-2023-10-00072-DE01,fixed_production,2100_AP,0.0,332.88,EXTERNAL,Fixed delivery capacity accrual,,SW-ANL-BI-X,C004
2023-10,DE01,Software,VARSELL-2023-10-00072-DE01,variable_selling,5300_VARIABLE_SELLING,216.54,0.0,EXTERNAL,Variable selling and logistics,,SW-ANL-BI-X,C004
2023-10,DE01,Software,VARSELL-2023-10-00072-DE01,variable_selling,2100_AP,0.0,216.54,EXTERNAL,Variable selling accrual,,SW-ANL-BI-X,C004
2023-10,DE01,Software,OPEX-2023-10-00072-DE01,opex,6000_OPEX,369.87,0.0,EXTERNAL,Non-people operating expenses,,SW-ANL-BI-X,C004
2023-10,DE01,Software,OPEX-2023-10-00072-DE01,opex,2100_AP,0.0,369.87,EXTERNAL,Non-people operating expense accrual,,SW-ANL-BI-X,C004
2023-10,DE01,Software,SALE-2023-10-00073-DE01,sale,1100_AR,8866.56,0.0,EXTERNAL,External customer invoice,,SW-ANL-FIN-E,C004
2023-10,DE01,Software,SALE-2023-10-00073-DE01,sale,4000_EXTERNAL_REVENUE,0.0,8866.56,EXTERNAL,External customer invoice,,SW-ANL-FIN-E,C004
2023-10,DE01,Software,SERV-2023-10-00073-DE01,service_cost,5050_SERVICE_DELIVERY,1349.09,0.0,EXTERNAL,Direct service delivery,,SW-ANL-FIN-E,C004
2023-10,DE01,Software,SERV-2023-10-00073-DE01,service_cost,2100_AP,0.0,1349.09,EXTERNAL,Direct service delivery accrual,,SW-ANL-FIN-E,C004
2023-10,DE01,Software,FIX-2023-10-00073-DE01,fixed_production,5400_FIXED_PRODUCTION,379.05,0.0,EXTERNAL,Fixed delivery capacity cost,,SW-ANL-FIN-E,C004
2023-10,DE01,Software,FIX-2023-10-00073-DE01,fixed_production,2100_AP,0.0,379.05,EXTERNAL,Fixed delivery capacity accrual,,SW-ANL-FIN-E,C004
2023-10,DE01,Software,VARSELL-2023-10-00073-DE01,variable_selling,5300_VARIABLE_SELLING,335.16,0.0,EXTERNAL,Variable selling and logistics,,SW-ANL-FIN-E,C004
2023-10,DE01,Software,VARSELL-2023-10-00073-DE01,variable_selling,2100_AP,0.0,335.16,EXTERNAL,Variable selling accrual,,SW-ANL-FIN-E,C004
2023-10,DE01,Software,OPEX-2023-10-00073-DE01,opex,6000_OPEX,487.66,0.0,EXTERNAL,Non-people operating expenses,,SW-ANL-FIN-E,C004
2023-10,DE01,Software,OPEX-2023-10-00073-DE01,opex,2100_AP,0.0,487.66,EXTERNAL,Non-people operating expense accrual,,SW-ANL-FIN-E,C004
2023-10,DE01,Software,SALE-2023-10-00074-DE01,sale,1100_AR,8119.59,0.0,EXTERNAL,External customer invoice,,SW-ANL-FIN-P,C004
2023-10,DE01,Software,SALE-2023-10-00074-DE01,sale,4000_EXTERNAL_REVENUE,0.0,8119.59,EXTERNAL,External customer invoice,,SW-ANL-FIN-P,C004
2023-10,DE01,Software,SERV-2023-10-00074-DE01,service_cost,5050_SERVICE_DELIVERY,1470.81,0.0,EXTERNAL,Direct service delivery,,SW-ANL-FIN-P,C004
2023-10,DE01,Software,SERV-2023-10-00074-DE01,service_cost,2100_AP,0.0,1470.81,EXTERNAL,Direct service delivery accrual,,SW-ANL-FIN-P,C004
2023-10,DE01,Software,FIX-2023-10-00074-DE01,fixed_production,5400_FIXED_PRODUCTION,365.38,0.0,EXTERNAL,Fixed delivery capacity cost,,SW-ANL-FIN-P,C004
2023-10,DE01,Software,FIX-2023-10-00074-DE01,fixed_production,2100_AP,0.0,365.38,EXTERNAL,Fixed delivery capacity accrual,,SW-ANL-FIN-P,C004
2023-10,DE01,Software,VARSELL-2023-10-00074-DE01,variable_selling,5300_VARIABLE_SELLING,284.19,0.0,EXTERNAL,Variable selling and logistics,,SW-ANL-FIN-P,C004
2023-10,DE01,Software,VARSELL-2023-10-00074-DE01,variable_selling,2100_AP,0.0,284.19,EXTERNAL,Variable selling accrual,,SW-ANL-FIN-P,C004
2023-10,DE01,Software,OPEX-2023-10-00074-DE01,opex,6000_OPEX,446.58,0.0,EXTERNAL,Non-people operating expenses,,SW-ANL-FIN-P,C004
2023-10,DE01,Software,OPEX-2023-10-00074-DE01,opex,2100_AP,0.0,446.58,EXTERNAL,Non-people operating expense accrual,,SW-ANL-FIN-P,C004
2023-10,DE01,Software,SALE-2023-10-00075-DE01,sale,1100_AR,8111.45,0.0,EXTERNAL,External customer invoice,,SW-ANL-PRD-E,C004
2023-10,DE01,Software,SALE-2023-10-00075-DE01,sale,4000_EXTERNAL_REVENUE,0.0,8111.45,EXTERNAL,External customer invoice,,SW-ANL-PRD-E,C004
2023-10,DE01,Software,SERV-2023-10-00075-DE01,service_cost,5050_SERVICE_DELIVERY,1277.46,0.0,EXTERNAL,Direct service delivery,,SW-ANL-PRD-E,C004
2023-10,DE01,Software,SERV-2023-10-00075-DE01,service_cost,2100_AP,0.0,1277.46,EXTERNAL,Direct service delivery accrual,,SW-ANL-PRD-E,C004
2023-10,DE01,Software,FIX-2023-10-00075-DE01,fixed_production,5400_FIXED_PRODUCTION,346.76,0.0,EXTERNAL,Fixed delivery capacity cost,,SW-ANL-PRD-E,C004
2023-10,DE01,Software,FIX-2023-10-00075-DE01,fixed_production,2100_AP,0.0,346.76,EXTERNAL,Fixed delivery capacity accrual,,SW-ANL-PRD-E,C004
2023-10,DE01,Software,VARSELL-2023-10-00075-DE01,variable_selling,5300_VARIABLE_SELLING,306.61,0.0,EXTERNAL,Variable selling and logistics,,SW-ANL-PRD-E,C004
2023-10,DE01,Software,VARSELL-2023-10-00075-DE01,variable_selling,2100_AP,0.0,306.61,EXTERNAL,Variable selling accrual,,SW-ANL-PRD-E,C004
2023-10,DE01,Software,OPEX-2023-10-00075-DE01,opex,6000_OPEX,446.13,0.0,EXTERNAL,Non-people operating expenses,,SW-ANL-PRD-E,C004
2023-10,DE01,Software,OPEX-2023-10-00075-DE01,opex,2100_AP,0.0,446.13,EXTERNAL,Non-people operating expense accrual,,SW-ANL-PRD-E,C004
2023-10,DE01,Software,SALE-2023-10-00076-DE01,sale,1100_AR,7695.49,0.0,EXTERNAL,External customer invoice,,SW-ANL-PRD-X,C004
2023-10,DE01,Software,SALE-2023-10-00076-DE01,sale,4000_EXTERNAL_REVENUE,0.0,7695.49,EXTERNAL,External customer invoice,,SW-ANL-PRD-X,C004
2023-10,DE01,Software,SERV-2023-10-00076-DE01,service_cost,5050_SERVICE_DELIVERY,1760.18,0.0,EXTERNAL,Direct service delivery,,SW-ANL-PRD-X,C004
2023-10,DE01,Software,SERV-2023-10-00076-DE01,service_cost,2100_AP,0.0,1760.18,EXTERNAL,Direct service delivery accrual,,SW-ANL-PRD-X,C004
2023-10,DE01,Software,FIX-2023-10-00076-DE01,fixed_production,5400_FIXED_PRODUCTION,380.93,0.0,EXTERNAL,Fixed delivery capacity cost,,SW-ANL-PRD-X,C004
2023-10,DE01,Software,FIX-2023-10-00076-DE01,fixed_production,2100_AP,0.0,380.93,EXTERNAL,Fixed delivery capacity accrual,,SW-ANL-PRD-X,C004
2023-10,DE01,Software,VARSELL-2023-10-00076-DE01,variable_selling,5300_VARIABLE_SELLING,247.79,0.0,EXTERNAL,Variable selling and logistics,,SW-ANL-PRD-X,C004
2023-10,DE01,Software,VARSELL-2023-10-00076-DE01,variable_selling,2100_AP,0.0,247.79,EXTERNAL,Variable selling accrual,,SW-ANL-PRD-X,C004
2023-10,DE01,Software,OPEX-2023-10-00076-DE01,opex,6000_OPEX,423.25,0.0,EXTERNAL,Non-people operating expenses,,SW-ANL-PRD-X,C004
2023-10,DE01,Software,OPEX-2023-10-00076-DE01,opex,2100_AP,0.0,423.25,EXTERNAL,Non-people operating expense accrual,,SW-ANL-PRD-X,C004
2023-10,DE01,Software,SALE-2023-10-00077-DE01,sale,1100_AR,7185.83,0.0,EXTERNAL,External customer invoice,,SW-ANL-OPS-E,C004
2023-10,DE01,Software,SALE-2023-10-00077-DE01,sale,4000_EXTERNAL_REVENUE,0.0,7185.83,EXTERNAL,External customer invoice,,SW-ANL-OPS-E,C004
2023-10,DE01,Software,SERV-2023-10-00077-DE01,service_cost,5050_SERVICE_DELIVERY,1169.9,0.0,EXTERNAL,Direct service delivery,,SW-ANL-OPS-E,C004
2023-10,DE01,Software,SERV-2023-10-00077-DE01,service_cost,2100_AP,0.0,1169.9,EXTERNAL,Direct service delivery accrual,,SW-ANL-OPS-E,C004
2023-10,DE01,Software,FIX-2023-10-00077-DE01,fixed_production,5400_FIXED_PRODUCTION,307.19,0.0,EXTERNAL,Fixed delivery capacity cost,,SW-ANL-OPS-E,C004
2023-10,DE01,Software,FIX-2023-10-00077-DE01,fixed_production,2100_AP,0.0,307.19,EXTERNAL,Fixed delivery capacity accrual,,SW-ANL-OPS-E,C004
2023-10,DE01,Software,VARSELL-2023-10-00077-DE01,variable_selling,5300_VARIABLE_SELLING,271.62,0.0,EXTERNAL,Variable selling and logistics,,SW-ANL-OPS-E,C004
2023-10,DE01,Software,VARSELL-2023-10-00077-DE01,variable_selling,2100_AP,0.0,271.62,EXTERNAL,Variable selling accrual,,SW-ANL-OPS-E,C004
2023-10,DE01,Software,OPEX-2023-10-00077-DE01,opex,6000_OPEX,395.22,0.0,EXTERNAL,Non-people operating expenses,,SW-ANL-OPS-E,C004
2023-10,DE01,Software,OPEX-2023-10-00077-DE01,opex,2100_AP,0.0,395.22,EXTERNAL,Non-people operating expense accrual,,SW-ANL-OPS-E,C004
2023-10,DE01,Software,SALE-2023-10-00078-DE01,sale,1100_AR,7045.14,0.0,EXTERNAL,External customer invoice,,SW-AUT-ORC-X,C004
2023-10,DE01,Software,SALE-2023-10-00078-DE01,sale,4000_EXTERNAL_REVENUE,0.0,7045.14,EXTERNAL,External customer invoice,,SW-AUT-ORC-X,C004
2023-10,DE01,Software,SERV-2023-10-00078-DE01,service_cost,5050_SERVICE_DELIVERY,1502.42,0.0,EXTERNAL,Direct service delivery,,SW-AUT-ORC-X,C004
2023-10,DE01,Software,SERV-2023-10-00078-DE01,service_cost,2100_AP,0.0,1502.42,EXTERNAL,Direct service delivery accrual,,SW-AUT-ORC-X,C004
2023-10,DE01,Software,FIX-2023-10-00078-DE01,fixed_production,5400_FIXED_PRODUCTION,348.73,0.0,EXTERNAL,Fixed delivery capacity cost,,SW-AUT-ORC-X,C004
2023-10,DE01,Software,FIX-2023-10-00078-DE01,fixed_production,2100_AP,0.0,348.73,EXTERNAL,Fixed delivery capacity accrual,,SW-AUT-ORC-X,C004
2023-10,DE01,Software,VARSELL-2023-10-00078-DE01,variable_selling,5300_VARIABLE_SELLING,226.85,0.0,EXTERNAL,Variable selling and logistics,,SW-AUT-ORC-X,C004
2023-10,DE01,Software,VARSELL-2023-10-00078-DE01,variable_selling,2100_AP,0.0,226.85,EXTERNAL,Variable selling accrual,,SW-AUT-ORC-X,C004
2023-10,DE01,Software,OPEX-2023-10-00078-DE01,opex,6000_OPEX,387.48,0.0,EXTERNAL,Non-people operating expenses,,SW-AUT-ORC-X,C004
2023-10,DE01,Software,OPEX-2023-10-00078-DE01,opex,2100_AP,0.0,387.48,EXTERNAL,Non-people operating expense accrual,,SW-AUT-ORC-X,C004
2023-10,DE01,Software,SALE-2023-10-00079-DE01,sale,1100_AR,8506.23,0.0,EXTERNAL,External customer invoice,,SW-AUT-RPA-P,C004
2023-10,DE01,Software,SALE-2023-10-00079-DE01,sale,4000_EXTERNAL_REVENUE,0.0,8506.23,EXTERNAL,External customer invoice,,SW-AUT-RPA-P,C004
2023-10,DE01,Software,SERV-2023-10-00079-DE01,service_cost,5050_SERVICE_DELIVERY,1540.83,0.0,EXTERNAL,Direct service delivery,,SW-AUT-RPA-P,C004
2023-10,DE01,Software,SERV-2023-10-00079-DE01,service_cost,2100_AP,0.0,1540.83,EXTERNAL,Direct service delivery accrual,,SW-AUT-RPA-P,C004
2023-10,DE01,Software,FIX-2023-10-00079-DE01,fixed_production,5400_FIXED_PRODUCTION,382.78,0.0,EXTERNAL,Fixed delivery capacity cost,,SW-AUT-RPA-P,C004
2023-10,DE01,Software,FIX-2023-10-00079-DE01,fixed_production,2100_AP,0.0,382.78,EXTERNAL,Fixed delivery capacity accrual,,SW-AUT-RPA-P,C004
2023-10,DE01,Software,VARSELL-2023-10-00079-DE01,variable_selling,5300_VARIABLE_SELLING,297.72,0.0,EXTERNAL,Variable selling and logistics,,SW-AUT-RPA-P,C004
2023-10,DE01,Software,VARSELL-2023-10-00079-DE01,variable_selling,2100_AP,0.0,297.72,EXTERNAL,Variable selling accrual,,SW-AUT-RPA-P,C004
2023-10,DE01,Software,OPEX-2023-10-00079-DE01,opex,6000_OPEX,467.84,0.0,EXTERNAL,Non-people operating expenses,,SW-AUT-RPA-P,C004
2023-10,DE01,Software,OPEX-2023-10-00079-DE01,opex,2100_AP,0.0,467.84,EXTERNAL,Non-people operating expense accrual,,SW-AUT-RPA-P,C004
2023-10,DE01,Software,SALE-2023-10-00080-DE01,sale,1100_AR,7553.54,0.0,EXTERNAL,External customer invoice,,SW-AUT-RPA-X,C004
2023-10,DE01,Software,SALE-2023-10-00080-DE01,sale,4000_EXTERNAL_REVENUE,0.0,7553.54,EXTERNAL,External customer invoice,,SW-AUT-RPA-X,C004
2023-10,DE01,Software,SERV-2023-10-00080-DE01,service_cost,5050_SERVICE_DELIVERY,1669.28,0.0,EXTERNAL,Direct service delivery,,SW-AUT-RPA-X,C004
2023-10,DE01,Software,SERV-2023-10-00080-DE01,service_cost,2100_AP,0.0,1669.28,EXTERNAL,Direct service delivery accrual,,SW-AUT-RPA-X,C004
2023-10,DE01,Software,FIX-2023-10-00080-DE01,fixed_production,5400_FIXED_PRODUCTION,373.9,0.0,EXTERNAL,Fixed delivery capacity cost,,SW-AUT-RPA-X,C004
2023-10,DE01,Software,FIX-2023-10-00080-DE01,fixed_production,2100_AP,0.0,373.9,EXTERNAL,Fixed delivery capacity accrual,,SW-AUT-RPA-X,C004
2023-10,DE01,Software,VARSELL-2023-10-00080-DE01,variable_selling,5300_VARIABLE_SELLING,243.22,0.0,EXTERNAL,Variable selling and logistics,,SW-AUT-RPA-X,C004
2023-10,DE01,Software,VARSELL-2023-10-00080-DE01,variable_selling,2100_AP,0.0,243.22,EXTERNAL,Variable selling accrual,,SW-AUT-RPA-X,C004
2023-10,DE01,Software,OPEX-2023-10-00080-DE01,opex,6000_OPEX,415.44,0.0,EXTERNAL,Non-people operating expenses,,SW-AUT-RPA-X,C004
2023-10,DE01,Software,OPEX-2023-10-00080-DE01,opex,2100_AP,0.0,415.44,EXTERNAL,Non-people operating expense accrual,,SW-AUT-RPA-X,C004
2023-10,DE01,Software,SALE-2023-10-00081-DE01,sale,1100_AR,7081.43,0.0,EXTERNAL,External customer invoice,,SW-AUT-INT-E,C004
2023-10,DE01,Software,SALE-2023-10-00081-DE01,sale,4000_EXTERNAL_REVENUE,0.0,7081.43,EXTERNAL,External customer invoice,,SW-AUT-INT-E,C004
2023-10,DE01,Software,SERV-2023-10-00081-DE01,service_cost,5050_SERVICE_DELIVERY,1115.19,0.0,EXTERNAL,Direct service delivery,,SW-AUT-INT-E,C004
2023-10,DE01,Software,SERV-2023-10-00081-DE01,service_cost,2100_AP,0.0,1115.19,EXTERNAL,Direct service delivery accrual,,SW-AUT-INT-E,C004
2023-10,DE01,Software,FIX-2023-10-00081-DE01,fixed_production,5400_FIXED_PRODUCTION,302.73,0.0,EXTERNAL,Fixed delivery capacity cost,,SW-AUT-INT-E,C004
2023-10,DE01,Software,FIX-2023-10-00081-DE01,fixed_production,2100_AP,0.0,302.73,EXTERNAL,Fixed delivery capacity accrual,,SW-AUT-INT-E,C004
2023-10,DE01,Software,VARSELL-2023-10-00081-DE01,variable_selling,5300_VARIABLE_SELLING,267.68,0.0,EXTERNAL,Variable selling and logistics,,SW-AUT-INT-E,C004
2023-10,DE01,Software,VARSELL-2023-10-00081-DE01,variable_selling,2100_AP,0.0,267.68,EXTERNAL,Variable selling accrual,,SW-AUT-INT-E,C004
2023-10,DE01,Software,OPEX-2023-10-00081-DE01,opex,6000_OPEX,389.48,0.0,EXTERNAL,Non-people operating expenses,,SW-AUT-INT-E,C004
2023-10,DE01,Software,OPEX-2023-10-00081-DE01,opex,2100_AP,0.0,389.48,EXTERNAL,Non-people operating expense accrual,,SW-AUT-INT-E,C004
2023-10,DE01,Software,SALE-2023-10-00082-DE01,sale,1100_AR,7263.02,0.0,EXTERNAL,External customer invoice,,SW-AUT-INT-P,C004
2023-10,DE01,Software,SALE-2023-10-00082-DE01,sale,4000_EXTERNAL_REVENUE,0.0,7263.02,EXTERNAL,External customer invoice,,SW-AUT-INT-P,C004
2023-10,DE01,Software,SERV-2023-10-00082-DE01,service_cost,5050_SERVICE_DELIVERY,1361.7,0.0,EXTERNAL,Direct service delivery,,SW-AUT-INT-P,C004
2023-10,DE01,Software,SERV-2023-10-00082-DE01,service_cost,2100_AP,0.0,1361.7,EXTERNAL,Direct service delivery accrual,,SW-AUT-INT-P,C004
2023-10,DE01,Software,FIX-2023-10-00082-DE01,fixed_production,5400_FIXED_PRODUCTION,326.84,0.0,EXTERNAL,Fixed delivery capacity cost,,SW-AUT-INT-P,C004
2023-10,DE01,Software,FIX-2023-10-00082-DE01,fixed_production,2100_AP,0.0,326.84,EXTERNAL,Fixed delivery capacity accrual,,SW-AUT-INT-P,C004
2023-10,DE01,Software,VARSELL-2023-10-00082-DE01,variable_selling,5300_VARIABLE_SELLING,254.21,0.0,EXTERNAL,Variable selling and logistics,,SW-AUT-INT-P,C004
2023-10,DE01,Software,VARSELL-2023-10-00082-DE01,variable_selling,2100_AP,0.0,254.21,EXTERNAL,Variable selling accrual,,SW-AUT-INT-P,C004
2023-10,DE01,Software,OPEX-2023-10-00082-DE01,opex,6000_OPEX,399.47,0.0,EXTERNAL,Non-people operating expenses,,SW-AUT-INT-P,C004
2023-10,DE01,Software,OPEX-2023-10-00082-DE01,opex,2100_AP,0.0,399.47,EXTERNAL,Non-people operating expense accrual,,SW-AUT-INT-P,C004
2023-10,DE01,Software,SALE-2023-10-00083-DE01,sale,1100_AR,5374.64,0.0,EXTERNAL,External customer invoice,,SW-AUT-INT-X,C004
2023-10,DE01,Software,SALE-2023-10-00083-DE01,sale,4000_EXTERNAL_REVENUE,0.0,5374.64,EXTERNAL,External customer invoice,,SW-AUT-INT-X,C004
2023-10,DE01,Software,SERV-2023-10-00083-DE01,service_cost,5050_SERVICE_DELIVERY,1229.32,0.0,EXTERNAL,Direct service delivery,,SW-AUT-INT-X,C004
2023-10,DE01,Software,SERV-2023-10-00083-DE01,service_cost,2100_AP,0.0,1229.32,EXTERNAL,Direct service delivery accrual,,SW-AUT-INT-X,C004
2023-10,DE01,Software,FIX-2023-10-00083-DE01,fixed_production,5400_FIXED_PRODUCTION,266.04,0.0,EXTERNAL,Fixed delivery capacity cost,,SW-AUT-INT-X,C004
2023-10,DE01,Software,FIX-2023-10-00083-DE01,fixed_production,2100_AP,0.0,266.04,EXTERNAL,Fixed delivery capacity accrual,,SW-AUT-INT-X,C004
2023-10,DE01,Software,VARSELL-2023-10-00083-DE01,variable_selling,5300_VARIABLE_SELLING,173.06,0.0,EXTERNAL,Variable selling and logistics,,SW-AUT-INT-X,C004
2023-10,DE01,Software,VARSELL-2023-10-00083-DE01,variable_selling,2100_AP,0.0,173.06,EXTERNAL,Variable selling accrual,,SW-AUT-INT-X,C004
2023-10,DE01,Software,OPEX-2023-10-00083-DE01,opex,6000_OPEX,295.61,0.0,EXTERNAL,Non-people operating expenses,,SW-AUT-INT-X,C004
2023-10,DE01,Software,OPEX-2023-10-00083-DE01,opex,2100_AP,0.0,295.61,EXTERNAL,Non-people operating expense accrual,,SW-AUT-INT-X,C004
2023-10,DE01,Software,SALE-2023-10-00084-DE01,sale,1100_AR,7721.04,0.0,EXTERNAL,External customer invoice,,SW-AUT-MON-P,C004
2023-10,DE01,Software,SALE-2023-10-00084-DE01,sale,4000_EXTERNAL_REVENUE,0.0,7721.04,EXTERNAL,External customer invoice,,SW-AUT-MON-P,C004
2023-10,DE01,Software,SERV-2023-10-00084-DE01,service_cost,5050_SERVICE_DELIVERY,1496.51,0.0,EXTERNAL,Direct service delivery,,SW-AUT-MON-P,C004
2023-10,DE01,Software,SERV-2023-10-00084-DE01,service_cost,2100_AP,0.0,1496.51,EXTERNAL,Direct service delivery accrual,,SW-AUT-MON-P,C004
2023-10,DE01,Software,FIX-2023-10-00084-DE01,fixed_production,5400_FIXED_PRODUCTION,347.45,0.0,EXTERNAL,Fixed delivery capacity cost,,SW-AUT-MON-P,C004
2023-10,DE01,Software,FIX-2023-10-00084-DE01,fixed_production,2100_AP,0.0,347.45,EXTERNAL,Fixed delivery capacity accrual,,SW-AUT-MON-P,C004
2023-10,DE01,Software,VARSELL-2023-10-00084-DE01,variable_selling,5300_VARIABLE_SELLING,270.24,0.0,EXTERNAL,Variable selling and logistics,,SW-AUT-MON-P,C004
2023-10,DE01,Software,VARSELL-2023-10-00084-DE01,variable_selling,2100_AP,0.0,270.24,EXTERNAL,Variable selling accrual,,SW-AUT-MON-P,C004
2023-10,DE01,Software,OPEX-2023-10-00084-DE01,opex,6000_OPEX,424.66,0.0,EXTERNAL,Non-people operating expenses,,SW-AUT-MON-P,C004
2023-10,DE01,Software,OPEX-2023-10-00084-DE01,opex,2100_AP,0.0,424.66,EXTERNAL,Non-people operating expense accrual,,SW-AUT-MON-P,C004
2023-10,DE01,Software,SALE-2023-10-00085-DE01,sale,1100_AR,5713.57,0.0,EXTERNAL,External customer invoice,,SW-AUT-MON-X,C004
2023-10,DE01,Software,SALE-2023-10-00085-DE01,sale,4000_EXTERNAL_REVENUE,0.0,5713.57,EXTERNAL,External customer invoice,,SW-AUT-MON-X,C004
2023-10,DE01,Software,SERV-2023-10-00085-DE01,service_cost,5050_SERVICE_DELIVERY,1351.03,0.0,EXTERNAL,Direct service delivery,,SW-AUT-MON-X,C004
2023-10,DE01,Software,SERV-2023-10-00085-DE01,service_cost,2100_AP,0.0,1351.03,EXTERNAL,Direct service delivery accrual,,SW-AUT-MON-X,C004
2023-10,DE01,Software,FIX-2023-10-00085-DE01,fixed_production,5400_FIXED_PRODUCTION,282.82,0.0,EXTERNAL,Fixed delivery capacity cost,,SW-AUT-MON-X,C004
2023-10,DE01,Software,FIX-2023-10-00085-DE01,fixed_production,2100_AP,0.0,282.82,EXTERNAL,Fixed delivery capacity accrual,,SW-AUT-MON-X,C004
2023-10,DE01,Software,VARSELL-2023-10-00085-DE01,variable_selling,5300_VARIABLE_SELLING,183.98,0.0,EXTERNAL,Variable selling and logistics,,SW-AUT-MON-X,C004
2023-10,DE01,Software,VARSELL-2023-10-00085-DE01,variable_selling,2100_AP,0.0,183.98,EXTERNAL,Variable selling accrual,,SW-AUT-MON-X,C004
2023-10,DE01,Software,OPEX-2023-10-00085-DE01,opex,6000_OPEX,314.25,0.0,EXTERNAL,Non-people operating expenses,,SW-AUT-MON-X,C004
2023-10,DE01,Software,OPEX-2023-10-00085-DE01,opex,2100_AP,0.0,314.25,EXTERNAL,Non-people operating expense accrual,,SW-AUT-MON-X,C004
2023-10,DE01,Software,SALE-2023-10-00086-DE01,sale,1100_AR,3619.03,0.0,EXTERNAL,External customer invoice,,SW-PLT-WF-E,C005
2023-10,DE01,Software,SALE-2023-10-00086-DE01,sale,4000_EXTERNAL_REVENUE,0.0,3619.03,EXTERNAL,External customer invoice,,SW-PLT-WF-E,C005
2023-10,DE01,Software,SERV-2023-10-00086-DE01,service_cost,5050_SERVICE_DELIVERY,550.66,0.0,EXTERNAL,Direct service delivery,,SW-PLT-WF-E,C005
2023-10,DE01,Software,SERV-2023-10-00086-DE01,service_cost,2100_AP,0.0,550.66,EXTERNAL,Direct service delivery accrual,,SW-PLT-WF-E,C005
2023-10,DE01,Software,FIX-2023-10-00086-DE01,fixed_production,5400_FIXED_PRODUCTION,154.71,0.0,EXTERNAL,Fixed delivery capacity cost,,SW-PLT-WF-E,C005
2023-10,DE01,Software,FIX-2023-10-00086-DE01,fixed_production,2100_AP,0.0,154.71,EXTERNAL,Fixed delivery capacity accrual,,SW-PLT-WF-E,C005
2023-10,DE01,Software,VARSELL-2023-10-00086-DE01,variable_selling,5300_VARIABLE_SELLING,136.8,0.0,EXTERNAL,Variable selling and logistics,,SW-PLT-WF-E,C005
2023-10,DE01,Software,VARSELL-2023-10-00086-DE01,variable_selling,2100_AP,0.0,136.8,EXTERNAL,Variable selling accrual,,SW-PLT-WF-E,C005
2023-10,DE01,Software,OPEX-2023-10-00086-DE01,opex,6000_OPEX,199.05,0.0,EXTERNAL,Non-people operating expenses,,SW-PLT-WF-E,C005
2023-10,DE01,Software,OPEX-2023-10-00086-DE01,opex,2100_AP,0.0,199.05,EXTERNAL,Non-people operating expense accrual,,SW-PLT-WF-E,C005
2023-10,DE01,Software,SALE-2023-10-00087-DE01,sale,1100_AR,4639.76,0.0,EXTERNAL,External customer invoice,,SW-PLT-WF-P,C005
2023-10,DE01,Software,SALE-2023-10-00087-DE01,sale,4000_EXTERNAL_REVENUE,0.0,4639.76,EXTERNAL,External customer invoice,,SW-PLT-WF-P,C005
2023-10,DE01,Software,SERV-2023-10-00087-DE01,service_cost,5050_SERVICE_DELIVERY,840.44,0.0,EXTERNAL,Direct service delivery,,SW-PLT-WF-P,C005
2023-10,DE01,Software,SERV-2023-10-00087-DE01,service_cost,2100_AP,0.0,840.44,EXTERNAL,Direct service delivery accrual,,SW-PLT-WF-P,C005
2023-10,DE01,Software,FIX-2023-10-00087-DE01,fixed_production,5400_FIXED_PRODUCTION,208.79,0.0,EXTERNAL,Fixed delivery capacity cost,,SW-PLT-WF-P,C005
2023-10,DE01,Software,FIX-2023-10-00087-DE01,fixed_production,2100_AP,0.0,208.79,EXTERNAL,Fixed delivery capacity accrual,,SW-PLT-WF-P,C005
2023-10,DE01,Software,VARSELL-2023-10-00087-DE01,variable_selling,5300_VARIABLE_SELLING,162.39,0.0,EXTERNAL,Variable selling and logistics,,SW-PLT-WF-P,C005
2023-10,DE01,Software,VARSELL-2023-10-00087-DE01,variable_selling,2100_AP,0.0,162.39,EXTERNAL,Variable selling accrual,,SW-PLT-WF-P,C005
2023-10,DE01,Software,OPEX-2023-10-00087-DE01,opex,6000_OPEX,255.19,0.0,EXTERNAL,Non-people operating expenses,,SW-PLT-WF-P,C005
2023-10,DE01,Software,OPEX-2023-10-00087-DE01,opex,2100_AP,0.0,255.19,EXTERNAL,Non-people operating expense accrual,,SW-PLT-WF-P,C005
2023-10,DE01,Software,SALE-2023-10-00088-DE01,sale,1100_AR,4952.06,0.0,EXTERNAL,External customer invoice,,SW-PLT-EDGE-P,C005
2023-10,DE01,Software,SALE-2023-10-00088-DE01,sale,4000_EXTERNAL_REVENUE,0.0,4952.06,EXTERNAL,External customer invoice,,SW-PLT-EDGE-P,C005
2023-10,DE01,Software,SERV-2023-10-00088-DE01,service_cost,5050_SERVICE_DELIVERY,928.41,0.0,EXTERNAL,Direct service delivery,,SW-PLT-EDGE-P,C005
2023-10,DE01,Software,SERV-2023-10-00088-DE01,service_cost,2100_AP,0.0,928.41,EXTERNAL,Direct service delivery accrual,,SW-PLT-EDGE-P,C005
2023-10,DE01,Software,FIX-2023-10-00088-DE01,fixed_production,5400_FIXED_PRODUCTION,222.84,0.0,EXTERNAL,Fixed delivery capacity cost,,SW-PLT-EDGE-P,C005
2023-10,DE01,Software,FIX-2023-10-00088-DE01,fixed_production,2100_AP,0.0,222.84,EXTERNAL,Fixed delivery capacity accrual,,SW-PLT-EDGE-P,C005
2023-10,DE01,Software,VARSELL-2023-10-00088-DE01,variable_selling,5300_VARIABLE_SELLING,173.32,0.0,EXTERNAL,Variable selling and logistics,,SW-PLT-EDGE-P,C005
2023-10,DE01,Software,VARSELL-2023-10-00088-DE01,variable_selling,2100_AP,0.0,173.32,EXTERNAL,Variable selling accrual,,SW-PLT-EDGE-P,C005
2023-10,DE01,Software,OPEX-2023-10-00088-DE01,opex,6000_OPEX,272.36,0.0,EXTERNAL,Non-people operating expenses,,SW-PLT-EDGE-P,C005
2023-10,DE01,Software,OPEX-2023-10-00088-DE01,opex,2100_AP,0.0,272.36,EXTERNAL,Non-people operating expense accrual,,SW-PLT-EDGE-P,C005
2023-10,DE01,Software,SALE-2023-10-00089-DE01,sale,1100_AR,4106.19,0.0,EXTERNAL,External customer invoice,,SW-PLT-API-E,C005
2023-10,DE01,Software,SALE-2023-10-00089-DE01,sale,4000_EXTERNAL_REVENUE,0.0,4106.19,EXTERNAL,External customer invoice,,SW-PLT-API-E,C005
2023-10,DE01,Software,SERV-2023-10-00089-DE01,service_cost,5050_SERVICE_DELIVERY,1487.61,0.0,EXTERNAL,Direct service delivery,,SW-PLT-API-E,C005
2023-10,DE01,Software,SERV-2023-10-00089-DE01,service_cost,2100_AP,0.0,1487.61,EXTERNAL,Direct service delivery accrual,,SW-PLT-API-E,C005
2023-10,DE01,Software,FIX-2023-10-00089-DE01,fixed_production,5400_FIXED_PRODUCTION,175.54,0.0,EXTERNAL,Fixed delivery capacity cost,,SW-PLT-API-E,C005
2023-10,DE01,Software,FIX-2023-10-00089-DE01,fixed_production,2100_AP,0.0,175.54,EXTERNAL,Fixed delivery capacity accrual,,SW-PLT-API-E,C005
2023-10,DE01,Software,VARSELL-2023-10-00089-DE01,variable_selling,5300_VARIABLE_SELLING,155.21,0.0,EXTERNAL,Variable selling and logistics,,SW-PLT-API-E,C005
2023-10,DE01,Software,VARSELL-2023-10-00089-DE01,variable_selling,2100_AP,0.0,155.21,EXTERNAL,Variable selling accrual,,SW-PLT-API-E,C005
2023-10,DE01,Software,OPEX-2023-10-00089-DE01,opex,6000_OPEX,225.84,0.0,EXTERNAL,Non-people operating expenses,,SW-PLT-API-E,C005
2023-10,DE01,Software,OPEX-2023-10-00089-DE01,opex,2100_AP,0.0,225.84,EXTERNAL,Non-people operating expense accrual,,SW-PLT-API-E,C005
2023-10,DE01,Software,SALE-2023-10-00090-DE01,sale,1100_AR,5106.42,0.0,EXTERNAL,External customer invoice,,SW-SEC-IAM-P,C005
2023-10,DE01,Software,SALE-2023-10-00090-DE01,sale,4000_EXTERNAL_REVENUE,0.0,5106.42,EXTERNAL,External customer invoice,,SW-SEC-IAM-P,C005
2023-10,DE01,Software,SERV-2023-10-00090-DE01,service_cost,5050_SERVICE_DELIVERY,892.6,0.0,EXTERNAL,Direct service delivery,,SW-SEC-IAM-P,C005
2023-10,DE01,Software,SERV-2023-10-00090-DE01,service_cost,2100_AP,0.0,892.6,EXTERNAL,Direct service delivery accrual,,SW-SEC-IAM-P,C005
2023-10,DE01,Software,FIX-2023-10-00090-DE01,fixed_production,5400_FIXED_PRODUCTION,229.79,0.0,EXTERNAL,Fixed delivery capacity cost,,SW-SEC-IAM-P,C005
2023-10,DE01,Software,FIX-2023-10-00090-DE01,fixed_production,2100_AP,0.0,229.79,EXTERNAL,Fixed delivery capacity accrual,,SW-SEC-IAM-P,C005
2023-10,DE01,Software,VARSELL-2023-10-00090-DE01,variable_selling,5300_VARIABLE_SELLING,178.72,0.0,EXTERNAL,Variable selling and logistics,,SW-SEC-IAM-P,C005
2023-10,DE01,Software,VARSELL-2023-10-00090-DE01,variable_selling,2100_AP,0.0,178.72,EXTERNAL,Variable selling accrual,,SW-SEC-IAM-P,C005
2023-10,DE01,Software,OPEX-2023-10-00090-DE01,opex,6000_OPEX,280.85,0.0,EXTERNAL,Non-people operating expenses,,SW-SEC-IAM-P,C005
2023-10,DE01,Software,OPEX-2023-10-00090-DE01,opex,2100_AP,0.0,280.85,EXTERNAL,Non-people operating expense accrual,,SW-SEC-IAM-P,C005
2023-10,DE01,Software,SALE-2023-10-00091-DE01,sale,1100_AR,4270.44,0.0,EXTERNAL,External customer invoice,,SW-SEC-PAM-E,C005
2023-10,DE01,Software,SALE-2023-10-00091-DE01,sale,4000_EXTERNAL_REVENUE,0.0,4270.44,EXTERNAL,External customer invoice,,SW-SEC-PAM-E,C005
2023-10,DE01,Software,SERV-2023-10-00091-DE01,service_cost,5050_SERVICE_DELIVERY,649.78,0.0,EXTERNAL,Direct service delivery,,SW-SEC-PAM-E,C005
2023-10,DE01,Software,SERV-2023-10-00091-DE01,service_cost,2100_AP,0.0,649.78,EXTERNAL,Direct service delivery accrual,,SW-SEC-PAM-E,C005
2023-10,DE01,Software,FIX-2023-10-00091-DE01,fixed_production,5400_FIXED_PRODUCTION,182.56,0.0,EXTERNAL,Fixed delivery capacity cost,,SW-SEC-PAM-E,C005
2023-10,DE01,Software,FIX-2023-10-00091-DE01,fixed_production,2100_AP,0.0,182.56,EXTERNAL,Fixed delivery capacity accrual,,SW-SEC-PAM-E,C005
2023-10,DE01,Software,VARSELL-2023-10-00091-DE01,variable_selling,5300_VARIABLE_SELLING,161.42,0.0,EXTERNAL,Variable selling and logistics,,SW-SEC-PAM-E,C005
2023-10,DE01,Software,VARSELL-2023-10-00091-DE01,variable_selling,2100_AP,0.0,161.42,EXTERNAL,Variable selling accrual,,SW-SEC-PAM-E,C005
2023-10,DE01,Software,OPEX-2023-10-00091-DE01,opex,6000_OPEX,234.87,0.0,EXTERNAL,Non-people operating expenses,,SW-SEC-PAM-E,C005
2023-10,DE01,Software,OPEX-2023-10-00091-DE01,opex,2100_AP,0.0,234.87,EXTERNAL,Non-people operating expense accrual,,SW-SEC-PAM-E,C005
2023-10,DE01,Software,SALE-2023-10-00092-DE01,sale,1100_AR,4557.86,0.0,EXTERNAL,External customer invoice,,SW-SEC-KMS-E,C005
2023-10,DE01,Software,SALE-2023-10-00092-DE01,sale,4000_EXTERNAL_REVENUE,0.0,4557.86,EXTERNAL,External customer invoice,,SW-SEC-KMS-E,C005
2023-10,DE01,Software,SERV-2023-10-00092-DE01,service_cost,5050_SERVICE_DELIVERY,717.81,0.0,EXTERNAL,Direct service delivery,,SW-SEC-KMS-E,C005
2023-10,DE01,Software,SERV-2023-10-00092-DE01,service_cost,2100_AP,0.0,717.81,EXTERNAL,Direct service delivery accrual,,SW-SEC-KMS-E,C005
2023-10,DE01,Software,FIX-2023-10-00092-DE01,fixed_production,5400_FIXED_PRODUCTION,194.85,0.0,EXTERNAL,Fixed delivery capacity cost,,SW-SEC-KMS-E,C005
2023-10,DE01,Software,FIX-2023-10-00092-DE01,fixed_production,2100_AP,0.0,194.85,EXTERNAL,Fixed delivery capacity accrual,,SW-SEC-KMS-E,C005
2023-10,DE01,Software,VARSELL-2023-10-00092-DE01,variable_selling,5300_VARIABLE_SELLING,172.29,0.0,EXTERNAL,Variable selling and logistics,,SW-SEC-KMS-E,C005
2023-10,DE01,Software,VARSELL-2023-10-00092-DE01,variable_selling,2100_AP,0.0,172.29,EXTERNAL,Variable selling accrual,,SW-SEC-KMS-E,C005
2023-10,DE01,Software,OPEX-2023-10-00092-DE01,opex,6000_OPEX,250.68,0.0,EXTERNAL,Non-people operating expenses,,SW-SEC-KMS-E,C005
2023-10,DE01,Software,OPEX-2023-10-00092-DE01,opex,2100_AP,0.0,250.68,EXTERNAL,Non-people operating expense accrual,,SW-SEC-KMS-E,C005
2023-10,DE01,Software,SALE-2023-10-00093-DE01,sale,1100_AR,2882.76,0.0,EXTERNAL,External customer invoice,,SW-SEC-KMS-X,C005
2023-10,DE01,Software,SALE-2023-10-00093-DE01,sale,4000_EXTERNAL_REVENUE,0.0,2882.76,EXTERNAL,External customer invoice,,SW-SEC-KMS-X,C005
2023-10,DE01,Software,SERV-2023-10-00093-DE01,service_cost,5050_SERVICE_DELIVERY,659.36,0.0,EXTERNAL,Direct service delivery,,SW-SEC-KMS-X,C005
2023-10,DE01,Software,SERV-2023-10-00093-DE01,service_cost,2100_AP,0.0,659.36,EXTERNAL,Direct service delivery accrual,,SW-SEC-KMS-X,C005
2023-10,DE01,Software,FIX-2023-10-00093-DE01,fixed_production,5400_FIXED_PRODUCTION,142.7,0.0,EXTERNAL,Fixed delivery capacity cost,,SW-SEC-KMS-X,C005
2023-10,DE01,Software,FIX-2023-10-00093-DE01,fixed_production,2100_AP,0.0,142.7,EXTERNAL,Fixed delivery capacity accrual,,SW-SEC-KMS-X,C005
2023-10,DE01,Software,VARSELL-2023-10-00093-DE01,variable_selling,5300_VARIABLE_SELLING,92.82,0.0,EXTERNAL,Variable selling and logistics,,SW-SEC-KMS-X,C005
2023-10,DE01,Software,VARSELL-2023-10-00093-DE01,variable_selling,2100_AP,0.0,92.82,EXTERNAL,Variable selling accrual,,SW-SEC-KMS-X,C005
2023-10,DE01,Software,OPEX-2023-10-00093-DE01,opex,6000_OPEX,158.55,0.0,EXTERNAL,Non-people operating expenses,,SW-SEC-KMS-X,C005
2023-10,DE01,Software,OPEX-2023-10-00093-DE01,opex,2100_AP,0.0,158.55,EXTERNAL,Non-people operating expense accrual,,SW-SEC-KMS-X,C005
2023-10,DE01,Software,SALE-2023-10-00094-DE01,sale,1100_AR,3230.21,0.0,EXTERNAL,External customer invoice,,SW-SEC-CMP-E,C005
2023-10,DE01,Software,SALE-2023-10-00094-DE01,sale,4000_EXTERNAL_REVENUE,0.0,3230.21,EXTERNAL,External customer invoice,,SW-SEC-CMP-E,C005
2023-10,DE01,Software,SERV-2023-10-00094-DE01,service_cost,5050_SERVICE_DELIVERY,1170.24,0.0,EXTERNAL,Direct service delivery,,SW-SEC-CMP-E,C005
2023-10,DE01,Software,SERV-2023-10-00094-DE01,service_cost,2100_AP,0.0,1170.24,EXTERNAL,Direct service delivery accrual,,SW-SEC-CMP-E,C005
2023-10,DE01,Software,FIX-2023-10-00094-DE01,fixed_production,5400_FIXED_PRODUCTION,138.09,0.0,EXTERNAL,Fixed delivery capacity cost,,SW-SEC-CMP-E,C005
2023-10,DE01,Software,FIX-2023-10-00094-DE01,fixed_production,2100_AP,0.0,138.09,EXTERNAL,Fixed delivery capacity accrual,,SW-SEC-CMP-E,C005
2023-10,DE01,Software,VARSELL-2023-10-00094-DE01,variable_selling,5300_VARIABLE_SELLING,122.1,0.0,EXTERNAL,Variable selling and logistics,,SW-SEC-CMP-E,C005
2023-10,DE01,Software,VARSELL-2023-10-00094-DE01,variable_selling,2100_AP,0.0,122.1,EXTERNAL,Variable selling accrual,,SW-SEC-CMP-E,C005
2023-10,DE01,Software,OPEX-2023-10-00094-DE01,opex,6000_OPEX,177.66,0.0,EXTERNAL,Non-people operating expenses,,SW-SEC-CMP-E,C005
2023-10,DE01,Software,OPEX-2023-10-00094-DE01,opex,2100_AP,0.0,177.66,EXTERNAL,Non-people operating expense accrual,,SW-SEC-CMP-E,C005
2023-10,DE01,Software,SALE-2023-10-00095-DE01,sale,1100_AR,4141.28,0.0,EXTERNAL,External customer invoice,,SW-SEC-CMP-P,C005
2023-10,DE01,Software,SALE-2023-10-00095-DE01,sale,4000_EXTERNAL_REVENUE,0.0,4141.28,EXTERNAL,External customer invoice,,SW-SEC-CMP-P,C005
2023-10,DE01,Software,SERV-2023-10-00095-DE01,service_cost,5050_SERVICE_DELIVERY,802.67,0.0,EXTERNAL,Direct service delivery,,SW-SEC-CMP-P,C005
2023-10,DE01,Software,SERV-2023-10-00095-DE01,service_cost,2100_AP,0.0,802.67,EXTERNAL,Direct service delivery accrual,,SW-SEC-CMP-P,C005
2023-10,DE01,Software,FIX-2023-10-00095-DE01,fixed_production,5400_FIXED_PRODUCTION,186.36,0.0,EXTERNAL,Fixed delivery capacity cost,,SW-SEC-CMP-P,C005
2023-10,DE01,Software,FIX-2023-10-00095-DE01,fixed_production,2100_AP,0.0,186.36,EXTERNAL,Fixed delivery capacity accrual,,SW-SEC-CMP-P,C005
2023-10,DE01,Software,VARSELL-2023-10-00095-DE01,variable_selling,5300_VARIABLE_SELLING,144.94,0.0,EXTERNAL,Variable selling and logistics,,SW-SEC-CMP-P,C005
2023-10,DE01,Software,VARSELL-2023-10-00095-DE01,variable_selling,2100_AP,0.0,144.94,EXTERNAL,Variable selling accrual,,SW-SEC-CMP-P,C005
2023-10,DE01,Software,OPEX-2023-10-00095-DE01,opex,6000_OPEX,227.77,0.0,EXTERNAL,Non-people operating expenses,,SW-SEC-CMP-P,C005
2023-10,DE01,Software,OPEX-2023-10-00095-DE01,opex,2100_AP,0.0,227.77,EXTERNAL,Non-people operating expense accrual,,SW-SEC-CMP-P,C005
2023-10,DE01,Software,SALE-2023-10-00096-DE01,sale,1100_AR,3544.21,0.0,EXTERNAL,External customer invoice,,SW-ANL-BI-E,C005
2023-10,DE01,Software,SALE-2023-10-00096-DE01,sale,4000_EXTERNAL_REVENUE,0.0,3544.21,EXTERNAL,External customer invoice,,SW-ANL-BI-E,C005
2023-10,DE01,Software,SERV-2023-10-00096-DE01,service_cost,5050_SERVICE_DELIVERY,520.4,0.0,EXTERNAL,Direct service delivery,,SW-ANL-BI-E,C005
2023-10,DE01,Software,SERV-2023-10-00096-DE01,service_cost,2100_AP,0.0,520.4,EXTERNAL,Direct service delivery accrual,,SW-ANL-BI-E,C005
2023-10,DE01,Software,FIX-2023-10-00096-DE01,fixed_production,5400_FIXED_PRODUCTION,151.52,0.0,EXTERNAL,Fixed delivery capacity cost,,SW-ANL-BI-E,C005
2023-10,DE01,Software,FIX-2023-10-00096-DE01,fixed_production,2100_AP,0.0,151.52,EXTERNAL,Fixed delivery capacity accrual,,SW-ANL-BI-E,C005
2023-10,DE01,Software,VARSELL-2023-10-00096-DE01,variable_selling,5300_VARIABLE_SELLING,133.97,0.0,EXTERNAL,Variable selling and logistics,,SW-ANL-BI-E,C005
2023-10,DE01,Software,VARSELL-2023-10-00096-DE01,variable_selling,2100_AP,0.0,133.97,EXTERNAL,Variable selling accrual,,SW-ANL-BI-E,C005
2023-10,DE01,Software,OPEX-2023-10-00096-DE01,opex,6000_OPEX,194.93,0.0,EXTERNAL,Non-people operating expenses,,SW-ANL-BI-E,C005
2023-10,DE01,Software,OPEX-2023-10-00096-DE01,opex,2100_AP,0.0,194.93,EXTERNAL,Non-people operating expense accrual,,SW-ANL-BI-E,C005
2023-10,DE01,Software,SALE-2023-10-00097-DE01,sale,1100_AR,3799.95,0.0,EXTERNAL,External customer invoice,,SW-ANL-FIN-E,C005
2023-10,DE01,Software,SALE-2023-10-00097-DE01,sale,4000_EXTERNAL_REVENUE,0.0,3799.95,EXTERNAL,External customer invoice,,SW-ANL-FIN-E,C005
2023-10,DE01,Software,SERV-2023-10-00097-DE01,service_cost,5050_SERVICE_DELIVERY,578.18,0.0,EXTERNAL,Direct service delivery,,SW-ANL-FIN-E,C005
2023-10,DE01,Software,SERV-2023-10-00097-DE01,service_cost,2100_AP,0.0,578.18,EXTERNAL,Direct service delivery accrual,,SW-ANL-FIN-E,C005
2023-10,DE01,Software,FIX-2023-10-00097-DE01,fixed_production,5400_FIXED_PRODUCTION,162.45,0.0,EXTERNAL,Fixed delivery capacity cost,,SW-ANL-FIN-E,C005
2023-10,DE01,Software,FIX-2023-10-00097-DE01,fixed_production,2100_AP,0.0,162.45,EXTERNAL,Fixed delivery capacity accrual,,SW-ANL-FIN-E,C005
2023-10,DE01,Software,VARSELL-2023-10-00097-DE01,variable_selling,5300_VARIABLE_SELLING,143.64,0.0,EXTERNAL,Variable selling and logistics,,SW-ANL-FIN-E,C005
2023-10,DE01,Software,VARSELL-2023-10-00097-DE01,variable_selling,2100_AP,0.0,143.64,EXTERNAL,Variable selling accrual,,SW-ANL-FIN-E,C005
2023-10,DE01,Software,OPEX-2023-10-00097-DE01,opex,6000_OPEX,209.0,0.0,EXTERNAL,Non-people operating expenses,,SW-ANL-FIN-E,C005
2023-10,DE01,Software,OPEX-2023-10-00097-DE01,opex,2100_AP,0.0,209.0,EXTERNAL,Non-people operating expense accrual,,SW-ANL-FIN-E,C005
2023-10,DE01,Software,SALE-2023-10-00098-DE01,sale,1100_AR,2403.4,0.0,EXTERNAL,External customer invoice,,SW-ANL-FIN-X,C005
2023-10,DE01,Software,SALE-2023-10-00098-DE01,sale,4000_EXTERNAL_REVENUE,0.0,2403.4,EXTERNAL,External customer invoice,,SW-ANL-FIN-X,C005
2023-10,DE01,Software,SERV-2023-10-00098-DE01,service_cost,5050_SERVICE_DELIVERY,531.13,0.0,EXTERNAL,Direct service delivery,,SW-ANL-FIN-X,C005
2023-10,DE01,Software,SERV-2023-10-00098-DE01,service_cost,2100_AP,0.0,531.13,EXTERNAL,Direct service delivery accrual,,SW-ANL-FIN-X,C005
2023-10,DE01,Software,FIX-2023-10-00098-DE01,fixed_production,5400_FIXED_PRODUCTION,118.97,0.0,EXTERNAL,Fixed delivery capacity cost,,SW-ANL-FIN-X,C005
2023-10,DE01,Software,FIX-2023-10-00098-DE01,fixed_production,2100_AP,0.0,118.97,EXTERNAL,Fixed delivery capacity accrual,,SW-ANL-FIN-X,C005
2023-10,DE01,Software,VARSELL-2023-10-00098-DE01,variable_selling,5300_VARIABLE_SELLING,77.39,0.0,EXTERNAL,Variable selling and logistics,,SW-ANL-FIN-X,C005
2023-10,DE01,Software,VARSELL-2023-10-00098-DE01,variable_selling,2100_AP,0.0,77.39,EXTERNAL,Variable selling accrual,,SW-ANL-FIN-X,C005
2023-10,DE01,Software,OPEX-2023-10-00098-DE01,opex,6000_OPEX,132.19,0.0,EXTERNAL,Non-people operating expenses,,SW-ANL-FIN-X,C005
2023-10,DE01,Software,OPEX-2023-10-00098-DE01,opex,2100_AP,0.0,132.19,EXTERNAL,Non-people operating expense accrual,,SW-ANL-FIN-X,C005
2023-10,DE01,Software,SALE-2023-10-00099-DE01,sale,1100_AR,4055.72,0.0,EXTERNAL,External customer invoice,,SW-ANL-PRD-E,C005
2023-10,DE01,Software,SALE-2023-10-00099-DE01,sale,4000_EXTERNAL_REVENUE,0.0,4055.72,EXTERNAL,External customer invoice,,SW-ANL-PRD-E,C005
2023-10,DE01,Software,SERV-2023-10-00099-DE01,service_cost,5050_SERVICE_DELIVERY,638.73,0.0,EXTERNAL,Direct service delivery,,SW-ANL-PRD-E,C005
2023-10,DE01,Software,SERV-2023-10-00099-DE01,service_cost,2100_AP,0.0,638.73,EXTERNAL,Direct service delivery accrual,,SW-ANL-PRD-E,C005
2023-10,DE01,Software,FIX-2023-10-00099-DE01,fixed_production,5400_FIXED_PRODUCTION,173.38,0.0,EXTERNAL,Fixed delivery capacity cost,,SW-ANL-PRD-E,C005
2023-10,DE01,Software,FIX-2023-10-00099-DE01,fixed_production,2100_AP,0.0,173.38,EXTERNAL,Fixed delivery capacity accrual,,SW-ANL-PRD-E,C005
2023-10,DE01,Software,VARSELL-2023-10-00099-DE01,variable_selling,5300_VARIABLE_SELLING,153.31,0.0,EXTERNAL,Variable selling and logistics,,SW-ANL-PRD-E,C005
2023-10,DE01,Software,VARSELL-2023-10-00099-DE01,variable_selling,2100_AP,0.0,153.31,EXTERNAL,Variable selling accrual,,SW-ANL-PRD-E,C005
2023-10,DE01,Software,OPEX-2023-10-00099-DE01,opex,6000_OPEX,223.06,0.0,EXTERNAL,Non-people operating expenses,,SW-ANL-PRD-E,C005
2023-10,DE01,Software,OPEX-2023-10-00099-DE01,opex,2100_AP,0.0,223.06,EXTERNAL,Non-people operating expense accrual,,SW-ANL-PRD-E,C005
2023-10,DE01,Software,SALE-2023-10-00100-DE01,sale,1100_AR,3466.44,0.0,EXTERNAL,External customer invoice,,SW-ANL-PRD-P,C005
2023-10,DE01,Software,SALE-2023-10-00100-DE01,sale,4000_EXTERNAL_REVENUE,0.0,3466.44,EXTERNAL,External customer invoice,,SW-ANL-PRD-P,C005
2023-10,DE01,Software,SERV-2023-10-00100-DE01,service_cost,5050_SERVICE_DELIVERY,649.88,0.0,EXTERNAL,Direct service delivery,,SW-ANL-PRD-P,C005
2023-10,DE01,Software,SERV-2023-10-00100-DE01,service_cost,2100_AP,0.0,649.88,EXTERNAL,Direct service delivery accrual,,SW-ANL-PRD-P,C005
2023-10,DE01,Software,FIX-2023-10-00100-DE01,fixed_production,5400_FIXED_PRODUCTION,155.99,0.0,EXTERNAL,Fixed delivery capacity cost,,SW-ANL-PRD-P,C005
2023-10,DE01,Software,FIX-2023-10-00100-DE01,fixed_production,2100_AP,0.0,155.99,EXTERNAL,Fixed delivery capacity accrual,,SW-ANL-PRD-P,C005
2023-10,DE01,Software,VARSELL-2023-10-00100-DE01,variable_selling,5300_VARIABLE_SELLING,121.33,0.0,EXTERNAL,Variable selling and logistics,,SW-ANL-PRD-P,C005
2023-10,DE01,Software,VARSELL-2023-10-00100-DE01,variable_selling,2100_AP,0.0,121.33,EXTERNAL,Variable selling accrual,,SW-ANL-PRD-P,C005
2023-10,DE01,Software,OPEX-2023-10-00100-DE01,opex,6000_OPEX,190.65,0.0,EXTERNAL,Non-people operating expenses,,SW-ANL-PRD-P,C005
2023-10,DE01,Software,OPEX-2023-10-00100-DE01,opex,2100_AP,0.0,190.65,EXTERNAL,Non-people operating expense accrual,,SW-ANL-PRD-P,C005
2023-10,DE01,Software,SALE-2023-10-00101-DE01,sale,1100_AR,3685.04,0.0,EXTERNAL,External customer invoice,,SW-ANL-OPS-P,C005
2023-10,DE01,Software,SALE-2023-10-00101-DE01,sale,4000_EXTERNAL_REVENUE,0.0,3685.04,EXTERNAL,External customer invoice,,SW-ANL-OPS-P,C005
2023-10,DE01,Software,SERV-2023-10-00101-DE01,service_cost,5050_SERVICE_DELIVERY,714.23,0.0,EXTERNAL,Direct service delivery,,SW-ANL-OPS-P,C005
2023-10,DE01,Software,SERV-2023-10-00101-DE01,service_cost,2100_AP,0.0,714.23,EXTERNAL,Direct service delivery accrual,,SW-ANL-OPS-P,C005
2023-10,DE01,Software,FIX-2023-10-00101-DE01,fixed_production,5400_FIXED_PRODUCTION,165.83,0.0,EXTERNAL,Fixed delivery capacity cost,,SW-ANL-OPS-P,C005
2023-10,DE01,Software,FIX-2023-10-00101-DE01,fixed_production,2100_AP,0.0,165.83,EXTERNAL,Fixed delivery capacity accrual,,SW-ANL-OPS-P,C005
2023-10,DE01,Software,VARSELL-2023-10-00101-DE01,variable_selling,5300_VARIABLE_SELLING,128.98,0.0,EXTERNAL,Variable selling and logistics,,SW-ANL-OPS-P,C005
2023-10,DE01,Software,VARSELL-2023-10-00101-DE01,variable_selling,2100_AP,0.0,128.98,EXTERNAL,Variable selling accrual,,SW-ANL-OPS-P,C005
2023-10,DE01,Software,OPEX-2023-10-00101-DE01,opex,6000_OPEX,202.68,0.0,EXTERNAL,Non-people operating expenses,,SW-ANL-OPS-P,C005
2023-10,DE01,Software,OPEX-2023-10-00101-DE01,opex,2100_AP,0.0,202.68,EXTERNAL,Non-people operating expense accrual,,SW-ANL-OPS-P,C005
2023-10,DE01,Software,SALE-2023-10-00102-DE01,sale,1100_AR,3712.96,0.0,EXTERNAL,External customer invoice,,SW-AUT-ORC-E,C005
2023-10,DE01,Software,SALE-2023-10-00102-DE01,sale,4000_EXTERNAL_REVENUE,0.0,3712.96,EXTERNAL,External customer invoice,,SW-AUT-ORC-E,C005
2023-10,DE01,Software,SERV-2023-10-00102-DE01,service_cost,5050_SERVICE_DELIVERY,545.2,0.0,EXTERNAL,Direct service delivery,,SW-AUT-ORC-E,C005
2023-10,DE01,Software,SERV-2023-10-00102-DE01,service_cost,2100_AP,0.0,545.2,EXTERNAL,Direct service delivery accrual,,SW-AUT-ORC-E,C005
2023-10,DE01,Software,FIX-2023-10-00102-DE01,fixed_production,5400_FIXED_PRODUCTION,158.73,0.0,EXTERNAL,Fixed delivery capacity cost,,SW-AUT-ORC-E,C005
2023-10,DE01,Software,FIX-2023-10-00102-DE01,fixed_production,2100_AP,0.0,158.73,EXTERNAL,Fixed delivery capacity accrual,,SW-AUT-ORC-E,C005
2023-10,DE01,Software,VARSELL-2023-10-00102-DE01,variable_selling,5300_VARIABLE_SELLING,140.35,0.0,EXTERNAL,Variable selling and logistics,,SW-AUT-ORC-E,C005
2023-10,DE01,Software,VARSELL-2023-10-00102-DE01,variable_selling,2100_AP,0.0,140.35,EXTERNAL,Variable selling accrual,,SW-AUT-ORC-E,C005
2023-10,DE01,Software,OPEX-2023-10-00102-DE01,opex,6000_OPEX,204.21,0.0,EXTERNAL,Non-people operating expenses,,SW-AUT-ORC-E,C005
2023-10,DE01,Software,OPEX-2023-10-00102-DE01,opex,2100_AP,0.0,204.21,EXTERNAL,Non-people operating expense accrual,,SW-AUT-ORC-E,C005
2023-10,DE01,Software,SALE-2023-10-00103-DE01,sale,1100_AR,2348.38,0.0,EXTERNAL,External customer invoice,,SW-AUT-ORC-X,C005
2023-10,DE01,Software,SALE-2023-10-00103-DE01,sale,4000_EXTERNAL_REVENUE,0.0,2348.38,EXTERNAL,External customer invoice,,SW-AUT-ORC-X,C005
2023-10,DE01,Software,SERV-2023-10-00103-DE01,service_cost,5050_SERVICE_DELIVERY,500.81,0.0,EXTERNAL,Direct service delivery,,SW-AUT-ORC-X,C005
2023-10,DE01,Software,SERV-2023-10-00103-DE01,service_cost,2100_AP,0.0,500.81,EXTERNAL,Direct service delivery accrual,,SW-AUT-ORC-X,C005
2023-10,DE01,Software,FIX-2023-10-00103-DE01,fixed_production,5400_FIXED_PRODUCTION,116.24,0.0,EXTERNAL,Fixed delivery capacity cost,,SW-AUT-ORC-X,C005
2023-10,DE01,Software,FIX-2023-10-00103-DE01,fixed_production,2100_AP,0.0,116.24,EXTERNAL,Fixed delivery capacity accrual,,SW-AUT-ORC-X,C005
2023-10,DE01,Software,VARSELL-2023-10-00103-DE01,variable_selling,5300_VARIABLE_SELLING,75.62,0.0,EXTERNAL,Variable selling and logistics,,SW-AUT-ORC-X,C005
2023-10,DE01,Software,VARSELL-2023-10-00103-DE01,variable_selling,2100_AP,0.0,75.62,EXTERNAL,Variable selling accrual,,SW-AUT-ORC-X,C005
2023-10,DE01,Software,OPEX-2023-10-00103-DE01,opex,6000_OPEX,129.16,0.0,EXTERNAL,Non-people operating expenses,,SW-AUT-ORC-X,C005
2023-10,DE01,Software,OPEX-2023-10-00103-DE01,opex,2100_AP,0.0,129.16,EXTERNAL,Non-people operating expense accrual,,SW-AUT-ORC-X,C005
2023-10,DE01,Software,SALE-2023-10-00104-DE01,sale,1100_AR,3402.49,0.0,EXTERNAL,External customer invoice,,SW-AUT-RPA-P,C005
2023-10,DE01,Software,SALE-2023-10-00104-DE01,sale,4000_EXTERNAL_REVENUE,0.0,3402.49,EXTERNAL,External customer invoice,,SW-AUT-RPA-P,C005
2023-10,DE01,Software,SERV-2023-10-00104-DE01,service_cost,5050_SERVICE_DELIVERY,616.33,0.0,EXTERNAL,Direct service delivery,,SW-AUT-RPA-P,C005
2023-10,DE01,Software,SERV-2023-10-00104-DE01,service_cost,2100_AP,0.0,616.33,EXTERNAL,Direct service delivery accrual,,SW-AUT-RPA-P,C005
2023-10,DE01,Software,FIX-2023-10-00104-DE01,fixed_production,5400_FIXED_PRODUCTION,153.11,0.0,EXTERNAL,Fixed delivery capacity cost,,SW-AUT-RPA-P,C005
2023-10,DE01,Software,FIX-2023-10-00104-DE01,fixed_production,2100_AP,0.0,153.11,EXTERNAL,Fixed delivery capacity accrual,,SW-AUT-RPA-P,C005
2023-10,DE01,Software,VARSELL-2023-10-00104-DE01,variable_selling,5300_VARIABLE_SELLING,119.09,0.0,EXTERNAL,Variable selling and logistics,,SW-AUT-RPA-P,C005
2023-10,DE01,Software,VARSELL-2023-10-00104-DE01,variable_selling,2100_AP,0.0,119.09,EXTERNAL,Variable selling accrual,,SW-AUT-RPA-P,C005
2023-10,DE01,Software,OPEX-2023-10-00104-DE01,opex,6000_OPEX,187.14,0.0,EXTERNAL,Non-people operating expenses,,SW-AUT-RPA-P,C005
2023-10,DE01,Software,OPEX-2023-10-00104-DE01,opex,2100_AP,0.0,187.14,EXTERNAL,Non-people operating expense accrual,,SW-AUT-RPA-P,C005
2023-10,DE01,Software,SALE-2023-10-00105-DE01,sale,1100_AR,2517.85,0.0,EXTERNAL,External customer invoice,,SW-AUT-RPA-X,C005
2023-10,DE01,Software,SALE-2023-10-00105-DE01,sale,4000_EXTERNAL_REVENUE,0.0,2517.85,EXTERNAL,External customer invoice,,SW-AUT-RPA-X,C005
2023-10,DE01,Software,SERV-2023-10-00105-DE01,service_cost,5050_SERVICE_DELIVERY,556.43,0.0,EXTERNAL,Direct service delivery,,SW-AUT-RPA-X,C005
2023-10,DE01,Software,SERV-2023-10-00105-DE01,service_cost,2100_AP,0.0,556.43,EXTERNAL,Direct service delivery accrual,,SW-AUT-RPA-X,C005
2023-10,DE01,Software,FIX-2023-10-00105-DE01,fixed_production,5400_FIXED_PRODUCTION,124.63,0.0,EXTERNAL,Fixed delivery capacity cost,,SW-AUT-RPA-X,C005
2023-10,DE01,Software,FIX-2023-10-00105-DE01,fixed_production,2100_AP,0.0,124.63,EXTERNAL,Fixed delivery capacity accrual,,SW-AUT-RPA-X,C005
2023-10,DE01,Software,VARSELL-2023-10-00105-DE01,variable_selling,5300_VARIABLE_SELLING,81.07,0.0,EXTERNAL,Variable selling and logistics,,SW-AUT-RPA-X,C005
2023-10,DE01,Software,VARSELL-2023-10-00105-DE01,variable_selling,2100_AP,0.0,81.07,EXTERNAL,Variable selling accrual,,SW-AUT-RPA-X,C005
2023-10,DE01,Software,OPEX-2023-10-00105-DE01,opex,6000_OPEX,138.48,0.0,EXTERNAL,Non-people operating expenses,,SW-AUT-RPA-X,C005
2023-10,DE01,Software,OPEX-2023-10-00105-DE01,opex,2100_AP,0.0,138.48,EXTERNAL,Non-people operating expense accrual,,SW-AUT-RPA-X,C005
2023-10,DE01,Software,SALE-2023-10-00106-DE01,sale,1100_AR,2687.32,0.0,EXTERNAL,External customer invoice,,SW-AUT-INT-X,C005
2023-10,DE01,Software,SALE-2023-10-00106-DE01,sale,4000_EXTERNAL_REVENUE,0.0,2687.32,EXTERNAL,External customer invoice,,SW-AUT-INT-X,C005
2023-10,DE01,Software,SERV-2023-10-00106-DE01,service_cost,5050_SERVICE_DELIVERY,614.66,0.0,EXTERNAL,Direct service delivery,,SW-AUT-INT-X,C005
2023-10,DE01,Software,SERV-2023-10-00106-DE01,service_cost,2100_AP,0.0,614.66,EXTERNAL,Direct service delivery accrual,,SW-AUT-INT-X,C005
2023-10,DE01,Software,FIX-2023-10-00106-DE01,fixed_production,5400_FIXED_PRODUCTION,133.02,0.0,EXTERNAL,Fixed delivery capacity cost,,SW-AUT-INT-X,C005
2023-10,DE01,Software,FIX-2023-10-00106-DE01,fixed_production,2100_AP,0.0,133.02,EXTERNAL,Fixed delivery capacity accrual,,SW-AUT-INT-X,C005
2023-10,DE01,Software,VARSELL-2023-10-00106-DE01,variable_selling,5300_VARIABLE_SELLING,86.53,0.0,EXTERNAL,Variable selling and logistics,,SW-AUT-INT-X,C005
2023-10,DE01,Software,VARSELL-2023-10-00106-DE01,variable_selling,2100_AP,0.0,86.53,EXTERNAL,Variable selling accrual,,SW-AUT-INT-X,C005
2023-10,DE01,Software,OPEX-2023-10-00106-DE01,opex,6000_OPEX,147.8,0.0,EXTERNAL,Non-people operating expenses,,SW-AUT-INT-X,C005
2023-10,DE01,Software,OPEX-2023-10-00106-DE01,opex,2100_AP,0.0,147.8,EXTERNAL,Non-people operating expense accrual,,SW-AUT-INT-X,C005
2023-10,DE01,Software,SALE-2023-10-00107-DE01,sale,1100_AR,3011.2,0.0,EXTERNAL,External customer invoice,,SW-AUT-MON-E,C005
2023-10,DE01,Software,SALE-2023-10-00107-DE01,sale,4000_EXTERNAL_REVENUE,0.0,3011.2,EXTERNAL,External customer invoice,,SW-AUT-MON-E,C005
2023-10,DE01,Software,SERV-2023-10-00107-DE01,service_cost,5050_SERVICE_DELIVERY,490.25,0.0,EXTERNAL,Direct service delivery,,SW-AUT-MON-E,C005
2023-10,DE01,Software,SERV-2023-10-00107-DE01,service_cost,2100_AP,0.0,490.25,EXTERNAL,Direct service delivery accrual,,SW-AUT-MON-E,C005
2023-10,DE01,Software,FIX-2023-10-00107-DE01,fixed_production,5400_FIXED_PRODUCTION,128.73,0.0,EXTERNAL,Fixed delivery capacity cost,,SW-AUT-MON-E,C005
2023-10,DE01,Software,FIX-2023-10-00107-DE01,fixed_production,2100_AP,0.0,128.73,EXTERNAL,Fixed delivery capacity accrual,,SW-AUT-MON-E,C005
2023-10,DE01,Software,VARSELL-2023-10-00107-DE01,variable_selling,5300_VARIABLE_SELLING,113.82,0.0,EXTERNAL,Variable selling and logistics,,SW-AUT-MON-E,C005
2023-10,DE01,Software,VARSELL-2023-10-00107-DE01,variable_selling,2100_AP,0.0,113.82,EXTERNAL,Variable selling accrual,,SW-AUT-MON-E,C005
2023-10,DE01,Software,OPEX-2023-10-00107-DE01,opex,6000_OPEX,165.62,0.0,EXTERNAL,Non-people operating expenses,,SW-AUT-MON-E,C005
2023-10,DE01,Software,OPEX-2023-10-00107-DE01,opex,2100_AP,0.0,165.62,EXTERNAL,Non-people operating expense accrual,,SW-AUT-MON-E,C005
2023-10,DE01,Software,SALE-2023-10-00108-DE01,sale,1100_AR,5625.72,0.0,EXTERNAL,External customer invoice,,SW-PLT-CORE-E,C006
2023-10,DE01,Software,SALE-2023-10-00108-DE01,sale,4000_EXTERNAL_REVENUE,0.0,5625.72,EXTERNAL,External customer invoice,,SW-PLT-CORE-E,C006
2023-10,DE01,Software,SERV-2023-10-00108-DE01,service_cost,5050_SERVICE_DELIVERY,826.06,0.0,EXTERNAL,Direct service delivery,,SW-PLT-CORE-E,C006
2023-10,DE01,Software,SERV-2023-10-00108-DE01,service_cost,2100_AP,0.0,826.06,EXTERNAL,Direct service delivery accrual,,SW-PLT-CORE-E,C006
2023-10,DE01,Software,FIX-2023-10-00108-DE01,fixed_production,5400_FIXED_PRODUCTION,240.5,0.0,EXTERNAL,Fixed delivery capacity cost,,SW-PLT-CORE-E,C006
2023-10,DE01,Software,FIX-2023-10-00108-DE01,fixed_production,2100_AP,0.0,240.5,EXTERNAL,Fixed delivery capacity accrual,,SW-PLT-CORE-E,C006
2023-10,DE01,Software,VARSELL-2023-10-00108-DE01,variable_selling,5300_VARIABLE_SELLING,212.65,0.0,EXTERNAL,Variable selling and logistics,,SW-PLT-CORE-E,C006
2023-10,DE01,Software,VARSELL-2023-10-00108-DE01,variable_selling,2100_AP,0.0,212.65,EXTERNAL,Variable selling accrual,,SW-PLT-CORE-E,C006
2023-10,DE01,Software,OPEX-2023-10-00108-DE01,opex,6000_OPEX,309.41,0.0,EXTERNAL,Non-people operating expenses,,SW-PLT-CORE-E,C006
2023-10,DE01,Software,OPEX-2023-10-00108-DE01,opex,2100_AP,0.0,309.41,EXTERNAL,Non-people operating expense accrual,,SW-PLT-CORE-E,C006
2023-10,DE01,Software,SALE-2023-10-00109-DE01,sale,1100_AR,4327.47,0.0,EXTERNAL,External customer invoice,,SW-PLT-CORE-P,C006
2023-10,DE01,Software,SALE-2023-10-00109-DE01,sale,4000_EXTERNAL_REVENUE,0.0,4327.47,EXTERNAL,External customer invoice,,SW-PLT-CORE-P,C006
2023-10,DE01,Software,SERV-2023-10-00109-DE01,service_cost,5050_SERVICE_DELIVERY,756.45,0.0,EXTERNAL,Direct service delivery,,SW-PLT-CORE-P,C006
2023-10,DE01,Software,SERV-2023-10-00109-DE01,service_cost,2100_AP,0.0,756.45,EXTERNAL,Direct service delivery accrual,,SW-PLT-CORE-P,C006
2023-10,DE01,Software,FIX-2023-10-00109-DE01,fixed_production,5400_FIXED_PRODUCTION,194.74,0.0,EXTERNAL,Fixed delivery capacity cost,,SW-PLT-CORE-P,C006
2023-10,DE01,Software,FIX-2023-10-00109-DE01,fixed_production,2100_AP,0.0,194.74,EXTERNAL,Fixed delivery capacity accrual,,SW-PLT-CORE-P,C006
2023-10,DE01,Software,VARSELL-2023-10-00109-DE01,variable_selling,5300_VARIABLE_SELLING,151.46,0.0,EXTERNAL,Variable selling and logistics,,SW-PLT-CORE-P,C006
2023-10,DE01,Software,VARSELL-2023-10-00109-DE01,variable_selling,2100_AP,0.0,151.46,EXTERNAL,Variable selling accrual,,SW-PLT-CORE-P,C006
2023-10,DE01,Software,OPEX-2023-10-00109-DE01,opex,6000_OPEX,238.01,0.0,EXTERNAL,Non-people operating expenses,,SW-PLT-CORE-P,C006
2023-10,DE01,Software,OPEX-2023-10-00109-DE01,opex,2100_AP,0.0,238.01,EXTERNAL,Non-people operating expense accrual,,SW-PLT-CORE-P,C006
2023-10,DE01,Software,SALE-2023-10-00110-DE01,sale,1100_AR,2288.95,0.0,EXTERNAL,External customer invoice,,SW-PLT-WF-X,C006
2023-10,DE01,Software,SALE-2023-10-00110-DE01,sale,4000_EXTERNAL_REVENUE,0.0,2288.95,EXTERNAL,External customer invoice,,SW-PLT-WF-X,C006
2023-10,DE01,Software,SERV-2023-10-00110-DE01,service_cost,5050_SERVICE_DELIVERY,505.84,0.0,EXTERNAL,Direct service delivery,,SW-PLT-WF-X,C006
2023-10,DE01,Software,SERV-2023-10-00110-DE01,service_cost,2100_AP,0.0,505.84,EXTERNAL,Direct service delivery accrual,,SW-PLT-WF-X,C006
2023-10,DE01,Software,FIX-2023-10-00110-DE01,fixed_production,5400_FIXED_PRODUCTION,113.3,0.0,EXTERNAL,Fixed delivery capacity cost,,SW-PLT-WF-X,C006
2023-10,DE01,Software,FIX-2023-10-00110-DE01,fixed_production,2100_AP,0.0,113.3,EXTERNAL,Fixed delivery capacity accrual,,SW-PLT-WF-X,C006
2023-10,DE01,Software,VARSELL-2023-10-00110-DE01,variable_selling,5300_VARIABLE_SELLING,73.7,0.0,EXTERNAL,Variable selling and logistics,,SW-PLT-WF-X,C006
2023-10,DE01,Software,VARSELL-2023-10-00110-DE01,variable_selling,2100_AP,0.0,73.7,EXTERNAL,Variable selling accrual,,SW-PLT-WF-X,C006
2023-10,DE01,Software,OPEX-2023-10-00110-DE01,opex,6000_OPEX,125.89,0.0,EXTERNAL,Non-people operating expenses,,SW-PLT-WF-X,C006
2023-10,DE01,Software,OPEX-2023-10-00110-DE01,opex,2100_AP,0.0,125.89,EXTERNAL,Non-people operating expense accrual,,SW-PLT-WF-X,C006
2023-10,DE01,Software,SALE-2023-10-00111-DE01,sale,1100_AR,5150.12,0.0,EXTERNAL,External customer invoice,,SW-PLT-EDGE-E,C006
2023-10,DE01,Software,SALE-2023-10-00111-DE01,sale,4000_EXTERNAL_REVENUE,0.0,5150.12,EXTERNAL,External customer invoice,,SW-PLT-EDGE-E,C006
2023-10,DE01,Software,SERV-2023-10-00111-DE01,service_cost,5050_SERVICE_DELIVERY,811.08,0.0,EXTERNAL,Direct service delivery,,SW-PLT-EDGE-E,C006
2023-10,DE01,Software,SERV-2023-10-00111-DE01,service_cost,2100_AP,0.0,811.08,EXTERNAL,Direct service delivery accrual,,SW-PLT-EDGE-E,C006
2023-10,DE01,Software,FIX-2023-10-00111-DE01,fixed_production,5400_FIXED_PRODUCTION,220.17,0.0,EXTERNAL,Fixed delivery capacity cost,,SW-PLT-EDGE-E,C006
2023-10,DE01,Software,FIX-2023-10-00111-DE01,fixed_production,2100_AP,0.0,220.17,EXTERNAL,Fixed delivery capacity accrual,,SW-PLT-EDGE-E,C006
2023-10,DE01,Software,VARSELL-2023-10-00111-DE01,variable_selling,5300_VARIABLE_SELLING,194.67,0.0,EXTERNAL,Variable selling and logistics,,SW-PLT-EDGE-E,C006
2023-10,DE01,Software,VARSELL-2023-10-00111-DE01,variable_selling,2100_AP,0.0,194.67,EXTERNAL,Variable selling accrual,,SW-PLT-EDGE-E,C006
2023-10,DE01,Software,OPEX-2023-10-00111-DE01,opex,6000_OPEX,283.26,0.0,EXTERNAL,Non-people operating expenses,,SW-PLT-EDGE-E,C006
2023-10,DE01,Software,OPEX-2023-10-00111-DE01,opex,2100_AP,0.0,283.26,EXTERNAL,Non-people operating expense accrual,,SW-PLT-EDGE-E,C006
2023-10,DE01,Software,SALE-2023-10-00112-DE01,sale,1100_AR,4952.06,0.0,EXTERNAL,External customer invoice,,SW-PLT-EDGE-P,C006
2023-10,DE01,Software,SALE-2023-10-00112-DE01,sale,4000_EXTERNAL_REVENUE,0.0,4952.06,EXTERNAL,External customer invoice,,SW-PLT-EDGE-P,C006
2023-10,DE01,Software,SERV-2023-10-00112-DE01,service_cost,5050_SERVICE_DELIVERY,928.41,0.0,EXTERNAL,Direct service delivery,,SW-PLT-EDGE-P,C006
2023-10,DE01,Software,SERV-2023-10-00112-DE01,service_cost,2100_AP,0.0,928.41,EXTERNAL,Direct service delivery accrual,,SW-PLT-EDGE-P,C006
2023-10,DE01,Software,FIX-2023-10-00112-DE01,fixed_production,5400_FIXED_PRODUCTION,222.84,0.0,EXTERNAL,Fixed delivery capacity cost,,SW-PLT-EDGE-P,C006
2023-10,DE01,Software,FIX-2023-10-00112-DE01,fixed_production,2100_AP,0.0,222.84,EXTERNAL,Fixed delivery capacity accrual,,SW-PLT-EDGE-P,C006
2023-10,DE01,Software,VARSELL-2023-10-00112-DE01,variable_selling,5300_VARIABLE_SELLING,173.32,0.0,EXTERNAL,Variable selling and logistics,,SW-PLT-EDGE-P,C006
2023-10,DE01,Software,VARSELL-2023-10-00112-DE01,variable_selling,2100_AP,0.0,173.32,EXTERNAL,Variable selling accrual,,SW-PLT-EDGE-P,C006
2023-10,DE01,Software,OPEX-2023-10-00112-DE01,opex,6000_OPEX,272.36,0.0,EXTERNAL,Non-people operating expenses,,SW-PLT-EDGE-P,C006
2023-10,DE01,Software,OPEX-2023-10-00112-DE01,opex,2100_AP,0.0,272.36,EXTERNAL,Non-people operating expense accrual,,SW-PLT-EDGE-P,C006
2023-10,DE01,Software,SALE-2023-10-00113-DE01,sale,1100_AR,4106.19,0.0,EXTERNAL,External customer invoice,,SW-PLT-API-E,C006
2023-10,DE01,Software,SALE-2023-10-00113-DE01,sale,4000_EXTERNAL_REVENUE,0.0,4106.19,EXTERNAL,External customer invoice,,SW-PLT-API-E,C006
2023-10,DE01,Software,SERV-2023-10-00113-DE01,service_cost,5050_SERVICE_DELIVERY,1487.61,0.0,EXTERNAL,Direct service delivery,,SW-PLT-API-E,C006
2023-10,DE01,Software,SERV-2023-10-00113-DE01,service_cost,2100_AP,0.0,1487.61,EXTERNAL,Direct service delivery accrual,,SW-PLT-API-E,C006
2023-10,DE01,Software,FIX-2023-10-00113-DE01,fixed_production,5400_FIXED_PRODUCTION,175.54,0.0,EXTERNAL,Fixed delivery capacity cost,,SW-PLT-API-E,C006
2023-10,DE01,Software,FIX-2023-10-00113-DE01,fixed_production,2100_AP,0.0,175.54,EXTERNAL,Fixed delivery capacity accrual,,SW-PLT-API-E,C006
2023-10,DE01,Software,VARSELL-2023-10-00113-DE01,variable_selling,5300_VARIABLE_SELLING,155.21,0.0,EXTERNAL,Variable selling and logistics,,SW-PLT-API-E,C006
2023-10,DE01,Software,VARSELL-2023-10-00113-DE01,variable_selling,2100_AP,0.0,155.21,EXTERNAL,Variable selling accrual,,SW-PLT-API-E,C006
2023-10,DE01,Software,OPEX-2023-10-00113-DE01,opex,6000_OPEX,225.84,0.0,EXTERNAL,Non-people operating expenses,,SW-PLT-API-E,C006
2023-10,DE01,Software,OPEX-2023-10-00113-DE01,opex,2100_AP,0.0,225.84,EXTERNAL,Non-people operating expense accrual,,SW-PLT-API-E,C006
2023-10,DE01,Software,SALE-2023-10-00114-DE01,sale,1100_AR,3509.57,0.0,EXTERNAL,External customer invoice,,SW-PLT-API-P,C006
2023-10,DE01,Software,SALE-2023-10-00114-DE01,sale,4000_EXTERNAL_REVENUE,0.0,3509.57,EXTERNAL,External customer invoice,,SW-PLT-API-P,C006
2023-10,DE01,Software,SERV-2023-10-00114-DE01,service_cost,5050_SERVICE_DELIVERY,680.23,0.0,EXTERNAL,Direct service delivery,,SW-PLT-API-P,C006
2023-10,DE01,Software,SERV-2023-10-00114-DE01,service_cost,2100_AP,0.0,680.23,EXTERNAL,Direct service delivery accrual,,SW-PLT-API-P,C006
2023-10,DE01,Software,FIX-2023-10-00114-DE01,fixed_production,5400_FIXED_PRODUCTION,157.93,0.0,EXTERNAL,Fixed delivery capacity cost,,SW-PLT-API-P,C006
2023-10,DE01,Software,FIX-2023-10-00114-DE01,fixed_production,2100_AP,0.0,157.93,EXTERNAL,Fixed delivery capacity accrual,,SW-PLT-API-P,C006
2023-10,DE01,Software,VARSELL-2023-10-00114-DE01,variable_selling,5300_VARIABLE_SELLING,122.83,0.0,EXTERNAL,Variable selling and logistics,,SW-PLT-API-P,C006
2023-10,DE01,Software,VARSELL-2023-10-00114-DE01,variable_selling,2100_AP,0.0,122.83,EXTERNAL,Variable selling accrual,,SW-PLT-API-P,C006
2023-10,DE01,Software,OPEX-2023-10-00114-DE01,opex,6000_OPEX,193.03,0.0,EXTERNAL,Non-people operating expenses,,SW-PLT-API-P,C006
2023-10,DE01,Software,OPEX-2023-10-00114-DE01,opex,2100_AP,0.0,193.03,EXTERNAL,Non-people operating expense accrual,,SW-PLT-API-P,C006
2023-10,DE01,Software,SALE-2023-10-00115-DE01,sale,1100_AR,3983.02,0.0,EXTERNAL,External customer invoice,,SW-SEC-IAM-E,C006
2023-10,DE01,Software,SALE-2023-10-00115-DE01,sale,4000_EXTERNAL_REVENUE,0.0,3983.02,EXTERNAL,External customer invoice,,SW-SEC-IAM-E,C006
2023-10,DE01,Software,SERV-2023-10-00115-DE01,service_cost,5050_SERVICE_DELIVERY,584.83,0.0,EXTERNAL,Direct service delivery,,SW-SEC-IAM-E,C006
2023-10,DE01,Software,SERV-2023-10-00115-DE01,service_cost,2100_AP,0.0,584.83,EXTERNAL,Direct service delivery accrual,,SW-SEC-IAM-E,C006
2023-10,DE01,Software,FIX-2023-10-00115-DE01,fixed_production,5400_FIXED_PRODUCTION,170.27,0.0,EXTERNAL,Fixed delivery capacity cost,,SW-SEC-IAM-E,C006
2023-10,DE01,Software,FIX-2023-10-00115-DE01,fixed_production,2100_AP,0.0,170.27,EXTERNAL,Fixed delivery capacity accrual,,SW-SEC-IAM-E,C006
2023-10,DE01,Software,VARSELL-2023-10-00115-DE01,variable_selling,5300_VARIABLE_SELLING,150.56,0.0,EXTERNAL,Variable selling and logistics,,SW-SEC-IAM-E,C006
2023-10,DE01,Software,VARSELL-2023-10-00115-DE01,variable_selling,2100_AP,0.0,150.56,EXTERNAL,Variable selling accrual,,SW-SEC-IAM-E,C006
2023-10,DE01,Software,OPEX-2023-10-00115-DE01,opex,6000_OPEX,219.07,0.0,EXTERNAL,Non-people operating expenses,,SW-SEC-IAM-E,C006
2023-10,DE01,Software,OPEX-2023-10-00115-DE01,opex,2100_AP,0.0,219.07,EXTERNAL,Non-people operating expense accrual,,SW-SEC-IAM-E,C006
2023-10,DE01,Software,SALE-2023-10-00116-DE01,sale,1100_AR,3404.28,0.0,EXTERNAL,External customer invoice,,SW-SEC-IAM-P,C006
2023-10,DE01,Software,SALE-2023-10-00116-DE01,sale,4000_EXTERNAL_REVENUE,0.0,3404.28,EXTERNAL,External customer invoice,,SW-SEC-IAM-P,C006
2023-10,DE01,Software,SERV-2023-10-00116-DE01,service_cost,5050_SERVICE_DELIVERY,595.07,0.0,EXTERNAL,Direct service delivery,,SW-SEC-IAM-P,C006
2023-10,DE01,Software,SERV-2023-10-00116-DE01,service_cost,2100_AP,0.0,595.07,EXTERNAL,Direct service delivery accrual,,SW-SEC-IAM-P,C006
2023-10,DE01,Software,FIX-2023-10-00116-DE01,fixed_production,5400_FIXED_PRODUCTION,153.19,0.0,EXTERNAL,Fixed delivery capacity cost,,SW-SEC-IAM-P,C006
2023-10,DE01,Software,FIX-2023-10-00116-DE01,fixed_production,2100_AP,0.0,153.19,EXTERNAL,Fixed delivery capacity accrual,,SW-SEC-IAM-P,C006
2023-10,DE01,Software,VARSELL-2023-10-00116-DE01,variable_selling,5300_VARIABLE_SELLING,119.15,0.0,EXTERNAL,Variable selling and logistics,,SW-SEC-IAM-P,C006
2023-10,DE01,Software,VARSELL-2023-10-00116-DE01,variable_selling,2100_AP,0.0,119.15,EXTERNAL,Variable selling accrual,,SW-SEC-IAM-P,C006
2023-10,DE01,Software,OPEX-2023-10-00116-DE01,opex,6000_OPEX,187.24,0.0,EXTERNAL,Non-people operating expenses,,SW-SEC-IAM-P,C006
2023-10,DE01,Software,OPEX-2023-10-00116-DE01,opex,2100_AP,0.0,187.24,EXTERNAL,Non-people operating expense accrual,,SW-SEC-IAM-P,C006
2023-10,DE01,Software,SALE-2023-10-00117-DE01,sale,1100_AR,3649.96,0.0,EXTERNAL,External customer invoice,,SW-SEC-PAM-P,C006
2023-10,DE01,Software,SALE-2023-10-00117-DE01,sale,4000_EXTERNAL_REVENUE,0.0,3649.96,EXTERNAL,External customer invoice,,SW-SEC-PAM-P,C006
2023-10,DE01,Software,SERV-2023-10-00117-DE01,service_cost,5050_SERVICE_DELIVERY,661.15,0.0,EXTERNAL,Direct service delivery,,SW-SEC-PAM-P,C006
2023-10,DE01,Software,SERV-2023-10-00117-DE01,service_cost,2100_AP,0.0,661.15,EXTERNAL,Direct service delivery accrual,,SW-SEC-PAM-P,C006
2023-10,DE01,Software,FIX-2023-10-00117-DE01,fixed_production,5400_FIXED_PRODUCTION,164.25,0.0,EXTERNAL,Fixed delivery capacity cost,,SW-SEC-PAM-P,C006
2023-10,DE01,Software,FIX-2023-10-00117-DE01,fixed_production,2100_AP,0.0,164.25,EXTERNAL,Fixed delivery capacity accrual,,SW-SEC-PAM-P,C006
2023-10,DE01,Software,VARSELL-2023-10-00117-DE01,variable_selling,5300_VARIABLE_SELLING,127.75,0.0,EXTERNAL,Variable selling and logistics,,SW-SEC-PAM-P,C006
2023-10,DE01,Software,VARSELL-2023-10-00117-DE01,variable_selling,2100_AP,0.0,127.75,EXTERNAL,Variable selling accrual,,SW-SEC-PAM-P,C006
2023-10,DE01,Software,OPEX-2023-10-00117-DE01,opex,6000_OPEX,200.75,0.0,EXTERNAL,Non-people operating expenses,,SW-SEC-PAM-P,C006
2023-10,DE01,Software,OPEX-2023-10-00117-DE01,opex,2100_AP,0.0,200.75,EXTERNAL,Non-people operating expense accrual,,SW-SEC-PAM-P,C006
2023-10,DE01,Software,SALE-2023-10-00118-DE01,sale,1100_AR,4557.86,0.0,EXTERNAL,External customer invoice,,SW-SEC-KMS-E,C006
2023-10,DE01,Software,SALE-2023-10-00118-DE01,sale,4000_EXTERNAL_REVENUE,0.0,4557.86,EXTERNAL,External customer invoice,,SW-SEC-KMS-E,C006
2023-10,DE01,Software,SERV-2023-10-00118-DE01,service_cost,5050_SERVICE_DELIVERY,717.81,0.0,EXTERNAL,Direct service delivery,,SW-SEC-KMS-E,C006
2023-10,DE01,Software,SERV-2023-10-00118-DE01,service_cost,2100_AP,0.0,717.81,EXTERNAL,Direct service delivery accrual,,SW-SEC-KMS-E,C006
2023-10,DE01,Software,FIX-2023-10-00118-DE01,fixed_production,5400_FIXED_PRODUCTION,194.85,0.0,EXTERNAL,Fixed delivery capacity cost,,SW-SEC-KMS-E,C006
2023-10,DE01,Software,FIX-2023-10-00118-DE01,fixed_production,2100_AP,0.0,194.85,EXTERNAL,Fixed delivery capacity accrual,,SW-SEC-KMS-E,C006
2023-10,DE01,Software,VARSELL-2023-10-00118-DE01,variable_selling,5300_VARIABLE_SELLING,172.29,0.0,EXTERNAL,Variable selling and logistics,,SW-SEC-KMS-E,C006
2023-10,DE01,Software,VARSELL-2023-10-00118-DE01,variable_selling,2100_AP,0.0,172.29,EXTERNAL,Variable selling accrual,,SW-SEC-KMS-E,C006
2023-10,DE01,Software,OPEX-2023-10-00118-DE01,opex,6000_OPEX,250.68,0.0,EXTERNAL,Non-people operating expenses,,SW-SEC-KMS-E,C006
2023-10,DE01,Software,OPEX-2023-10-00118-DE01,opex,2100_AP,0.0,250.68,EXTERNAL,Non-people operating expense accrual,,SW-SEC-KMS-E,C006
2023-10,DE01,Software,SALE-2023-10-00119-DE01,sale,1100_AR,3895.61,0.0,EXTERNAL,External customer invoice,,SW-SEC-KMS-P,C006
2023-10,DE01,Software,SALE-2023-10-00119-DE01,sale,4000_EXTERNAL_REVENUE,0.0,3895.61,EXTERNAL,External customer invoice,,SW-SEC-KMS-P,C006
2023-10,DE01,Software,SERV-2023-10-00119-DE01,service_cost,5050_SERVICE_DELIVERY,730.35,0.0,EXTERNAL,Direct service delivery,,SW-SEC-KMS-P,C006
2023-10,DE01,Software,SERV-2023-10-00119-DE01,service_cost,2100_AP,0.0,730.35,EXTERNAL,Direct service delivery accrual,,SW-SEC-KMS-P,C006
2023-10,DE01,Software,FIX-2023-10-00119-DE01,fixed_production,5400_FIXED_PRODUCTION,175.3,0.0,EXTERNAL,Fixed delivery capacity cost,,SW-SEC-KMS-P,C006
2023-10,DE01,Software,FIX-2023-10-00119-DE01,fixed_production,2100_AP,0.0,175.3,EXTERNAL,Fixed delivery capacity accrual,,SW-SEC-KMS-P,C006
2023-10,DE01,Software,VARSELL-2023-10-00119-DE01,variable_selling,5300_VARIABLE_SELLING,136.35,0.0,EXTERNAL,Variable selling and logistics,,SW-SEC-KMS-P,C006
2023-10,DE01,Software,VARSELL-2023-10-00119-DE01,variable_selling,2100_AP,0.0,136.35,EXTERNAL,Variable selling accrual,,SW-SEC-KMS-P,C006
2023-10,DE01,Software,OPEX-2023-10-00119-DE01,opex,6000_OPEX,214.26,0.0,EXTERNAL,Non-people operating expenses,,SW-SEC-KMS-P,C006
2023-10,DE01,Software,OPEX-2023-10-00119-DE01,opex,2100_AP,0.0,214.26,EXTERNAL,Non-people operating expense accrual,,SW-SEC-KMS-P,C006
2023-10,DE01,Software,SALE-2023-10-00120-DE01,sale,1100_AR,3544.21,0.0,EXTERNAL,External customer invoice,,SW-ANL-BI-E,C006
2023-10,DE01,Software,SALE-2023-10-00120-DE01,sale,4000_EXTERNAL_REVENUE,0.0,3544.21,EXTERNAL,External customer invoice,,SW-ANL-BI-E,C006
2023-10,DE01,Software,SERV-2023-10-00120-DE01,service_cost,5050_SERVICE_DELIVERY,520.4,0.0,EXTERNAL,Direct service delivery,,SW-ANL-BI-E,C006
2023-10,DE01,Software,SERV-2023-10-00120-DE01,service_cost,2100_AP,0.0,520.4,EXTERNAL,Direct service delivery accrual,,SW-ANL-BI-E,C006
2023-10,DE01,Software,FIX-2023-10-00120-DE01,fixed_production,5400_FIXED_PRODUCTION,151.52,0.0,EXTERNAL,Fixed delivery capacity cost,,SW-ANL-BI-E,C006
2023-10,DE01,Software,FIX-2023-10-00120-DE01,fixed_production,2100_AP,0.0,151.52,EXTERNAL,Fixed delivery capacity accrual,,SW-ANL-BI-E,C006
2023-10,DE01,Software,VARSELL-2023-10-00120-DE01,variable_selling,5300_VARIABLE_SELLING,133.97,0.0,EXTERNAL,Variable selling and logistics,,SW-ANL-BI-E,C006
2023-10,DE01,Software,VARSELL-2023-10-00120-DE01,variable_selling,2100_AP,0.0,133.97,EXTERNAL,Variable selling accrual,,SW-ANL-BI-E,C006
2023-10,DE01,Software,OPEX-2023-10-00120-DE01,opex,6000_OPEX,194.93,0.0,EXTERNAL,Non-people operating expenses,,SW-ANL-BI-E,C006
2023-10,DE01,Software,OPEX-2023-10-00120-DE01,opex,2100_AP,0.0,194.93,EXTERNAL,Non-people operating expense accrual,,SW-ANL-BI-E,C006
2023-10,DE01,Software,SALE-2023-10-00121-DE01,sale,1100_AR,4543.85,0.0,EXTERNAL,External customer invoice,,SW-ANL-BI-P,C006
2023-10,DE01,Software,SALE-2023-10-00121-DE01,sale,4000_EXTERNAL_REVENUE,0.0,4543.85,EXTERNAL,External customer invoice,,SW-ANL-BI-P,C006
2023-10,DE01,Software,SERV-2023-10-00121-DE01,service_cost,5050_SERVICE_DELIVERY,794.28,0.0,EXTERNAL,Direct service delivery,,SW-ANL-BI-P,C006
2023-10,DE01,Software,SERV-2023-10-00121-DE01,service_cost,2100_AP,0.0,794.28,EXTERNAL,Direct service delivery accrual,,SW-ANL-BI-P,C006
2023-10,DE01,Software,FIX-2023-10-00121-DE01,fixed_production,5400_FIXED_PRODUCTION,204.47,0.0,EXTERNAL,Fixed delivery capacity cost,,SW-ANL-BI-P,C006
2023-10,DE01,Software,FIX-2023-10-00121-DE01,fixed_production,2100_AP,0.0,204.47,EXTERNAL,Fixed delivery capacity accrual,,SW-ANL-BI-P,C006
2023-10,DE01,Software,VARSELL-2023-10-00121-DE01,variable_selling,5300_VARIABLE_SELLING,159.03,0.0,EXTERNAL,Variable selling and logistics,,SW-ANL-BI-P,C006
2023-10,DE01,Software,VARSELL-2023-10-00121-DE01,variable_selling,2100_AP,0.0,159.03,EXTERNAL,Variable selling accrual,,SW-ANL-BI-P,C006
2023-10,DE01,Software,OPEX-2023-10-00121-DE01,opex,6000_OPEX,249.91,0.0,EXTERNAL,Non-people operating expenses,,SW-ANL-BI-P,C006
2023-10,DE01,Software,OPEX-2023-10-00121-DE01,opex,2100_AP,0.0,249.91,EXTERNAL,Non-people operating expense accrual,,SW-ANL-BI-P,C006
2023-10,DE01,Software,SALE-2023-10-00122-DE01,sale,1100_AR,3247.84,0.0,EXTERNAL,External customer invoice,,SW-ANL-FIN-P,C006
2023-10,DE01,Software,SALE-2023-10-00122-DE01,sale,4000_EXTERNAL_REVENUE,0.0,3247.84,EXTERNAL,External customer invoice,,SW-ANL-FIN-P,C006
2023-10,DE01,Software,SERV-2023-10-00122-DE01,service_cost,5050_SERVICE_DELIVERY,588.32,0.0,EXTERNAL,Direct service delivery,,SW-ANL-FIN-P,C006
2023-10,DE01,Software,SERV-2023-10-00122-DE01,service_cost,2100_AP,0.0,588.32,EXTERNAL,Direct service delivery accrual,,SW-ANL-FIN-P,C006
2023-10,DE01,Software,FIX-2023-10-00122-DE01,fixed_production,5400_FIXED_PRODUCTION,146.15,0.0,EXTERNAL,Fixed delivery capacity cost,,SW-ANL-FIN-P,C006
2023-10,DE01,Software,FIX-2023-10-00122-DE01,fixed_production,2100_AP,0.0,146.15,EXTERNAL,Fixed delivery capacity accrual,,SW-ANL-FIN-P,C006
2023-10,DE01,Software,VARSELL-2023-10-00122-DE01,variable_selling,5300_VARIABLE_SELLING,113.67,0.0,EXTERNAL,Variable selling and logistics,,SW-ANL-FIN-P,C006
2023-10,DE01,Software,VARSELL-2023-10-00122-DE01,variable_selling,2100_AP,0.0,113.67,EXTERNAL,Variable selling accrual,,SW-ANL-FIN-P,C006
2023-10,DE01,Software,OPEX-2023-10-00122-DE01,opex,6000_OPEX,178.63,0.0,EXTERNAL,Non-people operating expenses,,SW-ANL-FIN-P,C006
2023-10,DE01,Software,OPEX-2023-10-00122-DE01,opex,2100_AP,0.0,178.63,EXTERNAL,Non-people operating expense accrual,,SW-ANL-FIN-P,C006
2023-10,DE01,Software,SALE-2023-10-00123-DE01,sale,1100_AR,3685.04,0.0,EXTERNAL,External customer invoice,,SW-ANL-OPS-P,C006
2023-10,DE01,Software,SALE-2023-10-00123-DE01,sale,4000_EXTERNAL_REVENUE,0.0,3685.04,EXTERNAL,External customer invoice,,SW-ANL-OPS-P,C006
2023-10,DE01,Software,SERV-2023-10-00123-DE01,service_cost,5050_SERVICE_DELIVERY,714.23,0.0,EXTERNAL,Direct service delivery,,SW-ANL-OPS-P,C006
2023-10,DE01,Software,SERV-2023-10-00123-DE01,service_cost,2100_AP,0.0,714.23,EXTERNAL,Direct service delivery accrual,,SW-ANL-OPS-P,C006
2023-10,DE01,Software,FIX-2023-10-00123-DE01,fixed_production,5400_FIXED_PRODUCTION,165.83,0.0,EXTERNAL,Fixed delivery capacity cost,,SW-ANL-OPS-P,C006
2023-10,DE01,Software,FIX-2023-10-00123-DE01,fixed_production,2100_AP,0.0,165.83,EXTERNAL,Fixed delivery capacity accrual,,SW-ANL-OPS-P,C006
2023-10,DE01,Software,VARSELL-2023-10-00123-DE01,variable_selling,5300_VARIABLE_SELLING,128.98,0.0,EXTERNAL,Variable selling and logistics,,SW-ANL-OPS-P,C006
2023-10,DE01,Software,VARSELL-2023-10-00123-DE01,variable_selling,2100_AP,0.0,128.98,EXTERNAL,Variable selling accrual,,SW-ANL-OPS-P,C006
2023-10,DE01,Software,OPEX-2023-10-00123-DE01,opex,6000_OPEX,202.68,0.0,EXTERNAL,Non-people operating expenses,,SW-ANL-OPS-P,C006
2023-10,DE01,Software,OPEX-2023-10-00123-DE01,opex,2100_AP,0.0,202.68,EXTERNAL,Non-people operating expense accrual,,SW-ANL-OPS-P,C006
2023-10,DE01,Software,SALE-2023-10-00124-DE01,sale,1100_AR,4950.61,0.0,EXTERNAL,External customer invoice,,SW-AUT-ORC-E,C006
2023-10,DE01,Software,SALE-2023-10-00124-DE01,sale,4000_EXTERNAL_REVENUE,0.0,4950.61,EXTERNAL,External customer invoice,,SW-AUT-ORC-E,C006
2023-10,DE01,Software,SERV-2023-10-00124-DE01,service_cost,5050_SERVICE_DELIVERY,726.93,0.0,EXTERNAL,Direct service delivery,,SW-AUT-ORC-E,C006
2023-10,DE01,Software,SERV-2023-10-00124-DE01,service_cost,2100_AP,0.0,726.93,EXTERNAL,Direct service delivery accrual,,SW-AUT-ORC-E,C006
2023-10,DE01,Software,FIX-2023-10-00124-DE01,fixed_production,5400_FIXED_PRODUCTION,211.64,0.0,EXTERNAL,Fixed delivery capacity cost,,SW-AUT-ORC-E,C006
2023-10,DE01,Software,FIX-2023-10-00124-DE01,fixed_production,2100_AP,0.0,211.64,EXTERNAL,Fixed delivery capacity accrual,,SW-AUT-ORC-E,C006
2023-10,DE01,Software,VARSELL-2023-10-00124-DE01,variable_selling,5300_VARIABLE_SELLING,187.13,0.0,EXTERNAL,Variable selling and logistics,,SW-AUT-ORC-E,C006
2023-10,DE01,Software,VARSELL-2023-10-00124-DE01,variable_selling,2100_AP,0.0,187.13,EXTERNAL,Variable selling accrual,,SW-AUT-ORC-E,C006
2023-10,DE01,Software,OPEX-2023-10-00124-DE01,opex,6000_OPEX,272.28,0.0,EXTERNAL,Non-people operating expenses,,SW-AUT-ORC-E,C006
2023-10,DE01,Software,OPEX-2023-10-00124-DE01,opex,2100_AP,0.0,272.28,EXTERNAL,Non-people operating expense accrual,,SW-AUT-ORC-E,C006
2023-10,DE01,Software,SALE-2023-10-00125-DE01,sale,1100_AR,3173.48,0.0,EXTERNAL,External customer invoice,,SW-AUT-ORC-P,C006
2023-10,DE01,Software,SALE-2023-10-00125-DE01,sale,4000_EXTERNAL_REVENUE,0.0,3173.48,EXTERNAL,External customer invoice,,SW-AUT-ORC-P,C006
2023-10,DE01,Software,SERV-2023-10-00125-DE01,service_cost,5050_SERVICE_DELIVERY,554.73,0.0,EXTERNAL,Direct service delivery,,SW-AUT-ORC-P,C006
2023-10,DE01,Software,SERV-2023-10-00125-DE01,service_cost,2100_AP,0.0,554.73,EXTERNAL,Direct service delivery accrual,,SW-AUT-ORC-P,C006
2023-10,DE01,Software,FIX-2023-10-00125-DE01,fixed_production,5400_FIXED_PRODUCTION,142.81,0.0,EXTERNAL,Fixed delivery capacity cost,,SW-AUT-ORC-P,C006
2023-10,DE01,Software,FIX-2023-10-00125-DE01,fixed_production,2100_AP,0.0,142.81,EXTERNAL,Fixed delivery capacity accrual,,SW-AUT-ORC-P,C006
2023-10,DE01,Software,VARSELL-2023-10-00125-DE01,variable_selling,5300_VARIABLE_SELLING,111.07,0.0,EXTERNAL,Variable selling and logistics,,SW-AUT-ORC-P,C006
2023-10,DE01,Software,VARSELL-2023-10-00125-DE01,variable_selling,2100_AP,0.0,111.07,EXTERNAL,Variable selling accrual,,SW-AUT-ORC-P,C006
2023-10,DE01,Software,OPEX-2023-10-00125-DE01,opex,6000_OPEX,174.54,0.0,EXTERNAL,Non-people operating expenses,,SW-AUT-ORC-P,C006
2023-10,DE01,Software,OPEX-2023-10-00125-DE01,opex,2100_AP,0.0,174.54,EXTERNAL,Non-people operating expense accrual,,SW-AUT-ORC-P,C006
2023-10,DE01,Software,SALE-2023-10-00126-DE01,sale,1100_AR,3402.49,0.0,EXTERNAL,External customer invoice,,SW-AUT-RPA-P,C006
2023-10,DE01,Software,SALE-2023-10-00126-DE01,sale,4000_EXTERNAL_REVENUE,0.0,3402.49,EXTERNAL,External customer invoice,,SW-AUT-RPA-P,C006
2023-10,DE01,Software,SERV-2023-10-00126-DE01,service_cost,5050_SERVICE_DELIVERY,616.33,0.0,EXTERNAL,Direct service delivery,,SW-AUT-RPA-P,C006
2023-10,DE01,Software,SERV-2023-10-00126-DE01,service_cost,2100_AP,0.0,616.33,EXTERNAL,Direct service delivery accrual,,SW-AUT-RPA-P,C006
2023-10,DE01,Software,FIX-2023-10-00126-DE01,fixed_production,5400_FIXED_PRODUCTION,153.11,0.0,EXTERNAL,Fixed delivery capacity cost,,SW-AUT-RPA-P,C006
2023-10,DE01,Software,FIX-2023-10-00126-DE01,fixed_production,2100_AP,0.0,153.11,EXTERNAL,Fixed delivery capacity accrual,,SW-AUT-RPA-P,C006
2023-10,DE01,Software,VARSELL-2023-10-00126-DE01,variable_selling,5300_VARIABLE_SELLING,119.09,0.0,EXTERNAL,Variable selling and logistics,,SW-AUT-RPA-P,C006
2023-10,DE01,Software,VARSELL-2023-10-00126-DE01,variable_selling,2100_AP,0.0,119.09,EXTERNAL,Variable selling accrual,,SW-AUT-RPA-P,C006
2023-10,DE01,Software,OPEX-2023-10-00126-DE01,opex,6000_OPEX,187.14,0.0,EXTERNAL,Non-people operating expenses,,SW-AUT-RPA-P,C006
2023-10,DE01,Software,OPEX-2023-10-00126-DE01,opex,2100_AP,0.0,187.14,EXTERNAL,Non-people operating expense accrual,,SW-AUT-RPA-P,C006
2023-10,DE01,Software,SALE-2023-10-00127-DE01,sale,1100_AR,4248.86,0.0,EXTERNAL,External customer invoice,,SW-AUT-INT-E,C006
2023-10,DE01,Software,SALE-2023-10-00127-DE01,sale,4000_EXTERNAL_REVENUE,0.0,4248.86,EXTERNAL,External customer invoice,,SW-AUT-INT-E,C006
2023-10,DE01,Software,SERV-2023-10-00127-DE01,service_cost,5050_SERVICE_DELIVERY,669.11,0.0,EXTERNAL,Direct service delivery,,SW-AUT-INT-E,C006
2023-10,DE01,Software,SERV-2023-10-00127-DE01,service_cost,2100_AP,0.0,669.11,EXTERNAL,Direct service delivery accrual,,SW-AUT-INT-E,C006
2023-10,DE01,Software,FIX-2023-10-00127-DE01,fixed_production,5400_FIXED_PRODUCTION,181.64,0.0,EXTERNAL,Fixed delivery capacity cost,,SW-AUT-INT-E,C006
2023-10,DE01,Software,FIX-2023-10-00127-DE01,fixed_production,2100_AP,0.0,181.64,EXTERNAL,Fixed delivery capacity accrual,,SW-AUT-INT-E,C006
2023-10,DE01,Software,VARSELL-2023-10-00127-DE01,variable_selling,5300_VARIABLE_SELLING,160.61,0.0,EXTERNAL,Variable selling and logistics,,SW-AUT-INT-E,C006
2023-10,DE01,Software,VARSELL-2023-10-00127-DE01,variable_selling,2100_AP,0.0,160.61,EXTERNAL,Variable selling accrual,,SW-AUT-INT-E,C006
2023-10,DE01,Software,OPEX-2023-10-00127-DE01,opex,6000_OPEX,233.69,0.0,EXTERNAL,Non-people operating expenses,,SW-AUT-INT-E,C006
2023-10,DE01,Software,OPEX-2023-10-00127-DE01,opex,2100_AP,0.0,233.69,EXTERNAL,Non-people operating expense accrual,,SW-AUT-INT-E,C006
2023-10,DE01,Software,SALE-2023-10-00128-DE01,sale,1100_AR,3860.52,0.0,EXTERNAL,External customer invoice,,SW-AUT-MON-P,C006
2023-10,DE01,Software,SALE-2023-10-00128-DE01,sale,4000_EXTERNAL_REVENUE,0.0,3860.52,EXTERNAL,External customer invoice,,SW-AUT-MON-P,C006
2023-10,DE01,Software,SERV-2023-10-00128-DE01,service_cost,5050_SERVICE_DELIVERY,748.26,0.0,EXTERNAL,Direct service delivery,,SW-AUT-MON-P,C006
2023-10,DE01,Software,SERV-2023-10-00128-DE01,service_cost,2100_AP,0.0,748.26,EXTERNAL,Direct service delivery accrual,,SW-AUT-MON-P,C006
2023-10,DE01,Software,FIX-2023-10-00128-DE01,fixed_production,5400_FIXED_PRODUCTION,173.72,0.0,EXTERNAL,Fixed delivery capacity cost,,SW-AUT-MON-P,C006
2023-10,DE01,Software,FIX-2023-10-00128-DE01,fixed_production,2100_AP,0.0,173.72,EXTERNAL,Fixed delivery capacity accrual,,SW-AUT-MON-P,C006
2023-10,DE01,Software,VARSELL-2023-10-00128-DE01,variable_selling,5300_VARIABLE_SELLING,135.12,0.0,EXTERNAL,Variable selling and logistics,,SW-AUT-MON-P,C006
2023-10,DE01,Software,VARSELL-2023-10-00128-DE01,variable_selling,2100_AP,0.0,135.12,EXTERNAL,Variable selling accrual,,SW-AUT-MON-P,C006
2023-10,DE01,Software,OPEX-2023-10-00128-DE01,opex,6000_OPEX,212.33,0.0,EXTERNAL,Non-people operating expenses,,SW-AUT-MON-P,C006
2023-10,DE01,Software,OPEX-2023-10-00128-DE01,opex,2100_AP,0.0,212.33,EXTERNAL,Non-people operating expense accrual,,SW-AUT-MON-P,C006
2023-10,DE01,Software,SALE-2023-10-00129-DE01,sale,1100_AR,2856.79,0.0,EXTERNAL,External customer invoice,,SW-AUT-MON-X,C006
2023-10,DE01,Software,SALE-2023-10-00129-DE01,sale,4000_EXTERNAL_REVENUE,0.0,2856.79,EXTERNAL,External customer invoice,,SW-AUT-MON-X,C006
2023-10,DE01,Software,SERV-2023-10-00129-DE01,service_cost,5050_SERVICE_DELIVERY,675.52,0.0,EXTERNAL,Direct service delivery,,SW-AUT-MON-X,C006
2023-10,DE01,Software,SERV-2023-10-00129-DE01,service_cost,2100_AP,0.0,675.52,EXTERNAL,Direct service delivery accrual,,SW-AUT-MON-X,C006
2023-10,DE01,Software,FIX-2023-10-00129-DE01,fixed_production,5400_FIXED_PRODUCTION,141.41,0.0,EXTERNAL,Fixed delivery capacity cost,,SW-AUT-MON-X,C006
2023-10,DE01,Software,FIX-2023-10-00129-DE01,fixed_production,2100_AP,0.0,141.41,EXTERNAL,Fixed delivery capacity accrual,,SW-AUT-MON-X,C006
2023-10,DE01,Software,VARSELL-2023-10-00129-DE01,variable_selling,5300_VARIABLE_SELLING,91.99,0.0,EXTERNAL,Variable selling and logistics,,SW-AUT-MON-X,C006
2023-10,DE01,Software,VARSELL-2023-10-00129-DE01,variable_selling,2100_AP,0.0,91.99,EXTERNAL,Variable selling accrual,,SW-AUT-MON-X,C006
2023-10,DE01,Software,OPEX-2023-10-00129-DE01,opex,6000_OPEX,157.12,0.0,EXTERNAL,Non-people operating expenses,,SW-AUT-MON-X,C006
2023-10,DE01,Software,OPEX-2023-10-00129-DE01,opex,2100_AP,0.0,157.12,EXTERNAL,Non-people operating expense accrual,,SW-AUT-MON-X,C006
2023-10,DE01,Software,SALE-2023-10-00130-DE01,sale,1100_AR,3375.43,0.0,EXTERNAL,External customer invoice,,SW-PLT-CORE-E,C007
2023-10,DE01,Software,SALE-2023-10-00130-DE01,sale,4000_EXTERNAL_REVENUE,0.0,3375.43,EXTERNAL,External customer invoice,,SW-PLT-CORE-E,C007
2023-10,DE01,Software,SERV-2023-10-00130-DE01,service_cost,5050_SERVICE_DELIVERY,495.64,0.0,EXTERNAL,Direct service delivery,,SW-PLT-CORE-E,C007
2023-10,DE01,Software,SERV-2023-10-00130-DE01,service_cost,2100_AP,0.0,495.64,EXTERNAL,Direct service delivery accrual,,SW-PLT-CORE-E,C007
2023-10,DE01,Software,FIX-2023-10-00130-DE01,fixed_production,5400_FIXED_PRODUCTION,144.3,0.0,EXTERNAL,Fixed delivery capacity cost,,SW-PLT-CORE-E,C007
2023-10,DE01,Software,FIX-2023-10-00130-DE01,fixed_production,2100_AP,0.0,144.3,EXTERNAL,Fixed delivery capacity accrual,,SW-PLT-CORE-E,C007
2023-10,DE01,Software,VARSELL-2023-10-00130-DE01,variable_selling,5300_VARIABLE_SELLING,127.59,0.0,EXTERNAL,Variable selling and logistics,,SW-PLT-CORE-E,C007
2023-10,DE01,Software,VARSELL-2023-10-00130-DE01,variable_selling,2100_AP,0.0,127.59,EXTERNAL,Variable selling accrual,,SW-PLT-CORE-E,C007
2023-10,DE01,Software,OPEX-2023-10-00130-DE01,opex,6000_OPEX,185.65,0.0,EXTERNAL,Non-people operating expenses,,SW-PLT-CORE-E,C007
2023-10,DE01,Software,OPEX-2023-10-00130-DE01,opex,2100_AP,0.0,185.65,EXTERNAL,Non-people operating expense accrual,,SW-PLT-CORE-E,C007
2023-10,DE01,Software,SALE-2023-10-00131-DE01,sale,1100_AR,2884.98,0.0,EXTERNAL,External customer invoice,,SW-PLT-CORE-P,C007
2023-10,DE01,Software,SALE-2023-10-00131-DE01,sale,4000_EXTERNAL_REVENUE,0.0,2884.98,EXTERNAL,External customer invoice,,SW-PLT-CORE-P,C007
2023-10,DE01,Software,SERV-2023-10-00131-DE01,service_cost,5050_SERVICE_DELIVERY,504.3,0.0,EXTERNAL,Direct service delivery,,SW-PLT-CORE-P,C007
2023-10,DE01,Software,SERV-2023-10-00131-DE01,service_cost,2100_AP,0.0,504.3,EXTERNAL,Direct service delivery accrual,,SW-PLT-CORE-P,C007
2023-10,DE01,Software,FIX-2023-10-00131-DE01,fixed_production,5400_FIXED_PRODUCTION,129.82,0.0,EXTERNAL,Fixed delivery capacity cost,,SW-PLT-CORE-P,C007
2023-10,DE01,Software,FIX-2023-10-00131-DE01,fixed_production,2100_AP,0.0,129.82,EXTERNAL,Fixed delivery capacity accrual,,SW-PLT-CORE-P,C007
2023-10,DE01,Software,VARSELL-2023-10-00131-DE01,variable_selling,5300_VARIABLE_SELLING,100.97,0.0,EXTERNAL,Variable selling and logistics,,SW-PLT-CORE-P,C007
2023-10,DE01,Software,VARSELL-2023-10-00131-DE01,variable_selling,2100_AP,0.0,100.97,EXTERNAL,Variable selling accrual,,SW-PLT-CORE-P,C007
2023-10,DE01,Software,OPEX-2023-10-00131-DE01,opex,6000_OPEX,158.67,0.0,EXTERNAL,Non-people operating expenses,,SW-PLT-CORE-P,C007
2023-10,DE01,Software,OPEX-2023-10-00131-DE01,opex,2100_AP,0.0,158.67,EXTERNAL,Non-people operating expense accrual,,SW-PLT-CORE-P,C007
2023-10,DE01,Software,SALE-2023-10-00132-DE01,sale,1100_AR,3093.18,0.0,EXTERNAL,External customer invoice,,SW-PLT-WF-P,C007
2023-10,DE01,Software,SALE-2023-10-00132-DE01,sale,4000_EXTERNAL_REVENUE,0.0,3093.18,EXTERNAL,External customer invoice,,SW-PLT-WF-P,C007
2023-10,DE01,Software,SERV-2023-10-00132-DE01,service_cost,5050_SERVICE_DELIVERY,560.29,0.0,EXTERNAL,Direct service delivery,,SW-PLT-WF-P,C007
2023-10,DE01,Software,SERV-2023-10-00132-DE01,service_cost,2100_AP,0.0,560.29,EXTERNAL,Direct service delivery accrual,,SW-PLT-WF-P,C007
2023-10,DE01,Software,FIX-2023-10-00132-DE01,fixed_production,5400_FIXED_PRODUCTION,139.19,0.0,EXTERNAL,Fixed delivery capacity cost,,SW-PLT-WF-P,C007
2023-10,DE01,Software,FIX-2023-10-00132-DE01,fixed_production,2100_AP,0.0,139.19,EXTERNAL,Fixed delivery capacity accrual,,SW-PLT-WF-P,C007
2023-10,DE01,Software,VARSELL-2023-10-00132-DE01,variable_selling,5300_VARIABLE_SELLING,108.26,0.0,EXTERNAL,Variable selling and logistics,,SW-PLT-WF-P,C007
2023-10,DE01,Software,VARSELL-2023-10-00132-DE01,variable_selling,2100_AP,0.0,108.26,EXTERNAL,Variable selling accrual,,SW-PLT-WF-P,C007
2023-10,DE01,Software,OPEX-2023-10-00132-DE01,opex,6000_OPEX,170.12,0.0,EXTERNAL,Non-people operating expenses,,SW-PLT-WF-P,C007
2023-10,DE01,Software,OPEX-2023-10-00132-DE01,opex,2100_AP,0.0,170.12,EXTERNAL,Non-people operating expense accrual,,SW-PLT-WF-P,C007
2023-10,DE01,Software,SALE-2023-10-00133-DE01,sale,1100_AR,3862.59,0.0,EXTERNAL,External customer invoice,,SW-PLT-EDGE-E,C007
2023-10,DE01,Software,SALE-2023-10-00133-DE01,sale,4000_EXTERNAL_REVENUE,0.0,3862.59,EXTERNAL,External customer invoice,,SW-PLT-EDGE-E,C007
2023-10,DE01,Software,SERV-2023-10-00133-DE01,service_cost,5050_SERVICE_DELIVERY,608.31,0.0,EXTERNAL,Direct service delivery,,SW-PLT-EDGE-E,C007
2023-10,DE01,Software,SERV-2023-10-00133-DE01,service_cost,2100_AP,0.0,608.31,EXTERNAL,Direct service delivery accrual,,SW-PLT-EDGE-E,C007
2023-10,DE01,Software,FIX-2023-10-00133-DE01,fixed_production,5400_FIXED_PRODUCTION,165.13,0.0,EXTERNAL,Fixed delivery capacity cost,,SW-PLT-EDGE-E,C007
2023-10,DE01,Software,FIX-2023-10-00133-DE01,fixed_production,2100_AP,0.0,165.13,EXTERNAL,Fixed delivery capacity accrual,,SW-PLT-EDGE-E,C007
2023-10,DE01,Software,VARSELL-2023-10-00133-DE01,variable_selling,5300_VARIABLE_SELLING,146.01,0.0,EXTERNAL,Variable selling and logistics,,SW-PLT-EDGE-E,C007
2023-10,DE01,Software,VARSELL-2023-10-00133-DE01,variable_selling,2100_AP,0.0,146.01,EXTERNAL,Variable selling accrual,,SW-PLT-EDGE-E,C007
2023-10,DE01,Software,OPEX-2023-10-00133-DE01,opex,6000_OPEX,212.44,0.0,EXTERNAL,Non-people operating expenses,,SW-PLT-EDGE-E,C007
2023-10,DE01,Software,OPEX-2023-10-00133-DE01,opex,2100_AP,0.0,212.44,EXTERNAL,Non-people operating expense accrual,,SW-PLT-EDGE-E,C007
2023-10,DE01,Software,SALE-2023-10-00134-DE01,sale,1100_AR,3301.37,0.0,EXTERNAL,External customer invoice,,SW-PLT-EDGE-P,C007
2023-10,DE01,Software,SALE-2023-10-00134-DE01,sale,4000_EXTERNAL_REVENUE,0.0,3301.37,EXTERNAL,External customer invoice,,SW-PLT-EDGE-P,C007
2023-10,DE01,Software,SERV-2023-10-00134-DE01,service_cost,5050_SERVICE_DELIVERY,618.94,0.0,EXTERNAL,Direct service delivery,,SW-PLT-EDGE-P,C007
2023-10,DE01,Software,SERV-2023-10-00134-DE01,service_cost,2100_AP,0.0,618.94,EXTERNAL,Direct service delivery accrual,,SW-PLT-EDGE-P,C007
2023-10,DE01,Software,FIX-2023-10-00134-DE01,fixed_production,5400_FIXED_PRODUCTION,148.56,0.0,EXTERNAL,Fixed delivery capacity cost,,SW-PLT-EDGE-P,C007
2023-10,DE01,Software,FIX-2023-10-00134-DE01,fixed_production,2100_AP,0.0,148.56,EXTERNAL,Fixed delivery capacity accrual,,SW-PLT-EDGE-P,C007
2023-10,DE01,Software,VARSELL-2023-10-00134-DE01,variable_selling,5300_VARIABLE_SELLING,115.55,0.0,EXTERNAL,Variable selling and logistics,,SW-PLT-EDGE-P,C007
2023-10,DE01,Software,VARSELL-2023-10-00134-DE01,variable_selling,2100_AP,0.0,115.55,EXTERNAL,Variable selling accrual,,SW-PLT-EDGE-P,C007
2023-10,DE01,Software,OPEX-2023-10-00134-DE01,opex,6000_OPEX,181.58,0.0,EXTERNAL,Non-people operating expenses,,SW-PLT-EDGE-P,C007
2023-10,DE01,Software,OPEX-2023-10-00134-DE01,opex,2100_AP,0.0,181.58,EXTERNAL,Non-people operating expense accrual,,SW-PLT-EDGE-P,C007
2023-10,DE01,Software,SALE-2023-10-00135-DE01,sale,1100_AR,4106.19,0.0,EXTERNAL,External customer invoice,,SW-PLT-API-E,C007
2023-10,DE01,Software,SALE-2023-10-00135-DE01,sale,4000_EXTERNAL_REVENUE,0.0,4106.19,EXTERNAL,External customer invoice,,SW-PLT-API-E,C007
2023-10,DE01,Software,SERV-2023-10-00135-DE01,service_cost,5050_SERVICE_DELIVERY,1487.61,0.0,EXTERNAL,Direct service delivery,,SW-PLT-API-E,C007
2023-10,DE01,Software,SERV-2023-10-00135-DE01,service_cost,2100_AP,0.0,1487.61,EXTERNAL,Direct service delivery accrual,,SW-PLT-API-E,C007
2023-10,DE01,Software,FIX-2023-10-00135-DE01,fixed_production,5400_FIXED_PRODUCTION,175.54,0.0,EXTERNAL,Fixed delivery capacity cost,,SW-PLT-API-E,C007
2023-10,DE01,Software,FIX-2023-10-00135-DE01,fixed_production,2100_AP,0.0,175.54,EXTERNAL,Fixed delivery capacity accrual,,SW-PLT-API-E,C007
2023-10,DE01,Software,VARSELL-2023-10-00135-DE01,variable_selling,5300_VARIABLE_SELLING,155.21,0.0,EXTERNAL,Variable selling and logistics,,SW-PLT-API-E,C007
2023-10,DE01,Software,VARSELL-2023-10-00135-DE01,variable_selling,2100_AP,0.0,155.21,EXTERNAL,Variable selling accrual,,SW-PLT-API-E,C007
2023-10,DE01,Software,OPEX-2023-10-00135-DE01,opex,6000_OPEX,225.84,0.0,EXTERNAL,Non-people operating expenses,,SW-PLT-API-E,C007
2023-10,DE01,Software,OPEX-2023-10-00135-DE01,opex,2100_AP,0.0,225.84,EXTERNAL,Non-people operating expense accrual,,SW-PLT-API-E,C007
2023-10,DE01,Software,SALE-2023-10-00136-DE01,sale,1100_AR,3983.02,0.0,EXTERNAL,External customer invoice,,SW-SEC-IAM-E,C007
2023-10,DE01,Software,SALE-2023-10-00136-DE01,sale,4000_EXTERNAL_REVENUE,0.0,3983.02,EXTERNAL,External customer invoice,,SW-SEC-IAM-E,C007
2023-10,DE01,Software,SERV-2023-10-00136-DE01,service_cost,5050_SERVICE_DELIVERY,584.83,0.0,EXTERNAL,Direct service delivery,,SW-SEC-IAM-E,C007
2023-10,DE01,Software,SERV-2023-10-00136-DE01,service_cost,2100_AP,0.0,584.83,EXTERNAL,Direct service delivery accrual,,SW-SEC-IAM-E,C007
2023-10,DE01,Software,FIX-2023-10-00136-DE01,fixed_production,5400_FIXED_PRODUCTION,170.27,0.0,EXTERNAL,Fixed delivery capacity cost,,SW-SEC-IAM-E,C007
2023-10,DE01,Software,FIX-2023-10-00136-DE01,fixed_production,2100_AP,0.0,170.27,EXTERNAL,Fixed delivery capacity accrual,,SW-SEC-IAM-E,C007
2023-10,DE01,Software,VARSELL-2023-10-00136-DE01,variable_selling,5300_VARIABLE_SELLING,150.56,0.0,EXTERNAL,Variable selling and logistics,,SW-SEC-IAM-E,C007
2023-10,DE01,Software,VARSELL-2023-10-00136-DE01,variable_selling,2100_AP,0.0,150.56,EXTERNAL,Variable selling accrual,,SW-SEC-IAM-E,C007
2023-10,DE01,Software,OPEX-2023-10-00136-DE01,opex,6000_OPEX,219.07,0.0,EXTERNAL,Non-people operating expenses,,SW-SEC-IAM-E,C007
2023-10,DE01,Software,OPEX-2023-10-00136-DE01,opex,2100_AP,0.0,219.07,EXTERNAL,Non-people operating expense accrual,,SW-SEC-IAM-E,C007
2023-10,DE01,Software,SALE-2023-10-00137-DE01,sale,1100_AR,3404.28,0.0,EXTERNAL,External customer invoice,,SW-SEC-IAM-P,C007
2023-10,DE01,Software,SALE-2023-10-00137-DE01,sale,4000_EXTERNAL_REVENUE,0.0,3404.28,EXTERNAL,External customer invoice,,SW-SEC-IAM-P,C007
2023-10,DE01,Software,SERV-2023-10-00137-DE01,service_cost,5050_SERVICE_DELIVERY,595.07,0.0,EXTERNAL,Direct service delivery,,SW-SEC-IAM-P,C007
2023-10,DE01,Software,SERV-2023-10-00137-DE01,service_cost,2100_AP,0.0,595.07,EXTERNAL,Direct service delivery accrual,,SW-SEC-IAM-P,C007
2023-10,DE01,Software,FIX-2023-10-00137-DE01,fixed_production,5400_FIXED_PRODUCTION,153.19,0.0,EXTERNAL,Fixed delivery capacity cost,,SW-SEC-IAM-P,C007
2023-10,DE01,Software,FIX-2023-10-00137-DE01,fixed_production,2100_AP,0.0,153.19,EXTERNAL,Fixed delivery capacity accrual,,SW-SEC-IAM-P,C007
2023-10,DE01,Software,VARSELL-2023-10-00137-DE01,variable_selling,5300_VARIABLE_SELLING,119.15,0.0,EXTERNAL,Variable selling and logistics,,SW-SEC-IAM-P,C007
2023-10,DE01,Software,VARSELL-2023-10-00137-DE01,variable_selling,2100_AP,0.0,119.15,EXTERNAL,Variable selling accrual,,SW-SEC-IAM-P,C007
2023-10,DE01,Software,OPEX-2023-10-00137-DE01,opex,6000_OPEX,187.24,0.0,EXTERNAL,Non-people operating expenses,,SW-SEC-IAM-P,C007
2023-10,DE01,Software,OPEX-2023-10-00137-DE01,opex,2100_AP,0.0,187.24,EXTERNAL,Non-people operating expense accrual,,SW-SEC-IAM-P,C007
2023-10,DE01,Software,SALE-2023-10-00138-DE01,sale,1100_AR,2519.16,0.0,EXTERNAL,External customer invoice,,SW-SEC-IAM-X,C007
2023-10,DE01,Software,SALE-2023-10-00138-DE01,sale,4000_EXTERNAL_REVENUE,0.0,2519.16,EXTERNAL,External customer invoice,,SW-SEC-IAM-X,C007
2023-10,DE01,Software,SERV-2023-10-00138-DE01,service_cost,5050_SERVICE_DELIVERY,537.23,0.0,EXTERNAL,Direct service delivery,,SW-SEC-IAM-X,C007
2023-10,DE01,Software,SERV-2023-10-00138-DE01,service_cost,2100_AP,0.0,537.23,EXTERNAL,Direct service delivery accrual,,SW-SEC-IAM-X,C007
2023-10,DE01,Software,FIX-2023-10-00138-DE01,fixed_production,5400_FIXED_PRODUCTION,124.7,0.0,EXTERNAL,Fixed delivery capacity cost,,SW-SEC-IAM-X,C007
2023-10,DE01,Software,FIX-2023-10-00138-DE01,fixed_production,2100_AP,0.0,124.7,EXTERNAL,Fixed delivery capacity accrual,,SW-SEC-IAM-X,C007
2023-10,DE01,Software,VARSELL-2023-10-00138-DE01,variable_selling,5300_VARIABLE_SELLING,81.12,0.0,EXTERNAL,Variable selling and logistics,,SW-SEC-IAM-X,C007
2023-10,DE01,Software,VARSELL-2023-10-00138-DE01,variable_selling,2100_AP,0.0,81.12,EXTERNAL,Variable selling accrual,,SW-SEC-IAM-X,C007
2023-10,DE01,Software,OPEX-2023-10-00138-DE01,opex,6000_OPEX,138.55,0.0,EXTERNAL,Non-people operating expenses,,SW-SEC-IAM-X,C007
2023-10,DE01,Software,OPEX-2023-10-00138-DE01,opex,2100_AP,0.0,138.55,EXTERNAL,Non-people operating expense accrual,,SW-SEC-IAM-X,C007
2023-10,DE01,Software,SALE-2023-10-00139-DE01,sale,1100_AR,2846.96,0.0,EXTERNAL,External customer invoice,,SW-SEC-PAM-E,C007
2023-10,DE01,Software,SALE-2023-10-00139-DE01,sale,4000_EXTERNAL_REVENUE,0.0,2846.96,EXTERNAL,External customer invoice,,SW-SEC-PAM-E,C007
2023-10,DE01,Software,SERV-2023-10-00139-DE01,service_cost,5050_SERVICE_DELIVERY,433.18,0.0,EXTERNAL,Direct service delivery,,SW-SEC-PAM-E,C007
2023-10,DE01,Software,SERV-2023-10-00139-DE01,service_cost,2100_AP,0.0,433.18,EXTERNAL,Direct service delivery accrual,,SW-SEC-PAM-E,C007
2023-10,DE01,Software,FIX-2023-10-00139-DE01,fixed_production,5400_FIXED_PRODUCTION,121.71,0.0,EXTERNAL,Fixed delivery capacity cost,,SW-SEC-PAM-E,C007
2023-10,DE01,Software,FIX-2023-10-00139-DE01,fixed_production,2100_AP,0.0,121.71,EXTERNAL,Fixed delivery capacity accrual,,SW-SEC-PAM-E,C007
2023-10,DE01,Software,VARSELL-2023-10-00139-DE01,variable_selling,5300_VARIABLE_SELLING,107.62,0.0,EXTERNAL,Variable selling and logistics,,SW-SEC-PAM-E,C007
2023-10,DE01,Software,VARSELL-2023-10-00139-DE01,variable_selling,2100_AP,0.0,107.62,EXTERNAL,Variable selling accrual,,SW-SEC-PAM-E,C007
2023-10,DE01,Software,OPEX-2023-10-00139-DE01,opex,6000_OPEX,156.58,0.0,EXTERNAL,Non-people operating expenses,,SW-SEC-PAM-E,C007
2023-10,DE01,Software,OPEX-2023-10-00139-DE01,opex,2100_AP,0.0,156.58,EXTERNAL,Non-people operating expense accrual,,SW-SEC-PAM-E,C007
2023-10,DE01,Software,SALE-2023-10-00140-DE01,sale,1100_AR,3895.61,0.0,EXTERNAL,External customer invoice,,SW-SEC-KMS-P,C007
2023-10,DE01,Software,SALE-2023-10-00140-DE01,sale,4000_EXTERNAL_REVENUE,0.0,3895.61,EXTERNAL,External customer invoice,,SW-SEC-KMS-P,C007
2023-10,DE01,Software,SERV-2023-10-00140-DE01,service_cost,5050_SERVICE_DELIVERY,730.35,0.0,EXTERNAL,Direct service delivery,,SW-SEC-KMS-P,C007
2023-10,DE01,Software,SERV-2023-10-00140-DE01,service_cost,2100_AP,0.0,730.35,EXTERNAL,Direct service delivery accrual,,SW-SEC-KMS-P,C007
2023-10,DE01,Software,FIX-2023-10-00140-DE01,fixed_production,5400_FIXED_PRODUCTION,175.3,0.0,EXTERNAL,Fixed delivery capacity cost,,SW-SEC-KMS-P,C007
2023-10,DE01,Software,FIX-2023-10-00140-DE01,fixed_production,2100_AP,0.0,175.3,EXTERNAL,Fixed delivery capacity accrual,,SW-SEC-KMS-P,C007
2023-10,DE01,Software,VARSELL-2023-10-00140-DE01,variable_selling,5300_VARIABLE_SELLING,136.35,0.0,EXTERNAL,Variable selling and logistics,,SW-SEC-KMS-P,C007
2023-10,DE01,Software,VARSELL-2023-10-00140-DE01,variable_selling,2100_AP,0.0,136.35,EXTERNAL,Variable selling accrual,,SW-SEC-KMS-P,C007
2023-10,DE01,Software,OPEX-2023-10-00140-DE01,opex,6000_OPEX,214.26,0.0,EXTERNAL,Non-people operating expenses,,SW-SEC-KMS-P,C007
2023-10,DE01,Software,OPEX-2023-10-00140-DE01,opex,2100_AP,0.0,214.26,EXTERNAL,Non-people operating expense accrual,,SW-SEC-KMS-P,C007
2023-10,DE01,Software,SALE-2023-10-00141-DE01,sale,1100_AR,3230.21,0.0,EXTERNAL,External customer invoice,,SW-SEC-CMP-E,C007
2023-10,DE01,Software,SALE-2023-10-00141-DE01,sale,4000_EXTERNAL_REVENUE,0.0,3230.21,EXTERNAL,External customer invoice,,SW-SEC-CMP-E,C007
2023-10,DE01,Software,SERV-2023-10-00141-DE01,service_cost,5050_SERVICE_DELIVERY,1170.24,0.0,EXTERNAL,Direct service delivery,,SW-SEC-CMP-E,C007
2023-10,DE01,Software,SERV-2023-10-00141-DE01,service_cost,2100_AP,0.0,1170.24,EXTERNAL,Direct service delivery accrual,,SW-SEC-CMP-E,C007
2023-10,DE01,Software,FIX-2023-10-00141-DE01,fixed_production,5400_FIXED_PRODUCTION,138.09,0.0,EXTERNAL,Fixed delivery capacity cost,,SW-SEC-CMP-E,C007
2023-10,DE01,Software,FIX-2023-10-00141-DE01,fixed_production,2100_AP,0.0,138.09,EXTERNAL,Fixed delivery capacity accrual,,SW-SEC-CMP-E,C007
2023-10,DE01,Software,VARSELL-2023-10-00141-DE01,variable_selling,5300_VARIABLE_SELLING,122.1,0.0,EXTERNAL,Variable selling and logistics,,SW-SEC-CMP-E,C007
2023-10,DE01,Software,VARSELL-2023-10-00141-DE01,variable_selling,2100_AP,0.0,122.1,EXTERNAL,Variable selling accrual,,SW-SEC-CMP-E,C007
2023-10,DE01,Software,OPEX-2023-10-00141-DE01,opex,6000_OPEX,177.66,0.0,EXTERNAL,Non-people operating expenses,,SW-SEC-CMP-E,C007
2023-10,DE01,Software,OPEX-2023-10-00141-DE01,opex,2100_AP,0.0,177.66,EXTERNAL,Non-people operating expense accrual,,SW-SEC-CMP-E,C007
2023-10,DE01,Software,SALE-2023-10-00142-DE01,sale,1100_AR,2874.33,0.0,EXTERNAL,External customer invoice,,SW-ANL-OPS-E,C007
2023-10,DE01,Software,SALE-2023-10-00142-DE01,sale,4000_EXTERNAL_REVENUE,0.0,2874.33,EXTERNAL,External customer invoice,,SW-ANL-OPS-E,C007
2023-10,DE01,Software,SERV-2023-10-00142-DE01,service_cost,5050_SERVICE_DELIVERY,467.96,0.0,EXTERNAL,Direct service delivery,,SW-ANL-OPS-E,C007
2023-10,DE01,Software,SERV-2023-10-00142-DE01,service_cost,2100_AP,0.0,467.96,EXTERNAL,Direct service delivery accrual,,SW-ANL-OPS-E,C007
2023-10,DE01,Software,FIX-2023-10-00142-DE01,fixed_production,5400_FIXED_PRODUCTION,122.88,0.0,EXTERNAL,Fixed delivery capacity cost,,SW-ANL-OPS-E,C007
2023-10,DE01,Software,FIX-2023-10-00142-DE01,fixed_production,2100_AP,0.0,122.88,EXTERNAL,Fixed delivery capacity accrual,,SW-ANL-OPS-E,C007
2023-10,DE01,Software,VARSELL-2023-10-00142-DE01,variable_selling,5300_VARIABLE_SELLING,108.65,0.0,EXTERNAL,Variable selling and logistics,,SW-ANL-OPS-E,C007
2023-10,DE01,Software,VARSELL-2023-10-00142-DE01,variable_selling,2100_AP,0.0,108.65,EXTERNAL,Variable selling accrual,,SW-ANL-OPS-E,C007
2023-10,DE01,Software,OPEX-2023-10-00142-DE01,opex,6000_OPEX,158.09,0.0,EXTERNAL,Non-people operating expenses,,SW-ANL-OPS-E,C007
2023-10,DE01,Software,OPEX-2023-10-00142-DE01,opex,2100_AP,0.0,158.09,EXTERNAL,Non-people operating expense accrual,,SW-ANL-OPS-E,C007
2023-10,DE01,Software,SALE-2023-10-00143-DE01,sale,1100_AR,1842.52,0.0,EXTERNAL,External customer invoice,,SW-ANL-OPS-P,C007
2023-10,DE01,Software,SALE-2023-10-00143-DE01,sale,4000_EXTERNAL_REVENUE,0.0,1842.52,EXTERNAL,External customer invoice,,SW-ANL-OPS-P,C007
2023-10,DE01,Software,SERV-2023-10-00143-DE01,service_cost,5050_SERVICE_DELIVERY,357.12,0.0,EXTERNAL,Direct service delivery,,SW-ANL-OPS-P,C007
2023-10,DE01,Software,SERV-2023-10-00143-DE01,service_cost,2100_AP,0.0,357.12,EXTERNAL,Direct service delivery accrual,,SW-ANL-OPS-P,C007
2023-10,DE01,Software,FIX-2023-10-00143-DE01,fixed_production,5400_FIXED_PRODUCTION,82.91,0.0,EXTERNAL,Fixed delivery capacity cost,,SW-ANL-OPS-P,C007
2023-10,DE01,Software,FIX-2023-10-00143-DE01,fixed_production,2100_AP,0.0,82.91,EXTERNAL,Fixed delivery capacity accrual,,SW-ANL-OPS-P,C007
2023-10,DE01,Software,VARSELL-2023-10-00143-DE01,variable_selling,5300_VARIABLE_SELLING,64.49,0.0,EXTERNAL,Variable selling and logistics,,SW-ANL-OPS-P,C007
2023-10,DE01,Software,VARSELL-2023-10-00143-DE01,variable_selling,2100_AP,0.0,64.49,EXTERNAL,Variable selling accrual,,SW-ANL-OPS-P,C007
2023-10,DE01,Software,OPEX-2023-10-00143-DE01,opex,6000_OPEX,101.34,0.0,EXTERNAL,Non-people operating expenses,,SW-ANL-OPS-P,C007
2023-10,DE01,Software,OPEX-2023-10-00143-DE01,opex,2100_AP,0.0,101.34,EXTERNAL,Non-people operating expense accrual,,SW-ANL-OPS-P,C007
2023-10,DE01,Software,SALE-2023-10-00144-DE01,sale,1100_AR,2726.94,0.0,EXTERNAL,External customer invoice,,SW-ANL-OPS-X,C007
2023-10,DE01,Software,SALE-2023-10-00144-DE01,sale,4000_EXTERNAL_REVENUE,0.0,2726.94,EXTERNAL,External customer invoice,,SW-ANL-OPS-X,C007
2023-10,DE01,Software,SERV-2023-10-00144-DE01,service_cost,5050_SERVICE_DELIVERY,644.81,0.0,EXTERNAL,Direct service delivery,,SW-ANL-OPS-X,C007
2023-10,DE01,Software,SERV-2023-10-00144-DE01,service_cost,2100_AP,0.0,644.81,EXTERNAL,Direct service delivery accrual,,SW-ANL-OPS-X,C007
2023-10,DE01,Software,FIX-2023-10-00144-DE01,fixed_production,5400_FIXED_PRODUCTION,134.98,0.0,EXTERNAL,Fixed delivery capacity cost,,SW-ANL-OPS-X,C007
2023-10,DE01,Software,FIX-2023-10-00144-DE01,fixed_production,2100_AP,0.0,134.98,EXTERNAL,Fixed delivery capacity accrual,,SW-ANL-OPS-X,C007
2023-10,DE01,Software,VARSELL-2023-10-00144-DE01,variable_selling,5300_VARIABLE_SELLING,87.81,0.0,EXTERNAL,Variable selling and logistics,,SW-ANL-OPS-X,C007
2023-10,DE01,Software,VARSELL-2023-10-00144-DE01,variable_selling,2100_AP,0.0,87.81,EXTERNAL,Variable selling accrual,,SW-ANL-OPS-X,C007
2023-10,DE01,Software,OPEX-2023-10-00144-DE01,opex,6000_OPEX,149.98,0.0,EXTERNAL,Non-people operating expenses,,SW-ANL-OPS-X,C007
2023-10,DE01,Software,OPEX-2023-10-00144-DE01,opex,2100_AP,0.0,149.98,EXTERNAL,Non-people operating expense accrual,,SW-ANL-OPS-X,C007
2023-10,DE01,Software,SALE-2023-10-00145-DE01,sale,1100_AR,3712.96,0.0,EXTERNAL,External customer invoice,,SW-AUT-ORC-E,C007
2023-10,DE01,Software,SALE-2023-10-00145-DE01,sale,4000_EXTERNAL_REVENUE,0.0,3712.96,EXTERNAL,External customer invoice,,SW-AUT-ORC-E,C007
2023-10,DE01,Software,SERV-2023-10-00145-DE01,service_cost,5050_SERVICE_DELIVERY,545.2,0.0,EXTERNAL,Direct service delivery,,SW-AUT-ORC-E,C007
2023-10,DE01,Software,SERV-2023-10-00145-DE01,service_cost,2100_AP,0.0,545.2,EXTERNAL,Direct service delivery accrual,,SW-AUT-ORC-E,C007
2023-10,DE01,Software,FIX-2023-10-00145-DE01,fixed_production,5400_FIXED_PRODUCTION,158.73,0.0,EXTERNAL,Fixed delivery capacity cost,,SW-AUT-ORC-E,C007
2023-10,DE01,Software,FIX-2023-10-00145-DE01,fixed_production,2100_AP,0.0,158.73,EXTERNAL,Fixed delivery capacity accrual,,SW-AUT-ORC-E,C007
2023-10,DE01,Software,VARSELL-2023-10-00145-DE01,variable_selling,5300_VARIABLE_SELLING,140.35,0.0,EXTERNAL,Variable selling and logistics,,SW-AUT-ORC-E,C007
2023-10,DE01,Software,VARSELL-2023-10-00145-DE01,variable_selling,2100_AP,0.0,140.35,EXTERNAL,Variable selling accrual,,SW-AUT-ORC-E,C007
2023-10,DE01,Software,OPEX-2023-10-00145-DE01,opex,6000_OPEX,204.21,0.0,EXTERNAL,Non-people operating expenses,,SW-AUT-ORC-E,C007
2023-10,DE01,Software,OPEX-2023-10-00145-DE01,opex,2100_AP,0.0,204.21,EXTERNAL,Non-people operating expense accrual,,SW-AUT-ORC-E,C007
2023-10,DE01,Software,SALE-2023-10-00146-DE01,sale,1100_AR,3402.49,0.0,EXTERNAL,External customer invoice,,SW-AUT-RPA-P,C007
2023-10,DE01,Software,SALE-2023-10-00146-DE01,sale,4000_EXTERNAL_REVENUE,0.0,3402.49,EXTERNAL,External customer invoice,,SW-AUT-RPA-P,C007
2023-10,DE01,Software,SERV-2023-10-00146-DE01,service_cost,5050_SERVICE_DELIVERY,616.33,0.0,EXTERNAL,Direct service delivery,,SW-AUT-RPA-P,C007
2023-10,DE01,Software,SERV-2023-10-00146-DE01,service_cost,2100_AP,0.0,616.33,EXTERNAL,Direct service delivery accrual,,SW-AUT-RPA-P,C007
2023-10,DE01,Software,FIX-2023-10-00146-DE01,fixed_production,5400_FIXED_PRODUCTION,153.11,0.0,EXTERNAL,Fixed delivery capacity cost,,SW-AUT-RPA-P,C007
2023-10,DE01,Software,FIX-2023-10-00146-DE01,fixed_production,2100_AP,0.0,153.11,EXTERNAL,Fixed delivery capacity accrual,,SW-AUT-RPA-P,C007
2023-10,DE01,Software,VARSELL-2023-10-00146-DE01,variable_selling,5300_VARIABLE_SELLING,119.09,0.0,EXTERNAL,Variable selling and logistics,,SW-AUT-RPA-P,C007
2023-10,DE01,Software,VARSELL-2023-10-00146-DE01,variable_selling,2100_AP,0.0,119.09,EXTERNAL,Variable selling accrual,,SW-AUT-RPA-P,C007
2023-10,DE01,Software,OPEX-2023-10-00146-DE01,opex,6000_OPEX,187.14,0.0,EXTERNAL,Non-people operating expenses,,SW-AUT-RPA-P,C007
2023-10,DE01,Software,OPEX-2023-10-00146-DE01,opex,2100_AP,0.0,187.14,EXTERNAL,Non-people operating expense accrual,,SW-AUT-RPA-P,C007
2023-10,DE01,Software,SALE-2023-10-00147-DE01,sale,1100_AR,2832.57,0.0,EXTERNAL,External customer invoice,,SW-AUT-INT-E,C007
2023-10,DE01,Software,SALE-2023-10-00147-DE01,sale,4000_EXTERNAL_REVENUE,0.0,2832.57,EXTERNAL,External customer invoice,,SW-AUT-INT-E,C007
2023-10,DE01,Software,SERV-2023-10-00147-DE01,service_cost,5050_SERVICE_DELIVERY,446.08,0.0,EXTERNAL,Direct service delivery,,SW-AUT-INT-E,C007
2023-10,DE01,Software,SERV-2023-10-00147-DE01,service_cost,2100_AP,0.0,446.08,EXTERNAL,Direct service delivery accrual,,SW-AUT-INT-E,C007
2023-10,DE01,Software,FIX-2023-10-00147-DE01,fixed_production,5400_FIXED_PRODUCTION,121.09,0.0,EXTERNAL,Fixed delivery capacity cost,,SW-AUT-INT-E,C007
2023-10,DE01,Software,FIX-2023-10-00147-DE01,fixed_production,2100_AP,0.0,121.09,EXTERNAL,Fixed delivery capacity accrual,,SW-AUT-INT-E,C007
2023-10,DE01,Software,VARSELL-2023-10-00147-DE01,variable_selling,5300_VARIABLE_SELLING,107.07,0.0,EXTERNAL,Variable selling and logistics,,SW-AUT-INT-E,C007
2023-10,DE01,Software,VARSELL-2023-10-00147-DE01,variable_selling,2100_AP,0.0,107.07,EXTERNAL,Variable selling accrual,,SW-AUT-INT-E,C007
2023-10,DE01,Software,OPEX-2023-10-00147-DE01,opex,6000_OPEX,155.79,0.0,EXTERNAL,Non-people operating expenses,,SW-AUT-INT-E,C007
2023-10,DE01,Software,OPEX-2023-10-00147-DE01,opex,2100_AP,0.0,155.79,EXTERNAL,Non-people operating expense accrual,,SW-AUT-INT-E,C007
2023-10,DE01,Software,SALE-2023-10-00148-DE01,sale,1100_AR,3011.2,0.0,EXTERNAL,External customer invoice,,SW-AUT-MON-E,C007
2023-10,DE01,Software,SALE-2023-10-00148-DE01,sale,4000_EXTERNAL_REVENUE,0.0,3011.2,EXTERNAL,External customer invoice,,SW-AUT-MON-E,C007
2023-10,DE01,Software,SERV-2023-10-00148-DE01,service_cost,5050_SERVICE_DELIVERY,490.25,0.0,EXTERNAL,Direct service delivery,,SW-AUT-MON-E,C007
2023-10,DE01,Software,SERV-2023-10-00148-DE01,service_cost,2100_AP,0.0,490.25,EXTERNAL,Direct service delivery accrual,,SW-AUT-MON-E,C007
2023-10,DE01,Software,FIX-2023-10-00148-DE01,fixed_production,5400_FIXED_PRODUCTION,128.73,0.0,EXTERNAL,Fixed delivery capacity cost,,SW-AUT-MON-E,C007
2023-10,DE01,Software,FIX-2023-10-00148-DE01,fixed_production,2100_AP,0.0,128.73,EXTERNAL,Fixed delivery capacity accrual,,SW-AUT-MON-E,C007
2023-10,DE01,Software,VARSELL-2023-10-00148-DE01,variable_selling,5300_VARIABLE_SELLING,113.82,0.0,EXTERNAL,Variable selling and logistics,,SW-AUT-MON-E,C007
2023-10,DE01,Software,VARSELL-2023-10-00148-DE01,variable_selling,2100_AP,0.0,113.82,EXTERNAL,Variable selling accrual,,SW-AUT-MON-E,C007
2023-10,DE01,Software,OPEX-2023-10-00148-DE01,opex,6000_OPEX,165.62,0.0,EXTERNAL,Non-people operating expenses,,SW-AUT-MON-E,C007
2023-10,DE01,Software,OPEX-2023-10-00148-DE01,opex,2100_AP,0.0,165.62,EXTERNAL,Non-people operating expense accrual,,SW-AUT-MON-E,C007
2023-10,DE01,Hardware,SALE-2023-10-00149-DE01,sale,1100_AR,33413.59,0.0,EXTERNAL,External customer invoice,,HW-CTL-MCU-X,C008
2023-10,DE01,Hardware,SALE-2023-10-00149-DE01,sale,4000_EXTERNAL_REVENUE,0.0,33413.59,EXTERNAL,External customer invoice,,HW-CTL-MCU-X,C008
2023-10,DE01,Hardware,COGS-2023-10-00149-DE01,cogs,5000_EXTERNAL_COGS,28394.52,0.0,EXTERNAL,External cost of sales at transfer price,,HW-CTL-MCU-X,C008
2023-10,DE01,Hardware,COGS-2023-10-00149-DE01,cogs,1200_INVENTORY,0.0,28394.52,EXTERNAL,Inventory consumption,,HW-CTL-MCU-X,C008
2023-10,DE01,Hardware,VARSELL-2023-10-00149-DE01,variable_selling,5300_VARIABLE_SELLING,1690.73,0.0,EXTERNAL,Variable selling and logistics,,HW-CTL-MCU-X,C008
2023-10,DE01,Hardware,VARSELL-2023-10-00149-DE01,variable_selling,2100_AP,0.0,1690.73,EXTERNAL,Variable selling accrual,,HW-CTL-MCU-X,C008
2023-10,DE01,Hardware,OPEX-2023-10-00149-DE01,opex,6000_OPEX,1002.41,0.0,EXTERNAL,Non-people operating expenses,,HW-CTL-MCU-X,C008
2023-10,DE01,Hardware,OPEX-2023-10-00149-DE01,opex,2100_AP,0.0,1002.41,EXTERNAL,Non-people operating expense accrual,,HW-CTL-MCU-X,C008
2023-10,DE01,Hardware,SALE-2023-10-00150-DE01,sale,1100_AR,18880.68,0.0,EXTERNAL,External customer invoice,,HW-CTL-RCK-E,C008
2023-10,DE01,Hardware,SALE-2023-10-00150-DE01,sale,4000_EXTERNAL_REVENUE,0.0,18880.68,EXTERNAL,External customer invoice,,HW-CTL-RCK-E,C008
2023-10,DE01,Hardware,COGS-2023-10-00150-DE01,cogs,5000_EXTERNAL_COGS,11633.0,0.0,EXTERNAL,External cost of sales at transfer price,,HW-CTL-RCK-E,C008
2023-10,DE01,Hardware,COGS-2023-10-00150-DE01,cogs,1200_INVENTORY,0.0,11633.0,EXTERNAL,Inventory consumption,,HW-CTL-RCK-E,C008
2023-10,DE01,Hardware,VARSELL-2023-10-00150-DE01,variable_selling,5300_VARIABLE_SELLING,1121.51,0.0,EXTERNAL,Variable selling and logistics,,HW-CTL-RCK-E,C008
2023-10,DE01,Hardware,VARSELL-2023-10-00150-DE01,variable_selling,2100_AP,0.0,1121.51,EXTERNAL,Variable selling accrual,,HW-CTL-RCK-E,C008
2023-10,DE01,Hardware,OPEX-2023-10-00150-DE01,opex,6000_OPEX,566.42,0.0,EXTERNAL,Non-people operating expenses,,HW-CTL-RCK-E,C008
2023-10,DE01,Hardware,OPEX-2023-10-00150-DE01,opex,2100_AP,0.0,566.42,EXTERNAL,Non-people operating expense accrual,,HW-CTL-RCK-E,C008
2023-10,DE01,Hardware,SALE-2023-10-00151-DE01,sale,1100_AR,24206.0,0.0,EXTERNAL,External customer invoice,,HW-CTL-RCK-P,C008
2023-10,DE01,Hardware,SALE-2023-10-00151-DE01,sale,4000_EXTERNAL_REVENUE,0.0,24206.0,EXTERNAL,External customer invoice,,HW-CTL-RCK-P,C008
2023-10,DE01,Hardware,COGS-2023-10-00151-DE01,cogs,5000_EXTERNAL_COGS,17566.6,0.0,EXTERNAL,External cost of sales at transfer price,,HW-CTL-RCK-P,C008
2023-10,DE01,Hardware,COGS-2023-10-00151-DE01,cogs,1200_INVENTORY,0.0,17566.6,EXTERNAL,Inventory consumption,,HW-CTL-RCK-P,C008
2023-10,DE01,Hardware,VARSELL-2023-10-00151-DE01,variable_selling,5300_VARIABLE_SELLING,1331.33,0.0,EXTERNAL,Variable selling and logistics,,HW-CTL-RCK-P,C008
2023-10,DE01,Hardware,VARSELL-2023-10-00151-DE01,variable_selling,2100_AP,0.0,1331.33,EXTERNAL,Variable selling accrual,,HW-CTL-RCK-P,C008
2023-10,DE01,Hardware,OPEX-2023-10-00151-DE01,opex,6000_OPEX,726.18,0.0,EXTERNAL,Non-people operating expenses,,HW-CTL-RCK-P,C008
2023-10,DE01,Hardware,OPEX-2023-10-00151-DE01,opex,2100_AP,0.0,726.18,EXTERNAL,Non-people operating expense accrual,,HW-CTL-RCK-P,C008
2023-10,DE01,Hardware,SALE-2023-10-00152-DE01,sale,1100_AR,21422.31,0.0,EXTERNAL,External customer invoice,,HW-CTL-SAF-E,C008
2023-10,DE01,Hardware,SALE-2023-10-00152-DE01,sale,4000_EXTERNAL_REVENUE,0.0,21422.31,EXTERNAL,External customer invoice,,HW-CTL-SAF-E,C008
2023-10,DE01,Hardware,COGS-2023-10-00152-DE01,cogs,5000_EXTERNAL_COGS,14038.29,0.0,EXTERNAL,External cost of sales at transfer price,,HW-CTL-SAF-E,C008
2023-10,DE01,Hardware,COGS-2023-10-00152-DE01,cogs,1200_INVENTORY,0.0,14038.29,EXTERNAL,Inventory consumption,,HW-CTL-SAF-E,C008
2023-10,DE01,Hardware,VARSELL-2023-10-00152-DE01,variable_selling,5300_VARIABLE_SELLING,1272.49,0.0,EXTERNAL,Variable selling and logistics,,HW-CTL-SAF-E,C008
2023-10,DE01,Hardware,VARSELL-2023-10-00152-DE01,variable_selling,2100_AP,0.0,1272.49,EXTERNAL,Variable selling accrual,,HW-CTL-SAF-E,C008
2023-10,DE01,Hardware,OPEX-2023-10-00152-DE01,opex,6000_OPEX,642.67,0.0,EXTERNAL,Non-people operating expenses,,HW-CTL-SAF-E,C008
2023-10,DE01,Hardware,OPEX-2023-10-00152-DE01,opex,2100_AP,0.0,642.67,EXTERNAL,Non-people operating expense accrual,,HW-CTL-SAF-E,C008
2023-10,DE01,Hardware,SALE-2023-10-00153-DE01,sale,1100_AR,23757.55,0.0,EXTERNAL,External customer invoice,,HW-EDG-CMP-E,C008
2023-10,DE01,Hardware,SALE-2023-10-00153-DE01,sale,4000_EXTERNAL_REVENUE,0.0,23757.55,EXTERNAL,External customer invoice,,HW-EDG-CMP-E,C008
2023-10,DE01,Hardware,COGS-2023-10-00153-DE01,cogs,5000_EXTERNAL_COGS,15103.2,0.0,EXTERNAL,External cost of sales at transfer price,,HW-EDG-CMP-E,C008
2023-10,DE01,Hardware,COGS-2023-10-00153-DE01,cogs,1200_INVENTORY,0.0,15103.2,EXTERNAL,Inventory consumption,,HW-EDG-CMP-E,C008
2023-10,DE01,Hardware,VARSELL-2023-10-00153-DE01,variable_selling,5300_VARIABLE_SELLING,1411.2,0.0,EXTERNAL,Variable selling and logistics,,HW-EDG-CMP-E,C008
2023-10,DE01,Hardware,VARSELL-2023-10-00153-DE01,variable_selling,2100_AP,0.0,1411.2,EXTERNAL,Variable selling accrual,,HW-EDG-CMP-E,C008
2023-10,DE01,Hardware,OPEX-2023-10-00153-DE01,opex,6000_OPEX,712.73,0.0,EXTERNAL,Non-people operating expenses,,HW-EDG-CMP-E,C008
2023-10,DE01,Hardware,OPEX-2023-10-00153-DE01,opex,2100_AP,0.0,712.73,EXTERNAL,Non-people operating expense accrual,,HW-EDG-CMP-E,C008
2023-10,DE01,Hardware,SALE-2023-10-00154-DE01,sale,1100_AR,30458.4,0.0,EXTERNAL,External customer invoice,,HW-EDG-CMP-P,C008
2023-10,DE01,Hardware,SALE-2023-10-00154-DE01,sale,4000_EXTERNAL_REVENUE,0.0,30458.4,EXTERNAL,External customer invoice,,HW-EDG-CMP-P,C008
2023-10,DE01,Hardware,COGS-2023-10-00154-DE01,cogs,5000_EXTERNAL_COGS,22814.36,0.0,EXTERNAL,External cost of sales at transfer price,,HW-EDG-CMP-P,C008
2023-10,DE01,Hardware,COGS-2023-10-00154-DE01,cogs,1200_INVENTORY,0.0,22814.36,EXTERNAL,Inventory consumption,,HW-EDG-CMP-P,C008
2023-10,DE01,Hardware,VARSELL-2023-10-00154-DE01,variable_selling,5300_VARIABLE_SELLING,1675.21,0.0,EXTERNAL,Variable selling and logistics,,HW-EDG-CMP-P,C008
2023-10,DE01,Hardware,VARSELL-2023-10-00154-DE01,variable_selling,2100_AP,0.0,1675.21,EXTERNAL,Variable selling accrual,,HW-EDG-CMP-P,C008
2023-10,DE01,Hardware,OPEX-2023-10-00154-DE01,opex,6000_OPEX,913.75,0.0,EXTERNAL,Non-people operating expenses,,HW-EDG-CMP-P,C008
2023-10,DE01,Hardware,OPEX-2023-10-00154-DE01,opex,2100_AP,0.0,913.75,EXTERNAL,Non-people operating expense accrual,,HW-EDG-CMP-P,C008
2023-10,DE01,Hardware,SALE-2023-10-00155-DE01,sale,1100_AR,32379.2,0.0,EXTERNAL,External customer invoice,,HW-EDG-AI-P,C008
2023-10,DE01,Hardware,SALE-2023-10-00155-DE01,sale,4000_EXTERNAL_REVENUE,0.0,32379.2,EXTERNAL,External customer invoice,,HW-EDG-AI-P,C008
2023-10,DE01,Hardware,COGS-2023-10-00155-DE01,cogs,5000_EXTERNAL_COGS,25008.22,0.0,EXTERNAL,External cost of sales at transfer price,,HW-EDG-AI-P,C008
2023-10,DE01,Hardware,COGS-2023-10-00155-DE01,cogs,1200_INVENTORY,0.0,25008.22,EXTERNAL,Inventory consumption,,HW-EDG-AI-P,C008
2023-10,DE01,Hardware,VARSELL-2023-10-00155-DE01,variable_selling,5300_VARIABLE_SELLING,1780.86,0.0,EXTERNAL,Variable selling and logistics,,HW-EDG-AI-P,C008
2023-10,DE01,Hardware,VARSELL-2023-10-00155-DE01,variable_selling,2100_AP,0.0,1780.86,EXTERNAL,Variable selling accrual,,HW-EDG-AI-P,C008
2023-10,DE01,Hardware,OPEX-2023-10-00155-DE01,opex,6000_OPEX,971.38,0.0,EXTERNAL,Non-people operating expenses,,HW-EDG-AI-P,C008
2023-10,DE01,Hardware,OPEX-2023-10-00155-DE01,opex,2100_AP,0.0,971.38,EXTERNAL,Non-people operating expense accrual,,HW-EDG-AI-P,C008
2023-10,DE01,Hardware,SALE-2023-10-00156-DE01,sale,1100_AR,22422.4,0.0,EXTERNAL,External customer invoice,,HW-TRM-KSK-P,C008
2023-10,DE01,Hardware,SALE-2023-10-00156-DE01,sale,4000_EXTERNAL_REVENUE,0.0,22422.4,EXTERNAL,External customer invoice,,HW-TRM-KSK-P,C008
2023-10,DE01,Hardware,COGS-2023-10-00156-DE01,cogs,5000_EXTERNAL_COGS,16272.21,0.0,EXTERNAL,External cost of sales at transfer price,,HW-TRM-KSK-P,C008
2023-10,DE01,Hardware,COGS-2023-10-00156-DE01,cogs,1200_INVENTORY,0.0,16272.21,EXTERNAL,Inventory consumption,,HW-TRM-KSK-P,C008
2023-10,DE01,Hardware,VARSELL-2023-10-00156-DE01,variable_selling,5300_VARIABLE_SELLING,1233.23,0.0,EXTERNAL,Variable selling and logistics,,HW-TRM-KSK-P,C008
2023-10,DE01,Hardware,VARSELL-2023-10-00156-DE01,variable_selling,2100_AP,0.0,1233.23,EXTERNAL,Variable selling accrual,,HW-TRM-KSK-P,C008
2023-10,DE01,Hardware,OPEX-2023-10-00156-DE01,opex,6000_OPEX,672.67,0.0,EXTERNAL,Non-people operating expenses,,HW-TRM-KSK-P,C008
2023-10,DE01,Hardware,OPEX-2023-10-00156-DE01,opex,2100_AP,0.0,672.67,EXTERNAL,Non-people operating expense accrual,,HW-TRM-KSK-P,C008
2023-10,DE01,Hardware,SALE-2023-10-00157-DE01,sale,1100_AR,33185.15,0.0,EXTERNAL,External customer invoice,,HW-TRM-KSK-X,C008
2023-10,DE01,Hardware,SALE-2023-10-00157-DE01,sale,4000_EXTERNAL_REVENUE,0.0,33185.15,EXTERNAL,External customer invoice,,HW-TRM-KSK-X,C008
2023-10,DE01,Hardware,COGS-2023-10-00157-DE01,cogs,5000_EXTERNAL_COGS,29144.57,0.0,EXTERNAL,External cost of sales at transfer price,,HW-TRM-KSK-X,C008
2023-10,DE01,Hardware,COGS-2023-10-00157-DE01,cogs,1200_INVENTORY,0.0,29144.57,EXTERNAL,Inventory consumption,,HW-TRM-KSK-X,C008
2023-10,DE01,Hardware,VARSELL-2023-10-00157-DE01,variable_selling,5300_VARIABLE_SELLING,1679.17,0.0,EXTERNAL,Variable selling and logistics,,HW-TRM-KSK-X,C008
2023-10,DE01,Hardware,VARSELL-2023-10-00157-DE01,variable_selling,2100_AP,0.0,1679.17,EXTERNAL,Variable selling accrual,,HW-TRM-KSK-X,C008
2023-10,DE01,Hardware,OPEX-2023-10-00157-DE01,opex,6000_OPEX,995.55,0.0,EXTERNAL,Non-people operating expenses,,HW-TRM-KSK-X,C008
2023-10,DE01,Hardware,OPEX-2023-10-00157-DE01,opex,2100_AP,0.0,995.55,EXTERNAL,Non-people operating expense accrual,,HW-TRM-KSK-X,C008
2023-10,DE01,Hardware,SALE-2023-10-00158-DE01,sale,1100_AR,19843.82,0.0,EXTERNAL,External customer invoice,,HW-TRM-RUG-E,C008
2023-10,DE01,Hardware,SALE-2023-10-00158-DE01,sale,4000_EXTERNAL_REVENUE,0.0,19843.82,EXTERNAL,External customer invoice,,HW-TRM-RUG-E,C008
2023-10,DE01,Hardware,COGS-2023-10-00158-DE01,cogs,5000_EXTERNAL_COGS,13003.89,0.0,EXTERNAL,External cost of sales at transfer price,,HW-TRM-RUG-E,C008
2023-10,DE01,Hardware,COGS-2023-10-00158-DE01,cogs,1200_INVENTORY,0.0,13003.89,EXTERNAL,Inventory consumption,,HW-TRM-RUG-E,C008
2023-10,DE01,Hardware,VARSELL-2023-10-00158-DE01,variable_selling,5300_VARIABLE_SELLING,1178.72,0.0,EXTERNAL,Variable selling and logistics,,HW-TRM-RUG-E,C008
2023-10,DE01,Hardware,VARSELL-2023-10-00158-DE01,variable_selling,2100_AP,0.0,1178.72,EXTERNAL,Variable selling accrual,,HW-TRM-RUG-E,C008
2023-10,DE01,Hardware,OPEX-2023-10-00158-DE01,opex,6000_OPEX,595.31,0.0,EXTERNAL,Non-people operating expenses,,HW-TRM-RUG-E,C008
2023-10,DE01,Hardware,OPEX-2023-10-00158-DE01,opex,2100_AP,0.0,595.31,EXTERNAL,Non-people operating expense accrual,,HW-TRM-RUG-E,C008
2023-10,DE01,Hardware,SALE-2023-10-00159-DE01,sale,1100_AR,18907.43,0.0,EXTERNAL,External customer invoice,,HW-NET-ACC-E,C008
2023-10,DE01,Hardware,SALE-2023-10-00159-DE01,sale,4000_EXTERNAL_REVENUE,0.0,18907.43,EXTERNAL,External customer invoice,,HW-NET-ACC-E,C008
2023-10,DE01,Hardware,COGS-2023-10-00159-DE01,cogs,5000_EXTERNAL_COGS,11279.09,0.0,EXTERNAL,External cost of sales at transfer price,,HW-NET-ACC-E,C008
2023-10,DE01,Hardware,COGS-2023-10-00159-DE01,cogs,1200_INVENTORY,0.0,11279.09,EXTERNAL,Inventory consumption,,HW-NET-ACC-E,C008
2023-10,DE01,Hardware,VARSELL-2023-10-00159-DE01,variable_selling,5300_VARIABLE_SELLING,1123.1,0.0,EXTERNAL,Variable selling and logistics,,HW-NET-ACC-E,C008
2023-10,DE01,Hardware,VARSELL-2023-10-00159-DE01,variable_selling,2100_AP,0.0,1123.1,EXTERNAL,Variable selling accrual,,HW-NET-ACC-E,C008
2023-10,DE01,Hardware,OPEX-2023-10-00159-DE01,opex,6000_OPEX,567.22,0.0,EXTERNAL,Non-people operating expenses,,HW-NET-ACC-E,C008
2023-10,DE01,Hardware,OPEX-2023-10-00159-DE01,opex,2100_AP,0.0,567.22,EXTERNAL,Non-people operating expense accrual,,HW-NET-ACC-E,C008
2023-10,DE01,Hardware,SALE-2023-10-00160-DE01,sale,1100_AR,35875.64,0.0,EXTERNAL,External customer invoice,,HW-NET-ACC-X,C008
2023-10,DE01,Hardware,SALE-2023-10-00160-DE01,sale,4000_EXTERNAL_REVENUE,0.0,35875.64,EXTERNAL,External customer invoice,,HW-NET-ACC-X,C008
2023-10,DE01,Hardware,COGS-2023-10-00160-DE01,cogs,5000_EXTERNAL_COGS,30486.76,0.0,EXTERNAL,External cost of sales at transfer price,,HW-NET-ACC-X,C008
2023-10,DE01,Hardware,COGS-2023-10-00160-DE01,cogs,1200_INVENTORY,0.0,30486.76,EXTERNAL,Inventory consumption,,HW-NET-ACC-X,C008
2023-10,DE01,Hardware,VARSELL-2023-10-00160-DE01,variable_selling,5300_VARIABLE_SELLING,1815.31,0.0,EXTERNAL,Variable selling and logistics,,HW-NET-ACC-X,C008
2023-10,DE01,Hardware,VARSELL-2023-10-00160-DE01,variable_selling,2100_AP,0.0,1815.31,EXTERNAL,Variable selling accrual,,HW-NET-ACC-X,C008
2023-10,DE01,Hardware,OPEX-2023-10-00160-DE01,opex,6000_OPEX,1076.27,0.0,EXTERNAL,Non-people operating expenses,,HW-NET-ACC-X,C008
2023-10,DE01,Hardware,OPEX-2023-10-00160-DE01,opex,2100_AP,0.0,1076.27,EXTERNAL,Non-people operating expense accrual,,HW-NET-ACC-X,C008
2023-10,DE01,Hardware,SALE-2023-10-00161-DE01,sale,1100_AR,20271.89,0.0,EXTERNAL,External customer invoice,,HW-NET-SWC-E,C008
2023-10,DE01,Hardware,SALE-2023-10-00161-DE01,sale,4000_EXTERNAL_REVENUE,0.0,20271.89,EXTERNAL,External customer invoice,,HW-NET-SWC-E,C008
2023-10,DE01,Hardware,COGS-2023-10-00161-DE01,cogs,5000_EXTERNAL_COGS,12490.17,0.0,EXTERNAL,External cost of sales at transfer price,,HW-NET-SWC-E,C008
2023-10,DE01,Hardware,COGS-2023-10-00161-DE01,cogs,1200_INVENTORY,0.0,12490.17,EXTERNAL,Inventory consumption,,HW-NET-SWC-E,C008
2023-10,DE01,Hardware,VARSELL-2023-10-00161-DE01,variable_selling,5300_VARIABLE_SELLING,1204.15,0.0,EXTERNAL,Variable selling and logistics,,HW-NET-SWC-E,C008
2023-10,DE01,Hardware,VARSELL-2023-10-00161-DE01,variable_selling,2100_AP,0.0,1204.15,EXTERNAL,Variable selling accrual,,HW-NET-SWC-E,C008
2023-10,DE01,Hardware,OPEX-2023-10-00161-DE01,opex,6000_OPEX,608.16,0.0,EXTERNAL,Non-people operating expenses,,HW-NET-SWC-E,C008
2023-10,DE01,Hardware,OPEX-2023-10-00161-DE01,opex,2100_AP,0.0,608.16,EXTERNAL,Non-people operating expense accrual,,HW-NET-SWC-E,C008
2023-10,DE01,Hardware,SALE-2023-10-00162-DE01,sale,1100_AR,23000.8,0.0,EXTERNAL,External customer invoice,,HW-NET-RTR-E,C008
2023-10,DE01,Hardware,SALE-2023-10-00162-DE01,sale,4000_EXTERNAL_REVENUE,0.0,23000.8,EXTERNAL,External customer invoice,,HW-NET-RTR-E,C008
2023-10,DE01,Hardware,COGS-2023-10-00162-DE01,cogs,5000_EXTERNAL_COGS,15072.69,0.0,EXTERNAL,External cost of sales at transfer price,,HW-NET-RTR-E,C008
2023-10,DE01,Hardware,COGS-2023-10-00162-DE01,cogs,1200_INVENTORY,0.0,15072.69,EXTERNAL,Inventory consumption,,HW-NET-RTR-E,C008
2023-10,DE01,Hardware,VARSELL-2023-10-00162-DE01,variable_selling,5300_VARIABLE_SELLING,1366.25,0.0,EXTERNAL,Variable selling and logistics,,HW-NET-RTR-E,C008
2023-10,DE01,Hardware,VARSELL-2023-10-00162-DE01,variable_selling,2100_AP,0.0,1366.25,EXTERNAL,Variable selling accrual,,HW-NET-RTR-E,C008
2023-10,DE01,Hardware,OPEX-2023-10-00162-DE01,opex,6000_OPEX,690.02,0.0,EXTERNAL,Non-people operating expenses,,HW-NET-RTR-E,C008
2023-10,DE01,Hardware,OPEX-2023-10-00162-DE01,opex,2100_AP,0.0,690.02,EXTERNAL,Non-people operating expense accrual,,HW-NET-RTR-E,C008
2023-10,DE01,Hardware,SALE-2023-10-00163-DE01,sale,1100_AR,29488.2,0.0,EXTERNAL,External customer invoice,,HW-NET-RTR-P,C008
2023-10,DE01,Hardware,SALE-2023-10-00163-DE01,sale,4000_EXTERNAL_REVENUE,0.0,29488.2,EXTERNAL,External customer invoice,,HW-NET-RTR-P,C008
2023-10,DE01,Hardware,COGS-2023-10-00163-DE01,cogs,5000_EXTERNAL_COGS,22775.33,0.0,EXTERNAL,External cost of sales at transfer price,,HW-NET-RTR-P,C008
2023-10,DE01,Hardware,COGS-2023-10-00163-DE01,cogs,1200_INVENTORY,0.0,22775.33,EXTERNAL,Inventory consumption,,HW-NET-RTR-P,C008
2023-10,DE01,Hardware,VARSELL-2023-10-00163-DE01,variable_selling,5300_VARIABLE_SELLING,1621.85,0.0,EXTERNAL,Variable selling and logistics,,HW-NET-RTR-P,C008
2023-10,DE01,Hardware,VARSELL-2023-10-00163-DE01,variable_selling,2100_AP,0.0,1621.85,EXTERNAL,Variable selling accrual,,HW-NET-RTR-P,C008
2023-10,DE01,Hardware,OPEX-2023-10-00163-DE01,opex,6000_OPEX,884.65,0.0,EXTERNAL,Non-people operating expenses,,HW-NET-RTR-P,C008
2023-10,DE01,Hardware,OPEX-2023-10-00163-DE01,opex,2100_AP,0.0,884.65,EXTERNAL,Non-people operating expense accrual,,HW-NET-RTR-P,C008
2023-10,DE01,Hardware,SALE-2023-10-00164-DE01,sale,1100_AR,13346.42,0.0,EXTERNAL,External customer invoice,,HW-SEN-RFID-E,C008
2023-10,DE01,Hardware,SALE-2023-10-00164-DE01,sale,4000_EXTERNAL_REVENUE,0.0,13346.42,EXTERNAL,External customer invoice,,HW-SEN-RFID-E,C008
2023-10,DE01,Hardware,COGS-2023-10-00164-DE01,cogs,5000_EXTERNAL_COGS,7961.72,0.0,EXTERNAL,External cost of sales at transfer price,,HW-SEN-RFID-E,C008
2023-10,DE01,Hardware,COGS-2023-10-00164-DE01,cogs,1200_INVENTORY,0.0,7961.72,EXTERNAL,Inventory consumption,,HW-SEN-RFID-E,C008
2023-10,DE01,Hardware,VARSELL-2023-10-00164-DE01,variable_selling,5300_VARIABLE_SELLING,792.78,0.0,EXTERNAL,Variable selling and logistics,,HW-SEN-RFID-E,C008
2023-10,DE01,Hardware,VARSELL-2023-10-00164-DE01,variable_selling,2100_AP,0.0,792.78,EXTERNAL,Variable selling accrual,,HW-SEN-RFID-E,C008
2023-10,DE01,Hardware,OPEX-2023-10-00164-DE01,opex,6000_OPEX,400.39,0.0,EXTERNAL,Non-people operating expenses,,HW-SEN-RFID-E,C008
2023-10,DE01,Hardware,OPEX-2023-10-00164-DE01,opex,2100_AP,0.0,400.39,EXTERNAL,Non-people operating expense accrual,,HW-SEN-RFID-E,C008
2023-10,DE01,Hardware,SALE-2023-10-00165-DE01,sale,1100_AR,14309.57,0.0,EXTERNAL,External customer invoice,,HW-SEN-BIO-E,C008
2023-10,DE01,Hardware,SALE-2023-10-00165-DE01,sale,4000_EXTERNAL_REVENUE,0.0,14309.57,EXTERNAL,External customer invoice,,HW-SEN-BIO-E,C008
2023-10,DE01,Hardware,COGS-2023-10-00165-DE01,cogs,5000_EXTERNAL_COGS,8816.59,0.0,EXTERNAL,External cost of sales at transfer price,,HW-SEN-BIO-E,C008
2023-10,DE01,Hardware,COGS-2023-10-00165-DE01,cogs,1200_INVENTORY,0.0,8816.59,EXTERNAL,Inventory consumption,,HW-SEN-BIO-E,C008
2023-10,DE01,Hardware,VARSELL-2023-10-00165-DE01,variable_selling,5300_VARIABLE_SELLING,849.99,0.0,EXTERNAL,Variable selling and logistics,,HW-SEN-BIO-E,C008
2023-10,DE01,Hardware,VARSELL-2023-10-00165-DE01,variable_selling,2100_AP,0.0,849.99,EXTERNAL,Variable selling accrual,,HW-SEN-BIO-E,C008
2023-10,DE01,Hardware,OPEX-2023-10-00165-DE01,opex,6000_OPEX,429.29,0.0,EXTERNAL,Non-people operating expenses,,HW-SEN-BIO-E,C008
2023-10,DE01,Hardware,OPEX-2023-10-00165-DE01,opex,2100_AP,0.0,429.29,EXTERNAL,Non-people operating expense accrual,,HW-SEN-BIO-E,C008
2023-10,DE01,Hardware,SALE-2023-10-00166-DE01,sale,1100_AR,18345.6,0.0,EXTERNAL,External customer invoice,,HW-SEN-BIO-P,C008
2023-10,DE01,Hardware,SALE-2023-10-00166-DE01,sale,4000_EXTERNAL_REVENUE,0.0,18345.6,EXTERNAL,External customer invoice,,HW-SEN-BIO-P,C008
2023-10,DE01,Hardware,COGS-2023-10-00166-DE01,cogs,5000_EXTERNAL_COGS,13313.64,0.0,EXTERNAL,External cost of sales at transfer price,,HW-SEN-BIO-P,C008
2023-10,DE01,Hardware,COGS-2023-10-00166-DE01,cogs,1200_INVENTORY,0.0,13313.64,EXTERNAL,Inventory consumption,,HW-SEN-BIO-P,C008
2023-10,DE01,Hardware,VARSELL-2023-10-00166-DE01,variable_selling,5300_VARIABLE_SELLING,1009.01,0.0,EXTERNAL,Variable selling and logistics,,HW-SEN-BIO-P,C008
2023-10,DE01,Hardware,VARSELL-2023-10-00166-DE01,variable_selling,2100_AP,0.0,1009.01,EXTERNAL,Variable selling accrual,,HW-SEN-BIO-P,C008
2023-10,DE01,Hardware,OPEX-2023-10-00166-DE01,opex,6000_OPEX,550.37,0.0,EXTERNAL,Non-people operating expenses,,HW-SEN-BIO-P,C008
2023-10,DE01,Hardware,OPEX-2023-10-00166-DE01,opex,2100_AP,0.0,550.37,EXTERNAL,Non-people operating expense accrual,,HW-SEN-BIO-P,C008
2023-10,DE01,Hardware,SALE-2023-10-00167-DE01,sale,1100_AR,28978.99,0.0,EXTERNAL,External customer invoice,,HW-SEN-CAM-X,C008
2023-10,DE01,Hardware,SALE-2023-10-00167-DE01,sale,4000_EXTERNAL_REVENUE,0.0,28978.99,EXTERNAL,External customer invoice,,HW-SEN-CAM-X,C008
2023-10,DE01,Hardware,COGS-2023-10-00167-DE01,cogs,5000_EXTERNAL_COGS,26275.04,0.0,EXTERNAL,External cost of sales at transfer price,,HW-SEN-CAM-X,C008
2023-10,DE01,Hardware,COGS-2023-10-00167-DE01,cogs,1200_INVENTORY,0.0,26275.04,EXTERNAL,Inventory consumption,,HW-SEN-CAM-X,C008
2023-10,DE01,Hardware,VARSELL-2023-10-00167-DE01,variable_selling,5300_VARIABLE_SELLING,1466.34,0.0,EXTERNAL,Variable selling and logistics,,HW-SEN-CAM-X,C008
2023-10,DE01,Hardware,VARSELL-2023-10-00167-DE01,variable_selling,2100_AP,0.0,1466.34,EXTERNAL,Variable selling accrual,,HW-SEN-CAM-X,C008
2023-10,DE01,Hardware,OPEX-2023-10-00167-DE01,opex,6000_OPEX,869.37,0.0,EXTERNAL,Non-people operating expenses,,HW-SEN-CAM-X,C008
2023-10,DE01,Hardware,OPEX-2023-10-00167-DE01,opex,2100_AP,0.0,869.37,EXTERNAL,Non-people operating expense accrual,,HW-SEN-CAM-X,C008
2023-10,DE01,Hardware,SALE-2023-10-00168-DE01,sale,1100_AR,16235.86,0.0,EXTERNAL,External customer invoice,,HW-SEN-HUB-E,C008
2023-10,DE01,Hardware,SALE-2023-10-00168-DE01,sale,4000_EXTERNAL_REVENUE,0.0,16235.86,EXTERNAL,External customer invoice,,HW-SEN-HUB-E,C008
2023-10,DE01,Hardware,COGS-2023-10-00168-DE01,cogs,5000_EXTERNAL_COGS,10639.54,0.0,EXTERNAL,External cost of sales at transfer price,,HW-SEN-HUB-E,C008
2023-10,DE01,Hardware,COGS-2023-10-00168-DE01,cogs,1200_INVENTORY,0.0,10639.54,EXTERNAL,Inventory consumption,,HW-SEN-HUB-E,C008
2023-10,DE01,Hardware,VARSELL-2023-10-00168-DE01,variable_selling,5300_VARIABLE_SELLING,964.41,0.0,EXTERNAL,Variable selling and logistics,,HW-SEN-HUB-E,C008
2023-10,DE01,Hardware,VARSELL-2023-10-00168-DE01,variable_selling,2100_AP,0.0,964.41,EXTERNAL,Variable selling accrual,,HW-SEN-HUB-E,C008
2023-10,DE01,Hardware,OPEX-2023-10-00168-DE01,opex,6000_OPEX,487.08,0.0,EXTERNAL,Non-people operating expenses,,HW-SEN-HUB-E,C008
2023-10,DE01,Hardware,OPEX-2023-10-00168-DE01,opex,2100_AP,0.0,487.08,EXTERNAL,Non-people operating expense accrual,,HW-SEN-HUB-E,C008
2023-10,DE01,Hardware,SALE-2023-10-00169-DE01,sale,1100_AR,45153.5,0.0,EXTERNAL,External customer invoice,,HW-CTL-MCU-P,C009
2023-10,DE01,Hardware,SALE-2023-10-00169-DE01,sale,4000_EXTERNAL_REVENUE,0.0,45153.5,EXTERNAL,External customer invoice,,HW-CTL-MCU-P,C009
2023-10,DE01,Hardware,COGS-2023-10-00169-DE01,cogs,5000_EXTERNAL_COGS,31715.44,0.0,EXTERNAL,External cost of sales at transfer price,,HW-CTL-MCU-P,C009
2023-10,DE01,Hardware,COGS-2023-10-00169-DE01,cogs,1200_INVENTORY,0.0,31715.44,EXTERNAL,Inventory consumption,,HW-CTL-MCU-P,C009
2023-10,DE01,Hardware,VARSELL-2023-10-00169-DE01,variable_selling,5300_VARIABLE_SELLING,2483.44,0.0,EXTERNAL,Variable selling and logistics,,HW-CTL-MCU-P,C009
2023-10,DE01,Hardware,VARSELL-2023-10-00169-DE01,variable_selling,2100_AP,0.0,2483.44,EXTERNAL,Variable selling accrual,,HW-CTL-MCU-P,C009
2023-10,DE01,Hardware,OPEX-2023-10-00169-DE01,opex,6000_OPEX,1354.61,0.0,EXTERNAL,Non-people operating expenses,,HW-CTL-MCU-P,C009
2023-10,DE01,Hardware,OPEX-2023-10-00169-DE01,opex,2100_AP,0.0,1354.61,EXTERNAL,Non-people operating expense accrual,,HW-CTL-MCU-P,C009
2023-10,DE01,Hardware,SALE-2023-10-00170-DE01,sale,1100_AR,33413.59,0.0,EXTERNAL,External customer invoice,,HW-CTL-MCU-X,C009
2023-10,DE01,Hardware,SALE-2023-10-00170-DE01,sale,4000_EXTERNAL_REVENUE,0.0,33413.59,EXTERNAL,External customer invoice,,HW-CTL-MCU-X,C009
2023-10,DE01,Hardware,COGS-2023-10-00170-DE01,cogs,5000_EXTERNAL_COGS,28394.52,0.0,EXTERNAL,External cost of sales at transfer price,,HW-CTL-MCU-X,C009
2023-10,DE01,Hardware,COGS-2023-10-00170-DE01,cogs,1200_INVENTORY,0.0,28394.52,EXTERNAL,Inventory consumption,,HW-CTL-MCU-X,C009
2023-10,DE01,Hardware,VARSELL-2023-10-00170-DE01,variable_selling,5300_VARIABLE_SELLING,1690.73,0.0,EXTERNAL,Variable selling and logistics,,HW-CTL-MCU-X,C009
2023-10,DE01,Hardware,VARSELL-2023-10-00170-DE01,variable_selling,2100_AP,0.0,1690.73,EXTERNAL,Variable selling accrual,,HW-CTL-MCU-X,C009
2023-10,DE01,Hardware,OPEX-2023-10-00170-DE01,opex,6000_OPEX,1002.41,0.0,EXTERNAL,Non-people operating expenses,,HW-CTL-MCU-X,C009
2023-10,DE01,Hardware,OPEX-2023-10-00170-DE01,opex,2100_AP,0.0,1002.41,EXTERNAL,Non-people operating expense accrual,,HW-CTL-MCU-X,C009
2023-10,DE01,Hardware,SALE-2023-10-00171-DE01,sale,1100_AR,38236.17,0.0,EXTERNAL,External customer invoice,,HW-CTL-RDN-X,C009
2023-10,DE01,Hardware,SALE-2023-10-00171-DE01,sale,4000_EXTERNAL_REVENUE,0.0,38236.17,EXTERNAL,External customer invoice,,HW-CTL-RDN-X,C009
2023-10,DE01,Hardware,COGS-2023-10-00171-DE01,cogs,5000_EXTERNAL_COGS,34668.46,0.0,EXTERNAL,External cost of sales at transfer price,,HW-CTL-RDN-X,C009
2023-10,DE01,Hardware,COGS-2023-10-00171-DE01,cogs,1200_INVENTORY,0.0,34668.46,EXTERNAL,Inventory consumption,,HW-CTL-RDN-X,C009
2023-10,DE01,Hardware,VARSELL-2023-10-00171-DE01,variable_selling,5300_VARIABLE_SELLING,1934.75,0.0,EXTERNAL,Variable selling and logistics,,HW-CTL-RDN-X,C009
2023-10,DE01,Hardware,VARSELL-2023-10-00171-DE01,variable_selling,2100_AP,0.0,1934.75,EXTERNAL,Variable selling accrual,,HW-CTL-RDN-X,C009
2023-10,DE01,Hardware,OPEX-2023-10-00171-DE01,opex,6000_OPEX,1147.09,0.0,EXTERNAL,Non-people operating expenses,,HW-CTL-RDN-X,C009
2023-10,DE01,Hardware,OPEX-2023-10-00171-DE01,opex,2100_AP,0.0,1147.09,EXTERNAL,Non-people operating expense accrual,,HW-CTL-RDN-X,C009
2023-10,DE01,Hardware,SALE-2023-10-00172-DE01,sale,1100_AR,42844.62,0.0,EXTERNAL,External customer invoice,,HW-CTL-SAF-E,C009
2023-10,DE01,Hardware,SALE-2023-10-00172-DE01,sale,4000_EXTERNAL_REVENUE,0.0,42844.62,EXTERNAL,External customer invoice,,HW-CTL-SAF-E,C009
2023-10,DE01,Hardware,COGS-2023-10-00172-DE01,cogs,5000_EXTERNAL_COGS,28076.57,0.0,EXTERNAL,External cost of sales at transfer price,,HW-CTL-SAF-E,C009
2023-10,DE01,Hardware,COGS-2023-10-00172-DE01,cogs,1200_INVENTORY,0.0,28076.57,EXTERNAL,Inventory consumption,,HW-CTL-SAF-E,C009
2023-10,DE01,Hardware,VARSELL-2023-10-00172-DE01,variable_selling,5300_VARIABLE_SELLING,2544.97,0.0,EXTERNAL,Variable selling and logistics,,HW-CTL-SAF-E,C009
2023-10,DE01,Hardware,VARSELL-2023-10-00172-DE01,variable_selling,2100_AP,0.0,2544.97,EXTERNAL,Variable selling accrual,,HW-CTL-SAF-E,C009
2023-10,DE01,Hardware,OPEX-2023-10-00172-DE01,opex,6000_OPEX,1285.34,0.0,EXTERNAL,Non-people operating expenses,,HW-CTL-SAF-E,C009
2023-10,DE01,Hardware,OPEX-2023-10-00172-DE01,opex,2100_AP,0.0,1285.34,EXTERNAL,Non-people operating expense accrual,,HW-CTL-SAF-E,C009
2023-10,DE01,Hardware,SALE-2023-10-00173-DE01,sale,1100_AR,26616.8,0.0,EXTERNAL,External customer invoice,,HW-EDG-GTW-P,C009
2023-10,DE01,Hardware,SALE-2023-10-00173-DE01,sale,4000_EXTERNAL_REVENUE,0.0,26616.8,EXTERNAL,External customer invoice,,HW-EDG-GTW-P,C009
2023-10,DE01,Hardware,COGS-2023-10-00173-DE01,cogs,5000_EXTERNAL_COGS,18695.42,0.0,EXTERNAL,External cost of sales at transfer price,,HW-EDG-GTW-P,C009
2023-10,DE01,Hardware,COGS-2023-10-00173-DE01,cogs,1200_INVENTORY,0.0,18695.42,EXTERNAL,Inventory consumption,,HW-EDG-GTW-P,C009
2023-10,DE01,Hardware,VARSELL-2023-10-00173-DE01,variable_selling,5300_VARIABLE_SELLING,1463.92,0.0,EXTERNAL,Variable selling and logistics,,HW-EDG-GTW-P,C009
2023-10,DE01,Hardware,VARSELL-2023-10-00173-DE01,variable_selling,2100_AP,0.0,1463.92,EXTERNAL,Variable selling accrual,,HW-EDG-GTW-P,C009
2023-10,DE01,Hardware,OPEX-2023-10-00173-DE01,opex,6000_OPEX,798.5,0.0,EXTERNAL,Non-people operating expenses,,HW-EDG-GTW-P,C009
2023-10,DE01,Hardware,OPEX-2023-10-00173-DE01,opex,2100_AP,0.0,798.5,EXTERNAL,Non-people operating expense accrual,,HW-EDG-GTW-P,C009
2023-10,DE01,Hardware,SALE-2023-10-00174-DE01,sale,1100_AR,39392.86,0.0,EXTERNAL,External customer invoice,,HW-EDG-GTW-X,C009
2023-10,DE01,Hardware,SALE-2023-10-00174-DE01,sale,4000_EXTERNAL_REVENUE,0.0,39392.86,EXTERNAL,External customer invoice,,HW-EDG-GTW-X,C009
2023-10,DE01,Hardware,COGS-2023-10-00174-DE01,cogs,5000_EXTERNAL_COGS,33475.65,0.0,EXTERNAL,External cost of sales at transfer price,,HW-EDG-GTW-X,C009
2023-10,DE01,Hardware,COGS-2023-10-00174-DE01,cogs,1200_INVENTORY,0.0,33475.65,EXTERNAL,Inventory consumption,,HW-EDG-GTW-X,C009
2023-10,DE01,Hardware,VARSELL-2023-10-00174-DE01,variable_selling,5300_VARIABLE_SELLING,1993.28,0.0,EXTERNAL,Variable selling and logistics,,HW-EDG-GTW-X,C009
2023-10,DE01,Hardware,VARSELL-2023-10-00174-DE01,variable_selling,2100_AP,0.0,1993.28,EXTERNAL,Variable selling accrual,,HW-EDG-GTW-X,C009
2023-10,DE01,Hardware,OPEX-2023-10-00174-DE01,opex,6000_OPEX,1181.79,0.0,EXTERNAL,Non-people operating expenses,,HW-EDG-GTW-X,C009
2023-10,DE01,Hardware,OPEX-2023-10-00174-DE01,opex,2100_AP,0.0,1181.79,EXTERNAL,Non-people operating expense accrual,,HW-EDG-GTW-X,C009
2023-10,DE01,Hardware,SALE-2023-10-00175-DE01,sale,1100_AR,44518.66,0.0,EXTERNAL,External customer invoice,,HW-EDG-SEC-E,C009
2023-10,DE01,Hardware,SALE-2023-10-00175-DE01,sale,4000_EXTERNAL_REVENUE,0.0,44518.66,EXTERNAL,External customer invoice,,HW-EDG-SEC-E,C009
2023-10,DE01,Hardware,COGS-2023-10-00175-DE01,cogs,5000_EXTERNAL_COGS,27429.39,0.0,EXTERNAL,External cost of sales at transfer price,,HW-EDG-SEC-E,C009
2023-10,DE01,Hardware,COGS-2023-10-00175-DE01,cogs,1200_INVENTORY,0.0,27429.39,EXTERNAL,Inventory consumption,,HW-EDG-SEC-E,C009
2023-10,DE01,Hardware,VARSELL-2023-10-00175-DE01,variable_selling,5300_VARIABLE_SELLING,2644.41,0.0,EXTERNAL,Variable selling and logistics,,HW-EDG-SEC-E,C009
2023-10,DE01,Hardware,VARSELL-2023-10-00175-DE01,variable_selling,2100_AP,0.0,2644.41,EXTERNAL,Variable selling accrual,,HW-EDG-SEC-E,C009
2023-10,DE01,Hardware,OPEX-2023-10-00175-DE01,opex,6000_OPEX,1335.56,0.0,EXTERNAL,Non-people operating expenses,,HW-EDG-SEC-E,C009
2023-10,DE01,Hardware,OPEX-2023-10-00175-DE01,opex,2100_AP,0.0,1335.56,EXTERNAL,Non-people operating expense accrual,,HW-EDG-SEC-E,C009
2023-10,DE01,Hardware,SALE-2023-10-00176-DE01,sale,1100_AR,28537.6,0.0,EXTERNAL,External customer invoice,,HW-EDG-SEC-P,C009
2023-10,DE01,Hardware,SALE-2023-10-00176-DE01,sale,4000_EXTERNAL_REVENUE,0.0,28537.6,EXTERNAL,External customer invoice,,HW-EDG-SEC-P,C009
2023-10,DE01,Hardware,COGS-2023-10-00176-DE01,cogs,5000_EXTERNAL_COGS,20710.09,0.0,EXTERNAL,External cost of sales at transfer price,,HW-EDG-SEC-P,C009
2023-10,DE01,Hardware,COGS-2023-10-00176-DE01,cogs,1200_INVENTORY,0.0,20710.09,EXTERNAL,Inventory consumption,,HW-EDG-SEC-P,C009
2023-10,DE01,Hardware,VARSELL-2023-10-00176-DE01,variable_selling,5300_VARIABLE_SELLING,1569.57,0.0,EXTERNAL,Variable selling and logistics,,HW-EDG-SEC-P,C009
2023-10,DE01,Hardware,VARSELL-2023-10-00176-DE01,variable_selling,2100_AP,0.0,1569.57,EXTERNAL,Variable selling accrual,,HW-EDG-SEC-P,C009
2023-10,DE01,Hardware,OPEX-2023-10-00176-DE01,opex,6000_OPEX,856.13,0.0,EXTERNAL,Non-people operating expenses,,HW-EDG-SEC-P,C009
2023-10,DE01,Hardware,OPEX-2023-10-00176-DE01,opex,2100_AP,0.0,856.13,EXTERNAL,Non-people operating expense accrual,,HW-EDG-SEC-P,C009
2023-10,DE01,Hardware,SALE-2023-10-00177-DE01,sale,1100_AR,30458.4,0.0,EXTERNAL,External customer invoice,,HW-EDG-CMP-P,C009
2023-10,DE01,Hardware,SALE-2023-10-00177-DE01,sale,4000_EXTERNAL_REVENUE,0.0,30458.4,EXTERNAL,External customer invoice,,HW-EDG-CMP-P,C009
2023-10,DE01,Hardware,COGS-2023-10-00177-DE01,cogs,5000_EXTERNAL_COGS,22814.36,0.0,EXTERNAL,External cost of sales at transfer price,,HW-EDG-CMP-P,C009
2023-10,DE01,Hardware,COGS-2023-10-00177-DE01,cogs,1200_INVENTORY,0.0,22814.36,EXTERNAL,Inventory consumption,,HW-EDG-CMP-P,C009
2023-10,DE01,Hardware,VARSELL-2023-10-00177-DE01,variable_selling,5300_VARIABLE_SELLING,1675.21,0.0,EXTERNAL,Variable selling and logistics,,HW-EDG-CMP-P,C009
2023-10,DE01,Hardware,VARSELL-2023-10-00177-DE01,variable_selling,2100_AP,0.0,1675.21,EXTERNAL,Variable selling accrual,,HW-EDG-CMP-P,C009
2023-10,DE01,Hardware,OPEX-2023-10-00177-DE01,opex,6000_OPEX,913.75,0.0,EXTERNAL,Non-people operating expenses,,HW-EDG-CMP-P,C009
2023-10,DE01,Hardware,OPEX-2023-10-00177-DE01,opex,2100_AP,0.0,913.75,EXTERNAL,Non-people operating expense accrual,,HW-EDG-CMP-P,C009
2023-10,DE01,Hardware,SALE-2023-10-00178-DE01,sale,1100_AR,45078.43,0.0,EXTERNAL,External customer invoice,,HW-EDG-CMP-X,C009
2023-10,DE01,Hardware,SALE-2023-10-00178-DE01,sale,4000_EXTERNAL_REVENUE,0.0,45078.43,EXTERNAL,External customer invoice,,HW-EDG-CMP-X,C009
2023-10,DE01,Hardware,COGS-2023-10-00178-DE01,cogs,5000_EXTERNAL_COGS,40872.29,0.0,EXTERNAL,External cost of sales at transfer price,,HW-EDG-CMP-X,C009
2023-10,DE01,Hardware,COGS-2023-10-00178-DE01,cogs,1200_INVENTORY,0.0,40872.29,EXTERNAL,Inventory consumption,,HW-EDG-CMP-X,C009
2023-10,DE01,Hardware,VARSELL-2023-10-00178-DE01,variable_selling,5300_VARIABLE_SELLING,2280.97,0.0,EXTERNAL,Variable selling and logistics,,HW-EDG-CMP-X,C009
2023-10,DE01,Hardware,VARSELL-2023-10-00178-DE01,variable_selling,2100_AP,0.0,2280.97,EXTERNAL,Variable selling accrual,,HW-EDG-CMP-X,C009
2023-10,DE01,Hardware,OPEX-2023-10-00178-DE01,opex,6000_OPEX,1352.35,0.0,EXTERNAL,Non-people operating expenses,,HW-EDG-CMP-X,C009
2023-10,DE01,Hardware,OPEX-2023-10-00178-DE01,opex,2100_AP,0.0,1352.35,EXTERNAL,Non-people operating expense accrual,,HW-EDG-CMP-X,C009
2023-10,DE01,Hardware,SALE-2023-10-00179-DE01,sale,1100_AR,25255.78,0.0,EXTERNAL,External customer invoice,,HW-EDG-AI-E,C009
2023-10,DE01,Hardware,SALE-2023-10-00179-DE01,sale,4000_EXTERNAL_REVENUE,0.0,25255.78,EXTERNAL,External customer invoice,,HW-EDG-AI-E,C009
2023-10,DE01,Hardware,COGS-2023-10-00179-DE01,cogs,5000_EXTERNAL_COGS,16550.4,0.0,EXTERNAL,External cost of sales at transfer price,,HW-EDG-AI-E,C009
2023-10,DE01,Hardware,COGS-2023-10-00179-DE01,cogs,1200_INVENTORY,0.0,16550.4,EXTERNAL,Inventory consumption,,HW-EDG-AI-E,C009
2023-10,DE01,Hardware,VARSELL-2023-10-00179-DE01,variable_selling,5300_VARIABLE_SELLING,1500.19,0.0,EXTERNAL,Variable selling and logistics,,HW-EDG-AI-E,C009
2023-10,DE01,Hardware,VARSELL-2023-10-00179-DE01,variable_selling,2100_AP,0.0,1500.19,EXTERNAL,Variable selling accrual,,HW-EDG-AI-E,C009
2023-10,DE01,Hardware,OPEX-2023-10-00179-DE01,opex,6000_OPEX,757.67,0.0,EXTERNAL,Non-people operating expenses,,HW-EDG-AI-E,C009
2023-10,DE01,Hardware,OPEX-2023-10-00179-DE01,opex,2100_AP,0.0,757.67,EXTERNAL,Non-people operating expense accrual,,HW-EDG-AI-E,C009
2023-10,DE01,Hardware,SALE-2023-10-00180-DE01,sale,1100_AR,32379.2,0.0,EXTERNAL,External customer invoice,,HW-EDG-AI-P,C009
2023-10,DE01,Hardware,SALE-2023-10-00180-DE01,sale,4000_EXTERNAL_REVENUE,0.0,32379.2,EXTERNAL,External customer invoice,,HW-EDG-AI-P,C009
2023-10,DE01,Hardware,COGS-2023-10-00180-DE01,cogs,5000_EXTERNAL_COGS,25008.22,0.0,EXTERNAL,External cost of sales at transfer price,,HW-EDG-AI-P,C009
2023-10,DE01,Hardware,COGS-2023-10-00180-DE01,cogs,1200_INVENTORY,0.0,25008.22,EXTERNAL,Inventory consumption,,HW-EDG-AI-P,C009
2023-10,DE01,Hardware,VARSELL-2023-10-00180-DE01,variable_selling,5300_VARIABLE_SELLING,1780.86,0.0,EXTERNAL,Variable selling and logistics,,HW-EDG-AI-P,C009
2023-10,DE01,Hardware,VARSELL-2023-10-00180-DE01,variable_selling,2100_AP,0.0,1780.86,EXTERNAL,Variable selling accrual,,HW-EDG-AI-P,C009
2023-10,DE01,Hardware,OPEX-2023-10-00180-DE01,opex,6000_OPEX,971.38,0.0,EXTERNAL,Non-people operating expenses,,HW-EDG-AI-P,C009
2023-10,DE01,Hardware,OPEX-2023-10-00180-DE01,opex,2100_AP,0.0,971.38,EXTERNAL,Non-people operating expense accrual,,HW-EDG-AI-P,C009
2023-10,DE01,Hardware,SALE-2023-10-00181-DE01,sale,1100_AR,34978.94,0.0,EXTERNAL,External customer invoice,,HW-TRM-KSK-E,C009
2023-10,DE01,Hardware,SALE-2023-10-00181-DE01,sale,4000_EXTERNAL_REVENUE,0.0,34978.94,EXTERNAL,External customer invoice,,HW-TRM-KSK-E,C009
2023-10,DE01,Hardware,COGS-2023-10-00181-DE01,cogs,5000_EXTERNAL_COGS,21551.66,0.0,EXTERNAL,External cost of sales at transfer price,,HW-TRM-KSK-E,C009
2023-10,DE01,Hardware,COGS-2023-10-00181-DE01,cogs,1200_INVENTORY,0.0,21551.66,EXTERNAL,Inventory consumption,,HW-TRM-KSK-E,C009
2023-10,DE01,Hardware,VARSELL-2023-10-00181-DE01,variable_selling,5300_VARIABLE_SELLING,2077.75,0.0,EXTERNAL,Variable selling and logistics,,HW-TRM-KSK-E,C009
2023-10,DE01,Hardware,VARSELL-2023-10-00181-DE01,variable_selling,2100_AP,0.0,2077.75,EXTERNAL,Variable selling accrual,,HW-TRM-KSK-E,C009
2023-10,DE01,Hardware,OPEX-2023-10-00181-DE01,opex,6000_OPEX,1049.37,0.0,EXTERNAL,Non-people operating expenses,,HW-TRM-KSK-E,C009
2023-10,DE01,Hardware,OPEX-2023-10-00181-DE01,opex,2100_AP,0.0,1049.37,EXTERNAL,Non-people operating expense accrual,,HW-TRM-KSK-E,C009
2023-10,DE01,Hardware,SALE-2023-10-00182-DE01,sale,1100_AR,35418.77,0.0,EXTERNAL,External customer invoice,,HW-TRM-MOB-X,C009
2023-10,DE01,Hardware,SALE-2023-10-00182-DE01,sale,4000_EXTERNAL_REVENUE,0.0,35418.77,EXTERNAL,External customer invoice,,HW-TRM-MOB-X,C009
2023-10,DE01,Hardware,COGS-2023-10-00182-DE01,cogs,5000_EXTERNAL_COGS,32113.95,0.0,EXTERNAL,External cost of sales at transfer price,,HW-TRM-MOB-X,C009
2023-10,DE01,Hardware,COGS-2023-10-00182-DE01,cogs,1200_INVENTORY,0.0,32113.95,EXTERNAL,Inventory consumption,,HW-TRM-MOB-X,C009
2023-10,DE01,Hardware,VARSELL-2023-10-00182-DE01,variable_selling,5300_VARIABLE_SELLING,1792.19,0.0,EXTERNAL,Variable selling and logistics,,HW-TRM-MOB-X,C009
2023-10,DE01,Hardware,VARSELL-2023-10-00182-DE01,variable_selling,2100_AP,0.0,1792.19,EXTERNAL,Variable selling accrual,,HW-TRM-MOB-X,C009
2023-10,DE01,Hardware,OPEX-2023-10-00182-DE01,opex,6000_OPEX,1062.56,0.0,EXTERNAL,Non-people operating expenses,,HW-TRM-MOB-X,C009
2023-10,DE01,Hardware,OPEX-2023-10-00182-DE01,opex,2100_AP,0.0,1062.56,EXTERNAL,Non-people operating expense accrual,,HW-TRM-MOB-X,C009
2023-10,DE01,Hardware,SALE-2023-10-00183-DE01,sale,1100_AR,37652.38,0.0,EXTERNAL,External customer invoice,,HW-TRM-RUG-X,C009
2023-10,DE01,Hardware,SALE-2023-10-00183-DE01,sale,4000_EXTERNAL_REVENUE,0.0,37652.38,EXTERNAL,External customer invoice,,HW-TRM-RUG-X,C009
2023-10,DE01,Hardware,COGS-2023-10-00183-DE01,cogs,5000_EXTERNAL_COGS,35210.41,0.0,EXTERNAL,External cost of sales at transfer price,,HW-TRM-RUG-X,C009
2023-10,DE01,Hardware,COGS-2023-10-00183-DE01,cogs,1200_INVENTORY,0.0,35210.41,EXTERNAL,Inventory consumption,,HW-TRM-RUG-X,C009
2023-10,DE01,Hardware,VARSELL-2023-10-00183-DE01,variable_selling,5300_VARIABLE_SELLING,1905.21,0.0,EXTERNAL,Variable selling and logistics,,HW-TRM-RUG-X,C009
2023-10,DE01,Hardware,VARSELL-2023-10-00183-DE01,variable_selling,2100_AP,0.0,1905.21,EXTERNAL,Variable selling accrual,,HW-TRM-RUG-X,C009
2023-10,DE01,Hardware,OPEX-2023-10-00183-DE01,opex,6000_OPEX,1129.57,0.0,EXTERNAL,Non-people operating expenses,,HW-TRM-RUG-X,C009
2023-10,DE01,Hardware,OPEX-2023-10-00183-DE01,opex,2100_AP,0.0,1129.57,EXTERNAL,Non-people operating expense accrual,,HW-TRM-RUG-X,C009
2023-10,DE01,Hardware,SALE-2023-10-00184-DE01,sale,1100_AR,37814.86,0.0,EXTERNAL,External customer invoice,,HW-NET-ACC-E,C009
2023-10,DE01,Hardware,SALE-2023-10-00184-DE01,sale,4000_EXTERNAL_REVENUE,0.0,37814.86,EXTERNAL,External customer invoice,,HW-NET-ACC-E,C009
2023-10,DE01,Hardware,COGS-2023-10-00184-DE01,cogs,5000_EXTERNAL_COGS,22558.2,0.0,EXTERNAL,External cost of sales at transfer price,,HW-NET-ACC-E,C009
2023-10,DE01,Hardware,COGS-2023-10-00184-DE01,cogs,1200_INVENTORY,0.0,22558.2,EXTERNAL,Inventory consumption,,HW-NET-ACC-E,C009
2023-10,DE01,Hardware,VARSELL-2023-10-00184-DE01,variable_selling,5300_VARIABLE_SELLING,2246.2,0.0,EXTERNAL,Variable selling and logistics,,HW-NET-ACC-E,C009
2023-10,DE01,Hardware,VARSELL-2023-10-00184-DE01,variable_selling,2100_AP,0.0,2246.2,EXTERNAL,Variable selling accrual,,HW-NET-ACC-E,C009
2023-10,DE01,Hardware,OPEX-2023-10-00184-DE01,opex,6000_OPEX,1134.45,0.0,EXTERNAL,Non-people operating expenses,,HW-NET-ACC-E,C009
2023-10,DE01,Hardware,OPEX-2023-10-00184-DE01,opex,2100_AP,0.0,1134.45,EXTERNAL,Non-people operating expense accrual,,HW-NET-ACC-E,C009
2023-10,DE01,Hardware,SALE-2023-10-00185-DE01,sale,1100_AR,24240.3,0.0,EXTERNAL,External customer invoice,,HW-NET-ACC-P,C009
2023-10,DE01,Hardware,SALE-2023-10-00185-DE01,sale,4000_EXTERNAL_REVENUE,0.0,24240.3,EXTERNAL,External customer invoice,,HW-NET-ACC-P,C009
2023-10,DE01,Hardware,COGS-2023-10-00185-DE01,cogs,5000_EXTERNAL_COGS,17026.18,0.0,EXTERNAL,External cost of sales at transfer price,,HW-NET-ACC-P,C009
2023-10,DE01,Hardware,COGS-2023-10-00185-DE01,cogs,1200_INVENTORY,0.0,17026.18,EXTERNAL,Inventory consumption,,HW-NET-ACC-P,C009
2023-10,DE01,Hardware,VARSELL-2023-10-00185-DE01,variable_selling,5300_VARIABLE_SELLING,1333.22,0.0,EXTERNAL,Variable selling and logistics,,HW-NET-ACC-P,C009
2023-10,DE01,Hardware,VARSELL-2023-10-00185-DE01,variable_selling,2100_AP,0.0,1333.22,EXTERNAL,Variable selling accrual,,HW-NET-ACC-P,C009
2023-10,DE01,Hardware,OPEX-2023-10-00185-DE01,opex,6000_OPEX,727.21,0.0,EXTERNAL,Non-people operating expenses,,HW-NET-ACC-P,C009
2023-10,DE01,Hardware,OPEX-2023-10-00185-DE01,opex,2100_AP,0.0,727.21,EXTERNAL,Non-people operating expense accrual,,HW-NET-ACC-P,C009
2023-10,DE01,Hardware,SALE-2023-10-00186-DE01,sale,1100_AR,25989.6,0.0,EXTERNAL,External customer invoice,,HW-NET-SWC-P,C009
2023-10,DE01,Hardware,SALE-2023-10-00186-DE01,sale,4000_EXTERNAL_REVENUE,0.0,25989.6,EXTERNAL,External customer invoice,,HW-NET-SWC-P,C009
2023-10,DE01,Hardware,COGS-2023-10-00186-DE01,cogs,5000_EXTERNAL_COGS,18860.98,0.0,EXTERNAL,External cost of sales at transfer price,,HW-NET-SWC-P,C009
2023-10,DE01,Hardware,COGS-2023-10-00186-DE01,cogs,1200_INVENTORY,0.0,18860.98,EXTERNAL,Inventory consumption,,HW-NET-SWC-P,C009
2023-10,DE01,Hardware,VARSELL-2023-10-00186-DE01,variable_selling,5300_VARIABLE_SELLING,1429.43,0.0,EXTERNAL,Variable selling and logistics,,HW-NET-SWC-P,C009
2023-10,DE01,Hardware,VARSELL-2023-10-00186-DE01,variable_selling,2100_AP,0.0,1429.43,EXTERNAL,Variable selling accrual,,HW-NET-SWC-P,C009
2023-10,DE01,Hardware,OPEX-2023-10-00186-DE01,opex,6000_OPEX,779.69,0.0,EXTERNAL,Non-people operating expenses,,HW-NET-SWC-P,C009
2023-10,DE01,Hardware,OPEX-2023-10-00186-DE01,opex,2100_AP,0.0,779.69,EXTERNAL,Non-people operating expense accrual,,HW-NET-SWC-P,C009
2023-10,DE01,Hardware,SALE-2023-10-00187-DE01,sale,1100_AR,38464.61,0.0,EXTERNAL,External customer invoice,,HW-NET-SWC-X,C009
2023-10,DE01,Hardware,SALE-2023-10-00187-DE01,sale,4000_EXTERNAL_REVENUE,0.0,38464.61,EXTERNAL,External customer invoice,,HW-NET-SWC-X,C009
2023-10,DE01,Hardware,COGS-2023-10-00187-DE01,cogs,5000_EXTERNAL_COGS,33781.2,0.0,EXTERNAL,External cost of sales at transfer price,,HW-NET-SWC-X,C009
2023-10,DE01,Hardware,COGS-2023-10-00187-DE01,cogs,1200_INVENTORY,0.0,33781.2,EXTERNAL,Inventory consumption,,HW-NET-SWC-X,C009
2023-10,DE01,Hardware,VARSELL-2023-10-00187-DE01,variable_selling,5300_VARIABLE_SELLING,1946.31,0.0,EXTERNAL,Variable selling and logistics,,HW-NET-SWC-X,C009
2023-10,DE01,Hardware,VARSELL-2023-10-00187-DE01,variable_selling,2100_AP,0.0,1946.31,EXTERNAL,Variable selling accrual,,HW-NET-SWC-X,C009
2023-10,DE01,Hardware,OPEX-2023-10-00187-DE01,opex,6000_OPEX,1153.94,0.0,EXTERNAL,Non-people operating expenses,,HW-NET-SWC-X,C009
2023-10,DE01,Hardware,OPEX-2023-10-00187-DE01,opex,2100_AP,0.0,1153.94,EXTERNAL,Non-people operating expense accrual,,HW-NET-SWC-X,C009
2023-10,DE01,Hardware,SALE-2023-10-00188-DE01,sale,1100_AR,21636.34,0.0,EXTERNAL,External customer invoice,,HW-NET-DST-E,C009
2023-10,DE01,Hardware,SALE-2023-10-00188-DE01,sale,4000_EXTERNAL_REVENUE,0.0,21636.34,EXTERNAL,External customer invoice,,HW-NET-DST-E,C009
2023-10,DE01,Hardware,COGS-2023-10-00188-DE01,cogs,5000_EXTERNAL_COGS,13754.7,0.0,EXTERNAL,External cost of sales at transfer price,,HW-NET-DST-E,C009
2023-10,DE01,Hardware,COGS-2023-10-00188-DE01,cogs,1200_INVENTORY,0.0,13754.7,EXTERNAL,Inventory consumption,,HW-NET-DST-E,C009
2023-10,DE01,Hardware,VARSELL-2023-10-00188-DE01,variable_selling,5300_VARIABLE_SELLING,1285.2,0.0,EXTERNAL,Variable selling and logistics,,HW-NET-DST-E,C009
2023-10,DE01,Hardware,VARSELL-2023-10-00188-DE01,variable_selling,2100_AP,0.0,1285.2,EXTERNAL,Variable selling accrual,,HW-NET-DST-E,C009
2023-10,DE01,Hardware,OPEX-2023-10-00188-DE01,opex,6000_OPEX,649.09,0.0,EXTERNAL,Non-people operating expenses,,HW-NET-DST-E,C009
2023-10,DE01,Hardware,OPEX-2023-10-00188-DE01,opex,2100_AP,0.0,649.09,EXTERNAL,Non-people operating expense accrual,,HW-NET-DST-E,C009
2023-10,DE01,Hardware,SALE-2023-10-00189-DE01,sale,1100_AR,41053.57,0.0,EXTERNAL,External customer invoice,,HW-NET-DST-X,C009
2023-10,DE01,Hardware,SALE-2023-10-00189-DE01,sale,4000_EXTERNAL_REVENUE,0.0,41053.57,EXTERNAL,External customer invoice,,HW-NET-DST-X,C009
2023-10,DE01,Hardware,COGS-2023-10-00189-DE01,cogs,5000_EXTERNAL_COGS,37222.98,0.0,EXTERNAL,External cost of sales at transfer price,,HW-NET-DST-X,C009
2023-10,DE01,Hardware,COGS-2023-10-00189-DE01,cogs,1200_INVENTORY,0.0,37222.98,EXTERNAL,Inventory consumption,,HW-NET-DST-X,C009
2023-10,DE01,Hardware,VARSELL-2023-10-00189-DE01,variable_selling,5300_VARIABLE_SELLING,2077.31,0.0,EXTERNAL,Variable selling and logistics,,HW-NET-DST-X,C009
2023-10,DE01,Hardware,VARSELL-2023-10-00189-DE01,variable_selling,2100_AP,0.0,2077.31,EXTERNAL,Variable selling accrual,,HW-NET-DST-X,C009
2023-10,DE01,Hardware,OPEX-2023-10-00189-DE01,opex,6000_OPEX,1231.61,0.0,EXTERNAL,Non-people operating expenses,,HW-NET-DST-X,C009
2023-10,DE01,Hardware,OPEX-2023-10-00189-DE01,opex,2100_AP,0.0,1231.61,EXTERNAL,Non-people operating expense accrual,,HW-NET-DST-X,C009
2023-10,DE01,Hardware,SALE-2023-10-00190-DE01,sale,1100_AR,23000.8,0.0,EXTERNAL,External customer invoice,,HW-NET-RTR-E,C009
2023-10,DE01,Hardware,SALE-2023-10-00190-DE01,sale,4000_EXTERNAL_REVENUE,0.0,23000.8,EXTERNAL,External customer invoice,,HW-NET-RTR-E,C009
2023-10,DE01,Hardware,COGS-2023-10-00190-DE01,cogs,5000_EXTERNAL_COGS,15072.69,0.0,EXTERNAL,External cost of sales at transfer price,,HW-NET-RTR-E,C009
2023-10,DE01,Hardware,COGS-2023-10-00190-DE01,cogs,1200_INVENTORY,0.0,15072.69,EXTERNAL,Inventory consumption,,HW-NET-RTR-E,C009
2023-10,DE01,Hardware,VARSELL-2023-10-00190-DE01,variable_selling,5300_VARIABLE_SELLING,1366.25,0.0,EXTERNAL,Variable selling and logistics,,HW-NET-RTR-E,C009
2023-10,DE01,Hardware,VARSELL-2023-10-00190-DE01,variable_selling,2100_AP,0.0,1366.25,EXTERNAL,Variable selling accrual,,HW-NET-RTR-E,C009
2023-10,DE01,Hardware,OPEX-2023-10-00190-DE01,opex,6000_OPEX,690.02,0.0,EXTERNAL,Non-people operating expenses,,HW-NET-RTR-E,C009
2023-10,DE01,Hardware,OPEX-2023-10-00190-DE01,opex,2100_AP,0.0,690.02,EXTERNAL,Non-people operating expense accrual,,HW-NET-RTR-E,C009
2023-10,DE01,Hardware,SALE-2023-10-00191-DE01,sale,1100_AR,26692.84,0.0,EXTERNAL,External customer invoice,,HW-SEN-RFID-E,C009
2023-10,DE01,Hardware,SALE-2023-10-00191-DE01,sale,4000_EXTERNAL_REVENUE,0.0,26692.84,EXTERNAL,External customer invoice,,HW-SEN-RFID-E,C009
2023-10,DE01,Hardware,COGS-2023-10-00191-DE01,cogs,5000_EXTERNAL_COGS,15923.43,0.0,EXTERNAL,External cost of sales at transfer price,,HW-SEN-RFID-E,C009
2023-10,DE01,Hardware,COGS-2023-10-00191-DE01,cogs,1200_INVENTORY,0.0,15923.43,EXTERNAL,Inventory consumption,,HW-SEN-RFID-E,C009
2023-10,DE01,Hardware,VARSELL-2023-10-00191-DE01,variable_selling,5300_VARIABLE_SELLING,1585.55,0.0,EXTERNAL,Variable selling and logistics,,HW-SEN-RFID-E,C009
2023-10,DE01,Hardware,VARSELL-2023-10-00191-DE01,variable_selling,2100_AP,0.0,1585.55,EXTERNAL,Variable selling accrual,,HW-SEN-RFID-E,C009
2023-10,DE01,Hardware,OPEX-2023-10-00191-DE01,opex,6000_OPEX,800.79,0.0,EXTERNAL,Non-people operating expenses,,HW-SEN-RFID-E,C009
2023-10,DE01,Hardware,OPEX-2023-10-00191-DE01,opex,2100_AP,0.0,800.79,EXTERNAL,Non-people operating expense accrual,,HW-SEN-RFID-E,C009
2023-10,DE01,Hardware,SALE-2023-10-00192-DE01,sale,1100_AR,28619.14,0.0,EXTERNAL,External customer invoice,,HW-SEN-BIO-E,C009
2023-10,DE01,Hardware,SALE-2023-10-00192-DE01,sale,4000_EXTERNAL_REVENUE,0.0,28619.14,EXTERNAL,External customer invoice,,HW-SEN-BIO-E,C009
2023-10,DE01,Hardware,COGS-2023-10-00192-DE01,cogs,5000_EXTERNAL_COGS,17633.17,0.0,EXTERNAL,External cost of sales at transfer price,,HW-SEN-BIO-E,C009
2023-10,DE01,Hardware,COGS-2023-10-00192-DE01,cogs,1200_INVENTORY,0.0,17633.17,EXTERNAL,Inventory consumption,,HW-SEN-BIO-E,C009
2023-10,DE01,Hardware,VARSELL-2023-10-00192-DE01,variable_selling,5300_VARIABLE_SELLING,1699.98,0.0,EXTERNAL,Variable selling and logistics,,HW-SEN-BIO-E,C009
2023-10,DE01,Hardware,VARSELL-2023-10-00192-DE01,variable_selling,2100_AP,0.0,1699.98,EXTERNAL,Variable selling accrual,,HW-SEN-BIO-E,C009
2023-10,DE01,Hardware,OPEX-2023-10-00192-DE01,opex,6000_OPEX,858.57,0.0,EXTERNAL,Non-people operating expenses,,HW-SEN-BIO-E,C009
2023-10,DE01,Hardware,OPEX-2023-10-00192-DE01,opex,2100_AP,0.0,858.57,EXTERNAL,Non-people operating expense accrual,,HW-SEN-BIO-E,C009
2023-10,DE01,Hardware,SALE-2023-10-00193-DE01,sale,1100_AR,27151.49,0.0,EXTERNAL,External customer invoice,,HW-SEN-BIO-X,C009
2023-10,DE01,Hardware,SALE-2023-10-00193-DE01,sale,4000_EXTERNAL_REVENUE,0.0,27151.49,EXTERNAL,External customer invoice,,HW-SEN-BIO-X,C009
2023-10,DE01,Hardware,COGS-2023-10-00193-DE01,cogs,5000_EXTERNAL_COGS,23845.56,0.0,EXTERNAL,External cost of sales at transfer price,,HW-SEN-BIO-X,C009
2023-10,DE01,Hardware,COGS-2023-10-00193-DE01,cogs,1200_INVENTORY,0.0,23845.56,EXTERNAL,Inventory consumption,,HW-SEN-BIO-X,C009
2023-10,DE01,Hardware,VARSELL-2023-10-00193-DE01,variable_selling,5300_VARIABLE_SELLING,1373.87,0.0,EXTERNAL,Variable selling and logistics,,HW-SEN-BIO-X,C009
2023-10,DE01,Hardware,VARSELL-2023-10-00193-DE01,variable_selling,2100_AP,0.0,1373.87,EXTERNAL,Variable selling accrual,,HW-SEN-BIO-X,C009
2023-10,DE01,Hardware,OPEX-2023-10-00193-DE01,opex,6000_OPEX,814.54,0.0,EXTERNAL,Non-people operating expenses,,HW-SEN-BIO-X,C009
2023-10,DE01,Hardware,OPEX-2023-10-00193-DE01,opex,2100_AP,0.0,814.54,EXTERNAL,Non-people operating expense accrual,,HW-SEN-BIO-X,C009
2023-10,DE01,Hardware,SALE-2023-10-00194-DE01,sale,1100_AR,20815.2,0.0,EXTERNAL,External customer invoice,,HW-SEN-HUB-P,C009
2023-10,DE01,Hardware,SALE-2023-10-00194-DE01,sale,4000_EXTERNAL_REVENUE,0.0,20815.2,EXTERNAL,External customer invoice,,HW-SEN-HUB-P,C009
2023-10,DE01,Hardware,COGS-2023-10-00194-DE01,cogs,5000_EXTERNAL_COGS,16076.72,0.0,EXTERNAL,External cost of sales at transfer price,,HW-SEN-HUB-P,C009
2023-10,DE01,Hardware,COGS-2023-10-00194-DE01,cogs,1200_INVENTORY,0.0,16076.72,EXTERNAL,Inventory consumption,,HW-SEN-HUB-P,C009
2023-10,DE01,Hardware,VARSELL-2023-10-00194-DE01,variable_selling,5300_VARIABLE_SELLING,1144.84,0.0,EXTERNAL,Variable selling and logistics,,HW-SEN-HUB-P,C009
2023-10,DE01,Hardware,VARSELL-2023-10-00194-DE01,variable_selling,2100_AP,0.0,1144.84,EXTERNAL,Variable selling accrual,,HW-SEN-HUB-P,C009
2023-10,DE01,Hardware,OPEX-2023-10-00194-DE01,opex,6000_OPEX,624.46,0.0,EXTERNAL,Non-people operating expenses,,HW-SEN-HUB-P,C009
2023-10,DE01,Hardware,OPEX-2023-10-00194-DE01,opex,2100_AP,0.0,624.46,EXTERNAL,Non-people operating expense accrual,,HW-SEN-HUB-P,C009
2023-10,DE01,Hardware,SALE-2023-10-00195-DE01,sale,1100_AR,17609.87,0.0,EXTERNAL,External customer invoice,,HW-CTL-MCU-E,C010
2023-10,DE01,Hardware,SALE-2023-10-00195-DE01,sale,4000_EXTERNAL_REVENUE,0.0,17609.87,EXTERNAL,External customer invoice,,HW-CTL-MCU-E,C010
2023-10,DE01,Hardware,COGS-2023-10-00195-DE01,cogs,5000_EXTERNAL_COGS,15074.13,0.0,EXTERNAL,External cost of sales at transfer price,,HW-CTL-MCU-E,C010
2023-10,DE01,Hardware,COGS-2023-10-00195-DE01,cogs,1200_INVENTORY,0.0,15074.13,EXTERNAL,Inventory consumption,,HW-CTL-MCU-E,C010
2023-10,DE01,Hardware,VARSELL-2023-10-00195-DE01,variable_selling,5300_VARIABLE_SELLING,1046.03,0.0,EXTERNAL,Variable selling and logistics,,HW-CTL-MCU-E,C010
2023-10,DE01,Hardware,VARSELL-2023-10-00195-DE01,variable_selling,2100_AP,0.0,1046.03,EXTERNAL,Variable selling accrual,,HW-CTL-MCU-E,C010
2023-10,DE01,Hardware,OPEX-2023-10-00195-DE01,opex,6000_OPEX,528.3,0.0,EXTERNAL,Non-people operating expenses,,HW-CTL-MCU-E,C010
2023-10,DE01,Hardware,OPEX-2023-10-00195-DE01,opex,2100_AP,0.0,528.3,EXTERNAL,Non-people operating expense accrual,,HW-CTL-MCU-E,C010
2023-10,DE01,Hardware,SALE-2023-10-00196-DE01,sale,1100_AR,24206.0,0.0,EXTERNAL,External customer invoice,,HW-CTL-RCK-P,C010
2023-10,DE01,Hardware,SALE-2023-10-00196-DE01,sale,4000_EXTERNAL_REVENUE,0.0,24206.0,EXTERNAL,External customer invoice,,HW-CTL-RCK-P,C010
2023-10,DE01,Hardware,COGS-2023-10-00196-DE01,cogs,5000_EXTERNAL_COGS,17566.6,0.0,EXTERNAL,External cost of sales at transfer price,,HW-CTL-RCK-P,C010
2023-10,DE01,Hardware,COGS-2023-10-00196-DE01,cogs,1200_INVENTORY,0.0,17566.6,EXTERNAL,Inventory consumption,,HW-CTL-RCK-P,C010
2023-10,DE01,Hardware,VARSELL-2023-10-00196-DE01,variable_selling,5300_VARIABLE_SELLING,1331.33,0.0,EXTERNAL,Variable selling and logistics,,HW-CTL-RCK-P,C010
2023-10,DE01,Hardware,VARSELL-2023-10-00196-DE01,variable_selling,2100_AP,0.0,1331.33,EXTERNAL,Variable selling accrual,,HW-CTL-RCK-P,C010
2023-10,DE01,Hardware,OPEX-2023-10-00196-DE01,opex,6000_OPEX,726.18,0.0,EXTERNAL,Non-people operating expenses,,HW-CTL-RCK-P,C010
2023-10,DE01,Hardware,OPEX-2023-10-00196-DE01,opex,2100_AP,0.0,726.18,EXTERNAL,Non-people operating expense accrual,,HW-CTL-RCK-P,C010
2023-10,DE01,Hardware,SALE-2023-10-00197-DE01,sale,1100_AR,20151.5,0.0,EXTERNAL,External customer invoice,,HW-CTL-RDN-E,C010
2023-10,DE01,Hardware,SALE-2023-10-00197-DE01,sale,4000_EXTERNAL_REVENUE,0.0,20151.5,EXTERNAL,External customer invoice,,HW-CTL-RDN-E,C010
2023-10,DE01,Hardware,COGS-2023-10-00197-DE01,cogs,5000_EXTERNAL_COGS,12810.75,0.0,EXTERNAL,External cost of sales at transfer price,,HW-CTL-RDN-E,C010
2023-10,DE01,Hardware,COGS-2023-10-00197-DE01,cogs,1200_INVENTORY,0.0,12810.75,EXTERNAL,Inventory consumption,,HW-CTL-RDN-E,C010
2023-10,DE01,Hardware,VARSELL-2023-10-00197-DE01,variable_selling,5300_VARIABLE_SELLING,1197.0,0.0,EXTERNAL,Variable selling and logistics,,HW-CTL-RDN-E,C010
2023-10,DE01,Hardware,VARSELL-2023-10-00197-DE01,variable_selling,2100_AP,0.0,1197.0,EXTERNAL,Variable selling accrual,,HW-CTL-RDN-E,C010
2023-10,DE01,Hardware,OPEX-2023-10-00197-DE01,opex,6000_OPEX,604.54,0.0,EXTERNAL,Non-people operating expenses,,HW-CTL-RDN-E,C010
2023-10,DE01,Hardware,OPEX-2023-10-00197-DE01,opex,2100_AP,0.0,604.54,EXTERNAL,Non-people operating expense accrual,,HW-CTL-RDN-E,C010
2023-10,DE01,Hardware,SALE-2023-10-00198-DE01,sale,1100_AR,25835.25,0.0,EXTERNAL,External customer invoice,,HW-CTL-RDN-P,C010
2023-10,DE01,Hardware,SALE-2023-10-00198-DE01,sale,4000_EXTERNAL_REVENUE,0.0,25835.25,EXTERNAL,External customer invoice,,HW-CTL-RDN-P,C010
2023-10,DE01,Hardware,COGS-2023-10-00198-DE01,cogs,5000_EXTERNAL_COGS,19351.46,0.0,EXTERNAL,External cost of sales at transfer price,,HW-CTL-RDN-P,C010
2023-10,DE01,Hardware,COGS-2023-10-00198-DE01,cogs,1200_INVENTORY,0.0,19351.46,EXTERNAL,Inventory consumption,,HW-CTL-RDN-P,C010
2023-10,DE01,Hardware,VARSELL-2023-10-00198-DE01,variable_selling,5300_VARIABLE_SELLING,1420.94,0.0,EXTERNAL,Variable selling and logistics,,HW-CTL-RDN-P,C010
2023-10,DE01,Hardware,VARSELL-2023-10-00198-DE01,variable_selling,2100_AP,0.0,1420.94,EXTERNAL,Variable selling accrual,,HW-CTL-RDN-P,C010
2023-10,DE01,Hardware,OPEX-2023-10-00198-DE01,opex,6000_OPEX,775.06,0.0,EXTERNAL,Non-people operating expenses,,HW-CTL-RDN-P,C010
2023-10,DE01,Hardware,OPEX-2023-10-00198-DE01,opex,2100_AP,0.0,775.06,EXTERNAL,Non-people operating expense accrual,,HW-CTL-RDN-P,C010
2023-10,DE01,Hardware,SALE-2023-10-00199-DE01,sale,1100_AR,26616.8,0.0,EXTERNAL,External customer invoice,,HW-EDG-GTW-P,C010
2023-10,DE01,Hardware,SALE-2023-10-00199-DE01,sale,4000_EXTERNAL_REVENUE,0.0,26616.8,EXTERNAL,External customer invoice,,HW-EDG-GTW-P,C010
2023-10,DE01,Hardware,COGS-2023-10-00199-DE01,cogs,5000_EXTERNAL_COGS,18695.42,0.0,EXTERNAL,External cost of sales at transfer price,,HW-EDG-GTW-P,C010
2023-10,DE01,Hardware,COGS-2023-10-00199-DE01,cogs,1200_INVENTORY,0.0,18695.42,EXTERNAL,Inventory consumption,,HW-EDG-GTW-P,C010
2023-10,DE01,Hardware,VARSELL-2023-10-00199-DE01,variable_selling,5300_VARIABLE_SELLING,1463.92,0.0,EXTERNAL,Variable selling and logistics,,HW-EDG-GTW-P,C010
2023-10,DE01,Hardware,VARSELL-2023-10-00199-DE01,variable_selling,2100_AP,0.0,1463.92,EXTERNAL,Variable selling accrual,,HW-EDG-GTW-P,C010
2023-10,DE01,Hardware,OPEX-2023-10-00199-DE01,opex,6000_OPEX,798.5,0.0,EXTERNAL,Non-people operating expenses,,HW-EDG-GTW-P,C010
2023-10,DE01,Hardware,OPEX-2023-10-00199-DE01,opex,2100_AP,0.0,798.5,EXTERNAL,Non-people operating expense accrual,,HW-EDG-GTW-P,C010
2023-10,DE01,Hardware,SALE-2023-10-00200-DE01,sale,1100_AR,22259.33,0.0,EXTERNAL,External customer invoice,,HW-EDG-SEC-E,C010
2023-10,DE01,Hardware,SALE-2023-10-00200-DE01,sale,4000_EXTERNAL_REVENUE,0.0,22259.33,EXTERNAL,External customer invoice,,HW-EDG-SEC-E,C010
2023-10,DE01,Hardware,COGS-2023-10-00200-DE01,cogs,5000_EXTERNAL_COGS,13714.69,0.0,EXTERNAL,External cost of sales at transfer price,,HW-EDG-SEC-E,C010
2023-10,DE01,Hardware,COGS-2023-10-00200-DE01,cogs,1200_INVENTORY,0.0,13714.69,EXTERNAL,Inventory consumption,,HW-EDG-SEC-E,C010
2023-10,DE01,Hardware,VARSELL-2023-10-00200-DE01,variable_selling,5300_VARIABLE_SELLING,1322.2,0.0,EXTERNAL,Variable selling and logistics,,HW-EDG-SEC-E,C010
2023-10,DE01,Hardware,VARSELL-2023-10-00200-DE01,variable_selling,2100_AP,0.0,1322.2,EXTERNAL,Variable selling accrual,,HW-EDG-SEC-E,C010
2023-10,DE01,Hardware,OPEX-2023-10-00200-DE01,opex,6000_OPEX,667.78,0.0,EXTERNAL,Non-people operating expenses,,HW-EDG-SEC-E,C010
2023-10,DE01,Hardware,OPEX-2023-10-00200-DE01,opex,2100_AP,0.0,667.78,EXTERNAL,Non-people operating expense accrual,,HW-EDG-SEC-E,C010
2023-10,DE01,Hardware,SALE-2023-10-00201-DE01,sale,1100_AR,23757.55,0.0,EXTERNAL,External customer invoice,,HW-EDG-CMP-E,C010
2023-10,DE01,Hardware,SALE-2023-10-00201-DE01,sale,4000_EXTERNAL_REVENUE,0.0,23757.55,EXTERNAL,External customer invoice,,HW-EDG-CMP-E,C010
2023-10,DE01,Hardware,COGS-2023-10-00201-DE01,cogs,5000_EXTERNAL_COGS,15103.2,0.0,EXTERNAL,External cost of sales at transfer price,,HW-EDG-CMP-E,C010
2023-10,DE01,Hardware,COGS-2023-10-00201-DE01,cogs,1200_INVENTORY,0.0,15103.2,EXTERNAL,Inventory consumption,,HW-EDG-CMP-E,C010
2023-10,DE01,Hardware,VARSELL-2023-10-00201-DE01,variable_selling,5300_VARIABLE_SELLING,1411.2,0.0,EXTERNAL,Variable selling and logistics,,HW-EDG-CMP-E,C010
2023-10,DE01,Hardware,VARSELL-2023-10-00201-DE01,variable_selling,2100_AP,0.0,1411.2,EXTERNAL,Variable selling accrual,,HW-EDG-CMP-E,C010
2023-10,DE01,Hardware,OPEX-2023-10-00201-DE01,opex,6000_OPEX,712.73,0.0,EXTERNAL,Non-people operating expenses,,HW-EDG-CMP-E,C010
2023-10,DE01,Hardware,OPEX-2023-10-00201-DE01,opex,2100_AP,0.0,712.73,EXTERNAL,Non-people operating expense accrual,,HW-EDG-CMP-E,C010
2023-10,DE01,Hardware,SALE-2023-10-00202-DE01,sale,1100_AR,25440.8,0.0,EXTERNAL,External customer invoice,,HW-TRM-RUG-P,C010
2023-10,DE01,Hardware,SALE-2023-10-00202-DE01,sale,4000_EXTERNAL_REVENUE,0.0,25440.8,EXTERNAL,External customer invoice,,HW-TRM-RUG-P,C010
2023-10,DE01,Hardware,COGS-2023-10-00202-DE01,cogs,5000_EXTERNAL_COGS,19649.3,0.0,EXTERNAL,External cost of sales at transfer price,,HW-TRM-RUG-P,C010
2023-10,DE01,Hardware,COGS-2023-10-00202-DE01,cogs,1200_INVENTORY,0.0,19649.3,EXTERNAL,Inventory consumption,,HW-TRM-RUG-P,C010
2023-10,DE01,Hardware,VARSELL-2023-10-00202-DE01,variable_selling,5300_VARIABLE_SELLING,1399.24,0.0,EXTERNAL,Variable selling and logistics,,HW-TRM-RUG-P,C010
2023-10,DE01,Hardware,VARSELL-2023-10-00202-DE01,variable_selling,2100_AP,0.0,1399.24,EXTERNAL,Variable selling accrual,,HW-TRM-RUG-P,C010
2023-10,DE01,Hardware,OPEX-2023-10-00202-DE01,opex,6000_OPEX,763.22,0.0,EXTERNAL,Non-people operating expenses,,HW-TRM-RUG-P,C010
2023-10,DE01,Hardware,OPEX-2023-10-00202-DE01,opex,2100_AP,0.0,763.22,EXTERNAL,Non-people operating expense accrual,,HW-TRM-RUG-P,C010
2023-10,DE01,Hardware,SALE-2023-10-00203-DE01,sale,1100_AR,18907.43,0.0,EXTERNAL,External customer invoice,,HW-NET-ACC-E,C010
2023-10,DE01,Hardware,SALE-2023-10-00203-DE01,sale,4000_EXTERNAL_REVENUE,0.0,18907.43,EXTERNAL,External customer invoice,,HW-NET-ACC-E,C010
2023-10,DE01,Hardware,COGS-2023-10-00203-DE01,cogs,5000_EXTERNAL_COGS,11279.09,0.0,EXTERNAL,External cost of sales at transfer price,,HW-NET-ACC-E,C010
2023-10,DE01,Hardware,COGS-2023-10-00203-DE01,cogs,1200_INVENTORY,0.0,11279.09,EXTERNAL,Inventory consumption,,HW-NET-ACC-E,C010
2023-10,DE01,Hardware,VARSELL-2023-10-00203-DE01,variable_selling,5300_VARIABLE_SELLING,1123.1,0.0,EXTERNAL,Variable selling and logistics,,HW-NET-ACC-E,C010
2023-10,DE01,Hardware,VARSELL-2023-10-00203-DE01,variable_selling,2100_AP,0.0,1123.1,EXTERNAL,Variable selling accrual,,HW-NET-ACC-E,C010
2023-10,DE01,Hardware,OPEX-2023-10-00203-DE01,opex,6000_OPEX,567.22,0.0,EXTERNAL,Non-people operating expenses,,HW-NET-ACC-E,C010
2023-10,DE01,Hardware,OPEX-2023-10-00203-DE01,opex,2100_AP,0.0,567.22,EXTERNAL,Non-people operating expense accrual,,HW-NET-ACC-E,C010
2023-10,DE01,Hardware,SALE-2023-10-00204-DE01,sale,1100_AR,24240.3,0.0,EXTERNAL,External customer invoice,,HW-NET-ACC-P,C010
2023-10,DE01,Hardware,SALE-2023-10-00204-DE01,sale,4000_EXTERNAL_REVENUE,0.0,24240.3,EXTERNAL,External customer invoice,,HW-NET-ACC-P,C010
2023-10,DE01,Hardware,COGS-2023-10-00204-DE01,cogs,5000_EXTERNAL_COGS,17026.18,0.0,EXTERNAL,External cost of sales at transfer price,,HW-NET-ACC-P,C010
2023-10,DE01,Hardware,COGS-2023-10-00204-DE01,cogs,1200_INVENTORY,0.0,17026.18,EXTERNAL,Inventory consumption,,HW-NET-ACC-P,C010
2023-10,DE01,Hardware,VARSELL-2023-10-00204-DE01,variable_selling,5300_VARIABLE_SELLING,1333.22,0.0,EXTERNAL,Variable selling and logistics,,HW-NET-ACC-P,C010
2023-10,DE01,Hardware,VARSELL-2023-10-00204-DE01,variable_selling,2100_AP,0.0,1333.22,EXTERNAL,Variable selling accrual,,HW-NET-ACC-P,C010
2023-10,DE01,Hardware,OPEX-2023-10-00204-DE01,opex,6000_OPEX,727.21,0.0,EXTERNAL,Non-people operating expenses,,HW-NET-ACC-P,C010
2023-10,DE01,Hardware,OPEX-2023-10-00204-DE01,opex,2100_AP,0.0,727.21,EXTERNAL,Non-people operating expense accrual,,HW-NET-ACC-P,C010
2023-10,DE01,Hardware,SALE-2023-10-00205-DE01,sale,1100_AR,29488.2,0.0,EXTERNAL,External customer invoice,,HW-NET-RTR-P,C010
2023-10,DE01,Hardware,SALE-2023-10-00205-DE01,sale,4000_EXTERNAL_REVENUE,0.0,29488.2,EXTERNAL,External customer invoice,,HW-NET-RTR-P,C010
2023-10,DE01,Hardware,COGS-2023-10-00205-DE01,cogs,5000_EXTERNAL_COGS,22775.33,0.0,EXTERNAL,External cost of sales at transfer price,,HW-NET-RTR-P,C010
2023-10,DE01,Hardware,COGS-2023-10-00205-DE01,cogs,1200_INVENTORY,0.0,22775.33,EXTERNAL,Inventory consumption,,HW-NET-RTR-P,C010
2023-10,DE01,Hardware,VARSELL-2023-10-00205-DE01,variable_selling,5300_VARIABLE_SELLING,1621.85,0.0,EXTERNAL,Variable selling and logistics,,HW-NET-RTR-P,C010
2023-10,DE01,Hardware,VARSELL-2023-10-00205-DE01,variable_selling,2100_AP,0.0,1621.85,EXTERNAL,Variable selling accrual,,HW-NET-RTR-P,C010
2023-10,DE01,Hardware,OPEX-2023-10-00205-DE01,opex,6000_OPEX,884.65,0.0,EXTERNAL,Non-people operating expenses,,HW-NET-RTR-P,C010
2023-10,DE01,Hardware,OPEX-2023-10-00205-DE01,opex,2100_AP,0.0,884.65,EXTERNAL,Non-people operating expense accrual,,HW-NET-RTR-P,C010
2023-10,DE01,Hardware,SALE-2023-10-00206-DE01,sale,1100_AR,14309.57,0.0,EXTERNAL,External customer invoice,,HW-SEN-BIO-E,C010
2023-10,DE01,Hardware,SALE-2023-10-00206-DE01,sale,4000_EXTERNAL_REVENUE,0.0,14309.57,EXTERNAL,External customer invoice,,HW-SEN-BIO-E,C010
2023-10,DE01,Hardware,COGS-2023-10-00206-DE01,cogs,5000_EXTERNAL_COGS,8816.59,0.0,EXTERNAL,External cost of sales at transfer price,,HW-SEN-BIO-E,C010
2023-10,DE01,Hardware,COGS-2023-10-00206-DE01,cogs,1200_INVENTORY,0.0,8816.59,EXTERNAL,Inventory consumption,,HW-SEN-BIO-E,C010
2023-10,DE01,Hardware,VARSELL-2023-10-00206-DE01,variable_selling,5300_VARIABLE_SELLING,849.99,0.0,EXTERNAL,Variable selling and logistics,,HW-SEN-BIO-E,C010
2023-10,DE01,Hardware,VARSELL-2023-10-00206-DE01,variable_selling,2100_AP,0.0,849.99,EXTERNAL,Variable selling accrual,,HW-SEN-BIO-E,C010
2023-10,DE01,Hardware,OPEX-2023-10-00206-DE01,opex,6000_OPEX,429.29,0.0,EXTERNAL,Non-people operating expenses,,HW-SEN-BIO-E,C010
2023-10,DE01,Hardware,OPEX-2023-10-00206-DE01,opex,2100_AP,0.0,429.29,EXTERNAL,Non-people operating expense accrual,,HW-SEN-BIO-E,C010
2023-10,DE01,Hardware,SALE-2023-10-00207-DE01,sale,1100_AR,18345.6,0.0,EXTERNAL,External customer invoice,,HW-SEN-BIO-P,C010
2023-10,DE01,Hardware,SALE-2023-10-00207-DE01,sale,4000_EXTERNAL_REVENUE,0.0,18345.6,EXTERNAL,External customer invoice,,HW-SEN-BIO-P,C010
2023-10,DE01,Hardware,COGS-2023-10-00207-DE01,cogs,5000_EXTERNAL_COGS,13313.64,0.0,EXTERNAL,External cost of sales at transfer price,,HW-SEN-BIO-P,C010
2023-10,DE01,Hardware,COGS-2023-10-00207-DE01,cogs,1200_INVENTORY,0.0,13313.64,EXTERNAL,Inventory consumption,,HW-SEN-BIO-P,C010
2023-10,DE01,Hardware,VARSELL-2023-10-00207-DE01,variable_selling,5300_VARIABLE_SELLING,1009.01,0.0,EXTERNAL,Variable selling and logistics,,HW-SEN-BIO-P,C010
2023-10,DE01,Hardware,VARSELL-2023-10-00207-DE01,variable_selling,2100_AP,0.0,1009.01,EXTERNAL,Variable selling accrual,,HW-SEN-BIO-P,C010
2023-10,DE01,Hardware,OPEX-2023-10-00207-DE01,opex,6000_OPEX,550.37,0.0,EXTERNAL,Non-people operating expenses,,HW-SEN-BIO-P,C010
2023-10,DE01,Hardware,OPEX-2023-10-00207-DE01,opex,2100_AP,0.0,550.37,EXTERNAL,Non-people operating expense accrual,,HW-SEN-BIO-P,C010
2023-10,DE01,Hardware,SALE-2023-10-00208-DE01,sale,1100_AR,15272.71,0.0,EXTERNAL,External customer invoice,,HW-SEN-CAM-E,C010
2023-10,DE01,Hardware,SALE-2023-10-00208-DE01,sale,4000_EXTERNAL_REVENUE,0.0,15272.71,EXTERNAL,External customer invoice,,HW-SEN-CAM-E,C010
2023-10,DE01,Hardware,COGS-2023-10-00208-DE01,cogs,5000_EXTERNAL_COGS,9709.2,0.0,EXTERNAL,External cost of sales at transfer price,,HW-SEN-CAM-E,C010
2023-10,DE01,Hardware,COGS-2023-10-00208-DE01,cogs,1200_INVENTORY,0.0,9709.2,EXTERNAL,Inventory consumption,,HW-SEN-CAM-E,C010
2023-10,DE01,Hardware,VARSELL-2023-10-00208-DE01,variable_selling,5300_VARIABLE_SELLING,907.2,0.0,EXTERNAL,Variable selling and logistics,,HW-SEN-CAM-E,C010
2023-10,DE01,Hardware,VARSELL-2023-10-00208-DE01,variable_selling,2100_AP,0.0,907.2,EXTERNAL,Variable selling accrual,,HW-SEN-CAM-E,C010
2023-10,DE01,Hardware,OPEX-2023-10-00208-DE01,opex,6000_OPEX,458.18,0.0,EXTERNAL,Non-people operating expenses,,HW-SEN-CAM-E,C010
2023-10,DE01,Hardware,OPEX-2023-10-00208-DE01,opex,2100_AP,0.0,458.18,EXTERNAL,Non-people operating expense accrual,,HW-SEN-CAM-E,C010
2023-10,DE01,Hardware,SALE-2023-10-00209-DE01,sale,1100_AR,16235.86,0.0,EXTERNAL,External customer invoice,,HW-SEN-HUB-E,C010
2023-10,DE01,Hardware,SALE-2023-10-00209-DE01,sale,4000_EXTERNAL_REVENUE,0.0,16235.86,EXTERNAL,External customer invoice,,HW-SEN-HUB-E,C010
2023-10,DE01,Hardware,COGS-2023-10-00209-DE01,cogs,5000_EXTERNAL_COGS,10639.54,0.0,EXTERNAL,External cost of sales at transfer price,,HW-SEN-HUB-E,C010
2023-10,DE01,Hardware,COGS-2023-10-00209-DE01,cogs,1200_INVENTORY,0.0,10639.54,EXTERNAL,Inventory consumption,,HW-SEN-HUB-E,C010
2023-10,DE01,Hardware,VARSELL-2023-10-00209-DE01,variable_selling,5300_VARIABLE_SELLING,964.41,0.0,EXTERNAL,Variable selling and logistics,,HW-SEN-HUB-E,C010
2023-10,DE01,Hardware,VARSELL-2023-10-00209-DE01,variable_selling,2100_AP,0.0,964.41,EXTERNAL,Variable selling accrual,,HW-SEN-HUB-E,C010
2023-10,DE01,Hardware,OPEX-2023-10-00209-DE01,opex,6000_OPEX,487.08,0.0,EXTERNAL,Non-people operating expenses,,HW-SEN-HUB-E,C010
2023-10,DE01,Hardware,OPEX-2023-10-00209-DE01,opex,2100_AP,0.0,487.08,EXTERNAL,Non-people operating expense accrual,,HW-SEN-HUB-E,C010
2023-10,DE01,Hardware,SALE-2023-10-00210-DE01,sale,1100_AR,56642.04,0.0,EXTERNAL,External customer invoice,,HW-CTL-RCK-E,C011
2023-10,DE01,Hardware,SALE-2023-10-00210-DE01,sale,4000_EXTERNAL_REVENUE,0.0,56642.04,EXTERNAL,External customer invoice,,HW-CTL-RCK-E,C011
2023-10,DE01,Hardware,COGS-2023-10-00210-DE01,cogs,5000_EXTERNAL_COGS,34898.99,0.0,EXTERNAL,External cost of sales at transfer price,,HW-CTL-RCK-E,C011
2023-10,DE01,Hardware,COGS-2023-10-00210-DE01,cogs,1200_INVENTORY,0.0,34898.99,EXTERNAL,Inventory consumption,,HW-CTL-RCK-E,C011
2023-10,DE01,Hardware,VARSELL-2023-10-00210-DE01,variable_selling,5300_VARIABLE_SELLING,3364.54,0.0,EXTERNAL,Variable selling and logistics,,HW-CTL-RCK-E,C011
2023-10,DE01,Hardware,VARSELL-2023-10-00210-DE01,variable_selling,2100_AP,0.0,3364.54,EXTERNAL,Variable selling accrual,,HW-CTL-RCK-E,C011
2023-10,DE01,Hardware,OPEX-2023-10-00210-DE01,opex,6000_OPEX,1699.26,0.0,EXTERNAL,Non-people operating expenses,,HW-CTL-RCK-E,C011
2023-10,DE01,Hardware,OPEX-2023-10-00210-DE01,opex,2100_AP,0.0,1699.26,EXTERNAL,Non-people operating expense accrual,,HW-CTL-RCK-E,C011
2023-10,DE01,Hardware,SALE-2023-10-00211-DE01,sale,1100_AR,48412.0,0.0,EXTERNAL,External customer invoice,,HW-CTL-RCK-P,C011
2023-10,DE01,Hardware,SALE-2023-10-00211-DE01,sale,4000_EXTERNAL_REVENUE,0.0,48412.0,EXTERNAL,External customer invoice,,HW-CTL-RCK-P,C011
2023-10,DE01,Hardware,COGS-2023-10-00211-DE01,cogs,5000_EXTERNAL_COGS,35133.19,0.0,EXTERNAL,External cost of sales at transfer price,,HW-CTL-RCK-P,C011
2023-10,DE01,Hardware,COGS-2023-10-00211-DE01,cogs,1200_INVENTORY,0.0,35133.19,EXTERNAL,Inventory consumption,,HW-CTL-RCK-P,C011
2023-10,DE01,Hardware,VARSELL-2023-10-00211-DE01,variable_selling,5300_VARIABLE_SELLING,2662.66,0.0,EXTERNAL,Variable selling and logistics,,HW-CTL-RCK-P,C011
2023-10,DE01,Hardware,VARSELL-2023-10-00211-DE01,variable_selling,2100_AP,0.0,2662.66,EXTERNAL,Variable selling accrual,,HW-CTL-RCK-P,C011
2023-10,DE01,Hardware,OPEX-2023-10-00211-DE01,opex,6000_OPEX,1452.36,0.0,EXTERNAL,Non-people operating expenses,,HW-CTL-RCK-P,C011
2023-10,DE01,Hardware,OPEX-2023-10-00211-DE01,opex,2100_AP,0.0,1452.36,EXTERNAL,Non-people operating expense accrual,,HW-CTL-RCK-P,C011
2023-10,DE01,Hardware,SALE-2023-10-00212-DE01,sale,1100_AR,60454.5,0.0,EXTERNAL,External customer invoice,,HW-CTL-RDN-E,C011
2023-10,DE01,Hardware,SALE-2023-10-00212-DE01,sale,4000_EXTERNAL_REVENUE,0.0,60454.5,EXTERNAL,External customer invoice,,HW-CTL-RDN-E,C011
2023-10,DE01,Hardware,COGS-2023-10-00212-DE01,cogs,5000_EXTERNAL_COGS,38432.26,0.0,EXTERNAL,External cost of sales at transfer price,,HW-CTL-RDN-E,C011
2023-10,DE01,Hardware,COGS-2023-10-00212-DE01,cogs,1200_INVENTORY,0.0,38432.26,EXTERNAL,Inventory consumption,,HW-CTL-RDN-E,C011
2023-10,DE01,Hardware,VARSELL-2023-10-00212-DE01,variable_selling,5300_VARIABLE_SELLING,3591.0,0.0,EXTERNAL,Variable selling and logistics,,HW-CTL-RDN-E,C011
2023-10,DE01,Hardware,VARSELL-2023-10-00212-DE01,variable_selling,2100_AP,0.0,3591.0,EXTERNAL,Variable selling accrual,,HW-CTL-RDN-E,C011
2023-10,DE01,Hardware,OPEX-2023-10-00212-DE01,opex,6000_OPEX,1813.63,0.0,EXTERNAL,Non-people operating expenses,,HW-CTL-RDN-E,C011
2023-10,DE01,Hardware,OPEX-2023-10-00212-DE01,opex,2100_AP,0.0,1813.63,EXTERNAL,Non-people operating expense accrual,,HW-CTL-RDN-E,C011
2023-10,DE01,Hardware,SALE-2023-10-00213-DE01,sale,1100_AR,51670.5,0.0,EXTERNAL,External customer invoice,,HW-CTL-RDN-P,C011
2023-10,DE01,Hardware,SALE-2023-10-00213-DE01,sale,4000_EXTERNAL_REVENUE,0.0,51670.5,EXTERNAL,External customer invoice,,HW-CTL-RDN-P,C011
2023-10,DE01,Hardware,COGS-2023-10-00213-DE01,cogs,5000_EXTERNAL_COGS,38702.93,0.0,EXTERNAL,External cost of sales at transfer price,,HW-CTL-RDN-P,C011
2023-10,DE01,Hardware,COGS-2023-10-00213-DE01,cogs,1200_INVENTORY,0.0,38702.93,EXTERNAL,Inventory consumption,,HW-CTL-RDN-P,C011
2023-10,DE01,Hardware,VARSELL-2023-10-00213-DE01,variable_selling,5300_VARIABLE_SELLING,2841.88,0.0,EXTERNAL,Variable selling and logistics,,HW-CTL-RDN-P,C011
2023-10,DE01,Hardware,VARSELL-2023-10-00213-DE01,variable_selling,2100_AP,0.0,2841.88,EXTERNAL,Variable selling accrual,,HW-CTL-RDN-P,C011
2023-10,DE01,Hardware,OPEX-2023-10-00213-DE01,opex,6000_OPEX,1550.12,0.0,EXTERNAL,Non-people operating expenses,,HW-CTL-RDN-P,C011
2023-10,DE01,Hardware,OPEX-2023-10-00213-DE01,opex,2100_AP,0.0,1550.12,EXTERNAL,Non-people operating expense accrual,,HW-CTL-RDN-P,C011
2023-10,DE01,Hardware,SALE-2023-10-00214-DE01,sale,1100_AR,38236.17,0.0,EXTERNAL,External customer invoice,,HW-CTL-RDN-X,C011
2023-10,DE01,Hardware,SALE-2023-10-00214-DE01,sale,4000_EXTERNAL_REVENUE,0.0,38236.17,EXTERNAL,External customer invoice,,HW-CTL-RDN-X,C011
2023-10,DE01,Hardware,COGS-2023-10-00214-DE01,cogs,5000_EXTERNAL_COGS,34668.46,0.0,EXTERNAL,External cost of sales at transfer price,,HW-CTL-RDN-X,C011
2023-10,DE01,Hardware,COGS-2023-10-00214-DE01,cogs,1200_INVENTORY,0.0,34668.46,EXTERNAL,Inventory consumption,,HW-CTL-RDN-X,C011
2023-10,DE01,Hardware,VARSELL-2023-10-00214-DE01,variable_selling,5300_VARIABLE_SELLING,1934.75,0.0,EXTERNAL,Variable selling and logistics,,HW-CTL-RDN-X,C011
2023-10,DE01,Hardware,VARSELL-2023-10-00214-DE01,variable_selling,2100_AP,0.0,1934.75,EXTERNAL,Variable selling accrual,,HW-CTL-RDN-X,C011
2023-10,DE01,Hardware,OPEX-2023-10-00214-DE01,opex,6000_OPEX,1147.09,0.0,EXTERNAL,Non-people operating expenses,,HW-CTL-RDN-X,C011
2023-10,DE01,Hardware,OPEX-2023-10-00214-DE01,opex,2100_AP,0.0,1147.09,EXTERNAL,Non-people operating expense accrual,,HW-CTL-RDN-X,C011
2023-10,DE01,Hardware,SALE-2023-10-00215-DE01,sale,1100_AR,42844.62,0.0,EXTERNAL,External customer invoice,,HW-CTL-SAF-E,C011
2023-10,DE01,Hardware,SALE-2023-10-00215-DE01,sale,4000_EXTERNAL_REVENUE,0.0,42844.62,EXTERNAL,External customer invoice,,HW-CTL-SAF-E,C011
2023-10,DE01,Hardware,COGS-2023-10-00215-DE01,cogs,5000_EXTERNAL_COGS,28076.57,0.0,EXTERNAL,External cost of sales at transfer price,,HW-CTL-SAF-E,C011
2023-10,DE01,Hardware,COGS-2023-10-00215-DE01,cogs,1200_INVENTORY,0.0,28076.57,EXTERNAL,Inventory consumption,,HW-CTL-SAF-E,C011
2023-10,DE01,Hardware,VARSELL-2023-10-00215-DE01,variable_selling,5300_VARIABLE_SELLING,2544.97,0.0,EXTERNAL,Variable selling and logistics,,HW-CTL-SAF-E,C011
2023-10,DE01,Hardware,VARSELL-2023-10-00215-DE01,variable_selling,2100_AP,0.0,2544.97,EXTERNAL,Variable selling accrual,,HW-CTL-SAF-E,C011
2023-10,DE01,Hardware,OPEX-2023-10-00215-DE01,opex,6000_OPEX,1285.34,0.0,EXTERNAL,Non-people operating expenses,,HW-CTL-SAF-E,C011
2023-10,DE01,Hardware,OPEX-2023-10-00215-DE01,opex,2100_AP,0.0,1285.34,EXTERNAL,Non-people operating expense accrual,,HW-CTL-SAF-E,C011
2023-10,DE01,Hardware,SALE-2023-10-00216-DE01,sale,1100_AR,39392.86,0.0,EXTERNAL,External customer invoice,,HW-EDG-GTW-X,C011
2023-10,DE01,Hardware,SALE-2023-10-00216-DE01,sale,4000_EXTERNAL_REVENUE,0.0,39392.86,EXTERNAL,External customer invoice,,HW-EDG-GTW-X,C011
2023-10,DE01,Hardware,COGS-2023-10-00216-DE01,cogs,5000_EXTERNAL_COGS,33475.65,0.0,EXTERNAL,External cost of sales at transfer price,,HW-EDG-GTW-X,C011
2023-10,DE01,Hardware,COGS-2023-10-00216-DE01,cogs,1200_INVENTORY,0.0,33475.65,EXTERNAL,Inventory consumption,,HW-EDG-GTW-X,C011
2023-10,DE01,Hardware,VARSELL-2023-10-00216-DE01,variable_selling,5300_VARIABLE_SELLING,1993.28,0.0,EXTERNAL,Variable selling and logistics,,HW-EDG-GTW-X,C011
2023-10,DE01,Hardware,VARSELL-2023-10-00216-DE01,variable_selling,2100_AP,0.0,1993.28,EXTERNAL,Variable selling accrual,,HW-EDG-GTW-X,C011
2023-10,DE01,Hardware,OPEX-2023-10-00216-DE01,opex,6000_OPEX,1181.79,0.0,EXTERNAL,Non-people operating expenses,,HW-EDG-GTW-X,C011
2023-10,DE01,Hardware,OPEX-2023-10-00216-DE01,opex,2100_AP,0.0,1181.79,EXTERNAL,Non-people operating expense accrual,,HW-EDG-GTW-X,C011
2023-10,DE01,Hardware,SALE-2023-10-00217-DE01,sale,1100_AR,44518.66,0.0,EXTERNAL,External customer invoice,,HW-EDG-SEC-E,C011
2023-10,DE01,Hardware,SALE-2023-10-00217-DE01,sale,4000_EXTERNAL_REVENUE,0.0,44518.66,EXTERNAL,External customer invoice,,HW-EDG-SEC-E,C011
2023-10,DE01,Hardware,COGS-2023-10-00217-DE01,cogs,5000_EXTERNAL_COGS,27429.39,0.0,EXTERNAL,External cost of sales at transfer price,,HW-EDG-SEC-E,C011
2023-10,DE01,Hardware,COGS-2023-10-00217-DE01,cogs,1200_INVENTORY,0.0,27429.39,EXTERNAL,Inventory consumption,,HW-EDG-SEC-E,C011
2023-10,DE01,Hardware,VARSELL-2023-10-00217-DE01,variable_selling,5300_VARIABLE_SELLING,2644.41,0.0,EXTERNAL,Variable selling and logistics,,HW-EDG-SEC-E,C011
2023-10,DE01,Hardware,VARSELL-2023-10-00217-DE01,variable_selling,2100_AP,0.0,2644.41,EXTERNAL,Variable selling accrual,,HW-EDG-SEC-E,C011
2023-10,DE01,Hardware,OPEX-2023-10-00217-DE01,opex,6000_OPEX,1335.56,0.0,EXTERNAL,Non-people operating expenses,,HW-EDG-SEC-E,C011
2023-10,DE01,Hardware,OPEX-2023-10-00217-DE01,opex,2100_AP,0.0,1335.56,EXTERNAL,Non-people operating expense accrual,,HW-EDG-SEC-E,C011
2023-10,DE01,Hardware,SALE-2023-10-00218-DE01,sale,1100_AR,57075.2,0.0,EXTERNAL,External customer invoice,,HW-EDG-SEC-P,C011
2023-10,DE01,Hardware,SALE-2023-10-00218-DE01,sale,4000_EXTERNAL_REVENUE,0.0,57075.2,EXTERNAL,External customer invoice,,HW-EDG-SEC-P,C011
2023-10,DE01,Hardware,COGS-2023-10-00218-DE01,cogs,5000_EXTERNAL_COGS,41420.19,0.0,EXTERNAL,External cost of sales at transfer price,,HW-EDG-SEC-P,C011
2023-10,DE01,Hardware,COGS-2023-10-00218-DE01,cogs,1200_INVENTORY,0.0,41420.19,EXTERNAL,Inventory consumption,,HW-EDG-SEC-P,C011
2023-10,DE01,Hardware,VARSELL-2023-10-00218-DE01,variable_selling,5300_VARIABLE_SELLING,3139.14,0.0,EXTERNAL,Variable selling and logistics,,HW-EDG-SEC-P,C011
2023-10,DE01,Hardware,VARSELL-2023-10-00218-DE01,variable_selling,2100_AP,0.0,3139.14,EXTERNAL,Variable selling accrual,,HW-EDG-SEC-P,C011
2023-10,DE01,Hardware,OPEX-2023-10-00218-DE01,opex,6000_OPEX,1712.26,0.0,EXTERNAL,Non-people operating expenses,,HW-EDG-SEC-P,C011
2023-10,DE01,Hardware,OPEX-2023-10-00218-DE01,opex,2100_AP,0.0,1712.26,EXTERNAL,Non-people operating expense accrual,,HW-EDG-SEC-P,C011
2023-10,DE01,Hardware,SALE-2023-10-00219-DE01,sale,1100_AR,42235.65,0.0,EXTERNAL,External customer invoice,,HW-EDG-SEC-X,C011
2023-10,DE01,Hardware,SALE-2023-10-00219-DE01,sale,4000_EXTERNAL_REVENUE,0.0,42235.65,EXTERNAL,External customer invoice,,HW-EDG-SEC-X,C011
2023-10,DE01,Hardware,COGS-2023-10-00219-DE01,cogs,5000_EXTERNAL_COGS,37093.09,0.0,EXTERNAL,External cost of sales at transfer price,,HW-EDG-SEC-X,C011
2023-10,DE01,Hardware,COGS-2023-10-00219-DE01,cogs,1200_INVENTORY,0.0,37093.09,EXTERNAL,Inventory consumption,,HW-EDG-SEC-X,C011
2023-10,DE01,Hardware,VARSELL-2023-10-00219-DE01,variable_selling,5300_VARIABLE_SELLING,2137.12,0.0,EXTERNAL,Variable selling and logistics,,HW-EDG-SEC-X,C011
2023-10,DE01,Hardware,VARSELL-2023-10-00219-DE01,variable_selling,2100_AP,0.0,2137.12,EXTERNAL,Variable selling accrual,,HW-EDG-SEC-X,C011
2023-10,DE01,Hardware,OPEX-2023-10-00219-DE01,opex,6000_OPEX,1267.07,0.0,EXTERNAL,Non-people operating expenses,,HW-EDG-SEC-X,C011
2023-10,DE01,Hardware,OPEX-2023-10-00219-DE01,opex,2100_AP,0.0,1267.07,EXTERNAL,Non-people operating expense accrual,,HW-EDG-SEC-X,C011
2023-10,DE01,Hardware,SALE-2023-10-00220-DE01,sale,1100_AR,47515.1,0.0,EXTERNAL,External customer invoice,,HW-EDG-CMP-E,C011
2023-10,DE01,Hardware,SALE-2023-10-00220-DE01,sale,4000_EXTERNAL_REVENUE,0.0,47515.1,EXTERNAL,External customer invoice,,HW-EDG-CMP-E,C011
2023-10,DE01,Hardware,COGS-2023-10-00220-DE01,cogs,5000_EXTERNAL_COGS,30206.4,0.0,EXTERNAL,External cost of sales at transfer price,,HW-EDG-CMP-E,C011
2023-10,DE01,Hardware,COGS-2023-10-00220-DE01,cogs,1200_INVENTORY,0.0,30206.4,EXTERNAL,Inventory consumption,,HW-EDG-CMP-E,C011
2023-10,DE01,Hardware,VARSELL-2023-10-00220-DE01,variable_selling,5300_VARIABLE_SELLING,2822.4,0.0,EXTERNAL,Variable selling and logistics,,HW-EDG-CMP-E,C011
2023-10,DE01,Hardware,VARSELL-2023-10-00220-DE01,variable_selling,2100_AP,0.0,2822.4,EXTERNAL,Variable selling accrual,,HW-EDG-CMP-E,C011
2023-10,DE01,Hardware,OPEX-2023-10-00220-DE01,opex,6000_OPEX,1425.45,0.0,EXTERNAL,Non-people operating expenses,,HW-EDG-CMP-E,C011
2023-10,DE01,Hardware,OPEX-2023-10-00220-DE01,opex,2100_AP,0.0,1425.45,EXTERNAL,Non-people operating expense accrual,,HW-EDG-CMP-E,C011
2023-10,DE01,Hardware,SALE-2023-10-00221-DE01,sale,1100_AR,50511.56,0.0,EXTERNAL,External customer invoice,,HW-EDG-AI-E,C011
2023-10,DE01,Hardware,SALE-2023-10-00221-DE01,sale,4000_EXTERNAL_REVENUE,0.0,50511.56,EXTERNAL,External customer invoice,,HW-EDG-AI-E,C011
2023-10,DE01,Hardware,COGS-2023-10-00221-DE01,cogs,5000_EXTERNAL_COGS,33100.8,0.0,EXTERNAL,External cost of sales at transfer price,,HW-EDG-AI-E,C011
2023-10,DE01,Hardware,COGS-2023-10-00221-DE01,cogs,1200_INVENTORY,0.0,33100.8,EXTERNAL,Inventory consumption,,HW-EDG-AI-E,C011
2023-10,DE01,Hardware,VARSELL-2023-10-00221-DE01,variable_selling,5300_VARIABLE_SELLING,3000.39,0.0,EXTERNAL,Variable selling and logistics,,HW-EDG-AI-E,C011
2023-10,DE01,Hardware,VARSELL-2023-10-00221-DE01,variable_selling,2100_AP,0.0,3000.39,EXTERNAL,Variable selling accrual,,HW-EDG-AI-E,C011
2023-10,DE01,Hardware,OPEX-2023-10-00221-DE01,opex,6000_OPEX,1515.35,0.0,EXTERNAL,Non-people operating expenses,,HW-EDG-AI-E,C011
2023-10,DE01,Hardware,OPEX-2023-10-00221-DE01,opex,2100_AP,0.0,1515.35,EXTERNAL,Non-people operating expense accrual,,HW-EDG-AI-E,C011
2023-10,DE01,Hardware,SALE-2023-10-00222-DE01,sale,1100_AR,47921.22,0.0,EXTERNAL,External customer invoice,,HW-EDG-AI-X,C011
2023-10,DE01,Hardware,SALE-2023-10-00222-DE01,sale,4000_EXTERNAL_REVENUE,0.0,47921.22,EXTERNAL,External customer invoice,,HW-EDG-AI-X,C011
2023-10,DE01,Hardware,COGS-2023-10-00222-DE01,cogs,5000_EXTERNAL_COGS,44813.25,0.0,EXTERNAL,External cost of sales at transfer price,,HW-EDG-AI-X,C011
2023-10,DE01,Hardware,COGS-2023-10-00222-DE01,cogs,1200_INVENTORY,0.0,44813.25,EXTERNAL,Inventory consumption,,HW-EDG-AI-X,C011
2023-10,DE01,Hardware,VARSELL-2023-10-00222-DE01,variable_selling,5300_VARIABLE_SELLING,2424.81,0.0,EXTERNAL,Variable selling and logistics,,HW-EDG-AI-X,C011
2023-10,DE01,Hardware,VARSELL-2023-10-00222-DE01,variable_selling,2100_AP,0.0,2424.81,EXTERNAL,Variable selling accrual,,HW-EDG-AI-X,C011
2023-10,DE01,Hardware,OPEX-2023-10-00222-DE01,opex,6000_OPEX,1437.64,0.0,EXTERNAL,Non-people operating expenses,,HW-EDG-AI-X,C011
2023-10,DE01,Hardware,OPEX-2023-10-00222-DE01,opex,2100_AP,0.0,1437.64,EXTERNAL,Non-people operating expense accrual,,HW-EDG-AI-X,C011
2023-10,DE01,Hardware,SALE-2023-10-00223-DE01,sale,1100_AR,30951.54,0.0,EXTERNAL,External customer invoice,,HW-TRM-FIX-X,C011
2023-10,DE01,Hardware,SALE-2023-10-00223-DE01,sale,4000_EXTERNAL_REVENUE,0.0,30951.54,EXTERNAL,External customer invoice,,HW-TRM-FIX-X,C011
2023-10,DE01,Hardware,COGS-2023-10-00223-DE01,cogs,5000_EXTERNAL_COGS,26302.3,0.0,EXTERNAL,External cost of sales at transfer price,,HW-TRM-FIX-X,C011
2023-10,DE01,Hardware,COGS-2023-10-00223-DE01,cogs,1200_INVENTORY,0.0,26302.3,EXTERNAL,Inventory consumption,,HW-TRM-FIX-X,C011
2023-10,DE01,Hardware,VARSELL-2023-10-00223-DE01,variable_selling,5300_VARIABLE_SELLING,1566.15,0.0,EXTERNAL,Variable selling and logistics,,HW-TRM-FIX-X,C011
2023-10,DE01,Hardware,VARSELL-2023-10-00223-DE01,variable_selling,2100_AP,0.0,1566.15,EXTERNAL,Variable selling accrual,,HW-TRM-FIX-X,C011
2023-10,DE01,Hardware,OPEX-2023-10-00223-DE01,opex,6000_OPEX,928.55,0.0,EXTERNAL,Non-people operating expenses,,HW-TRM-FIX-X,C011
2023-10,DE01,Hardware,OPEX-2023-10-00223-DE01,opex,2100_AP,0.0,928.55,EXTERNAL,Non-people operating expense accrual,,HW-TRM-FIX-X,C011
2023-10,DE01,Hardware,SALE-2023-10-00224-DE01,sale,1100_AR,52468.41,0.0,EXTERNAL,External customer invoice,,HW-TRM-KSK-E,C011
2023-10,DE01,Hardware,SALE-2023-10-00224-DE01,sale,4000_EXTERNAL_REVENUE,0.0,52468.41,EXTERNAL,External customer invoice,,HW-TRM-KSK-E,C011
2023-10,DE01,Hardware,COGS-2023-10-00224-DE01,cogs,5000_EXTERNAL_COGS,32327.48,0.0,EXTERNAL,External cost of sales at transfer price,,HW-TRM-KSK-E,C011
2023-10,DE01,Hardware,COGS-2023-10-00224-DE01,cogs,1200_INVENTORY,0.0,32327.48,EXTERNAL,Inventory consumption,,HW-TRM-KSK-E,C011
2023-10,DE01,Hardware,VARSELL-2023-10-00224-DE01,variable_selling,5300_VARIABLE_SELLING,3116.62,0.0,EXTERNAL,Variable selling and logistics,,HW-TRM-KSK-E,C011
2023-10,DE01,Hardware,VARSELL-2023-10-00224-DE01,variable_selling,2100_AP,0.0,3116.62,EXTERNAL,Variable selling accrual,,HW-TRM-KSK-E,C011
2023-10,DE01,Hardware,OPEX-2023-10-00224-DE01,opex,6000_OPEX,1574.05,0.0,EXTERNAL,Non-people operating expenses,,HW-TRM-KSK-E,C011
2023-10,DE01,Hardware,OPEX-2023-10-00224-DE01,opex,2100_AP,0.0,1574.05,EXTERNAL,Non-people operating expense accrual,,HW-TRM-KSK-E,C011
2023-10,DE01,Hardware,SALE-2023-10-00225-DE01,sale,1100_AR,44844.8,0.0,EXTERNAL,External customer invoice,,HW-TRM-KSK-P,C011
2023-10,DE01,Hardware,SALE-2023-10-00225-DE01,sale,4000_EXTERNAL_REVENUE,0.0,44844.8,EXTERNAL,External customer invoice,,HW-TRM-KSK-P,C011
2023-10,DE01,Hardware,COGS-2023-10-00225-DE01,cogs,5000_EXTERNAL_COGS,32544.43,0.0,EXTERNAL,External cost of sales at transfer price,,HW-TRM-KSK-P,C011
2023-10,DE01,Hardware,COGS-2023-10-00225-DE01,cogs,1200_INVENTORY,0.0,32544.43,EXTERNAL,Inventory consumption,,HW-TRM-KSK-P,C011
2023-10,DE01,Hardware,VARSELL-2023-10-00225-DE01,variable_selling,5300_VARIABLE_SELLING,2466.46,0.0,EXTERNAL,Variable selling and logistics,,HW-TRM-KSK-P,C011
2023-10,DE01,Hardware,VARSELL-2023-10-00225-DE01,variable_selling,2100_AP,0.0,2466.46,EXTERNAL,Variable selling accrual,,HW-TRM-KSK-P,C011
2023-10,DE01,Hardware,OPEX-2023-10-00225-DE01,opex,6000_OPEX,1345.34,0.0,EXTERNAL,Non-people operating expenses,,HW-TRM-KSK-P,C011
2023-10,DE01,Hardware,OPEX-2023-10-00225-DE01,opex,2100_AP,0.0,1345.34,EXTERNAL,Non-people operating expense accrual,,HW-TRM-KSK-P,C011
2023-10,DE01,Hardware,SALE-2023-10-00226-DE01,sale,1100_AR,35418.77,0.0,EXTERNAL,External customer invoice,,HW-TRM-MOB-X,C011
2023-10,DE01,Hardware,SALE-2023-10-00226-DE01,sale,4000_EXTERNAL_REVENUE,0.0,35418.77,EXTERNAL,External customer invoice,,HW-TRM-MOB-X,C011
2023-10,DE01,Hardware,COGS-2023-10-00226-DE01,cogs,5000_EXTERNAL_COGS,32113.95,0.0,EXTERNAL,External cost of sales at transfer price,,HW-TRM-MOB-X,C011
2023-10,DE01,Hardware,COGS-2023-10-00226-DE01,cogs,1200_INVENTORY,0.0,32113.95,EXTERNAL,Inventory consumption,,HW-TRM-MOB-X,C011
2023-10,DE01,Hardware,VARSELL-2023-10-00226-DE01,variable_selling,5300_VARIABLE_SELLING,1792.19,0.0,EXTERNAL,Variable selling and logistics,,HW-TRM-MOB-X,C011
2023-10,DE01,Hardware,VARSELL-2023-10-00226-DE01,variable_selling,2100_AP,0.0,1792.19,EXTERNAL,Variable selling accrual,,HW-TRM-MOB-X,C011
2023-10,DE01,Hardware,OPEX-2023-10-00226-DE01,opex,6000_OPEX,1062.56,0.0,EXTERNAL,Non-people operating expenses,,HW-TRM-MOB-X,C011
2023-10,DE01,Hardware,OPEX-2023-10-00226-DE01,opex,2100_AP,0.0,1062.56,EXTERNAL,Non-people operating expense accrual,,HW-TRM-MOB-X,C011
2023-10,DE01,Hardware,SALE-2023-10-00227-DE01,sale,1100_AR,39687.64,0.0,EXTERNAL,External customer invoice,,HW-TRM-RUG-E,C011
2023-10,DE01,Hardware,SALE-2023-10-00227-DE01,sale,4000_EXTERNAL_REVENUE,0.0,39687.64,EXTERNAL,External customer invoice,,HW-TRM-RUG-E,C011
2023-10,DE01,Hardware,COGS-2023-10-00227-DE01,cogs,5000_EXTERNAL_COGS,26007.78,0.0,EXTERNAL,External cost of sales at transfer price,,HW-TRM-RUG-E,C011
2023-10,DE01,Hardware,COGS-2023-10-00227-DE01,cogs,1200_INVENTORY,0.0,26007.78,EXTERNAL,Inventory consumption,,HW-TRM-RUG-E,C011
2023-10,DE01,Hardware,VARSELL-2023-10-00227-DE01,variable_selling,5300_VARIABLE_SELLING,2357.45,0.0,EXTERNAL,Variable selling and logistics,,HW-TRM-RUG-E,C011
2023-10,DE01,Hardware,VARSELL-2023-10-00227-DE01,variable_selling,2100_AP,0.0,2357.45,EXTERNAL,Variable selling accrual,,HW-TRM-RUG-E,C011
2023-10,DE01,Hardware,OPEX-2023-10-00227-DE01,opex,6000_OPEX,1190.63,0.0,EXTERNAL,Non-people operating expenses,,HW-TRM-RUG-E,C011
2023-10,DE01,Hardware,OPEX-2023-10-00227-DE01,opex,2100_AP,0.0,1190.63,EXTERNAL,Non-people operating expense accrual,,HW-TRM-RUG-E,C011
2023-10,DE01,Hardware,SALE-2023-10-00228-DE01,sale,1100_AR,48480.6,0.0,EXTERNAL,External customer invoice,,HW-NET-ACC-P,C011
2023-10,DE01,Hardware,SALE-2023-10-00228-DE01,sale,4000_EXTERNAL_REVENUE,0.0,48480.6,EXTERNAL,External customer invoice,,HW-NET-ACC-P,C011
2023-10,DE01,Hardware,COGS-2023-10-00228-DE01,cogs,5000_EXTERNAL_COGS,34052.36,0.0,EXTERNAL,External cost of sales at transfer price,,HW-NET-ACC-P,C011
2023-10,DE01,Hardware,COGS-2023-10-00228-DE01,cogs,1200_INVENTORY,0.0,34052.36,EXTERNAL,Inventory consumption,,HW-NET-ACC-P,C011
2023-10,DE01,Hardware,VARSELL-2023-10-00228-DE01,variable_selling,5300_VARIABLE_SELLING,2666.43,0.0,EXTERNAL,Variable selling and logistics,,HW-NET-ACC-P,C011
2023-10,DE01,Hardware,VARSELL-2023-10-00228-DE01,variable_selling,2100_AP,0.0,2666.43,EXTERNAL,Variable selling accrual,,HW-NET-ACC-P,C011
2023-10,DE01,Hardware,OPEX-2023-10-00228-DE01,opex,6000_OPEX,1454.42,0.0,EXTERNAL,Non-people operating expenses,,HW-NET-ACC-P,C011
2023-10,DE01,Hardware,OPEX-2023-10-00228-DE01,opex,2100_AP,0.0,1454.42,EXTERNAL,Non-people operating expense accrual,,HW-NET-ACC-P,C011
2023-10,DE01,Hardware,SALE-2023-10-00229-DE01,sale,1100_AR,35875.64,0.0,EXTERNAL,External customer invoice,,HW-NET-ACC-X,C011
2023-10,DE01,Hardware,SALE-2023-10-00229-DE01,sale,4000_EXTERNAL_REVENUE,0.0,35875.64,EXTERNAL,External customer invoice,,HW-NET-ACC-X,C011
2023-10,DE01,Hardware,COGS-2023-10-00229-DE01,cogs,5000_EXTERNAL_COGS,30486.76,0.0,EXTERNAL,External cost of sales at transfer price,,HW-NET-ACC-X,C011
2023-10,DE01,Hardware,COGS-2023-10-00229-DE01,cogs,1200_INVENTORY,0.0,30486.76,EXTERNAL,Inventory consumption,,HW-NET-ACC-X,C011
2023-10,DE01,Hardware,VARSELL-2023-10-00229-DE01,variable_selling,5300_VARIABLE_SELLING,1815.31,0.0,EXTERNAL,Variable selling and logistics,,HW-NET-ACC-X,C011
2023-10,DE01,Hardware,VARSELL-2023-10-00229-DE01,variable_selling,2100_AP,0.0,1815.31,EXTERNAL,Variable selling accrual,,HW-NET-ACC-X,C011
2023-10,DE01,Hardware,OPEX-2023-10-00229-DE01,opex,6000_OPEX,1076.27,0.0,EXTERNAL,Non-people operating expenses,,HW-NET-ACC-X,C011
2023-10,DE01,Hardware,OPEX-2023-10-00229-DE01,opex,2100_AP,0.0,1076.27,EXTERNAL,Non-people operating expense accrual,,HW-NET-ACC-X,C011
2023-10,DE01,Hardware,SALE-2023-10-00230-DE01,sale,1100_AR,60815.67,0.0,EXTERNAL,External customer invoice,,HW-NET-SWC-E,C011
2023-10,DE01,Hardware,SALE-2023-10-00230-DE01,sale,4000_EXTERNAL_REVENUE,0.0,60815.67,EXTERNAL,External customer invoice,,HW-NET-SWC-E,C011
2023-10,DE01,Hardware,COGS-2023-10-00230-DE01,cogs,5000_EXTERNAL_COGS,37470.5,0.0,EXTERNAL,External cost of sales at transfer price,,HW-NET-SWC-E,C011
2023-10,DE01,Hardware,COGS-2023-10-00230-DE01,cogs,1200_INVENTORY,0.0,37470.5,EXTERNAL,Inventory consumption,,HW-NET-SWC-E,C011
2023-10,DE01,Hardware,VARSELL-2023-10-00230-DE01,variable_selling,5300_VARIABLE_SELLING,3612.45,0.0,EXTERNAL,Variable selling and logistics,,HW-NET-SWC-E,C011
2023-10,DE01,Hardware,VARSELL-2023-10-00230-DE01,variable_selling,2100_AP,0.0,3612.45,EXTERNAL,Variable selling accrual,,HW-NET-SWC-E,C011
2023-10,DE01,Hardware,OPEX-2023-10-00230-DE01,opex,6000_OPEX,1824.47,0.0,EXTERNAL,Non-people operating expenses,,HW-NET-SWC-E,C011
2023-10,DE01,Hardware,OPEX-2023-10-00230-DE01,opex,2100_AP,0.0,1824.47,EXTERNAL,Non-people operating expense accrual,,HW-NET-SWC-E,C011
2023-10,DE01,Hardware,SALE-2023-10-00231-DE01,sale,1100_AR,51979.2,0.0,EXTERNAL,External customer invoice,,HW-NET-SWC-P,C011
2023-10,DE01,Hardware,SALE-2023-10-00231-DE01,sale,4000_EXTERNAL_REVENUE,0.0,51979.2,EXTERNAL,External customer invoice,,HW-NET-SWC-P,C011
2023-10,DE01,Hardware,COGS-2023-10-00231-DE01,cogs,5000_EXTERNAL_COGS,37721.96,0.0,EXTERNAL,External cost of sales at transfer price,,HW-NET-SWC-P,C011
2023-10,DE01,Hardware,COGS-2023-10-00231-DE01,cogs,1200_INVENTORY,0.0,37721.96,EXTERNAL,Inventory consumption,,HW-NET-SWC-P,C011
2023-10,DE01,Hardware,VARSELL-2023-10-00231-DE01,variable_selling,5300_VARIABLE_SELLING,2858.86,0.0,EXTERNAL,Variable selling and logistics,,HW-NET-SWC-P,C011
2023-10,DE01,Hardware,VARSELL-2023-10-00231-DE01,variable_selling,2100_AP,0.0,2858.86,EXTERNAL,Variable selling accrual,,HW-NET-SWC-P,C011
2023-10,DE01,Hardware,OPEX-2023-10-00231-DE01,opex,6000_OPEX,1559.38,0.0,EXTERNAL,Non-people operating expenses,,HW-NET-SWC-P,C011
2023-10,DE01,Hardware,OPEX-2023-10-00231-DE01,opex,2100_AP,0.0,1559.38,EXTERNAL,Non-people operating expense accrual,,HW-NET-SWC-P,C011
2023-10,DE01,Hardware,SALE-2023-10-00232-DE01,sale,1100_AR,38464.61,0.0,EXTERNAL,External customer invoice,,HW-NET-SWC-X,C011
2023-10,DE01,Hardware,SALE-2023-10-00232-DE01,sale,4000_EXTERNAL_REVENUE,0.0,38464.61,EXTERNAL,External customer invoice,,HW-NET-SWC-X,C011
2023-10,DE01,Hardware,COGS-2023-10-00232-DE01,cogs,5000_EXTERNAL_COGS,33781.2,0.0,EXTERNAL,External cost of sales at transfer price,,HW-NET-SWC-X,C011
2023-10,DE01,Hardware,COGS-2023-10-00232-DE01,cogs,1200_INVENTORY,0.0,33781.2,EXTERNAL,Inventory consumption,,HW-NET-SWC-X,C011
2023-10,DE01,Hardware,VARSELL-2023-10-00232-DE01,variable_selling,5300_VARIABLE_SELLING,1946.31,0.0,EXTERNAL,Variable selling and logistics,,HW-NET-SWC-X,C011
2023-10,DE01,Hardware,VARSELL-2023-10-00232-DE01,variable_selling,2100_AP,0.0,1946.31,EXTERNAL,Variable selling accrual,,HW-NET-SWC-X,C011
2023-10,DE01,Hardware,OPEX-2023-10-00232-DE01,opex,6000_OPEX,1153.94,0.0,EXTERNAL,Non-people operating expenses,,HW-NET-SWC-X,C011
2023-10,DE01,Hardware,OPEX-2023-10-00232-DE01,opex,2100_AP,0.0,1153.94,EXTERNAL,Non-people operating expense accrual,,HW-NET-SWC-X,C011
2023-10,DE01,Hardware,SALE-2023-10-00233-DE01,sale,1100_AR,41053.57,0.0,EXTERNAL,External customer invoice,,HW-NET-DST-X,C011
2023-10,DE01,Hardware,SALE-2023-10-00233-DE01,sale,4000_EXTERNAL_REVENUE,0.0,41053.57,EXTERNAL,External customer invoice,,HW-NET-DST-X,C011
2023-10,DE01,Hardware,COGS-2023-10-00233-DE01,cogs,5000_EXTERNAL_COGS,37222.98,0.0,EXTERNAL,External cost of sales at transfer price,,HW-NET-DST-X,C011
2023-10,DE01,Hardware,COGS-2023-10-00233-DE01,cogs,1200_INVENTORY,0.0,37222.98,EXTERNAL,Inventory consumption,,HW-NET-DST-X,C011
2023-10,DE01,Hardware,VARSELL-2023-10-00233-DE01,variable_selling,5300_VARIABLE_SELLING,2077.31,0.0,EXTERNAL,Variable selling and logistics,,HW-NET-DST-X,C011
2023-10,DE01,Hardware,VARSELL-2023-10-00233-DE01,variable_selling,2100_AP,0.0,2077.31,EXTERNAL,Variable selling accrual,,HW-NET-DST-X,C011
2023-10,DE01,Hardware,OPEX-2023-10-00233-DE01,opex,6000_OPEX,1231.61,0.0,EXTERNAL,Non-people operating expenses,,HW-NET-DST-X,C011
2023-10,DE01,Hardware,OPEX-2023-10-00233-DE01,opex,2100_AP,0.0,1231.61,EXTERNAL,Non-people operating expense accrual,,HW-NET-DST-X,C011
2023-10,DE01,Hardware,SALE-2023-10-00234-DE01,sale,1100_AR,46001.6,0.0,EXTERNAL,External customer invoice,,HW-NET-RTR-E,C011
2023-10,DE01,Hardware,SALE-2023-10-00234-DE01,sale,4000_EXTERNAL_REVENUE,0.0,46001.6,EXTERNAL,External customer invoice,,HW-NET-RTR-E,C011
2023-10,DE01,Hardware,COGS-2023-10-00234-DE01,cogs,5000_EXTERNAL_COGS,30145.38,0.0,EXTERNAL,External cost of sales at transfer price,,HW-NET-RTR-E,C011
2023-10,DE01,Hardware,COGS-2023-10-00234-DE01,cogs,1200_INVENTORY,0.0,30145.38,EXTERNAL,Inventory consumption,,HW-NET-RTR-E,C011
2023-10,DE01,Hardware,VARSELL-2023-10-00234-DE01,variable_selling,5300_VARIABLE_SELLING,2732.5,0.0,EXTERNAL,Variable selling and logistics,,HW-NET-RTR-E,C011
2023-10,DE01,Hardware,VARSELL-2023-10-00234-DE01,variable_selling,2100_AP,0.0,2732.5,EXTERNAL,Variable selling accrual,,HW-NET-RTR-E,C011
2023-10,DE01,Hardware,OPEX-2023-10-00234-DE01,opex,6000_OPEX,1380.05,0.0,EXTERNAL,Non-people operating expenses,,HW-NET-RTR-E,C011
2023-10,DE01,Hardware,OPEX-2023-10-00234-DE01,opex,2100_AP,0.0,1380.05,EXTERNAL,Non-people operating expense accrual,,HW-NET-RTR-E,C011
2023-10,DE01,Hardware,SALE-2023-10-00235-DE01,sale,1100_AR,40039.26,0.0,EXTERNAL,External customer invoice,,HW-SEN-RFID-E,C011
2023-10,DE01,Hardware,SALE-2023-10-00235-DE01,sale,4000_EXTERNAL_REVENUE,0.0,40039.26,EXTERNAL,External customer invoice,,HW-SEN-RFID-E,C011
2023-10,DE01,Hardware,COGS-2023-10-00235-DE01,cogs,5000_EXTERNAL_COGS,23885.15,0.0,EXTERNAL,External cost of sales at transfer price,,HW-SEN-RFID-E,C011
2023-10,DE01,Hardware,COGS-2023-10-00235-DE01,cogs,1200_INVENTORY,0.0,23885.15,EXTERNAL,Inventory consumption,,HW-SEN-RFID-E,C011
2023-10,DE01,Hardware,VARSELL-2023-10-00235-DE01,variable_selling,5300_VARIABLE_SELLING,2378.33,0.0,EXTERNAL,Variable selling and logistics,,HW-SEN-RFID-E,C011
2023-10,DE01,Hardware,VARSELL-2023-10-00235-DE01,variable_selling,2100_AP,0.0,2378.33,EXTERNAL,Variable selling accrual,,HW-SEN-RFID-E,C011
2023-10,DE01,Hardware,OPEX-2023-10-00235-DE01,opex,6000_OPEX,1201.18,0.0,EXTERNAL,Non-people operating expenses,,HW-SEN-RFID-E,C011
2023-10,DE01,Hardware,OPEX-2023-10-00235-DE01,opex,2100_AP,0.0,1201.18,EXTERNAL,Non-people operating expense accrual,,HW-SEN-RFID-E,C011
2023-10,DE01,Hardware,SALE-2023-10-00236-DE01,sale,1100_AR,51332.4,0.0,EXTERNAL,External customer invoice,,HW-SEN-RFID-P,C011
2023-10,DE01,Hardware,SALE-2023-10-00236-DE01,sale,4000_EXTERNAL_REVENUE,0.0,51332.4,EXTERNAL,External customer invoice,,HW-SEN-RFID-P,C011
2023-10,DE01,Hardware,COGS-2023-10-00236-DE01,cogs,5000_EXTERNAL_COGS,36055.43,0.0,EXTERNAL,External cost of sales at transfer price,,HW-SEN-RFID-P,C011
2023-10,DE01,Hardware,COGS-2023-10-00236-DE01,cogs,1200_INVENTORY,0.0,36055.43,EXTERNAL,Inventory consumption,,HW-SEN-RFID-P,C011
2023-10,DE01,Hardware,VARSELL-2023-10-00236-DE01,variable_selling,5300_VARIABLE_SELLING,2823.28,0.0,EXTERNAL,Variable selling and logistics,,HW-SEN-RFID-P,C011
2023-10,DE01,Hardware,VARSELL-2023-10-00236-DE01,variable_selling,2100_AP,0.0,2823.28,EXTERNAL,Variable selling accrual,,HW-SEN-RFID-P,C011
2023-10,DE01,Hardware,OPEX-2023-10-00236-DE01,opex,6000_OPEX,1539.97,0.0,EXTERNAL,Non-people operating expenses,,HW-SEN-RFID-P,C011
2023-10,DE01,Hardware,OPEX-2023-10-00236-DE01,opex,2100_AP,0.0,1539.97,EXTERNAL,Non-people operating expense accrual,,HW-SEN-RFID-P,C011
2023-10,DE01,Hardware,SALE-2023-10-00237-DE01,sale,1100_AR,42928.71,0.0,EXTERNAL,External customer invoice,,HW-SEN-BIO-E,C011
2023-10,DE01,Hardware,SALE-2023-10-00237-DE01,sale,4000_EXTERNAL_REVENUE,0.0,42928.71,EXTERNAL,External customer invoice,,HW-SEN-BIO-E,C011
2023-10,DE01,Hardware,COGS-2023-10-00237-DE01,cogs,5000_EXTERNAL_COGS,26449.77,0.0,EXTERNAL,External cost of sales at transfer price,,HW-SEN-BIO-E,C011
2023-10,DE01,Hardware,COGS-2023-10-00237-DE01,cogs,1200_INVENTORY,0.0,26449.77,EXTERNAL,Inventory consumption,,HW-SEN-BIO-E,C011
2023-10,DE01,Hardware,VARSELL-2023-10-00237-DE01,variable_selling,5300_VARIABLE_SELLING,2549.97,0.0,EXTERNAL,Variable selling and logistics,,HW-SEN-BIO-E,C011
2023-10,DE01,Hardware,VARSELL-2023-10-00237-DE01,variable_selling,2100_AP,0.0,2549.97,EXTERNAL,Variable selling accrual,,HW-SEN-BIO-E,C011
2023-10,DE01,Hardware,OPEX-2023-10-00237-DE01,opex,6000_OPEX,1287.86,0.0,EXTERNAL,Non-people operating expenses,,HW-SEN-BIO-E,C011
2023-10,DE01,Hardware,OPEX-2023-10-00237-DE01,opex,2100_AP,0.0,1287.86,EXTERNAL,Non-people operating expense accrual,,HW-SEN-BIO-E,C011
2023-10,DE01,Hardware,SALE-2023-10-00238-DE01,sale,1100_AR,45818.13,0.0,EXTERNAL,External customer invoice,,HW-SEN-CAM-E,C011
2023-10,DE01,Hardware,SALE-2023-10-00238-DE01,sale,4000_EXTERNAL_REVENUE,0.0,45818.13,EXTERNAL,External customer invoice,,HW-SEN-CAM-E,C011
2023-10,DE01,Hardware,COGS-2023-10-00238-DE01,cogs,5000_EXTERNAL_COGS,29127.61,0.0,EXTERNAL,External cost of sales at transfer price,,HW-SEN-CAM-E,C011
2023-10,DE01,Hardware,COGS-2023-10-00238-DE01,cogs,1200_INVENTORY,0.0,29127.61,EXTERNAL,Inventory consumption,,HW-SEN-CAM-E,C011
2023-10,DE01,Hardware,VARSELL-2023-10-00238-DE01,variable_selling,5300_VARIABLE_SELLING,2721.6,0.0,EXTERNAL,Variable selling and logistics,,HW-SEN-CAM-E,C011
2023-10,DE01,Hardware,VARSELL-2023-10-00238-DE01,variable_selling,2100_AP,0.0,2721.6,EXTERNAL,Variable selling accrual,,HW-SEN-CAM-E,C011
2023-10,DE01,Hardware,OPEX-2023-10-00238-DE01,opex,6000_OPEX,1374.54,0.0,EXTERNAL,Non-people operating expenses,,HW-SEN-CAM-E,C011
2023-10,DE01,Hardware,OPEX-2023-10-00238-DE01,opex,2100_AP,0.0,1374.54,EXTERNAL,Non-people operating expense accrual,,HW-SEN-CAM-E,C011
2023-10,DE01,Hardware,SALE-2023-10-00239-DE01,sale,1100_AR,39160.8,0.0,EXTERNAL,External customer invoice,,HW-SEN-CAM-P,C011
2023-10,DE01,Hardware,SALE-2023-10-00239-DE01,sale,4000_EXTERNAL_REVENUE,0.0,39160.8,EXTERNAL,External customer invoice,,HW-SEN-CAM-P,C011
2023-10,DE01,Hardware,COGS-2023-10-00239-DE01,cogs,5000_EXTERNAL_COGS,29332.75,0.0,EXTERNAL,External cost of sales at transfer price,,HW-SEN-CAM-P,C011
2023-10,DE01,Hardware,COGS-2023-10-00239-DE01,cogs,1200_INVENTORY,0.0,29332.75,EXTERNAL,Inventory consumption,,HW-SEN-CAM-P,C011
2023-10,DE01,Hardware,VARSELL-2023-10-00239-DE01,variable_selling,5300_VARIABLE_SELLING,2153.84,0.0,EXTERNAL,Variable selling and logistics,,HW-SEN-CAM-P,C011
2023-10,DE01,Hardware,VARSELL-2023-10-00239-DE01,variable_selling,2100_AP,0.0,2153.84,EXTERNAL,Variable selling accrual,,HW-SEN-CAM-P,C011
2023-10,DE01,Hardware,OPEX-2023-10-00239-DE01,opex,6000_OPEX,1174.82,0.0,EXTERNAL,Non-people operating expenses,,HW-SEN-CAM-P,C011
2023-10,DE01,Hardware,OPEX-2023-10-00239-DE01,opex,2100_AP,0.0,1174.82,EXTERNAL,Non-people operating expense accrual,,HW-SEN-CAM-P,C011
2023-10,DE01,Hardware,SALE-2023-10-00240-DE01,sale,1100_AR,41630.4,0.0,EXTERNAL,External customer invoice,,HW-SEN-HUB-P,C011
2023-10,DE01,Hardware,SALE-2023-10-00240-DE01,sale,4000_EXTERNAL_REVENUE,0.0,41630.4,EXTERNAL,External customer invoice,,HW-SEN-HUB-P,C011
2023-10,DE01,Hardware,COGS-2023-10-00240-DE01,cogs,5000_EXTERNAL_COGS,32153.43,0.0,EXTERNAL,External cost of sales at transfer price,,HW-SEN-HUB-P,C011
2023-10,DE01,Hardware,COGS-2023-10-00240-DE01,cogs,1200_INVENTORY,0.0,32153.43,EXTERNAL,Inventory consumption,,HW-SEN-HUB-P,C011
2023-10,DE01,Hardware,VARSELL-2023-10-00240-DE01,variable_selling,5300_VARIABLE_SELLING,2289.67,0.0,EXTERNAL,Variable selling and logistics,,HW-SEN-HUB-P,C011
2023-10,DE01,Hardware,VARSELL-2023-10-00240-DE01,variable_selling,2100_AP,0.0,2289.67,EXTERNAL,Variable selling accrual,,HW-SEN-HUB-P,C011
2023-10,DE01,Hardware,OPEX-2023-10-00240-DE01,opex,6000_OPEX,1248.91,0.0,EXTERNAL,Non-people operating expenses,,HW-SEN-HUB-P,C011
2023-10,DE01,Hardware,OPEX-2023-10-00240-DE01,opex,2100_AP,0.0,1248.91,EXTERNAL,Non-people operating expense accrual,,HW-SEN-HUB-P,C011
2023-10,DE01,Hardware,SALE-2023-10-00241-DE01,sale,1100_AR,30806.5,0.0,EXTERNAL,External customer invoice,,HW-SEN-HUB-X,C011
2023-10,DE01,Hardware,SALE-2023-10-00241-DE01,sale,4000_EXTERNAL_REVENUE,0.0,30806.5,EXTERNAL,External customer invoice,,HW-SEN-HUB-X,C011
2023-10,DE01,Hardware,COGS-2023-10-00241-DE01,cogs,5000_EXTERNAL_COGS,28808.51,0.0,EXTERNAL,External cost of sales at transfer price,,HW-SEN-HUB-X,C011
2023-10,DE01,Hardware,COGS-2023-10-00241-DE01,cogs,1200_INVENTORY,0.0,28808.51,EXTERNAL,Inventory consumption,,HW-SEN-HUB-X,C011
2023-10,DE01,Hardware,VARSELL-2023-10-00241-DE01,variable_selling,5300_VARIABLE_SELLING,1558.81,0.0,EXTERNAL,Variable selling and logistics,,HW-SEN-HUB-X,C011
2023-10,DE01,Hardware,VARSELL-2023-10-00241-DE01,variable_selling,2100_AP,0.0,1558.81,EXTERNAL,Variable selling accrual,,HW-SEN-HUB-X,C011
2023-10,DE01,Hardware,OPEX-2023-10-00241-DE01,opex,6000_OPEX,924.19,0.0,EXTERNAL,Non-people operating expenses,,HW-SEN-HUB-X,C011
2023-10,DE01,Hardware,OPEX-2023-10-00241-DE01,opex,2100_AP,0.0,924.19,EXTERNAL,Non-people operating expense accrual,,HW-SEN-HUB-X,C011
2023-10,DE01,Hardware,SALE-2023-10-00242-DE01,sale,1100_AR,17609.87,0.0,EXTERNAL,External customer invoice,,HW-CTL-MCU-E,C012
2023-10,DE01,Hardware,SALE-2023-10-00242-DE01,sale,4000_EXTERNAL_REVENUE,0.0,17609.87,EXTERNAL,External customer invoice,,HW-CTL-MCU-E,C012
2023-10,DE01,Hardware,COGS-2023-10-00242-DE01,cogs,5000_EXTERNAL_COGS,15074.13,0.0,EXTERNAL,External cost of sales at transfer price,,HW-CTL-MCU-E,C012
2023-10,DE01,Hardware,COGS-2023-10-00242-DE01,cogs,1200_INVENTORY,0.0,15074.13,EXTERNAL,Inventory consumption,,HW-CTL-MCU-E,C012
2023-10,DE01,Hardware,VARSELL-2023-10-00242-DE01,variable_selling,5300_VARIABLE_SELLING,1046.03,0.0,EXTERNAL,Variable selling and logistics,,HW-CTL-MCU-E,C012
2023-10,DE01,Hardware,VARSELL-2023-10-00242-DE01,variable_selling,2100_AP,0.0,1046.03,EXTERNAL,Variable selling accrual,,HW-CTL-MCU-E,C012
2023-10,DE01,Hardware,OPEX-2023-10-00242-DE01,opex,6000_OPEX,528.3,0.0,EXTERNAL,Non-people operating expenses,,HW-CTL-MCU-E,C012
2023-10,DE01,Hardware,OPEX-2023-10-00242-DE01,opex,2100_AP,0.0,528.3,EXTERNAL,Non-people operating expense accrual,,HW-CTL-MCU-E,C012
2023-10,DE01,Hardware,SALE-2023-10-00243-DE01,sale,1100_AR,18880.68,0.0,EXTERNAL,External customer invoice,,HW-CTL-RCK-E,C012
2023-10,DE01,Hardware,SALE-2023-10-00243-DE01,sale,4000_EXTERNAL_REVENUE,0.0,18880.68,EXTERNAL,External customer invoice,,HW-CTL-RCK-E,C012
2023-10,DE01,Hardware,COGS-2023-10-00243-DE01,cogs,5000_EXTERNAL_COGS,11633.0,0.0,EXTERNAL,External cost of sales at transfer price,,HW-CTL-RCK-E,C012
2023-10,DE01,Hardware,COGS-2023-10-00243-DE01,cogs,1200_INVENTORY,0.0,11633.0,EXTERNAL,Inventory consumption,,HW-CTL-RCK-E,C012
2023-10,DE01,Hardware,VARSELL-2023-10-00243-DE01,variable_selling,5300_VARIABLE_SELLING,1121.51,0.0,EXTERNAL,Variable selling and logistics,,HW-CTL-RCK-E,C012
2023-10,DE01,Hardware,VARSELL-2023-10-00243-DE01,variable_selling,2100_AP,0.0,1121.51,EXTERNAL,Variable selling accrual,,HW-CTL-RCK-E,C012
2023-10,DE01,Hardware,OPEX-2023-10-00243-DE01,opex,6000_OPEX,566.42,0.0,EXTERNAL,Non-people operating expenses,,HW-CTL-RCK-E,C012
2023-10,DE01,Hardware,OPEX-2023-10-00243-DE01,opex,2100_AP,0.0,566.42,EXTERNAL,Non-people operating expense accrual,,HW-CTL-RCK-E,C012
2023-10,DE01,Hardware,SALE-2023-10-00244-DE01,sale,1100_AR,24206.0,0.0,EXTERNAL,External customer invoice,,HW-CTL-RCK-P,C012
2023-10,DE01,Hardware,SALE-2023-10-00244-DE01,sale,4000_EXTERNAL_REVENUE,0.0,24206.0,EXTERNAL,External customer invoice,,HW-CTL-RCK-P,C012
2023-10,DE01,Hardware,COGS-2023-10-00244-DE01,cogs,5000_EXTERNAL_COGS,17566.6,0.0,EXTERNAL,External cost of sales at transfer price,,HW-CTL-RCK-P,C012
2023-10,DE01,Hardware,COGS-2023-10-00244-DE01,cogs,1200_INVENTORY,0.0,17566.6,EXTERNAL,Inventory consumption,,HW-CTL-RCK-P,C012
2023-10,DE01,Hardware,VARSELL-2023-10-00244-DE01,variable_selling,5300_VARIABLE_SELLING,1331.33,0.0,EXTERNAL,Variable selling and logistics,,HW-CTL-RCK-P,C012
2023-10,DE01,Hardware,VARSELL-2023-10-00244-DE01,variable_selling,2100_AP,0.0,1331.33,EXTERNAL,Variable selling accrual,,HW-CTL-RCK-P,C012
2023-10,DE01,Hardware,OPEX-2023-10-00244-DE01,opex,6000_OPEX,726.18,0.0,EXTERNAL,Non-people operating expenses,,HW-CTL-RCK-P,C012
2023-10,DE01,Hardware,OPEX-2023-10-00244-DE01,opex,2100_AP,0.0,726.18,EXTERNAL,Non-people operating expense accrual,,HW-CTL-RCK-P,C012
2023-10,DE01,Hardware,SALE-2023-10-00245-DE01,sale,1100_AR,20151.5,0.0,EXTERNAL,External customer invoice,,HW-CTL-RDN-E,C012
2023-10,DE01,Hardware,SALE-2023-10-00245-DE01,sale,4000_EXTERNAL_REVENUE,0.0,20151.5,EXTERNAL,External customer invoice,,HW-CTL-RDN-E,C012
2023-10,DE01,Hardware,COGS-2023-10-00245-DE01,cogs,5000_EXTERNAL_COGS,12810.75,0.0,EXTERNAL,External cost of sales at transfer price,,HW-CTL-RDN-E,C012
2023-10,DE01,Hardware,COGS-2023-10-00245-DE01,cogs,1200_INVENTORY,0.0,12810.75,EXTERNAL,Inventory consumption,,HW-CTL-RDN-E,C012
2023-10,DE01,Hardware,VARSELL-2023-10-00245-DE01,variable_selling,5300_VARIABLE_SELLING,1197.0,0.0,EXTERNAL,Variable selling and logistics,,HW-CTL-RDN-E,C012
2023-10,DE01,Hardware,VARSELL-2023-10-00245-DE01,variable_selling,2100_AP,0.0,1197.0,EXTERNAL,Variable selling accrual,,HW-CTL-RDN-E,C012
2023-10,DE01,Hardware,OPEX-2023-10-00245-DE01,opex,6000_OPEX,604.54,0.0,EXTERNAL,Non-people operating expenses,,HW-CTL-RDN-E,C012
2023-10,DE01,Hardware,OPEX-2023-10-00245-DE01,opex,2100_AP,0.0,604.54,EXTERNAL,Non-people operating expense accrual,,HW-CTL-RDN-E,C012
2023-10,DE01,Hardware,SALE-2023-10-00246-DE01,sale,1100_AR,25835.25,0.0,EXTERNAL,External customer invoice,,HW-CTL-RDN-P,C012
2023-10,DE01,Hardware,SALE-2023-10-00246-DE01,sale,4000_EXTERNAL_REVENUE,0.0,25835.25,EXTERNAL,External customer invoice,,HW-CTL-RDN-P,C012
2023-10,DE01,Hardware,COGS-2023-10-00246-DE01,cogs,5000_EXTERNAL_COGS,19351.46,0.0,EXTERNAL,External cost of sales at transfer price,,HW-CTL-RDN-P,C012
2023-10,DE01,Hardware,COGS-2023-10-00246-DE01,cogs,1200_INVENTORY,0.0,19351.46,EXTERNAL,Inventory consumption,,HW-CTL-RDN-P,C012
2023-10,DE01,Hardware,VARSELL-2023-10-00246-DE01,variable_selling,5300_VARIABLE_SELLING,1420.94,0.0,EXTERNAL,Variable selling and logistics,,HW-CTL-RDN-P,C012
2023-10,DE01,Hardware,VARSELL-2023-10-00246-DE01,variable_selling,2100_AP,0.0,1420.94,EXTERNAL,Variable selling accrual,,HW-CTL-RDN-P,C012
2023-10,DE01,Hardware,OPEX-2023-10-00246-DE01,opex,6000_OPEX,775.06,0.0,EXTERNAL,Non-people operating expenses,,HW-CTL-RDN-P,C012
2023-10,DE01,Hardware,OPEX-2023-10-00246-DE01,opex,2100_AP,0.0,775.06,EXTERNAL,Non-people operating expense accrual,,HW-CTL-RDN-P,C012
2023-10,DE01,Hardware,SALE-2023-10-00247-DE01,sale,1100_AR,21422.31,0.0,EXTERNAL,External customer invoice,,HW-CTL-SAF-E,C012
2023-10,DE01,Hardware,SALE-2023-10-00247-DE01,sale,4000_EXTERNAL_REVENUE,0.0,21422.31,EXTERNAL,External customer invoice,,HW-CTL-SAF-E,C012
2023-10,DE01,Hardware,COGS-2023-10-00247-DE01,cogs,5000_EXTERNAL_COGS,14038.29,0.0,EXTERNAL,External cost of sales at transfer price,,HW-CTL-SAF-E,C012
2023-10,DE01,Hardware,COGS-2023-10-00247-DE01,cogs,1200_INVENTORY,0.0,14038.29,EXTERNAL,Inventory consumption,,HW-CTL-SAF-E,C012
2023-10,DE01,Hardware,VARSELL-2023-10-00247-DE01,variable_selling,5300_VARIABLE_SELLING,1272.49,0.0,EXTERNAL,Variable selling and logistics,,HW-CTL-SAF-E,C012
2023-10,DE01,Hardware,VARSELL-2023-10-00247-DE01,variable_selling,2100_AP,0.0,1272.49,EXTERNAL,Variable selling accrual,,HW-CTL-SAF-E,C012
2023-10,DE01,Hardware,OPEX-2023-10-00247-DE01,opex,6000_OPEX,642.67,0.0,EXTERNAL,Non-people operating expenses,,HW-CTL-SAF-E,C012
2023-10,DE01,Hardware,OPEX-2023-10-00247-DE01,opex,2100_AP,0.0,642.67,EXTERNAL,Non-people operating expense accrual,,HW-CTL-SAF-E,C012
2023-10,DE01,Hardware,SALE-2023-10-00248-DE01,sale,1100_AR,20761.1,0.0,EXTERNAL,External customer invoice,,HW-EDG-GTW-E,C012
2023-10,DE01,Hardware,SALE-2023-10-00248-DE01,sale,4000_EXTERNAL_REVENUE,0.0,20761.1,EXTERNAL,External customer invoice,,HW-EDG-GTW-E,C012
2023-10,DE01,Hardware,COGS-2023-10-00248-DE01,cogs,5000_EXTERNAL_COGS,17771.61,0.0,EXTERNAL,External cost of sales at transfer price,,HW-EDG-GTW-E,C012
2023-10,DE01,Hardware,COGS-2023-10-00248-DE01,cogs,1200_INVENTORY,0.0,17771.61,EXTERNAL,Inventory consumption,,HW-EDG-GTW-E,C012
2023-10,DE01,Hardware,VARSELL-2023-10-00248-DE01,variable_selling,5300_VARIABLE_SELLING,1233.21,0.0,EXTERNAL,Variable selling and logistics,,HW-EDG-GTW-E,C012
2023-10,DE01,Hardware,VARSELL-2023-10-00248-DE01,variable_selling,2100_AP,0.0,1233.21,EXTERNAL,Variable selling accrual,,HW-EDG-GTW-E,C012
2023-10,DE01,Hardware,OPEX-2023-10-00248-DE01,opex,6000_OPEX,622.83,0.0,EXTERNAL,Non-people operating expenses,,HW-EDG-GTW-E,C012
2023-10,DE01,Hardware,OPEX-2023-10-00248-DE01,opex,2100_AP,0.0,622.83,EXTERNAL,Non-people operating expense accrual,,HW-EDG-GTW-E,C012
2023-10,DE01,Hardware,SALE-2023-10-00249-DE01,sale,1100_AR,26616.8,0.0,EXTERNAL,External customer invoice,,HW-EDG-GTW-P,C012
2023-10,DE01,Hardware,SALE-2023-10-00249-DE01,sale,4000_EXTERNAL_REVENUE,0.0,26616.8,EXTERNAL,External customer invoice,,HW-EDG-GTW-P,C012
2023-10,DE01,Hardware,COGS-2023-10-00249-DE01,cogs,5000_EXTERNAL_COGS,18695.42,0.0,EXTERNAL,External cost of sales at transfer price,,HW-EDG-GTW-P,C012
2023-10,DE01,Hardware,COGS-2023-10-00249-DE01,cogs,1200_INVENTORY,0.0,18695.42,EXTERNAL,Inventory consumption,,HW-EDG-GTW-P,C012
2023-10,DE01,Hardware,VARSELL-2023-10-00249-DE01,variable_selling,5300_VARIABLE_SELLING,1463.92,0.0,EXTERNAL,Variable selling and logistics,,HW-EDG-GTW-P,C012
2023-10,DE01,Hardware,VARSELL-2023-10-00249-DE01,variable_selling,2100_AP,0.0,1463.92,EXTERNAL,Variable selling accrual,,HW-EDG-GTW-P,C012
2023-10,DE01,Hardware,OPEX-2023-10-00249-DE01,opex,6000_OPEX,798.5,0.0,EXTERNAL,Non-people operating expenses,,HW-EDG-GTW-P,C012
2023-10,DE01,Hardware,OPEX-2023-10-00249-DE01,opex,2100_AP,0.0,798.5,EXTERNAL,Non-people operating expense accrual,,HW-EDG-GTW-P,C012
2023-10,DE01,Hardware,SALE-2023-10-00250-DE01,sale,1100_AR,22259.33,0.0,EXTERNAL,External customer invoice,,HW-EDG-SEC-E,C012
2023-10,DE01,Hardware,SALE-2023-10-00250-DE01,sale,4000_EXTERNAL_REVENUE,0.0,22259.33,EXTERNAL,External customer invoice,,HW-EDG-SEC-E,C012
2023-10,DE01,Hardware,COGS-2023-10-00250-DE01,cogs,5000_EXTERNAL_COGS,13714.69,0.0,EXTERNAL,External cost of sales at transfer price,,HW-EDG-SEC-E,C012
2023-10,DE01,Hardware,COGS-2023-10-00250-DE01,cogs,1200_INVENTORY,0.0,13714.69,EXTERNAL,Inventory consumption,,HW-EDG-SEC-E,C012
2023-10,DE01,Hardware,VARSELL-2023-10-00250-DE01,variable_selling,5300_VARIABLE_SELLING,1322.2,0.0,EXTERNAL,Variable selling and logistics,,HW-EDG-SEC-E,C012
2023-10,DE01,Hardware,VARSELL-2023-10-00250-DE01,variable_selling,2100_AP,0.0,1322.2,EXTERNAL,Variable selling accrual,,HW-EDG-SEC-E,C012
2023-10,DE01,Hardware,OPEX-2023-10-00250-DE01,opex,6000_OPEX,667.78,0.0,EXTERNAL,Non-people operating expenses,,HW-EDG-SEC-E,C012
2023-10,DE01,Hardware,OPEX-2023-10-00250-DE01,opex,2100_AP,0.0,667.78,EXTERNAL,Non-people operating expense accrual,,HW-EDG-SEC-E,C012
2023-10,DE01,Hardware,SALE-2023-10-00251-DE01,sale,1100_AR,23757.55,0.0,EXTERNAL,External customer invoice,,HW-EDG-CMP-E,C012
2023-10,DE01,Hardware,SALE-2023-10-00251-DE01,sale,4000_EXTERNAL_REVENUE,0.0,23757.55,EXTERNAL,External customer invoice,,HW-EDG-CMP-E,C012
2023-10,DE01,Hardware,COGS-2023-10-00251-DE01,cogs,5000_EXTERNAL_COGS,15103.2,0.0,EXTERNAL,External cost of sales at transfer price,,HW-EDG-CMP-E,C012
2023-10,DE01,Hardware,COGS-2023-10-00251-DE01,cogs,1200_INVENTORY,0.0,15103.2,EXTERNAL,Inventory consumption,,HW-EDG-CMP-E,C012
2023-10,DE01,Hardware,VARSELL-2023-10-00251-DE01,variable_selling,5300_VARIABLE_SELLING,1411.2,0.0,EXTERNAL,Variable selling and logistics,,HW-EDG-CMP-E,C012
2023-10,DE01,Hardware,VARSELL-2023-10-00251-DE01,variable_selling,2100_AP,0.0,1411.2,EXTERNAL,Variable selling accrual,,HW-EDG-CMP-E,C012
2023-10,DE01,Hardware,OPEX-2023-10-00251-DE01,opex,6000_OPEX,712.73,0.0,EXTERNAL,Non-people operating expenses,,HW-EDG-CMP-E,C012
2023-10,DE01,Hardware,OPEX-2023-10-00251-DE01,opex,2100_AP,0.0,712.73,EXTERNAL,Non-people operating expense accrual,,HW-EDG-CMP-E,C012
2023-10,DE01,Hardware,SALE-2023-10-00252-DE01,sale,1100_AR,25255.78,0.0,EXTERNAL,External customer invoice,,HW-EDG-AI-E,C012
2023-10,DE01,Hardware,SALE-2023-10-00252-DE01,sale,4000_EXTERNAL_REVENUE,0.0,25255.78,EXTERNAL,External customer invoice,,HW-EDG-AI-E,C012
2023-10,DE01,Hardware,COGS-2023-10-00252-DE01,cogs,5000_EXTERNAL_COGS,16550.4,0.0,EXTERNAL,External cost of sales at transfer price,,HW-EDG-AI-E,C012
2023-10,DE01,Hardware,COGS-2023-10-00252-DE01,cogs,1200_INVENTORY,0.0,16550.4,EXTERNAL,Inventory consumption,,HW-EDG-AI-E,C012
2023-10,DE01,Hardware,VARSELL-2023-10-00252-DE01,variable_selling,5300_VARIABLE_SELLING,1500.19,0.0,EXTERNAL,Variable selling and logistics,,HW-EDG-AI-E,C012
2023-10,DE01,Hardware,VARSELL-2023-10-00252-DE01,variable_selling,2100_AP,0.0,1500.19,EXTERNAL,Variable selling accrual,,HW-EDG-AI-E,C012
2023-10,DE01,Hardware,OPEX-2023-10-00252-DE01,opex,6000_OPEX,757.67,0.0,EXTERNAL,Non-people operating expenses,,HW-EDG-AI-E,C012
2023-10,DE01,Hardware,OPEX-2023-10-00252-DE01,opex,2100_AP,0.0,757.67,EXTERNAL,Non-people operating expense accrual,,HW-EDG-AI-E,C012
2023-10,DE01,Hardware,SALE-2023-10-00253-DE01,sale,1100_AR,16312.3,0.0,EXTERNAL,External customer invoice,,HW-TRM-FIX-E,C012
2023-10,DE01,Hardware,SALE-2023-10-00253-DE01,sale,4000_EXTERNAL_REVENUE,0.0,16312.3,EXTERNAL,External customer invoice,,HW-TRM-FIX-E,C012
2023-10,DE01,Hardware,COGS-2023-10-00253-DE01,cogs,5000_EXTERNAL_COGS,9730.98,0.0,EXTERNAL,External cost of sales at transfer price,,HW-TRM-FIX-E,C012
2023-10,DE01,Hardware,COGS-2023-10-00253-DE01,cogs,1200_INVENTORY,0.0,9730.98,EXTERNAL,Inventory consumption,,HW-TRM-FIX-E,C012
2023-10,DE01,Hardware,VARSELL-2023-10-00253-DE01,variable_selling,5300_VARIABLE_SELLING,968.95,0.0,EXTERNAL,Variable selling and logistics,,HW-TRM-FIX-E,C012
2023-10,DE01,Hardware,VARSELL-2023-10-00253-DE01,variable_selling,2100_AP,0.0,968.95,EXTERNAL,Variable selling accrual,,HW-TRM-FIX-E,C012
2023-10,DE01,Hardware,OPEX-2023-10-00253-DE01,opex,6000_OPEX,489.37,0.0,EXTERNAL,Non-people operating expenses,,HW-TRM-FIX-E,C012
2023-10,DE01,Hardware,OPEX-2023-10-00253-DE01,opex,2100_AP,0.0,489.37,EXTERNAL,Non-people operating expense accrual,,HW-TRM-FIX-E,C012
2023-10,DE01,Hardware,SALE-2023-10-00254-DE01,sale,1100_AR,20913.2,0.0,EXTERNAL,External customer invoice,,HW-TRM-FIX-P,C012
2023-10,DE01,Hardware,SALE-2023-10-00254-DE01,sale,4000_EXTERNAL_REVENUE,0.0,20913.2,EXTERNAL,External customer invoice,,HW-TRM-FIX-P,C012
2023-10,DE01,Hardware,COGS-2023-10-00254-DE01,cogs,5000_EXTERNAL_COGS,14689.25,0.0,EXTERNAL,External cost of sales at transfer price,,HW-TRM-FIX-P,C012
2023-10,DE01,Hardware,COGS-2023-10-00254-DE01,cogs,1200_INVENTORY,0.0,14689.25,EXTERNAL,Inventory consumption,,HW-TRM-FIX-P,C012
2023-10,DE01,Hardware,VARSELL-2023-10-00254-DE01,variable_selling,5300_VARIABLE_SELLING,1150.23,0.0,EXTERNAL,Variable selling and logistics,,HW-TRM-FIX-P,C012
2023-10,DE01,Hardware,VARSELL-2023-10-00254-DE01,variable_selling,2100_AP,0.0,1150.23,EXTERNAL,Variable selling accrual,,HW-TRM-FIX-P,C012
2023-10,DE01,Hardware,OPEX-2023-10-00254-DE01,opex,6000_OPEX,627.4,0.0,EXTERNAL,Non-people operating expenses,,HW-TRM-FIX-P,C012
2023-10,DE01,Hardware,OPEX-2023-10-00254-DE01,opex,2100_AP,0.0,627.4,EXTERNAL,Non-people operating expense accrual,,HW-TRM-FIX-P,C012
2023-10,DE01,Hardware,SALE-2023-10-00255-DE01,sale,1100_AR,17489.47,0.0,EXTERNAL,External customer invoice,,HW-TRM-KSK-E,C012
2023-10,DE01,Hardware,SALE-2023-10-00255-DE01,sale,4000_EXTERNAL_REVENUE,0.0,17489.47,EXTERNAL,External customer invoice,,HW-TRM-KSK-E,C012
2023-10,DE01,Hardware,COGS-2023-10-00255-DE01,cogs,5000_EXTERNAL_COGS,10775.82,0.0,EXTERNAL,External cost of sales at transfer price,,HW-TRM-KSK-E,C012
2023-10,DE01,Hardware,COGS-2023-10-00255-DE01,cogs,1200_INVENTORY,0.0,10775.82,EXTERNAL,Inventory consumption,,HW-TRM-KSK-E,C012
2023-10,DE01,Hardware,VARSELL-2023-10-00255-DE01,variable_selling,5300_VARIABLE_SELLING,1038.87,0.0,EXTERNAL,Variable selling and logistics,,HW-TRM-KSK-E,C012
2023-10,DE01,Hardware,VARSELL-2023-10-00255-DE01,variable_selling,2100_AP,0.0,1038.87,EXTERNAL,Variable selling accrual,,HW-TRM-KSK-E,C012
2023-10,DE01,Hardware,OPEX-2023-10-00255-DE01,opex,6000_OPEX,524.68,0.0,EXTERNAL,Non-people operating expenses,,HW-TRM-KSK-E,C012
2023-10,DE01,Hardware,OPEX-2023-10-00255-DE01,opex,2100_AP,0.0,524.68,EXTERNAL,Non-people operating expense accrual,,HW-TRM-KSK-E,C012
2023-10,DE01,Hardware,SALE-2023-10-00256-DE01,sale,1100_AR,22422.4,0.0,EXTERNAL,External customer invoice,,HW-TRM-KSK-P,C012
2023-10,DE01,Hardware,SALE-2023-10-00256-DE01,sale,4000_EXTERNAL_REVENUE,0.0,22422.4,EXTERNAL,External customer invoice,,HW-TRM-KSK-P,C012
2023-10,DE01,Hardware,COGS-2023-10-00256-DE01,cogs,5000_EXTERNAL_COGS,16272.21,0.0,EXTERNAL,External cost of sales at transfer price,,HW-TRM-KSK-P,C012
2023-10,DE01,Hardware,COGS-2023-10-00256-DE01,cogs,1200_INVENTORY,0.0,16272.21,EXTERNAL,Inventory consumption,,HW-TRM-KSK-P,C012
2023-10,DE01,Hardware,VARSELL-2023-10-00256-DE01,variable_selling,5300_VARIABLE_SELLING,1233.23,0.0,EXTERNAL,Variable selling and logistics,,HW-TRM-KSK-P,C012
2023-10,DE01,Hardware,VARSELL-2023-10-00256-DE01,variable_selling,2100_AP,0.0,1233.23,EXTERNAL,Variable selling accrual,,HW-TRM-KSK-P,C012
2023-10,DE01,Hardware,OPEX-2023-10-00256-DE01,opex,6000_OPEX,672.67,0.0,EXTERNAL,Non-people operating expenses,,HW-TRM-KSK-P,C012
2023-10,DE01,Hardware,OPEX-2023-10-00256-DE01,opex,2100_AP,0.0,672.67,EXTERNAL,Non-people operating expense accrual,,HW-TRM-KSK-P,C012
2023-10,DE01,Hardware,SALE-2023-10-00257-DE01,sale,1100_AR,18907.43,0.0,EXTERNAL,External customer invoice,,HW-NET-ACC-E,C012
2023-10,DE01,Hardware,SALE-2023-10-00257-DE01,sale,4000_EXTERNAL_REVENUE,0.0,18907.43,EXTERNAL,External customer invoice,,HW-NET-ACC-E,C012
2023-10,DE01,Hardware,COGS-2023-10-00257-DE01,cogs,5000_EXTERNAL_COGS,11279.09,0.0,EXTERNAL,External cost of sales at transfer price,,HW-NET-ACC-E,C012
2023-10,DE01,Hardware,COGS-2023-10-00257-DE01,cogs,1200_INVENTORY,0.0,11279.09,EXTERNAL,Inventory consumption,,HW-NET-ACC-E,C012
2023-10,DE01,Hardware,VARSELL-2023-10-00257-DE01,variable_selling,5300_VARIABLE_SELLING,1123.1,0.0,EXTERNAL,Variable selling and logistics,,HW-NET-ACC-E,C012
2023-10,DE01,Hardware,VARSELL-2023-10-00257-DE01,variable_selling,2100_AP,0.0,1123.1,EXTERNAL,Variable selling accrual,,HW-NET-ACC-E,C012
2023-10,DE01,Hardware,OPEX-2023-10-00257-DE01,opex,6000_OPEX,567.22,0.0,EXTERNAL,Non-people operating expenses,,HW-NET-ACC-E,C012
2023-10,DE01,Hardware,OPEX-2023-10-00257-DE01,opex,2100_AP,0.0,567.22,EXTERNAL,Non-people operating expense accrual,,HW-NET-ACC-E,C012
2023-10,DE01,Hardware,SALE-2023-10-00258-DE01,sale,1100_AR,24240.3,0.0,EXTERNAL,External customer invoice,,HW-NET-ACC-P,C012
2023-10,DE01,Hardware,SALE-2023-10-00258-DE01,sale,4000_EXTERNAL_REVENUE,0.0,24240.3,EXTERNAL,External customer invoice,,HW-NET-ACC-P,C012
2023-10,DE01,Hardware,COGS-2023-10-00258-DE01,cogs,5000_EXTERNAL_COGS,17026.18,0.0,EXTERNAL,External cost of sales at transfer price,,HW-NET-ACC-P,C012
2023-10,DE01,Hardware,COGS-2023-10-00258-DE01,cogs,1200_INVENTORY,0.0,17026.18,EXTERNAL,Inventory consumption,,HW-NET-ACC-P,C012
2023-10,DE01,Hardware,VARSELL-2023-10-00258-DE01,variable_selling,5300_VARIABLE_SELLING,1333.22,0.0,EXTERNAL,Variable selling and logistics,,HW-NET-ACC-P,C012
2023-10,DE01,Hardware,VARSELL-2023-10-00258-DE01,variable_selling,2100_AP,0.0,1333.22,EXTERNAL,Variable selling accrual,,HW-NET-ACC-P,C012
2023-10,DE01,Hardware,OPEX-2023-10-00258-DE01,opex,6000_OPEX,727.21,0.0,EXTERNAL,Non-people operating expenses,,HW-NET-ACC-P,C012
2023-10,DE01,Hardware,OPEX-2023-10-00258-DE01,opex,2100_AP,0.0,727.21,EXTERNAL,Non-people operating expense accrual,,HW-NET-ACC-P,C012
2023-10,DE01,Hardware,SALE-2023-10-00259-DE01,sale,1100_AR,21636.34,0.0,EXTERNAL,External customer invoice,,HW-NET-DST-E,C012
2023-10,DE01,Hardware,SALE-2023-10-00259-DE01,sale,4000_EXTERNAL_REVENUE,0.0,21636.34,EXTERNAL,External customer invoice,,HW-NET-DST-E,C012
2023-10,DE01,Hardware,COGS-2023-10-00259-DE01,cogs,5000_EXTERNAL_COGS,13754.7,0.0,EXTERNAL,External cost of sales at transfer price,,HW-NET-DST-E,C012
2023-10,DE01,Hardware,COGS-2023-10-00259-DE01,cogs,1200_INVENTORY,0.0,13754.7,EXTERNAL,Inventory consumption,,HW-NET-DST-E,C012
2023-10,DE01,Hardware,VARSELL-2023-10-00259-DE01,variable_selling,5300_VARIABLE_SELLING,1285.2,0.0,EXTERNAL,Variable selling and logistics,,HW-NET-DST-E,C012
2023-10,DE01,Hardware,VARSELL-2023-10-00259-DE01,variable_selling,2100_AP,0.0,1285.2,EXTERNAL,Variable selling accrual,,HW-NET-DST-E,C012
2023-10,DE01,Hardware,OPEX-2023-10-00259-DE01,opex,6000_OPEX,649.09,0.0,EXTERNAL,Non-people operating expenses,,HW-NET-DST-E,C012
2023-10,DE01,Hardware,OPEX-2023-10-00259-DE01,opex,2100_AP,0.0,649.09,EXTERNAL,Non-people operating expense accrual,,HW-NET-DST-E,C012
2023-10,DE01,Hardware,SALE-2023-10-00260-DE01,sale,1100_AR,23000.8,0.0,EXTERNAL,External customer invoice,,HW-NET-RTR-E,C012
2023-10,DE01,Hardware,SALE-2023-10-00260-DE01,sale,4000_EXTERNAL_REVENUE,0.0,23000.8,EXTERNAL,External customer invoice,,HW-NET-RTR-E,C012
2023-10,DE01,Hardware,COGS-2023-10-00260-DE01,cogs,5000_EXTERNAL_COGS,15072.69,0.0,EXTERNAL,External cost of sales at transfer price,,HW-NET-RTR-E,C012
2023-10,DE01,Hardware,COGS-2023-10-00260-DE01,cogs,1200_INVENTORY,0.0,15072.69,EXTERNAL,Inventory consumption,,HW-NET-RTR-E,C012
2023-10,DE01,Hardware,VARSELL-2023-10-00260-DE01,variable_selling,5300_VARIABLE_SELLING,1366.25,0.0,EXTERNAL,Variable selling and logistics,,HW-NET-RTR-E,C012
2023-10,DE01,Hardware,VARSELL-2023-10-00260-DE01,variable_selling,2100_AP,0.0,1366.25,EXTERNAL,Variable selling accrual,,HW-NET-RTR-E,C012
2023-10,DE01,Hardware,OPEX-2023-10-00260-DE01,opex,6000_OPEX,690.02,0.0,EXTERNAL,Non-people operating expenses,,HW-NET-RTR-E,C012
2023-10,DE01,Hardware,OPEX-2023-10-00260-DE01,opex,2100_AP,0.0,690.02,EXTERNAL,Non-people operating expense accrual,,HW-NET-RTR-E,C012
2023-10,DE01,Hardware,SALE-2023-10-00261-DE01,sale,1100_AR,17110.8,0.0,EXTERNAL,External customer invoice,,HW-SEN-RFID-P,C012
2023-10,DE01,Hardware,SALE-2023-10-00261-DE01,sale,4000_EXTERNAL_REVENUE,0.0,17110.8,EXTERNAL,External customer invoice,,HW-SEN-RFID-P,C012
2023-10,DE01,Hardware,COGS-2023-10-00261-DE01,cogs,5000_EXTERNAL_COGS,12018.48,0.0,EXTERNAL,External cost of sales at transfer price,,HW-SEN-RFID-P,C012
2023-10,DE01,Hardware,COGS-2023-10-00261-DE01,cogs,1200_INVENTORY,0.0,12018.48,EXTERNAL,Inventory consumption,,HW-SEN-RFID-P,C012
2023-10,DE01,Hardware,VARSELL-2023-10-00261-DE01,variable_selling,5300_VARIABLE_SELLING,941.09,0.0,EXTERNAL,Variable selling and logistics,,HW-SEN-RFID-P,C012
2023-10,DE01,Hardware,VARSELL-2023-10-00261-DE01,variable_selling,2100_AP,0.0,941.09,EXTERNAL,Variable selling accrual,,HW-SEN-RFID-P,C012
2023-10,DE01,Hardware,OPEX-2023-10-00261-DE01,opex,6000_OPEX,513.32,0.0,EXTERNAL,Non-people operating expenses,,HW-SEN-RFID-P,C012
2023-10,DE01,Hardware,OPEX-2023-10-00261-DE01,opex,2100_AP,0.0,513.32,EXTERNAL,Non-people operating expense accrual,,HW-SEN-RFID-P,C012
2023-10,DE01,Hardware,SALE-2023-10-00262-DE01,sale,1100_AR,15272.71,0.0,EXTERNAL,External customer invoice,,HW-SEN-CAM-E,C012
2023-10,DE01,Hardware,SALE-2023-10-00262-DE01,sale,4000_EXTERNAL_REVENUE,0.0,15272.71,EXTERNAL,External customer invoice,,HW-SEN-CAM-E,C012
2023-10,DE01,Hardware,COGS-2023-10-00262-DE01,cogs,5000_EXTERNAL_COGS,9709.2,0.0,EXTERNAL,External cost of sales at transfer price,,HW-SEN-CAM-E,C012
2023-10,DE01,Hardware,COGS-2023-10-00262-DE01,cogs,1200_INVENTORY,0.0,9709.2,EXTERNAL,Inventory consumption,,HW-SEN-CAM-E,C012
2023-10,DE01,Hardware,VARSELL-2023-10-00262-DE01,variable_selling,5300_VARIABLE_SELLING,907.2,0.0,EXTERNAL,Variable selling and logistics,,HW-SEN-CAM-E,C012
2023-10,DE01,Hardware,VARSELL-2023-10-00262-DE01,variable_selling,2100_AP,0.0,907.2,EXTERNAL,Variable selling accrual,,HW-SEN-CAM-E,C012
2023-10,DE01,Hardware,OPEX-2023-10-00262-DE01,opex,6000_OPEX,458.18,0.0,EXTERNAL,Non-people operating expenses,,HW-SEN-CAM-E,C012
2023-10,DE01,Hardware,OPEX-2023-10-00262-DE01,opex,2100_AP,0.0,458.18,EXTERNAL,Non-people operating expense accrual,,HW-SEN-CAM-E,C012
2023-10,DE01,Hardware,SALE-2023-10-00263-DE01,sale,1100_AR,35219.74,0.0,EXTERNAL,External customer invoice,,HW-CTL-MCU-E,C013
2023-10,DE01,Hardware,SALE-2023-10-00263-DE01,sale,4000_EXTERNAL_REVENUE,0.0,35219.74,EXTERNAL,External customer invoice,,HW-CTL-MCU-E,C013
2023-10,DE01,Hardware,COGS-2023-10-00263-DE01,cogs,5000_EXTERNAL_COGS,30148.25,0.0,EXTERNAL,External cost of sales at transfer price,,HW-CTL-MCU-E,C013
2023-10,DE01,Hardware,COGS-2023-10-00263-DE01,cogs,1200_INVENTORY,0.0,30148.25,EXTERNAL,Inventory consumption,,HW-CTL-MCU-E,C013
2023-10,DE01,Hardware,VARSELL-2023-10-00263-DE01,variable_selling,5300_VARIABLE_SELLING,2092.05,0.0,EXTERNAL,Variable selling and logistics,,HW-CTL-MCU-E,C013
2023-10,DE01,Hardware,VARSELL-2023-10-00263-DE01,variable_selling,2100_AP,0.0,2092.05,EXTERNAL,Variable selling accrual,,HW-CTL-MCU-E,C013
2023-10,DE01,Hardware,OPEX-2023-10-00263-DE01,opex,6000_OPEX,1056.59,0.0,EXTERNAL,Non-people operating expenses,,HW-CTL-MCU-E,C013
2023-10,DE01,Hardware,OPEX-2023-10-00263-DE01,opex,2100_AP,0.0,1056.59,EXTERNAL,Non-people operating expense accrual,,HW-CTL-MCU-E,C013
2023-10,DE01,Hardware,SALE-2023-10-00264-DE01,sale,1100_AR,22576.75,0.0,EXTERNAL,External customer invoice,,HW-CTL-MCU-P,C013
2023-10,DE01,Hardware,SALE-2023-10-00264-DE01,sale,4000_EXTERNAL_REVENUE,0.0,22576.75,EXTERNAL,External customer invoice,,HW-CTL-MCU-P,C013
2023-10,DE01,Hardware,COGS-2023-10-00264-DE01,cogs,5000_EXTERNAL_COGS,15857.72,0.0,EXTERNAL,External cost of sales at transfer price,,HW-CTL-MCU-P,C013
2023-10,DE01,Hardware,COGS-2023-10-00264-DE01,cogs,1200_INVENTORY,0.0,15857.72,EXTERNAL,Inventory consumption,,HW-CTL-MCU-P,C013
2023-10,DE01,Hardware,VARSELL-2023-10-00264-DE01,variable_selling,5300_VARIABLE_SELLING,1241.72,0.0,EXTERNAL,Variable selling and logistics,,HW-CTL-MCU-P,C013
2023-10,DE01,Hardware,VARSELL-2023-10-00264-DE01,variable_selling,2100_AP,0.0,1241.72,EXTERNAL,Variable selling accrual,,HW-CTL-MCU-P,C013
2023-10,DE01,Hardware,OPEX-2023-10-00264-DE01,opex,6000_OPEX,677.3,0.0,EXTERNAL,Non-people operating expenses,,HW-CTL-MCU-P,C013
2023-10,DE01,Hardware,OPEX-2023-10-00264-DE01,opex,2100_AP,0.0,677.3,EXTERNAL,Non-people operating expense accrual,,HW-CTL-MCU-P,C013
2023-10,DE01,Hardware,SALE-2023-10-00265-DE01,sale,1100_AR,18880.68,0.0,EXTERNAL,External customer invoice,,HW-CTL-RCK-E,C013
2023-10,DE01,Hardware,SALE-2023-10-00265-DE01,sale,4000_EXTERNAL_REVENUE,0.0,18880.68,EXTERNAL,External customer invoice,,HW-CTL-RCK-E,C013
2023-10,DE01,Hardware,COGS-2023-10-00265-DE01,cogs,5000_EXTERNAL_COGS,11633.0,0.0,EXTERNAL,External cost of sales at transfer price,,HW-CTL-RCK-E,C013
2023-10,DE01,Hardware,COGS-2023-10-00265-DE01,cogs,1200_INVENTORY,0.0,11633.0,EXTERNAL,Inventory consumption,,HW-CTL-RCK-E,C013
2023-10,DE01,Hardware,VARSELL-2023-10-00265-DE01,variable_selling,5300_VARIABLE_SELLING,1121.51,0.0,EXTERNAL,Variable selling and logistics,,HW-CTL-RCK-E,C013
2023-10,DE01,Hardware,VARSELL-2023-10-00265-DE01,variable_selling,2100_AP,0.0,1121.51,EXTERNAL,Variable selling accrual,,HW-CTL-RCK-E,C013
2023-10,DE01,Hardware,OPEX-2023-10-00265-DE01,opex,6000_OPEX,566.42,0.0,EXTERNAL,Non-people operating expenses,,HW-CTL-RCK-E,C013
2023-10,DE01,Hardware,OPEX-2023-10-00265-DE01,opex,2100_AP,0.0,566.42,EXTERNAL,Non-people operating expense accrual,,HW-CTL-RCK-E,C013
2023-10,DE01,Hardware,SALE-2023-10-00266-DE01,sale,1100_AR,21422.31,0.0,EXTERNAL,External customer invoice,,HW-CTL-SAF-E,C013
2023-10,DE01,Hardware,SALE-2023-10-00266-DE01,sale,4000_EXTERNAL_REVENUE,0.0,21422.31,EXTERNAL,External customer invoice,,HW-CTL-SAF-E,C013
2023-10,DE01,Hardware,COGS-2023-10-00266-DE01,cogs,5000_EXTERNAL_COGS,14038.29,0.0,EXTERNAL,External cost of sales at transfer price,,HW-CTL-SAF-E,C013
2023-10,DE01,Hardware,COGS-2023-10-00266-DE01,cogs,1200_INVENTORY,0.0,14038.29,EXTERNAL,Inventory consumption,,HW-CTL-SAF-E,C013
2023-10,DE01,Hardware,VARSELL-2023-10-00266-DE01,variable_selling,5300_VARIABLE_SELLING,1272.49,0.0,EXTERNAL,Variable selling and logistics,,HW-CTL-SAF-E,C013
2023-10,DE01,Hardware,VARSELL-2023-10-00266-DE01,variable_selling,2100_AP,0.0,1272.49,EXTERNAL,Variable selling accrual,,HW-CTL-SAF-E,C013
2023-10,DE01,Hardware,OPEX-2023-10-00266-DE01,opex,6000_OPEX,642.67,0.0,EXTERNAL,Non-people operating expenses,,HW-CTL-SAF-E,C013
2023-10,DE01,Hardware,OPEX-2023-10-00266-DE01,opex,2100_AP,0.0,642.67,EXTERNAL,Non-people operating expense accrual,,HW-CTL-SAF-E,C013
2023-10,DE01,Hardware,SALE-2023-10-00267-DE01,sale,1100_AR,27464.5,0.0,EXTERNAL,External customer invoice,,HW-CTL-SAF-P,C013
2023-10,DE01,Hardware,SALE-2023-10-00267-DE01,sale,4000_EXTERNAL_REVENUE,0.0,27464.5,EXTERNAL,External customer invoice,,HW-CTL-SAF-P,C013
2023-10,DE01,Hardware,COGS-2023-10-00267-DE01,cogs,5000_EXTERNAL_COGS,21212.33,0.0,EXTERNAL,External cost of sales at transfer price,,HW-CTL-SAF-P,C013
2023-10,DE01,Hardware,COGS-2023-10-00267-DE01,cogs,1200_INVENTORY,0.0,21212.33,EXTERNAL,Inventory consumption,,HW-CTL-SAF-P,C013
2023-10,DE01,Hardware,VARSELL-2023-10-00267-DE01,variable_selling,5300_VARIABLE_SELLING,1510.55,0.0,EXTERNAL,Variable selling and logistics,,HW-CTL-SAF-P,C013
2023-10,DE01,Hardware,VARSELL-2023-10-00267-DE01,variable_selling,2100_AP,0.0,1510.55,EXTERNAL,Variable selling accrual,,HW-CTL-SAF-P,C013
2023-10,DE01,Hardware,OPEX-2023-10-00267-DE01,opex,6000_OPEX,823.93,0.0,EXTERNAL,Non-people operating expenses,,HW-CTL-SAF-P,C013
2023-10,DE01,Hardware,OPEX-2023-10-00267-DE01,opex,2100_AP,0.0,823.93,EXTERNAL,Non-people operating expense accrual,,HW-CTL-SAF-P,C013
2023-10,DE01,Hardware,SALE-2023-10-00268-DE01,sale,1100_AR,41522.2,0.0,EXTERNAL,External customer invoice,,HW-EDG-GTW-E,C013
2023-10,DE01,Hardware,SALE-2023-10-00268-DE01,sale,4000_EXTERNAL_REVENUE,0.0,41522.2,EXTERNAL,External customer invoice,,HW-EDG-GTW-E,C013
2023-10,DE01,Hardware,COGS-2023-10-00268-DE01,cogs,5000_EXTERNAL_COGS,35543.2,0.0,EXTERNAL,External cost of sales at transfer price,,HW-EDG-GTW-E,C013
2023-10,DE01,Hardware,COGS-2023-10-00268-DE01,cogs,1200_INVENTORY,0.0,35543.2,EXTERNAL,Inventory consumption,,HW-EDG-GTW-E,C013
2023-10,DE01,Hardware,VARSELL-2023-10-00268-DE01,variable_selling,5300_VARIABLE_SELLING,2466.42,0.0,EXTERNAL,Variable selling and logistics,,HW-EDG-GTW-E,C013
2023-10,DE01,Hardware,VARSELL-2023-10-00268-DE01,variable_selling,2100_AP,0.0,2466.42,EXTERNAL,Variable selling accrual,,HW-EDG-GTW-E,C013
2023-10,DE01,Hardware,OPEX-2023-10-00268-DE01,opex,6000_OPEX,1245.67,0.0,EXTERNAL,Non-people operating expenses,,HW-EDG-GTW-E,C013
2023-10,DE01,Hardware,OPEX-2023-10-00268-DE01,opex,2100_AP,0.0,1245.67,EXTERNAL,Non-people operating expense accrual,,HW-EDG-GTW-E,C013
2023-10,DE01,Hardware,SALE-2023-10-00269-DE01,sale,1100_AR,47515.1,0.0,EXTERNAL,External customer invoice,,HW-EDG-CMP-E,C013
2023-10,DE01,Hardware,SALE-2023-10-00269-DE01,sale,4000_EXTERNAL_REVENUE,0.0,47515.1,EXTERNAL,External customer invoice,,HW-EDG-CMP-E,C013
2023-10,DE01,Hardware,COGS-2023-10-00269-DE01,cogs,5000_EXTERNAL_COGS,30206.4,0.0,EXTERNAL,External cost of sales at transfer price,,HW-EDG-CMP-E,C013
2023-10,DE01,Hardware,COGS-2023-10-00269-DE01,cogs,1200_INVENTORY,0.0,30206.4,EXTERNAL,Inventory consumption,,HW-EDG-CMP-E,C013
2023-10,DE01,Hardware,VARSELL-2023-10-00269-DE01,variable_selling,5300_VARIABLE_SELLING,2822.4,0.0,EXTERNAL,Variable selling and logistics,,HW-EDG-CMP-E,C013
2023-10,DE01,Hardware,VARSELL-2023-10-00269-DE01,variable_selling,2100_AP,0.0,2822.4,EXTERNAL,Variable selling accrual,,HW-EDG-CMP-E,C013
2023-10,DE01,Hardware,OPEX-2023-10-00269-DE01,opex,6000_OPEX,1425.45,0.0,EXTERNAL,Non-people operating expenses,,HW-EDG-CMP-E,C013
2023-10,DE01,Hardware,OPEX-2023-10-00269-DE01,opex,2100_AP,0.0,1425.45,EXTERNAL,Non-people operating expense accrual,,HW-EDG-CMP-E,C013
2023-10,DE01,Hardware,SALE-2023-10-00270-DE01,sale,1100_AR,25255.78,0.0,EXTERNAL,External customer invoice,,HW-EDG-AI-E,C013
2023-10,DE01,Hardware,SALE-2023-10-00270-DE01,sale,4000_EXTERNAL_REVENUE,0.0,25255.78,EXTERNAL,External customer invoice,,HW-EDG-AI-E,C013
2023-10,DE01,Hardware,COGS-2023-10-00270-DE01,cogs,5000_EXTERNAL_COGS,16550.4,0.0,EXTERNAL,External cost of sales at transfer price,,HW-EDG-AI-E,C013
2023-10,DE01,Hardware,COGS-2023-10-00270-DE01,cogs,1200_INVENTORY,0.0,16550.4,EXTERNAL,Inventory consumption,,HW-EDG-AI-E,C013
2023-10,DE01,Hardware,VARSELL-2023-10-00270-DE01,variable_selling,5300_VARIABLE_SELLING,1500.19,0.0,EXTERNAL,Variable selling and logistics,,HW-EDG-AI-E,C013
2023-10,DE01,Hardware,VARSELL-2023-10-00270-DE01,variable_selling,2100_AP,0.0,1500.19,EXTERNAL,Variable selling accrual,,HW-EDG-AI-E,C013
2023-10,DE01,Hardware,OPEX-2023-10-00270-DE01,opex,6000_OPEX,757.67,0.0,EXTERNAL,Non-people operating expenses,,HW-EDG-AI-E,C013
2023-10,DE01,Hardware,OPEX-2023-10-00270-DE01,opex,2100_AP,0.0,757.67,EXTERNAL,Non-people operating expense accrual,,HW-EDG-AI-E,C013
2023-10,DE01,Hardware,SALE-2023-10-00271-DE01,sale,1100_AR,47921.22,0.0,EXTERNAL,External customer invoice,,HW-EDG-AI-X,C013
2023-10,DE01,Hardware,SALE-2023-10-00271-DE01,sale,4000_EXTERNAL_REVENUE,0.0,47921.22,EXTERNAL,External customer invoice,,HW-EDG-AI-X,C013
2023-10,DE01,Hardware,COGS-2023-10-00271-DE01,cogs,5000_EXTERNAL_COGS,44813.25,0.0,EXTERNAL,External cost of sales at transfer price,,HW-EDG-AI-X,C013
2023-10,DE01,Hardware,COGS-2023-10-00271-DE01,cogs,1200_INVENTORY,0.0,44813.25,EXTERNAL,Inventory consumption,,HW-EDG-AI-X,C013
2023-10,DE01,Hardware,VARSELL-2023-10-00271-DE01,variable_selling,5300_VARIABLE_SELLING,2424.81,0.0,EXTERNAL,Variable selling and logistics,,HW-EDG-AI-X,C013
2023-10,DE01,Hardware,VARSELL-2023-10-00271-DE01,variable_selling,2100_AP,0.0,2424.81,EXTERNAL,Variable selling accrual,,HW-EDG-AI-X,C013
2023-10,DE01,Hardware,OPEX-2023-10-00271-DE01,opex,6000_OPEX,1437.64,0.0,EXTERNAL,Non-people operating expenses,,HW-EDG-AI-X,C013
2023-10,DE01,Hardware,OPEX-2023-10-00271-DE01,opex,2100_AP,0.0,1437.64,EXTERNAL,Non-people operating expense accrual,,HW-EDG-AI-X,C013
2023-10,DE01,Hardware,SALE-2023-10-00272-DE01,sale,1100_AR,32624.6,0.0,EXTERNAL,External customer invoice,,HW-TRM-FIX-E,C013
2023-10,DE01,Hardware,SALE-2023-10-00272-DE01,sale,4000_EXTERNAL_REVENUE,0.0,32624.6,EXTERNAL,External customer invoice,,HW-TRM-FIX-E,C013
2023-10,DE01,Hardware,COGS-2023-10-00272-DE01,cogs,5000_EXTERNAL_COGS,19461.98,0.0,EXTERNAL,External cost of sales at transfer price,,HW-TRM-FIX-E,C013
2023-10,DE01,Hardware,COGS-2023-10-00272-DE01,cogs,1200_INVENTORY,0.0,19461.98,EXTERNAL,Inventory consumption,,HW-TRM-FIX-E,C013
2023-10,DE01,Hardware,VARSELL-2023-10-00272-DE01,variable_selling,5300_VARIABLE_SELLING,1937.9,0.0,EXTERNAL,Variable selling and logistics,,HW-TRM-FIX-E,C013
2023-10,DE01,Hardware,VARSELL-2023-10-00272-DE01,variable_selling,2100_AP,0.0,1937.9,EXTERNAL,Variable selling accrual,,HW-TRM-FIX-E,C013
2023-10,DE01,Hardware,OPEX-2023-10-00272-DE01,opex,6000_OPEX,978.74,0.0,EXTERNAL,Non-people operating expenses,,HW-TRM-FIX-E,C013
2023-10,DE01,Hardware,OPEX-2023-10-00272-DE01,opex,2100_AP,0.0,978.74,EXTERNAL,Non-people operating expense accrual,,HW-TRM-FIX-E,C013
2023-10,DE01,Hardware,SALE-2023-10-00273-DE01,sale,1100_AR,20913.2,0.0,EXTERNAL,External customer invoice,,HW-TRM-FIX-P,C013
2023-10,DE01,Hardware,SALE-2023-10-00273-DE01,sale,4000_EXTERNAL_REVENUE,0.0,20913.2,EXTERNAL,External customer invoice,,HW-TRM-FIX-P,C013
2023-10,DE01,Hardware,COGS-2023-10-00273-DE01,cogs,5000_EXTERNAL_COGS,14689.25,0.0,EXTERNAL,External cost of sales at transfer price,,HW-TRM-FIX-P,C013
2023-10,DE01,Hardware,COGS-2023-10-00273-DE01,cogs,1200_INVENTORY,0.0,14689.25,EXTERNAL,Inventory consumption,,HW-TRM-FIX-P,C013
2023-10,DE01,Hardware,VARSELL-2023-10-00273-DE01,variable_selling,5300_VARIABLE_SELLING,1150.23,0.0,EXTERNAL,Variable selling and logistics,,HW-TRM-FIX-P,C013
2023-10,DE01,Hardware,VARSELL-2023-10-00273-DE01,variable_selling,2100_AP,0.0,1150.23,EXTERNAL,Variable selling accrual,,HW-TRM-FIX-P,C013
2023-10,DE01,Hardware,OPEX-2023-10-00273-DE01,opex,6000_OPEX,627.4,0.0,EXTERNAL,Non-people operating expenses,,HW-TRM-FIX-P,C013
2023-10,DE01,Hardware,OPEX-2023-10-00273-DE01,opex,2100_AP,0.0,627.4,EXTERNAL,Non-people operating expense accrual,,HW-TRM-FIX-P,C013
2023-10,DE01,Hardware,SALE-2023-10-00274-DE01,sale,1100_AR,34978.94,0.0,EXTERNAL,External customer invoice,,HW-TRM-KSK-E,C013
2023-10,DE01,Hardware,SALE-2023-10-00274-DE01,sale,4000_EXTERNAL_REVENUE,0.0,34978.94,EXTERNAL,External customer invoice,,HW-TRM-KSK-E,C013
2023-10,DE01,Hardware,COGS-2023-10-00274-DE01,cogs,5000_EXTERNAL_COGS,21551.66,0.0,EXTERNAL,External cost of sales at transfer price,,HW-TRM-KSK-E,C013
2023-10,DE01,Hardware,COGS-2023-10-00274-DE01,cogs,1200_INVENTORY,0.0,21551.66,EXTERNAL,Inventory consumption,,HW-TRM-KSK-E,C013
2023-10,DE01,Hardware,VARSELL-2023-10-00274-DE01,variable_selling,5300_VARIABLE_SELLING,2077.75,0.0,EXTERNAL,Variable selling and logistics,,HW-TRM-KSK-E,C013
2023-10,DE01,Hardware,VARSELL-2023-10-00274-DE01,variable_selling,2100_AP,0.0,2077.75,EXTERNAL,Variable selling accrual,,HW-TRM-KSK-E,C013
2023-10,DE01,Hardware,OPEX-2023-10-00274-DE01,opex,6000_OPEX,1049.37,0.0,EXTERNAL,Non-people operating expenses,,HW-TRM-KSK-E,C013
2023-10,DE01,Hardware,OPEX-2023-10-00274-DE01,opex,2100_AP,0.0,1049.37,EXTERNAL,Non-people operating expense accrual,,HW-TRM-KSK-E,C013
2023-10,DE01,Hardware,SALE-2023-10-00275-DE01,sale,1100_AR,22422.4,0.0,EXTERNAL,External customer invoice,,HW-TRM-KSK-P,C013
2023-10,DE01,Hardware,SALE-2023-10-00275-DE01,sale,4000_EXTERNAL_REVENUE,0.0,22422.4,EXTERNAL,External customer invoice,,HW-TRM-KSK-P,C013
2023-10,DE01,Hardware,COGS-2023-10-00275-DE01,cogs,5000_EXTERNAL_COGS,16272.21,0.0,EXTERNAL,External cost of sales at transfer price,,HW-TRM-KSK-P,C013
2023-10,DE01,Hardware,COGS-2023-10-00275-DE01,cogs,1200_INVENTORY,0.0,16272.21,EXTERNAL,Inventory consumption,,HW-TRM-KSK-P,C013
2023-10,DE01,Hardware,VARSELL-2023-10-00275-DE01,variable_selling,5300_VARIABLE_SELLING,1233.23,0.0,EXTERNAL,Variable selling and logistics,,HW-TRM-KSK-P,C013
2023-10,DE01,Hardware,VARSELL-2023-10-00275-DE01,variable_selling,2100_AP,0.0,1233.23,EXTERNAL,Variable selling accrual,,HW-TRM-KSK-P,C013
2023-10,DE01,Hardware,OPEX-2023-10-00275-DE01,opex,6000_OPEX,672.67,0.0,EXTERNAL,Non-people operating expenses,,HW-TRM-KSK-P,C013
2023-10,DE01,Hardware,OPEX-2023-10-00275-DE01,opex,2100_AP,0.0,672.67,EXTERNAL,Non-people operating expense accrual,,HW-TRM-KSK-P,C013
2023-10,DE01,Hardware,SALE-2023-10-00276-DE01,sale,1100_AR,23931.6,0.0,EXTERNAL,External customer invoice,,HW-TRM-MOB-P,C013
2023-10,DE01,Hardware,SALE-2023-10-00276-DE01,sale,4000_EXTERNAL_REVENUE,0.0,23931.6,EXTERNAL,External customer invoice,,HW-TRM-MOB-P,C013
2023-10,DE01,Hardware,COGS-2023-10-00276-DE01,cogs,5000_EXTERNAL_COGS,17925.57,0.0,EXTERNAL,External cost of sales at transfer price,,HW-TRM-MOB-P,C013
2023-10,DE01,Hardware,COGS-2023-10-00276-DE01,cogs,1200_INVENTORY,0.0,17925.57,EXTERNAL,Inventory consumption,,HW-TRM-MOB-P,C013
2023-10,DE01,Hardware,VARSELL-2023-10-00276-DE01,variable_selling,5300_VARIABLE_SELLING,1316.24,0.0,EXTERNAL,Variable selling and logistics,,HW-TRM-MOB-P,C013
2023-10,DE01,Hardware,VARSELL-2023-10-00276-DE01,variable_selling,2100_AP,0.0,1316.24,EXTERNAL,Variable selling accrual,,HW-TRM-MOB-P,C013
2023-10,DE01,Hardware,OPEX-2023-10-00276-DE01,opex,6000_OPEX,717.95,0.0,EXTERNAL,Non-people operating expenses,,HW-TRM-MOB-P,C013
2023-10,DE01,Hardware,OPEX-2023-10-00276-DE01,opex,2100_AP,0.0,717.95,EXTERNAL,Non-people operating expense accrual,,HW-TRM-MOB-P,C013
2023-10,DE01,Hardware,SALE-2023-10-00277-DE01,sale,1100_AR,39687.64,0.0,EXTERNAL,External customer invoice,,HW-TRM-RUG-E,C013
2023-10,DE01,Hardware,SALE-2023-10-00277-DE01,sale,4000_EXTERNAL_REVENUE,0.0,39687.64,EXTERNAL,External customer invoice,,HW-TRM-RUG-E,C013
2023-10,DE01,Hardware,COGS-2023-10-00277-DE01,cogs,5000_EXTERNAL_COGS,26007.78,0.0,EXTERNAL,External cost of sales at transfer price,,HW-TRM-RUG-E,C013
2023-10,DE01,Hardware,COGS-2023-10-00277-DE01,cogs,1200_INVENTORY,0.0,26007.78,EXTERNAL,Inventory consumption,,HW-TRM-RUG-E,C013
2023-10,DE01,Hardware,VARSELL-2023-10-00277-DE01,variable_selling,5300_VARIABLE_SELLING,2357.45,0.0,EXTERNAL,Variable selling and logistics,,HW-TRM-RUG-E,C013
2023-10,DE01,Hardware,VARSELL-2023-10-00277-DE01,variable_selling,2100_AP,0.0,2357.45,EXTERNAL,Variable selling accrual,,HW-TRM-RUG-E,C013
2023-10,DE01,Hardware,OPEX-2023-10-00277-DE01,opex,6000_OPEX,1190.63,0.0,EXTERNAL,Non-people operating expenses,,HW-TRM-RUG-E,C013
2023-10,DE01,Hardware,OPEX-2023-10-00277-DE01,opex,2100_AP,0.0,1190.63,EXTERNAL,Non-people operating expense accrual,,HW-TRM-RUG-E,C013
2023-10,DE01,Hardware,SALE-2023-10-00278-DE01,sale,1100_AR,25440.8,0.0,EXTERNAL,External customer invoice,,HW-TRM-RUG-P,C013
2023-10,DE01,Hardware,SALE-2023-10-00278-DE01,sale,4000_EXTERNAL_REVENUE,0.0,25440.8,EXTERNAL,External customer invoice,,HW-TRM-RUG-P,C013
2023-10,DE01,Hardware,COGS-2023-10-00278-DE01,cogs,5000_EXTERNAL_COGS,19649.3,0.0,EXTERNAL,External cost of sales at transfer price,,HW-TRM-RUG-P,C013
2023-10,DE01,Hardware,COGS-2023-10-00278-DE01,cogs,1200_INVENTORY,0.0,19649.3,EXTERNAL,Inventory consumption,,HW-TRM-RUG-P,C013
2023-10,DE01,Hardware,VARSELL-2023-10-00278-DE01,variable_selling,5300_VARIABLE_SELLING,1399.24,0.0,EXTERNAL,Variable selling and logistics,,HW-TRM-RUG-P,C013
2023-10,DE01,Hardware,VARSELL-2023-10-00278-DE01,variable_selling,2100_AP,0.0,1399.24,EXTERNAL,Variable selling accrual,,HW-TRM-RUG-P,C013
2023-10,DE01,Hardware,OPEX-2023-10-00278-DE01,opex,6000_OPEX,763.22,0.0,EXTERNAL,Non-people operating expenses,,HW-TRM-RUG-P,C013
2023-10,DE01,Hardware,OPEX-2023-10-00278-DE01,opex,2100_AP,0.0,763.22,EXTERNAL,Non-people operating expense accrual,,HW-TRM-RUG-P,C013
2023-10,DE01,Hardware,SALE-2023-10-00279-DE01,sale,1100_AR,37814.86,0.0,EXTERNAL,External customer invoice,,HW-NET-ACC-E,C013
2023-10,DE01,Hardware,SALE-2023-10-00279-DE01,sale,4000_EXTERNAL_REVENUE,0.0,37814.86,EXTERNAL,External customer invoice,,HW-NET-ACC-E,C013
2023-10,DE01,Hardware,COGS-2023-10-00279-DE01,cogs,5000_EXTERNAL_COGS,22558.2,0.0,EXTERNAL,External cost of sales at transfer price,,HW-NET-ACC-E,C013
2023-10,DE01,Hardware,COGS-2023-10-00279-DE01,cogs,1200_INVENTORY,0.0,22558.2,EXTERNAL,Inventory consumption,,HW-NET-ACC-E,C013
2023-10,DE01,Hardware,VARSELL-2023-10-00279-DE01,variable_selling,5300_VARIABLE_SELLING,2246.2,0.0,EXTERNAL,Variable selling and logistics,,HW-NET-ACC-E,C013
2023-10,DE01,Hardware,VARSELL-2023-10-00279-DE01,variable_selling,2100_AP,0.0,2246.2,EXTERNAL,Variable selling accrual,,HW-NET-ACC-E,C013
2023-10,DE01,Hardware,OPEX-2023-10-00279-DE01,opex,6000_OPEX,1134.45,0.0,EXTERNAL,Non-people operating expenses,,HW-NET-ACC-E,C013
2023-10,DE01,Hardware,OPEX-2023-10-00279-DE01,opex,2100_AP,0.0,1134.45,EXTERNAL,Non-people operating expense accrual,,HW-NET-ACC-E,C013
2023-10,DE01,Hardware,SALE-2023-10-00280-DE01,sale,1100_AR,35875.64,0.0,EXTERNAL,External customer invoice,,HW-NET-ACC-X,C013
2023-10,DE01,Hardware,SALE-2023-10-00280-DE01,sale,4000_EXTERNAL_REVENUE,0.0,35875.64,EXTERNAL,External customer invoice,,HW-NET-ACC-X,C013
2023-10,DE01,Hardware,COGS-2023-10-00280-DE01,cogs,5000_EXTERNAL_COGS,30486.76,0.0,EXTERNAL,External cost of sales at transfer price,,HW-NET-ACC-X,C013
2023-10,DE01,Hardware,COGS-2023-10-00280-DE01,cogs,1200_INVENTORY,0.0,30486.76,EXTERNAL,Inventory consumption,,HW-NET-ACC-X,C013
2023-10,DE01,Hardware,VARSELL-2023-10-00280-DE01,variable_selling,5300_VARIABLE_SELLING,1815.31,0.0,EXTERNAL,Variable selling and logistics,,HW-NET-ACC-X,C013
2023-10,DE01,Hardware,VARSELL-2023-10-00280-DE01,variable_selling,2100_AP,0.0,1815.31,EXTERNAL,Variable selling accrual,,HW-NET-ACC-X,C013
2023-10,DE01,Hardware,OPEX-2023-10-00280-DE01,opex,6000_OPEX,1076.27,0.0,EXTERNAL,Non-people operating expenses,,HW-NET-ACC-X,C013
2023-10,DE01,Hardware,OPEX-2023-10-00280-DE01,opex,2100_AP,0.0,1076.27,EXTERNAL,Non-people operating expense accrual,,HW-NET-ACC-X,C013
2023-10,DE01,Hardware,SALE-2023-10-00281-DE01,sale,1100_AR,25989.6,0.0,EXTERNAL,External customer invoice,,HW-NET-SWC-P,C013
2023-10,DE01,Hardware,SALE-2023-10-00281-DE01,sale,4000_EXTERNAL_REVENUE,0.0,25989.6,EXTERNAL,External customer invoice,,HW-NET-SWC-P,C013
2023-10,DE01,Hardware,COGS-2023-10-00281-DE01,cogs,5000_EXTERNAL_COGS,18860.98,0.0,EXTERNAL,External cost of sales at transfer price,,HW-NET-SWC-P,C013
2023-10,DE01,Hardware,COGS-2023-10-00281-DE01,cogs,1200_INVENTORY,0.0,18860.98,EXTERNAL,Inventory consumption,,HW-NET-SWC-P,C013
2023-10,DE01,Hardware,VARSELL-2023-10-00281-DE01,variable_selling,5300_VARIABLE_SELLING,1429.43,0.0,EXTERNAL,Variable selling and logistics,,HW-NET-SWC-P,C013
2023-10,DE01,Hardware,VARSELL-2023-10-00281-DE01,variable_selling,2100_AP,0.0,1429.43,EXTERNAL,Variable selling accrual,,HW-NET-SWC-P,C013
2023-10,DE01,Hardware,OPEX-2023-10-00281-DE01,opex,6000_OPEX,779.69,0.0,EXTERNAL,Non-people operating expenses,,HW-NET-SWC-P,C013
2023-10,DE01,Hardware,OPEX-2023-10-00281-DE01,opex,2100_AP,0.0,779.69,EXTERNAL,Non-people operating expense accrual,,HW-NET-SWC-P,C013
2023-10,DE01,Hardware,SALE-2023-10-00282-DE01,sale,1100_AR,43272.68,0.0,EXTERNAL,External customer invoice,,HW-NET-DST-E,C013
2023-10,DE01,Hardware,SALE-2023-10-00282-DE01,sale,4000_EXTERNAL_REVENUE,0.0,43272.68,EXTERNAL,External customer invoice,,HW-NET-DST-E,C013
2023-10,DE01,Hardware,COGS-2023-10-00282-DE01,cogs,5000_EXTERNAL_COGS,27509.4,0.0,EXTERNAL,External cost of sales at transfer price,,HW-NET-DST-E,C013
2023-10,DE01,Hardware,COGS-2023-10-00282-DE01,cogs,1200_INVENTORY,0.0,27509.4,EXTERNAL,Inventory consumption,,HW-NET-DST-E,C013
2023-10,DE01,Hardware,VARSELL-2023-10-00282-DE01,variable_selling,5300_VARIABLE_SELLING,2570.4,0.0,EXTERNAL,Variable selling and logistics,,HW-NET-DST-E,C013
2023-10,DE01,Hardware,VARSELL-2023-10-00282-DE01,variable_selling,2100_AP,0.0,2570.4,EXTERNAL,Variable selling accrual,,HW-NET-DST-E,C013
2023-10,DE01,Hardware,OPEX-2023-10-00282-DE01,opex,6000_OPEX,1298.18,0.0,EXTERNAL,Non-people operating expenses,,HW-NET-DST-E,C013
2023-10,DE01,Hardware,OPEX-2023-10-00282-DE01,opex,2100_AP,0.0,1298.18,EXTERNAL,Non-people operating expense accrual,,HW-NET-DST-E,C013
2023-10,DE01,Hardware,SALE-2023-10-00283-DE01,sale,1100_AR,41053.57,0.0,EXTERNAL,External customer invoice,,HW-NET-DST-X,C013
2023-10,DE01,Hardware,SALE-2023-10-00283-DE01,sale,4000_EXTERNAL_REVENUE,0.0,41053.57,EXTERNAL,External customer invoice,,HW-NET-DST-X,C013
2023-10,DE01,Hardware,COGS-2023-10-00283-DE01,cogs,5000_EXTERNAL_COGS,37222.98,0.0,EXTERNAL,External cost of sales at transfer price,,HW-NET-DST-X,C013
2023-10,DE01,Hardware,COGS-2023-10-00283-DE01,cogs,1200_INVENTORY,0.0,37222.98,EXTERNAL,Inventory consumption,,HW-NET-DST-X,C013
2023-10,DE01,Hardware,VARSELL-2023-10-00283-DE01,variable_selling,5300_VARIABLE_SELLING,2077.31,0.0,EXTERNAL,Variable selling and logistics,,HW-NET-DST-X,C013
2023-10,DE01,Hardware,VARSELL-2023-10-00283-DE01,variable_selling,2100_AP,0.0,2077.31,EXTERNAL,Variable selling accrual,,HW-NET-DST-X,C013
2023-10,DE01,Hardware,OPEX-2023-10-00283-DE01,opex,6000_OPEX,1231.61,0.0,EXTERNAL,Non-people operating expenses,,HW-NET-DST-X,C013
2023-10,DE01,Hardware,OPEX-2023-10-00283-DE01,opex,2100_AP,0.0,1231.61,EXTERNAL,Non-people operating expense accrual,,HW-NET-DST-X,C013
2023-10,DE01,Hardware,SALE-2023-10-00284-DE01,sale,1100_AR,26692.84,0.0,EXTERNAL,External customer invoice,,HW-SEN-RFID-E,C013
2023-10,DE01,Hardware,SALE-2023-10-00284-DE01,sale,4000_EXTERNAL_REVENUE,0.0,26692.84,EXTERNAL,External customer invoice,,HW-SEN-RFID-E,C013
2023-10,DE01,Hardware,COGS-2023-10-00284-DE01,cogs,5000_EXTERNAL_COGS,15923.43,0.0,EXTERNAL,External cost of sales at transfer price,,HW-SEN-RFID-E,C013
2023-10,DE01,Hardware,COGS-2023-10-00284-DE01,cogs,1200_INVENTORY,0.0,15923.43,EXTERNAL,Inventory consumption,,HW-SEN-RFID-E,C013
2023-10,DE01,Hardware,VARSELL-2023-10-00284-DE01,variable_selling,5300_VARIABLE_SELLING,1585.55,0.0,EXTERNAL,Variable selling and logistics,,HW-SEN-RFID-E,C013
2023-10,DE01,Hardware,VARSELL-2023-10-00284-DE01,variable_selling,2100_AP,0.0,1585.55,EXTERNAL,Variable selling accrual,,HW-SEN-RFID-E,C013
2023-10,DE01,Hardware,OPEX-2023-10-00284-DE01,opex,6000_OPEX,800.79,0.0,EXTERNAL,Non-people operating expenses,,HW-SEN-RFID-E,C013
2023-10,DE01,Hardware,OPEX-2023-10-00284-DE01,opex,2100_AP,0.0,800.79,EXTERNAL,Non-people operating expense accrual,,HW-SEN-RFID-E,C013
2023-10,DE01,Hardware,SALE-2023-10-00285-DE01,sale,1100_AR,34221.6,0.0,EXTERNAL,External customer invoice,,HW-SEN-RFID-P,C013
2023-10,DE01,Hardware,SALE-2023-10-00285-DE01,sale,4000_EXTERNAL_REVENUE,0.0,34221.6,EXTERNAL,External customer invoice,,HW-SEN-RFID-P,C013
2023-10,DE01,Hardware,COGS-2023-10-00285-DE01,cogs,5000_EXTERNAL_COGS,24036.96,0.0,EXTERNAL,External cost of sales at transfer price,,HW-SEN-RFID-P,C013
2023-10,DE01,Hardware,COGS-2023-10-00285-DE01,cogs,1200_INVENTORY,0.0,24036.96,EXTERNAL,Inventory consumption,,HW-SEN-RFID-P,C013
2023-10,DE01,Hardware,VARSELL-2023-10-00285-DE01,variable_selling,5300_VARIABLE_SELLING,1882.19,0.0,EXTERNAL,Variable selling and logistics,,HW-SEN-RFID-P,C013
2023-10,DE01,Hardware,VARSELL-2023-10-00285-DE01,variable_selling,2100_AP,0.0,1882.19,EXTERNAL,Variable selling accrual,,HW-SEN-RFID-P,C013
2023-10,DE01,Hardware,OPEX-2023-10-00285-DE01,opex,6000_OPEX,1026.65,0.0,EXTERNAL,Non-people operating expenses,,HW-SEN-RFID-P,C013
2023-10,DE01,Hardware,OPEX-2023-10-00285-DE01,opex,2100_AP,0.0,1026.65,EXTERNAL,Non-people operating expense accrual,,HW-SEN-RFID-P,C013
2023-10,DE01,Hardware,SALE-2023-10-00286-DE01,sale,1100_AR,30545.42,0.0,EXTERNAL,External customer invoice,,HW-SEN-CAM-E,C013
2023-10,DE01,Hardware,SALE-2023-10-00286-DE01,sale,4000_EXTERNAL_REVENUE,0.0,30545.42,EXTERNAL,External customer invoice,,HW-SEN-CAM-E,C013
2023-10,DE01,Hardware,COGS-2023-10-00286-DE01,cogs,5000_EXTERNAL_COGS,19418.41,0.0,EXTERNAL,External cost of sales at transfer price,,HW-SEN-CAM-E,C013
2023-10,DE01,Hardware,COGS-2023-10-00286-DE01,cogs,1200_INVENTORY,0.0,19418.41,EXTERNAL,Inventory consumption,,HW-SEN-CAM-E,C013
2023-10,DE01,Hardware,VARSELL-2023-10-00286-DE01,variable_selling,5300_VARIABLE_SELLING,1814.4,0.0,EXTERNAL,Variable selling and logistics,,HW-SEN-CAM-E,C013
2023-10,DE01,Hardware,VARSELL-2023-10-00286-DE01,variable_selling,2100_AP,0.0,1814.4,EXTERNAL,Variable selling accrual,,HW-SEN-CAM-E,C013
2023-10,DE01,Hardware,OPEX-2023-10-00286-DE01,opex,6000_OPEX,916.36,0.0,EXTERNAL,Non-people operating expenses,,HW-SEN-CAM-E,C013
2023-10,DE01,Hardware,OPEX-2023-10-00286-DE01,opex,2100_AP,0.0,916.36,EXTERNAL,Non-people operating expense accrual,,HW-SEN-CAM-E,C013
2023-10,DE01,Hardware,SALE-2023-10-00287-DE01,sale,1100_AR,28978.99,0.0,EXTERNAL,External customer invoice,,HW-SEN-CAM-X,C013
2023-10,DE01,Hardware,SALE-2023-10-00287-DE01,sale,4000_EXTERNAL_REVENUE,0.0,28978.99,EXTERNAL,External customer invoice,,HW-SEN-CAM-X,C013
2023-10,DE01,Hardware,COGS-2023-10-00287-DE01,cogs,5000_EXTERNAL_COGS,26275.04,0.0,EXTERNAL,External cost of sales at transfer price,,HW-SEN-CAM-X,C013
2023-10,DE01,Hardware,COGS-2023-10-00287-DE01,cogs,1200_INVENTORY,0.0,26275.04,EXTERNAL,Inventory consumption,,HW-SEN-CAM-X,C013
2023-10,DE01,Hardware,VARSELL-2023-10-00287-DE01,variable_selling,5300_VARIABLE_SELLING,1466.34,0.0,EXTERNAL,Variable selling and logistics,,HW-SEN-CAM-X,C013
2023-10,DE01,Hardware,VARSELL-2023-10-00287-DE01,variable_selling,2100_AP,0.0,1466.34,EXTERNAL,Variable selling accrual,,HW-SEN-CAM-X,C013
2023-10,DE01,Hardware,OPEX-2023-10-00287-DE01,opex,6000_OPEX,869.37,0.0,EXTERNAL,Non-people operating expenses,,HW-SEN-CAM-X,C013
2023-10,DE01,Hardware,OPEX-2023-10-00287-DE01,opex,2100_AP,0.0,869.37,EXTERNAL,Non-people operating expense accrual,,HW-SEN-CAM-X,C013
2023-10,DE01,Hardware,SALE-2023-10-00288-DE01,sale,1100_AR,20815.2,0.0,EXTERNAL,External customer invoice,,HW-SEN-HUB-P,C013
2023-10,DE01,Hardware,SALE-2023-10-00288-DE01,sale,4000_EXTERNAL_REVENUE,0.0,20815.2,EXTERNAL,External customer invoice,,HW-SEN-HUB-P,C013
2023-10,DE01,Hardware,COGS-2023-10-00288-DE01,cogs,5000_EXTERNAL_COGS,16076.72,0.0,EXTERNAL,External cost of sales at transfer price,,HW-SEN-HUB-P,C013
2023-10,DE01,Hardware,COGS-2023-10-00288-DE01,cogs,1200_INVENTORY,0.0,16076.72,EXTERNAL,Inventory consumption,,HW-SEN-HUB-P,C013
2023-10,DE01,Hardware,VARSELL-2023-10-00288-DE01,variable_selling,5300_VARIABLE_SELLING,1144.84,0.0,EXTERNAL,Variable selling and logistics,,HW-SEN-HUB-P,C013
2023-10,DE01,Hardware,VARSELL-2023-10-00288-DE01,variable_selling,2100_AP,0.0,1144.84,EXTERNAL,Variable selling accrual,,HW-SEN-HUB-P,C013
2023-10,DE01,Hardware,OPEX-2023-10-00288-DE01,opex,6000_OPEX,624.46,0.0,EXTERNAL,Non-people operating expenses,,HW-SEN-HUB-P,C013
2023-10,DE01,Hardware,OPEX-2023-10-00288-DE01,opex,2100_AP,0.0,624.46,EXTERNAL,Non-people operating expense accrual,,HW-SEN-HUB-P,C013
2023-10,DE01,Hardware,SALE-2023-10-00289-DE01,sale,1100_AR,17609.87,0.0,EXTERNAL,External customer invoice,,HW-CTL-MCU-E,C014
2023-10,DE01,Hardware,SALE-2023-10-00289-DE01,sale,4000_EXTERNAL_REVENUE,0.0,17609.87,EXTERNAL,External customer invoice,,HW-CTL-MCU-E,C014
2023-10,DE01,Hardware,COGS-2023-10-00289-DE01,cogs,5000_EXTERNAL_COGS,15074.13,0.0,EXTERNAL,External cost of sales at transfer price,,HW-CTL-MCU-E,C014
2023-10,DE01,Hardware,COGS-2023-10-00289-DE01,cogs,1200_INVENTORY,0.0,15074.13,EXTERNAL,Inventory consumption,,HW-CTL-MCU-E,C014
2023-10,DE01,Hardware,VARSELL-2023-10-00289-DE01,variable_selling,5300_VARIABLE_SELLING,1046.03,0.0,EXTERNAL,Variable selling and logistics,,HW-CTL-MCU-E,C014
2023-10,DE01,Hardware,VARSELL-2023-10-00289-DE01,variable_selling,2100_AP,0.0,1046.03,EXTERNAL,Variable selling accrual,,HW-CTL-MCU-E,C014
2023-10,DE01,Hardware,OPEX-2023-10-00289-DE01,opex,6000_OPEX,528.3,0.0,EXTERNAL,Non-people operating expenses,,HW-CTL-MCU-E,C014
2023-10,DE01,Hardware,OPEX-2023-10-00289-DE01,opex,2100_AP,0.0,528.3,EXTERNAL,Non-people operating expense accrual,,HW-CTL-MCU-E,C014
2023-10,DE01,Hardware,SALE-2023-10-00290-DE01,sale,1100_AR,33413.59,0.0,EXTERNAL,External customer invoice,,HW-CTL-MCU-X,C014
2023-10,DE01,Hardware,SALE-2023-10-00290-DE01,sale,4000_EXTERNAL_REVENUE,0.0,33413.59,EXTERNAL,External customer invoice,,HW-CTL-MCU-X,C014
2023-10,DE01,Hardware,COGS-2023-10-00290-DE01,cogs,5000_EXTERNAL_COGS,28394.52,0.0,EXTERNAL,External cost of sales at transfer price,,HW-CTL-MCU-X,C014
2023-10,DE01,Hardware,COGS-2023-10-00290-DE01,cogs,1200_INVENTORY,0.0,28394.52,EXTERNAL,Inventory consumption,,HW-CTL-MCU-X,C014
2023-10,DE01,Hardware,VARSELL-2023-10-00290-DE01,variable_selling,5300_VARIABLE_SELLING,1690.73,0.0,EXTERNAL,Variable selling and logistics,,HW-CTL-MCU-X,C014
2023-10,DE01,Hardware,VARSELL-2023-10-00290-DE01,variable_selling,2100_AP,0.0,1690.73,EXTERNAL,Variable selling accrual,,HW-CTL-MCU-X,C014
2023-10,DE01,Hardware,OPEX-2023-10-00290-DE01,opex,6000_OPEX,1002.41,0.0,EXTERNAL,Non-people operating expenses,,HW-CTL-MCU-X,C014
2023-10,DE01,Hardware,OPEX-2023-10-00290-DE01,opex,2100_AP,0.0,1002.41,EXTERNAL,Non-people operating expense accrual,,HW-CTL-MCU-X,C014
2023-10,DE01,Hardware,SALE-2023-10-00291-DE01,sale,1100_AR,18880.68,0.0,EXTERNAL,External customer invoice,,HW-CTL-RCK-E,C014
2023-10,DE01,Hardware,SALE-2023-10-00291-DE01,sale,4000_EXTERNAL_REVENUE,0.0,18880.68,EXTERNAL,External customer invoice,,HW-CTL-RCK-E,C014
2023-10,DE01,Hardware,COGS-2023-10-00291-DE01,cogs,5000_EXTERNAL_COGS,11633.0,0.0,EXTERNAL,External cost of sales at transfer price,,HW-CTL-RCK-E,C014
2023-10,DE01,Hardware,COGS-2023-10-00291-DE01,cogs,1200_INVENTORY,0.0,11633.0,EXTERNAL,Inventory consumption,,HW-CTL-RCK-E,C014
2023-10,DE01,Hardware,VARSELL-2023-10-00291-DE01,variable_selling,5300_VARIABLE_SELLING,1121.51,0.0,EXTERNAL,Variable selling and logistics,,HW-CTL-RCK-E,C014
2023-10,DE01,Hardware,VARSELL-2023-10-00291-DE01,variable_selling,2100_AP,0.0,1121.51,EXTERNAL,Variable selling accrual,,HW-CTL-RCK-E,C014
2023-10,DE01,Hardware,OPEX-2023-10-00291-DE01,opex,6000_OPEX,566.42,0.0,EXTERNAL,Non-people operating expenses,,HW-CTL-RCK-E,C014
2023-10,DE01,Hardware,OPEX-2023-10-00291-DE01,opex,2100_AP,0.0,566.42,EXTERNAL,Non-people operating expense accrual,,HW-CTL-RCK-E,C014
2023-10,DE01,Hardware,SALE-2023-10-00292-DE01,sale,1100_AR,20151.5,0.0,EXTERNAL,External customer invoice,,HW-CTL-RDN-E,C014
2023-10,DE01,Hardware,SALE-2023-10-00292-DE01,sale,4000_EXTERNAL_REVENUE,0.0,20151.5,EXTERNAL,External customer invoice,,HW-CTL-RDN-E,C014
2023-10,DE01,Hardware,COGS-2023-10-00292-DE01,cogs,5000_EXTERNAL_COGS,12810.75,0.0,EXTERNAL,External cost of sales at transfer price,,HW-CTL-RDN-E,C014
2023-10,DE01,Hardware,COGS-2023-10-00292-DE01,cogs,1200_INVENTORY,0.0,12810.75,EXTERNAL,Inventory consumption,,HW-CTL-RDN-E,C014
2023-10,DE01,Hardware,VARSELL-2023-10-00292-DE01,variable_selling,5300_VARIABLE_SELLING,1197.0,0.0,EXTERNAL,Variable selling and logistics,,HW-CTL-RDN-E,C014
2023-10,DE01,Hardware,VARSELL-2023-10-00292-DE01,variable_selling,2100_AP,0.0,1197.0,EXTERNAL,Variable selling accrual,,HW-CTL-RDN-E,C014
2023-10,DE01,Hardware,OPEX-2023-10-00292-DE01,opex,6000_OPEX,604.54,0.0,EXTERNAL,Non-people operating expenses,,HW-CTL-RDN-E,C014
2023-10,DE01,Hardware,OPEX-2023-10-00292-DE01,opex,2100_AP,0.0,604.54,EXTERNAL,Non-people operating expense accrual,,HW-CTL-RDN-E,C014
2023-10,DE01,Hardware,SALE-2023-10-00293-DE01,sale,1100_AR,25835.25,0.0,EXTERNAL,External customer invoice,,HW-CTL-RDN-P,C014
2023-10,DE01,Hardware,SALE-2023-10-00293-DE01,sale,4000_EXTERNAL_REVENUE,0.0,25835.25,EXTERNAL,External customer invoice,,HW-CTL-RDN-P,C014
2023-10,DE01,Hardware,COGS-2023-10-00293-DE01,cogs,5000_EXTERNAL_COGS,19351.46,0.0,EXTERNAL,External cost of sales at transfer price,,HW-CTL-RDN-P,C014
2023-10,DE01,Hardware,COGS-2023-10-00293-DE01,cogs,1200_INVENTORY,0.0,19351.46,EXTERNAL,Inventory consumption,,HW-CTL-RDN-P,C014
2023-10,DE01,Hardware,VARSELL-2023-10-00293-DE01,variable_selling,5300_VARIABLE_SELLING,1420.94,0.0,EXTERNAL,Variable selling and logistics,,HW-CTL-RDN-P,C014
2023-10,DE01,Hardware,VARSELL-2023-10-00293-DE01,variable_selling,2100_AP,0.0,1420.94,EXTERNAL,Variable selling accrual,,HW-CTL-RDN-P,C014
2023-10,DE01,Hardware,OPEX-2023-10-00293-DE01,opex,6000_OPEX,775.06,0.0,EXTERNAL,Non-people operating expenses,,HW-CTL-RDN-P,C014
2023-10,DE01,Hardware,OPEX-2023-10-00293-DE01,opex,2100_AP,0.0,775.06,EXTERNAL,Non-people operating expense accrual,,HW-CTL-RDN-P,C014
2023-10,DE01,Hardware,SALE-2023-10-00294-DE01,sale,1100_AR,21422.31,0.0,EXTERNAL,External customer invoice,,HW-CTL-SAF-E,C014
2023-10,DE01,Hardware,SALE-2023-10-00294-DE01,sale,4000_EXTERNAL_REVENUE,0.0,21422.31,EXTERNAL,External customer invoice,,HW-CTL-SAF-E,C014
2023-10,DE01,Hardware,COGS-2023-10-00294-DE01,cogs,5000_EXTERNAL_COGS,14038.29,0.0,EXTERNAL,External cost of sales at transfer price,,HW-CTL-SAF-E,C014
2023-10,DE01,Hardware,COGS-2023-10-00294-DE01,cogs,1200_INVENTORY,0.0,14038.29,EXTERNAL,Inventory consumption,,HW-CTL-SAF-E,C014
2023-10,DE01,Hardware,VARSELL-2023-10-00294-DE01,variable_selling,5300_VARIABLE_SELLING,1272.49,0.0,EXTERNAL,Variable selling and logistics,,HW-CTL-SAF-E,C014
2023-10,DE01,Hardware,VARSELL-2023-10-00294-DE01,variable_selling,2100_AP,0.0,1272.49,EXTERNAL,Variable selling accrual,,HW-CTL-SAF-E,C014
2023-10,DE01,Hardware,OPEX-2023-10-00294-DE01,opex,6000_OPEX,642.67,0.0,EXTERNAL,Non-people operating expenses,,HW-CTL-SAF-E,C014
2023-10,DE01,Hardware,OPEX-2023-10-00294-DE01,opex,2100_AP,0.0,642.67,EXTERNAL,Non-people operating expense accrual,,HW-CTL-SAF-E,C014
2023-10,DE01,Hardware,SALE-2023-10-00295-DE01,sale,1100_AR,20761.1,0.0,EXTERNAL,External customer invoice,,HW-EDG-GTW-E,C014
2023-10,DE01,Hardware,SALE-2023-10-00295-DE01,sale,4000_EXTERNAL_REVENUE,0.0,20761.1,EXTERNAL,External customer invoice,,HW-EDG-GTW-E,C014
2023-10,DE01,Hardware,COGS-2023-10-00295-DE01,cogs,5000_EXTERNAL_COGS,17771.61,0.0,EXTERNAL,External cost of sales at transfer price,,HW-EDG-GTW-E,C014
2023-10,DE01,Hardware,COGS-2023-10-00295-DE01,cogs,1200_INVENTORY,0.0,17771.61,EXTERNAL,Inventory consumption,,HW-EDG-GTW-E,C014
2023-10,DE01,Hardware,VARSELL-2023-10-00295-DE01,variable_selling,5300_VARIABLE_SELLING,1233.21,0.0,EXTERNAL,Variable selling and logistics,,HW-EDG-GTW-E,C014
2023-10,DE01,Hardware,VARSELL-2023-10-00295-DE01,variable_selling,2100_AP,0.0,1233.21,EXTERNAL,Variable selling accrual,,HW-EDG-GTW-E,C014
2023-10,DE01,Hardware,OPEX-2023-10-00295-DE01,opex,6000_OPEX,622.83,0.0,EXTERNAL,Non-people operating expenses,,HW-EDG-GTW-E,C014
2023-10,DE01,Hardware,OPEX-2023-10-00295-DE01,opex,2100_AP,0.0,622.83,EXTERNAL,Non-people operating expense accrual,,HW-EDG-GTW-E,C014
2023-10,DE01,Hardware,SALE-2023-10-00296-DE01,sale,1100_AR,26616.8,0.0,EXTERNAL,External customer invoice,,HW-EDG-GTW-P,C014
2023-10,DE01,Hardware,SALE-2023-10-00296-DE01,sale,4000_EXTERNAL_REVENUE,0.0,26616.8,EXTERNAL,External customer invoice,,HW-EDG-GTW-P,C014
2023-10,DE01,Hardware,COGS-2023-10-00296-DE01,cogs,5000_EXTERNAL_COGS,18695.42,0.0,EXTERNAL,External cost of sales at transfer price,,HW-EDG-GTW-P,C014
2023-10,DE01,Hardware,COGS-2023-10-00296-DE01,cogs,1200_INVENTORY,0.0,18695.42,EXTERNAL,Inventory consumption,,HW-EDG-GTW-P,C014
2023-10,DE01,Hardware,VARSELL-2023-10-00296-DE01,variable_selling,5300_VARIABLE_SELLING,1463.92,0.0,EXTERNAL,Variable selling and logistics,,HW-EDG-GTW-P,C014
2023-10,DE01,Hardware,VARSELL-2023-10-00296-DE01,variable_selling,2100_AP,0.0,1463.92,EXTERNAL,Variable selling accrual,,HW-EDG-GTW-P,C014
2023-10,DE01,Hardware,OPEX-2023-10-00296-DE01,opex,6000_OPEX,798.5,0.0,EXTERNAL,Non-people operating expenses,,HW-EDG-GTW-P,C014
2023-10,DE01,Hardware,OPEX-2023-10-00296-DE01,opex,2100_AP,0.0,798.5,EXTERNAL,Non-people operating expense accrual,,HW-EDG-GTW-P,C014
2023-10,DE01,Hardware,SALE-2023-10-00297-DE01,sale,1100_AR,30458.4,0.0,EXTERNAL,External customer invoice,,HW-EDG-CMP-P,C014
2023-10,DE01,Hardware,SALE-2023-10-00297-DE01,sale,4000_EXTERNAL_REVENUE,0.0,30458.4,EXTERNAL,External customer invoice,,HW-EDG-CMP-P,C014
2023-10,DE01,Hardware,COGS-2023-10-00297-DE01,cogs,5000_EXTERNAL_COGS,22814.36,0.0,EXTERNAL,External cost of sales at transfer price,,HW-EDG-CMP-P,C014
2023-10,DE01,Hardware,COGS-2023-10-00297-DE01,cogs,1200_INVENTORY,0.0,22814.36,EXTERNAL,Inventory consumption,,HW-EDG-CMP-P,C014
2023-10,DE01,Hardware,VARSELL-2023-10-00297-DE01,variable_selling,5300_VARIABLE_SELLING,1675.21,0.0,EXTERNAL,Variable selling and logistics,,HW-EDG-CMP-P,C014
2023-10,DE01,Hardware,VARSELL-2023-10-00297-DE01,variable_selling,2100_AP,0.0,1675.21,EXTERNAL,Variable selling accrual,,HW-EDG-CMP-P,C014
2023-10,DE01,Hardware,OPEX-2023-10-00297-DE01,opex,6000_OPEX,913.75,0.0,EXTERNAL,Non-people operating expenses,,HW-EDG-CMP-P,C014
2023-10,DE01,Hardware,OPEX-2023-10-00297-DE01,opex,2100_AP,0.0,913.75,EXTERNAL,Non-people operating expense accrual,,HW-EDG-CMP-P,C014
2023-10,DE01,Hardware,SALE-2023-10-00298-DE01,sale,1100_AR,16312.3,0.0,EXTERNAL,External customer invoice,,HW-TRM-FIX-E,C014
2023-10,DE01,Hardware,SALE-2023-10-00298-DE01,sale,4000_EXTERNAL_REVENUE,0.0,16312.3,EXTERNAL,External customer invoice,,HW-TRM-FIX-E,C014
2023-10,DE01,Hardware,COGS-2023-10-00298-DE01,cogs,5000_EXTERNAL_COGS,9730.98,0.0,EXTERNAL,External cost of sales at transfer price,,HW-TRM-FIX-E,C014
2023-10,DE01,Hardware,COGS-2023-10-00298-DE01,cogs,1200_INVENTORY,0.0,9730.98,EXTERNAL,Inventory consumption,,HW-TRM-FIX-E,C014
2023-10,DE01,Hardware,VARSELL-2023-10-00298-DE01,variable_selling,5300_VARIABLE_SELLING,968.95,0.0,EXTERNAL,Variable selling and logistics,,HW-TRM-FIX-E,C014
2023-10,DE01,Hardware,VARSELL-2023-10-00298-DE01,variable_selling,2100_AP,0.0,968.95,EXTERNAL,Variable selling accrual,,HW-TRM-FIX-E,C014
2023-10,DE01,Hardware,OPEX-2023-10-00298-DE01,opex,6000_OPEX,489.37,0.0,EXTERNAL,Non-people operating expenses,,HW-TRM-FIX-E,C014
2023-10,DE01,Hardware,OPEX-2023-10-00298-DE01,opex,2100_AP,0.0,489.37,EXTERNAL,Non-people operating expense accrual,,HW-TRM-FIX-E,C014
2023-10,DE01,Hardware,SALE-2023-10-00299-DE01,sale,1100_AR,30951.54,0.0,EXTERNAL,External customer invoice,,HW-TRM-FIX-X,C014
2023-10,DE01,Hardware,SALE-2023-10-00299-DE01,sale,4000_EXTERNAL_REVENUE,0.0,30951.54,EXTERNAL,External customer invoice,,HW-TRM-FIX-X,C014
2023-10,DE01,Hardware,COGS-2023-10-00299-DE01,cogs,5000_EXTERNAL_COGS,26302.3,0.0,EXTERNAL,External cost of sales at transfer price,,HW-TRM-FIX-X,C014
2023-10,DE01,Hardware,COGS-2023-10-00299-DE01,cogs,1200_INVENTORY,0.0,26302.3,EXTERNAL,Inventory consumption,,HW-TRM-FIX-X,C014
2023-10,DE01,Hardware,VARSELL-2023-10-00299-DE01,variable_selling,5300_VARIABLE_SELLING,1566.15,0.0,EXTERNAL,Variable selling and logistics,,HW-TRM-FIX-X,C014
2023-10,DE01,Hardware,VARSELL-2023-10-00299-DE01,variable_selling,2100_AP,0.0,1566.15,EXTERNAL,Variable selling accrual,,HW-TRM-FIX-X,C014
2023-10,DE01,Hardware,OPEX-2023-10-00299-DE01,opex,6000_OPEX,928.55,0.0,EXTERNAL,Non-people operating expenses,,HW-TRM-FIX-X,C014
2023-10,DE01,Hardware,OPEX-2023-10-00299-DE01,opex,2100_AP,0.0,928.55,EXTERNAL,Non-people operating expense accrual,,HW-TRM-FIX-X,C014
2023-10,DE01,Hardware,SALE-2023-10-00300-DE01,sale,1100_AR,17489.47,0.0,EXTERNAL,External customer invoice,,HW-TRM-KSK-E,C014
2023-10,DE01,Hardware,SALE-2023-10-00300-DE01,sale,4000_EXTERNAL_REVENUE,0.0,17489.47,EXTERNAL,External customer invoice,,HW-TRM-KSK-E,C014
2023-10,DE01,Hardware,COGS-2023-10-00300-DE01,cogs,5000_EXTERNAL_COGS,10775.82,0.0,EXTERNAL,External cost of sales at transfer price,,HW-TRM-KSK-E,C014
2023-10,DE01,Hardware,COGS-2023-10-00300-DE01,cogs,1200_INVENTORY,0.0,10775.82,EXTERNAL,Inventory consumption,,HW-TRM-KSK-E,C014
2023-10,DE01,Hardware,VARSELL-2023-10-00300-DE01,variable_selling,5300_VARIABLE_SELLING,1038.87,0.0,EXTERNAL,Variable selling and logistics,,HW-TRM-KSK-E,C014
2023-10,DE01,Hardware,VARSELL-2023-10-00300-DE01,variable_selling,2100_AP,0.0,1038.87,EXTERNAL,Variable selling accrual,,HW-TRM-KSK-E,C014
2023-10,DE01,Hardware,OPEX-2023-10-00300-DE01,opex,6000_OPEX,524.68,0.0,EXTERNAL,Non-people operating expenses,,HW-TRM-KSK-E,C014
2023-10,DE01,Hardware,OPEX-2023-10-00300-DE01,opex,2100_AP,0.0,524.68,EXTERNAL,Non-people operating expense accrual,,HW-TRM-KSK-E,C014
2023-10,DE01,Hardware,SALE-2023-10-00301-DE01,sale,1100_AR,22422.4,0.0,EXTERNAL,External customer invoice,,HW-TRM-KSK-P,C014
2023-10,DE01,Hardware,SALE-2023-10-00301-DE01,sale,4000_EXTERNAL_REVENUE,0.0,22422.4,EXTERNAL,External customer invoice,,HW-TRM-KSK-P,C014
2023-10,DE01,Hardware,COGS-2023-10-00301-DE01,cogs,5000_EXTERNAL_COGS,16272.21,0.0,EXTERNAL,External cost of sales at transfer price,,HW-TRM-KSK-P,C014
2023-10,DE01,Hardware,COGS-2023-10-00301-DE01,cogs,1200_INVENTORY,0.0,16272.21,EXTERNAL,Inventory consumption,,HW-TRM-KSK-P,C014
2023-10,DE01,Hardware,VARSELL-2023-10-00301-DE01,variable_selling,5300_VARIABLE_SELLING,1233.23,0.0,EXTERNAL,Variable selling and logistics,,HW-TRM-KSK-P,C014
2023-10,DE01,Hardware,VARSELL-2023-10-00301-DE01,variable_selling,2100_AP,0.0,1233.23,EXTERNAL,Variable selling accrual,,HW-TRM-KSK-P,C014
2023-10,DE01,Hardware,OPEX-2023-10-00301-DE01,opex,6000_OPEX,672.67,0.0,EXTERNAL,Non-people operating expenses,,HW-TRM-KSK-P,C014
2023-10,DE01,Hardware,OPEX-2023-10-00301-DE01,opex,2100_AP,0.0,672.67,EXTERNAL,Non-people operating expense accrual,,HW-TRM-KSK-P,C014
2023-10,DE01,Hardware,SALE-2023-10-00302-DE01,sale,1100_AR,18666.65,0.0,EXTERNAL,External customer invoice,,HW-TRM-MOB-E,C014
2023-10,DE01,Hardware,SALE-2023-10-00302-DE01,sale,4000_EXTERNAL_REVENUE,0.0,18666.65,EXTERNAL,External customer invoice,,HW-TRM-MOB-E,C014
2023-10,DE01,Hardware,COGS-2023-10-00302-DE01,cogs,5000_EXTERNAL_COGS,11866.8,0.0,EXTERNAL,External cost of sales at transfer price,,HW-TRM-MOB-E,C014
2023-10,DE01,Hardware,COGS-2023-10-00302-DE01,cogs,1200_INVENTORY,0.0,11866.8,EXTERNAL,Inventory consumption,,HW-TRM-MOB-E,C014
2023-10,DE01,Hardware,VARSELL-2023-10-00302-DE01,variable_selling,5300_VARIABLE_SELLING,1108.8,0.0,EXTERNAL,Variable selling and logistics,,HW-TRM-MOB-E,C014
2023-10,DE01,Hardware,VARSELL-2023-10-00302-DE01,variable_selling,2100_AP,0.0,1108.8,EXTERNAL,Variable selling accrual,,HW-TRM-MOB-E,C014
2023-10,DE01,Hardware,OPEX-2023-10-00302-DE01,opex,6000_OPEX,560.0,0.0,EXTERNAL,Non-people operating expenses,,HW-TRM-MOB-E,C014
2023-10,DE01,Hardware,OPEX-2023-10-00302-DE01,opex,2100_AP,0.0,560.0,EXTERNAL,Non-people operating expense accrual,,HW-TRM-MOB-E,C014
2023-10,DE01,Hardware,SALE-2023-10-00303-DE01,sale,1100_AR,23931.6,0.0,EXTERNAL,External customer invoice,,HW-TRM-MOB-P,C014
2023-10,DE01,Hardware,SALE-2023-10-00303-DE01,sale,4000_EXTERNAL_REVENUE,0.0,23931.6,EXTERNAL,External customer invoice,,HW-TRM-MOB-P,C014
2023-10,DE01,Hardware,COGS-2023-10-00303-DE01,cogs,5000_EXTERNAL_COGS,17925.57,0.0,EXTERNAL,External cost of sales at transfer price,,HW-TRM-MOB-P,C014
2023-10,DE01,Hardware,COGS-2023-10-00303-DE01,cogs,1200_INVENTORY,0.0,17925.57,EXTERNAL,Inventory consumption,,HW-TRM-MOB-P,C014
2023-10,DE01,Hardware,VARSELL-2023-10-00303-DE01,variable_selling,5300_VARIABLE_SELLING,1316.24,0.0,EXTERNAL,Variable selling and logistics,,HW-TRM-MOB-P,C014
2023-10,DE01,Hardware,VARSELL-2023-10-00303-DE01,variable_selling,2100_AP,0.0,1316.24,EXTERNAL,Variable selling accrual,,HW-TRM-MOB-P,C014
2023-10,DE01,Hardware,OPEX-2023-10-00303-DE01,opex,6000_OPEX,717.95,0.0,EXTERNAL,Non-people operating expenses,,HW-TRM-MOB-P,C014
2023-10,DE01,Hardware,OPEX-2023-10-00303-DE01,opex,2100_AP,0.0,717.95,EXTERNAL,Non-people operating expense accrual,,HW-TRM-MOB-P,C014
2023-10,DE01,Hardware,SALE-2023-10-00304-DE01,sale,1100_AR,35418.77,0.0,EXTERNAL,External customer invoice,,HW-TRM-MOB-X,C014
2023-10,DE01,Hardware,SALE-2023-10-00304-DE01,sale,4000_EXTERNAL_REVENUE,0.0,35418.77,EXTERNAL,External customer invoice,,HW-TRM-MOB-X,C014
2023-10,DE01,Hardware,COGS-2023-10-00304-DE01,cogs,5000_EXTERNAL_COGS,32113.95,0.0,EXTERNAL,External cost of sales at transfer price,,HW-TRM-MOB-X,C014
2023-10,DE01,Hardware,COGS-2023-10-00304-DE01,cogs,1200_INVENTORY,0.0,32113.95,EXTERNAL,Inventory consumption,,HW-TRM-MOB-X,C014
2023-10,DE01,Hardware,VARSELL-2023-10-00304-DE01,variable_selling,5300_VARIABLE_SELLING,1792.19,0.0,EXTERNAL,Variable selling and logistics,,HW-TRM-MOB-X,C014
2023-10,DE01,Hardware,VARSELL-2023-10-00304-DE01,variable_selling,2100_AP,0.0,1792.19,EXTERNAL,Variable selling accrual,,HW-TRM-MOB-X,C014
2023-10,DE01,Hardware,OPEX-2023-10-00304-DE01,opex,6000_OPEX,1062.56,0.0,EXTERNAL,Non-people operating expenses,,HW-TRM-MOB-X,C014
2023-10,DE01,Hardware,OPEX-2023-10-00304-DE01,opex,2100_AP,0.0,1062.56,EXTERNAL,Non-people operating expense accrual,,HW-TRM-MOB-X,C014
2023-10,DE01,Hardware,SALE-2023-10-00305-DE01,sale,1100_AR,25440.8,0.0,EXTERNAL,External customer invoice,,HW-TRM-RUG-P,C014
2023-10,DE01,Hardware,SALE-2023-10-00305-DE01,sale,4000_EXTERNAL_REVENUE,0.0,25440.8,EXTERNAL,External customer invoice,,HW-TRM-RUG-P,C014
2023-10,DE01,Hardware,COGS-2023-10-00305-DE01,cogs,5000_EXTERNAL_COGS,19649.3,0.0,EXTERNAL,External cost of sales at transfer price,,HW-TRM-RUG-P,C014
2023-10,DE01,Hardware,COGS-2023-10-00305-DE01,cogs,1200_INVENTORY,0.0,19649.3,EXTERNAL,Inventory consumption,,HW-TRM-RUG-P,C014
2023-10,DE01,Hardware,VARSELL-2023-10-00305-DE01,variable_selling,5300_VARIABLE_SELLING,1399.24,0.0,EXTERNAL,Variable selling and logistics,,HW-TRM-RUG-P,C014
2023-10,DE01,Hardware,VARSELL-2023-10-00305-DE01,variable_selling,2100_AP,0.0,1399.24,EXTERNAL,Variable selling accrual,,HW-TRM-RUG-P,C014
2023-10,DE01,Hardware,OPEX-2023-10-00305-DE01,opex,6000_OPEX,763.22,0.0,EXTERNAL,Non-people operating expenses,,HW-TRM-RUG-P,C014
2023-10,DE01,Hardware,OPEX-2023-10-00305-DE01,opex,2100_AP,0.0,763.22,EXTERNAL,Non-people operating expense accrual,,HW-TRM-RUG-P,C014
2023-10,DE01,Hardware,SALE-2023-10-00306-DE01,sale,1100_AR,24240.3,0.0,EXTERNAL,External customer invoice,,HW-NET-ACC-P,C014
2023-10,DE01,Hardware,SALE-2023-10-00306-DE01,sale,4000_EXTERNAL_REVENUE,0.0,24240.3,EXTERNAL,External customer invoice,,HW-NET-ACC-P,C014
2023-10,DE01,Hardware,COGS-2023-10-00306-DE01,cogs,5000_EXTERNAL_COGS,17026.18,0.0,EXTERNAL,External cost of sales at transfer price,,HW-NET-ACC-P,C014
2023-10,DE01,Hardware,COGS-2023-10-00306-DE01,cogs,1200_INVENTORY,0.0,17026.18,EXTERNAL,Inventory consumption,,HW-NET-ACC-P,C014
2023-10,DE01,Hardware,VARSELL-2023-10-00306-DE01,variable_selling,5300_VARIABLE_SELLING,1333.22,0.0,EXTERNAL,Variable selling and logistics,,HW-NET-ACC-P,C014
2023-10,DE01,Hardware,VARSELL-2023-10-00306-DE01,variable_selling,2100_AP,0.0,1333.22,EXTERNAL,Variable selling accrual,,HW-NET-ACC-P,C014
2023-10,DE01,Hardware,OPEX-2023-10-00306-DE01,opex,6000_OPEX,727.21,0.0,EXTERNAL,Non-people operating expenses,,HW-NET-ACC-P,C014
2023-10,DE01,Hardware,OPEX-2023-10-00306-DE01,opex,2100_AP,0.0,727.21,EXTERNAL,Non-people operating expense accrual,,HW-NET-ACC-P,C014
2023-10,DE01,Hardware,SALE-2023-10-00307-DE01,sale,1100_AR,35875.64,0.0,EXTERNAL,External customer invoice,,HW-NET-ACC-X,C014
2023-10,DE01,Hardware,SALE-2023-10-00307-DE01,sale,4000_EXTERNAL_REVENUE,0.0,35875.64,EXTERNAL,External customer invoice,,HW-NET-ACC-X,C014
2023-10,DE01,Hardware,COGS-2023-10-00307-DE01,cogs,5000_EXTERNAL_COGS,30486.76,0.0,EXTERNAL,External cost of sales at transfer price,,HW-NET-ACC-X,C014
2023-10,DE01,Hardware,COGS-2023-10-00307-DE01,cogs,1200_INVENTORY,0.0,30486.76,EXTERNAL,Inventory consumption,,HW-NET-ACC-X,C014
2023-10,DE01,Hardware,VARSELL-2023-10-00307-DE01,variable_selling,5300_VARIABLE_SELLING,1815.31,0.0,EXTERNAL,Variable selling and logistics,,HW-NET-ACC-X,C014
2023-10,DE01,Hardware,VARSELL-2023-10-00307-DE01,variable_selling,2100_AP,0.0,1815.31,EXTERNAL,Variable selling accrual,,HW-NET-ACC-X,C014
2023-10,DE01,Hardware,OPEX-2023-10-00307-DE01,opex,6000_OPEX,1076.27,0.0,EXTERNAL,Non-people operating expenses,,HW-NET-ACC-X,C014
2023-10,DE01,Hardware,OPEX-2023-10-00307-DE01,opex,2100_AP,0.0,1076.27,EXTERNAL,Non-people operating expense accrual,,HW-NET-ACC-X,C014
2023-10,DE01,Hardware,SALE-2023-10-00308-DE01,sale,1100_AR,21636.34,0.0,EXTERNAL,External customer invoice,,HW-NET-DST-E,C014
2023-10,DE01,Hardware,SALE-2023-10-00308-DE01,sale,4000_EXTERNAL_REVENUE,0.0,21636.34,EXTERNAL,External customer invoice,,HW-NET-DST-E,C014
2023-10,DE01,Hardware,COGS-2023-10-00308-DE01,cogs,5000_EXTERNAL_COGS,13754.7,0.0,EXTERNAL,External cost of sales at transfer price,,HW-NET-DST-E,C014
2023-10,DE01,Hardware,COGS-2023-10-00308-DE01,cogs,1200_INVENTORY,0.0,13754.7,EXTERNAL,Inventory consumption,,HW-NET-DST-E,C014
2023-10,DE01,Hardware,VARSELL-2023-10-00308-DE01,variable_selling,5300_VARIABLE_SELLING,1285.2,0.0,EXTERNAL,Variable selling and logistics,,HW-NET-DST-E,C014
2023-10,DE01,Hardware,VARSELL-2023-10-00308-DE01,variable_selling,2100_AP,0.0,1285.2,EXTERNAL,Variable selling accrual,,HW-NET-DST-E,C014
2023-10,DE01,Hardware,OPEX-2023-10-00308-DE01,opex,6000_OPEX,649.09,0.0,EXTERNAL,Non-people operating expenses,,HW-NET-DST-E,C014
2023-10,DE01,Hardware,OPEX-2023-10-00308-DE01,opex,2100_AP,0.0,649.09,EXTERNAL,Non-people operating expense accrual,,HW-NET-DST-E,C014
2023-10,DE01,Hardware,SALE-2023-10-00309-DE01,sale,1100_AR,29488.2,0.0,EXTERNAL,External customer invoice,,HW-NET-RTR-P,C014
2023-10,DE01,Hardware,SALE-2023-10-00309-DE01,sale,4000_EXTERNAL_REVENUE,0.0,29488.2,EXTERNAL,External customer invoice,,HW-NET-RTR-P,C014
2023-10,DE01,Hardware,COGS-2023-10-00309-DE01,cogs,5000_EXTERNAL_COGS,22775.33,0.0,EXTERNAL,External cost of sales at transfer price,,HW-NET-RTR-P,C014
2023-10,DE01,Hardware,COGS-2023-10-00309-DE01,cogs,1200_INVENTORY,0.0,22775.33,EXTERNAL,Inventory consumption,,HW-NET-RTR-P,C014
2023-10,DE01,Hardware,VARSELL-2023-10-00309-DE01,variable_selling,5300_VARIABLE_SELLING,1621.85,0.0,EXTERNAL,Variable selling and logistics,,HW-NET-RTR-P,C014
2023-10,DE01,Hardware,VARSELL-2023-10-00309-DE01,variable_selling,2100_AP,0.0,1621.85,EXTERNAL,Variable selling accrual,,HW-NET-RTR-P,C014
2023-10,DE01,Hardware,OPEX-2023-10-00309-DE01,opex,6000_OPEX,884.65,0.0,EXTERNAL,Non-people operating expenses,,HW-NET-RTR-P,C014
2023-10,DE01,Hardware,OPEX-2023-10-00309-DE01,opex,2100_AP,0.0,884.65,EXTERNAL,Non-people operating expense accrual,,HW-NET-RTR-P,C014
2023-10,DE01,Hardware,SALE-2023-10-00310-DE01,sale,1100_AR,13346.42,0.0,EXTERNAL,External customer invoice,,HW-SEN-RFID-E,C014
2023-10,DE01,Hardware,SALE-2023-10-00310-DE01,sale,4000_EXTERNAL_REVENUE,0.0,13346.42,EXTERNAL,External customer invoice,,HW-SEN-RFID-E,C014
2023-10,DE01,Hardware,COGS-2023-10-00310-DE01,cogs,5000_EXTERNAL_COGS,7961.72,0.0,EXTERNAL,External cost of sales at transfer price,,HW-SEN-RFID-E,C014
2023-10,DE01,Hardware,COGS-2023-10-00310-DE01,cogs,1200_INVENTORY,0.0,7961.72,EXTERNAL,Inventory consumption,,HW-SEN-RFID-E,C014
2023-10,DE01,Hardware,VARSELL-2023-10-00310-DE01,variable_selling,5300_VARIABLE_SELLING,792.78,0.0,EXTERNAL,Variable selling and logistics,,HW-SEN-RFID-E,C014
2023-10,DE01,Hardware,VARSELL-2023-10-00310-DE01,variable_selling,2100_AP,0.0,792.78,EXTERNAL,Variable selling accrual,,HW-SEN-RFID-E,C014
2023-10,DE01,Hardware,OPEX-2023-10-00310-DE01,opex,6000_OPEX,400.39,0.0,EXTERNAL,Non-people operating expenses,,HW-SEN-RFID-E,C014
2023-10,DE01,Hardware,OPEX-2023-10-00310-DE01,opex,2100_AP,0.0,400.39,EXTERNAL,Non-people operating expense accrual,,HW-SEN-RFID-E,C014
2023-10,DE01,Hardware,SALE-2023-10-00311-DE01,sale,1100_AR,16235.86,0.0,EXTERNAL,External customer invoice,,HW-SEN-HUB-E,C014
2023-10,DE01,Hardware,SALE-2023-10-00311-DE01,sale,4000_EXTERNAL_REVENUE,0.0,16235.86,EXTERNAL,External customer invoice,,HW-SEN-HUB-E,C014
2023-10,DE01,Hardware,COGS-2023-10-00311-DE01,cogs,5000_EXTERNAL_COGS,10639.54,0.0,EXTERNAL,External cost of sales at transfer price,,HW-SEN-HUB-E,C014
2023-10,DE01,Hardware,COGS-2023-10-00311-DE01,cogs,1200_INVENTORY,0.0,10639.54,EXTERNAL,Inventory consumption,,HW-SEN-HUB-E,C014
2023-10,DE01,Hardware,VARSELL-2023-10-00311-DE01,variable_selling,5300_VARIABLE_SELLING,964.41,0.0,EXTERNAL,Variable selling and logistics,,HW-SEN-HUB-E,C014
2023-10,DE01,Hardware,VARSELL-2023-10-00311-DE01,variable_selling,2100_AP,0.0,964.41,EXTERNAL,Variable selling accrual,,HW-SEN-HUB-E,C014
2023-10,DE01,Hardware,OPEX-2023-10-00311-DE01,opex,6000_OPEX,487.08,0.0,EXTERNAL,Non-people operating expenses,,HW-SEN-HUB-E,C014
2023-10,DE01,Hardware,OPEX-2023-10-00311-DE01,opex,2100_AP,0.0,487.08,EXTERNAL,Non-people operating expense accrual,,HW-SEN-HUB-E,C014
2023-10,DE01,Hardware,SALE-2023-10-00312-DE01,sale,1100_AR,20815.2,0.0,EXTERNAL,External customer invoice,,HW-SEN-HUB-P,C014
2023-10,DE01,Hardware,SALE-2023-10-00312-DE01,sale,4000_EXTERNAL_REVENUE,0.0,20815.2,EXTERNAL,External customer invoice,,HW-SEN-HUB-P,C014
2023-10,DE01,Hardware,COGS-2023-10-00312-DE01,cogs,5000_EXTERNAL_COGS,16076.72,0.0,EXTERNAL,External cost of sales at transfer price,,HW-SEN-HUB-P,C014
2023-10,DE01,Hardware,COGS-2023-10-00312-DE01,cogs,1200_INVENTORY,0.0,16076.72,EXTERNAL,Inventory consumption,,HW-SEN-HUB-P,C014
2023-10,DE01,Hardware,VARSELL-2023-10-00312-DE01,variable_selling,5300_VARIABLE_SELLING,1144.84,0.0,EXTERNAL,Variable selling and logistics,,HW-SEN-HUB-P,C014
2023-10,DE01,Hardware,VARSELL-2023-10-00312-DE01,variable_selling,2100_AP,0.0,1144.84,EXTERNAL,Variable selling accrual,,HW-SEN-HUB-P,C014
2023-10,DE01,Hardware,OPEX-2023-10-00312-DE01,opex,6000_OPEX,624.46,0.0,EXTERNAL,Non-people operating expenses,,HW-SEN-HUB-P,C014
2023-10,DE01,Hardware,OPEX-2023-10-00312-DE01,opex,2100_AP,0.0,624.46,EXTERNAL,Non-people operating expense accrual,,HW-SEN-HUB-P,C014
2023-10,ES01,Hardware,SALE-2023-10-00313-ES01,sale,1100_AR,18880.68,0.0,EXTERNAL,External customer invoice,,HW-CTL-RCK-E,C015
2023-10,ES01,Hardware,SALE-2023-10-00313-ES01,sale,4000_EXTERNAL_REVENUE,0.0,18880.68,EXTERNAL,External customer invoice,,HW-CTL-RCK-E,C015
2023-10,ES01,Hardware,COGS-2023-10-00313-ES01,cogs,5000_EXTERNAL_COGS,11633.0,0.0,EXTERNAL,External cost of sales at transfer price,,HW-CTL-RCK-E,C015
2023-10,ES01,Hardware,COGS-2023-10-00313-ES01,cogs,1200_INVENTORY,0.0,11633.0,EXTERNAL,Inventory consumption,,HW-CTL-RCK-E,C015
2023-10,ES01,Hardware,VARSELL-2023-10-00313-ES01,variable_selling,5300_VARIABLE_SELLING,1121.51,0.0,EXTERNAL,Variable selling and logistics,,HW-CTL-RCK-E,C015
2023-10,ES01,Hardware,VARSELL-2023-10-00313-ES01,variable_selling,2100_AP,0.0,1121.51,EXTERNAL,Variable selling accrual,,HW-CTL-RCK-E,C015
2023-10,ES01,Hardware,OPEX-2023-10-00313-ES01,opex,6000_OPEX,566.42,0.0,EXTERNAL,Non-people operating expenses,,HW-CTL-RCK-E,C015
2023-10,ES01,Hardware,OPEX-2023-10-00313-ES01,opex,2100_AP,0.0,566.42,EXTERNAL,Non-people operating expense accrual,,HW-CTL-RCK-E,C015
2023-10,ES01,Hardware,SALE-2023-10-00314-ES01,sale,1100_AR,20151.5,0.0,EXTERNAL,External customer invoice,,HW-CTL-RDN-E,C015
2023-10,ES01,Hardware,SALE-2023-10-00314-ES01,sale,4000_EXTERNAL_REVENUE,0.0,20151.5,EXTERNAL,External customer invoice,,HW-CTL-RDN-E,C015
2023-10,ES01,Hardware,COGS-2023-10-00314-ES01,cogs,5000_EXTERNAL_COGS,12810.75,0.0,EXTERNAL,External cost of sales at transfer price,,HW-CTL-RDN-E,C015
2023-10,ES01,Hardware,COGS-2023-10-00314-ES01,cogs,1200_INVENTORY,0.0,12810.75,EXTERNAL,Inventory consumption,,HW-CTL-RDN-E,C015
2023-10,ES01,Hardware,VARSELL-2023-10-00314-ES01,variable_selling,5300_VARIABLE_SELLING,1197.0,0.0,EXTERNAL,Variable selling and logistics,,HW-CTL-RDN-E,C015
2023-10,ES01,Hardware,VARSELL-2023-10-00314-ES01,variable_selling,2100_AP,0.0,1197.0,EXTERNAL,Variable selling accrual,,HW-CTL-RDN-E,C015
2023-10,ES01,Hardware,OPEX-2023-10-00314-ES01,opex,6000_OPEX,604.54,0.0,EXTERNAL,Non-people operating expenses,,HW-CTL-RDN-E,C015
2023-10,ES01,Hardware,OPEX-2023-10-00314-ES01,opex,2100_AP,0.0,604.54,EXTERNAL,Non-people operating expense accrual,,HW-CTL-RDN-E,C015
2023-10,ES01,Hardware,SALE-2023-10-00315-ES01,sale,1100_AR,21422.31,0.0,EXTERNAL,External customer invoice,,HW-CTL-SAF-E,C015
2023-10,ES01,Hardware,SALE-2023-10-00315-ES01,sale,4000_EXTERNAL_REVENUE,0.0,21422.31,EXTERNAL,External customer invoice,,HW-CTL-SAF-E,C015
2023-10,ES01,Hardware,COGS-2023-10-00315-ES01,cogs,5000_EXTERNAL_COGS,14038.29,0.0,EXTERNAL,External cost of sales at transfer price,,HW-CTL-SAF-E,C015
2023-10,ES01,Hardware,COGS-2023-10-00315-ES01,cogs,1200_INVENTORY,0.0,14038.29,EXTERNAL,Inventory consumption,,HW-CTL-SAF-E,C015
2023-10,ES01,Hardware,VARSELL-2023-10-00315-ES01,variable_selling,5300_VARIABLE_SELLING,1272.49,0.0,EXTERNAL,Variable selling and logistics,,HW-CTL-SAF-E,C015
2023-10,ES01,Hardware,VARSELL-2023-10-00315-ES01,variable_selling,2100_AP,0.0,1272.49,EXTERNAL,Variable selling accrual,,HW-CTL-SAF-E,C015
2023-10,ES01,Hardware,OPEX-2023-10-00315-ES01,opex,6000_OPEX,642.67,0.0,EXTERNAL,Non-people operating expenses,,HW-CTL-SAF-E,C015
2023-10,ES01,Hardware,OPEX-2023-10-00315-ES01,opex,2100_AP,0.0,642.67,EXTERNAL,Non-people operating expense accrual,,HW-CTL-SAF-E,C015
2023-10,ES01,Hardware,SALE-2023-10-00316-ES01,sale,1100_AR,27464.5,0.0,EXTERNAL,External customer invoice,,HW-CTL-SAF-P,C015
2023-10,ES01,Hardware,SALE-2023-10-00316-ES01,sale,4000_EXTERNAL_REVENUE,0.0,27464.5,EXTERNAL,External customer invoice,,HW-CTL-SAF-P,C015
2023-10,ES01,Hardware,COGS-2023-10-00316-ES01,cogs,5000_EXTERNAL_COGS,21212.33,0.0,EXTERNAL,External cost of sales at transfer price,,HW-CTL-SAF-P,C015
2023-10,ES01,Hardware,COGS-2023-10-00316-ES01,cogs,1200_INVENTORY,0.0,21212.33,EXTERNAL,Inventory consumption,,HW-CTL-SAF-P,C015
2023-10,ES01,Hardware,VARSELL-2023-10-00316-ES01,variable_selling,5300_VARIABLE_SELLING,1510.55,0.0,EXTERNAL,Variable selling and logistics,,HW-CTL-SAF-P,C015
2023-10,ES01,Hardware,VARSELL-2023-10-00316-ES01,variable_selling,2100_AP,0.0,1510.55,EXTERNAL,Variable selling accrual,,HW-CTL-SAF-P,C015
2023-10,ES01,Hardware,OPEX-2023-10-00316-ES01,opex,6000_OPEX,823.93,0.0,EXTERNAL,Non-people operating expenses,,HW-CTL-SAF-P,C015
2023-10,ES01,Hardware,OPEX-2023-10-00316-ES01,opex,2100_AP,0.0,823.93,EXTERNAL,Non-people operating expense accrual,,HW-CTL-SAF-P,C015
2023-10,ES01,Hardware,SALE-2023-10-00317-ES01,sale,1100_AR,20761.1,0.0,EXTERNAL,External customer invoice,,HW-EDG-GTW-E,C015
2023-10,ES01,Hardware,SALE-2023-10-00317-ES01,sale,4000_EXTERNAL_REVENUE,0.0,20761.1,EXTERNAL,External customer invoice,,HW-EDG-GTW-E,C015
2023-10,ES01,Hardware,COGS-2023-10-00317-ES01,cogs,5000_EXTERNAL_COGS,17771.61,0.0,EXTERNAL,External cost of sales at transfer price,,HW-EDG-GTW-E,C015
2023-10,ES01,Hardware,COGS-2023-10-00317-ES01,cogs,1200_INVENTORY,0.0,17771.61,EXTERNAL,Inventory consumption,,HW-EDG-GTW-E,C015
2023-10,ES01,Hardware,VARSELL-2023-10-00317-ES01,variable_selling,5300_VARIABLE_SELLING,1233.21,0.0,EXTERNAL,Variable selling and logistics,,HW-EDG-GTW-E,C015
2023-10,ES01,Hardware,VARSELL-2023-10-00317-ES01,variable_selling,2100_AP,0.0,1233.21,EXTERNAL,Variable selling accrual,,HW-EDG-GTW-E,C015
2023-10,ES01,Hardware,OPEX-2023-10-00317-ES01,opex,6000_OPEX,622.83,0.0,EXTERNAL,Non-people operating expenses,,HW-EDG-GTW-E,C015
2023-10,ES01,Hardware,OPEX-2023-10-00317-ES01,opex,2100_AP,0.0,622.83,EXTERNAL,Non-people operating expense accrual,,HW-EDG-GTW-E,C015
2023-10,ES01,Hardware,SALE-2023-10-00318-ES01,sale,1100_AR,22259.33,0.0,EXTERNAL,External customer invoice,,HW-EDG-SEC-E,C015
2023-10,ES01,Hardware,SALE-2023-10-00318-ES01,sale,4000_EXTERNAL_REVENUE,0.0,22259.33,EXTERNAL,External customer invoice,,HW-EDG-SEC-E,C015
2023-10,ES01,Hardware,COGS-2023-10-00318-ES01,cogs,5000_EXTERNAL_COGS,13714.69,0.0,EXTERNAL,External cost of sales at transfer price,,HW-EDG-SEC-E,C015
2023-10,ES01,Hardware,COGS-2023-10-00318-ES01,cogs,1200_INVENTORY,0.0,13714.69,EXTERNAL,Inventory consumption,,HW-EDG-SEC-E,C015
2023-10,ES01,Hardware,VARSELL-2023-10-00318-ES01,variable_selling,5300_VARIABLE_SELLING,1322.2,0.0,EXTERNAL,Variable selling and logistics,,HW-EDG-SEC-E,C015
2023-10,ES01,Hardware,VARSELL-2023-10-00318-ES01,variable_selling,2100_AP,0.0,1322.2,EXTERNAL,Variable selling accrual,,HW-EDG-SEC-E,C015
2023-10,ES01,Hardware,OPEX-2023-10-00318-ES01,opex,6000_OPEX,667.78,0.0,EXTERNAL,Non-people operating expenses,,HW-EDG-SEC-E,C015
2023-10,ES01,Hardware,OPEX-2023-10-00318-ES01,opex,2100_AP,0.0,667.78,EXTERNAL,Non-people operating expense accrual,,HW-EDG-SEC-E,C015
2023-10,ES01,Hardware,SALE-2023-10-00319-ES01,sale,1100_AR,28537.6,0.0,EXTERNAL,External customer invoice,,HW-EDG-SEC-P,C015
2023-10,ES01,Hardware,SALE-2023-10-00319-ES01,sale,4000_EXTERNAL_REVENUE,0.0,28537.6,EXTERNAL,External customer invoice,,HW-EDG-SEC-P,C015
2023-10,ES01,Hardware,COGS-2023-10-00319-ES01,cogs,5000_EXTERNAL_COGS,20710.09,0.0,EXTERNAL,External cost of sales at transfer price,,HW-EDG-SEC-P,C015
2023-10,ES01,Hardware,COGS-2023-10-00319-ES01,cogs,1200_INVENTORY,0.0,20710.09,EXTERNAL,Inventory consumption,,HW-EDG-SEC-P,C015
2023-10,ES01,Hardware,VARSELL-2023-10-00319-ES01,variable_selling,5300_VARIABLE_SELLING,1569.57,0.0,EXTERNAL,Variable selling and logistics,,HW-EDG-SEC-P,C015
2023-10,ES01,Hardware,VARSELL-2023-10-00319-ES01,variable_selling,2100_AP,0.0,1569.57,EXTERNAL,Variable selling accrual,,HW-EDG-SEC-P,C015
2023-10,ES01,Hardware,OPEX-2023-10-00319-ES01,opex,6000_OPEX,856.13,0.0,EXTERNAL,Non-people operating expenses,,HW-EDG-SEC-P,C015
2023-10,ES01,Hardware,OPEX-2023-10-00319-ES01,opex,2100_AP,0.0,856.13,EXTERNAL,Non-people operating expense accrual,,HW-EDG-SEC-P,C015
2023-10,ES01,Hardware,SALE-2023-10-00320-ES01,sale,1100_AR,23757.55,0.0,EXTERNAL,External customer invoice,,HW-EDG-CMP-E,C015
2023-10,ES01,Hardware,SALE-2023-10-00320-ES01,sale,4000_EXTERNAL_REVENUE,0.0,23757.55,EXTERNAL,External customer invoice,,HW-EDG-CMP-E,C015
2023-10,ES01,Hardware,COGS-2023-10-00320-ES01,cogs,5000_EXTERNAL_COGS,15103.2,0.0,EXTERNAL,External cost of sales at transfer price,,HW-EDG-CMP-E,C015
2023-10,ES01,Hardware,COGS-2023-10-00320-ES01,cogs,1200_INVENTORY,0.0,15103.2,EXTERNAL,Inventory consumption,,HW-EDG-CMP-E,C015
2023-10,ES01,Hardware,VARSELL-2023-10-00320-ES01,variable_selling,5300_VARIABLE_SELLING,1411.2,0.0,EXTERNAL,Variable selling and logistics,,HW-EDG-CMP-E,C015
2023-10,ES01,Hardware,VARSELL-2023-10-00320-ES01,variable_selling,2100_AP,0.0,1411.2,EXTERNAL,Variable selling accrual,,HW-EDG-CMP-E,C015
2023-10,ES01,Hardware,OPEX-2023-10-00320-ES01,opex,6000_OPEX,712.73,0.0,EXTERNAL,Non-people operating expenses,,HW-EDG-CMP-E,C015
2023-10,ES01,Hardware,OPEX-2023-10-00320-ES01,opex,2100_AP,0.0,712.73,EXTERNAL,Non-people operating expense accrual,,HW-EDG-CMP-E,C015
2023-10,ES01,Hardware,SALE-2023-10-00321-ES01,sale,1100_AR,32624.6,0.0,EXTERNAL,External customer invoice,,HW-TRM-FIX-E,C015
2023-10,ES01,Hardware,SALE-2023-10-00321-ES01,sale,4000_EXTERNAL_REVENUE,0.0,32624.6,EXTERNAL,External customer invoice,,HW-TRM-FIX-E,C015
2023-10,ES01,Hardware,COGS-2023-10-00321-ES01,cogs,5000_EXTERNAL_COGS,19461.98,0.0,EXTERNAL,External cost of sales at transfer price,,HW-TRM-FIX-E,C015
2023-10,ES01,Hardware,COGS-2023-10-00321-ES01,cogs,1200_INVENTORY,0.0,19461.98,EXTERNAL,Inventory consumption,,HW-TRM-FIX-E,C015
2023-10,ES01,Hardware,VARSELL-2023-10-00321-ES01,variable_selling,5300_VARIABLE_SELLING,1937.9,0.0,EXTERNAL,Variable selling and logistics,,HW-TRM-FIX-E,C015
2023-10,ES01,Hardware,VARSELL-2023-10-00321-ES01,variable_selling,2100_AP,0.0,1937.9,EXTERNAL,Variable selling accrual,,HW-TRM-FIX-E,C015
2023-10,ES01,Hardware,OPEX-2023-10-00321-ES01,opex,6000_OPEX,978.74,0.0,EXTERNAL,Non-people operating expenses,,HW-TRM-FIX-E,C015
2023-10,ES01,Hardware,OPEX-2023-10-00321-ES01,opex,2100_AP,0.0,978.74,EXTERNAL,Non-people operating expense accrual,,HW-TRM-FIX-E,C015
2023-10,ES01,Hardware,SALE-2023-10-00322-ES01,sale,1100_AR,22422.4,0.0,EXTERNAL,External customer invoice,,HW-TRM-KSK-P,C015
2023-10,ES01,Hardware,SALE-2023-10-00322-ES01,sale,4000_EXTERNAL_REVENUE,0.0,22422.4,EXTERNAL,External customer invoice,,HW-TRM-KSK-P,C015
2023-10,ES01,Hardware,COGS-2023-10-00322-ES01,cogs,5000_EXTERNAL_COGS,16272.21,0.0,EXTERNAL,External cost of sales at transfer price,,HW-TRM-KSK-P,C015
2023-10,ES01,Hardware,COGS-2023-10-00322-ES01,cogs,1200_INVENTORY,0.0,16272.21,EXTERNAL,Inventory consumption,,HW-TRM-KSK-P,C015
2023-10,ES01,Hardware,VARSELL-2023-10-00322-ES01,variable_selling,5300_VARIABLE_SELLING,1233.23,0.0,EXTERNAL,Variable selling and logistics,,HW-TRM-KSK-P,C015
2023-10,ES01,Hardware,VARSELL-2023-10-00322-ES01,variable_selling,2100_AP,0.0,1233.23,EXTERNAL,Variable selling accrual,,HW-TRM-KSK-P,C015
2023-10,ES01,Hardware,OPEX-2023-10-00322-ES01,opex,6000_OPEX,672.67,0.0,EXTERNAL,Non-people operating expenses,,HW-TRM-KSK-P,C015
2023-10,ES01,Hardware,OPEX-2023-10-00322-ES01,opex,2100_AP,0.0,672.67,EXTERNAL,Non-people operating expense accrual,,HW-TRM-KSK-P,C015
2023-10,ES01,Hardware,SALE-2023-10-00323-ES01,sale,1100_AR,33185.15,0.0,EXTERNAL,External customer invoice,,HW-TRM-KSK-X,C015
2023-10,ES01,Hardware,SALE-2023-10-00323-ES01,sale,4000_EXTERNAL_REVENUE,0.0,33185.15,EXTERNAL,External customer invoice,,HW-TRM-KSK-X,C015
2023-10,ES01,Hardware,COGS-2023-10-00323-ES01,cogs,5000_EXTERNAL_COGS,29144.57,0.0,EXTERNAL,External cost of sales at transfer price,,HW-TRM-KSK-X,C015
2023-10,ES01,Hardware,COGS-2023-10-00323-ES01,cogs,1200_INVENTORY,0.0,29144.57,EXTERNAL,Inventory consumption,,HW-TRM-KSK-X,C015
2023-10,ES01,Hardware,VARSELL-2023-10-00323-ES01,variable_selling,5300_VARIABLE_SELLING,1679.17,0.0,EXTERNAL,Variable selling and logistics,,HW-TRM-KSK-X,C015
2023-10,ES01,Hardware,VARSELL-2023-10-00323-ES01,variable_selling,2100_AP,0.0,1679.17,EXTERNAL,Variable selling accrual,,HW-TRM-KSK-X,C015
2023-10,ES01,Hardware,OPEX-2023-10-00323-ES01,opex,6000_OPEX,995.55,0.0,EXTERNAL,Non-people operating expenses,,HW-TRM-KSK-X,C015
2023-10,ES01,Hardware,OPEX-2023-10-00323-ES01,opex,2100_AP,0.0,995.55,EXTERNAL,Non-people operating expense accrual,,HW-TRM-KSK-X,C015
2023-10,ES01,Hardware,SALE-2023-10-00324-ES01,sale,1100_AR,18666.65,0.0,EXTERNAL,External customer invoice,,HW-TRM-MOB-E,C015
2023-10,ES01,Hardware,SALE-2023-10-00324-ES01,sale,4000_EXTERNAL_REVENUE,0.0,18666.65,EXTERNAL,External customer invoice,,HW-TRM-MOB-E,C015
2023-10,ES01,Hardware,COGS-2023-10-00324-ES01,cogs,5000_EXTERNAL_COGS,11866.8,0.0,EXTERNAL,External cost of sales at transfer price,,HW-TRM-MOB-E,C015
2023-10,ES01,Hardware,COGS-2023-10-00324-ES01,cogs,1200_INVENTORY,0.0,11866.8,EXTERNAL,Inventory consumption,,HW-TRM-MOB-E,C015
2023-10,ES01,Hardware,VARSELL-2023-10-00324-ES01,variable_selling,5300_VARIABLE_SELLING,1108.8,0.0,EXTERNAL,Variable selling and logistics,,HW-TRM-MOB-E,C015
2023-10,ES01,Hardware,VARSELL-2023-10-00324-ES01,variable_selling,2100_AP,0.0,1108.8,EXTERNAL,Variable selling accrual,,HW-TRM-MOB-E,C015
2023-10,ES01,Hardware,OPEX-2023-10-00324-ES01,opex,6000_OPEX,560.0,0.0,EXTERNAL,Non-people operating expenses,,HW-TRM-MOB-E,C015
2023-10,ES01,Hardware,OPEX-2023-10-00324-ES01,opex,2100_AP,0.0,560.0,EXTERNAL,Non-people operating expense accrual,,HW-TRM-MOB-E,C015
2023-10,ES01,Hardware,SALE-2023-10-00325-ES01,sale,1100_AR,23931.6,0.0,EXTERNAL,External customer invoice,,HW-TRM-MOB-P,C015
2023-10,ES01,Hardware,SALE-2023-10-00325-ES01,sale,4000_EXTERNAL_REVENUE,0.0,23931.6,EXTERNAL,External customer invoice,,HW-TRM-MOB-P,C015
2023-10,ES01,Hardware,COGS-2023-10-00325-ES01,cogs,5000_EXTERNAL_COGS,17925.57,0.0,EXTERNAL,External cost of sales at transfer price,,HW-TRM-MOB-P,C015
2023-10,ES01,Hardware,COGS-2023-10-00325-ES01,cogs,1200_INVENTORY,0.0,17925.57,EXTERNAL,Inventory consumption,,HW-TRM-MOB-P,C015
2023-10,ES01,Hardware,VARSELL-2023-10-00325-ES01,variable_selling,5300_VARIABLE_SELLING,1316.24,0.0,EXTERNAL,Variable selling and logistics,,HW-TRM-MOB-P,C015
2023-10,ES01,Hardware,VARSELL-2023-10-00325-ES01,variable_selling,2100_AP,0.0,1316.24,EXTERNAL,Variable selling accrual,,HW-TRM-MOB-P,C015
2023-10,ES01,Hardware,OPEX-2023-10-00325-ES01,opex,6000_OPEX,717.95,0.0,EXTERNAL,Non-people operating expenses,,HW-TRM-MOB-P,C015
2023-10,ES01,Hardware,OPEX-2023-10-00325-ES01,opex,2100_AP,0.0,717.95,EXTERNAL,Non-people operating expense accrual,,HW-TRM-MOB-P,C015
2023-10,ES01,Hardware,SALE-2023-10-00326-ES01,sale,1100_AR,18907.43,0.0,EXTERNAL,External customer invoice,,HW-NET-ACC-E,C015
2023-10,ES01,Hardware,SALE-2023-10-00326-ES01,sale,4000_EXTERNAL_REVENUE,0.0,18907.43,EXTERNAL,External customer invoice,,HW-NET-ACC-E,C015
2023-10,ES01,Hardware,COGS-2023-10-00326-ES01,cogs,5000_EXTERNAL_COGS,11279.09,0.0,EXTERNAL,External cost of sales at transfer price,,HW-NET-ACC-E,C015
2023-10,ES01,Hardware,COGS-2023-10-00326-ES01,cogs,1200_INVENTORY,0.0,11279.09,EXTERNAL,Inventory consumption,,HW-NET-ACC-E,C015
2023-10,ES01,Hardware,VARSELL-2023-10-00326-ES01,variable_selling,5300_VARIABLE_SELLING,1123.1,0.0,EXTERNAL,Variable selling and logistics,,HW-NET-ACC-E,C015
2023-10,ES01,Hardware,VARSELL-2023-10-00326-ES01,variable_selling,2100_AP,0.0,1123.1,EXTERNAL,Variable selling accrual,,HW-NET-ACC-E,C015
2023-10,ES01,Hardware,OPEX-2023-10-00326-ES01,opex,6000_OPEX,567.22,0.0,EXTERNAL,Non-people operating expenses,,HW-NET-ACC-E,C015
2023-10,ES01,Hardware,OPEX-2023-10-00326-ES01,opex,2100_AP,0.0,567.22,EXTERNAL,Non-people operating expense accrual,,HW-NET-ACC-E,C015
2023-10,ES01,Hardware,SALE-2023-10-00327-ES01,sale,1100_AR,20271.89,0.0,EXTERNAL,External customer invoice,,HW-NET-SWC-E,C015
2023-10,ES01,Hardware,SALE-2023-10-00327-ES01,sale,4000_EXTERNAL_REVENUE,0.0,20271.89,EXTERNAL,External customer invoice,,HW-NET-SWC-E,C015
2023-10,ES01,Hardware,COGS-2023-10-00327-ES01,cogs,5000_EXTERNAL_COGS,12490.17,0.0,EXTERNAL,External cost of sales at transfer price,,HW-NET-SWC-E,C015
2023-10,ES01,Hardware,COGS-2023-10-00327-ES01,cogs,1200_INVENTORY,0.0,12490.17,EXTERNAL,Inventory consumption,,HW-NET-SWC-E,C015
2023-10,ES01,Hardware,VARSELL-2023-10-00327-ES01,variable_selling,5300_VARIABLE_SELLING,1204.15,0.0,EXTERNAL,Variable selling and logistics,,HW-NET-SWC-E,C015
2023-10,ES01,Hardware,VARSELL-2023-10-00327-ES01,variable_selling,2100_AP,0.0,1204.15,EXTERNAL,Variable selling accrual,,HW-NET-SWC-E,C015
2023-10,ES01,Hardware,OPEX-2023-10-00327-ES01,opex,6000_OPEX,608.16,0.0,EXTERNAL,Non-people operating expenses,,HW-NET-SWC-E,C015
2023-10,ES01,Hardware,OPEX-2023-10-00327-ES01,opex,2100_AP,0.0,608.16,EXTERNAL,Non-people operating expense accrual,,HW-NET-SWC-E,C015
2023-10,ES01,Hardware,SALE-2023-10-00328-ES01,sale,1100_AR,25989.6,0.0,EXTERNAL,External customer invoice,,HW-NET-SWC-P,C015
2023-10,ES01,Hardware,SALE-2023-10-00328-ES01,sale,4000_EXTERNAL_REVENUE,0.0,25989.6,EXTERNAL,External customer invoice,,HW-NET-SWC-P,C015
2023-10,ES01,Hardware,COGS-2023-10-00328-ES01,cogs,5000_EXTERNAL_COGS,18860.98,0.0,EXTERNAL,External cost of sales at transfer price,,HW-NET-SWC-P,C015
2023-10,ES01,Hardware,COGS-2023-10-00328-ES01,cogs,1200_INVENTORY,0.0,18860.98,EXTERNAL,Inventory consumption,,HW-NET-SWC-P,C015
2023-10,ES01,Hardware,VARSELL-2023-10-00328-ES01,variable_selling,5300_VARIABLE_SELLING,1429.43,0.0,EXTERNAL,Variable selling and logistics,,HW-NET-SWC-P,C015
2023-10,ES01,Hardware,VARSELL-2023-10-00328-ES01,variable_selling,2100_AP,0.0,1429.43,EXTERNAL,Variable selling accrual,,HW-NET-SWC-P,C015
2023-10,ES01,Hardware,OPEX-2023-10-00328-ES01,opex,6000_OPEX,779.69,0.0,EXTERNAL,Non-people operating expenses,,HW-NET-SWC-P,C015
2023-10,ES01,Hardware,OPEX-2023-10-00328-ES01,opex,2100_AP,0.0,779.69,EXTERNAL,Non-people operating expense accrual,,HW-NET-SWC-P,C015
2023-10,ES01,Hardware,SALE-2023-10-00329-ES01,sale,1100_AR,27738.9,0.0,EXTERNAL,External customer invoice,,HW-NET-DST-P,C015
2023-10,ES01,Hardware,SALE-2023-10-00329-ES01,sale,4000_EXTERNAL_REVENUE,0.0,27738.9,EXTERNAL,External customer invoice,,HW-NET-DST-P,C015
2023-10,ES01,Hardware,COGS-2023-10-00329-ES01,cogs,5000_EXTERNAL_COGS,20777.36,0.0,EXTERNAL,External cost of sales at transfer price,,HW-NET-DST-P,C015
2023-10,ES01,Hardware,COGS-2023-10-00329-ES01,cogs,1200_INVENTORY,0.0,20777.36,EXTERNAL,Inventory consumption,,HW-NET-DST-P,C015
2023-10,ES01,Hardware,VARSELL-2023-10-00329-ES01,variable_selling,5300_VARIABLE_SELLING,1525.64,0.0,EXTERNAL,Variable selling and logistics,,HW-NET-DST-P,C015
2023-10,ES01,Hardware,VARSELL-2023-10-00329-ES01,variable_selling,2100_AP,0.0,1525.64,EXTERNAL,Variable selling accrual,,HW-NET-DST-P,C015
2023-10,ES01,Hardware,OPEX-2023-10-00329-ES01,opex,6000_OPEX,832.17,0.0,EXTERNAL,Non-people operating expenses,,HW-NET-DST-P,C015
2023-10,ES01,Hardware,OPEX-2023-10-00329-ES01,opex,2100_AP,0.0,832.17,EXTERNAL,Non-people operating expense accrual,,HW-NET-DST-P,C015
2023-10,ES01,Hardware,SALE-2023-10-00330-ES01,sale,1100_AR,23000.8,0.0,EXTERNAL,External customer invoice,,HW-NET-RTR-E,C015
2023-10,ES01,Hardware,SALE-2023-10-00330-ES01,sale,4000_EXTERNAL_REVENUE,0.0,23000.8,EXTERNAL,External customer invoice,,HW-NET-RTR-E,C015
2023-10,ES01,Hardware,COGS-2023-10-00330-ES01,cogs,5000_EXTERNAL_COGS,15072.69,0.0,EXTERNAL,External cost of sales at transfer price,,HW-NET-RTR-E,C015
2023-10,ES01,Hardware,COGS-2023-10-00330-ES01,cogs,1200_INVENTORY,0.0,15072.69,EXTERNAL,Inventory consumption,,HW-NET-RTR-E,C015
2023-10,ES01,Hardware,VARSELL-2023-10-00330-ES01,variable_selling,5300_VARIABLE_SELLING,1366.25,0.0,EXTERNAL,Variable selling and logistics,,HW-NET-RTR-E,C015
2023-10,ES01,Hardware,VARSELL-2023-10-00330-ES01,variable_selling,2100_AP,0.0,1366.25,EXTERNAL,Variable selling accrual,,HW-NET-RTR-E,C015
2023-10,ES01,Hardware,OPEX-2023-10-00330-ES01,opex,6000_OPEX,690.02,0.0,EXTERNAL,Non-people operating expenses,,HW-NET-RTR-E,C015
2023-10,ES01,Hardware,OPEX-2023-10-00330-ES01,opex,2100_AP,0.0,690.02,EXTERNAL,Non-people operating expense accrual,,HW-NET-RTR-E,C015
2023-10,ES01,Hardware,SALE-2023-10-00331-ES01,sale,1100_AR,18345.6,0.0,EXTERNAL,External customer invoice,,HW-SEN-BIO-P,C015
2023-10,ES01,Hardware,SALE-2023-10-00331-ES01,sale,4000_EXTERNAL_REVENUE,0.0,18345.6,EXTERNAL,External customer invoice,,HW-SEN-BIO-P,C015
2023-10,ES01,Hardware,COGS-2023-10-00331-ES01,cogs,5000_EXTERNAL_COGS,13313.64,0.0,EXTERNAL,External cost of sales at transfer price,,HW-SEN-BIO-P,C015
2023-10,ES01,Hardware,COGS-2023-10-00331-ES01,cogs,1200_INVENTORY,0.0,13313.64,EXTERNAL,Inventory consumption,,HW-SEN-BIO-P,C015
2023-10,ES01,Hardware,VARSELL-2023-10-00331-ES01,variable_selling,5300_VARIABLE_SELLING,1009.01,0.0,EXTERNAL,Variable selling and logistics,,HW-SEN-BIO-P,C015
2023-10,ES01,Hardware,VARSELL-2023-10-00331-ES01,variable_selling,2100_AP,0.0,1009.01,EXTERNAL,Variable selling accrual,,HW-SEN-BIO-P,C015
2023-10,ES01,Hardware,OPEX-2023-10-00331-ES01,opex,6000_OPEX,550.37,0.0,EXTERNAL,Non-people operating expenses,,HW-SEN-BIO-P,C015
2023-10,ES01,Hardware,OPEX-2023-10-00331-ES01,opex,2100_AP,0.0,550.37,EXTERNAL,Non-people operating expense accrual,,HW-SEN-BIO-P,C015
2023-10,ES01,Hardware,SALE-2023-10-00332-ES01,sale,1100_AR,19580.4,0.0,EXTERNAL,External customer invoice,,HW-SEN-CAM-P,C015
2023-10,ES01,Hardware,SALE-2023-10-00332-ES01,sale,4000_EXTERNAL_REVENUE,0.0,19580.4,EXTERNAL,External customer invoice,,HW-SEN-CAM-P,C015
2023-10,ES01,Hardware,COGS-2023-10-00332-ES01,cogs,5000_EXTERNAL_COGS,14666.38,0.0,EXTERNAL,External cost of sales at transfer price,,HW-SEN-CAM-P,C015
2023-10,ES01,Hardware,COGS-2023-10-00332-ES01,cogs,1200_INVENTORY,0.0,14666.38,EXTERNAL,Inventory consumption,,HW-SEN-CAM-P,C015
2023-10,ES01,Hardware,VARSELL-2023-10-00332-ES01,variable_selling,5300_VARIABLE_SELLING,1076.92,0.0,EXTERNAL,Variable selling and logistics,,HW-SEN-CAM-P,C015
2023-10,ES01,Hardware,VARSELL-2023-10-00332-ES01,variable_selling,2100_AP,0.0,1076.92,EXTERNAL,Variable selling accrual,,HW-SEN-CAM-P,C015
2023-10,ES01,Hardware,OPEX-2023-10-00332-ES01,opex,6000_OPEX,587.41,0.0,EXTERNAL,Non-people operating expenses,,HW-SEN-CAM-P,C015
2023-10,ES01,Hardware,OPEX-2023-10-00332-ES01,opex,2100_AP,0.0,587.41,EXTERNAL,Non-people operating expense accrual,,HW-SEN-CAM-P,C015
2023-10,ES01,Hardware,SALE-2023-10-00333-ES01,sale,1100_AR,28978.99,0.0,EXTERNAL,External customer invoice,,HW-SEN-CAM-X,C015
2023-10,ES01,Hardware,SALE-2023-10-00333-ES01,sale,4000_EXTERNAL_REVENUE,0.0,28978.99,EXTERNAL,External customer invoice,,HW-SEN-CAM-X,C015
2023-10,ES01,Hardware,COGS-2023-10-00333-ES01,cogs,5000_EXTERNAL_COGS,26275.04,0.0,EXTERNAL,External cost of sales at transfer price,,HW-SEN-CAM-X,C015
2023-10,ES01,Hardware,COGS-2023-10-00333-ES01,cogs,1200_INVENTORY,0.0,26275.04,EXTERNAL,Inventory consumption,,HW-SEN-CAM-X,C015
2023-10,ES01,Hardware,VARSELL-2023-10-00333-ES01,variable_selling,5300_VARIABLE_SELLING,1466.34,0.0,EXTERNAL,Variable selling and logistics,,HW-SEN-CAM-X,C015
2023-10,ES01,Hardware,VARSELL-2023-10-00333-ES01,variable_selling,2100_AP,0.0,1466.34,EXTERNAL,Variable selling accrual,,HW-SEN-CAM-X,C015
2023-10,ES01,Hardware,OPEX-2023-10-00333-ES01,opex,6000_OPEX,869.37,0.0,EXTERNAL,Non-people operating expenses,,HW-SEN-CAM-X,C015
2023-10,ES01,Hardware,OPEX-2023-10-00333-ES01,opex,2100_AP,0.0,869.37,EXTERNAL,Non-people operating expense accrual,,HW-SEN-CAM-X,C015
2023-10,ES01,Hardware,SALE-2023-10-00334-ES01,sale,1100_AR,20815.2,0.0,EXTERNAL,External customer invoice,,HW-SEN-HUB-P,C015
2023-10,ES01,Hardware,SALE-2023-10-00334-ES01,sale,4000_EXTERNAL_REVENUE,0.0,20815.2,EXTERNAL,External customer invoice,,HW-SEN-HUB-P,C015
2023-10,ES01,Hardware,COGS-2023-10-00334-ES01,cogs,5000_EXTERNAL_COGS,16076.72,0.0,EXTERNAL,External cost of sales at transfer price,,HW-SEN-HUB-P,C015
2023-10,ES01,Hardware,COGS-2023-10-00334-ES01,cogs,1200_INVENTORY,0.0,16076.72,EXTERNAL,Inventory consumption,,HW-SEN-HUB-P,C015
2023-10,ES01,Hardware,VARSELL-2023-10-00334-ES01,variable_selling,5300_VARIABLE_SELLING,1144.84,0.0,EXTERNAL,Variable selling and logistics,,HW-SEN-HUB-P,C015
2023-10,ES01,Hardware,VARSELL-2023-10-00334-ES01,variable_selling,2100_AP,0.0,1144.84,EXTERNAL,Variable selling accrual,,HW-SEN-HUB-P,C015
2023-10,ES01,Hardware,OPEX-2023-10-00334-ES01,opex,6000_OPEX,624.46,0.0,EXTERNAL,Non-people operating expenses,,HW-SEN-HUB-P,C015
2023-10,ES01,Hardware,OPEX-2023-10-00334-ES01,opex,2100_AP,0.0,624.46,EXTERNAL,Non-people operating expense accrual,,HW-SEN-HUB-P,C015
2023-10,ES01,Hardware,SALE-2023-10-00335-ES01,sale,1100_AR,30806.5,0.0,EXTERNAL,External customer invoice,,HW-SEN-HUB-X,C015
2023-10,ES01,Hardware,SALE-2023-10-00335-ES01,sale,4000_EXTERNAL_REVENUE,0.0,30806.5,EXTERNAL,External customer invoice,,HW-SEN-HUB-X,C015
2023-10,ES01,Hardware,COGS-2023-10-00335-ES01,cogs,5000_EXTERNAL_COGS,28808.51,0.0,EXTERNAL,External cost of sales at transfer price,,HW-SEN-HUB-X,C015
2023-10,ES01,Hardware,COGS-2023-10-00335-ES01,cogs,1200_INVENTORY,0.0,28808.51,EXTERNAL,Inventory consumption,,HW-SEN-HUB-X,C015
2023-10,ES01,Hardware,VARSELL-2023-10-00335-ES01,variable_selling,5300_VARIABLE_SELLING,1558.81,0.0,EXTERNAL,Variable selling and logistics,,HW-SEN-HUB-X,C015
2023-10,ES01,Hardware,VARSELL-2023-10-00335-ES01,variable_selling,2100_AP,0.0,1558.81,EXTERNAL,Variable selling accrual,,HW-SEN-HUB-X,C015
2023-10,ES01,Hardware,OPEX-2023-10-00335-ES01,opex,6000_OPEX,924.19,0.0,EXTERNAL,Non-people operating expenses,,HW-SEN-HUB-X,C015
2023-10,ES01,Hardware,OPEX-2023-10-00335-ES01,opex,2100_AP,0.0,924.19,EXTERNAL,Non-people operating expense accrual,,HW-SEN-HUB-X,C015
2023-10,ES01,Hardware,SALE-2023-10-00336-ES01,sale,1100_AR,17609.87,0.0,EXTERNAL,External customer invoice,,HW-CTL-MCU-E,C016
2023-10,ES01,Hardware,SALE-2023-10-00336-ES01,sale,4000_EXTERNAL_REVENUE,0.0,17609.87,EXTERNAL,External customer invoice,,HW-CTL-MCU-E,C016
2023-10,ES01,Hardware,COGS-2023-10-00336-ES01,cogs,5000_EXTERNAL_COGS,15074.13,0.0,EXTERNAL,External cost of sales at transfer price,,HW-CTL-MCU-E,C016
2023-10,ES01,Hardware,COGS-2023-10-00336-ES01,cogs,1200_INVENTORY,0.0,15074.13,EXTERNAL,Inventory consumption,,HW-CTL-MCU-E,C016
2023-10,ES01,Hardware,VARSELL-2023-10-00336-ES01,variable_selling,5300_VARIABLE_SELLING,1046.03,0.0,EXTERNAL,Variable selling and logistics,,HW-CTL-MCU-E,C016
2023-10,ES01,Hardware,VARSELL-2023-10-00336-ES01,variable_selling,2100_AP,0.0,1046.03,EXTERNAL,Variable selling accrual,,HW-CTL-MCU-E,C016
2023-10,ES01,Hardware,OPEX-2023-10-00336-ES01,opex,6000_OPEX,528.3,0.0,EXTERNAL,Non-people operating expenses,,HW-CTL-MCU-E,C016
2023-10,ES01,Hardware,OPEX-2023-10-00336-ES01,opex,2100_AP,0.0,528.3,EXTERNAL,Non-people operating expense accrual,,HW-CTL-MCU-E,C016
2023-10,ES01,Hardware,SALE-2023-10-00337-ES01,sale,1100_AR,22576.75,0.0,EXTERNAL,External customer invoice,,HW-CTL-MCU-P,C016
2023-10,ES01,Hardware,SALE-2023-10-00337-ES01,sale,4000_EXTERNAL_REVENUE,0.0,22576.75,EXTERNAL,External customer invoice,,HW-CTL-MCU-P,C016
2023-10,ES01,Hardware,COGS-2023-10-00337-ES01,cogs,5000_EXTERNAL_COGS,15857.72,0.0,EXTERNAL,External cost of sales at transfer price,,HW-CTL-MCU-P,C016
2023-10,ES01,Hardware,COGS-2023-10-00337-ES01,cogs,1200_INVENTORY,0.0,15857.72,EXTERNAL,Inventory consumption,,HW-CTL-MCU-P,C016
2023-10,ES01,Hardware,VARSELL-2023-10-00337-ES01,variable_selling,5300_VARIABLE_SELLING,1241.72,0.0,EXTERNAL,Variable selling and logistics,,HW-CTL-MCU-P,C016
2023-10,ES01,Hardware,VARSELL-2023-10-00337-ES01,variable_selling,2100_AP,0.0,1241.72,EXTERNAL,Variable selling accrual,,HW-CTL-MCU-P,C016
2023-10,ES01,Hardware,OPEX-2023-10-00337-ES01,opex,6000_OPEX,677.3,0.0,EXTERNAL,Non-people operating expenses,,HW-CTL-MCU-P,C016
2023-10,ES01,Hardware,OPEX-2023-10-00337-ES01,opex,2100_AP,0.0,677.3,EXTERNAL,Non-people operating expense accrual,,HW-CTL-MCU-P,C016
2023-10,ES01,Hardware,SALE-2023-10-00338-ES01,sale,1100_AR,24206.0,0.0,EXTERNAL,External customer invoice,,HW-CTL-RCK-P,C016
2023-10,ES01,Hardware,SALE-2023-10-00338-ES01,sale,4000_EXTERNAL_REVENUE,0.0,24206.0,EXTERNAL,External customer invoice,,HW-CTL-RCK-P,C016
2023-10,ES01,Hardware,COGS-2023-10-00338-ES01,cogs,5000_EXTERNAL_COGS,17566.6,0.0,EXTERNAL,External cost of sales at transfer price,,HW-CTL-RCK-P,C016
2023-10,ES01,Hardware,COGS-2023-10-00338-ES01,cogs,1200_INVENTORY,0.0,17566.6,EXTERNAL,Inventory consumption,,HW-CTL-RCK-P,C016
2023-10,ES01,Hardware,VARSELL-2023-10-00338-ES01,variable_selling,5300_VARIABLE_SELLING,1331.33,0.0,EXTERNAL,Variable selling and logistics,,HW-CTL-RCK-P,C016
2023-10,ES01,Hardware,VARSELL-2023-10-00338-ES01,variable_selling,2100_AP,0.0,1331.33,EXTERNAL,Variable selling accrual,,HW-CTL-RCK-P,C016
2023-10,ES01,Hardware,OPEX-2023-10-00338-ES01,opex,6000_OPEX,726.18,0.0,EXTERNAL,Non-people operating expenses,,HW-CTL-RCK-P,C016
2023-10,ES01,Hardware,OPEX-2023-10-00338-ES01,opex,2100_AP,0.0,726.18,EXTERNAL,Non-people operating expense accrual,,HW-CTL-RCK-P,C016
2023-10,ES01,Hardware,SALE-2023-10-00339-ES01,sale,1100_AR,20151.5,0.0,EXTERNAL,External customer invoice,,HW-CTL-RDN-E,C016
2023-10,ES01,Hardware,SALE-2023-10-00339-ES01,sale,4000_EXTERNAL_REVENUE,0.0,20151.5,EXTERNAL,External customer invoice,,HW-CTL-RDN-E,C016
2023-10,ES01,Hardware,COGS-2023-10-00339-ES01,cogs,5000_EXTERNAL_COGS,12810.75,0.0,EXTERNAL,External cost of sales at transfer price,,HW-CTL-RDN-E,C016
2023-10,ES01,Hardware,COGS-2023-10-00339-ES01,cogs,1200_INVENTORY,0.0,12810.75,EXTERNAL,Inventory consumption,,HW-CTL-RDN-E,C016
2023-10,ES01,Hardware,VARSELL-2023-10-00339-ES01,variable_selling,5300_VARIABLE_SELLING,1197.0,0.0,EXTERNAL,Variable selling and logistics,,HW-CTL-RDN-E,C016
2023-10,ES01,Hardware,VARSELL-2023-10-00339-ES01,variable_selling,2100_AP,0.0,1197.0,EXTERNAL,Variable selling accrual,,HW-CTL-RDN-E,C016
2023-10,ES01,Hardware,OPEX-2023-10-00339-ES01,opex,6000_OPEX,604.54,0.0,EXTERNAL,Non-people operating expenses,,HW-CTL-RDN-E,C016
2023-10,ES01,Hardware,OPEX-2023-10-00339-ES01,opex,2100_AP,0.0,604.54,EXTERNAL,Non-people operating expense accrual,,HW-CTL-RDN-E,C016
2023-10,ES01,Hardware,SALE-2023-10-00340-ES01,sale,1100_AR,21422.31,0.0,EXTERNAL,External customer invoice,,HW-CTL-SAF-E,C016
2023-10,ES01,Hardware,SALE-2023-10-00340-ES01,sale,4000_EXTERNAL_REVENUE,0.0,21422.31,EXTERNAL,External customer invoice,,HW-CTL-SAF-E,C016
2023-10,ES01,Hardware,COGS-2023-10-00340-ES01,cogs,5000_EXTERNAL_COGS,14038.29,0.0,EXTERNAL,External cost of sales at transfer price,,HW-CTL-SAF-E,C016
2023-10,ES01,Hardware,COGS-2023-10-00340-ES01,cogs,1200_INVENTORY,0.0,14038.29,EXTERNAL,Inventory consumption,,HW-CTL-SAF-E,C016
2023-10,ES01,Hardware,VARSELL-2023-10-00340-ES01,variable_selling,5300_VARIABLE_SELLING,1272.49,0.0,EXTERNAL,Variable selling and logistics,,HW-CTL-SAF-E,C016
2023-10,ES01,Hardware,VARSELL-2023-10-00340-ES01,variable_selling,2100_AP,0.0,1272.49,EXTERNAL,Variable selling accrual,,HW-CTL-SAF-E,C016
2023-10,ES01,Hardware,OPEX-2023-10-00340-ES01,opex,6000_OPEX,642.67,0.0,EXTERNAL,Non-people operating expenses,,HW-CTL-SAF-E,C016
2023-10,ES01,Hardware,OPEX-2023-10-00340-ES01,opex,2100_AP,0.0,642.67,EXTERNAL,Non-people operating expense accrual,,HW-CTL-SAF-E,C016
2023-10,ES01,Hardware,SALE-2023-10-00341-ES01,sale,1100_AR,20761.1,0.0,EXTERNAL,External customer invoice,,HW-EDG-GTW-E,C016
2023-10,ES01,Hardware,SALE-2023-10-00341-ES01,sale,4000_EXTERNAL_REVENUE,0.0,20761.1,EXTERNAL,External customer invoice,,HW-EDG-GTW-E,C016
2023-10,ES01,Hardware,COGS-2023-10-00341-ES01,cogs,5000_EXTERNAL_COGS,17771.61,0.0,EXTERNAL,External cost of sales at transfer price,,HW-EDG-GTW-E,C016
2023-10,ES01,Hardware,COGS-2023-10-00341-ES01,cogs,1200_INVENTORY,0.0,17771.61,EXTERNAL,Inventory consumption,,HW-EDG-GTW-E,C016
2023-10,ES01,Hardware,VARSELL-2023-10-00341-ES01,variable_selling,5300_VARIABLE_SELLING,1233.21,0.0,EXTERNAL,Variable selling and logistics,,HW-EDG-GTW-E,C016
2023-10,ES01,Hardware,VARSELL-2023-10-00341-ES01,variable_selling,2100_AP,0.0,1233.21,EXTERNAL,Variable selling accrual,,HW-EDG-GTW-E,C016
2023-10,ES01,Hardware,OPEX-2023-10-00341-ES01,opex,6000_OPEX,622.83,0.0,EXTERNAL,Non-people operating expenses,,HW-EDG-GTW-E,C016
2023-10,ES01,Hardware,OPEX-2023-10-00341-ES01,opex,2100_AP,0.0,622.83,EXTERNAL,Non-people operating expense accrual,,HW-EDG-GTW-E,C016
2023-10,ES01,Hardware,SALE-2023-10-00342-ES01,sale,1100_AR,26616.8,0.0,EXTERNAL,External customer invoice,,HW-EDG-GTW-P,C016
2023-10,ES01,Hardware,SALE-2023-10-00342-ES01,sale,4000_EXTERNAL_REVENUE,0.0,26616.8,EXTERNAL,External customer invoice,,HW-EDG-GTW-P,C016
2023-10,ES01,Hardware,COGS-2023-10-00342-ES01,cogs,5000_EXTERNAL_COGS,18695.42,0.0,EXTERNAL,External cost of sales at transfer price,,HW-EDG-GTW-P,C016
2023-10,ES01,Hardware,COGS-2023-10-00342-ES01,cogs,1200_INVENTORY,0.0,18695.42,EXTERNAL,Inventory consumption,,HW-EDG-GTW-P,C016
2023-10,ES01,Hardware,VARSELL-2023-10-00342-ES01,variable_selling,5300_VARIABLE_SELLING,1463.92,0.0,EXTERNAL,Variable selling and logistics,,HW-EDG-GTW-P,C016
2023-10,ES01,Hardware,VARSELL-2023-10-00342-ES01,variable_selling,2100_AP,0.0,1463.92,EXTERNAL,Variable selling accrual,,HW-EDG-GTW-P,C016
2023-10,ES01,Hardware,OPEX-2023-10-00342-ES01,opex,6000_OPEX,798.5,0.0,EXTERNAL,Non-people operating expenses,,HW-EDG-GTW-P,C016
2023-10,ES01,Hardware,OPEX-2023-10-00342-ES01,opex,2100_AP,0.0,798.5,EXTERNAL,Non-people operating expense accrual,,HW-EDG-GTW-P,C016
2023-10,ES01,Hardware,SALE-2023-10-00343-ES01,sale,1100_AR,22259.33,0.0,EXTERNAL,External customer invoice,,HW-EDG-SEC-E,C016
2023-10,ES01,Hardware,SALE-2023-10-00343-ES01,sale,4000_EXTERNAL_REVENUE,0.0,22259.33,EXTERNAL,External customer invoice,,HW-EDG-SEC-E,C016
2023-10,ES01,Hardware,COGS-2023-10-00343-ES01,cogs,5000_EXTERNAL_COGS,13714.69,0.0,EXTERNAL,External cost of sales at transfer price,,HW-EDG-SEC-E,C016
2023-10,ES01,Hardware,COGS-2023-10-00343-ES01,cogs,1200_INVENTORY,0.0,13714.69,EXTERNAL,Inventory consumption,,HW-EDG-SEC-E,C016
2023-10,ES01,Hardware,VARSELL-2023-10-00343-ES01,variable_selling,5300_VARIABLE_SELLING,1322.2,0.0,EXTERNAL,Variable selling and logistics,,HW-EDG-SEC-E,C016
2023-10,ES01,Hardware,VARSELL-2023-10-00343-ES01,variable_selling,2100_AP,0.0,1322.2,EXTERNAL,Variable selling accrual,,HW-EDG-SEC-E,C016
2023-10,ES01,Hardware,OPEX-2023-10-00343-ES01,opex,6000_OPEX,667.78,0.0,EXTERNAL,Non-people operating expenses,,HW-EDG-SEC-E,C016
2023-10,ES01,Hardware,OPEX-2023-10-00343-ES01,opex,2100_AP,0.0,667.78,EXTERNAL,Non-people operating expense accrual,,HW-EDG-SEC-E,C016
2023-10,ES01,Hardware,SALE-2023-10-00344-ES01,sale,1100_AR,23757.55,0.0,EXTERNAL,External customer invoice,,HW-EDG-CMP-E,C016
2023-10,ES01,Hardware,SALE-2023-10-00344-ES01,sale,4000_EXTERNAL_REVENUE,0.0,23757.55,EXTERNAL,External customer invoice,,HW-EDG-CMP-E,C016
2023-10,ES01,Hardware,COGS-2023-10-00344-ES01,cogs,5000_EXTERNAL_COGS,15103.2,0.0,EXTERNAL,External cost of sales at transfer price,,HW-EDG-CMP-E,C016
2023-10,ES01,Hardware,COGS-2023-10-00344-ES01,cogs,1200_INVENTORY,0.0,15103.2,EXTERNAL,Inventory consumption,,HW-EDG-CMP-E,C016
2023-10,ES01,Hardware,VARSELL-2023-10-00344-ES01,variable_selling,5300_VARIABLE_SELLING,1411.2,0.0,EXTERNAL,Variable selling and logistics,,HW-EDG-CMP-E,C016
2023-10,ES01,Hardware,VARSELL-2023-10-00344-ES01,variable_selling,2100_AP,0.0,1411.2,EXTERNAL,Variable selling accrual,,HW-EDG-CMP-E,C016
2023-10,ES01,Hardware,OPEX-2023-10-00344-ES01,opex,6000_OPEX,712.73,0.0,EXTERNAL,Non-people operating expenses,,HW-EDG-CMP-E,C016
2023-10,ES01,Hardware,OPEX-2023-10-00344-ES01,opex,2100_AP,0.0,712.73,EXTERNAL,Non-people operating expense accrual,,HW-EDG-CMP-E,C016
2023-10,ES01,Hardware,SALE-2023-10-00345-ES01,sale,1100_AR,25255.78,0.0,EXTERNAL,External customer invoice,,HW-EDG-AI-E,C016
2023-10,ES01,Hardware,SALE-2023-10-00345-ES01,sale,4000_EXTERNAL_REVENUE,0.0,25255.78,EXTERNAL,External customer invoice,,HW-EDG-AI-E,C016
2023-10,ES01,Hardware,COGS-2023-10-00345-ES01,cogs,5000_EXTERNAL_COGS,16550.4,0.0,EXTERNAL,External cost of sales at transfer price,,HW-EDG-AI-E,C016
2023-10,ES01,Hardware,COGS-2023-10-00345-ES01,cogs,1200_INVENTORY,0.0,16550.4,EXTERNAL,Inventory consumption,,HW-EDG-AI-E,C016
2023-10,ES01,Hardware,VARSELL-2023-10-00345-ES01,variable_selling,5300_VARIABLE_SELLING,1500.19,0.0,EXTERNAL,Variable selling and logistics,,HW-EDG-AI-E,C016
2023-10,ES01,Hardware,VARSELL-2023-10-00345-ES01,variable_selling,2100_AP,0.0,1500.19,EXTERNAL,Variable selling accrual,,HW-EDG-AI-E,C016
2023-10,ES01,Hardware,OPEX-2023-10-00345-ES01,opex,6000_OPEX,757.67,0.0,EXTERNAL,Non-people operating expenses,,HW-EDG-AI-E,C016
2023-10,ES01,Hardware,OPEX-2023-10-00345-ES01,opex,2100_AP,0.0,757.67,EXTERNAL,Non-people operating expense accrual,,HW-EDG-AI-E,C016
2023-10,ES01,Hardware,SALE-2023-10-00346-ES01,sale,1100_AR,16312.3,0.0,EXTERNAL,External customer invoice,,HW-TRM-FIX-E,C016
2023-10,ES01,Hardware,SALE-2023-10-00346-ES01,sale,4000_EXTERNAL_REVENUE,0.0,16312.3,EXTERNAL,External customer invoice,,HW-TRM-FIX-E,C016
2023-10,ES01,Hardware,COGS-2023-10-00346-ES01,cogs,5000_EXTERNAL_COGS,9730.98,0.0,EXTERNAL,External cost of sales at transfer price,,HW-TRM-FIX-E,C016
2023-10,ES01,Hardware,COGS-2023-10-00346-ES01,cogs,1200_INVENTORY,0.0,9730.98,EXTERNAL,Inventory consumption,,HW-TRM-FIX-E,C016
2023-10,ES01,Hardware,VARSELL-2023-10-00346-ES01,variable_selling,5300_VARIABLE_SELLING,968.95,0.0,EXTERNAL,Variable selling and logistics,,HW-TRM-FIX-E,C016
2023-10,ES01,Hardware,VARSELL-2023-10-00346-ES01,variable_selling,2100_AP,0.0,968.95,EXTERNAL,Variable selling accrual,,HW-TRM-FIX-E,C016
2023-10,ES01,Hardware,OPEX-2023-10-00346-ES01,opex,6000_OPEX,489.37,0.0,EXTERNAL,Non-people operating expenses,,HW-TRM-FIX-E,C016
2023-10,ES01,Hardware,OPEX-2023-10-00346-ES01,opex,2100_AP,0.0,489.37,EXTERNAL,Non-people operating expense accrual,,HW-TRM-FIX-E,C016
2023-10,ES01,Hardware,SALE-2023-10-00347-ES01,sale,1100_AR,18666.65,0.0,EXTERNAL,External customer invoice,,HW-TRM-MOB-E,C016
2023-10,ES01,Hardware,SALE-2023-10-00347-ES01,sale,4000_EXTERNAL_REVENUE,0.0,18666.65,EXTERNAL,External customer invoice,,HW-TRM-MOB-E,C016
2023-10,ES01,Hardware,COGS-2023-10-00347-ES01,cogs,5000_EXTERNAL_COGS,11866.8,0.0,EXTERNAL,External cost of sales at transfer price,,HW-TRM-MOB-E,C016
2023-10,ES01,Hardware,COGS-2023-10-00347-ES01,cogs,1200_INVENTORY,0.0,11866.8,EXTERNAL,Inventory consumption,,HW-TRM-MOB-E,C016
2023-10,ES01,Hardware,VARSELL-2023-10-00347-ES01,variable_selling,5300_VARIABLE_SELLING,1108.8,0.0,EXTERNAL,Variable selling and logistics,,HW-TRM-MOB-E,C016
2023-10,ES01,Hardware,VARSELL-2023-10-00347-ES01,variable_selling,2100_AP,0.0,1108.8,EXTERNAL,Variable selling accrual,,HW-TRM-MOB-E,C016
2023-10,ES01,Hardware,OPEX-2023-10-00347-ES01,opex,6000_OPEX,560.0,0.0,EXTERNAL,Non-people operating expenses,,HW-TRM-MOB-E,C016
2023-10,ES01,Hardware,OPEX-2023-10-00347-ES01,opex,2100_AP,0.0,560.0,EXTERNAL,Non-people operating expense accrual,,HW-TRM-MOB-E,C016
2023-10,ES01,Hardware,SALE-2023-10-00348-ES01,sale,1100_AR,23931.6,0.0,EXTERNAL,External customer invoice,,HW-TRM-MOB-P,C016
2023-10,ES01,Hardware,SALE-2023-10-00348-ES01,sale,4000_EXTERNAL_REVENUE,0.0,23931.6,EXTERNAL,External customer invoice,,HW-TRM-MOB-P,C016
2023-10,ES01,Hardware,COGS-2023-10-00348-ES01,cogs,5000_EXTERNAL_COGS,17925.57,0.0,EXTERNAL,External cost of sales at transfer price,,HW-TRM-MOB-P,C016
2023-10,ES01,Hardware,COGS-2023-10-00348-ES01,cogs,1200_INVENTORY,0.0,17925.57,EXTERNAL,Inventory consumption,,HW-TRM-MOB-P,C016
2023-10,ES01,Hardware,VARSELL-2023-10-00348-ES01,variable_selling,5300_VARIABLE_SELLING,1316.24,0.0,EXTERNAL,Variable selling and logistics,,HW-TRM-MOB-P,C016
2023-10,ES01,Hardware,VARSELL-2023-10-00348-ES01,variable_selling,2100_AP,0.0,1316.24,EXTERNAL,Variable selling accrual,,HW-TRM-MOB-P,C016
2023-10,ES01,Hardware,OPEX-2023-10-00348-ES01,opex,6000_OPEX,717.95,0.0,EXTERNAL,Non-people operating expenses,,HW-TRM-MOB-P,C016
2023-10,ES01,Hardware,OPEX-2023-10-00348-ES01,opex,2100_AP,0.0,717.95,EXTERNAL,Non-people operating expense accrual,,HW-TRM-MOB-P,C016
2023-10,ES01,Hardware,SALE-2023-10-00349-ES01,sale,1100_AR,24240.3,0.0,EXTERNAL,External customer invoice,,HW-NET-ACC-P,C016
2023-10,ES01,Hardware,SALE-2023-10-00349-ES01,sale,4000_EXTERNAL_REVENUE,0.0,24240.3,EXTERNAL,External customer invoice,,HW-NET-ACC-P,C016
2023-10,ES01,Hardware,COGS-2023-10-00349-ES01,cogs,5000_EXTERNAL_COGS,17026.18,0.0,EXTERNAL,External cost of sales at transfer price,,HW-NET-ACC-P,C016
2023-10,ES01,Hardware,COGS-2023-10-00349-ES01,cogs,1200_INVENTORY,0.0,17026.18,EXTERNAL,Inventory consumption,,HW-NET-ACC-P,C016
2023-10,ES01,Hardware,VARSELL-2023-10-00349-ES01,variable_selling,5300_VARIABLE_SELLING,1333.22,0.0,EXTERNAL,Variable selling and logistics,,HW-NET-ACC-P,C016
2023-10,ES01,Hardware,VARSELL-2023-10-00349-ES01,variable_selling,2100_AP,0.0,1333.22,EXTERNAL,Variable selling accrual,,HW-NET-ACC-P,C016
2023-10,ES01,Hardware,OPEX-2023-10-00349-ES01,opex,6000_OPEX,727.21,0.0,EXTERNAL,Non-people operating expenses,,HW-NET-ACC-P,C016
2023-10,ES01,Hardware,OPEX-2023-10-00349-ES01,opex,2100_AP,0.0,727.21,EXTERNAL,Non-people operating expense accrual,,HW-NET-ACC-P,C016
2023-10,ES01,Hardware,SALE-2023-10-00350-ES01,sale,1100_AR,13346.42,0.0,EXTERNAL,External customer invoice,,HW-SEN-RFID-E,C016
2023-10,ES01,Hardware,SALE-2023-10-00350-ES01,sale,4000_EXTERNAL_REVENUE,0.0,13346.42,EXTERNAL,External customer invoice,,HW-SEN-RFID-E,C016
2023-10,ES01,Hardware,COGS-2023-10-00350-ES01,cogs,5000_EXTERNAL_COGS,7961.72,0.0,EXTERNAL,External cost of sales at transfer price,,HW-SEN-RFID-E,C016
2023-10,ES01,Hardware,COGS-2023-10-00350-ES01,cogs,1200_INVENTORY,0.0,7961.72,EXTERNAL,Inventory consumption,,HW-SEN-RFID-E,C016
2023-10,ES01,Hardware,VARSELL-2023-10-00350-ES01,variable_selling,5300_VARIABLE_SELLING,792.78,0.0,EXTERNAL,Variable selling and logistics,,HW-SEN-RFID-E,C016
2023-10,ES01,Hardware,VARSELL-2023-10-00350-ES01,variable_selling,2100_AP,0.0,792.78,EXTERNAL,Variable selling accrual,,HW-SEN-RFID-E,C016
2023-10,ES01,Hardware,OPEX-2023-10-00350-ES01,opex,6000_OPEX,400.39,0.0,EXTERNAL,Non-people operating expenses,,HW-SEN-RFID-E,C016
2023-10,ES01,Hardware,OPEX-2023-10-00350-ES01,opex,2100_AP,0.0,400.39,EXTERNAL,Non-people operating expense accrual,,HW-SEN-RFID-E,C016
2023-10,ES01,Hardware,SALE-2023-10-00351-ES01,sale,1100_AR,14309.57,0.0,EXTERNAL,External customer invoice,,HW-SEN-BIO-E,C016
2023-10,ES01,Hardware,SALE-2023-10-00351-ES01,sale,4000_EXTERNAL_REVENUE,0.0,14309.57,EXTERNAL,External customer invoice,,HW-SEN-BIO-E,C016
2023-10,ES01,Hardware,COGS-2023-10-00351-ES01,cogs,5000_EXTERNAL_COGS,8816.59,0.0,EXTERNAL,External cost of sales at transfer price,,HW-SEN-BIO-E,C016
2023-10,ES01,Hardware,COGS-2023-10-00351-ES01,cogs,1200_INVENTORY,0.0,8816.59,EXTERNAL,Inventory consumption,,HW-SEN-BIO-E,C016
2023-10,ES01,Hardware,VARSELL-2023-10-00351-ES01,variable_selling,5300_VARIABLE_SELLING,849.99,0.0,EXTERNAL,Variable selling and logistics,,HW-SEN-BIO-E,C016
2023-10,ES01,Hardware,VARSELL-2023-10-00351-ES01,variable_selling,2100_AP,0.0,849.99,EXTERNAL,Variable selling accrual,,HW-SEN-BIO-E,C016
2023-10,ES01,Hardware,OPEX-2023-10-00351-ES01,opex,6000_OPEX,429.29,0.0,EXTERNAL,Non-people operating expenses,,HW-SEN-BIO-E,C016
2023-10,ES01,Hardware,OPEX-2023-10-00351-ES01,opex,2100_AP,0.0,429.29,EXTERNAL,Non-people operating expense accrual,,HW-SEN-BIO-E,C016
2023-10,ES01,Hardware,SALE-2023-10-00352-ES01,sale,1100_AR,17609.87,0.0,EXTERNAL,External customer invoice,,HW-CTL-MCU-E,C017
2023-10,ES01,Hardware,SALE-2023-10-00352-ES01,sale,4000_EXTERNAL_REVENUE,0.0,17609.87,EXTERNAL,External customer invoice,,HW-CTL-MCU-E,C017
2023-10,ES01,Hardware,COGS-2023-10-00352-ES01,cogs,5000_EXTERNAL_COGS,15074.13,0.0,EXTERNAL,External cost of sales at transfer price,,HW-CTL-MCU-E,C017
2023-10,ES01,Hardware,COGS-2023-10-00352-ES01,cogs,1200_INVENTORY,0.0,15074.13,EXTERNAL,Inventory consumption,,HW-CTL-MCU-E,C017
2023-10,ES01,Hardware,VARSELL-2023-10-00352-ES01,variable_selling,5300_VARIABLE_SELLING,1046.03,0.0,EXTERNAL,Variable selling and logistics,,HW-CTL-MCU-E,C017
2023-10,ES01,Hardware,VARSELL-2023-10-00352-ES01,variable_selling,2100_AP,0.0,1046.03,EXTERNAL,Variable selling accrual,,HW-CTL-MCU-E,C017
2023-10,ES01,Hardware,OPEX-2023-10-00352-ES01,opex,6000_OPEX,528.3,0.0,EXTERNAL,Non-people operating expenses,,HW-CTL-MCU-E,C017
2023-10,ES01,Hardware,OPEX-2023-10-00352-ES01,opex,2100_AP,0.0,528.3,EXTERNAL,Non-people operating expense accrual,,HW-CTL-MCU-E,C017
2023-10,ES01,Hardware,SALE-2023-10-00353-ES01,sale,1100_AR,33413.59,0.0,EXTERNAL,External customer invoice,,HW-CTL-MCU-X,C017
2023-10,ES01,Hardware,SALE-2023-10-00353-ES01,sale,4000_EXTERNAL_REVENUE,0.0,33413.59,EXTERNAL,External customer invoice,,HW-CTL-MCU-X,C017
2023-10,ES01,Hardware,COGS-2023-10-00353-ES01,cogs,5000_EXTERNAL_COGS,28394.52,0.0,EXTERNAL,External cost of sales at transfer price,,HW-CTL-MCU-X,C017
2023-10,ES01,Hardware,COGS-2023-10-00353-ES01,cogs,1200_INVENTORY,0.0,28394.52,EXTERNAL,Inventory consumption,,HW-CTL-MCU-X,C017
2023-10,ES01,Hardware,VARSELL-2023-10-00353-ES01,variable_selling,5300_VARIABLE_SELLING,1690.73,0.0,EXTERNAL,Variable selling and logistics,,HW-CTL-MCU-X,C017
2023-10,ES01,Hardware,VARSELL-2023-10-00353-ES01,variable_selling,2100_AP,0.0,1690.73,EXTERNAL,Variable selling accrual,,HW-CTL-MCU-X,C017
2023-10,ES01,Hardware,OPEX-2023-10-00353-ES01,opex,6000_OPEX,1002.41,0.0,EXTERNAL,Non-people operating expenses,,HW-CTL-MCU-X,C017
2023-10,ES01,Hardware,OPEX-2023-10-00353-ES01,opex,2100_AP,0.0,1002.41,EXTERNAL,Non-people operating expense accrual,,HW-CTL-MCU-X,C017
2023-10,ES01,Hardware,SALE-2023-10-00354-ES01,sale,1100_AR,18880.68,0.0,EXTERNAL,External customer invoice,,HW-CTL-RCK-E,C017
2023-10,ES01,Hardware,SALE-2023-10-00354-ES01,sale,4000_EXTERNAL_REVENUE,0.0,18880.68,EXTERNAL,External customer invoice,,HW-CTL-RCK-E,C017
2023-10,ES01,Hardware,COGS-2023-10-00354-ES01,cogs,5000_EXTERNAL_COGS,11633.0,0.0,EXTERNAL,External cost of sales at transfer price,,HW-CTL-RCK-E,C017
2023-10,ES01,Hardware,COGS-2023-10-00354-ES01,cogs,1200_INVENTORY,0.0,11633.0,EXTERNAL,Inventory consumption,,HW-CTL-RCK-E,C017
2023-10,ES01,Hardware,VARSELL-2023-10-00354-ES01,variable_selling,5300_VARIABLE_SELLING,1121.51,0.0,EXTERNAL,Variable selling and logistics,,HW-CTL-RCK-E,C017
2023-10,ES01,Hardware,VARSELL-2023-10-00354-ES01,variable_selling,2100_AP,0.0,1121.51,EXTERNAL,Variable selling accrual,,HW-CTL-RCK-E,C017
2023-10,ES01,Hardware,OPEX-2023-10-00354-ES01,opex,6000_OPEX,566.42,0.0,EXTERNAL,Non-people operating expenses,,HW-CTL-RCK-E,C017
2023-10,ES01,Hardware,OPEX-2023-10-00354-ES01,opex,2100_AP,0.0,566.42,EXTERNAL,Non-people operating expense accrual,,HW-CTL-RCK-E,C017
2023-10,ES01,Hardware,SALE-2023-10-00355-ES01,sale,1100_AR,24206.0,0.0,EXTERNAL,External customer invoice,,HW-CTL-RCK-P,C017
2023-10,ES01,Hardware,SALE-2023-10-00355-ES01,sale,4000_EXTERNAL_REVENUE,0.0,24206.0,EXTERNAL,External customer invoice,,HW-CTL-RCK-P,C017
2023-10,ES01,Hardware,COGS-2023-10-00355-ES01,cogs,5000_EXTERNAL_COGS,17566.6,0.0,EXTERNAL,External cost of sales at transfer price,,HW-CTL-RCK-P,C017
2023-10,ES01,Hardware,COGS-2023-10-00355-ES01,cogs,1200_INVENTORY,0.0,17566.6,EXTERNAL,Inventory consumption,,HW-CTL-RCK-P,C017
2023-10,ES01,Hardware,VARSELL-2023-10-00355-ES01,variable_selling,5300_VARIABLE_SELLING,1331.33,0.0,EXTERNAL,Variable selling and logistics,,HW-CTL-RCK-P,C017
2023-10,ES01,Hardware,VARSELL-2023-10-00355-ES01,variable_selling,2100_AP,0.0,1331.33,EXTERNAL,Variable selling accrual,,HW-CTL-RCK-P,C017
2023-10,ES01,Hardware,OPEX-2023-10-00355-ES01,opex,6000_OPEX,726.18,0.0,EXTERNAL,Non-people operating expenses,,HW-CTL-RCK-P,C017
2023-10,ES01,Hardware,OPEX-2023-10-00355-ES01,opex,2100_AP,0.0,726.18,EXTERNAL,Non-people operating expense accrual,,HW-CTL-RCK-P,C017
2023-10,ES01,Hardware,SALE-2023-10-00356-ES01,sale,1100_AR,27464.5,0.0,EXTERNAL,External customer invoice,,HW-CTL-SAF-P,C017
2023-10,ES01,Hardware,SALE-2023-10-00356-ES01,sale,4000_EXTERNAL_REVENUE,0.0,27464.5,EXTERNAL,External customer invoice,,HW-CTL-SAF-P,C017
2023-10,ES01,Hardware,COGS-2023-10-00356-ES01,cogs,5000_EXTERNAL_COGS,21212.33,0.0,EXTERNAL,External cost of sales at transfer price,,HW-CTL-SAF-P,C017
2023-10,ES01,Hardware,COGS-2023-10-00356-ES01,cogs,1200_INVENTORY,0.0,21212.33,EXTERNAL,Inventory consumption,,HW-CTL-SAF-P,C017
2023-10,ES01,Hardware,VARSELL-2023-10-00356-ES01,variable_selling,5300_VARIABLE_SELLING,1510.55,0.0,EXTERNAL,Variable selling and logistics,,HW-CTL-SAF-P,C017
2023-10,ES01,Hardware,VARSELL-2023-10-00356-ES01,variable_selling,2100_AP,0.0,1510.55,EXTERNAL,Variable selling accrual,,HW-CTL-SAF-P,C017
2023-10,ES01,Hardware,OPEX-2023-10-00356-ES01,opex,6000_OPEX,823.93,0.0,EXTERNAL,Non-people operating expenses,,HW-CTL-SAF-P,C017
2023-10,ES01,Hardware,OPEX-2023-10-00356-ES01,opex,2100_AP,0.0,823.93,EXTERNAL,Non-people operating expense accrual,,HW-CTL-SAF-P,C017
2023-10,ES01,Hardware,SALE-2023-10-00357-ES01,sale,1100_AR,20761.1,0.0,EXTERNAL,External customer invoice,,HW-EDG-GTW-E,C017
2023-10,ES01,Hardware,SALE-2023-10-00357-ES01,sale,4000_EXTERNAL_REVENUE,0.0,20761.1,EXTERNAL,External customer invoice,,HW-EDG-GTW-E,C017
2023-10,ES01,Hardware,COGS-2023-10-00357-ES01,cogs,5000_EXTERNAL_COGS,17771.61,0.0,EXTERNAL,External cost of sales at transfer price,,HW-EDG-GTW-E,C017
2023-10,ES01,Hardware,COGS-2023-10-00357-ES01,cogs,1200_INVENTORY,0.0,17771.61,EXTERNAL,Inventory consumption,,HW-EDG-GTW-E,C017
2023-10,ES01,Hardware,VARSELL-2023-10-00357-ES01,variable_selling,5300_VARIABLE_SELLING,1233.21,0.0,EXTERNAL,Variable selling and logistics,,HW-EDG-GTW-E,C017
2023-10,ES01,Hardware,VARSELL-2023-10-00357-ES01,variable_selling,2100_AP,0.0,1233.21,EXTERNAL,Variable selling accrual,,HW-EDG-GTW-E,C017
2023-10,ES01,Hardware,OPEX-2023-10-00357-ES01,opex,6000_OPEX,622.83,0.0,EXTERNAL,Non-people operating expenses,,HW-EDG-GTW-E,C017
2023-10,ES01,Hardware,OPEX-2023-10-00357-ES01,opex,2100_AP,0.0,622.83,EXTERNAL,Non-people operating expense accrual,,HW-EDG-GTW-E,C017
2023-10,ES01,Hardware,SALE-2023-10-00358-ES01,sale,1100_AR,26616.8,0.0,EXTERNAL,External customer invoice,,HW-EDG-GTW-P,C017
2023-10,ES01,Hardware,SALE-2023-10-00358-ES01,sale,4000_EXTERNAL_REVENUE,0.0,26616.8,EXTERNAL,External customer invoice,,HW-EDG-GTW-P,C017
2023-10,ES01,Hardware,COGS-2023-10-00358-ES01,cogs,5000_EXTERNAL_COGS,18695.42,0.0,EXTERNAL,External cost of sales at transfer price,,HW-EDG-GTW-P,C017
2023-10,ES01,Hardware,COGS-2023-10-00358-ES01,cogs,1200_INVENTORY,0.0,18695.42,EXTERNAL,Inventory consumption,,HW-EDG-GTW-P,C017
2023-10,ES01,Hardware,VARSELL-2023-10-00358-ES01,variable_selling,5300_VARIABLE_SELLING,1463.92,0.0,EXTERNAL,Variable selling and logistics,,HW-EDG-GTW-P,C017
2023-10,ES01,Hardware,VARSELL-2023-10-00358-ES01,variable_selling,2100_AP,0.0,1463.92,EXTERNAL,Variable selling accrual,,HW-EDG-GTW-P,C017
2023-10,ES01,Hardware,OPEX-2023-10-00358-ES01,opex,6000_OPEX,798.5,0.0,EXTERNAL,Non-people operating expenses,,HW-EDG-GTW-P,C017
2023-10,ES01,Hardware,OPEX-2023-10-00358-ES01,opex,2100_AP,0.0,798.5,EXTERNAL,Non-people operating expense accrual,,HW-EDG-GTW-P,C017
2023-10,ES01,Hardware,SALE-2023-10-00359-ES01,sale,1100_AR,39392.86,0.0,EXTERNAL,External customer invoice,,HW-EDG-GTW-X,C017
2023-10,ES01,Hardware,SALE-2023-10-00359-ES01,sale,4000_EXTERNAL_REVENUE,0.0,39392.86,EXTERNAL,External customer invoice,,HW-EDG-GTW-X,C017
2023-10,ES01,Hardware,COGS-2023-10-00359-ES01,cogs,5000_EXTERNAL_COGS,33475.65,0.0,EXTERNAL,External cost of sales at transfer price,,HW-EDG-GTW-X,C017
2023-10,ES01,Hardware,COGS-2023-10-00359-ES01,cogs,1200_INVENTORY,0.0,33475.65,EXTERNAL,Inventory consumption,,HW-EDG-GTW-X,C017
2023-10,ES01,Hardware,VARSELL-2023-10-00359-ES01,variable_selling,5300_VARIABLE_SELLING,1993.28,0.0,EXTERNAL,Variable selling and logistics,,HW-EDG-GTW-X,C017
2023-10,ES01,Hardware,VARSELL-2023-10-00359-ES01,variable_selling,2100_AP,0.0,1993.28,EXTERNAL,Variable selling accrual,,HW-EDG-GTW-X,C017
2023-10,ES01,Hardware,OPEX-2023-10-00359-ES01,opex,6000_OPEX,1181.79,0.0,EXTERNAL,Non-people operating expenses,,HW-EDG-GTW-X,C017
2023-10,ES01,Hardware,OPEX-2023-10-00359-ES01,opex,2100_AP,0.0,1181.79,EXTERNAL,Non-people operating expense accrual,,HW-EDG-GTW-X,C017
2023-10,ES01,Hardware,SALE-2023-10-00360-ES01,sale,1100_AR,28537.6,0.0,EXTERNAL,External customer invoice,,HW-EDG-SEC-P,C017
2023-10,ES01,Hardware,SALE-2023-10-00360-ES01,sale,4000_EXTERNAL_REVENUE,0.0,28537.6,EXTERNAL,External customer invoice,,HW-EDG-SEC-P,C017
2023-10,ES01,Hardware,COGS-2023-10-00360-ES01,cogs,5000_EXTERNAL_COGS,20710.09,0.0,EXTERNAL,External cost of sales at transfer price,,HW-EDG-SEC-P,C017
2023-10,ES01,Hardware,COGS-2023-10-00360-ES01,cogs,1200_INVENTORY,0.0,20710.09,EXTERNAL,Inventory consumption,,HW-EDG-SEC-P,C017
2023-10,ES01,Hardware,VARSELL-2023-10-00360-ES01,variable_selling,5300_VARIABLE_SELLING,1569.57,0.0,EXTERNAL,Variable selling and logistics,,HW-EDG-SEC-P,C017
2023-10,ES01,Hardware,VARSELL-2023-10-00360-ES01,variable_selling,2100_AP,0.0,1569.57,EXTERNAL,Variable selling accrual,,HW-EDG-SEC-P,C017
2023-10,ES01,Hardware,OPEX-2023-10-00360-ES01,opex,6000_OPEX,856.13,0.0,EXTERNAL,Non-people operating expenses,,HW-EDG-SEC-P,C017
2023-10,ES01,Hardware,OPEX-2023-10-00360-ES01,opex,2100_AP,0.0,856.13,EXTERNAL,Non-people operating expense accrual,,HW-EDG-SEC-P,C017
2023-10,ES01,Hardware,SALE-2023-10-00361-ES01,sale,1100_AR,30458.4,0.0,EXTERNAL,External customer invoice,,HW-EDG-CMP-P,C017
2023-10,ES01,Hardware,SALE-2023-10-00361-ES01,sale,4000_EXTERNAL_REVENUE,0.0,30458.4,EXTERNAL,External customer invoice,,HW-EDG-CMP-P,C017
2023-10,ES01,Hardware,COGS-2023-10-00361-ES01,cogs,5000_EXTERNAL_COGS,22814.36,0.0,EXTERNAL,External cost of sales at transfer price,,HW-EDG-CMP-P,C017
2023-10,ES01,Hardware,COGS-2023-10-00361-ES01,cogs,1200_INVENTORY,0.0,22814.36,EXTERNAL,Inventory consumption,,HW-EDG-CMP-P,C017
2023-10,ES01,Hardware,VARSELL-2023-10-00361-ES01,variable_selling,5300_VARIABLE_SELLING,1675.21,0.0,EXTERNAL,Variable selling and logistics,,HW-EDG-CMP-P,C017
2023-10,ES01,Hardware,VARSELL-2023-10-00361-ES01,variable_selling,2100_AP,0.0,1675.21,EXTERNAL,Variable selling accrual,,HW-EDG-CMP-P,C017
2023-10,ES01,Hardware,OPEX-2023-10-00361-ES01,opex,6000_OPEX,913.75,0.0,EXTERNAL,Non-people operating expenses,,HW-EDG-CMP-P,C017
2023-10,ES01,Hardware,OPEX-2023-10-00361-ES01,opex,2100_AP,0.0,913.75,EXTERNAL,Non-people operating expense accrual,,HW-EDG-CMP-P,C017
2023-10,ES01,Hardware,SALE-2023-10-00362-ES01,sale,1100_AR,25255.78,0.0,EXTERNAL,External customer invoice,,HW-EDG-AI-E,C017
2023-10,ES01,Hardware,SALE-2023-10-00362-ES01,sale,4000_EXTERNAL_REVENUE,0.0,25255.78,EXTERNAL,External customer invoice,,HW-EDG-AI-E,C017
2023-10,ES01,Hardware,COGS-2023-10-00362-ES01,cogs,5000_EXTERNAL_COGS,16550.4,0.0,EXTERNAL,External cost of sales at transfer price,,HW-EDG-AI-E,C017
2023-10,ES01,Hardware,COGS-2023-10-00362-ES01,cogs,1200_INVENTORY,0.0,16550.4,EXTERNAL,Inventory consumption,,HW-EDG-AI-E,C017
2023-10,ES01,Hardware,VARSELL-2023-10-00362-ES01,variable_selling,5300_VARIABLE_SELLING,1500.19,0.0,EXTERNAL,Variable selling and logistics,,HW-EDG-AI-E,C017
2023-10,ES01,Hardware,VARSELL-2023-10-00362-ES01,variable_selling,2100_AP,0.0,1500.19,EXTERNAL,Variable selling accrual,,HW-EDG-AI-E,C017
2023-10,ES01,Hardware,OPEX-2023-10-00362-ES01,opex,6000_OPEX,757.67,0.0,EXTERNAL,Non-people operating expenses,,HW-EDG-AI-E,C017
2023-10,ES01,Hardware,OPEX-2023-10-00362-ES01,opex,2100_AP,0.0,757.67,EXTERNAL,Non-people operating expense accrual,,HW-EDG-AI-E,C017
2023-10,ES01,Hardware,SALE-2023-10-00363-ES01,sale,1100_AR,32379.2,0.0,EXTERNAL,External customer invoice,,HW-EDG-AI-P,C017
2023-10,ES01,Hardware,SALE-2023-10-00363-ES01,sale,4000_EXTERNAL_REVENUE,0.0,32379.2,EXTERNAL,External customer invoice,,HW-EDG-AI-P,C017
2023-10,ES01,Hardware,COGS-2023-10-00363-ES01,cogs,5000_EXTERNAL_COGS,25008.22,0.0,EXTERNAL,External cost of sales at transfer price,,HW-EDG-AI-P,C017
2023-10,ES01,Hardware,COGS-2023-10-00363-ES01,cogs,1200_INVENTORY,0.0,25008.22,EXTERNAL,Inventory consumption,,HW-EDG-AI-P,C017
2023-10,ES01,Hardware,VARSELL-2023-10-00363-ES01,variable_selling,5300_VARIABLE_SELLING,1780.86,0.0,EXTERNAL,Variable selling and logistics,,HW-EDG-AI-P,C017
2023-10,ES01,Hardware,VARSELL-2023-10-00363-ES01,variable_selling,2100_AP,0.0,1780.86,EXTERNAL,Variable selling accrual,,HW-EDG-AI-P,C017
2023-10,ES01,Hardware,OPEX-2023-10-00363-ES01,opex,6000_OPEX,971.38,0.0,EXTERNAL,Non-people operating expenses,,HW-EDG-AI-P,C017
2023-10,ES01,Hardware,OPEX-2023-10-00363-ES01,opex,2100_AP,0.0,971.38,EXTERNAL,Non-people operating expense accrual,,HW-EDG-AI-P,C017
2023-10,ES01,Hardware,SALE-2023-10-00364-ES01,sale,1100_AR,16312.3,0.0,EXTERNAL,External customer invoice,,HW-TRM-FIX-E,C017
2023-10,ES01,Hardware,SALE-2023-10-00364-ES01,sale,4000_EXTERNAL_REVENUE,0.0,16312.3,EXTERNAL,External customer invoice,,HW-TRM-FIX-E,C017
2023-10,ES01,Hardware,COGS-2023-10-00364-ES01,cogs,5000_EXTERNAL_COGS,9730.98,0.0,EXTERNAL,External cost of sales at transfer price,,HW-TRM-FIX-E,C017
2023-10,ES01,Hardware,COGS-2023-10-00364-ES01,cogs,1200_INVENTORY,0.0,9730.98,EXTERNAL,Inventory consumption,,HW-TRM-FIX-E,C017
2023-10,ES01,Hardware,VARSELL-2023-10-00364-ES01,variable_selling,5300_VARIABLE_SELLING,968.95,0.0,EXTERNAL,Variable selling and logistics,,HW-TRM-FIX-E,C017
2023-10,ES01,Hardware,VARSELL-2023-10-00364-ES01,variable_selling,2100_AP,0.0,968.95,EXTERNAL,Variable selling accrual,,HW-TRM-FIX-E,C017
2023-10,ES01,Hardware,OPEX-2023-10-00364-ES01,opex,6000_OPEX,489.37,0.0,EXTERNAL,Non-people operating expenses,,HW-TRM-FIX-E,C017
2023-10,ES01,Hardware,OPEX-2023-10-00364-ES01,opex,2100_AP,0.0,489.37,EXTERNAL,Non-people operating expense accrual,,HW-TRM-FIX-E,C017
2023-10,ES01,Hardware,SALE-2023-10-00365-ES01,sale,1100_AR,20913.2,0.0,EXTERNAL,External customer invoice,,HW-TRM-FIX-P,C017
2023-10,ES01,Hardware,SALE-2023-10-00365-ES01,sale,4000_EXTERNAL_REVENUE,0.0,20913.2,EXTERNAL,External customer invoice,,HW-TRM-FIX-P,C017
2023-10,ES01,Hardware,COGS-2023-10-00365-ES01,cogs,5000_EXTERNAL_COGS,14689.25,0.0,EXTERNAL,External cost of sales at transfer price,,HW-TRM-FIX-P,C017
2023-10,ES01,Hardware,COGS-2023-10-00365-ES01,cogs,1200_INVENTORY,0.0,14689.25,EXTERNAL,Inventory consumption,,HW-TRM-FIX-P,C017
2023-10,ES01,Hardware,VARSELL-2023-10-00365-ES01,variable_selling,5300_VARIABLE_SELLING,1150.23,0.0,EXTERNAL,Variable selling and logistics,,HW-TRM-FIX-P,C017
2023-10,ES01,Hardware,VARSELL-2023-10-00365-ES01,variable_selling,2100_AP,0.0,1150.23,EXTERNAL,Variable selling accrual,,HW-TRM-FIX-P,C017
2023-10,ES01,Hardware,OPEX-2023-10-00365-ES01,opex,6000_OPEX,627.4,0.0,EXTERNAL,Non-people operating expenses,,HW-TRM-FIX-P,C017
2023-10,ES01,Hardware,OPEX-2023-10-00365-ES01,opex,2100_AP,0.0,627.4,EXTERNAL,Non-people operating expense accrual,,HW-TRM-FIX-P,C017
2023-10,ES01,Hardware,SALE-2023-10-00366-ES01,sale,1100_AR,30951.54,0.0,EXTERNAL,External customer invoice,,HW-TRM-FIX-X,C017
2023-10,ES01,Hardware,SALE-2023-10-00366-ES01,sale,4000_EXTERNAL_REVENUE,0.0,30951.54,EXTERNAL,External customer invoice,,HW-TRM-FIX-X,C017
2023-10,ES01,Hardware,COGS-2023-10-00366-ES01,cogs,5000_EXTERNAL_COGS,26302.3,0.0,EXTERNAL,External cost of sales at transfer price,,HW-TRM-FIX-X,C017
2023-10,ES01,Hardware,COGS-2023-10-00366-ES01,cogs,1200_INVENTORY,0.0,26302.3,EXTERNAL,Inventory consumption,,HW-TRM-FIX-X,C017
2023-10,ES01,Hardware,VARSELL-2023-10-00366-ES01,variable_selling,5300_VARIABLE_SELLING,1566.15,0.0,EXTERNAL,Variable selling and logistics,,HW-TRM-FIX-X,C017
2023-10,ES01,Hardware,VARSELL-2023-10-00366-ES01,variable_selling,2100_AP,0.0,1566.15,EXTERNAL,Variable selling accrual,,HW-TRM-FIX-X,C017
2023-10,ES01,Hardware,OPEX-2023-10-00366-ES01,opex,6000_OPEX,928.55,0.0,EXTERNAL,Non-people operating expenses,,HW-TRM-FIX-X,C017
2023-10,ES01,Hardware,OPEX-2023-10-00366-ES01,opex,2100_AP,0.0,928.55,EXTERNAL,Non-people operating expense accrual,,HW-TRM-FIX-X,C017
2023-10,ES01,Hardware,SALE-2023-10-00367-ES01,sale,1100_AR,22422.4,0.0,EXTERNAL,External customer invoice,,HW-TRM-KSK-P,C017
2023-10,ES01,Hardware,SALE-2023-10-00367-ES01,sale,4000_EXTERNAL_REVENUE,0.0,22422.4,EXTERNAL,External customer invoice,,HW-TRM-KSK-P,C017
2023-10,ES01,Hardware,COGS-2023-10-00367-ES01,cogs,5000_EXTERNAL_COGS,16272.21,0.0,EXTERNAL,External cost of sales at transfer price,,HW-TRM-KSK-P,C017
2023-10,ES01,Hardware,COGS-2023-10-00367-ES01,cogs,1200_INVENTORY,0.0,16272.21,EXTERNAL,Inventory consumption,,HW-TRM-KSK-P,C017
2023-10,ES01,Hardware,VARSELL-2023-10-00367-ES01,variable_selling,5300_VARIABLE_SELLING,1233.23,0.0,EXTERNAL,Variable selling and logistics,,HW-TRM-KSK-P,C017
2023-10,ES01,Hardware,VARSELL-2023-10-00367-ES01,variable_selling,2100_AP,0.0,1233.23,EXTERNAL,Variable selling accrual,,HW-TRM-KSK-P,C017
2023-10,ES01,Hardware,OPEX-2023-10-00367-ES01,opex,6000_OPEX,672.67,0.0,EXTERNAL,Non-people operating expenses,,HW-TRM-KSK-P,C017
2023-10,ES01,Hardware,OPEX-2023-10-00367-ES01,opex,2100_AP,0.0,672.67,EXTERNAL,Non-people operating expense accrual,,HW-TRM-KSK-P,C017
2023-10,ES01,Hardware,SALE-2023-10-00368-ES01,sale,1100_AR,18666.65,0.0,EXTERNAL,External customer invoice,,HW-TRM-MOB-E,C017
2023-10,ES01,Hardware,SALE-2023-10-00368-ES01,sale,4000_EXTERNAL_REVENUE,0.0,18666.65,EXTERNAL,External customer invoice,,HW-TRM-MOB-E,C017
2023-10,ES01,Hardware,COGS-2023-10-00368-ES01,cogs,5000_EXTERNAL_COGS,11866.8,0.0,EXTERNAL,External cost of sales at transfer price,,HW-TRM-MOB-E,C017
2023-10,ES01,Hardware,COGS-2023-10-00368-ES01,cogs,1200_INVENTORY,0.0,11866.8,EXTERNAL,Inventory consumption,,HW-TRM-MOB-E,C017
2023-10,ES01,Hardware,VARSELL-2023-10-00368-ES01,variable_selling,5300_VARIABLE_SELLING,1108.8,0.0,EXTERNAL,Variable selling and logistics,,HW-TRM-MOB-E,C017
2023-10,ES01,Hardware,VARSELL-2023-10-00368-ES01,variable_selling,2100_AP,0.0,1108.8,EXTERNAL,Variable selling accrual,,HW-TRM-MOB-E,C017
2023-10,ES01,Hardware,OPEX-2023-10-00368-ES01,opex,6000_OPEX,560.0,0.0,EXTERNAL,Non-people operating expenses,,HW-TRM-MOB-E,C017
2023-10,ES01,Hardware,OPEX-2023-10-00368-ES01,opex,2100_AP,0.0,560.0,EXTERNAL,Non-people operating expense accrual,,HW-TRM-MOB-E,C017
2023-10,ES01,Hardware,SALE-2023-10-00369-ES01,sale,1100_AR,23931.6,0.0,EXTERNAL,External customer invoice,,HW-TRM-MOB-P,C017
2023-10,ES01,Hardware,SALE-2023-10-00369-ES01,sale,4000_EXTERNAL_REVENUE,0.0,23931.6,EXTERNAL,External customer invoice,,HW-TRM-MOB-P,C017
2023-10,ES01,Hardware,COGS-2023-10-00369-ES01,cogs,5000_EXTERNAL_COGS,17925.57,0.0,EXTERNAL,External cost of sales at transfer price,,HW-TRM-MOB-P,C017
2023-10,ES01,Hardware,COGS-2023-10-00369-ES01,cogs,1200_INVENTORY,0.0,17925.57,EXTERNAL,Inventory consumption,,HW-TRM-MOB-P,C017
2023-10,ES01,Hardware,VARSELL-2023-10-00369-ES01,variable_selling,5300_VARIABLE_SELLING,1316.24,0.0,EXTERNAL,Variable selling and logistics,,HW-TRM-MOB-P,C017
2023-10,ES01,Hardware,VARSELL-2023-10-00369-ES01,variable_selling,2100_AP,0.0,1316.24,EXTERNAL,Variable selling accrual,,HW-TRM-MOB-P,C017
2023-10,ES01,Hardware,OPEX-2023-10-00369-ES01,opex,6000_OPEX,717.95,0.0,EXTERNAL,Non-people operating expenses,,HW-TRM-MOB-P,C017
2023-10,ES01,Hardware,OPEX-2023-10-00369-ES01,opex,2100_AP,0.0,717.95,EXTERNAL,Non-people operating expense accrual,,HW-TRM-MOB-P,C017
2023-10,ES01,Hardware,SALE-2023-10-00370-ES01,sale,1100_AR,35418.77,0.0,EXTERNAL,External customer invoice,,HW-TRM-MOB-X,C017
2023-10,ES01,Hardware,SALE-2023-10-00370-ES01,sale,4000_EXTERNAL_REVENUE,0.0,35418.77,EXTERNAL,External customer invoice,,HW-TRM-MOB-X,C017
2023-10,ES01,Hardware,COGS-2023-10-00370-ES01,cogs,5000_EXTERNAL_COGS,32113.95,0.0,EXTERNAL,External cost of sales at transfer price,,HW-TRM-MOB-X,C017
2023-10,ES01,Hardware,COGS-2023-10-00370-ES01,cogs,1200_INVENTORY,0.0,32113.95,EXTERNAL,Inventory consumption,,HW-TRM-MOB-X,C017
2023-10,ES01,Hardware,VARSELL-2023-10-00370-ES01,variable_selling,5300_VARIABLE_SELLING,1792.19,0.0,EXTERNAL,Variable selling and logistics,,HW-TRM-MOB-X,C017
2023-10,ES01,Hardware,VARSELL-2023-10-00370-ES01,variable_selling,2100_AP,0.0,1792.19,EXTERNAL,Variable selling accrual,,HW-TRM-MOB-X,C017
2023-10,ES01,Hardware,OPEX-2023-10-00370-ES01,opex,6000_OPEX,1062.56,0.0,EXTERNAL,Non-people operating expenses,,HW-TRM-MOB-X,C017
2023-10,ES01,Hardware,OPEX-2023-10-00370-ES01,opex,2100_AP,0.0,1062.56,EXTERNAL,Non-people operating expense accrual,,HW-TRM-MOB-X,C017
2023-10,ES01,Hardware,SALE-2023-10-00371-ES01,sale,1100_AR,19843.82,0.0,EXTERNAL,External customer invoice,,HW-TRM-RUG-E,C017
2023-10,ES01,Hardware,SALE-2023-10-00371-ES01,sale,4000_EXTERNAL_REVENUE,0.0,19843.82,EXTERNAL,External customer invoice,,HW-TRM-RUG-E,C017
2023-10,ES01,Hardware,COGS-2023-10-00371-ES01,cogs,5000_EXTERNAL_COGS,13003.89,0.0,EXTERNAL,External cost of sales at transfer price,,HW-TRM-RUG-E,C017
2023-10,ES01,Hardware,COGS-2023-10-00371-ES01,cogs,1200_INVENTORY,0.0,13003.89,EXTERNAL,Inventory consumption,,HW-TRM-RUG-E,C017
2023-10,ES01,Hardware,VARSELL-2023-10-00371-ES01,variable_selling,5300_VARIABLE_SELLING,1178.72,0.0,EXTERNAL,Variable selling and logistics,,HW-TRM-RUG-E,C017
2023-10,ES01,Hardware,VARSELL-2023-10-00371-ES01,variable_selling,2100_AP,0.0,1178.72,EXTERNAL,Variable selling accrual,,HW-TRM-RUG-E,C017
2023-10,ES01,Hardware,OPEX-2023-10-00371-ES01,opex,6000_OPEX,595.31,0.0,EXTERNAL,Non-people operating expenses,,HW-TRM-RUG-E,C017
2023-10,ES01,Hardware,OPEX-2023-10-00371-ES01,opex,2100_AP,0.0,595.31,EXTERNAL,Non-people operating expense accrual,,HW-TRM-RUG-E,C017
2023-10,ES01,Hardware,SALE-2023-10-00372-ES01,sale,1100_AR,35875.64,0.0,EXTERNAL,External customer invoice,,HW-NET-ACC-X,C017
2023-10,ES01,Hardware,SALE-2023-10-00372-ES01,sale,4000_EXTERNAL_REVENUE,0.0,35875.64,EXTERNAL,External customer invoice,,HW-NET-ACC-X,C017
2023-10,ES01,Hardware,COGS-2023-10-00372-ES01,cogs,5000_EXTERNAL_COGS,30486.76,0.0,EXTERNAL,External cost of sales at transfer price,,HW-NET-ACC-X,C017
2023-10,ES01,Hardware,COGS-2023-10-00372-ES01,cogs,1200_INVENTORY,0.0,30486.76,EXTERNAL,Inventory consumption,,HW-NET-ACC-X,C017
2023-10,ES01,Hardware,VARSELL-2023-10-00372-ES01,variable_selling,5300_VARIABLE_SELLING,1815.31,0.0,EXTERNAL,Variable selling and logistics,,HW-NET-ACC-X,C017
2023-10,ES01,Hardware,VARSELL-2023-10-00372-ES01,variable_selling,2100_AP,0.0,1815.31,EXTERNAL,Variable selling accrual,,HW-NET-ACC-X,C017
2023-10,ES01,Hardware,OPEX-2023-10-00372-ES01,opex,6000_OPEX,1076.27,0.0,EXTERNAL,Non-people operating expenses,,HW-NET-ACC-X,C017
2023-10,ES01,Hardware,OPEX-2023-10-00372-ES01,opex,2100_AP,0.0,1076.27,EXTERNAL,Non-people operating expense accrual,,HW-NET-ACC-X,C017
2023-10,ES01,Hardware,SALE-2023-10-00373-ES01,sale,1100_AR,25989.6,0.0,EXTERNAL,External customer invoice,,HW-NET-SWC-P,C017
2023-10,ES01,Hardware,SALE-2023-10-00373-ES01,sale,4000_EXTERNAL_REVENUE,0.0,25989.6,EXTERNAL,External customer invoice,,HW-NET-SWC-P,C017
2023-10,ES01,Hardware,COGS-2023-10-00373-ES01,cogs,5000_EXTERNAL_COGS,18860.98,0.0,EXTERNAL,External cost of sales at transfer price,,HW-NET-SWC-P,C017
2023-10,ES01,Hardware,COGS-2023-10-00373-ES01,cogs,1200_INVENTORY,0.0,18860.98,EXTERNAL,Inventory consumption,,HW-NET-SWC-P,C017
2023-10,ES01,Hardware,VARSELL-2023-10-00373-ES01,variable_selling,5300_VARIABLE_SELLING,1429.43,0.0,EXTERNAL,Variable selling and logistics,,HW-NET-SWC-P,C017
2023-10,ES01,Hardware,VARSELL-2023-10-00373-ES01,variable_selling,2100_AP,0.0,1429.43,EXTERNAL,Variable selling accrual,,HW-NET-SWC-P,C017
2023-10,ES01,Hardware,OPEX-2023-10-00373-ES01,opex,6000_OPEX,779.69,0.0,EXTERNAL,Non-people operating expenses,,HW-NET-SWC-P,C017
2023-10,ES01,Hardware,OPEX-2023-10-00373-ES01,opex,2100_AP,0.0,779.69,EXTERNAL,Non-people operating expense accrual,,HW-NET-SWC-P,C017
2023-10,ES01,Hardware,SALE-2023-10-00374-ES01,sale,1100_AR,21636.34,0.0,EXTERNAL,External customer invoice,,HW-NET-DST-E,C017
2023-10,ES01,Hardware,SALE-2023-10-00374-ES01,sale,4000_EXTERNAL_REVENUE,0.0,21636.34,EXTERNAL,External customer invoice,,HW-NET-DST-E,C017
2023-10,ES01,Hardware,COGS-2023-10-00374-ES01,cogs,5000_EXTERNAL_COGS,13754.7,0.0,EXTERNAL,External cost of sales at transfer price,,HW-NET-DST-E,C017
2023-10,ES01,Hardware,COGS-2023-10-00374-ES01,cogs,1200_INVENTORY,0.0,13754.7,EXTERNAL,Inventory consumption,,HW-NET-DST-E,C017
2023-10,ES01,Hardware,VARSELL-2023-10-00374-ES01,variable_selling,5300_VARIABLE_SELLING,1285.2,0.0,EXTERNAL,Variable selling and logistics,,HW-NET-DST-E,C017
2023-10,ES01,Hardware,VARSELL-2023-10-00374-ES01,variable_selling,2100_AP,0.0,1285.2,EXTERNAL,Variable selling accrual,,HW-NET-DST-E,C017
2023-10,ES01,Hardware,OPEX-2023-10-00374-ES01,opex,6000_OPEX,649.09,0.0,EXTERNAL,Non-people operating expenses,,HW-NET-DST-E,C017
2023-10,ES01,Hardware,OPEX-2023-10-00374-ES01,opex,2100_AP,0.0,649.09,EXTERNAL,Non-people operating expense accrual,,HW-NET-DST-E,C017
2023-10,ES01,Hardware,SALE-2023-10-00375-ES01,sale,1100_AR,27738.9,0.0,EXTERNAL,External customer invoice,,HW-NET-DST-P,C017
2023-10,ES01,Hardware,SALE-2023-10-00375-ES01,sale,4000_EXTERNAL_REVENUE,0.0,27738.9,EXTERNAL,External customer invoice,,HW-NET-DST-P,C017
2023-10,ES01,Hardware,COGS-2023-10-00375-ES01,cogs,5000_EXTERNAL_COGS,20777.36,0.0,EXTERNAL,External cost of sales at transfer price,,HW-NET-DST-P,C017
2023-10,ES01,Hardware,COGS-2023-10-00375-ES01,cogs,1200_INVENTORY,0.0,20777.36,EXTERNAL,Inventory consumption,,HW-NET-DST-P,C017
2023-10,ES01,Hardware,VARSELL-2023-10-00375-ES01,variable_selling,5300_VARIABLE_SELLING,1525.64,0.0,EXTERNAL,Variable selling and logistics,,HW-NET-DST-P,C017
2023-10,ES01,Hardware,VARSELL-2023-10-00375-ES01,variable_selling,2100_AP,0.0,1525.64,EXTERNAL,Variable selling accrual,,HW-NET-DST-P,C017
2023-10,ES01,Hardware,OPEX-2023-10-00375-ES01,opex,6000_OPEX,832.17,0.0,EXTERNAL,Non-people operating expenses,,HW-NET-DST-P,C017
2023-10,ES01,Hardware,OPEX-2023-10-00375-ES01,opex,2100_AP,0.0,832.17,EXTERNAL,Non-people operating expense accrual,,HW-NET-DST-P,C017
2023-10,ES01,Hardware,SALE-2023-10-00376-ES01,sale,1100_AR,23000.8,0.0,EXTERNAL,External customer invoice,,HW-NET-RTR-E,C017
2023-10,ES01,Hardware,SALE-2023-10-00376-ES01,sale,4000_EXTERNAL_REVENUE,0.0,23000.8,EXTERNAL,External customer invoice,,HW-NET-RTR-E,C017
2023-10,ES01,Hardware,COGS-2023-10-00376-ES01,cogs,5000_EXTERNAL_COGS,15072.69,0.0,EXTERNAL,External cost of sales at transfer price,,HW-NET-RTR-E,C017
2023-10,ES01,Hardware,COGS-2023-10-00376-ES01,cogs,1200_INVENTORY,0.0,15072.69,EXTERNAL,Inventory consumption,,HW-NET-RTR-E,C017
2023-10,ES01,Hardware,VARSELL-2023-10-00376-ES01,variable_selling,5300_VARIABLE_SELLING,1366.25,0.0,EXTERNAL,Variable selling and logistics,,HW-NET-RTR-E,C017
2023-10,ES01,Hardware,VARSELL-2023-10-00376-ES01,variable_selling,2100_AP,0.0,1366.25,EXTERNAL,Variable selling accrual,,HW-NET-RTR-E,C017
2023-10,ES01,Hardware,OPEX-2023-10-00376-ES01,opex,6000_OPEX,690.02,0.0,EXTERNAL,Non-people operating expenses,,HW-NET-RTR-E,C017
2023-10,ES01,Hardware,OPEX-2023-10-00376-ES01,opex,2100_AP,0.0,690.02,EXTERNAL,Non-people operating expense accrual,,HW-NET-RTR-E,C017
2023-10,ES01,Hardware,SALE-2023-10-00377-ES01,sale,1100_AR,26692.84,0.0,EXTERNAL,External customer invoice,,HW-SEN-RFID-E,C017
2023-10,ES01,Hardware,SALE-2023-10-00377-ES01,sale,4000_EXTERNAL_REVENUE,0.0,26692.84,EXTERNAL,External customer invoice,,HW-SEN-RFID-E,C017
2023-10,ES01,Hardware,COGS-2023-10-00377-ES01,cogs,5000_EXTERNAL_COGS,15923.43,0.0,EXTERNAL,External cost of sales at transfer price,,HW-SEN-RFID-E,C017
2023-10,ES01,Hardware,COGS-2023-10-00377-ES01,cogs,1200_INVENTORY,0.0,15923.43,EXTERNAL,Inventory consumption,,HW-SEN-RFID-E,C017
2023-10,ES01,Hardware,VARSELL-2023-10-00377-ES01,variable_selling,5300_VARIABLE_SELLING,1585.55,0.0,EXTERNAL,Variable selling and logistics,,HW-SEN-RFID-E,C017
2023-10,ES01,Hardware,VARSELL-2023-10-00377-ES01,variable_selling,2100_AP,0.0,1585.55,EXTERNAL,Variable selling accrual,,HW-SEN-RFID-E,C017
2023-10,ES01,Hardware,OPEX-2023-10-00377-ES01,opex,6000_OPEX,800.79,0.0,EXTERNAL,Non-people operating expenses,,HW-SEN-RFID-E,C017
2023-10,ES01,Hardware,OPEX-2023-10-00377-ES01,opex,2100_AP,0.0,800.79,EXTERNAL,Non-people operating expense accrual,,HW-SEN-RFID-E,C017
2023-10,ES01,Hardware,SALE-2023-10-00378-ES01,sale,1100_AR,17110.8,0.0,EXTERNAL,External customer invoice,,HW-SEN-RFID-P,C017
2023-10,ES01,Hardware,SALE-2023-10-00378-ES01,sale,4000_EXTERNAL_REVENUE,0.0,17110.8,EXTERNAL,External customer invoice,,HW-SEN-RFID-P,C017
2023-10,ES01,Hardware,COGS-2023-10-00378-ES01,cogs,5000_EXTERNAL_COGS,12018.48,0.0,EXTERNAL,External cost of sales at transfer price,,HW-SEN-RFID-P,C017
2023-10,ES01,Hardware,COGS-2023-10-00378-ES01,cogs,1200_INVENTORY,0.0,12018.48,EXTERNAL,Inventory consumption,,HW-SEN-RFID-P,C017
2023-10,ES01,Hardware,VARSELL-2023-10-00378-ES01,variable_selling,5300_VARIABLE_SELLING,941.09,0.0,EXTERNAL,Variable selling and logistics,,HW-SEN-RFID-P,C017
2023-10,ES01,Hardware,VARSELL-2023-10-00378-ES01,variable_selling,2100_AP,0.0,941.09,EXTERNAL,Variable selling accrual,,HW-SEN-RFID-P,C017
2023-10,ES01,Hardware,OPEX-2023-10-00378-ES01,opex,6000_OPEX,513.32,0.0,EXTERNAL,Non-people operating expenses,,HW-SEN-RFID-P,C017
2023-10,ES01,Hardware,OPEX-2023-10-00378-ES01,opex,2100_AP,0.0,513.32,EXTERNAL,Non-people operating expense accrual,,HW-SEN-RFID-P,C017
2023-10,ES01,Hardware,SALE-2023-10-00379-ES01,sale,1100_AR,28619.14,0.0,EXTERNAL,External customer invoice,,HW-SEN-BIO-E,C017
2023-10,ES01,Hardware,SALE-2023-10-00379-ES01,sale,4000_EXTERNAL_REVENUE,0.0,28619.14,EXTERNAL,External customer invoice,,HW-SEN-BIO-E,C017
2023-10,ES01,Hardware,COGS-2023-10-00379-ES01,cogs,5000_EXTERNAL_COGS,17633.17,0.0,EXTERNAL,External cost of sales at transfer price,,HW-SEN-BIO-E,C017
2023-10,ES01,Hardware,COGS-2023-10-00379-ES01,cogs,1200_INVENTORY,0.0,17633.17,EXTERNAL,Inventory consumption,,HW-SEN-BIO-E,C017
2023-10,ES01,Hardware,VARSELL-2023-10-00379-ES01,variable_selling,5300_VARIABLE_SELLING,1699.98,0.0,EXTERNAL,Variable selling and logistics,,HW-SEN-BIO-E,C017
2023-10,ES01,Hardware,VARSELL-2023-10-00379-ES01,variable_selling,2100_AP,0.0,1699.98,EXTERNAL,Variable selling accrual,,HW-SEN-BIO-E,C017
2023-10,ES01,Hardware,OPEX-2023-10-00379-ES01,opex,6000_OPEX,858.57,0.0,EXTERNAL,Non-people operating expenses,,HW-SEN-BIO-E,C017
2023-10,ES01,Hardware,OPEX-2023-10-00379-ES01,opex,2100_AP,0.0,858.57,EXTERNAL,Non-people operating expense accrual,,HW-SEN-BIO-E,C017
2023-10,ES01,Hardware,SALE-2023-10-00380-ES01,sale,1100_AR,18345.6,0.0,EXTERNAL,External customer invoice,,HW-SEN-BIO-P,C017
2023-10,ES01,Hardware,SALE-2023-10-00380-ES01,sale,4000_EXTERNAL_REVENUE,0.0,18345.6,EXTERNAL,External customer invoice,,HW-SEN-BIO-P,C017
2023-10,ES01,Hardware,COGS-2023-10-00380-ES01,cogs,5000_EXTERNAL_COGS,13313.64,0.0,EXTERNAL,External cost of sales at transfer price,,HW-SEN-BIO-P,C017
2023-10,ES01,Hardware,COGS-2023-10-00380-ES01,cogs,1200_INVENTORY,0.0,13313.64,EXTERNAL,Inventory consumption,,HW-SEN-BIO-P,C017
2023-10,ES01,Hardware,VARSELL-2023-10-00380-ES01,variable_selling,5300_VARIABLE_SELLING,1009.01,0.0,EXTERNAL,Variable selling and logistics,,HW-SEN-BIO-P,C017
2023-10,ES01,Hardware,VARSELL-2023-10-00380-ES01,variable_selling,2100_AP,0.0,1009.01,EXTERNAL,Variable selling accrual,,HW-SEN-BIO-P,C017
2023-10,ES01,Hardware,OPEX-2023-10-00380-ES01,opex,6000_OPEX,550.37,0.0,EXTERNAL,Non-people operating expenses,,HW-SEN-BIO-P,C017
2023-10,ES01,Hardware,OPEX-2023-10-00380-ES01,opex,2100_AP,0.0,550.37,EXTERNAL,Non-people operating expense accrual,,HW-SEN-BIO-P,C017
2023-10,ES01,Hardware,SALE-2023-10-00381-ES01,sale,1100_AR,27151.49,0.0,EXTERNAL,External customer invoice,,HW-SEN-BIO-X,C017
2023-10,ES01,Hardware,SALE-2023-10-00381-ES01,sale,4000_EXTERNAL_REVENUE,0.0,27151.49,EXTERNAL,External customer invoice,,HW-SEN-BIO-X,C017
2023-10,ES01,Hardware,COGS-2023-10-00381-ES01,cogs,5000_EXTERNAL_COGS,23845.56,0.0,EXTERNAL,External cost of sales at transfer price,,HW-SEN-BIO-X,C017
2023-10,ES01,Hardware,COGS-2023-10-00381-ES01,cogs,1200_INVENTORY,0.0,23845.56,EXTERNAL,Inventory consumption,,HW-SEN-BIO-X,C017
2023-10,ES01,Hardware,VARSELL-2023-10-00381-ES01,variable_selling,5300_VARIABLE_SELLING,1373.87,0.0,EXTERNAL,Variable selling and logistics,,HW-SEN-BIO-X,C017
2023-10,ES01,Hardware,VARSELL-2023-10-00381-ES01,variable_selling,2100_AP,0.0,1373.87,EXTERNAL,Variable selling accrual,,HW-SEN-BIO-X,C017
2023-10,ES01,Hardware,OPEX-2023-10-00381-ES01,opex,6000_OPEX,814.54,0.0,EXTERNAL,Non-people operating expenses,,HW-SEN-BIO-X,C017
2023-10,ES01,Hardware,OPEX-2023-10-00381-ES01,opex,2100_AP,0.0,814.54,EXTERNAL,Non-people operating expense accrual,,HW-SEN-BIO-X,C017
2023-10,ES01,Hardware,SALE-2023-10-00382-ES01,sale,1100_AR,15272.71,0.0,EXTERNAL,External customer invoice,,HW-SEN-CAM-E,C017
2023-10,ES01,Hardware,SALE-2023-10-00382-ES01,sale,4000_EXTERNAL_REVENUE,0.0,15272.71,EXTERNAL,External customer invoice,,HW-SEN-CAM-E,C017
2023-10,ES01,Hardware,COGS-2023-10-00382-ES01,cogs,5000_EXTERNAL_COGS,9709.2,0.0,EXTERNAL,External cost of sales at transfer price,,HW-SEN-CAM-E,C017
2023-10,ES01,Hardware,COGS-2023-10-00382-ES01,cogs,1200_INVENTORY,0.0,9709.2,EXTERNAL,Inventory consumption,,HW-SEN-CAM-E,C017
2023-10,ES01,Hardware,VARSELL-2023-10-00382-ES01,variable_selling,5300_VARIABLE_SELLING,907.2,0.0,EXTERNAL,Variable selling and logistics,,HW-SEN-CAM-E,C017
2023-10,ES01,Hardware,VARSELL-2023-10-00382-ES01,variable_selling,2100_AP,0.0,907.2,EXTERNAL,Variable selling accrual,,HW-SEN-CAM-E,C017
2023-10,ES01,Hardware,OPEX-2023-10-00382-ES01,opex,6000_OPEX,458.18,0.0,EXTERNAL,Non-people operating expenses,,HW-SEN-CAM-E,C017
2023-10,ES01,Hardware,OPEX-2023-10-00382-ES01,opex,2100_AP,0.0,458.18,EXTERNAL,Non-people operating expense accrual,,HW-SEN-CAM-E,C017
2023-10,ES01,Hardware,SALE-2023-10-00383-ES01,sale,1100_AR,19580.4,0.0,EXTERNAL,External customer invoice,,HW-SEN-CAM-P,C017
2023-10,ES01,Hardware,SALE-2023-10-00383-ES01,sale,4000_EXTERNAL_REVENUE,0.0,19580.4,EXTERNAL,External customer invoice,,HW-SEN-CAM-P,C017
2023-10,ES01,Hardware,COGS-2023-10-00383-ES01,cogs,5000_EXTERNAL_COGS,14666.38,0.0,EXTERNAL,External cost of sales at transfer price,,HW-SEN-CAM-P,C017
2023-10,ES01,Hardware,COGS-2023-10-00383-ES01,cogs,1200_INVENTORY,0.0,14666.38,EXTERNAL,Inventory consumption,,HW-SEN-CAM-P,C017
2023-10,ES01,Hardware,VARSELL-2023-10-00383-ES01,variable_selling,5300_VARIABLE_SELLING,1076.92,0.0,EXTERNAL,Variable selling and logistics,,HW-SEN-CAM-P,C017
2023-10,ES01,Hardware,VARSELL-2023-10-00383-ES01,variable_selling,2100_AP,0.0,1076.92,EXTERNAL,Variable selling accrual,,HW-SEN-CAM-P,C017
2023-10,ES01,Hardware,OPEX-2023-10-00383-ES01,opex,6000_OPEX,587.41,0.0,EXTERNAL,Non-people operating expenses,,HW-SEN-CAM-P,C017
2023-10,ES01,Hardware,OPEX-2023-10-00383-ES01,opex,2100_AP,0.0,587.41,EXTERNAL,Non-people operating expense accrual,,HW-SEN-CAM-P,C017
2023-10,ES01,Hardware,SALE-2023-10-00384-ES01,sale,1100_AR,16235.86,0.0,EXTERNAL,External customer invoice,,HW-SEN-HUB-E,C017
2023-10,ES01,Hardware,SALE-2023-10-00384-ES01,sale,4000_EXTERNAL_REVENUE,0.0,16235.86,EXTERNAL,External customer invoice,,HW-SEN-HUB-E,C017
2023-10,ES01,Hardware,COGS-2023-10-00384-ES01,cogs,5000_EXTERNAL_COGS,10639.54,0.0,EXTERNAL,External cost of sales at transfer price,,HW-SEN-HUB-E,C017
2023-10,ES01,Hardware,COGS-2023-10-00384-ES01,cogs,1200_INVENTORY,0.0,10639.54,EXTERNAL,Inventory consumption,,HW-SEN-HUB-E,C017
2023-10,ES01,Hardware,VARSELL-2023-10-00384-ES01,variable_selling,5300_VARIABLE_SELLING,964.41,0.0,EXTERNAL,Variable selling and logistics,,HW-SEN-HUB-E,C017
2023-10,ES01,Hardware,VARSELL-2023-10-00384-ES01,variable_selling,2100_AP,0.0,964.41,EXTERNAL,Variable selling accrual,,HW-SEN-HUB-E,C017
2023-10,ES01,Hardware,OPEX-2023-10-00384-ES01,opex,6000_OPEX,487.08,0.0,EXTERNAL,Non-people operating expenses,,HW-SEN-HUB-E,C017
2023-10,ES01,Hardware,OPEX-2023-10-00384-ES01,opex,2100_AP,0.0,487.08,EXTERNAL,Non-people operating expense accrual,,HW-SEN-HUB-E,C017
2023-10,ES01,Hardware,SALE-2023-10-00385-ES01,sale,1100_AR,20815.2,0.0,EXTERNAL,External customer invoice,,HW-SEN-HUB-P,C017
2023-10,ES01,Hardware,SALE-2023-10-00385-ES01,sale,4000_EXTERNAL_REVENUE,0.0,20815.2,EXTERNAL,External customer invoice,,HW-SEN-HUB-P,C017
2023-10,ES01,Hardware,COGS-2023-10-00385-ES01,cogs,5000_EXTERNAL_COGS,16076.72,0.0,EXTERNAL,External cost of sales at transfer price,,HW-SEN-HUB-P,C017
2023-10,ES01,Hardware,COGS-2023-10-00385-ES01,cogs,1200_INVENTORY,0.0,16076.72,EXTERNAL,Inventory consumption,,HW-SEN-HUB-P,C017
2023-10,ES01,Hardware,VARSELL-2023-10-00385-ES01,variable_selling,5300_VARIABLE_SELLING,1144.84,0.0,EXTERNAL,Variable selling and logistics,,HW-SEN-HUB-P,C017
2023-10,ES01,Hardware,VARSELL-2023-10-00385-ES01,variable_selling,2100_AP,0.0,1144.84,EXTERNAL,Variable selling accrual,,HW-SEN-HUB-P,C017
2023-10,ES01,Hardware,OPEX-2023-10-00385-ES01,opex,6000_OPEX,624.46,0.0,EXTERNAL,Non-people operating expenses,,HW-SEN-HUB-P,C017
2023-10,ES01,Hardware,OPEX-2023-10-00385-ES01,opex,2100_AP,0.0,624.46,EXTERNAL,Non-people operating expense accrual,,HW-SEN-HUB-P,C017
2023-10,ES01,Hardware,SALE-2023-10-00386-ES01,sale,1100_AR,17609.87,0.0,EXTERNAL,External customer invoice,,HW-CTL-MCU-E,C018
2023-10,ES01,Hardware,SALE-2023-10-00386-ES01,sale,4000_EXTERNAL_REVENUE,0.0,17609.87,EXTERNAL,External customer invoice,,HW-CTL-MCU-E,C018
2023-10,ES01,Hardware,COGS-2023-10-00386-ES01,cogs,5000_EXTERNAL_COGS,15074.13,0.0,EXTERNAL,External cost of sales at transfer price,,HW-CTL-MCU-E,C018
2023-10,ES01,Hardware,COGS-2023-10-00386-ES01,cogs,1200_INVENTORY,0.0,15074.13,EXTERNAL,Inventory consumption,,HW-CTL-MCU-E,C018
2023-10,ES01,Hardware,VARSELL-2023-10-00386-ES01,variable_selling,5300_VARIABLE_SELLING,1046.03,0.0,EXTERNAL,Variable selling and logistics,,HW-CTL-MCU-E,C018
2023-10,ES01,Hardware,VARSELL-2023-10-00386-ES01,variable_selling,2100_AP,0.0,1046.03,EXTERNAL,Variable selling accrual,,HW-CTL-MCU-E,C018
2023-10,ES01,Hardware,OPEX-2023-10-00386-ES01,opex,6000_OPEX,528.3,0.0,EXTERNAL,Non-people operating expenses,,HW-CTL-MCU-E,C018
2023-10,ES01,Hardware,OPEX-2023-10-00386-ES01,opex,2100_AP,0.0,528.3,EXTERNAL,Non-people operating expense accrual,,HW-CTL-MCU-E,C018
2023-10,ES01,Hardware,SALE-2023-10-00387-ES01,sale,1100_AR,22576.75,0.0,EXTERNAL,External customer invoice,,HW-CTL-MCU-P,C018
2023-10,ES01,Hardware,SALE-2023-10-00387-ES01,sale,4000_EXTERNAL_REVENUE,0.0,22576.75,EXTERNAL,External customer invoice,,HW-CTL-MCU-P,C018
2023-10,ES01,Hardware,COGS-2023-10-00387-ES01,cogs,5000_EXTERNAL_COGS,15857.72,0.0,EXTERNAL,External cost of sales at transfer price,,HW-CTL-MCU-P,C018
2023-10,ES01,Hardware,COGS-2023-10-00387-ES01,cogs,1200_INVENTORY,0.0,15857.72,EXTERNAL,Inventory consumption,,HW-CTL-MCU-P,C018
2023-10,ES01,Hardware,VARSELL-2023-10-00387-ES01,variable_selling,5300_VARIABLE_SELLING,1241.72,0.0,EXTERNAL,Variable selling and logistics,,HW-CTL-MCU-P,C018
2023-10,ES01,Hardware,VARSELL-2023-10-00387-ES01,variable_selling,2100_AP,0.0,1241.72,EXTERNAL,Variable selling accrual,,HW-CTL-MCU-P,C018
2023-10,ES01,Hardware,OPEX-2023-10-00387-ES01,opex,6000_OPEX,677.3,0.0,EXTERNAL,Non-people operating expenses,,HW-CTL-MCU-P,C018
2023-10,ES01,Hardware,OPEX-2023-10-00387-ES01,opex,2100_AP,0.0,677.3,EXTERNAL,Non-people operating expense accrual,,HW-CTL-MCU-P,C018
2023-10,ES01,Hardware,SALE-2023-10-00388-ES01,sale,1100_AR,24206.0,0.0,EXTERNAL,External customer invoice,,HW-CTL-RCK-P,C018
2023-10,ES01,Hardware,SALE-2023-10-00388-ES01,sale,4000_EXTERNAL_REVENUE,0.0,24206.0,EXTERNAL,External customer invoice,,HW-CTL-RCK-P,C018
2023-10,ES01,Hardware,COGS-2023-10-00388-ES01,cogs,5000_EXTERNAL_COGS,17566.6,0.0,EXTERNAL,External cost of sales at transfer price,,HW-CTL-RCK-P,C018
2023-10,ES01,Hardware,COGS-2023-10-00388-ES01,cogs,1200_INVENTORY,0.0,17566.6,EXTERNAL,Inventory consumption,,HW-CTL-RCK-P,C018
2023-10,ES01,Hardware,VARSELL-2023-10-00388-ES01,variable_selling,5300_VARIABLE_SELLING,1331.33,0.0,EXTERNAL,Variable selling and logistics,,HW-CTL-RCK-P,C018
2023-10,ES01,Hardware,VARSELL-2023-10-00388-ES01,variable_selling,2100_AP,0.0,1331.33,EXTERNAL,Variable selling accrual,,HW-CTL-RCK-P,C018
2023-10,ES01,Hardware,OPEX-2023-10-00388-ES01,opex,6000_OPEX,726.18,0.0,EXTERNAL,Non-people operating expenses,,HW-CTL-RCK-P,C018
2023-10,ES01,Hardware,OPEX-2023-10-00388-ES01,opex,2100_AP,0.0,726.18,EXTERNAL,Non-people operating expense accrual,,HW-CTL-RCK-P,C018
2023-10,ES01,Hardware,SALE-2023-10-00389-ES01,sale,1100_AR,35824.88,0.0,EXTERNAL,External customer invoice,,HW-CTL-RCK-X,C018
2023-10,ES01,Hardware,SALE-2023-10-00389-ES01,sale,4000_EXTERNAL_REVENUE,0.0,35824.88,EXTERNAL,External customer invoice,,HW-CTL-RCK-X,C018
2023-10,ES01,Hardware,COGS-2023-10-00389-ES01,cogs,5000_EXTERNAL_COGS,31462.88,0.0,EXTERNAL,External cost of sales at transfer price,,HW-CTL-RCK-X,C018
2023-10,ES01,Hardware,COGS-2023-10-00389-ES01,cogs,1200_INVENTORY,0.0,31462.88,EXTERNAL,Inventory consumption,,HW-CTL-RCK-X,C018
2023-10,ES01,Hardware,VARSELL-2023-10-00389-ES01,variable_selling,5300_VARIABLE_SELLING,1812.74,0.0,EXTERNAL,Variable selling and logistics,,HW-CTL-RCK-X,C018
2023-10,ES01,Hardware,VARSELL-2023-10-00389-ES01,variable_selling,2100_AP,0.0,1812.74,EXTERNAL,Variable selling accrual,,HW-CTL-RCK-X,C018
2023-10,ES01,Hardware,OPEX-2023-10-00389-ES01,opex,6000_OPEX,1074.75,0.0,EXTERNAL,Non-people operating expenses,,HW-CTL-RCK-X,C018
2023-10,ES01,Hardware,OPEX-2023-10-00389-ES01,opex,2100_AP,0.0,1074.75,EXTERNAL,Non-people operating expense accrual,,HW-CTL-RCK-X,C018
2023-10,ES01,Hardware,SALE-2023-10-00390-ES01,sale,1100_AR,25835.25,0.0,EXTERNAL,External customer invoice,,HW-CTL-RDN-P,C018
2023-10,ES01,Hardware,SALE-2023-10-00390-ES01,sale,4000_EXTERNAL_REVENUE,0.0,25835.25,EXTERNAL,External customer invoice,,HW-CTL-RDN-P,C018
2023-10,ES01,Hardware,COGS-2023-10-00390-ES01,cogs,5000_EXTERNAL_COGS,19351.46,0.0,EXTERNAL,External cost of sales at transfer price,,HW-CTL-RDN-P,C018
2023-10,ES01,Hardware,COGS-2023-10-00390-ES01,cogs,1200_INVENTORY,0.0,19351.46,EXTERNAL,Inventory consumption,,HW-CTL-RDN-P,C018
2023-10,ES01,Hardware,VARSELL-2023-10-00390-ES01,variable_selling,5300_VARIABLE_SELLING,1420.94,0.0,EXTERNAL,Variable selling and logistics,,HW-CTL-RDN-P,C018
2023-10,ES01,Hardware,VARSELL-2023-10-00390-ES01,variable_selling,2100_AP,0.0,1420.94,EXTERNAL,Variable selling accrual,,HW-CTL-RDN-P,C018
2023-10,ES01,Hardware,OPEX-2023-10-00390-ES01,opex,6000_OPEX,775.06,0.0,EXTERNAL,Non-people operating expenses,,HW-CTL-RDN-P,C018
2023-10,ES01,Hardware,OPEX-2023-10-00390-ES01,opex,2100_AP,0.0,775.06,EXTERNAL,Non-people operating expense accrual,,HW-CTL-RDN-P,C018
2023-10,ES01,Hardware,SALE-2023-10-00391-ES01,sale,1100_AR,38236.17,0.0,EXTERNAL,External customer invoice,,HW-CTL-RDN-X,C018
2023-10,ES01,Hardware,SALE-2023-10-00391-ES01,sale,4000_EXTERNAL_REVENUE,0.0,38236.17,EXTERNAL,External customer invoice,,HW-CTL-RDN-X,C018
2023-10,ES01,Hardware,COGS-2023-10-00391-ES01,cogs,5000_EXTERNAL_COGS,34668.46,0.0,EXTERNAL,External cost of sales at transfer price,,HW-CTL-RDN-X,C018
2023-10,ES01,Hardware,COGS-2023-10-00391-ES01,cogs,1200_INVENTORY,0.0,34668.46,EXTERNAL,Inventory consumption,,HW-CTL-RDN-X,C018
2023-10,ES01,Hardware,VARSELL-2023-10-00391-ES01,variable_selling,5300_VARIABLE_SELLING,1934.75,0.0,EXTERNAL,Variable selling and logistics,,HW-CTL-RDN-X,C018
2023-10,ES01,Hardware,VARSELL-2023-10-00391-ES01,variable_selling,2100_AP,0.0,1934.75,EXTERNAL,Variable selling accrual,,HW-CTL-RDN-X,C018
2023-10,ES01,Hardware,OPEX-2023-10-00391-ES01,opex,6000_OPEX,1147.09,0.0,EXTERNAL,Non-people operating expenses,,HW-CTL-RDN-X,C018
2023-10,ES01,Hardware,OPEX-2023-10-00391-ES01,opex,2100_AP,0.0,1147.09,EXTERNAL,Non-people operating expense accrual,,HW-CTL-RDN-X,C018
2023-10,ES01,Hardware,SALE-2023-10-00392-ES01,sale,1100_AR,21422.31,0.0,EXTERNAL,External customer invoice,,HW-CTL-SAF-E,C018
2023-10,ES01,Hardware,SALE-2023-10-00392-ES01,sale,4000_EXTERNAL_REVENUE,0.0,21422.31,EXTERNAL,External customer invoice,,HW-CTL-SAF-E,C018
2023-10,ES01,Hardware,COGS-2023-10-00392-ES01,cogs,5000_EXTERNAL_COGS,14038.29,0.0,EXTERNAL,External cost of sales at transfer price,,HW-CTL-SAF-E,C018
2023-10,ES01,Hardware,COGS-2023-10-00392-ES01,cogs,1200_INVENTORY,0.0,14038.29,EXTERNAL,Inventory consumption,,HW-CTL-SAF-E,C018
2023-10,ES01,Hardware,VARSELL-2023-10-00392-ES01,variable_selling,5300_VARIABLE_SELLING,1272.49,0.0,EXTERNAL,Variable selling and logistics,,HW-CTL-SAF-E,C018
2023-10,ES01,Hardware,VARSELL-2023-10-00392-ES01,variable_selling,2100_AP,0.0,1272.49,EXTERNAL,Variable selling accrual,,HW-CTL-SAF-E,C018
2023-10,ES01,Hardware,OPEX-2023-10-00392-ES01,opex,6000_OPEX,642.67,0.0,EXTERNAL,Non-people operating expenses,,HW-CTL-SAF-E,C018
2023-10,ES01,Hardware,OPEX-2023-10-00392-ES01,opex,2100_AP,0.0,642.67,EXTERNAL,Non-people operating expense accrual,,HW-CTL-SAF-E,C018
2023-10,ES01,Hardware,SALE-2023-10-00393-ES01,sale,1100_AR,39392.86,0.0,EXTERNAL,External customer invoice,,HW-EDG-GTW-X,C018
2023-10,ES01,Hardware,SALE-2023-10-00393-ES01,sale,4000_EXTERNAL_REVENUE,0.0,39392.86,EXTERNAL,External customer invoice,,HW-EDG-GTW-X,C018
2023-10,ES01,Hardware,COGS-2023-10-00393-ES01,cogs,5000_EXTERNAL_COGS,33475.65,0.0,EXTERNAL,External cost of sales at transfer price,,HW-EDG-GTW-X,C018
2023-10,ES01,Hardware,COGS-2023-10-00393-ES01,cogs,1200_INVENTORY,0.0,33475.65,EXTERNAL,Inventory consumption,,HW-EDG-GTW-X,C018
2023-10,ES01,Hardware,VARSELL-2023-10-00393-ES01,variable_selling,5300_VARIABLE_SELLING,1993.28,0.0,EXTERNAL,Variable selling and logistics,,HW-EDG-GTW-X,C018
2023-10,ES01,Hardware,VARSELL-2023-10-00393-ES01,variable_selling,2100_AP,0.0,1993.28,EXTERNAL,Variable selling accrual,,HW-EDG-GTW-X,C018
2023-10,ES01,Hardware,OPEX-2023-10-00393-ES01,opex,6000_OPEX,1181.79,0.0,EXTERNAL,Non-people operating expenses,,HW-EDG-GTW-X,C018
2023-10,ES01,Hardware,OPEX-2023-10-00393-ES01,opex,2100_AP,0.0,1181.79,EXTERNAL,Non-people operating expense accrual,,HW-EDG-GTW-X,C018
2023-10,ES01,Hardware,SALE-2023-10-00394-ES01,sale,1100_AR,22259.33,0.0,EXTERNAL,External customer invoice,,HW-EDG-SEC-E,C018
2023-10,ES01,Hardware,SALE-2023-10-00394-ES01,sale,4000_EXTERNAL_REVENUE,0.0,22259.33,EXTERNAL,External customer invoice,,HW-EDG-SEC-E,C018
2023-10,ES01,Hardware,COGS-2023-10-00394-ES01,cogs,5000_EXTERNAL_COGS,13714.69,0.0,EXTERNAL,External cost of sales at transfer price,,HW-EDG-SEC-E,C018
2023-10,ES01,Hardware,COGS-2023-10-00394-ES01,cogs,1200_INVENTORY,0.0,13714.69,EXTERNAL,Inventory consumption,,HW-EDG-SEC-E,C018
2023-10,ES01,Hardware,VARSELL-2023-10-00394-ES01,variable_selling,5300_VARIABLE_SELLING,1322.2,0.0,EXTERNAL,Variable selling and logistics,,HW-EDG-SEC-E,C018
2023-10,ES01,Hardware,VARSELL-2023-10-00394-ES01,variable_selling,2100_AP,0.0,1322.2,EXTERNAL,Variable selling accrual,,HW-EDG-SEC-E,C018
2023-10,ES01,Hardware,OPEX-2023-10-00394-ES01,opex,6000_OPEX,667.78,0.0,EXTERNAL,Non-people operating expenses,,HW-EDG-SEC-E,C018
2023-10,ES01,Hardware,OPEX-2023-10-00394-ES01,opex,2100_AP,0.0,667.78,EXTERNAL,Non-people operating expense accrual,,HW-EDG-SEC-E,C018
2023-10,ES01,Hardware,SALE-2023-10-00395-ES01,sale,1100_AR,23757.55,0.0,EXTERNAL,External customer invoice,,HW-EDG-CMP-E,C018
2023-10,ES01,Hardware,SALE-2023-10-00395-ES01,sale,4000_EXTERNAL_REVENUE,0.0,23757.55,EXTERNAL,External customer invoice,,HW-EDG-CMP-E,C018
2023-10,ES01,Hardware,COGS-2023-10-00395-ES01,cogs,5000_EXTERNAL_COGS,15103.2,0.0,EXTERNAL,External cost of sales at transfer price,,HW-EDG-CMP-E,C018
2023-10,ES01,Hardware,COGS-2023-10-00395-ES01,cogs,1200_INVENTORY,0.0,15103.2,EXTERNAL,Inventory consumption,,HW-EDG-CMP-E,C018
2023-10,ES01,Hardware,VARSELL-2023-10-00395-ES01,variable_selling,5300_VARIABLE_SELLING,1411.2,0.0,EXTERNAL,Variable selling and logistics,,HW-EDG-CMP-E,C018
2023-10,ES01,Hardware,VARSELL-2023-10-00395-ES01,variable_selling,2100_AP,0.0,1411.2,EXTERNAL,Variable selling accrual,,HW-EDG-CMP-E,C018
2023-10,ES01,Hardware,OPEX-2023-10-00395-ES01,opex,6000_OPEX,712.73,0.0,EXTERNAL,Non-people operating expenses,,HW-EDG-CMP-E,C018
2023-10,ES01,Hardware,OPEX-2023-10-00395-ES01,opex,2100_AP,0.0,712.73,EXTERNAL,Non-people operating expense accrual,,HW-EDG-CMP-E,C018
2023-10,ES01,Hardware,SALE-2023-10-00396-ES01,sale,1100_AR,30458.4,0.0,EXTERNAL,External customer invoice,,HW-EDG-CMP-P,C018
2023-10,ES01,Hardware,SALE-2023-10-00396-ES01,sale,4000_EXTERNAL_REVENUE,0.0,30458.4,EXTERNAL,External customer invoice,,HW-EDG-CMP-P,C018
2023-10,ES01,Hardware,COGS-2023-10-00396-ES01,cogs,5000_EXTERNAL_COGS,22814.36,0.0,EXTERNAL,External cost of sales at transfer price,,HW-EDG-CMP-P,C018
2023-10,ES01,Hardware,COGS-2023-10-00396-ES01,cogs,1200_INVENTORY,0.0,22814.36,EXTERNAL,Inventory consumption,,HW-EDG-CMP-P,C018
2023-10,ES01,Hardware,VARSELL-2023-10-00396-ES01,variable_selling,5300_VARIABLE_SELLING,1675.21,0.0,EXTERNAL,Variable selling and logistics,,HW-EDG-CMP-P,C018
2023-10,ES01,Hardware,VARSELL-2023-10-00396-ES01,variable_selling,2100_AP,0.0,1675.21,EXTERNAL,Variable selling accrual,,HW-EDG-CMP-P,C018
2023-10,ES01,Hardware,OPEX-2023-10-00396-ES01,opex,6000_OPEX,913.75,0.0,EXTERNAL,Non-people operating expenses,,HW-EDG-CMP-P,C018
2023-10,ES01,Hardware,OPEX-2023-10-00396-ES01,opex,2100_AP,0.0,913.75,EXTERNAL,Non-people operating expense accrual,,HW-EDG-CMP-P,C018
2023-10,ES01,Hardware,SALE-2023-10-00397-ES01,sale,1100_AR,32379.2,0.0,EXTERNAL,External customer invoice,,HW-EDG-AI-P,C018
2023-10,ES01,Hardware,SALE-2023-10-00397-ES01,sale,4000_EXTERNAL_REVENUE,0.0,32379.2,EXTERNAL,External customer invoice,,HW-EDG-AI-P,C018
2023-10,ES01,Hardware,COGS-2023-10-00397-ES01,cogs,5000_EXTERNAL_COGS,25008.22,0.0,EXTERNAL,External cost of sales at transfer price,,HW-EDG-AI-P,C018
2023-10,ES01,Hardware,COGS-2023-10-00397-ES01,cogs,1200_INVENTORY,0.0,25008.22,EXTERNAL,Inventory consumption,,HW-EDG-AI-P,C018
2023-10,ES01,Hardware,VARSELL-2023-10-00397-ES01,variable_selling,5300_VARIABLE_SELLING,1780.86,0.0,EXTERNAL,Variable selling and logistics,,HW-EDG-AI-P,C018
2023-10,ES01,Hardware,VARSELL-2023-10-00397-ES01,variable_selling,2100_AP,0.0,1780.86,EXTERNAL,Variable selling accrual,,HW-EDG-AI-P,C018
2023-10,ES01,Hardware,OPEX-2023-10-00397-ES01,opex,6000_OPEX,971.38,0.0,EXTERNAL,Non-people operating expenses,,HW-EDG-AI-P,C018
2023-10,ES01,Hardware,OPEX-2023-10-00397-ES01,opex,2100_AP,0.0,971.38,EXTERNAL,Non-people operating expense accrual,,HW-EDG-AI-P,C018
2023-10,ES01,Hardware,SALE-2023-10-00398-ES01,sale,1100_AR,32624.6,0.0,EXTERNAL,External customer invoice,,HW-TRM-FIX-E,C018
2023-10,ES01,Hardware,SALE-2023-10-00398-ES01,sale,4000_EXTERNAL_REVENUE,0.0,32624.6,EXTERNAL,External customer invoice,,HW-TRM-FIX-E,C018
2023-10,ES01,Hardware,COGS-2023-10-00398-ES01,cogs,5000_EXTERNAL_COGS,19461.98,0.0,EXTERNAL,External cost of sales at transfer price,,HW-TRM-FIX-E,C018
2023-10,ES01,Hardware,COGS-2023-10-00398-ES01,cogs,1200_INVENTORY,0.0,19461.98,EXTERNAL,Inventory consumption,,HW-TRM-FIX-E,C018
2023-10,ES01,Hardware,VARSELL-2023-10-00398-ES01,variable_selling,5300_VARIABLE_SELLING,1937.9,0.0,EXTERNAL,Variable selling and logistics,,HW-TRM-FIX-E,C018
2023-10,ES01,Hardware,VARSELL-2023-10-00398-ES01,variable_selling,2100_AP,0.0,1937.9,EXTERNAL,Variable selling accrual,,HW-TRM-FIX-E,C018
2023-10,ES01,Hardware,OPEX-2023-10-00398-ES01,opex,6000_OPEX,978.74,0.0,EXTERNAL,Non-people operating expenses,,HW-TRM-FIX-E,C018
2023-10,ES01,Hardware,OPEX-2023-10-00398-ES01,opex,2100_AP,0.0,978.74,EXTERNAL,Non-people operating expense accrual,,HW-TRM-FIX-E,C018
2023-10,ES01,Hardware,SALE-2023-10-00399-ES01,sale,1100_AR,20913.2,0.0,EXTERNAL,External customer invoice,,HW-TRM-FIX-P,C018
2023-10,ES01,Hardware,SALE-2023-10-00399-ES01,sale,4000_EXTERNAL_REVENUE,0.0,20913.2,EXTERNAL,External customer invoice,,HW-TRM-FIX-P,C018
2023-10,ES01,Hardware,COGS-2023-10-00399-ES01,cogs,5000_EXTERNAL_COGS,14689.25,0.0,EXTERNAL,External cost of sales at transfer price,,HW-TRM-FIX-P,C018
2023-10,ES01,Hardware,COGS-2023-10-00399-ES01,cogs,1200_INVENTORY,0.0,14689.25,EXTERNAL,Inventory consumption,,HW-TRM-FIX-P,C018
2023-10,ES01,Hardware,VARSELL-2023-10-00399-ES01,variable_selling,5300_VARIABLE_SELLING,1150.23,0.0,EXTERNAL,Variable selling and logistics,,HW-TRM-FIX-P,C018
2023-10,ES01,Hardware,VARSELL-2023-10-00399-ES01,variable_selling,2100_AP,0.0,1150.23,EXTERNAL,Variable selling accrual,,HW-TRM-FIX-P,C018
2023-10,ES01,Hardware,OPEX-2023-10-00399-ES01,opex,6000_OPEX,627.4,0.0,EXTERNAL,Non-people operating expenses,,HW-TRM-FIX-P,C018
2023-10,ES01,Hardware,OPEX-2023-10-00399-ES01,opex,2100_AP,0.0,627.4,EXTERNAL,Non-people operating expense accrual,,HW-TRM-FIX-P,C018
2023-10,ES01,Hardware,SALE-2023-10-00400-ES01,sale,1100_AR,22422.4,0.0,EXTERNAL,External customer invoice,,HW-TRM-KSK-P,C018
2023-10,ES01,Hardware,SALE-2023-10-00400-ES01,sale,4000_EXTERNAL_REVENUE,0.0,22422.4,EXTERNAL,External customer invoice,,HW-TRM-KSK-P,C018
2023-10,ES01,Hardware,COGS-2023-10-00400-ES01,cogs,5000_EXTERNAL_COGS,16272.21,0.0,EXTERNAL,External cost of sales at transfer price,,HW-TRM-KSK-P,C018
2023-10,ES01,Hardware,COGS-2023-10-00400-ES01,cogs,1200_INVENTORY,0.0,16272.21,EXTERNAL,Inventory consumption,,HW-TRM-KSK-P,C018
2023-10,ES01,Hardware,VARSELL-2023-10-00400-ES01,variable_selling,5300_VARIABLE_SELLING,1233.23,0.0,EXTERNAL,Variable selling and logistics,,HW-TRM-KSK-P,C018
2023-10,ES01,Hardware,VARSELL-2023-10-00400-ES01,variable_selling,2100_AP,0.0,1233.23,EXTERNAL,Variable selling accrual,,HW-TRM-KSK-P,C018
2023-10,ES01,Hardware,OPEX-2023-10-00400-ES01,opex,6000_OPEX,672.67,0.0,EXTERNAL,Non-people operating expenses,,HW-TRM-KSK-P,C018
2023-10,ES01,Hardware,OPEX-2023-10-00400-ES01,opex,2100_AP,0.0,672.67,EXTERNAL,Non-people operating expense accrual,,HW-TRM-KSK-P,C018
2023-10,ES01,Hardware,SALE-2023-10-00401-ES01,sale,1100_AR,33185.15,0.0,EXTERNAL,External customer invoice,,HW-TRM-KSK-X,C018
2023-10,ES01,Hardware,SALE-2023-10-00401-ES01,sale,4000_EXTERNAL_REVENUE,0.0,33185.15,EXTERNAL,External customer invoice,,HW-TRM-KSK-X,C018
2023-10,ES01,Hardware,COGS-2023-10-00401-ES01,cogs,5000_EXTERNAL_COGS,29144.57,0.0,EXTERNAL,External cost of sales at transfer price,,HW-TRM-KSK-X,C018
2023-10,ES01,Hardware,COGS-2023-10-00401-ES01,cogs,1200_INVENTORY,0.0,29144.57,EXTERNAL,Inventory consumption,,HW-TRM-KSK-X,C018
2023-10,ES01,Hardware,VARSELL-2023-10-00401-ES01,variable_selling,5300_VARIABLE_SELLING,1679.17,0.0,EXTERNAL,Variable selling and logistics,,HW-TRM-KSK-X,C018
2023-10,ES01,Hardware,VARSELL-2023-10-00401-ES01,variable_selling,2100_AP,0.0,1679.17,EXTERNAL,Variable selling accrual,,HW-TRM-KSK-X,C018
2023-10,ES01,Hardware,OPEX-2023-10-00401-ES01,opex,6000_OPEX,995.55,0.0,EXTERNAL,Non-people operating expenses,,HW-TRM-KSK-X,C018
2023-10,ES01,Hardware,OPEX-2023-10-00401-ES01,opex,2100_AP,0.0,995.55,EXTERNAL,Non-people operating expense accrual,,HW-TRM-KSK-X,C018
2023-10,ES01,Hardware,SALE-2023-10-00402-ES01,sale,1100_AR,18666.65,0.0,EXTERNAL,External customer invoice,,HW-TRM-MOB-E,C018
2023-10,ES01,Hardware,SALE-2023-10-00402-ES01,sale,4000_EXTERNAL_REVENUE,0.0,18666.65,EXTERNAL,External customer invoice,,HW-TRM-MOB-E,C018
2023-10,ES01,Hardware,COGS-2023-10-00402-ES01,cogs,5000_EXTERNAL_COGS,11866.8,0.0,EXTERNAL,External cost of sales at transfer price,,HW-TRM-MOB-E,C018
2023-10,ES01,Hardware,COGS-2023-10-00402-ES01,cogs,1200_INVENTORY,0.0,11866.8,EXTERNAL,Inventory consumption,,HW-TRM-MOB-E,C018
2023-10,ES01,Hardware,VARSELL-2023-10-00402-ES01,variable_selling,5300_VARIABLE_SELLING,1108.8,0.0,EXTERNAL,Variable selling and logistics,,HW-TRM-MOB-E,C018
2023-10,ES01,Hardware,VARSELL-2023-10-00402-ES01,variable_selling,2100_AP,0.0,1108.8,EXTERNAL,Variable selling accrual,,HW-TRM-MOB-E,C018
2023-10,ES01,Hardware,OPEX-2023-10-00402-ES01,opex,6000_OPEX,560.0,0.0,EXTERNAL,Non-people operating expenses,,HW-TRM-MOB-E,C018
2023-10,ES01,Hardware,OPEX-2023-10-00402-ES01,opex,2100_AP,0.0,560.0,EXTERNAL,Non-people operating expense accrual,,HW-TRM-MOB-E,C018
2023-10,ES01,Hardware,SALE-2023-10-00403-ES01,sale,1100_AR,23931.6,0.0,EXTERNAL,External customer invoice,,HW-TRM-MOB-P,C018
2023-10,ES01,Hardware,SALE-2023-10-00403-ES01,sale,4000_EXTERNAL_REVENUE,0.0,23931.6,EXTERNAL,External customer invoice,,HW-TRM-MOB-P,C018
2023-10,ES01,Hardware,COGS-2023-10-00403-ES01,cogs,5000_EXTERNAL_COGS,17925.57,0.0,EXTERNAL,External cost of sales at transfer price,,HW-TRM-MOB-P,C018
2023-10,ES01,Hardware,COGS-2023-10-00403-ES01,cogs,1200_INVENTORY,0.0,17925.57,EXTERNAL,Inventory consumption,,HW-TRM-MOB-P,C018
2023-10,ES01,Hardware,VARSELL-2023-10-00403-ES01,variable_selling,5300_VARIABLE_SELLING,1316.24,0.0,EXTERNAL,Variable selling and logistics,,HW-TRM-MOB-P,C018
2023-10,ES01,Hardware,VARSELL-2023-10-00403-ES01,variable_selling,2100_AP,0.0,1316.24,EXTERNAL,Variable selling accrual,,HW-TRM-MOB-P,C018
2023-10,ES01,Hardware,OPEX-2023-10-00403-ES01,opex,6000_OPEX,717.95,0.0,EXTERNAL,Non-people operating expenses,,HW-TRM-MOB-P,C018
2023-10,ES01,Hardware,OPEX-2023-10-00403-ES01,opex,2100_AP,0.0,717.95,EXTERNAL,Non-people operating expense accrual,,HW-TRM-MOB-P,C018
2023-10,ES01,Hardware,SALE-2023-10-00404-ES01,sale,1100_AR,18907.43,0.0,EXTERNAL,External customer invoice,,HW-NET-ACC-E,C018
2023-10,ES01,Hardware,SALE-2023-10-00404-ES01,sale,4000_EXTERNAL_REVENUE,0.0,18907.43,EXTERNAL,External customer invoice,,HW-NET-ACC-E,C018
2023-10,ES01,Hardware,COGS-2023-10-00404-ES01,cogs,5000_EXTERNAL_COGS,11279.09,0.0,EXTERNAL,External cost of sales at transfer price,,HW-NET-ACC-E,C018
2023-10,ES01,Hardware,COGS-2023-10-00404-ES01,cogs,1200_INVENTORY,0.0,11279.09,EXTERNAL,Inventory consumption,,HW-NET-ACC-E,C018
2023-10,ES01,Hardware,VARSELL-2023-10-00404-ES01,variable_selling,5300_VARIABLE_SELLING,1123.1,0.0,EXTERNAL,Variable selling and logistics,,HW-NET-ACC-E,C018
2023-10,ES01,Hardware,VARSELL-2023-10-00404-ES01,variable_selling,2100_AP,0.0,1123.1,EXTERNAL,Variable selling accrual,,HW-NET-ACC-E,C018
2023-10,ES01,Hardware,OPEX-2023-10-00404-ES01,opex,6000_OPEX,567.22,0.0,EXTERNAL,Non-people operating expenses,,HW-NET-ACC-E,C018
2023-10,ES01,Hardware,OPEX-2023-10-00404-ES01,opex,2100_AP,0.0,567.22,EXTERNAL,Non-people operating expense accrual,,HW-NET-ACC-E,C018
2023-10,ES01,Hardware,SALE-2023-10-00405-ES01,sale,1100_AR,20271.89,0.0,EXTERNAL,External customer invoice,,HW-NET-SWC-E,C018
2023-10,ES01,Hardware,SALE-2023-10-00405-ES01,sale,4000_EXTERNAL_REVENUE,0.0,20271.89,EXTERNAL,External customer invoice,,HW-NET-SWC-E,C018
2023-10,ES01,Hardware,COGS-2023-10-00405-ES01,cogs,5000_EXTERNAL_COGS,12490.17,0.0,EXTERNAL,External cost of sales at transfer price,,HW-NET-SWC-E,C018
2023-10,ES01,Hardware,COGS-2023-10-00405-ES01,cogs,1200_INVENTORY,0.0,12490.17,EXTERNAL,Inventory consumption,,HW-NET-SWC-E,C018
2023-10,ES01,Hardware,VARSELL-2023-10-00405-ES01,variable_selling,5300_VARIABLE_SELLING,1204.15,0.0,EXTERNAL,Variable selling and logistics,,HW-NET-SWC-E,C018
2023-10,ES01,Hardware,VARSELL-2023-10-00405-ES01,variable_selling,2100_AP,0.0,1204.15,EXTERNAL,Variable selling accrual,,HW-NET-SWC-E,C018
2023-10,ES01,Hardware,OPEX-2023-10-00405-ES01,opex,6000_OPEX,608.16,0.0,EXTERNAL,Non-people operating expenses,,HW-NET-SWC-E,C018
2023-10,ES01,Hardware,OPEX-2023-10-00405-ES01,opex,2100_AP,0.0,608.16,EXTERNAL,Non-people operating expense accrual,,HW-NET-SWC-E,C018
2023-10,ES01,Hardware,SALE-2023-10-00406-ES01,sale,1100_AR,25989.6,0.0,EXTERNAL,External customer invoice,,HW-NET-SWC-P,C018
2023-10,ES01,Hardware,SALE-2023-10-00406-ES01,sale,4000_EXTERNAL_REVENUE,0.0,25989.6,EXTERNAL,External customer invoice,,HW-NET-SWC-P,C018
2023-10,ES01,Hardware,COGS-2023-10-00406-ES01,cogs,5000_EXTERNAL_COGS,18860.98,0.0,EXTERNAL,External cost of sales at transfer price,,HW-NET-SWC-P,C018
2023-10,ES01,Hardware,COGS-2023-10-00406-ES01,cogs,1200_INVENTORY,0.0,18860.98,EXTERNAL,Inventory consumption,,HW-NET-SWC-P,C018
2023-10,ES01,Hardware,VARSELL-2023-10-00406-ES01,variable_selling,5300_VARIABLE_SELLING,1429.43,0.0,EXTERNAL,Variable selling and logistics,,HW-NET-SWC-P,C018
2023-10,ES01,Hardware,VARSELL-2023-10-00406-ES01,variable_selling,2100_AP,0.0,1429.43,EXTERNAL,Variable selling accrual,,HW-NET-SWC-P,C018
2023-10,ES01,Hardware,OPEX-2023-10-00406-ES01,opex,6000_OPEX,779.69,0.0,EXTERNAL,Non-people operating expenses,,HW-NET-SWC-P,C018
2023-10,ES01,Hardware,OPEX-2023-10-00406-ES01,opex,2100_AP,0.0,779.69,EXTERNAL,Non-people operating expense accrual,,HW-NET-SWC-P,C018
2023-10,ES01,Hardware,SALE-2023-10-00407-ES01,sale,1100_AR,27738.9,0.0,EXTERNAL,External customer invoice,,HW-NET-DST-P,C018
2023-10,ES01,Hardware,SALE-2023-10-00407-ES01,sale,4000_EXTERNAL_REVENUE,0.0,27738.9,EXTERNAL,External customer invoice,,HW-NET-DST-P,C018
2023-10,ES01,Hardware,COGS-2023-10-00407-ES01,cogs,5000_EXTERNAL_COGS,20777.36,0.0,EXTERNAL,External cost of sales at transfer price,,HW-NET-DST-P,C018
2023-10,ES01,Hardware,COGS-2023-10-00407-ES01,cogs,1200_INVENTORY,0.0,20777.36,EXTERNAL,Inventory consumption,,HW-NET-DST-P,C018
2023-10,ES01,Hardware,VARSELL-2023-10-00407-ES01,variable_selling,5300_VARIABLE_SELLING,1525.64,0.0,EXTERNAL,Variable selling and logistics,,HW-NET-DST-P,C018
2023-10,ES01,Hardware,VARSELL-2023-10-00407-ES01,variable_selling,2100_AP,0.0,1525.64,EXTERNAL,Variable selling accrual,,HW-NET-DST-P,C018
2023-10,ES01,Hardware,OPEX-2023-10-00407-ES01,opex,6000_OPEX,832.17,0.0,EXTERNAL,Non-people operating expenses,,HW-NET-DST-P,C018
2023-10,ES01,Hardware,OPEX-2023-10-00407-ES01,opex,2100_AP,0.0,832.17,EXTERNAL,Non-people operating expense accrual,,HW-NET-DST-P,C018
2023-10,ES01,Hardware,SALE-2023-10-00408-ES01,sale,1100_AR,23000.8,0.0,EXTERNAL,External customer invoice,,HW-NET-RTR-E,C018
2023-10,ES01,Hardware,SALE-2023-10-00408-ES01,sale,4000_EXTERNAL_REVENUE,0.0,23000.8,EXTERNAL,External customer invoice,,HW-NET-RTR-E,C018
2023-10,ES01,Hardware,COGS-2023-10-00408-ES01,cogs,5000_EXTERNAL_COGS,15072.69,0.0,EXTERNAL,External cost of sales at transfer price,,HW-NET-RTR-E,C018
2023-10,ES01,Hardware,COGS-2023-10-00408-ES01,cogs,1200_INVENTORY,0.0,15072.69,EXTERNAL,Inventory consumption,,HW-NET-RTR-E,C018
2023-10,ES01,Hardware,VARSELL-2023-10-00408-ES01,variable_selling,5300_VARIABLE_SELLING,1366.25,0.0,EXTERNAL,Variable selling and logistics,,HW-NET-RTR-E,C018
2023-10,ES01,Hardware,VARSELL-2023-10-00408-ES01,variable_selling,2100_AP,0.0,1366.25,EXTERNAL,Variable selling accrual,,HW-NET-RTR-E,C018
2023-10,ES01,Hardware,OPEX-2023-10-00408-ES01,opex,6000_OPEX,690.02,0.0,EXTERNAL,Non-people operating expenses,,HW-NET-RTR-E,C018
2023-10,ES01,Hardware,OPEX-2023-10-00408-ES01,opex,2100_AP,0.0,690.02,EXTERNAL,Non-people operating expense accrual,,HW-NET-RTR-E,C018
2023-10,ES01,Hardware,SALE-2023-10-00409-ES01,sale,1100_AR,29488.2,0.0,EXTERNAL,External customer invoice,,HW-NET-RTR-P,C018
2023-10,ES01,Hardware,SALE-2023-10-00409-ES01,sale,4000_EXTERNAL_REVENUE,0.0,29488.2,EXTERNAL,External customer invoice,,HW-NET-RTR-P,C018
2023-10,ES01,Hardware,COGS-2023-10-00409-ES01,cogs,5000_EXTERNAL_COGS,22775.33,0.0,EXTERNAL,External cost of sales at transfer price,,HW-NET-RTR-P,C018
2023-10,ES01,Hardware,COGS-2023-10-00409-ES01,cogs,1200_INVENTORY,0.0,22775.33,EXTERNAL,Inventory consumption,,HW-NET-RTR-P,C018
2023-10,ES01,Hardware,VARSELL-2023-10-00409-ES01,variable_selling,5300_VARIABLE_SELLING,1621.85,0.0,EXTERNAL,Variable selling and logistics,,HW-NET-RTR-P,C018
2023-10,ES01,Hardware,VARSELL-2023-10-00409-ES01,variable_selling,2100_AP,0.0,1621.85,EXTERNAL,Variable selling accrual,,HW-NET-RTR-P,C018
2023-10,ES01,Hardware,OPEX-2023-10-00409-ES01,opex,6000_OPEX,884.65,0.0,EXTERNAL,Non-people operating expenses,,HW-NET-RTR-P,C018
2023-10,ES01,Hardware,OPEX-2023-10-00409-ES01,opex,2100_AP,0.0,884.65,EXTERNAL,Non-people operating expense accrual,,HW-NET-RTR-P,C018
2023-10,ES01,Hardware,SALE-2023-10-00410-ES01,sale,1100_AR,26692.84,0.0,EXTERNAL,External customer invoice,,HW-SEN-RFID-E,C018
2023-10,ES01,Hardware,SALE-2023-10-00410-ES01,sale,4000_EXTERNAL_REVENUE,0.0,26692.84,EXTERNAL,External customer invoice,,HW-SEN-RFID-E,C018
2023-10,ES01,Hardware,COGS-2023-10-00410-ES01,cogs,5000_EXTERNAL_COGS,15923.43,0.0,EXTERNAL,External cost of sales at transfer price,,HW-SEN-RFID-E,C018
2023-10,ES01,Hardware,COGS-2023-10-00410-ES01,cogs,1200_INVENTORY,0.0,15923.43,EXTERNAL,Inventory consumption,,HW-SEN-RFID-E,C018
2023-10,ES01,Hardware,VARSELL-2023-10-00410-ES01,variable_selling,5300_VARIABLE_SELLING,1585.55,0.0,EXTERNAL,Variable selling and logistics,,HW-SEN-RFID-E,C018
2023-10,ES01,Hardware,VARSELL-2023-10-00410-ES01,variable_selling,2100_AP,0.0,1585.55,EXTERNAL,Variable selling accrual,,HW-SEN-RFID-E,C018
2023-10,ES01,Hardware,OPEX-2023-10-00410-ES01,opex,6000_OPEX,800.79,0.0,EXTERNAL,Non-people operating expenses,,HW-SEN-RFID-E,C018
2023-10,ES01,Hardware,OPEX-2023-10-00410-ES01,opex,2100_AP,0.0,800.79,EXTERNAL,Non-people operating expense accrual,,HW-SEN-RFID-E,C018
2023-10,ES01,Hardware,SALE-2023-10-00411-ES01,sale,1100_AR,17110.8,0.0,EXTERNAL,External customer invoice,,HW-SEN-RFID-P,C018
2023-10,ES01,Hardware,SALE-2023-10-00411-ES01,sale,4000_EXTERNAL_REVENUE,0.0,17110.8,EXTERNAL,External customer invoice,,HW-SEN-RFID-P,C018
2023-10,ES01,Hardware,COGS-2023-10-00411-ES01,cogs,5000_EXTERNAL_COGS,12018.48,0.0,EXTERNAL,External cost of sales at transfer price,,HW-SEN-RFID-P,C018
2023-10,ES01,Hardware,COGS-2023-10-00411-ES01,cogs,1200_INVENTORY,0.0,12018.48,EXTERNAL,Inventory consumption,,HW-SEN-RFID-P,C018
2023-10,ES01,Hardware,VARSELL-2023-10-00411-ES01,variable_selling,5300_VARIABLE_SELLING,941.09,0.0,EXTERNAL,Variable selling and logistics,,HW-SEN-RFID-P,C018
2023-10,ES01,Hardware,VARSELL-2023-10-00411-ES01,variable_selling,2100_AP,0.0,941.09,EXTERNAL,Variable selling accrual,,HW-SEN-RFID-P,C018
2023-10,ES01,Hardware,OPEX-2023-10-00411-ES01,opex,6000_OPEX,513.32,0.0,EXTERNAL,Non-people operating expenses,,HW-SEN-RFID-P,C018
2023-10,ES01,Hardware,OPEX-2023-10-00411-ES01,opex,2100_AP,0.0,513.32,EXTERNAL,Non-people operating expense accrual,,HW-SEN-RFID-P,C018
2023-10,ES01,Hardware,SALE-2023-10-00412-ES01,sale,1100_AR,14309.57,0.0,EXTERNAL,External customer invoice,,HW-SEN-BIO-E,C018
2023-10,ES01,Hardware,SALE-2023-10-00412-ES01,sale,4000_EXTERNAL_REVENUE,0.0,14309.57,EXTERNAL,External customer invoice,,HW-SEN-BIO-E,C018
2023-10,ES01,Hardware,COGS-2023-10-00412-ES01,cogs,5000_EXTERNAL_COGS,8816.59,0.0,EXTERNAL,External cost of sales at transfer price,,HW-SEN-BIO-E,C018
2023-10,ES01,Hardware,COGS-2023-10-00412-ES01,cogs,1200_INVENTORY,0.0,8816.59,EXTERNAL,Inventory consumption,,HW-SEN-BIO-E,C018
2023-10,ES01,Hardware,VARSELL-2023-10-00412-ES01,variable_selling,5300_VARIABLE_SELLING,849.99,0.0,EXTERNAL,Variable selling and logistics,,HW-SEN-BIO-E,C018
2023-10,ES01,Hardware,VARSELL-2023-10-00412-ES01,variable_selling,2100_AP,0.0,849.99,EXTERNAL,Variable selling accrual,,HW-SEN-BIO-E,C018
2023-10,ES01,Hardware,OPEX-2023-10-00412-ES01,opex,6000_OPEX,429.29,0.0,EXTERNAL,Non-people operating expenses,,HW-SEN-BIO-E,C018
2023-10,ES01,Hardware,OPEX-2023-10-00412-ES01,opex,2100_AP,0.0,429.29,EXTERNAL,Non-people operating expense accrual,,HW-SEN-BIO-E,C018
2023-10,ES01,Hardware,SALE-2023-10-00413-ES01,sale,1100_AR,15272.71,0.0,EXTERNAL,External customer invoice,,HW-SEN-CAM-E,C018
2023-10,ES01,Hardware,SALE-2023-10-00413-ES01,sale,4000_EXTERNAL_REVENUE,0.0,15272.71,EXTERNAL,External customer invoice,,HW-SEN-CAM-E,C018
2023-10,ES01,Hardware,COGS-2023-10-00413-ES01,cogs,5000_EXTERNAL_COGS,9709.2,0.0,EXTERNAL,External cost of sales at transfer price,,HW-SEN-CAM-E,C018
2023-10,ES01,Hardware,COGS-2023-10-00413-ES01,cogs,1200_INVENTORY,0.0,9709.2,EXTERNAL,Inventory consumption,,HW-SEN-CAM-E,C018
2023-10,ES01,Hardware,VARSELL-2023-10-00413-ES01,variable_selling,5300_VARIABLE_SELLING,907.2,0.0,EXTERNAL,Variable selling and logistics,,HW-SEN-CAM-E,C018
2023-10,ES01,Hardware,VARSELL-2023-10-00413-ES01,variable_selling,2100_AP,0.0,907.2,EXTERNAL,Variable selling accrual,,HW-SEN-CAM-E,C018
2023-10,ES01,Hardware,OPEX-2023-10-00413-ES01,opex,6000_OPEX,458.18,0.0,EXTERNAL,Non-people operating expenses,,HW-SEN-CAM-E,C018
2023-10,ES01,Hardware,OPEX-2023-10-00413-ES01,opex,2100_AP,0.0,458.18,EXTERNAL,Non-people operating expense accrual,,HW-SEN-CAM-E,C018
2023-10,ES01,Hardware,SALE-2023-10-00414-ES01,sale,1100_AR,16235.86,0.0,EXTERNAL,External customer invoice,,HW-SEN-HUB-E,C018
2023-10,ES01,Hardware,SALE-2023-10-00414-ES01,sale,4000_EXTERNAL_REVENUE,0.0,16235.86,EXTERNAL,External customer invoice,,HW-SEN-HUB-E,C018
2023-10,ES01,Hardware,COGS-2023-10-00414-ES01,cogs,5000_EXTERNAL_COGS,10639.54,0.0,EXTERNAL,External cost of sales at transfer price,,HW-SEN-HUB-E,C018
2023-10,ES01,Hardware,COGS-2023-10-00414-ES01,cogs,1200_INVENTORY,0.0,10639.54,EXTERNAL,Inventory consumption,,HW-SEN-HUB-E,C018
2023-10,ES01,Hardware,VARSELL-2023-10-00414-ES01,variable_selling,5300_VARIABLE_SELLING,964.41,0.0,EXTERNAL,Variable selling and logistics,,HW-SEN-HUB-E,C018
2023-10,ES01,Hardware,VARSELL-2023-10-00414-ES01,variable_selling,2100_AP,0.0,964.41,EXTERNAL,Variable selling accrual,,HW-SEN-HUB-E,C018
2023-10,ES01,Hardware,OPEX-2023-10-00414-ES01,opex,6000_OPEX,487.08,0.0,EXTERNAL,Non-people operating expenses,,HW-SEN-HUB-E,C018
2023-10,ES01,Hardware,OPEX-2023-10-00414-ES01,opex,2100_AP,0.0,487.08,EXTERNAL,Non-people operating expense accrual,,HW-SEN-HUB-E,C018
2023-10,ES01,Hardware,SALE-2023-10-00415-ES01,sale,1100_AR,17609.87,0.0,EXTERNAL,External customer invoice,,HW-CTL-MCU-E,C019
2023-10,ES01,Hardware,SALE-2023-10-00415-ES01,sale,4000_EXTERNAL_REVENUE,0.0,17609.87,EXTERNAL,External customer invoice,,HW-CTL-MCU-E,C019
2023-10,ES01,Hardware,COGS-2023-10-00415-ES01,cogs,5000_EXTERNAL_COGS,15074.13,0.0,EXTERNAL,External cost of sales at transfer price,,HW-CTL-MCU-E,C019
2023-10,ES01,Hardware,COGS-2023-10-00415-ES01,cogs,1200_INVENTORY,0.0,15074.13,EXTERNAL,Inventory consumption,,HW-CTL-MCU-E,C019
2023-10,ES01,Hardware,VARSELL-2023-10-00415-ES01,variable_selling,5300_VARIABLE_SELLING,1046.03,0.0,EXTERNAL,Variable selling and logistics,,HW-CTL-MCU-E,C019
2023-10,ES01,Hardware,VARSELL-2023-10-00415-ES01,variable_selling,2100_AP,0.0,1046.03,EXTERNAL,Variable selling accrual,,HW-CTL-MCU-E,C019
2023-10,ES01,Hardware,OPEX-2023-10-00415-ES01,opex,6000_OPEX,528.3,0.0,EXTERNAL,Non-people operating expenses,,HW-CTL-MCU-E,C019
2023-10,ES01,Hardware,OPEX-2023-10-00415-ES01,opex,2100_AP,0.0,528.3,EXTERNAL,Non-people operating expense accrual,,HW-CTL-MCU-E,C019
2023-10,ES01,Hardware,SALE-2023-10-00416-ES01,sale,1100_AR,22576.75,0.0,EXTERNAL,External customer invoice,,HW-CTL-MCU-P,C019
2023-10,ES01,Hardware,SALE-2023-10-00416-ES01,sale,4000_EXTERNAL_REVENUE,0.0,22576.75,EXTERNAL,External customer invoice,,HW-CTL-MCU-P,C019
2023-10,ES01,Hardware,COGS-2023-10-00416-ES01,cogs,5000_EXTERNAL_COGS,15857.72,0.0,EXTERNAL,External cost of sales at transfer price,,HW-CTL-MCU-P,C019
2023-10,ES01,Hardware,COGS-2023-10-00416-ES01,cogs,1200_INVENTORY,0.0,15857.72,EXTERNAL,Inventory consumption,,HW-CTL-MCU-P,C019
2023-10,ES01,Hardware,VARSELL-2023-10-00416-ES01,variable_selling,5300_VARIABLE_SELLING,1241.72,0.0,EXTERNAL,Variable selling and logistics,,HW-CTL-MCU-P,C019
2023-10,ES01,Hardware,VARSELL-2023-10-00416-ES01,variable_selling,2100_AP,0.0,1241.72,EXTERNAL,Variable selling accrual,,HW-CTL-MCU-P,C019
2023-10,ES01,Hardware,OPEX-2023-10-00416-ES01,opex,6000_OPEX,677.3,0.0,EXTERNAL,Non-people operating expenses,,HW-CTL-MCU-P,C019
2023-10,ES01,Hardware,OPEX-2023-10-00416-ES01,opex,2100_AP,0.0,677.3,EXTERNAL,Non-people operating expense accrual,,HW-CTL-MCU-P,C019
2023-10,ES01,Hardware,SALE-2023-10-00417-ES01,sale,1100_AR,24206.0,0.0,EXTERNAL,External customer invoice,,HW-CTL-RCK-P,C019
2023-10,ES01,Hardware,SALE-2023-10-00417-ES01,sale,4000_EXTERNAL_REVENUE,0.0,24206.0,EXTERNAL,External customer invoice,,HW-CTL-RCK-P,C019
2023-10,ES01,Hardware,COGS-2023-10-00417-ES01,cogs,5000_EXTERNAL_COGS,17566.6,0.0,EXTERNAL,External cost of sales at transfer price,,HW-CTL-RCK-P,C019
2023-10,ES01,Hardware,COGS-2023-10-00417-ES01,cogs,1200_INVENTORY,0.0,17566.6,EXTERNAL,Inventory consumption,,HW-CTL-RCK-P,C019
2023-10,ES01,Hardware,VARSELL-2023-10-00417-ES01,variable_selling,5300_VARIABLE_SELLING,1331.33,0.0,EXTERNAL,Variable selling and logistics,,HW-CTL-RCK-P,C019
2023-10,ES01,Hardware,VARSELL-2023-10-00417-ES01,variable_selling,2100_AP,0.0,1331.33,EXTERNAL,Variable selling accrual,,HW-CTL-RCK-P,C019
2023-10,ES01,Hardware,OPEX-2023-10-00417-ES01,opex,6000_OPEX,726.18,0.0,EXTERNAL,Non-people operating expenses,,HW-CTL-RCK-P,C019
2023-10,ES01,Hardware,OPEX-2023-10-00417-ES01,opex,2100_AP,0.0,726.18,EXTERNAL,Non-people operating expense accrual,,HW-CTL-RCK-P,C019
2023-10,ES01,Hardware,SALE-2023-10-00418-ES01,sale,1100_AR,35824.88,0.0,EXTERNAL,External customer invoice,,HW-CTL-RCK-X,C019
2023-10,ES01,Hardware,SALE-2023-10-00418-ES01,sale,4000_EXTERNAL_REVENUE,0.0,35824.88,EXTERNAL,External customer invoice,,HW-CTL-RCK-X,C019
2023-10,ES01,Hardware,COGS-2023-10-00418-ES01,cogs,5000_EXTERNAL_COGS,31462.88,0.0,EXTERNAL,External cost of sales at transfer price,,HW-CTL-RCK-X,C019
2023-10,ES01,Hardware,COGS-2023-10-00418-ES01,cogs,1200_INVENTORY,0.0,31462.88,EXTERNAL,Inventory consumption,,HW-CTL-RCK-X,C019
2023-10,ES01,Hardware,VARSELL-2023-10-00418-ES01,variable_selling,5300_VARIABLE_SELLING,1812.74,0.0,EXTERNAL,Variable selling and logistics,,HW-CTL-RCK-X,C019
2023-10,ES01,Hardware,VARSELL-2023-10-00418-ES01,variable_selling,2100_AP,0.0,1812.74,EXTERNAL,Variable selling accrual,,HW-CTL-RCK-X,C019
2023-10,ES01,Hardware,OPEX-2023-10-00418-ES01,opex,6000_OPEX,1074.75,0.0,EXTERNAL,Non-people operating expenses,,HW-CTL-RCK-X,C019
2023-10,ES01,Hardware,OPEX-2023-10-00418-ES01,opex,2100_AP,0.0,1074.75,EXTERNAL,Non-people operating expense accrual,,HW-CTL-RCK-X,C019
2023-10,ES01,Hardware,SALE-2023-10-00419-ES01,sale,1100_AR,20151.5,0.0,EXTERNAL,External customer invoice,,HW-CTL-RDN-E,C019
2023-10,ES01,Hardware,SALE-2023-10-00419-ES01,sale,4000_EXTERNAL_REVENUE,0.0,20151.5,EXTERNAL,External customer invoice,,HW-CTL-RDN-E,C019
2023-10,ES01,Hardware,COGS-2023-10-00419-ES01,cogs,5000_EXTERNAL_COGS,12810.75,0.0,EXTERNAL,External cost of sales at transfer price,,HW-CTL-RDN-E,C019
2023-10,ES01,Hardware,COGS-2023-10-00419-ES01,cogs,1200_INVENTORY,0.0,12810.75,EXTERNAL,Inventory consumption,,HW-CTL-RDN-E,C019
2023-10,ES01,Hardware,VARSELL-2023-10-00419-ES01,variable_selling,5300_VARIABLE_SELLING,1197.0,0.0,EXTERNAL,Variable selling and logistics,,HW-CTL-RDN-E,C019
2023-10,ES01,Hardware,VARSELL-2023-10-00419-ES01,variable_selling,2100_AP,0.0,1197.0,EXTERNAL,Variable selling accrual,,HW-CTL-RDN-E,C019
2023-10,ES01,Hardware,OPEX-2023-10-00419-ES01,opex,6000_OPEX,604.54,0.0,EXTERNAL,Non-people operating expenses,,HW-CTL-RDN-E,C019
2023-10,ES01,Hardware,OPEX-2023-10-00419-ES01,opex,2100_AP,0.0,604.54,EXTERNAL,Non-people operating expense accrual,,HW-CTL-RDN-E,C019
2023-10,ES01,Hardware,SALE-2023-10-00420-ES01,sale,1100_AR,25835.25,0.0,EXTERNAL,External customer invoice,,HW-CTL-RDN-P,C019
2023-10,ES01,Hardware,SALE-2023-10-00420-ES01,sale,4000_EXTERNAL_REVENUE,0.0,25835.25,EXTERNAL,External customer invoice,,HW-CTL-RDN-P,C019
2023-10,ES01,Hardware,COGS-2023-10-00420-ES01,cogs,5000_EXTERNAL_COGS,19351.46,0.0,EXTERNAL,External cost of sales at transfer price,,HW-CTL-RDN-P,C019
2023-10,ES01,Hardware,COGS-2023-10-00420-ES01,cogs,1200_INVENTORY,0.0,19351.46,EXTERNAL,Inventory consumption,,HW-CTL-RDN-P,C019
2023-10,ES01,Hardware,VARSELL-2023-10-00420-ES01,variable_selling,5300_VARIABLE_SELLING,1420.94,0.0,EXTERNAL,Variable selling and logistics,,HW-CTL-RDN-P,C019
2023-10,ES01,Hardware,VARSELL-2023-10-00420-ES01,variable_selling,2100_AP,0.0,1420.94,EXTERNAL,Variable selling accrual,,HW-CTL-RDN-P,C019
2023-10,ES01,Hardware,OPEX-2023-10-00420-ES01,opex,6000_OPEX,775.06,0.0,EXTERNAL,Non-people operating expenses,,HW-CTL-RDN-P,C019
2023-10,ES01,Hardware,OPEX-2023-10-00420-ES01,opex,2100_AP,0.0,775.06,EXTERNAL,Non-people operating expense accrual,,HW-CTL-RDN-P,C019
2023-10,ES01,Hardware,SALE-2023-10-00421-ES01,sale,1100_AR,22259.33,0.0,EXTERNAL,External customer invoice,,HW-EDG-SEC-E,C019
2023-10,ES01,Hardware,SALE-2023-10-00421-ES01,sale,4000_EXTERNAL_REVENUE,0.0,22259.33,EXTERNAL,External customer invoice,,HW-EDG-SEC-E,C019
2023-10,ES01,Hardware,COGS-2023-10-00421-ES01,cogs,5000_EXTERNAL_COGS,13714.69,0.0,EXTERNAL,External cost of sales at transfer price,,HW-EDG-SEC-E,C019
2023-10,ES01,Hardware,COGS-2023-10-00421-ES01,cogs,1200_INVENTORY,0.0,13714.69,EXTERNAL,Inventory consumption,,HW-EDG-SEC-E,C019
2023-10,ES01,Hardware,VARSELL-2023-10-00421-ES01,variable_selling,5300_VARIABLE_SELLING,1322.2,0.0,EXTERNAL,Variable selling and logistics,,HW-EDG-SEC-E,C019
2023-10,ES01,Hardware,VARSELL-2023-10-00421-ES01,variable_selling,2100_AP,0.0,1322.2,EXTERNAL,Variable selling accrual,,HW-EDG-SEC-E,C019
2023-10,ES01,Hardware,OPEX-2023-10-00421-ES01,opex,6000_OPEX,667.78,0.0,EXTERNAL,Non-people operating expenses,,HW-EDG-SEC-E,C019
2023-10,ES01,Hardware,OPEX-2023-10-00421-ES01,opex,2100_AP,0.0,667.78,EXTERNAL,Non-people operating expense accrual,,HW-EDG-SEC-E,C019
2023-10,ES01,Hardware,SALE-2023-10-00422-ES01,sale,1100_AR,28537.6,0.0,EXTERNAL,External customer invoice,,HW-EDG-SEC-P,C019
2023-10,ES01,Hardware,SALE-2023-10-00422-ES01,sale,4000_EXTERNAL_REVENUE,0.0,28537.6,EXTERNAL,External customer invoice,,HW-EDG-SEC-P,C019
2023-10,ES01,Hardware,COGS-2023-10-00422-ES01,cogs,5000_EXTERNAL_COGS,20710.09,0.0,EXTERNAL,External cost of sales at transfer price,,HW-EDG-SEC-P,C019
2023-10,ES01,Hardware,COGS-2023-10-00422-ES01,cogs,1200_INVENTORY,0.0,20710.09,EXTERNAL,Inventory consumption,,HW-EDG-SEC-P,C019
2023-10,ES01,Hardware,VARSELL-2023-10-00422-ES01,variable_selling,5300_VARIABLE_SELLING,1569.57,0.0,EXTERNAL,Variable selling and logistics,,HW-EDG-SEC-P,C019
2023-10,ES01,Hardware,VARSELL-2023-10-00422-ES01,variable_selling,2100_AP,0.0,1569.57,EXTERNAL,Variable selling accrual,,HW-EDG-SEC-P,C019
2023-10,ES01,Hardware,OPEX-2023-10-00422-ES01,opex,6000_OPEX,856.13,0.0,EXTERNAL,Non-people operating expenses,,HW-EDG-SEC-P,C019
2023-10,ES01,Hardware,OPEX-2023-10-00422-ES01,opex,2100_AP,0.0,856.13,EXTERNAL,Non-people operating expense accrual,,HW-EDG-SEC-P,C019
2023-10,ES01,Hardware,SALE-2023-10-00423-ES01,sale,1100_AR,20913.2,0.0,EXTERNAL,External customer invoice,,HW-TRM-FIX-P,C019
2023-10,ES01,Hardware,SALE-2023-10-00423-ES01,sale,4000_EXTERNAL_REVENUE,0.0,20913.2,EXTERNAL,External customer invoice,,HW-TRM-FIX-P,C019
2023-10,ES01,Hardware,COGS-2023-10-00423-ES01,cogs,5000_EXTERNAL_COGS,14689.25,0.0,EXTERNAL,External cost of sales at transfer price,,HW-TRM-FIX-P,C019
2023-10,ES01,Hardware,COGS-2023-10-00423-ES01,cogs,1200_INVENTORY,0.0,14689.25,EXTERNAL,Inventory consumption,,HW-TRM-FIX-P,C019
2023-10,ES01,Hardware,VARSELL-2023-10-00423-ES01,variable_selling,5300_VARIABLE_SELLING,1150.23,0.0,EXTERNAL,Variable selling and logistics,,HW-TRM-FIX-P,C019
2023-10,ES01,Hardware,VARSELL-2023-10-00423-ES01,variable_selling,2100_AP,0.0,1150.23,EXTERNAL,Variable selling accrual,,HW-TRM-FIX-P,C019
2023-10,ES01,Hardware,OPEX-2023-10-00423-ES01,opex,6000_OPEX,627.4,0.0,EXTERNAL,Non-people operating expenses,,HW-TRM-FIX-P,C019
2023-10,ES01,Hardware,OPEX-2023-10-00423-ES01,opex,2100_AP,0.0,627.4,EXTERNAL,Non-people operating expense accrual,,HW-TRM-FIX-P,C019
2023-10,ES01,Hardware,SALE-2023-10-00424-ES01,sale,1100_AR,18666.65,0.0,EXTERNAL,External customer invoice,,HW-TRM-MOB-E,C019
2023-10,ES01,Hardware,SALE-2023-10-00424-ES01,sale,4000_EXTERNAL_REVENUE,0.0,18666.65,EXTERNAL,External customer invoice,,HW-TRM-MOB-E,C019
2023-10,ES01,Hardware,COGS-2023-10-00424-ES01,cogs,5000_EXTERNAL_COGS,11866.8,0.0,EXTERNAL,External cost of sales at transfer price,,HW-TRM-MOB-E,C019
2023-10,ES01,Hardware,COGS-2023-10-00424-ES01,cogs,1200_INVENTORY,0.0,11866.8,EXTERNAL,Inventory consumption,,HW-TRM-MOB-E,C019
2023-10,ES01,Hardware,VARSELL-2023-10-00424-ES01,variable_selling,5300_VARIABLE_SELLING,1108.8,0.0,EXTERNAL,Variable selling and logistics,,HW-TRM-MOB-E,C019
2023-10,ES01,Hardware,VARSELL-2023-10-00424-ES01,variable_selling,2100_AP,0.0,1108.8,EXTERNAL,Variable selling accrual,,HW-TRM-MOB-E,C019
2023-10,ES01,Hardware,OPEX-2023-10-00424-ES01,opex,6000_OPEX,560.0,0.0,EXTERNAL,Non-people operating expenses,,HW-TRM-MOB-E,C019
2023-10,ES01,Hardware,OPEX-2023-10-00424-ES01,opex,2100_AP,0.0,560.0,EXTERNAL,Non-people operating expense accrual,,HW-TRM-MOB-E,C019
2023-10,ES01,Hardware,SALE-2023-10-00425-ES01,sale,1100_AR,19843.82,0.0,EXTERNAL,External customer invoice,,HW-TRM-RUG-E,C019
2023-10,ES01,Hardware,SALE-2023-10-00425-ES01,sale,4000_EXTERNAL_REVENUE,0.0,19843.82,EXTERNAL,External customer invoice,,HW-TRM-RUG-E,C019
2023-10,ES01,Hardware,COGS-2023-10-00425-ES01,cogs,5000_EXTERNAL_COGS,13003.89,0.0,EXTERNAL,External cost of sales at transfer price,,HW-TRM-RUG-E,C019
2023-10,ES01,Hardware,COGS-2023-10-00425-ES01,cogs,1200_INVENTORY,0.0,13003.89,EXTERNAL,Inventory consumption,,HW-TRM-RUG-E,C019
2023-10,ES01,Hardware,VARSELL-2023-10-00425-ES01,variable_selling,5300_VARIABLE_SELLING,1178.72,0.0,EXTERNAL,Variable selling and logistics,,HW-TRM-RUG-E,C019
2023-10,ES01,Hardware,VARSELL-2023-10-00425-ES01,variable_selling,2100_AP,0.0,1178.72,EXTERNAL,Variable selling accrual,,HW-TRM-RUG-E,C019
2023-10,ES01,Hardware,OPEX-2023-10-00425-ES01,opex,6000_OPEX,595.31,0.0,EXTERNAL,Non-people operating expenses,,HW-TRM-RUG-E,C019
2023-10,ES01,Hardware,OPEX-2023-10-00425-ES01,opex,2100_AP,0.0,595.31,EXTERNAL,Non-people operating expense accrual,,HW-TRM-RUG-E,C019
2023-10,ES01,Hardware,SALE-2023-10-00426-ES01,sale,1100_AR,25440.8,0.0,EXTERNAL,External customer invoice,,HW-TRM-RUG-P,C019
2023-10,ES01,Hardware,SALE-2023-10-00426-ES01,sale,4000_EXTERNAL_REVENUE,0.0,25440.8,EXTERNAL,External customer invoice,,HW-TRM-RUG-P,C019
2023-10,ES01,Hardware,COGS-2023-10-00426-ES01,cogs,5000_EXTERNAL_COGS,19649.3,0.0,EXTERNAL,External cost of sales at transfer price,,HW-TRM-RUG-P,C019
2023-10,ES01,Hardware,COGS-2023-10-00426-ES01,cogs,1200_INVENTORY,0.0,19649.3,EXTERNAL,Inventory consumption,,HW-TRM-RUG-P,C019
2023-10,ES01,Hardware,VARSELL-2023-10-00426-ES01,variable_selling,5300_VARIABLE_SELLING,1399.24,0.0,EXTERNAL,Variable selling and logistics,,HW-TRM-RUG-P,C019
2023-10,ES01,Hardware,VARSELL-2023-10-00426-ES01,variable_selling,2100_AP,0.0,1399.24,EXTERNAL,Variable selling accrual,,HW-TRM-RUG-P,C019
2023-10,ES01,Hardware,OPEX-2023-10-00426-ES01,opex,6000_OPEX,763.22,0.0,EXTERNAL,Non-people operating expenses,,HW-TRM-RUG-P,C019
2023-10,ES01,Hardware,OPEX-2023-10-00426-ES01,opex,2100_AP,0.0,763.22,EXTERNAL,Non-people operating expense accrual,,HW-TRM-RUG-P,C019
2023-10,ES01,Hardware,SALE-2023-10-00427-ES01,sale,1100_AR,25989.6,0.0,EXTERNAL,External customer invoice,,HW-NET-SWC-P,C019
2023-10,ES01,Hardware,SALE-2023-10-00427-ES01,sale,4000_EXTERNAL_REVENUE,0.0,25989.6,EXTERNAL,External customer invoice,,HW-NET-SWC-P,C019
2023-10,ES01,Hardware,COGS-2023-10-00427-ES01,cogs,5000_EXTERNAL_COGS,18860.98,0.0,EXTERNAL,External cost of sales at transfer price,,HW-NET-SWC-P,C019
2023-10,ES01,Hardware,COGS-2023-10-00427-ES01,cogs,1200_INVENTORY,0.0,18860.98,EXTERNAL,Inventory consumption,,HW-NET-SWC-P,C019
2023-10,ES01,Hardware,VARSELL-2023-10-00427-ES01,variable_selling,5300_VARIABLE_SELLING,1429.43,0.0,EXTERNAL,Variable selling and logistics,,HW-NET-SWC-P,C019
2023-10,ES01,Hardware,VARSELL-2023-10-00427-ES01,variable_selling,2100_AP,0.0,1429.43,EXTERNAL,Variable selling accrual,,HW-NET-SWC-P,C019
2023-10,ES01,Hardware,OPEX-2023-10-00427-ES01,opex,6000_OPEX,779.69,0.0,EXTERNAL,Non-people operating expenses,,HW-NET-SWC-P,C019
2023-10,ES01,Hardware,OPEX-2023-10-00427-ES01,opex,2100_AP,0.0,779.69,EXTERNAL,Non-people operating expense accrual,,HW-NET-SWC-P,C019
2023-10,ES01,Hardware,SALE-2023-10-00428-ES01,sale,1100_AR,21636.34,0.0,EXTERNAL,External customer invoice,,HW-NET-DST-E,C019
2023-10,ES01,Hardware,SALE-2023-10-00428-ES01,sale,4000_EXTERNAL_REVENUE,0.0,21636.34,EXTERNAL,External customer invoice,,HW-NET-DST-E,C019
2023-10,ES01,Hardware,COGS-2023-10-00428-ES01,cogs,5000_EXTERNAL_COGS,13754.7,0.0,EXTERNAL,External cost of sales at transfer price,,HW-NET-DST-E,C019
2023-10,ES01,Hardware,COGS-2023-10-00428-ES01,cogs,1200_INVENTORY,0.0,13754.7,EXTERNAL,Inventory consumption,,HW-NET-DST-E,C019
2023-10,ES01,Hardware,VARSELL-2023-10-00428-ES01,variable_selling,5300_VARIABLE_SELLING,1285.2,0.0,EXTERNAL,Variable selling and logistics,,HW-NET-DST-E,C019
2023-10,ES01,Hardware,VARSELL-2023-10-00428-ES01,variable_selling,2100_AP,0.0,1285.2,EXTERNAL,Variable selling accrual,,HW-NET-DST-E,C019
2023-10,ES01,Hardware,OPEX-2023-10-00428-ES01,opex,6000_OPEX,649.09,0.0,EXTERNAL,Non-people operating expenses,,HW-NET-DST-E,C019
2023-10,ES01,Hardware,OPEX-2023-10-00428-ES01,opex,2100_AP,0.0,649.09,EXTERNAL,Non-people operating expense accrual,,HW-NET-DST-E,C019
2023-10,ES01,Hardware,SALE-2023-10-00429-ES01,sale,1100_AR,27738.9,0.0,EXTERNAL,External customer invoice,,HW-NET-DST-P,C019
2023-10,ES01,Hardware,SALE-2023-10-00429-ES01,sale,4000_EXTERNAL_REVENUE,0.0,27738.9,EXTERNAL,External customer invoice,,HW-NET-DST-P,C019
2023-10,ES01,Hardware,COGS-2023-10-00429-ES01,cogs,5000_EXTERNAL_COGS,20777.36,0.0,EXTERNAL,External cost of sales at transfer price,,HW-NET-DST-P,C019
2023-10,ES01,Hardware,COGS-2023-10-00429-ES01,cogs,1200_INVENTORY,0.0,20777.36,EXTERNAL,Inventory consumption,,HW-NET-DST-P,C019
2023-10,ES01,Hardware,VARSELL-2023-10-00429-ES01,variable_selling,5300_VARIABLE_SELLING,1525.64,0.0,EXTERNAL,Variable selling and logistics,,HW-NET-DST-P,C019
2023-10,ES01,Hardware,VARSELL-2023-10-00429-ES01,variable_selling,2100_AP,0.0,1525.64,EXTERNAL,Variable selling accrual,,HW-NET-DST-P,C019
2023-10,ES01,Hardware,OPEX-2023-10-00429-ES01,opex,6000_OPEX,832.17,0.0,EXTERNAL,Non-people operating expenses,,HW-NET-DST-P,C019
2023-10,ES01,Hardware,OPEX-2023-10-00429-ES01,opex,2100_AP,0.0,832.17,EXTERNAL,Non-people operating expense accrual,,HW-NET-DST-P,C019
2023-10,ES01,Hardware,SALE-2023-10-00430-ES01,sale,1100_AR,23000.8,0.0,EXTERNAL,External customer invoice,,HW-NET-RTR-E,C019
2023-10,ES01,Hardware,SALE-2023-10-00430-ES01,sale,4000_EXTERNAL_REVENUE,0.0,23000.8,EXTERNAL,External customer invoice,,HW-NET-RTR-E,C019
2023-10,ES01,Hardware,COGS-2023-10-00430-ES01,cogs,5000_EXTERNAL_COGS,15072.69,0.0,EXTERNAL,External cost of sales at transfer price,,HW-NET-RTR-E,C019
2023-10,ES01,Hardware,COGS-2023-10-00430-ES01,cogs,1200_INVENTORY,0.0,15072.69,EXTERNAL,Inventory consumption,,HW-NET-RTR-E,C019
2023-10,ES01,Hardware,VARSELL-2023-10-00430-ES01,variable_selling,5300_VARIABLE_SELLING,1366.25,0.0,EXTERNAL,Variable selling and logistics,,HW-NET-RTR-E,C019
2023-10,ES01,Hardware,VARSELL-2023-10-00430-ES01,variable_selling,2100_AP,0.0,1366.25,EXTERNAL,Variable selling accrual,,HW-NET-RTR-E,C019
2023-10,ES01,Hardware,OPEX-2023-10-00430-ES01,opex,6000_OPEX,690.02,0.0,EXTERNAL,Non-people operating expenses,,HW-NET-RTR-E,C019
2023-10,ES01,Hardware,OPEX-2023-10-00430-ES01,opex,2100_AP,0.0,690.02,EXTERNAL,Non-people operating expense accrual,,HW-NET-RTR-E,C019
2023-10,ES01,Hardware,SALE-2023-10-00431-ES01,sale,1100_AR,29488.2,0.0,EXTERNAL,External customer invoice,,HW-NET-RTR-P,C019
2023-10,ES01,Hardware,SALE-2023-10-00431-ES01,sale,4000_EXTERNAL_REVENUE,0.0,29488.2,EXTERNAL,External customer invoice,,HW-NET-RTR-P,C019
2023-10,ES01,Hardware,COGS-2023-10-00431-ES01,cogs,5000_EXTERNAL_COGS,22775.33,0.0,EXTERNAL,External cost of sales at transfer price,,HW-NET-RTR-P,C019
2023-10,ES01,Hardware,COGS-2023-10-00431-ES01,cogs,1200_INVENTORY,0.0,22775.33,EXTERNAL,Inventory consumption,,HW-NET-RTR-P,C019
2023-10,ES01,Hardware,VARSELL-2023-10-00431-ES01,variable_selling,5300_VARIABLE_SELLING,1621.85,0.0,EXTERNAL,Variable selling and logistics,,HW-NET-RTR-P,C019
2023-10,ES01,Hardware,VARSELL-2023-10-00431-ES01,variable_selling,2100_AP,0.0,1621.85,EXTERNAL,Variable selling accrual,,HW-NET-RTR-P,C019
2023-10,ES01,Hardware,OPEX-2023-10-00431-ES01,opex,6000_OPEX,884.65,0.0,EXTERNAL,Non-people operating expenses,,HW-NET-RTR-P,C019
2023-10,ES01,Hardware,OPEX-2023-10-00431-ES01,opex,2100_AP,0.0,884.65,EXTERNAL,Non-people operating expense accrual,,HW-NET-RTR-P,C019
2023-10,ES01,Hardware,SALE-2023-10-00432-ES01,sale,1100_AR,17110.8,0.0,EXTERNAL,External customer invoice,,HW-SEN-RFID-P,C019
2023-10,ES01,Hardware,SALE-2023-10-00432-ES01,sale,4000_EXTERNAL_REVENUE,0.0,17110.8,EXTERNAL,External customer invoice,,HW-SEN-RFID-P,C019
2023-10,ES01,Hardware,COGS-2023-10-00432-ES01,cogs,5000_EXTERNAL_COGS,12018.48,0.0,EXTERNAL,External cost of sales at transfer price,,HW-SEN-RFID-P,C019
2023-10,ES01,Hardware,COGS-2023-10-00432-ES01,cogs,1200_INVENTORY,0.0,12018.48,EXTERNAL,Inventory consumption,,HW-SEN-RFID-P,C019
2023-10,ES01,Hardware,VARSELL-2023-10-00432-ES01,variable_selling,5300_VARIABLE_SELLING,941.09,0.0,EXTERNAL,Variable selling and logistics,,HW-SEN-RFID-P,C019
2023-10,ES01,Hardware,VARSELL-2023-10-00432-ES01,variable_selling,2100_AP,0.0,941.09,EXTERNAL,Variable selling accrual,,HW-SEN-RFID-P,C019
2023-10,ES01,Hardware,OPEX-2023-10-00432-ES01,opex,6000_OPEX,513.32,0.0,EXTERNAL,Non-people operating expenses,,HW-SEN-RFID-P,C019
2023-10,ES01,Hardware,OPEX-2023-10-00432-ES01,opex,2100_AP,0.0,513.32,EXTERNAL,Non-people operating expense accrual,,HW-SEN-RFID-P,C019
2023-10,ES01,Hardware,SALE-2023-10-00433-ES01,sale,1100_AR,15272.71,0.0,EXTERNAL,External customer invoice,,HW-SEN-CAM-E,C019
2023-10,ES01,Hardware,SALE-2023-10-00433-ES01,sale,4000_EXTERNAL_REVENUE,0.0,15272.71,EXTERNAL,External customer invoice,,HW-SEN-CAM-E,C019
2023-10,ES01,Hardware,COGS-2023-10-00433-ES01,cogs,5000_EXTERNAL_COGS,9709.2,0.0,EXTERNAL,External cost of sales at transfer price,,HW-SEN-CAM-E,C019
2023-10,ES01,Hardware,COGS-2023-10-00433-ES01,cogs,1200_INVENTORY,0.0,9709.2,EXTERNAL,Inventory consumption,,HW-SEN-CAM-E,C019
2023-10,ES01,Hardware,VARSELL-2023-10-00433-ES01,variable_selling,5300_VARIABLE_SELLING,907.2,0.0,EXTERNAL,Variable selling and logistics,,HW-SEN-CAM-E,C019
2023-10,ES01,Hardware,VARSELL-2023-10-00433-ES01,variable_selling,2100_AP,0.0,907.2,EXTERNAL,Variable selling accrual,,HW-SEN-CAM-E,C019
2023-10,ES01,Hardware,OPEX-2023-10-00433-ES01,opex,6000_OPEX,458.18,0.0,EXTERNAL,Non-people operating expenses,,HW-SEN-CAM-E,C019
2023-10,ES01,Hardware,OPEX-2023-10-00433-ES01,opex,2100_AP,0.0,458.18,EXTERNAL,Non-people operating expense accrual,,HW-SEN-CAM-E,C019
2023-10,ES01,Hardware,SALE-2023-10-00434-ES01,sale,1100_AR,19580.4,0.0,EXTERNAL,External customer invoice,,HW-SEN-CAM-P,C019
2023-10,ES01,Hardware,SALE-2023-10-00434-ES01,sale,4000_EXTERNAL_REVENUE,0.0,19580.4,EXTERNAL,External customer invoice,,HW-SEN-CAM-P,C019
2023-10,ES01,Hardware,COGS-2023-10-00434-ES01,cogs,5000_EXTERNAL_COGS,14666.38,0.0,EXTERNAL,External cost of sales at transfer price,,HW-SEN-CAM-P,C019
2023-10,ES01,Hardware,COGS-2023-10-00434-ES01,cogs,1200_INVENTORY,0.0,14666.38,EXTERNAL,Inventory consumption,,HW-SEN-CAM-P,C019
2023-10,ES01,Hardware,VARSELL-2023-10-00434-ES01,variable_selling,5300_VARIABLE_SELLING,1076.92,0.0,EXTERNAL,Variable selling and logistics,,HW-SEN-CAM-P,C019
2023-10,ES01,Hardware,VARSELL-2023-10-00434-ES01,variable_selling,2100_AP,0.0,1076.92,EXTERNAL,Variable selling accrual,,HW-SEN-CAM-P,C019
2023-10,ES01,Hardware,OPEX-2023-10-00434-ES01,opex,6000_OPEX,587.41,0.0,EXTERNAL,Non-people operating expenses,,HW-SEN-CAM-P,C019
2023-10,ES01,Hardware,OPEX-2023-10-00434-ES01,opex,2100_AP,0.0,587.41,EXTERNAL,Non-people operating expense accrual,,HW-SEN-CAM-P,C019
2023-10,ES01,Hardware,SALE-2023-10-00435-ES01,sale,1100_AR,35219.74,0.0,EXTERNAL,External customer invoice,,HW-CTL-MCU-E,C020
2023-10,ES01,Hardware,SALE-2023-10-00435-ES01,sale,4000_EXTERNAL_REVENUE,0.0,35219.74,EXTERNAL,External customer invoice,,HW-CTL-MCU-E,C020
2023-10,ES01,Hardware,COGS-2023-10-00435-ES01,cogs,5000_EXTERNAL_COGS,30148.25,0.0,EXTERNAL,External cost of sales at transfer price,,HW-CTL-MCU-E,C020
2023-10,ES01,Hardware,COGS-2023-10-00435-ES01,cogs,1200_INVENTORY,0.0,30148.25,EXTERNAL,Inventory consumption,,HW-CTL-MCU-E,C020
2023-10,ES01,Hardware,VARSELL-2023-10-00435-ES01,variable_selling,5300_VARIABLE_SELLING,2092.05,0.0,EXTERNAL,Variable selling and logistics,,HW-CTL-MCU-E,C020
2023-10,ES01,Hardware,VARSELL-2023-10-00435-ES01,variable_selling,2100_AP,0.0,2092.05,EXTERNAL,Variable selling accrual,,HW-CTL-MCU-E,C020
2023-10,ES01,Hardware,OPEX-2023-10-00435-ES01,opex,6000_OPEX,1056.59,0.0,EXTERNAL,Non-people operating expenses,,HW-CTL-MCU-E,C020
2023-10,ES01,Hardware,OPEX-2023-10-00435-ES01,opex,2100_AP,0.0,1056.59,EXTERNAL,Non-people operating expense accrual,,HW-CTL-MCU-E,C020
2023-10,ES01,Hardware,SALE-2023-10-00436-ES01,sale,1100_AR,22576.75,0.0,EXTERNAL,External customer invoice,,HW-CTL-MCU-P,C020
2023-10,ES01,Hardware,SALE-2023-10-00436-ES01,sale,4000_EXTERNAL_REVENUE,0.0,22576.75,EXTERNAL,External customer invoice,,HW-CTL-MCU-P,C020
2023-10,ES01,Hardware,COGS-2023-10-00436-ES01,cogs,5000_EXTERNAL_COGS,15857.72,0.0,EXTERNAL,External cost of sales at transfer price,,HW-CTL-MCU-P,C020
2023-10,ES01,Hardware,COGS-2023-10-00436-ES01,cogs,1200_INVENTORY,0.0,15857.72,EXTERNAL,Inventory consumption,,HW-CTL-MCU-P,C020
2023-10,ES01,Hardware,VARSELL-2023-10-00436-ES01,variable_selling,5300_VARIABLE_SELLING,1241.72,0.0,EXTERNAL,Variable selling and logistics,,HW-CTL-MCU-P,C020
2023-10,ES01,Hardware,VARSELL-2023-10-00436-ES01,variable_selling,2100_AP,0.0,1241.72,EXTERNAL,Variable selling accrual,,HW-CTL-MCU-P,C020
2023-10,ES01,Hardware,OPEX-2023-10-00436-ES01,opex,6000_OPEX,677.3,0.0,EXTERNAL,Non-people operating expenses,,HW-CTL-MCU-P,C020
2023-10,ES01,Hardware,OPEX-2023-10-00436-ES01,opex,2100_AP,0.0,677.3,EXTERNAL,Non-people operating expense accrual,,HW-CTL-MCU-P,C020
2023-10,ES01,Hardware,SALE-2023-10-00437-ES01,sale,1100_AR,33413.59,0.0,EXTERNAL,External customer invoice,,HW-CTL-MCU-X,C020
2023-10,ES01,Hardware,SALE-2023-10-00437-ES01,sale,4000_EXTERNAL_REVENUE,0.0,33413.59,EXTERNAL,External customer invoice,,HW-CTL-MCU-X,C020
2023-10,ES01,Hardware,COGS-2023-10-00437-ES01,cogs,5000_EXTERNAL_COGS,28394.52,0.0,EXTERNAL,External cost of sales at transfer price,,HW-CTL-MCU-X,C020
2023-10,ES01,Hardware,COGS-2023-10-00437-ES01,cogs,1200_INVENTORY,0.0,28394.52,EXTERNAL,Inventory consumption,,HW-CTL-MCU-X,C020
2023-10,ES01,Hardware,VARSELL-2023-10-00437-ES01,variable_selling,5300_VARIABLE_SELLING,1690.73,0.0,EXTERNAL,Variable selling and logistics,,HW-CTL-MCU-X,C020
2023-10,ES01,Hardware,VARSELL-2023-10-00437-ES01,variable_selling,2100_AP,0.0,1690.73,EXTERNAL,Variable selling accrual,,HW-CTL-MCU-X,C020
2023-10,ES01,Hardware,OPEX-2023-10-00437-ES01,opex,6000_OPEX,1002.41,0.0,EXTERNAL,Non-people operating expenses,,HW-CTL-MCU-X,C020
2023-10,ES01,Hardware,OPEX-2023-10-00437-ES01,opex,2100_AP,0.0,1002.41,EXTERNAL,Non-people operating expense accrual,,HW-CTL-MCU-X,C020
2023-10,ES01,Hardware,SALE-2023-10-00438-ES01,sale,1100_AR,24206.0,0.0,EXTERNAL,External customer invoice,,HW-CTL-RCK-P,C020
2023-10,ES01,Hardware,SALE-2023-10-00438-ES01,sale,4000_EXTERNAL_REVENUE,0.0,24206.0,EXTERNAL,External customer invoice,,HW-CTL-RCK-P,C020
2023-10,ES01,Hardware,COGS-2023-10-00438-ES01,cogs,5000_EXTERNAL_COGS,17566.6,0.0,EXTERNAL,External cost of sales at transfer price,,HW-CTL-RCK-P,C020
2023-10,ES01,Hardware,COGS-2023-10-00438-ES01,cogs,1200_INVENTORY,0.0,17566.6,EXTERNAL,Inventory consumption,,HW-CTL-RCK-P,C020
2023-10,ES01,Hardware,VARSELL-2023-10-00438-ES01,variable_selling,5300_VARIABLE_SELLING,1331.33,0.0,EXTERNAL,Variable selling and logistics,,HW-CTL-RCK-P,C020
2023-10,ES01,Hardware,VARSELL-2023-10-00438-ES01,variable_selling,2100_AP,0.0,1331.33,EXTERNAL,Variable selling accrual,,HW-CTL-RCK-P,C020
2023-10,ES01,Hardware,OPEX-2023-10-00438-ES01,opex,6000_OPEX,726.18,0.0,EXTERNAL,Non-people operating expenses,,HW-CTL-RCK-P,C020
2023-10,ES01,Hardware,OPEX-2023-10-00438-ES01,opex,2100_AP,0.0,726.18,EXTERNAL,Non-people operating expense accrual,,HW-CTL-RCK-P,C020
2023-10,ES01,Hardware,SALE-2023-10-00439-ES01,sale,1100_AR,35824.88,0.0,EXTERNAL,External customer invoice,,HW-CTL-RCK-X,C020
2023-10,ES01,Hardware,SALE-2023-10-00439-ES01,sale,4000_EXTERNAL_REVENUE,0.0,35824.88,EXTERNAL,External customer invoice,,HW-CTL-RCK-X,C020
2023-10,ES01,Hardware,COGS-2023-10-00439-ES01,cogs,5000_EXTERNAL_COGS,31462.88,0.0,EXTERNAL,External cost of sales at transfer price,,HW-CTL-RCK-X,C020
2023-10,ES01,Hardware,COGS-2023-10-00439-ES01,cogs,1200_INVENTORY,0.0,31462.88,EXTERNAL,Inventory consumption,,HW-CTL-RCK-X,C020
2023-10,ES01,Hardware,VARSELL-2023-10-00439-ES01,variable_selling,5300_VARIABLE_SELLING,1812.74,0.0,EXTERNAL,Variable selling and logistics,,HW-CTL-RCK-X,C020
2023-10,ES01,Hardware,VARSELL-2023-10-00439-ES01,variable_selling,2100_AP,0.0,1812.74,EXTERNAL,Variable selling accrual,,HW-CTL-RCK-X,C020
2023-10,ES01,Hardware,OPEX-2023-10-00439-ES01,opex,6000_OPEX,1074.75,0.0,EXTERNAL,Non-people operating expenses,,HW-CTL-RCK-X,C020
2023-10,ES01,Hardware,OPEX-2023-10-00439-ES01,opex,2100_AP,0.0,1074.75,EXTERNAL,Non-people operating expense accrual,,HW-CTL-RCK-X,C020
2023-10,ES01,Hardware,SALE-2023-10-00440-ES01,sale,1100_AR,40303.0,0.0,EXTERNAL,External customer invoice,,HW-CTL-RDN-E,C020
2023-10,ES01,Hardware,SALE-2023-10-00440-ES01,sale,4000_EXTERNAL_REVENUE,0.0,40303.0,EXTERNAL,External customer invoice,,HW-CTL-RDN-E,C020
2023-10,ES01,Hardware,COGS-2023-10-00440-ES01,cogs,5000_EXTERNAL_COGS,25621.51,0.0,EXTERNAL,External cost of sales at transfer price,,HW-CTL-RDN-E,C020
2023-10,ES01,Hardware,COGS-2023-10-00440-ES01,cogs,1200_INVENTORY,0.0,25621.51,EXTERNAL,Inventory consumption,,HW-CTL-RDN-E,C020
2023-10,ES01,Hardware,VARSELL-2023-10-00440-ES01,variable_selling,5300_VARIABLE_SELLING,2394.0,0.0,EXTERNAL,Variable selling and logistics,,HW-CTL-RDN-E,C020
2023-10,ES01,Hardware,VARSELL-2023-10-00440-ES01,variable_selling,2100_AP,0.0,2394.0,EXTERNAL,Variable selling accrual,,HW-CTL-RDN-E,C020
2023-10,ES01,Hardware,OPEX-2023-10-00440-ES01,opex,6000_OPEX,1209.09,0.0,EXTERNAL,Non-people operating expenses,,HW-CTL-RDN-E,C020
2023-10,ES01,Hardware,OPEX-2023-10-00440-ES01,opex,2100_AP,0.0,1209.09,EXTERNAL,Non-people operating expense accrual,,HW-CTL-RDN-E,C020
2023-10,ES01,Hardware,SALE-2023-10-00441-ES01,sale,1100_AR,25835.25,0.0,EXTERNAL,External customer invoice,,HW-CTL-RDN-P,C020
2023-10,ES01,Hardware,SALE-2023-10-00441-ES01,sale,4000_EXTERNAL_REVENUE,0.0,25835.25,EXTERNAL,External customer invoice,,HW-CTL-RDN-P,C020
2023-10,ES01,Hardware,COGS-2023-10-00441-ES01,cogs,5000_EXTERNAL_COGS,19351.46,0.0,EXTERNAL,External cost of sales at transfer price,,HW-CTL-RDN-P,C020
2023-10,ES01,Hardware,COGS-2023-10-00441-ES01,cogs,1200_INVENTORY,0.0,19351.46,EXTERNAL,Inventory consumption,,HW-CTL-RDN-P,C020
2023-10,ES01,Hardware,VARSELL-2023-10-00441-ES01,variable_selling,5300_VARIABLE_SELLING,1420.94,0.0,EXTERNAL,Variable selling and logistics,,HW-CTL-RDN-P,C020
2023-10,ES01,Hardware,VARSELL-2023-10-00441-ES01,variable_selling,2100_AP,0.0,1420.94,EXTERNAL,Variable selling accrual,,HW-CTL-RDN-P,C020
2023-10,ES01,Hardware,OPEX-2023-10-00441-ES01,opex,6000_OPEX,775.06,0.0,EXTERNAL,Non-people operating expenses,,HW-CTL-RDN-P,C020
2023-10,ES01,Hardware,OPEX-2023-10-00441-ES01,opex,2100_AP,0.0,775.06,EXTERNAL,Non-people operating expense accrual,,HW-CTL-RDN-P,C020
2023-10,ES01,Hardware,SALE-2023-10-00442-ES01,sale,1100_AR,38236.17,0.0,EXTERNAL,External customer invoice,,HW-CTL-RDN-X,C020
2023-10,ES01,Hardware,SALE-2023-10-00442-ES01,sale,4000_EXTERNAL_REVENUE,0.0,38236.17,EXTERNAL,External customer invoice,,HW-CTL-RDN-X,C020
2023-10,ES01,Hardware,COGS-2023-10-00442-ES01,cogs,5000_EXTERNAL_COGS,34668.46,0.0,EXTERNAL,External cost of sales at transfer price,,HW-CTL-RDN-X,C020
2023-10,ES01,Hardware,COGS-2023-10-00442-ES01,cogs,1200_INVENTORY,0.0,34668.46,EXTERNAL,Inventory consumption,,HW-CTL-RDN-X,C020
2023-10,ES01,Hardware,VARSELL-2023-10-00442-ES01,variable_selling,5300_VARIABLE_SELLING,1934.75,0.0,EXTERNAL,Variable selling and logistics,,HW-CTL-RDN-X,C020
2023-10,ES01,Hardware,VARSELL-2023-10-00442-ES01,variable_selling,2100_AP,0.0,1934.75,EXTERNAL,Variable selling accrual,,HW-CTL-RDN-X,C020
2023-10,ES01,Hardware,OPEX-2023-10-00442-ES01,opex,6000_OPEX,1147.09,0.0,EXTERNAL,Non-people operating expenses,,HW-CTL-RDN-X,C020
2023-10,ES01,Hardware,OPEX-2023-10-00442-ES01,opex,2100_AP,0.0,1147.09,EXTERNAL,Non-people operating expense accrual,,HW-CTL-RDN-X,C020
2023-10,ES01,Hardware,SALE-2023-10-00443-ES01,sale,1100_AR,20761.1,0.0,EXTERNAL,External customer invoice,,HW-EDG-GTW-E,C020
2023-10,ES01,Hardware,SALE-2023-10-00443-ES01,sale,4000_EXTERNAL_REVENUE,0.0,20761.1,EXTERNAL,External customer invoice,,HW-EDG-GTW-E,C020
2023-10,ES01,Hardware,COGS-2023-10-00443-ES01,cogs,5000_EXTERNAL_COGS,17771.61,0.0,EXTERNAL,External cost of sales at transfer price,,HW-EDG-GTW-E,C020
2023-10,ES01,Hardware,COGS-2023-10-00443-ES01,cogs,1200_INVENTORY,0.0,17771.61,EXTERNAL,Inventory consumption,,HW-EDG-GTW-E,C020
2023-10,ES01,Hardware,VARSELL-2023-10-00443-ES01,variable_selling,5300_VARIABLE_SELLING,1233.21,0.0,EXTERNAL,Variable selling and logistics,,HW-EDG-GTW-E,C020
2023-10,ES01,Hardware,VARSELL-2023-10-00443-ES01,variable_selling,2100_AP,0.0,1233.21,EXTERNAL,Variable selling accrual,,HW-EDG-GTW-E,C020
2023-10,ES01,Hardware,OPEX-2023-10-00443-ES01,opex,6000_OPEX,622.83,0.0,EXTERNAL,Non-people operating expenses,,HW-EDG-GTW-E,C020
2023-10,ES01,Hardware,OPEX-2023-10-00443-ES01,opex,2100_AP,0.0,622.83,EXTERNAL,Non-people operating expense accrual,,HW-EDG-GTW-E,C020
2023-10,ES01,Hardware,SALE-2023-10-00444-ES01,sale,1100_AR,39392.86,0.0,EXTERNAL,External customer invoice,,HW-EDG-GTW-X,C020
2023-10,ES01,Hardware,SALE-2023-10-00444-ES01,sale,4000_EXTERNAL_REVENUE,0.0,39392.86,EXTERNAL,External customer invoice,,HW-EDG-GTW-X,C020
2023-10,ES01,Hardware,COGS-2023-10-00444-ES01,cogs,5000_EXTERNAL_COGS,33475.65,0.0,EXTERNAL,External cost of sales at transfer price,,HW-EDG-GTW-X,C020
2023-10,ES01,Hardware,COGS-2023-10-00444-ES01,cogs,1200_INVENTORY,0.0,33475.65,EXTERNAL,Inventory consumption,,HW-EDG-GTW-X,C020
2023-10,ES01,Hardware,VARSELL-2023-10-00444-ES01,variable_selling,5300_VARIABLE_SELLING,1993.28,0.0,EXTERNAL,Variable selling and logistics,,HW-EDG-GTW-X,C020
2023-10,ES01,Hardware,VARSELL-2023-10-00444-ES01,variable_selling,2100_AP,0.0,1993.28,EXTERNAL,Variable selling accrual,,HW-EDG-GTW-X,C020
2023-10,ES01,Hardware,OPEX-2023-10-00444-ES01,opex,6000_OPEX,1181.79,0.0,EXTERNAL,Non-people operating expenses,,HW-EDG-GTW-X,C020
2023-10,ES01,Hardware,OPEX-2023-10-00444-ES01,opex,2100_AP,0.0,1181.79,EXTERNAL,Non-people operating expense accrual,,HW-EDG-GTW-X,C020
2023-10,ES01,Hardware,SALE-2023-10-00445-ES01,sale,1100_AR,22259.33,0.0,EXTERNAL,External customer invoice,,HW-EDG-SEC-E,C020
2023-10,ES01,Hardware,SALE-2023-10-00445-ES01,sale,4000_EXTERNAL_REVENUE,0.0,22259.33,EXTERNAL,External customer invoice,,HW-EDG-SEC-E,C020
2023-10,ES01,Hardware,COGS-2023-10-00445-ES01,cogs,5000_EXTERNAL_COGS,13714.69,0.0,EXTERNAL,External cost of sales at transfer price,,HW-EDG-SEC-E,C020
2023-10,ES01,Hardware,COGS-2023-10-00445-ES01,cogs,1200_INVENTORY,0.0,13714.69,EXTERNAL,Inventory consumption,,HW-EDG-SEC-E,C020
2023-10,ES01,Hardware,VARSELL-2023-10-00445-ES01,variable_selling,5300_VARIABLE_SELLING,1322.2,0.0,EXTERNAL,Variable selling and logistics,,HW-EDG-SEC-E,C020
2023-10,ES01,Hardware,VARSELL-2023-10-00445-ES01,variable_selling,2100_AP,0.0,1322.2,EXTERNAL,Variable selling accrual,,HW-EDG-SEC-E,C020
2023-10,ES01,Hardware,OPEX-2023-10-00445-ES01,opex,6000_OPEX,667.78,0.0,EXTERNAL,Non-people operating expenses,,HW-EDG-SEC-E,C020
2023-10,ES01,Hardware,OPEX-2023-10-00445-ES01,opex,2100_AP,0.0,667.78,EXTERNAL,Non-people operating expense accrual,,HW-EDG-SEC-E,C020
2023-10,ES01,Hardware,SALE-2023-10-00446-ES01,sale,1100_AR,28537.6,0.0,EXTERNAL,External customer invoice,,HW-EDG-SEC-P,C020
2023-10,ES01,Hardware,SALE-2023-10-00446-ES01,sale,4000_EXTERNAL_REVENUE,0.0,28537.6,EXTERNAL,External customer invoice,,HW-EDG-SEC-P,C020
2023-10,ES01,Hardware,COGS-2023-10-00446-ES01,cogs,5000_EXTERNAL_COGS,20710.09,0.0,EXTERNAL,External cost of sales at transfer price,,HW-EDG-SEC-P,C020
2023-10,ES01,Hardware,COGS-2023-10-00446-ES01,cogs,1200_INVENTORY,0.0,20710.09,EXTERNAL,Inventory consumption,,HW-EDG-SEC-P,C020
2023-10,ES01,Hardware,VARSELL-2023-10-00446-ES01,variable_selling,5300_VARIABLE_SELLING,1569.57,0.0,EXTERNAL,Variable selling and logistics,,HW-EDG-SEC-P,C020
2023-10,ES01,Hardware,VARSELL-2023-10-00446-ES01,variable_selling,2100_AP,0.0,1569.57,EXTERNAL,Variable selling accrual,,HW-EDG-SEC-P,C020
2023-10,ES01,Hardware,OPEX-2023-10-00446-ES01,opex,6000_OPEX,856.13,0.0,EXTERNAL,Non-people operating expenses,,HW-EDG-SEC-P,C020
2023-10,ES01,Hardware,OPEX-2023-10-00446-ES01,opex,2100_AP,0.0,856.13,EXTERNAL,Non-people operating expense accrual,,HW-EDG-SEC-P,C020
2023-10,ES01,Hardware,SALE-2023-10-00447-ES01,sale,1100_AR,30458.4,0.0,EXTERNAL,External customer invoice,,HW-EDG-CMP-P,C020
2023-10,ES01,Hardware,SALE-2023-10-00447-ES01,sale,4000_EXTERNAL_REVENUE,0.0,30458.4,EXTERNAL,External customer invoice,,HW-EDG-CMP-P,C020
2023-10,ES01,Hardware,COGS-2023-10-00447-ES01,cogs,5000_EXTERNAL_COGS,22814.36,0.0,EXTERNAL,External cost of sales at transfer price,,HW-EDG-CMP-P,C020
2023-10,ES01,Hardware,COGS-2023-10-00447-ES01,cogs,1200_INVENTORY,0.0,22814.36,EXTERNAL,Inventory consumption,,HW-EDG-CMP-P,C020
2023-10,ES01,Hardware,VARSELL-2023-10-00447-ES01,variable_selling,5300_VARIABLE_SELLING,1675.21,0.0,EXTERNAL,Variable selling and logistics,,HW-EDG-CMP-P,C020
2023-10,ES01,Hardware,VARSELL-2023-10-00447-ES01,variable_selling,2100_AP,0.0,1675.21,EXTERNAL,Variable selling accrual,,HW-EDG-CMP-P,C020
2023-10,ES01,Hardware,OPEX-2023-10-00447-ES01,opex,6000_OPEX,913.75,0.0,EXTERNAL,Non-people operating expenses,,HW-EDG-CMP-P,C020
2023-10,ES01,Hardware,OPEX-2023-10-00447-ES01,opex,2100_AP,0.0,913.75,EXTERNAL,Non-people operating expense accrual,,HW-EDG-CMP-P,C020
2023-10,ES01,Hardware,SALE-2023-10-00448-ES01,sale,1100_AR,25255.78,0.0,EXTERNAL,External customer invoice,,HW-EDG-AI-E,C020
2023-10,ES01,Hardware,SALE-2023-10-00448-ES01,sale,4000_EXTERNAL_REVENUE,0.0,25255.78,EXTERNAL,External customer invoice,,HW-EDG-AI-E,C020
2023-10,ES01,Hardware,COGS-2023-10-00448-ES01,cogs,5000_EXTERNAL_COGS,16550.4,0.0,EXTERNAL,External cost of sales at transfer price,,HW-EDG-AI-E,C020
2023-10,ES01,Hardware,COGS-2023-10-00448-ES01,cogs,1200_INVENTORY,0.0,16550.4,EXTERNAL,Inventory consumption,,HW-EDG-AI-E,C020
2023-10,ES01,Hardware,VARSELL-2023-10-00448-ES01,variable_selling,5300_VARIABLE_SELLING,1500.19,0.0,EXTERNAL,Variable selling and logistics,,HW-EDG-AI-E,C020
2023-10,ES01,Hardware,VARSELL-2023-10-00448-ES01,variable_selling,2100_AP,0.0,1500.19,EXTERNAL,Variable selling accrual,,HW-EDG-AI-E,C020
2023-10,ES01,Hardware,OPEX-2023-10-00448-ES01,opex,6000_OPEX,757.67,0.0,EXTERNAL,Non-people operating expenses,,HW-EDG-AI-E,C020
2023-10,ES01,Hardware,OPEX-2023-10-00448-ES01,opex,2100_AP,0.0,757.67,EXTERNAL,Non-people operating expense accrual,,HW-EDG-AI-E,C020
2023-10,ES01,Hardware,SALE-2023-10-00449-ES01,sale,1100_AR,32379.2,0.0,EXTERNAL,External customer invoice,,HW-EDG-AI-P,C020
2023-10,ES01,Hardware,SALE-2023-10-00449-ES01,sale,4000_EXTERNAL_REVENUE,0.0,32379.2,EXTERNAL,External customer invoice,,HW-EDG-AI-P,C020
2023-10,ES01,Hardware,COGS-2023-10-00449-ES01,cogs,5000_EXTERNAL_COGS,25008.22,0.0,EXTERNAL,External cost of sales at transfer price,,HW-EDG-AI-P,C020
2023-10,ES01,Hardware,COGS-2023-10-00449-ES01,cogs,1200_INVENTORY,0.0,25008.22,EXTERNAL,Inventory consumption,,HW-EDG-AI-P,C020
2023-10,ES01,Hardware,VARSELL-2023-10-00449-ES01,variable_selling,5300_VARIABLE_SELLING,1780.86,0.0,EXTERNAL,Variable selling and logistics,,HW-EDG-AI-P,C020
2023-10,ES01,Hardware,VARSELL-2023-10-00449-ES01,variable_selling,2100_AP,0.0,1780.86,EXTERNAL,Variable selling accrual,,HW-EDG-AI-P,C020
2023-10,ES01,Hardware,OPEX-2023-10-00449-ES01,opex,6000_OPEX,971.38,0.0,EXTERNAL,Non-people operating expenses,,HW-EDG-AI-P,C020
2023-10,ES01,Hardware,OPEX-2023-10-00449-ES01,opex,2100_AP,0.0,971.38,EXTERNAL,Non-people operating expense accrual,,HW-EDG-AI-P,C020
2023-10,ES01,Hardware,SALE-2023-10-00450-ES01,sale,1100_AR,47921.22,0.0,EXTERNAL,External customer invoice,,HW-EDG-AI-X,C020
2023-10,ES01,Hardware,SALE-2023-10-00450-ES01,sale,4000_EXTERNAL_REVENUE,0.0,47921.22,EXTERNAL,External customer invoice,,HW-EDG-AI-X,C020
2023-10,ES01,Hardware,COGS-2023-10-00450-ES01,cogs,5000_EXTERNAL_COGS,44813.25,0.0,EXTERNAL,External cost of sales at transfer price,,HW-EDG-AI-X,C020
2023-10,ES01,Hardware,COGS-2023-10-00450-ES01,cogs,1200_INVENTORY,0.0,44813.25,EXTERNAL,Inventory consumption,,HW-EDG-AI-X,C020
2023-10,ES01,Hardware,VARSELL-2023-10-00450-ES01,variable_selling,5300_VARIABLE_SELLING,2424.81,0.0,EXTERNAL,Variable selling and logistics,,HW-EDG-AI-X,C020
2023-10,ES01,Hardware,VARSELL-2023-10-00450-ES01,variable_selling,2100_AP,0.0,2424.81,EXTERNAL,Variable selling accrual,,HW-EDG-AI-X,C020
2023-10,ES01,Hardware,OPEX-2023-10-00450-ES01,opex,6000_OPEX,1437.64,0.0,EXTERNAL,Non-people operating expenses,,HW-EDG-AI-X,C020
2023-10,ES01,Hardware,OPEX-2023-10-00450-ES01,opex,2100_AP,0.0,1437.64,EXTERNAL,Non-people operating expense accrual,,HW-EDG-AI-X,C020
2023-10,ES01,Hardware,SALE-2023-10-00451-ES01,sale,1100_AR,32624.6,0.0,EXTERNAL,External customer invoice,,HW-TRM-FIX-E,C020
2023-10,ES01,Hardware,SALE-2023-10-00451-ES01,sale,4000_EXTERNAL_REVENUE,0.0,32624.6,EXTERNAL,External customer invoice,,HW-TRM-FIX-E,C020
2023-10,ES01,Hardware,COGS-2023-10-00451-ES01,cogs,5000_EXTERNAL_COGS,19461.98,0.0,EXTERNAL,External cost of sales at transfer price,,HW-TRM-FIX-E,C020
2023-10,ES01,Hardware,COGS-2023-10-00451-ES01,cogs,1200_INVENTORY,0.0,19461.98,EXTERNAL,Inventory consumption,,HW-TRM-FIX-E,C020
2023-10,ES01,Hardware,VARSELL-2023-10-00451-ES01,variable_selling,5300_VARIABLE_SELLING,1937.9,0.0,EXTERNAL,Variable selling and logistics,,HW-TRM-FIX-E,C020
2023-10,ES01,Hardware,VARSELL-2023-10-00451-ES01,variable_selling,2100_AP,0.0,1937.9,EXTERNAL,Variable selling accrual,,HW-TRM-FIX-E,C020
2023-10,ES01,Hardware,OPEX-2023-10-00451-ES01,opex,6000_OPEX,978.74,0.0,EXTERNAL,Non-people operating expenses,,HW-TRM-FIX-E,C020
2023-10,ES01,Hardware,OPEX-2023-10-00451-ES01,opex,2100_AP,0.0,978.74,EXTERNAL,Non-people operating expense accrual,,HW-TRM-FIX-E,C020
2023-10,ES01,Hardware,SALE-2023-10-00452-ES01,sale,1100_AR,20913.2,0.0,EXTERNAL,External customer invoice,,HW-TRM-FIX-P,C020
2023-10,ES01,Hardware,SALE-2023-10-00452-ES01,sale,4000_EXTERNAL_REVENUE,0.0,20913.2,EXTERNAL,External customer invoice,,HW-TRM-FIX-P,C020
2023-10,ES01,Hardware,COGS-2023-10-00452-ES01,cogs,5000_EXTERNAL_COGS,14689.25,0.0,EXTERNAL,External cost of sales at transfer price,,HW-TRM-FIX-P,C020
2023-10,ES01,Hardware,COGS-2023-10-00452-ES01,cogs,1200_INVENTORY,0.0,14689.25,EXTERNAL,Inventory consumption,,HW-TRM-FIX-P,C020
2023-10,ES01,Hardware,VARSELL-2023-10-00452-ES01,variable_selling,5300_VARIABLE_SELLING,1150.23,0.0,EXTERNAL,Variable selling and logistics,,HW-TRM-FIX-P,C020
2023-10,ES01,Hardware,VARSELL-2023-10-00452-ES01,variable_selling,2100_AP,0.0,1150.23,EXTERNAL,Variable selling accrual,,HW-TRM-FIX-P,C020
2023-10,ES01,Hardware,OPEX-2023-10-00452-ES01,opex,6000_OPEX,627.4,0.0,EXTERNAL,Non-people operating expenses,,HW-TRM-FIX-P,C020
2023-10,ES01,Hardware,OPEX-2023-10-00452-ES01,opex,2100_AP,0.0,627.4,EXTERNAL,Non-people operating expense accrual,,HW-TRM-FIX-P,C020
2023-10,ES01,Hardware,SALE-2023-10-00453-ES01,sale,1100_AR,22422.4,0.0,EXTERNAL,External customer invoice,,HW-TRM-KSK-P,C020
2023-10,ES01,Hardware,SALE-2023-10-00453-ES01,sale,4000_EXTERNAL_REVENUE,0.0,22422.4,EXTERNAL,External customer invoice,,HW-TRM-KSK-P,C020
2023-10,ES01,Hardware,COGS-2023-10-00453-ES01,cogs,5000_EXTERNAL_COGS,16272.21,0.0,EXTERNAL,External cost of sales at transfer price,,HW-TRM-KSK-P,C020
2023-10,ES01,Hardware,COGS-2023-10-00453-ES01,cogs,1200_INVENTORY,0.0,16272.21,EXTERNAL,Inventory consumption,,HW-TRM-KSK-P,C020
2023-10,ES01,Hardware,VARSELL-2023-10-00453-ES01,variable_selling,5300_VARIABLE_SELLING,1233.23,0.0,EXTERNAL,Variable selling and logistics,,HW-TRM-KSK-P,C020
2023-10,ES01,Hardware,VARSELL-2023-10-00453-ES01,variable_selling,2100_AP,0.0,1233.23,EXTERNAL,Variable selling accrual,,HW-TRM-KSK-P,C020
2023-10,ES01,Hardware,OPEX-2023-10-00453-ES01,opex,6000_OPEX,672.67,0.0,EXTERNAL,Non-people operating expenses,,HW-TRM-KSK-P,C020
2023-10,ES01,Hardware,OPEX-2023-10-00453-ES01,opex,2100_AP,0.0,672.67,EXTERNAL,Non-people operating expense accrual,,HW-TRM-KSK-P,C020
2023-10,ES01,Hardware,SALE-2023-10-00454-ES01,sale,1100_AR,18666.65,0.0,EXTERNAL,External customer invoice,,HW-TRM-MOB-E,C020
2023-10,ES01,Hardware,SALE-2023-10-00454-ES01,sale,4000_EXTERNAL_REVENUE,0.0,18666.65,EXTERNAL,External customer invoice,,HW-TRM-MOB-E,C020
2023-10,ES01,Hardware,COGS-2023-10-00454-ES01,cogs,5000_EXTERNAL_COGS,11866.8,0.0,EXTERNAL,External cost of sales at transfer price,,HW-TRM-MOB-E,C020
2023-10,ES01,Hardware,COGS-2023-10-00454-ES01,cogs,1200_INVENTORY,0.0,11866.8,EXTERNAL,Inventory consumption,,HW-TRM-MOB-E,C020
2023-10,ES01,Hardware,VARSELL-2023-10-00454-ES01,variable_selling,5300_VARIABLE_SELLING,1108.8,0.0,EXTERNAL,Variable selling and logistics,,HW-TRM-MOB-E,C020
2023-10,ES01,Hardware,VARSELL-2023-10-00454-ES01,variable_selling,2100_AP,0.0,1108.8,EXTERNAL,Variable selling accrual,,HW-TRM-MOB-E,C020
2023-10,ES01,Hardware,OPEX-2023-10-00454-ES01,opex,6000_OPEX,560.0,0.0,EXTERNAL,Non-people operating expenses,,HW-TRM-MOB-E,C020
2023-10,ES01,Hardware,OPEX-2023-10-00454-ES01,opex,2100_AP,0.0,560.0,EXTERNAL,Non-people operating expense accrual,,HW-TRM-MOB-E,C020
2023-10,ES01,Hardware,SALE-2023-10-00455-ES01,sale,1100_AR,23931.6,0.0,EXTERNAL,External customer invoice,,HW-TRM-MOB-P,C020
2023-10,ES01,Hardware,SALE-2023-10-00455-ES01,sale,4000_EXTERNAL_REVENUE,0.0,23931.6,EXTERNAL,External customer invoice,,HW-TRM-MOB-P,C020
2023-10,ES01,Hardware,COGS-2023-10-00455-ES01,cogs,5000_EXTERNAL_COGS,17925.57,0.0,EXTERNAL,External cost of sales at transfer price,,HW-TRM-MOB-P,C020
2023-10,ES01,Hardware,COGS-2023-10-00455-ES01,cogs,1200_INVENTORY,0.0,17925.57,EXTERNAL,Inventory consumption,,HW-TRM-MOB-P,C020
2023-10,ES01,Hardware,VARSELL-2023-10-00455-ES01,variable_selling,5300_VARIABLE_SELLING,1316.24,0.0,EXTERNAL,Variable selling and logistics,,HW-TRM-MOB-P,C020
2023-10,ES01,Hardware,VARSELL-2023-10-00455-ES01,variable_selling,2100_AP,0.0,1316.24,EXTERNAL,Variable selling accrual,,HW-TRM-MOB-P,C020
2023-10,ES01,Hardware,OPEX-2023-10-00455-ES01,opex,6000_OPEX,717.95,0.0,EXTERNAL,Non-people operating expenses,,HW-TRM-MOB-P,C020
2023-10,ES01,Hardware,OPEX-2023-10-00455-ES01,opex,2100_AP,0.0,717.95,EXTERNAL,Non-people operating expense accrual,,HW-TRM-MOB-P,C020
2023-10,ES01,Hardware,SALE-2023-10-00456-ES01,sale,1100_AR,25440.8,0.0,EXTERNAL,External customer invoice,,HW-TRM-RUG-P,C020
2023-10,ES01,Hardware,SALE-2023-10-00456-ES01,sale,4000_EXTERNAL_REVENUE,0.0,25440.8,EXTERNAL,External customer invoice,,HW-TRM-RUG-P,C020
2023-10,ES01,Hardware,COGS-2023-10-00456-ES01,cogs,5000_EXTERNAL_COGS,19649.3,0.0,EXTERNAL,External cost of sales at transfer price,,HW-TRM-RUG-P,C020
2023-10,ES01,Hardware,COGS-2023-10-00456-ES01,cogs,1200_INVENTORY,0.0,19649.3,EXTERNAL,Inventory consumption,,HW-TRM-RUG-P,C020
2023-10,ES01,Hardware,VARSELL-2023-10-00456-ES01,variable_selling,5300_VARIABLE_SELLING,1399.24,0.0,EXTERNAL,Variable selling and logistics,,HW-TRM-RUG-P,C020
2023-10,ES01,Hardware,VARSELL-2023-10-00456-ES01,variable_selling,2100_AP,0.0,1399.24,EXTERNAL,Variable selling accrual,,HW-TRM-RUG-P,C020
2023-10,ES01,Hardware,OPEX-2023-10-00456-ES01,opex,6000_OPEX,763.22,0.0,EXTERNAL,Non-people operating expenses,,HW-TRM-RUG-P,C020
2023-10,ES01,Hardware,OPEX-2023-10-00456-ES01,opex,2100_AP,0.0,763.22,EXTERNAL,Non-people operating expense accrual,,HW-TRM-RUG-P,C020
2023-10,ES01,Hardware,SALE-2023-10-00457-ES01,sale,1100_AR,35875.64,0.0,EXTERNAL,External customer invoice,,HW-NET-ACC-X,C020
2023-10,ES01,Hardware,SALE-2023-10-00457-ES01,sale,4000_EXTERNAL_REVENUE,0.0,35875.64,EXTERNAL,External customer invoice,,HW-NET-ACC-X,C020
2023-10,ES01,Hardware,COGS-2023-10-00457-ES01,cogs,5000_EXTERNAL_COGS,30486.76,0.0,EXTERNAL,External cost of sales at transfer price,,HW-NET-ACC-X,C020
2023-10,ES01,Hardware,COGS-2023-10-00457-ES01,cogs,1200_INVENTORY,0.0,30486.76,EXTERNAL,Inventory consumption,,HW-NET-ACC-X,C020
2023-10,ES01,Hardware,VARSELL-2023-10-00457-ES01,variable_selling,5300_VARIABLE_SELLING,1815.31,0.0,EXTERNAL,Variable selling and logistics,,HW-NET-ACC-X,C020
2023-10,ES01,Hardware,VARSELL-2023-10-00457-ES01,variable_selling,2100_AP,0.0,1815.31,EXTERNAL,Variable selling accrual,,HW-NET-ACC-X,C020
2023-10,ES01,Hardware,OPEX-2023-10-00457-ES01,opex,6000_OPEX,1076.27,0.0,EXTERNAL,Non-people operating expenses,,HW-NET-ACC-X,C020
2023-10,ES01,Hardware,OPEX-2023-10-00457-ES01,opex,2100_AP,0.0,1076.27,EXTERNAL,Non-people operating expense accrual,,HW-NET-ACC-X,C020
2023-10,ES01,Hardware,SALE-2023-10-00458-ES01,sale,1100_AR,20271.89,0.0,EXTERNAL,External customer invoice,,HW-NET-SWC-E,C020
2023-10,ES01,Hardware,SALE-2023-10-00458-ES01,sale,4000_EXTERNAL_REVENUE,0.0,20271.89,EXTERNAL,External customer invoice,,HW-NET-SWC-E,C020
2023-10,ES01,Hardware,COGS-2023-10-00458-ES01,cogs,5000_EXTERNAL_COGS,12490.17,0.0,EXTERNAL,External cost of sales at transfer price,,HW-NET-SWC-E,C020
2023-10,ES01,Hardware,COGS-2023-10-00458-ES01,cogs,1200_INVENTORY,0.0,12490.17,EXTERNAL,Inventory consumption,,HW-NET-SWC-E,C020
2023-10,ES01,Hardware,VARSELL-2023-10-00458-ES01,variable_selling,5300_VARIABLE_SELLING,1204.15,0.0,EXTERNAL,Variable selling and logistics,,HW-NET-SWC-E,C020
2023-10,ES01,Hardware,VARSELL-2023-10-00458-ES01,variable_selling,2100_AP,0.0,1204.15,EXTERNAL,Variable selling accrual,,HW-NET-SWC-E,C020
2023-10,ES01,Hardware,OPEX-2023-10-00458-ES01,opex,6000_OPEX,608.16,0.0,EXTERNAL,Non-people operating expenses,,HW-NET-SWC-E,C020
2023-10,ES01,Hardware,OPEX-2023-10-00458-ES01,opex,2100_AP,0.0,608.16,EXTERNAL,Non-people operating expense accrual,,HW-NET-SWC-E,C020
2023-10,ES01,Hardware,SALE-2023-10-00459-ES01,sale,1100_AR,25989.6,0.0,EXTERNAL,External customer invoice,,HW-NET-SWC-P,C020
2023-10,ES01,Hardware,SALE-2023-10-00459-ES01,sale,4000_EXTERNAL_REVENUE,0.0,25989.6,EXTERNAL,External customer invoice,,HW-NET-SWC-P,C020
2023-10,ES01,Hardware,COGS-2023-10-00459-ES01,cogs,5000_EXTERNAL_COGS,18860.98,0.0,EXTERNAL,External cost of sales at transfer price,,HW-NET-SWC-P,C020
2023-10,ES01,Hardware,COGS-2023-10-00459-ES01,cogs,1200_INVENTORY,0.0,18860.98,EXTERNAL,Inventory consumption,,HW-NET-SWC-P,C020
2023-10,ES01,Hardware,VARSELL-2023-10-00459-ES01,variable_selling,5300_VARIABLE_SELLING,1429.43,0.0,EXTERNAL,Variable selling and logistics,,HW-NET-SWC-P,C020
2023-10,ES01,Hardware,VARSELL-2023-10-00459-ES01,variable_selling,2100_AP,0.0,1429.43,EXTERNAL,Variable selling accrual,,HW-NET-SWC-P,C020
2023-10,ES01,Hardware,OPEX-2023-10-00459-ES01,opex,6000_OPEX,779.69,0.0,EXTERNAL,Non-people operating expenses,,HW-NET-SWC-P,C020
2023-10,ES01,Hardware,OPEX-2023-10-00459-ES01,opex,2100_AP,0.0,779.69,EXTERNAL,Non-people operating expense accrual,,HW-NET-SWC-P,C020
2023-10,ES01,Hardware,SALE-2023-10-00460-ES01,sale,1100_AR,21636.34,0.0,EXTERNAL,External customer invoice,,HW-NET-DST-E,C020
2023-10,ES01,Hardware,SALE-2023-10-00460-ES01,sale,4000_EXTERNAL_REVENUE,0.0,21636.34,EXTERNAL,External customer invoice,,HW-NET-DST-E,C020
2023-10,ES01,Hardware,COGS-2023-10-00460-ES01,cogs,5000_EXTERNAL_COGS,13754.7,0.0,EXTERNAL,External cost of sales at transfer price,,HW-NET-DST-E,C020
2023-10,ES01,Hardware,COGS-2023-10-00460-ES01,cogs,1200_INVENTORY,0.0,13754.7,EXTERNAL,Inventory consumption,,HW-NET-DST-E,C020
2023-10,ES01,Hardware,VARSELL-2023-10-00460-ES01,variable_selling,5300_VARIABLE_SELLING,1285.2,0.0,EXTERNAL,Variable selling and logistics,,HW-NET-DST-E,C020
2023-10,ES01,Hardware,VARSELL-2023-10-00460-ES01,variable_selling,2100_AP,0.0,1285.2,EXTERNAL,Variable selling accrual,,HW-NET-DST-E,C020
2023-10,ES01,Hardware,OPEX-2023-10-00460-ES01,opex,6000_OPEX,649.09,0.0,EXTERNAL,Non-people operating expenses,,HW-NET-DST-E,C020
2023-10,ES01,Hardware,OPEX-2023-10-00460-ES01,opex,2100_AP,0.0,649.09,EXTERNAL,Non-people operating expense accrual,,HW-NET-DST-E,C020
2023-10,ES01,Hardware,SALE-2023-10-00461-ES01,sale,1100_AR,27738.9,0.0,EXTERNAL,External customer invoice,,HW-NET-DST-P,C020
2023-10,ES01,Hardware,SALE-2023-10-00461-ES01,sale,4000_EXTERNAL_REVENUE,0.0,27738.9,EXTERNAL,External customer invoice,,HW-NET-DST-P,C020
2023-10,ES01,Hardware,COGS-2023-10-00461-ES01,cogs,5000_EXTERNAL_COGS,20777.36,0.0,EXTERNAL,External cost of sales at transfer price,,HW-NET-DST-P,C020
2023-10,ES01,Hardware,COGS-2023-10-00461-ES01,cogs,1200_INVENTORY,0.0,20777.36,EXTERNAL,Inventory consumption,,HW-NET-DST-P,C020
2023-10,ES01,Hardware,VARSELL-2023-10-00461-ES01,variable_selling,5300_VARIABLE_SELLING,1525.64,0.0,EXTERNAL,Variable selling and logistics,,HW-NET-DST-P,C020
2023-10,ES01,Hardware,VARSELL-2023-10-00461-ES01,variable_selling,2100_AP,0.0,1525.64,EXTERNAL,Variable selling accrual,,HW-NET-DST-P,C020
2023-10,ES01,Hardware,OPEX-2023-10-00461-ES01,opex,6000_OPEX,832.17,0.0,EXTERNAL,Non-people operating expenses,,HW-NET-DST-P,C020
2023-10,ES01,Hardware,OPEX-2023-10-00461-ES01,opex,2100_AP,0.0,832.17,EXTERNAL,Non-people operating expense accrual,,HW-NET-DST-P,C020
2023-10,ES01,Hardware,SALE-2023-10-00462-ES01,sale,1100_AR,41053.57,0.0,EXTERNAL,External customer invoice,,HW-NET-DST-X,C020
2023-10,ES01,Hardware,SALE-2023-10-00462-ES01,sale,4000_EXTERNAL_REVENUE,0.0,41053.57,EXTERNAL,External customer invoice,,HW-NET-DST-X,C020
2023-10,ES01,Hardware,COGS-2023-10-00462-ES01,cogs,5000_EXTERNAL_COGS,37222.98,0.0,EXTERNAL,External cost of sales at transfer price,,HW-NET-DST-X,C020
2023-10,ES01,Hardware,COGS-2023-10-00462-ES01,cogs,1200_INVENTORY,0.0,37222.98,EXTERNAL,Inventory consumption,,HW-NET-DST-X,C020
2023-10,ES01,Hardware,VARSELL-2023-10-00462-ES01,variable_selling,5300_VARIABLE_SELLING,2077.31,0.0,EXTERNAL,Variable selling and logistics,,HW-NET-DST-X,C020
2023-10,ES01,Hardware,VARSELL-2023-10-00462-ES01,variable_selling,2100_AP,0.0,2077.31,EXTERNAL,Variable selling accrual,,HW-NET-DST-X,C020
2023-10,ES01,Hardware,OPEX-2023-10-00462-ES01,opex,6000_OPEX,1231.61,0.0,EXTERNAL,Non-people operating expenses,,HW-NET-DST-X,C020
2023-10,ES01,Hardware,OPEX-2023-10-00462-ES01,opex,2100_AP,0.0,1231.61,EXTERNAL,Non-people operating expense accrual,,HW-NET-DST-X,C020
2023-10,ES01,Hardware,SALE-2023-10-00463-ES01,sale,1100_AR,23000.8,0.0,EXTERNAL,External customer invoice,,HW-NET-RTR-E,C020
2023-10,ES01,Hardware,SALE-2023-10-00463-ES01,sale,4000_EXTERNAL_REVENUE,0.0,23000.8,EXTERNAL,External customer invoice,,HW-NET-RTR-E,C020
2023-10,ES01,Hardware,COGS-2023-10-00463-ES01,cogs,5000_EXTERNAL_COGS,15072.69,0.0,EXTERNAL,External cost of sales at transfer price,,HW-NET-RTR-E,C020
2023-10,ES01,Hardware,COGS-2023-10-00463-ES01,cogs,1200_INVENTORY,0.0,15072.69,EXTERNAL,Inventory consumption,,HW-NET-RTR-E,C020
2023-10,ES01,Hardware,VARSELL-2023-10-00463-ES01,variable_selling,5300_VARIABLE_SELLING,1366.25,0.0,EXTERNAL,Variable selling and logistics,,HW-NET-RTR-E,C020
2023-10,ES01,Hardware,VARSELL-2023-10-00463-ES01,variable_selling,2100_AP,0.0,1366.25,EXTERNAL,Variable selling accrual,,HW-NET-RTR-E,C020
2023-10,ES01,Hardware,OPEX-2023-10-00463-ES01,opex,6000_OPEX,690.02,0.0,EXTERNAL,Non-people operating expenses,,HW-NET-RTR-E,C020
2023-10,ES01,Hardware,OPEX-2023-10-00463-ES01,opex,2100_AP,0.0,690.02,EXTERNAL,Non-people operating expense accrual,,HW-NET-RTR-E,C020
2023-10,ES01,Hardware,SALE-2023-10-00464-ES01,sale,1100_AR,29488.2,0.0,EXTERNAL,External customer invoice,,HW-NET-RTR-P,C020
2023-10,ES01,Hardware,SALE-2023-10-00464-ES01,sale,4000_EXTERNAL_REVENUE,0.0,29488.2,EXTERNAL,External customer invoice,,HW-NET-RTR-P,C020
2023-10,ES01,Hardware,COGS-2023-10-00464-ES01,cogs,5000_EXTERNAL_COGS,22775.33,0.0,EXTERNAL,External cost of sales at transfer price,,HW-NET-RTR-P,C020
2023-10,ES01,Hardware,COGS-2023-10-00464-ES01,cogs,1200_INVENTORY,0.0,22775.33,EXTERNAL,Inventory consumption,,HW-NET-RTR-P,C020
2023-10,ES01,Hardware,VARSELL-2023-10-00464-ES01,variable_selling,5300_VARIABLE_SELLING,1621.85,0.0,EXTERNAL,Variable selling and logistics,,HW-NET-RTR-P,C020
2023-10,ES01,Hardware,VARSELL-2023-10-00464-ES01,variable_selling,2100_AP,0.0,1621.85,EXTERNAL,Variable selling accrual,,HW-NET-RTR-P,C020
2023-10,ES01,Hardware,OPEX-2023-10-00464-ES01,opex,6000_OPEX,884.65,0.0,EXTERNAL,Non-people operating expenses,,HW-NET-RTR-P,C020
2023-10,ES01,Hardware,OPEX-2023-10-00464-ES01,opex,2100_AP,0.0,884.65,EXTERNAL,Non-people operating expense accrual,,HW-NET-RTR-P,C020
2023-10,ES01,Hardware,SALE-2023-10-00465-ES01,sale,1100_AR,26692.84,0.0,EXTERNAL,External customer invoice,,HW-SEN-RFID-E,C020
2023-10,ES01,Hardware,SALE-2023-10-00465-ES01,sale,4000_EXTERNAL_REVENUE,0.0,26692.84,EXTERNAL,External customer invoice,,HW-SEN-RFID-E,C020
2023-10,ES01,Hardware,COGS-2023-10-00465-ES01,cogs,5000_EXTERNAL_COGS,15923.43,0.0,EXTERNAL,External cost of sales at transfer price,,HW-SEN-RFID-E,C020
2023-10,ES01,Hardware,COGS-2023-10-00465-ES01,cogs,1200_INVENTORY,0.0,15923.43,EXTERNAL,Inventory consumption,,HW-SEN-RFID-E,C020
2023-10,ES01,Hardware,VARSELL-2023-10-00465-ES01,variable_selling,5300_VARIABLE_SELLING,1585.55,0.0,EXTERNAL,Variable selling and logistics,,HW-SEN-RFID-E,C020
2023-10,ES01,Hardware,VARSELL-2023-10-00465-ES01,variable_selling,2100_AP,0.0,1585.55,EXTERNAL,Variable selling accrual,,HW-SEN-RFID-E,C020
2023-10,ES01,Hardware,OPEX-2023-10-00465-ES01,opex,6000_OPEX,800.79,0.0,EXTERNAL,Non-people operating expenses,,HW-SEN-RFID-E,C020
2023-10,ES01,Hardware,OPEX-2023-10-00465-ES01,opex,2100_AP,0.0,800.79,EXTERNAL,Non-people operating expense accrual,,HW-SEN-RFID-E,C020
2023-10,ES01,Hardware,SALE-2023-10-00466-ES01,sale,1100_AR,25323.98,0.0,EXTERNAL,External customer invoice,,HW-SEN-RFID-X,C020
2023-10,ES01,Hardware,SALE-2023-10-00466-ES01,sale,4000_EXTERNAL_REVENUE,0.0,25323.98,EXTERNAL,External customer invoice,,HW-SEN-RFID-X,C020
2023-10,ES01,Hardware,COGS-2023-10-00466-ES01,cogs,5000_EXTERNAL_COGS,21520.07,0.0,EXTERNAL,External cost of sales at transfer price,,HW-SEN-RFID-X,C020
2023-10,ES01,Hardware,COGS-2023-10-00466-ES01,cogs,1200_INVENTORY,0.0,21520.07,EXTERNAL,Inventory consumption,,HW-SEN-RFID-X,C020
2023-10,ES01,Hardware,VARSELL-2023-10-00466-ES01,variable_selling,5300_VARIABLE_SELLING,1281.39,0.0,EXTERNAL,Variable selling and logistics,,HW-SEN-RFID-X,C020
2023-10,ES01,Hardware,VARSELL-2023-10-00466-ES01,variable_selling,2100_AP,0.0,1281.39,EXTERNAL,Variable selling accrual,,HW-SEN-RFID-X,C020
2023-10,ES01,Hardware,OPEX-2023-10-00466-ES01,opex,6000_OPEX,759.72,0.0,EXTERNAL,Non-people operating expenses,,HW-SEN-RFID-X,C020
2023-10,ES01,Hardware,OPEX-2023-10-00466-ES01,opex,2100_AP,0.0,759.72,EXTERNAL,Non-people operating expense accrual,,HW-SEN-RFID-X,C020
2023-10,ES01,Hardware,SALE-2023-10-00467-ES01,sale,1100_AR,28619.14,0.0,EXTERNAL,External customer invoice,,HW-SEN-BIO-E,C020
2023-10,ES01,Hardware,SALE-2023-10-00467-ES01,sale,4000_EXTERNAL_REVENUE,0.0,28619.14,EXTERNAL,External customer invoice,,HW-SEN-BIO-E,C020
2023-10,ES01,Hardware,COGS-2023-10-00467-ES01,cogs,5000_EXTERNAL_COGS,17633.17,0.0,EXTERNAL,External cost of sales at transfer price,,HW-SEN-BIO-E,C020
2023-10,ES01,Hardware,COGS-2023-10-00467-ES01,cogs,1200_INVENTORY,0.0,17633.17,EXTERNAL,Inventory consumption,,HW-SEN-BIO-E,C020
2023-10,ES01,Hardware,VARSELL-2023-10-00467-ES01,variable_selling,5300_VARIABLE_SELLING,1699.98,0.0,EXTERNAL,Variable selling and logistics,,HW-SEN-BIO-E,C020
2023-10,ES01,Hardware,VARSELL-2023-10-00467-ES01,variable_selling,2100_AP,0.0,1699.98,EXTERNAL,Variable selling accrual,,HW-SEN-BIO-E,C020
2023-10,ES01,Hardware,OPEX-2023-10-00467-ES01,opex,6000_OPEX,858.57,0.0,EXTERNAL,Non-people operating expenses,,HW-SEN-BIO-E,C020
2023-10,ES01,Hardware,OPEX-2023-10-00467-ES01,opex,2100_AP,0.0,858.57,EXTERNAL,Non-people operating expense accrual,,HW-SEN-BIO-E,C020
2023-10,ES01,Hardware,SALE-2023-10-00468-ES01,sale,1100_AR,27151.49,0.0,EXTERNAL,External customer invoice,,HW-SEN-BIO-X,C020
2023-10,ES01,Hardware,SALE-2023-10-00468-ES01,sale,4000_EXTERNAL_REVENUE,0.0,27151.49,EXTERNAL,External customer invoice,,HW-SEN-BIO-X,C020
2023-10,ES01,Hardware,COGS-2023-10-00468-ES01,cogs,5000_EXTERNAL_COGS,23845.56,0.0,EXTERNAL,External cost of sales at transfer price,,HW-SEN-BIO-X,C020
2023-10,ES01,Hardware,COGS-2023-10-00468-ES01,cogs,1200_INVENTORY,0.0,23845.56,EXTERNAL,Inventory consumption,,HW-SEN-BIO-X,C020
2023-10,ES01,Hardware,VARSELL-2023-10-00468-ES01,variable_selling,5300_VARIABLE_SELLING,1373.87,0.0,EXTERNAL,Variable selling and logistics,,HW-SEN-BIO-X,C020
2023-10,ES01,Hardware,VARSELL-2023-10-00468-ES01,variable_selling,2100_AP,0.0,1373.87,EXTERNAL,Variable selling accrual,,HW-SEN-BIO-X,C020
2023-10,ES01,Hardware,OPEX-2023-10-00468-ES01,opex,6000_OPEX,814.54,0.0,EXTERNAL,Non-people operating expenses,,HW-SEN-BIO-X,C020
2023-10,ES01,Hardware,OPEX-2023-10-00468-ES01,opex,2100_AP,0.0,814.54,EXTERNAL,Non-people operating expense accrual,,HW-SEN-BIO-X,C020
2023-10,ES01,Hardware,SALE-2023-10-00469-ES01,sale,1100_AR,30545.42,0.0,EXTERNAL,External customer invoice,,HW-SEN-CAM-E,C020
2023-10,ES01,Hardware,SALE-2023-10-00469-ES01,sale,4000_EXTERNAL_REVENUE,0.0,30545.42,EXTERNAL,External customer invoice,,HW-SEN-CAM-E,C020
2023-10,ES01,Hardware,COGS-2023-10-00469-ES01,cogs,5000_EXTERNAL_COGS,19418.41,0.0,EXTERNAL,External cost of sales at transfer price,,HW-SEN-CAM-E,C020
2023-10,ES01,Hardware,COGS-2023-10-00469-ES01,cogs,1200_INVENTORY,0.0,19418.41,EXTERNAL,Inventory consumption,,HW-SEN-CAM-E,C020
2023-10,ES01,Hardware,VARSELL-2023-10-00469-ES01,variable_selling,5300_VARIABLE_SELLING,1814.4,0.0,EXTERNAL,Variable selling and logistics,,HW-SEN-CAM-E,C020
2023-10,ES01,Hardware,VARSELL-2023-10-00469-ES01,variable_selling,2100_AP,0.0,1814.4,EXTERNAL,Variable selling accrual,,HW-SEN-CAM-E,C020
2023-10,ES01,Hardware,OPEX-2023-10-00469-ES01,opex,6000_OPEX,916.36,0.0,EXTERNAL,Non-people operating expenses,,HW-SEN-CAM-E,C020
2023-10,ES01,Hardware,OPEX-2023-10-00469-ES01,opex,2100_AP,0.0,916.36,EXTERNAL,Non-people operating expense accrual,,HW-SEN-CAM-E,C020
2023-10,ES01,Hardware,SALE-2023-10-00470-ES01,sale,1100_AR,19580.4,0.0,EXTERNAL,External customer invoice,,HW-SEN-CAM-P,C020
2023-10,ES01,Hardware,SALE-2023-10-00470-ES01,sale,4000_EXTERNAL_REVENUE,0.0,19580.4,EXTERNAL,External customer invoice,,HW-SEN-CAM-P,C020
2023-10,ES01,Hardware,COGS-2023-10-00470-ES01,cogs,5000_EXTERNAL_COGS,14666.38,0.0,EXTERNAL,External cost of sales at transfer price,,HW-SEN-CAM-P,C020
2023-10,ES01,Hardware,COGS-2023-10-00470-ES01,cogs,1200_INVENTORY,0.0,14666.38,EXTERNAL,Inventory consumption,,HW-SEN-CAM-P,C020
2023-10,ES01,Hardware,VARSELL-2023-10-00470-ES01,variable_selling,5300_VARIABLE_SELLING,1076.92,0.0,EXTERNAL,Variable selling and logistics,,HW-SEN-CAM-P,C020
2023-10,ES01,Hardware,VARSELL-2023-10-00470-ES01,variable_selling,2100_AP,0.0,1076.92,EXTERNAL,Variable selling accrual,,HW-SEN-CAM-P,C020
2023-10,ES01,Hardware,OPEX-2023-10-00470-ES01,opex,6000_OPEX,587.41,0.0,EXTERNAL,Non-people operating expenses,,HW-SEN-CAM-P,C020
2023-10,ES01,Hardware,OPEX-2023-10-00470-ES01,opex,2100_AP,0.0,587.41,EXTERNAL,Non-people operating expense accrual,,HW-SEN-CAM-P,C020
2023-10,ES01,Hardware,SALE-2023-10-00471-ES01,sale,1100_AR,32471.72,0.0,EXTERNAL,External customer invoice,,HW-SEN-HUB-E,C020
2023-10,ES01,Hardware,SALE-2023-10-00471-ES01,sale,4000_EXTERNAL_REVENUE,0.0,32471.72,EXTERNAL,External customer invoice,,HW-SEN-HUB-E,C020
2023-10,ES01,Hardware,COGS-2023-10-00471-ES01,cogs,5000_EXTERNAL_COGS,21279.09,0.0,EXTERNAL,External cost of sales at transfer price,,HW-SEN-HUB-E,C020
2023-10,ES01,Hardware,COGS-2023-10-00471-ES01,cogs,1200_INVENTORY,0.0,21279.09,EXTERNAL,Inventory consumption,,HW-SEN-HUB-E,C020
2023-10,ES01,Hardware,VARSELL-2023-10-00471-ES01,variable_selling,5300_VARIABLE_SELLING,1928.82,0.0,EXTERNAL,Variable selling and logistics,,HW-SEN-HUB-E,C020
2023-10,ES01,Hardware,VARSELL-2023-10-00471-ES01,variable_selling,2100_AP,0.0,1928.82,EXTERNAL,Variable selling accrual,,HW-SEN-HUB-E,C020
2023-10,ES01,Hardware,OPEX-2023-10-00471-ES01,opex,6000_OPEX,974.15,0.0,EXTERNAL,Non-people operating expenses,,HW-SEN-HUB-E,C020
2023-10,ES01,Hardware,OPEX-2023-10-00471-ES01,opex,2100_AP,0.0,974.15,EXTERNAL,Non-people operating expense accrual,,HW-SEN-HUB-E,C020
2023-10,ES01,Hardware,SALE-2023-10-00472-ES01,sale,1100_AR,20815.2,0.0,EXTERNAL,External customer invoice,,HW-SEN-HUB-P,C020
2023-10,ES01,Hardware,SALE-2023-10-00472-ES01,sale,4000_EXTERNAL_REVENUE,0.0,20815.2,EXTERNAL,External customer invoice,,HW-SEN-HUB-P,C020
2023-10,ES01,Hardware,COGS-2023-10-00472-ES01,cogs,5000_EXTERNAL_COGS,16076.72,0.0,EXTERNAL,External cost of sales at transfer price,,HW-SEN-HUB-P,C020
2023-10,ES01,Hardware,COGS-2023-10-00472-ES01,cogs,1200_INVENTORY,0.0,16076.72,EXTERNAL,Inventory consumption,,HW-SEN-HUB-P,C020
2023-10,ES01,Hardware,VARSELL-2023-10-00472-ES01,variable_selling,5300_VARIABLE_SELLING,1144.84,0.0,EXTERNAL,Variable selling and logistics,,HW-SEN-HUB-P,C020
2023-10,ES01,Hardware,VARSELL-2023-10-00472-ES01,variable_selling,2100_AP,0.0,1144.84,EXTERNAL,Variable selling accrual,,HW-SEN-HUB-P,C020
2023-10,ES01,Hardware,OPEX-2023-10-00472-ES01,opex,6000_OPEX,624.46,0.0,EXTERNAL,Non-people operating expenses,,HW-SEN-HUB-P,C020
2023-10,ES01,Hardware,OPEX-2023-10-00472-ES01,opex,2100_AP,0.0,624.46,EXTERNAL,Non-people operating expense accrual,,HW-SEN-HUB-P,C020
2023-10,ES01,Hardware,SALE-2023-10-00473-ES01,sale,1100_AR,18880.68,0.0,EXTERNAL,External customer invoice,,HW-CTL-RCK-E,C021
2023-10,ES01,Hardware,SALE-2023-10-00473-ES01,sale,4000_EXTERNAL_REVENUE,0.0,18880.68,EXTERNAL,External customer invoice,,HW-CTL-RCK-E,C021
2023-10,ES01,Hardware,COGS-2023-10-00473-ES01,cogs,5000_EXTERNAL_COGS,11633.0,0.0,EXTERNAL,External cost of sales at transfer price,,HW-CTL-RCK-E,C021
2023-10,ES01,Hardware,COGS-2023-10-00473-ES01,cogs,1200_INVENTORY,0.0,11633.0,EXTERNAL,Inventory consumption,,HW-CTL-RCK-E,C021
2023-10,ES01,Hardware,VARSELL-2023-10-00473-ES01,variable_selling,5300_VARIABLE_SELLING,1121.51,0.0,EXTERNAL,Variable selling and logistics,,HW-CTL-RCK-E,C021
2023-10,ES01,Hardware,VARSELL-2023-10-00473-ES01,variable_selling,2100_AP,0.0,1121.51,EXTERNAL,Variable selling accrual,,HW-CTL-RCK-E,C021
2023-10,ES01,Hardware,OPEX-2023-10-00473-ES01,opex,6000_OPEX,566.42,0.0,EXTERNAL,Non-people operating expenses,,HW-CTL-RCK-E,C021
2023-10,ES01,Hardware,OPEX-2023-10-00473-ES01,opex,2100_AP,0.0,566.42,EXTERNAL,Non-people operating expense accrual,,HW-CTL-RCK-E,C021
2023-10,ES01,Hardware,SALE-2023-10-00474-ES01,sale,1100_AR,24206.0,0.0,EXTERNAL,External customer invoice,,HW-CTL-RCK-P,C021
2023-10,ES01,Hardware,SALE-2023-10-00474-ES01,sale,4000_EXTERNAL_REVENUE,0.0,24206.0,EXTERNAL,External customer invoice,,HW-CTL-RCK-P,C021
2023-10,ES01,Hardware,COGS-2023-10-00474-ES01,cogs,5000_EXTERNAL_COGS,17566.6,0.0,EXTERNAL,External cost of sales at transfer price,,HW-CTL-RCK-P,C021
2023-10,ES01,Hardware,COGS-2023-10-00474-ES01,cogs,1200_INVENTORY,0.0,17566.6,EXTERNAL,Inventory consumption,,HW-CTL-RCK-P,C021
2023-10,ES01,Hardware,VARSELL-2023-10-00474-ES01,variable_selling,5300_VARIABLE_SELLING,1331.33,0.0,EXTERNAL,Variable selling and logistics,,HW-CTL-RCK-P,C021
2023-10,ES01,Hardware,VARSELL-2023-10-00474-ES01,variable_selling,2100_AP,0.0,1331.33,EXTERNAL,Variable selling accrual,,HW-CTL-RCK-P,C021
2023-10,ES01,Hardware,OPEX-2023-10-00474-ES01,opex,6000_OPEX,726.18,0.0,EXTERNAL,Non-people operating expenses,,HW-CTL-RCK-P,C021
2023-10,ES01,Hardware,OPEX-2023-10-00474-ES01,opex,2100_AP,0.0,726.18,EXTERNAL,Non-people operating expense accrual,,HW-CTL-RCK-P,C021
2023-10,ES01,Hardware,SALE-2023-10-00475-ES01,sale,1100_AR,20151.5,0.0,EXTERNAL,External customer invoice,,HW-CTL-RDN-E,C021
2023-10,ES01,Hardware,SALE-2023-10-00475-ES01,sale,4000_EXTERNAL_REVENUE,0.0,20151.5,EXTERNAL,External customer invoice,,HW-CTL-RDN-E,C021
2023-10,ES01,Hardware,COGS-2023-10-00475-ES01,cogs,5000_EXTERNAL_COGS,12810.75,0.0,EXTERNAL,External cost of sales at transfer price,,HW-CTL-RDN-E,C021
2023-10,ES01,Hardware,COGS-2023-10-00475-ES01,cogs,1200_INVENTORY,0.0,12810.75,EXTERNAL,Inventory consumption,,HW-CTL-RDN-E,C021
2023-10,ES01,Hardware,VARSELL-2023-10-00475-ES01,variable_selling,5300_VARIABLE_SELLING,1197.0,0.0,EXTERNAL,Variable selling and logistics,,HW-CTL-RDN-E,C021
2023-10,ES01,Hardware,VARSELL-2023-10-00475-ES01,variable_selling,2100_AP,0.0,1197.0,EXTERNAL,Variable selling accrual,,HW-CTL-RDN-E,C021
2023-10,ES01,Hardware,OPEX-2023-10-00475-ES01,opex,6000_OPEX,604.54,0.0,EXTERNAL,Non-people operating expenses,,HW-CTL-RDN-E,C021
2023-10,ES01,Hardware,OPEX-2023-10-00475-ES01,opex,2100_AP,0.0,604.54,EXTERNAL,Non-people operating expense accrual,,HW-CTL-RDN-E,C021
2023-10,ES01,Hardware,SALE-2023-10-00476-ES01,sale,1100_AR,27464.5,0.0,EXTERNAL,External customer invoice,,HW-CTL-SAF-P,C021
2023-10,ES01,Hardware,SALE-2023-10-00476-ES01,sale,4000_EXTERNAL_REVENUE,0.0,27464.5,EXTERNAL,External customer invoice,,HW-CTL-SAF-P,C021
2023-10,ES01,Hardware,COGS-2023-10-00476-ES01,cogs,5000_EXTERNAL_COGS,21212.33,0.0,EXTERNAL,External cost of sales at transfer price,,HW-CTL-SAF-P,C021
2023-10,ES01,Hardware,COGS-2023-10-00476-ES01,cogs,1200_INVENTORY,0.0,21212.33,EXTERNAL,Inventory consumption,,HW-CTL-SAF-P,C021
2023-10,ES01,Hardware,VARSELL-2023-10-00476-ES01,variable_selling,5300_VARIABLE_SELLING,1510.55,0.0,EXTERNAL,Variable selling and logistics,,HW-CTL-SAF-P,C021
2023-10,ES01,Hardware,VARSELL-2023-10-00476-ES01,variable_selling,2100_AP,0.0,1510.55,EXTERNAL,Variable selling accrual,,HW-CTL-SAF-P,C021
2023-10,ES01,Hardware,OPEX-2023-10-00476-ES01,opex,6000_OPEX,823.93,0.0,EXTERNAL,Non-people operating expenses,,HW-CTL-SAF-P,C021
2023-10,ES01,Hardware,OPEX-2023-10-00476-ES01,opex,2100_AP,0.0,823.93,EXTERNAL,Non-people operating expense accrual,,HW-CTL-SAF-P,C021
2023-10,ES01,Hardware,SALE-2023-10-00477-ES01,sale,1100_AR,16312.3,0.0,EXTERNAL,External customer invoice,,HW-TRM-FIX-E,C021
2023-10,ES01,Hardware,SALE-2023-10-00477-ES01,sale,4000_EXTERNAL_REVENUE,0.0,16312.3,EXTERNAL,External customer invoice,,HW-TRM-FIX-E,C021
2023-10,ES01,Hardware,COGS-2023-10-00477-ES01,cogs,5000_EXTERNAL_COGS,9730.98,0.0,EXTERNAL,External cost of sales at transfer price,,HW-TRM-FIX-E,C021
2023-10,ES01,Hardware,COGS-2023-10-00477-ES01,cogs,1200_INVENTORY,0.0,9730.98,EXTERNAL,Inventory consumption,,HW-TRM-FIX-E,C021
2023-10,ES01,Hardware,VARSELL-2023-10-00477-ES01,variable_selling,5300_VARIABLE_SELLING,968.95,0.0,EXTERNAL,Variable selling and logistics,,HW-TRM-FIX-E,C021
2023-10,ES01,Hardware,VARSELL-2023-10-00477-ES01,variable_selling,2100_AP,0.0,968.95,EXTERNAL,Variable selling accrual,,HW-TRM-FIX-E,C021
2023-10,ES01,Hardware,OPEX-2023-10-00477-ES01,opex,6000_OPEX,489.37,0.0,EXTERNAL,Non-people operating expenses,,HW-TRM-FIX-E,C021
2023-10,ES01,Hardware,OPEX-2023-10-00477-ES01,opex,2100_AP,0.0,489.37,EXTERNAL,Non-people operating expense accrual,,HW-TRM-FIX-E,C021
2023-10,ES01,Hardware,SALE-2023-10-00478-ES01,sale,1100_AR,17489.47,0.0,EXTERNAL,External customer invoice,,HW-TRM-KSK-E,C021
2023-10,ES01,Hardware,SALE-2023-10-00478-ES01,sale,4000_EXTERNAL_REVENUE,0.0,17489.47,EXTERNAL,External customer invoice,,HW-TRM-KSK-E,C021
2023-10,ES01,Hardware,COGS-2023-10-00478-ES01,cogs,5000_EXTERNAL_COGS,10775.82,0.0,EXTERNAL,External cost of sales at transfer price,,HW-TRM-KSK-E,C021
2023-10,ES01,Hardware,COGS-2023-10-00478-ES01,cogs,1200_INVENTORY,0.0,10775.82,EXTERNAL,Inventory consumption,,HW-TRM-KSK-E,C021
2023-10,ES01,Hardware,VARSELL-2023-10-00478-ES01,variable_selling,5300_VARIABLE_SELLING,1038.87,0.0,EXTERNAL,Variable selling and logistics,,HW-TRM-KSK-E,C021
2023-10,ES01,Hardware,VARSELL-2023-10-00478-ES01,variable_selling,2100_AP,0.0,1038.87,EXTERNAL,Variable selling accrual,,HW-TRM-KSK-E,C021
2023-10,ES01,Hardware,OPEX-2023-10-00478-ES01,opex,6000_OPEX,524.68,0.0,EXTERNAL,Non-people operating expenses,,HW-TRM-KSK-E,C021
2023-10,ES01,Hardware,OPEX-2023-10-00478-ES01,opex,2100_AP,0.0,524.68,EXTERNAL,Non-people operating expense accrual,,HW-TRM-KSK-E,C021
2023-10,ES01,Hardware,SALE-2023-10-00479-ES01,sale,1100_AR,19843.82,0.0,EXTERNAL,External customer invoice,,HW-TRM-RUG-E,C021
2023-10,ES01,Hardware,SALE-2023-10-00479-ES01,sale,4000_EXTERNAL_REVENUE,0.0,19843.82,EXTERNAL,External customer invoice,,HW-TRM-RUG-E,C021
2023-10,ES01,Hardware,COGS-2023-10-00479-ES01,cogs,5000_EXTERNAL_COGS,13003.89,0.0,EXTERNAL,External cost of sales at transfer price,,HW-TRM-RUG-E,C021
2023-10,ES01,Hardware,COGS-2023-10-00479-ES01,cogs,1200_INVENTORY,0.0,13003.89,EXTERNAL,Inventory consumption,,HW-TRM-RUG-E,C021
2023-10,ES01,Hardware,VARSELL-2023-10-00479-ES01,variable_selling,5300_VARIABLE_SELLING,1178.72,0.0,EXTERNAL,Variable selling and logistics,,HW-TRM-RUG-E,C021
2023-10,ES01,Hardware,VARSELL-2023-10-00479-ES01,variable_selling,2100_AP,0.0,1178.72,EXTERNAL,Variable selling accrual,,HW-TRM-RUG-E,C021
2023-10,ES01,Hardware,OPEX-2023-10-00479-ES01,opex,6000_OPEX,595.31,0.0,EXTERNAL,Non-people operating expenses,,HW-TRM-RUG-E,C021
2023-10,ES01,Hardware,OPEX-2023-10-00479-ES01,opex,2100_AP,0.0,595.31,EXTERNAL,Non-people operating expense accrual,,HW-TRM-RUG-E,C021
2023-10,ES01,Hardware,SALE-2023-10-00480-ES01,sale,1100_AR,25440.8,0.0,EXTERNAL,External customer invoice,,HW-TRM-RUG-P,C021
2023-10,ES01,Hardware,SALE-2023-10-00480-ES01,sale,4000_EXTERNAL_REVENUE,0.0,25440.8,EXTERNAL,External customer invoice,,HW-TRM-RUG-P,C021
2023-10,ES01,Hardware,COGS-2023-10-00480-ES01,cogs,5000_EXTERNAL_COGS,19649.3,0.0,EXTERNAL,External cost of sales at transfer price,,HW-TRM-RUG-P,C021
2023-10,ES01,Hardware,COGS-2023-10-00480-ES01,cogs,1200_INVENTORY,0.0,19649.3,EXTERNAL,Inventory consumption,,HW-TRM-RUG-P,C021
2023-10,ES01,Hardware,VARSELL-2023-10-00480-ES01,variable_selling,5300_VARIABLE_SELLING,1399.24,0.0,EXTERNAL,Variable selling and logistics,,HW-TRM-RUG-P,C021
2023-10,ES01,Hardware,VARSELL-2023-10-00480-ES01,variable_selling,2100_AP,0.0,1399.24,EXTERNAL,Variable selling accrual,,HW-TRM-RUG-P,C021
2023-10,ES01,Hardware,OPEX-2023-10-00480-ES01,opex,6000_OPEX,763.22,0.0,EXTERNAL,Non-people operating expenses,,HW-TRM-RUG-P,C021
2023-10,ES01,Hardware,OPEX-2023-10-00480-ES01,opex,2100_AP,0.0,763.22,EXTERNAL,Non-people operating expense accrual,,HW-TRM-RUG-P,C021
2023-10,ES01,Hardware,SALE-2023-10-00481-ES01,sale,1100_AR,18907.43,0.0,EXTERNAL,External customer invoice,,HW-NET-ACC-E,C021
2023-10,ES01,Hardware,SALE-2023-10-00481-ES01,sale,4000_EXTERNAL_REVENUE,0.0,18907.43,EXTERNAL,External customer invoice,,HW-NET-ACC-E,C021
2023-10,ES01,Hardware,COGS-2023-10-00481-ES01,cogs,5000_EXTERNAL_COGS,11279.09,0.0,EXTERNAL,External cost of sales at transfer price,,HW-NET-ACC-E,C021
2023-10,ES01,Hardware,COGS-2023-10-00481-ES01,cogs,1200_INVENTORY,0.0,11279.09,EXTERNAL,Inventory consumption,,HW-NET-ACC-E,C021
2023-10,ES01,Hardware,VARSELL-2023-10-00481-ES01,variable_selling,5300_VARIABLE_SELLING,1123.1,0.0,EXTERNAL,Variable selling and logistics,,HW-NET-ACC-E,C021
2023-10,ES01,Hardware,VARSELL-2023-10-00481-ES01,variable_selling,2100_AP,0.0,1123.1,EXTERNAL,Variable selling accrual,,HW-NET-ACC-E,C021
2023-10,ES01,Hardware,OPEX-2023-10-00481-ES01,opex,6000_OPEX,567.22,0.0,EXTERNAL,Non-people operating expenses,,HW-NET-ACC-E,C021
2023-10,ES01,Hardware,OPEX-2023-10-00481-ES01,opex,2100_AP,0.0,567.22,EXTERNAL,Non-people operating expense accrual,,HW-NET-ACC-E,C021
2023-10,ES01,Hardware,SALE-2023-10-00482-ES01,sale,1100_AR,24240.3,0.0,EXTERNAL,External customer invoice,,HW-NET-ACC-P,C021
2023-10,ES01,Hardware,SALE-2023-10-00482-ES01,sale,4000_EXTERNAL_REVENUE,0.0,24240.3,EXTERNAL,External customer invoice,,HW-NET-ACC-P,C021
2023-10,ES01,Hardware,COGS-2023-10-00482-ES01,cogs,5000_EXTERNAL_COGS,17026.18,0.0,EXTERNAL,External cost of sales at transfer price,,HW-NET-ACC-P,C021
2023-10,ES01,Hardware,COGS-2023-10-00482-ES01,cogs,1200_INVENTORY,0.0,17026.18,EXTERNAL,Inventory consumption,,HW-NET-ACC-P,C021
2023-10,ES01,Hardware,VARSELL-2023-10-00482-ES01,variable_selling,5300_VARIABLE_SELLING,1333.22,0.0,EXTERNAL,Variable selling and logistics,,HW-NET-ACC-P,C021
2023-10,ES01,Hardware,VARSELL-2023-10-00482-ES01,variable_selling,2100_AP,0.0,1333.22,EXTERNAL,Variable selling accrual,,HW-NET-ACC-P,C021
2023-10,ES01,Hardware,OPEX-2023-10-00482-ES01,opex,6000_OPEX,727.21,0.0,EXTERNAL,Non-people operating expenses,,HW-NET-ACC-P,C021
2023-10,ES01,Hardware,OPEX-2023-10-00482-ES01,opex,2100_AP,0.0,727.21,EXTERNAL,Non-people operating expense accrual,,HW-NET-ACC-P,C021
2023-10,ES01,Hardware,SALE-2023-10-00483-ES01,sale,1100_AR,20271.89,0.0,EXTERNAL,External customer invoice,,HW-NET-SWC-E,C021
2023-10,ES01,Hardware,SALE-2023-10-00483-ES01,sale,4000_EXTERNAL_REVENUE,0.0,20271.89,EXTERNAL,External customer invoice,,HW-NET-SWC-E,C021
2023-10,ES01,Hardware,COGS-2023-10-00483-ES01,cogs,5000_EXTERNAL_COGS,12490.17,0.0,EXTERNAL,External cost of sales at transfer price,,HW-NET-SWC-E,C021
2023-10,ES01,Hardware,COGS-2023-10-00483-ES01,cogs,1200_INVENTORY,0.0,12490.17,EXTERNAL,Inventory consumption,,HW-NET-SWC-E,C021
2023-10,ES01,Hardware,VARSELL-2023-10-00483-ES01,variable_selling,5300_VARIABLE_SELLING,1204.15,0.0,EXTERNAL,Variable selling and logistics,,HW-NET-SWC-E,C021
2023-10,ES01,Hardware,VARSELL-2023-10-00483-ES01,variable_selling,2100_AP,0.0,1204.15,EXTERNAL,Variable selling accrual,,HW-NET-SWC-E,C021
2023-10,ES01,Hardware,OPEX-2023-10-00483-ES01,opex,6000_OPEX,608.16,0.0,EXTERNAL,Non-people operating expenses,,HW-NET-SWC-E,C021
2023-10,ES01,Hardware,OPEX-2023-10-00483-ES01,opex,2100_AP,0.0,608.16,EXTERNAL,Non-people operating expense accrual,,HW-NET-SWC-E,C021
2023-10,ES01,Hardware,SALE-2023-10-00484-ES01,sale,1100_AR,29488.2,0.0,EXTERNAL,External customer invoice,,HW-NET-RTR-P,C021
2023-10,ES01,Hardware,SALE-2023-10-00484-ES01,sale,4000_EXTERNAL_REVENUE,0.0,29488.2,EXTERNAL,External customer invoice,,HW-NET-RTR-P,C021
2023-10,ES01,Hardware,COGS-2023-10-00484-ES01,cogs,5000_EXTERNAL_COGS,22775.33,0.0,EXTERNAL,External cost of sales at transfer price,,HW-NET-RTR-P,C021
2023-10,ES01,Hardware,COGS-2023-10-00484-ES01,cogs,1200_INVENTORY,0.0,22775.33,EXTERNAL,Inventory consumption,,HW-NET-RTR-P,C021
2023-10,ES01,Hardware,VARSELL-2023-10-00484-ES01,variable_selling,5300_VARIABLE_SELLING,1621.85,0.0,EXTERNAL,Variable selling and logistics,,HW-NET-RTR-P,C021
2023-10,ES01,Hardware,VARSELL-2023-10-00484-ES01,variable_selling,2100_AP,0.0,1621.85,EXTERNAL,Variable selling accrual,,HW-NET-RTR-P,C021
2023-10,ES01,Hardware,OPEX-2023-10-00484-ES01,opex,6000_OPEX,884.65,0.0,EXTERNAL,Non-people operating expenses,,HW-NET-RTR-P,C021
2023-10,ES01,Hardware,OPEX-2023-10-00484-ES01,opex,2100_AP,0.0,884.65,EXTERNAL,Non-people operating expense accrual,,HW-NET-RTR-P,C021
2023-10,ES01,Hardware,SALE-2023-10-00485-ES01,sale,1100_AR,17110.8,0.0,EXTERNAL,External customer invoice,,HW-SEN-RFID-P,C021
2023-10,ES01,Hardware,SALE-2023-10-00485-ES01,sale,4000_EXTERNAL_REVENUE,0.0,17110.8,EXTERNAL,External customer invoice,,HW-SEN-RFID-P,C021
2023-10,ES01,Hardware,COGS-2023-10-00485-ES01,cogs,5000_EXTERNAL_COGS,12018.48,0.0,EXTERNAL,External cost of sales at transfer price,,HW-SEN-RFID-P,C021
2023-10,ES01,Hardware,COGS-2023-10-00485-ES01,cogs,1200_INVENTORY,0.0,12018.48,EXTERNAL,Inventory consumption,,HW-SEN-RFID-P,C021
2023-10,ES01,Hardware,VARSELL-2023-10-00485-ES01,variable_selling,5300_VARIABLE_SELLING,941.09,0.0,EXTERNAL,Variable selling and logistics,,HW-SEN-RFID-P,C021
2023-10,ES01,Hardware,VARSELL-2023-10-00485-ES01,variable_selling,2100_AP,0.0,941.09,EXTERNAL,Variable selling accrual,,HW-SEN-RFID-P,C021
2023-10,ES01,Hardware,OPEX-2023-10-00485-ES01,opex,6000_OPEX,513.32,0.0,EXTERNAL,Non-people operating expenses,,HW-SEN-RFID-P,C021
2023-10,ES01,Hardware,OPEX-2023-10-00485-ES01,opex,2100_AP,0.0,513.32,EXTERNAL,Non-people operating expense accrual,,HW-SEN-RFID-P,C021
2023-10,ES01,Hardware,SALE-2023-10-00486-ES01,sale,1100_AR,14309.57,0.0,EXTERNAL,External customer invoice,,HW-SEN-BIO-E,C021
2023-10,ES01,Hardware,SALE-2023-10-00486-ES01,sale,4000_EXTERNAL_REVENUE,0.0,14309.57,EXTERNAL,External customer invoice,,HW-SEN-BIO-E,C021
2023-10,ES01,Hardware,COGS-2023-10-00486-ES01,cogs,5000_EXTERNAL_COGS,8816.59,0.0,EXTERNAL,External cost of sales at transfer price,,HW-SEN-BIO-E,C021
2023-10,ES01,Hardware,COGS-2023-10-00486-ES01,cogs,1200_INVENTORY,0.0,8816.59,EXTERNAL,Inventory consumption,,HW-SEN-BIO-E,C021
2023-10,ES01,Hardware,VARSELL-2023-10-00486-ES01,variable_selling,5300_VARIABLE_SELLING,849.99,0.0,EXTERNAL,Variable selling and logistics,,HW-SEN-BIO-E,C021
2023-10,ES01,Hardware,VARSELL-2023-10-00486-ES01,variable_selling,2100_AP,0.0,849.99,EXTERNAL,Variable selling accrual,,HW-SEN-BIO-E,C021
2023-10,ES01,Hardware,OPEX-2023-10-00486-ES01,opex,6000_OPEX,429.29,0.0,EXTERNAL,Non-people operating expenses,,HW-SEN-BIO-E,C021
2023-10,ES01,Hardware,OPEX-2023-10-00486-ES01,opex,2100_AP,0.0,429.29,EXTERNAL,Non-people operating expense accrual,,HW-SEN-BIO-E,C021
2023-10,ES01,Hardware,SALE-2023-10-00487-ES01,sale,1100_AR,15272.71,0.0,EXTERNAL,External customer invoice,,HW-SEN-CAM-E,C021
2023-10,ES01,Hardware,SALE-2023-10-00487-ES01,sale,4000_EXTERNAL_REVENUE,0.0,15272.71,EXTERNAL,External customer invoice,,HW-SEN-CAM-E,C021
2023-10,ES01,Hardware,COGS-2023-10-00487-ES01,cogs,5000_EXTERNAL_COGS,9709.2,0.0,EXTERNAL,External cost of sales at transfer price,,HW-SEN-CAM-E,C021
2023-10,ES01,Hardware,COGS-2023-10-00487-ES01,cogs,1200_INVENTORY,0.0,9709.2,EXTERNAL,Inventory consumption,,HW-SEN-CAM-E,C021
2023-10,ES01,Hardware,VARSELL-2023-10-00487-ES01,variable_selling,5300_VARIABLE_SELLING,907.2,0.0,EXTERNAL,Variable selling and logistics,,HW-SEN-CAM-E,C021
2023-10,ES01,Hardware,VARSELL-2023-10-00487-ES01,variable_selling,2100_AP,0.0,907.2,EXTERNAL,Variable selling accrual,,HW-SEN-CAM-E,C021
2023-10,ES01,Hardware,OPEX-2023-10-00487-ES01,opex,6000_OPEX,458.18,0.0,EXTERNAL,Non-people operating expenses,,HW-SEN-CAM-E,C021
2023-10,ES01,Hardware,OPEX-2023-10-00487-ES01,opex,2100_AP,0.0,458.18,EXTERNAL,Non-people operating expense accrual,,HW-SEN-CAM-E,C021
2023-10,ES01,Hardware,SALE-2023-10-00488-ES01,sale,1100_AR,19580.4,0.0,EXTERNAL,External customer invoice,,HW-SEN-CAM-P,C021
2023-10,ES01,Hardware,SALE-2023-10-00488-ES01,sale,4000_EXTERNAL_REVENUE,0.0,19580.4,EXTERNAL,External customer invoice,,HW-SEN-CAM-P,C021
2023-10,ES01,Hardware,COGS-2023-10-00488-ES01,cogs,5000_EXTERNAL_COGS,14666.38,0.0,EXTERNAL,External cost of sales at transfer price,,HW-SEN-CAM-P,C021
2023-10,ES01,Hardware,COGS-2023-10-00488-ES01,cogs,1200_INVENTORY,0.0,14666.38,EXTERNAL,Inventory consumption,,HW-SEN-CAM-P,C021
2023-10,ES01,Hardware,VARSELL-2023-10-00488-ES01,variable_selling,5300_VARIABLE_SELLING,1076.92,0.0,EXTERNAL,Variable selling and logistics,,HW-SEN-CAM-P,C021
2023-10,ES01,Hardware,VARSELL-2023-10-00488-ES01,variable_selling,2100_AP,0.0,1076.92,EXTERNAL,Variable selling accrual,,HW-SEN-CAM-P,C021
2023-10,ES01,Hardware,OPEX-2023-10-00488-ES01,opex,6000_OPEX,587.41,0.0,EXTERNAL,Non-people operating expenses,,HW-SEN-CAM-P,C021
2023-10,ES01,Hardware,OPEX-2023-10-00488-ES01,opex,2100_AP,0.0,587.41,EXTERNAL,Non-people operating expense accrual,,HW-SEN-CAM-P,C021
2023-10,ES01,Hardware,SALE-2023-10-00489-ES01,sale,1100_AR,16235.86,0.0,EXTERNAL,External customer invoice,,HW-SEN-HUB-E,C021
2023-10,ES01,Hardware,SALE-2023-10-00489-ES01,sale,4000_EXTERNAL_REVENUE,0.0,16235.86,EXTERNAL,External customer invoice,,HW-SEN-HUB-E,C021
2023-10,ES01,Hardware,COGS-2023-10-00489-ES01,cogs,5000_EXTERNAL_COGS,10639.54,0.0,EXTERNAL,External cost of sales at transfer price,,HW-SEN-HUB-E,C021
2023-10,ES01,Hardware,COGS-2023-10-00489-ES01,cogs,1200_INVENTORY,0.0,10639.54,EXTERNAL,Inventory consumption,,HW-SEN-HUB-E,C021
2023-10,ES01,Hardware,VARSELL-2023-10-00489-ES01,variable_selling,5300_VARIABLE_SELLING,964.41,0.0,EXTERNAL,Variable selling and logistics,,HW-SEN-HUB-E,C021
2023-10,ES01,Hardware,VARSELL-2023-10-00489-ES01,variable_selling,2100_AP,0.0,964.41,EXTERNAL,Variable selling accrual,,HW-SEN-HUB-E,C021
2023-10,ES01,Hardware,OPEX-2023-10-00489-ES01,opex,6000_OPEX,487.08,0.0,EXTERNAL,Non-people operating expenses,,HW-SEN-HUB-E,C021
2023-10,ES01,Hardware,OPEX-2023-10-00489-ES01,opex,2100_AP,0.0,487.08,EXTERNAL,Non-people operating expense accrual,,HW-SEN-HUB-E,C021
2023-10,ES01,Hardware,SALE-2023-10-00490-ES01,sale,1100_AR,20815.2,0.0,EXTERNAL,External customer invoice,,HW-SEN-HUB-P,C021
2023-10,ES01,Hardware,SALE-2023-10-00490-ES01,sale,4000_EXTERNAL_REVENUE,0.0,20815.2,EXTERNAL,External customer invoice,,HW-SEN-HUB-P,C021
2023-10,ES01,Hardware,COGS-2023-10-00490-ES01,cogs,5000_EXTERNAL_COGS,16076.72,0.0,EXTERNAL,External cost of sales at transfer price,,HW-SEN-HUB-P,C021
2023-10,ES01,Hardware,COGS-2023-10-00490-ES01,cogs,1200_INVENTORY,0.0,16076.72,EXTERNAL,Inventory consumption,,HW-SEN-HUB-P,C021
2023-10,ES01,Hardware,VARSELL-2023-10-00490-ES01,variable_selling,5300_VARIABLE_SELLING,1144.84,0.0,EXTERNAL,Variable selling and logistics,,HW-SEN-HUB-P,C021
2023-10,ES01,Hardware,VARSELL-2023-10-00490-ES01,variable_selling,2100_AP,0.0,1144.84,EXTERNAL,Variable selling accrual,,HW-SEN-HUB-P,C021
2023-10,ES01,Hardware,OPEX-2023-10-00490-ES01,opex,6000_OPEX,624.46,0.0,EXTERNAL,Non-people operating expenses,,HW-SEN-HUB-P,C021
2023-10,ES01,Hardware,OPEX-2023-10-00490-ES01,opex,2100_AP,0.0,624.46,EXTERNAL,Non-people operating expense accrual,,HW-SEN-HUB-P,C021
2023-10,ES01,Events,SALE-2023-10-00491-ES01,sale,1100_AR,145367.82,0.0,EXTERNAL,External customer invoice,,EV-DEP-MIG-E,C022
2023-10,ES01,Events,SALE-2023-10-00491-ES01,sale,4000_EXTERNAL_REVENUE,0.0,145367.82,EXTERNAL,External customer invoice,,EV-DEP-MIG-E,C022
2023-10,ES01,Events,SERV-2023-10-00491-ES01,service_cost,5050_SERVICE_DELIVERY,61466.82,0.0,EXTERNAL,Direct service delivery,,EV-DEP-MIG-E,C022
2023-10,ES01,Events,SERV-2023-10-00491-ES01,service_cost,2100_AP,0.0,61466.82,EXTERNAL,Direct service delivery accrual,,EV-DEP-MIG-E,C022
2023-10,ES01,Events,FIX-2023-10-00491-ES01,fixed_production,5400_FIXED_PRODUCTION,7595.47,0.0,EXTERNAL,Fixed delivery capacity cost,,EV-DEP-MIG-E,C022
2023-10,ES01,Events,FIX-2023-10-00491-ES01,fixed_production,2100_AP,0.0,7595.47,EXTERNAL,Fixed delivery capacity accrual,,EV-DEP-MIG-E,C022
2023-10,ES01,Events,VARSELL-2023-10-00491-ES01,variable_selling,5300_VARIABLE_SELLING,10204.82,0.0,EXTERNAL,Variable selling and logistics,,EV-DEP-MIG-E,C022
2023-10,ES01,Events,VARSELL-2023-10-00491-ES01,variable_selling,2100_AP,0.0,10204.82,EXTERNAL,Variable selling accrual,,EV-DEP-MIG-E,C022
2023-10,ES01,Events,OPEX-2023-10-00491-ES01,opex,6000_OPEX,6541.55,0.0,EXTERNAL,Non-people operating expenses,,EV-DEP-MIG-E,C022
2023-10,ES01,Events,OPEX-2023-10-00491-ES01,opex,2100_AP,0.0,6541.55,EXTERNAL,Non-people operating expense accrual,,EV-DEP-MIG-E,C022
2023-10,ES01,Events,SALE-2023-10-00492-ES01,sale,1100_AR,85273.34,0.0,EXTERNAL,External customer invoice,,EV-TRN-CRT-E,C022
2023-10,ES01,Events,SALE-2023-10-00492-ES01,sale,4000_EXTERNAL_REVENUE,0.0,85273.34,EXTERNAL,External customer invoice,,EV-TRN-CRT-E,C022
2023-10,ES01,Events,SERV-2023-10-00492-ES01,service_cost,5050_SERVICE_DELIVERY,34837.38,0.0,EXTERNAL,Direct service delivery,,EV-TRN-CRT-E,C022
2023-10,ES01,Events,SERV-2023-10-00492-ES01,service_cost,2100_AP,0.0,34837.38,EXTERNAL,Direct service delivery accrual,,EV-TRN-CRT-E,C022
2023-10,ES01,Events,FIX-2023-10-00492-ES01,fixed_production,5400_FIXED_PRODUCTION,4455.53,0.0,EXTERNAL,Fixed delivery capacity cost,,EV-TRN-CRT-E,C022
2023-10,ES01,Events,FIX-2023-10-00492-ES01,fixed_production,2100_AP,0.0,4455.53,EXTERNAL,Fixed delivery capacity accrual,,EV-TRN-CRT-E,C022
2023-10,ES01,Events,VARSELL-2023-10-00492-ES01,variable_selling,5300_VARIABLE_SELLING,5986.19,0.0,EXTERNAL,Variable selling and logistics,,EV-TRN-CRT-E,C022
2023-10,ES01,Events,VARSELL-2023-10-00492-ES01,variable_selling,2100_AP,0.0,5986.19,EXTERNAL,Variable selling accrual,,EV-TRN-CRT-E,C022
2023-10,ES01,Events,OPEX-2023-10-00492-ES01,opex,6000_OPEX,3837.3,0.0,EXTERNAL,Non-people operating expenses,,EV-TRN-CRT-E,C022
2023-10,ES01,Events,OPEX-2023-10-00492-ES01,opex,2100_AP,0.0,3837.3,EXTERNAL,Non-people operating expense accrual,,EV-TRN-CRT-E,C022
2023-10,ES01,Events,SALE-2023-10-00493-ES01,sale,1100_AR,91012.9,0.0,EXTERNAL,External customer invoice,,EV-TRN-TEC-E,C022
2023-10,ES01,Events,SALE-2023-10-00493-ES01,sale,4000_EXTERNAL_REVENUE,0.0,91012.9,EXTERNAL,External customer invoice,,EV-TRN-TEC-E,C022
2023-10,ES01,Events,SERV-2023-10-00493-ES01,service_cost,5050_SERVICE_DELIVERY,38483.58,0.0,EXTERNAL,Direct service delivery,,EV-TRN-TEC-E,C022
2023-10,ES01,Events,SERV-2023-10-00493-ES01,service_cost,2100_AP,0.0,38483.58,EXTERNAL,Direct service delivery accrual,,EV-TRN-TEC-E,C022
2023-10,ES01,Events,FIX-2023-10-00493-ES01,fixed_production,5400_FIXED_PRODUCTION,4755.42,0.0,EXTERNAL,Fixed delivery capacity cost,,EV-TRN-TEC-E,C022
2023-10,ES01,Events,FIX-2023-10-00493-ES01,fixed_production,2100_AP,0.0,4755.42,EXTERNAL,Fixed delivery capacity accrual,,EV-TRN-TEC-E,C022
2023-10,ES01,Events,VARSELL-2023-10-00493-ES01,variable_selling,5300_VARIABLE_SELLING,6389.11,0.0,EXTERNAL,Variable selling and logistics,,EV-TRN-TEC-E,C022
2023-10,ES01,Events,VARSELL-2023-10-00493-ES01,variable_selling,2100_AP,0.0,6389.11,EXTERNAL,Variable selling accrual,,EV-TRN-TEC-E,C022
2023-10,ES01,Events,OPEX-2023-10-00493-ES01,opex,6000_OPEX,4095.58,0.0,EXTERNAL,Non-people operating expenses,,EV-TRN-TEC-E,C022
2023-10,ES01,Events,OPEX-2023-10-00493-ES01,opex,2100_AP,0.0,4095.58,EXTERNAL,Non-people operating expense accrual,,EV-TRN-TEC-E,C022
2023-10,ES01,Events,SALE-2023-10-00494-ES01,sale,1100_AR,156334.46,0.0,EXTERNAL,External customer invoice,,EV-EXP-FOR-E,C022
2023-10,ES01,Events,SALE-2023-10-00494-ES01,sale,4000_EXTERNAL_REVENUE,0.0,156334.46,EXTERNAL,External customer invoice,,EV-EXP-FOR-E,C022
2023-10,ES01,Events,SERV-2023-10-00494-ES01,service_cost,5050_SERVICE_DELIVERY,63868.53,0.0,EXTERNAL,Direct service delivery,,EV-EXP-FOR-E,C022
2023-10,ES01,Events,SERV-2023-10-00494-ES01,service_cost,2100_AP,0.0,63868.53,EXTERNAL,Direct service delivery accrual,,EV-EXP-FOR-E,C022
2023-10,ES01,Events,FIX-2023-10-00494-ES01,fixed_production,5400_FIXED_PRODUCTION,8168.48,0.0,EXTERNAL,Fixed delivery capacity cost,,EV-EXP-FOR-E,C022
2023-10,ES01,Events,FIX-2023-10-00494-ES01,fixed_production,2100_AP,0.0,8168.48,EXTERNAL,Fixed delivery capacity accrual,,EV-EXP-FOR-E,C022
2023-10,ES01,Events,VARSELL-2023-10-00494-ES01,variable_selling,5300_VARIABLE_SELLING,10974.68,0.0,EXTERNAL,Variable selling and logistics,,EV-EXP-FOR-E,C022
2023-10,ES01,Events,VARSELL-2023-10-00494-ES01,variable_selling,2100_AP,0.0,10974.68,EXTERNAL,Variable selling accrual,,EV-EXP-FOR-E,C022
2023-10,ES01,Events,OPEX-2023-10-00494-ES01,opex,6000_OPEX,7035.05,0.0,EXTERNAL,Non-people operating expenses,,EV-EXP-FOR-E,C022
2023-10,ES01,Events,OPEX-2023-10-00494-ES01,opex,2100_AP,0.0,7035.05,EXTERNAL,Non-people operating expense accrual,,EV-EXP-FOR-E,C022
2023-10,ES01,Events,SALE-2023-10-00495-ES01,sale,1100_AR,127033.14,0.0,EXTERNAL,External customer invoice,,EV-DEP-LCH-E,C023
2023-10,ES01,Events,SALE-2023-10-00495-ES01,sale,4000_EXTERNAL_REVENUE,0.0,127033.14,EXTERNAL,External customer invoice,,EV-DEP-LCH-E,C023
2023-10,ES01,Events,SERV-2023-10-00495-ES01,service_cost,5050_SERVICE_DELIVERY,50081.4,0.0,EXTERNAL,Direct service delivery,,EV-DEP-LCH-E,C023
2023-10,ES01,Events,SERV-2023-10-00495-ES01,service_cost,2100_AP,0.0,50081.4,EXTERNAL,Direct service delivery accrual,,EV-DEP-LCH-E,C023
2023-10,CN01,Corporate,POOL-2023-10-CN01-DE01-surplus_sweep-S,treasury_cash_pool,1160_IC_TREASURY_RECEIVABLE,17335264.69,0.0,DE01,Treasury cash pool surplus_sweep,intercompany_treasury,,
2023-10,CN01,Corporate,POOL-2023-10-CN01-DE01-surplus_sweep-S,treasury_cash_pool,1000_CASH,0.0,17335264.69,DE01,Treasury cash pool surplus_sweep,intercompany_treasury,,
2023-10,DE01,Corporate,POOL-2023-10-CN01-DE01-surplus_sweep-D,treasury_cash_pool,1000_CASH,17335264.69,0.0,CN01,Treasury cash pool surplus_sweep,intercompany_treasury,,
2023-10,DE01,Corporate,POOL-2023-10-CN01-DE01-surplus_sweep-D,treasury_cash_pool,2160_IC_TREASURY_PAYABLE,0.0,17335264.69,CN01,Treasury cash pool surplus_sweep,intercompany_treasury,,
2023-10,CZ01,Corporate,POOL-2023-10-CZ01-DE01-surplus_sweep-S,treasury_cash_pool,1160_IC_TREASURY_RECEIVABLE,20058302.2,0.0,DE01,Treasury cash pool surplus_sweep,intercompany_treasury,,
2023-10,CZ01,Corporate,POOL-2023-10-CZ01-DE01-surplus_sweep-S,treasury_cash_pool,1000_CASH,0.0,20058302.2,DE01,Treasury cash pool surplus_sweep,intercompany_treasury,,
2023-10,DE01,Corporate,POOL-2023-10-CZ01-DE01-surplus_sweep-D,treasury_cash_pool,1000_CASH,20058302.2,0.0,CZ01,Treasury cash pool surplus_sweep,intercompany_treasury,,
2023-10,DE01,Corporate,POOL-2023-10-CZ01-DE01-surplus_sweep-D,treasury_cash_pool,2160_IC_TREASURY_PAYABLE,0.0,20058302.2,CZ01,Treasury cash pool surplus_sweep,intercompany_treasury,,
2023-10,DE01,Corporate,POOL-2023-10-DE01-ES01-liquidity_funding-S,treasury_cash_pool,1160_IC_TREASURY_RECEIVABLE,8531162.82,0.0,ES01,Treasury cash pool liquidity_funding,intercompany_treasury,,
2023-10,DE01,Corporate,POOL-2023-10-DE01-ES01-liquidity_funding-S,treasury_cash_pool,1000_CASH,0.0,8531162.82,ES01,Treasury cash pool liquidity_funding,intercompany_treasury,,
2023-10,ES01,Corporate,POOL-2023-10-DE01-ES01-liquidity_funding-D,treasury_cash_pool,1000_CASH,8531162.82,0.0,DE01,Treasury cash pool liquidity_funding,intercompany_treasury,,
2023-10,ES01,Corporate,POOL-2023-10-DE01-ES01-liquidity_funding-D,treasury_cash_pool,2160_IC_TREASURY_PAYABLE,0.0,8531162.82,DE01,Treasury cash pool liquidity_funding,intercompany_treasury,,
2023-10,DE01,Corporate,POOL-2023-10-DE01-JP01-liquidity_funding-S,treasury_cash_pool,1160_IC_TREASURY_RECEIVABLE,7318024.17,0.0,JP01,Treasury cash pool liquidity_funding,intercompany_treasury,,
2023-10,DE01,Corporate,POOL-2023-10-DE01-JP01-liquidity_funding-S,treasury_cash_pool,1000_CASH,0.0,7318024.17,JP01,Treasury cash pool liquidity_funding,intercompany_treasury,,
2023-10,JP01,Corporate,POOL-2023-10-DE01-JP01-liquidity_funding-D,treasury_cash_pool,1000_CASH,7318024.17,0.0,DE01,Treasury cash pool liquidity_funding,intercompany_treasury,,
2023-10,JP01,Corporate,POOL-2023-10-DE01-JP01-liquidity_funding-D,treasury_cash_pool,2160_IC_TREASURY_PAYABLE,0.0,7318024.17,DE01,Treasury cash pool liquidity_funding,intercompany_treasury,,
2023-10,DE01,Corporate,POOL-2023-10-DE01-US01-liquidity_funding-S,treasury_cash_pool,1160_IC_TREASURY_RECEIVABLE,9077590.31,0.0,US01,Treasury cash pool liquidity_funding,intercompany_treasury,,
2023-10,DE01,Corporate,POOL-2023-10-DE01-US01-liquidity_funding-S,treasury_cash_pool,1000_CASH,0.0,9077590.31,US01,Treasury cash pool liquidity_funding,intercompany_treasury,,
2023-10,US01,Corporate,POOL-2023-10-DE01-US01-liquidity_funding-D,treasury_cash_pool,1000_CASH,9077590.31,0.0,DE01,Treasury cash pool liquidity_funding,intercompany_treasury,,
2023-10,US01,Corporate,POOL-2023-10-DE01-US01-liquidity_funding-D,treasury_cash_pool,2160_IC_TREASURY_PAYABLE,0.0,9077590.31,DE01,Treasury cash pool liquidity_funding,intercompany_treasury,,
2023-11,DE01,Corporate,POOL-2023-11-DE01-CN01-liquidity_funding-S,treasury_cash_pool,1160_IC_TREASURY_RECEIVABLE,173046.83,0.0,CN01,Treasury cash pool liquidity_funding,intercompany_treasury,,
2023-11,DE01,Corporate,POOL-2023-11-DE01-CN01-liquidity_funding-S,treasury_cash_pool,1000_CASH,0.0,173046.83,CN01,Treasury cash pool liquidity_funding,intercompany_treasury,,
2023-11,CN01,Corporate,POOL-2023-11-DE01-CN01-liquidity_funding-D,treasury_cash_pool,1000_CASH,173046.83,0.0,DE01,Treasury cash pool liquidity_funding,intercompany_treasury,,
2023-11,CN01,Corporate,POOL-2023-11-DE01-CN01-liquidity_funding-D,treasury_cash_pool,2160_IC_TREASURY_PAYABLE,0.0,173046.83,DE01,Treasury cash pool liquidity_funding,intercompany_treasury,,
2023-11,CZ01,Corporate,POOL-2023-11-CZ01-DE01-surplus_sweep-S,treasury_cash_pool,1160_IC_TREASURY_RECEIVABLE,356311.89,0.0,DE01,Treasury cash pool surplus_sweep,intercompany_treasury,,
2023-11,CZ01,Corporate,POOL-2023-11-CZ01-DE01-surplus_sweep-S,treasury_cash_pool,1000_CASH,0.0,356311.89,DE01,Treasury cash pool surplus_sweep,intercompany_treasury,,
2023-11,DE01,Corporate,POOL-2023-11-CZ01-DE01-surplus_sweep-D,treasury_cash_pool,1000_CASH,356311.89,0.0,CZ01,Treasury cash pool surplus_sweep,intercompany_treasury,,
2023-11,DE01,Corporate,POOL-2023-11-CZ01-DE01-surplus_sweep-D,treasury_cash_pool,2160_IC_TREASURY_PAYABLE,0.0,356311.89,CZ01,Treasury cash pool surplus_sweep,intercompany_treasury,,
2023-11,DE01,Corporate,POOL-2023-11-DE01-ES01-liquidity_funding-S,treasury_cash_pool,1160_IC_TREASURY_RECEIVABLE,5166396.42,0.0,ES01,Treasury cash pool liquidity_funding,intercompany_treasury,,
2023-11,DE01,Corporate,POOL-2023-11-DE01-ES01-liquidity_funding-S,treasury_cash_pool,1000_CASH,0.0,5166396.42,ES01,Treasury cash pool liquidity_funding,intercompany_treasury,,
2023-11,ES01,Corporate,POOL-2023-11-DE01-ES01-liquidity_funding-D,treasury_cash_pool,1000_CASH,5166396.42,0.0,DE01,Treasury cash pool liquidity_funding,intercompany_treasury,,
2023-11,ES01,Corporate,POOL-2023-11-DE01-ES01-liquidity_funding-D,treasury_cash_pool,2160_IC_TREASURY_PAYABLE,0.0,5166396.42,DE01,Treasury cash pool liquidity_funding,intercompany_treasury,,
2023-11,DE01,Corporate,POOL-2023-11-DE01-JP01-liquidity_funding-S,treasury_cash_pool,1160_IC_TREASURY_RECEIVABLE,4208297.84,0.0,JP01,Treasury cash pool liquidity_funding,intercompany_treasury,,
2023-11,DE01,Corporate,POOL-2023-11-DE01-JP01-liquidity_funding-S,treasury_cash_pool,1000_CASH,0.0,4208297.84,JP01,Treasury cash pool liquidity_funding,intercompany_treasury,,
2023-11,JP01,Corporate,POOL-2023-11-DE01-JP01-liquidity_funding-D,treasury_cash_pool,1000_CASH,4208297.84,0.0,DE01,Treasury cash pool liquidity_funding,intercompany_treasury,,
2023-11,JP01,Corporate,POOL-2023-11-DE01-JP01-liquidity_funding-D,treasury_cash_pool,2160_IC_TREASURY_PAYABLE,0.0,4208297.84,DE01,Treasury cash pool liquidity_funding,intercompany_treasury,,
2023-11,DE01,Corporate,POOL-2023-11-DE01-US01-liquidity_funding-S,treasury_cash_pool,1160_IC_TREASURY_RECEIVABLE,4865065.85,0.0,US01,Treasury cash pool liquidity_funding,intercompany_treasury,,
2023-11,DE01,Corporate,POOL-2023-11-DE01-US01-liquidity_funding-S,treasury_cash_pool,1000_CASH,0.0,4865065.85,US01,Treasury cash pool liquidity_funding,intercompany_treasury,,
2023-11,US01,Corporate,POOL-2023-11-DE01-US01-liquidity_funding-D,treasury_cash_pool,1000_CASH,4865065.85,0.0,DE01,Treasury cash pool liquidity_funding,intercompany_treasury,,
2023-11,US01,Corporate,POOL-2023-11-DE01-US01-liquidity_funding-D,treasury_cash_pool,2160_IC_TREASURY_PAYABLE,0.0,4865065.85,DE01,Treasury cash pool liquidity_funding,intercompany_treasury,,
2023-12,CN01,Corporate,POOL-2023-12-CN01-DE01-surplus_sweep-S,treasury_cash_pool,1160_IC_TREASURY_RECEIVABLE,468213.3,0.0,DE01,Treasury cash pool surplus_sweep,intercompany_treasury,,
2023-12,CN01,Corporate,POOL-2023-12-CN01-DE01-surplus_sweep-S,treasury_cash_pool,1000_CASH,0.0,468213.3,DE01,Treasury cash pool surplus_sweep,intercompany_treasury,,
2023-12,DE01,Corporate,POOL-2023-12-CN01-DE01-surplus_sweep-D,treasury_cash_pool,1000_CASH,468213.3,0.0,CN01,Treasury cash pool surplus_sweep,intercompany_treasury,,
2023-12,DE01,Corporate,POOL-2023-12-CN01-DE01-surplus_sweep-D,treasury_cash_pool,2160_IC_TREASURY_PAYABLE,0.0,468213.3,CN01,Treasury cash pool surplus_sweep,intercompany_treasury,,
2023-12,CZ01,Corporate,POOL-2023-12-CZ01-DE01-surplus_sweep-S,treasury_cash_pool,1160_IC_TREASURY_RECEIVABLE,781966.23,0.0,DE01,Treasury cash pool surplus_sweep,intercompany_treasury,,
2023-12,CZ01,Corporate,POOL-2023-12-CZ01-DE01-surplus_sweep-S,treasury_cash_pool,1000_CASH,0.0,781966.23,DE01,Treasury cash pool surplus_sweep,intercompany_treasury,,
2023-12,DE01,Corporate,POOL-2023-12-CZ01-DE01-surplus_sweep-D,treasury_cash_pool,1000_CASH,781966.23,0.0,CZ01,Treasury cash pool surplus_sweep,intercompany_treasury,,
2023-12,DE01,Corporate,POOL-2023-12-CZ01-DE01-surplus_sweep-D,treasury_cash_pool,2160_IC_TREASURY_PAYABLE,0.0,781966.23,CZ01,Treasury cash pool surplus_sweep,intercompany_treasury,,
2023-12,ES01,Corporate,POOL-2023-12-ES01-DE01-surplus_sweep-S,treasury_cash_pool,1160_IC_TREASURY_RECEIVABLE,152437.05,0.0,DE01,Treasury cash pool surplus_sweep,intercompany_treasury,,
2023-12,ES01,Corporate,POOL-2023-12-ES01-DE01-surplus_sweep-S,treasury_cash_pool,1000_CASH,0.0,152437.05,DE01,Treasury cash pool surplus_sweep,intercompany_treasury,,
2023-12,DE01,Corporate,POOL-2023-12-ES01-DE01-surplus_sweep-D,treasury_cash_pool,1000_CASH,152437.05,0.0,ES01,Treasury cash pool surplus_sweep,intercompany_treasury,,
2023-12,DE01,Corporate,POOL-2023-12-ES01-DE01-surplus_sweep-D,treasury_cash_pool,2160_IC_TREASURY_PAYABLE,0.0,152437.05,ES01,Treasury cash pool surplus_sweep,intercompany_treasury,,
2023-12,DE01,Corporate,POOL-2023-12-DE01-JP01-liquidity_funding-S,treasury_cash_pool,1160_IC_TREASURY_RECEIVABLE,788781.77,0.0,JP01,Treasury cash pool liquidity_funding,intercompany_treasury,,
2023-12,DE01,Corporate,POOL-2023-12-DE01-JP01-liquidity_funding-S,treasury_cash_pool,1000_CASH,0.0,788781.77,JP01,Treasury cash pool liquidity_funding,intercompany_treasury,,
2023-12,JP01,Corporate,POOL-2023-12-DE01-JP01-liquidity_funding-D,treasury_cash_pool,1000_CASH,788781.77,0.0,DE01,Treasury cash pool liquidity_funding,intercompany_treasury,,
2023-12,JP01,Corporate,POOL-2023-12-DE01-JP01-liquidity_funding-D,treasury_cash_pool,2160_IC_TREASURY_PAYABLE,0.0,788781.77,DE01,Treasury cash pool liquidity_funding,intercompany_treasury,,
2023-12,DE01,Corporate,POOL-2023-12-DE01-US01-liquidity_funding-S,treasury_cash_pool,1160_IC_TREASURY_RECEIVABLE,184645.22,0.0,US01,Treasury cash pool liquidity_funding,intercompany_treasury,,
2023-12,DE01,Corporate,POOL-2023-12-DE01-US01-liquidity_funding-S,treasury_cash_pool,1000_CASH,0.0,184645.22,US01,Treasury cash pool liquidity_funding,intercompany_treasury,,
2023-12,US01,Corporate,POOL-2023-12-DE01-US01-liquidity_funding-D,treasury_cash_pool,1000_CASH,184645.22,0.0,DE01,Treasury cash pool liquidity_funding,intercompany_treasury,,
2023-12,US01,Corporate,POOL-2023-12-DE01-US01-liquidity_funding-D,treasury_cash_pool,2160_IC_TREASURY_PAYABLE,0.0,184645.22,DE01,Treasury cash pool liquidity_funding,intercompany_treasury,,
2024-01,DE01,Corporate,POOL-2024-01-DE01-CN01-liquidity_funding-S,treasury_cash_pool,1160_IC_TREASURY_RECEIVABLE,11542378.21,0.0,CN01,Treasury cash pool liquidity_funding,intercompany_treasury,,
2024-01,DE01,Corporate,POOL-2024-01-DE01-CN01-liquidity_funding-S,treasury_cash_pool,1000_CASH,0.0,11542378.21,CN01,Treasury cash pool liquidity_funding,intercompany_treasury,,
2024-01,CN01,Corporate,POOL-2024-01-DE01-CN01-liquidity_funding-D,treasury_cash_pool,1000_CASH,11542378.21,0.0,DE01,Treasury cash pool liquidity_funding,intercompany_treasury,,
2024-01,CN01,Corporate,POOL-2024-01-DE01-CN01-liquidity_funding-D,treasury_cash_pool,2160_IC_TREASURY_PAYABLE,0.0,11542378.21,DE01,Treasury cash pool liquidity_funding,intercompany_treasury,,
2024-01,DE01,Corporate,POOL-2024-01-DE01-CZ01-liquidity_funding-S,treasury_cash_pool,1160_IC_TREASURY_RECEIVABLE,13257226.83,0.0,CZ01,Treasury cash pool liquidity_funding,intercompany_treasury,,
2024-01,DE01,Corporate,POOL-2024-01-DE01-CZ01-liquidity_funding-S,treasury_cash_pool,1000_CASH,0.0,13257226.83,CZ01,Treasury cash pool liquidity_funding,intercompany_treasury,,
2024-01,CZ01,Corporate,POOL-2024-01-DE01-CZ01-liquidity_funding-D,treasury_cash_pool,1000_CASH,13257226.83,0.0,DE01,Treasury cash pool liquidity_funding,intercompany_treasury,,
2024-01,CZ01,Corporate,POOL-2024-01-DE01-CZ01-liquidity_funding-D,treasury_cash_pool,2160_IC_TREASURY_PAYABLE,0.0,13257226.83,DE01,Treasury cash pool liquidity_funding,intercompany_treasury,,
2024-01,ES01,Corporate,POOL-2024-01-ES01-DE01-surplus_sweep-S,treasury_cash_pool,1160_IC_TREASURY_RECEIVABLE,6621549.37,0.0,DE01,Treasury cash pool surplus_sweep,intercompany_treasury,,
2024-01,ES01,Corporate,POOL-2024-01-ES01-DE01-surplus_sweep-S,treasury_cash_pool,1000_CASH,0.0,6621549.37,DE01,Treasury cash pool surplus_sweep,intercompany_treasury,,
2024-01,DE01,Corporate,POOL-2024-01-ES01-DE01-surplus_sweep-D,treasury_cash_pool,1000_CASH,6621549.37,0.0,ES01,Treasury cash pool surplus_sweep,intercompany_treasury,,
2024-01,DE01,Corporate,POOL-2024-01-ES01-DE01-surplus_sweep-D,treasury_cash_pool,2160_IC_TREASURY_PAYABLE,0.0,6621549.37,ES01,Treasury cash pool surplus_sweep,intercompany_treasury,,
2024-01,JP01,Corporate,POOL-2024-01-JP01-DE01-surplus_sweep-S,treasury_cash_pool,1160_IC_TREASURY_RECEIVABLE,3894500.98,0.0,DE01,Treasury cash pool surplus_sweep,intercompany_treasury,,
2024-01,JP01,Corporate,POOL-2024-01-JP01-DE01-surplus_sweep-S,treasury_cash_pool,1000_CASH,0.0,3894500.98,DE01,Treasury cash pool surplus_sweep,intercompany_treasury,,
2024-01,DE01,Corporate,POOL-2024-01-JP01-DE01-surplus_sweep-D,treasury_cash_pool,1000_CASH,3894500.98,0.0,JP01,Treasury cash pool surplus_sweep,intercompany_treasury,,
2024-01,DE01,Corporate,POOL-2024-01-JP01-DE01-surplus_sweep-D,treasury_cash_pool,2160_IC_TREASURY_PAYABLE,0.0,3894500.98,JP01,Treasury cash pool surplus_sweep,intercompany_treasury,,
2024-01,US01,Corporate,POOL-2024-01-US01-DE01-surplus_sweep-S,treasury_cash_pool,1160_IC_TREASURY_RECEIVABLE,4366972.18,0.0,DE01,Treasury cash pool surplus_sweep,intercompany_treasury,,
2024-01,US01,Corporate,POOL-2024-01-US01-DE01-surplus_sweep-S,treasury_cash_pool,1000_CASH,0.0,4366972.18,DE01,Treasury cash pool surplus_sweep,intercompany_treasury,,
2024-01,DE01,Corporate,POOL-2024-01-US01-DE01-surplus_sweep-D,treasury_cash_pool,1000_CASH,4366972.18,0.0,US01,Treasury cash pool surplus_sweep,intercompany_treasury,,
2024-01,DE01,Corporate,POOL-2024-01-US01-DE01-surplus_sweep-D,treasury_cash_pool,2160_IC_TREASURY_PAYABLE,0.0,4366972.18,US01,Treasury cash pool surplus_sweep,intercompany_treasury,,
2024-02,CN01,Corporate,POOL-2024-02-CN01-DE01-surplus_sweep-S,treasury_cash_pool,1160_IC_TREASURY_RECEIVABLE,3160953.06,0.0,DE01,Treasury cash pool surplus_sweep,intercompany_treasury,,
2024-02,CN01,Corporate,POOL-2024-02-CN01-DE01-surplus_sweep-S,treasury_cash_pool,1000_CASH,0.0,3160953.06,DE01,Treasury cash pool surplus_sweep,intercompany_treasury,,
2024-02,DE01,Corporate,POOL-2024-02-CN01-DE01-surplus_sweep-D,treasury_cash_pool,1000_CASH,3160953.06,0.0,CN01,Treasury cash pool surplus_sweep,intercompany_treasury,,
2024-02,DE01,Corporate,POOL-2024-02-CN01-DE01-surplus_sweep-D,treasury_cash_pool,2160_IC_TREASURY_PAYABLE,0.0,3160953.06,CN01,Treasury cash pool surplus_sweep,intercompany_treasury,,
2024-02,CZ01,Corporate,POOL-2024-02-CZ01-DE01-surplus_sweep-S,treasury_cash_pool,1160_IC_TREASURY_RECEIVABLE,4185784.54,0.0,DE01,Treasury cash pool surplus_sweep,intercompany_treasury,,
2024-02,CZ01,Corporate,POOL-2024-02-CZ01-DE01-surplus_sweep-S,treasury_cash_pool,1000_CASH,0.0,4185784.54,DE01,Treasury cash pool surplus_sweep,intercompany_treasury,,
2024-02,DE01,Corporate,POOL-2024-02-CZ01-DE01-surplus_sweep-D,treasury_cash_pool,1000_CASH,4185784.54,0.0,CZ01,Treasury cash pool surplus_sweep,intercompany_treasury,,
2024-02,DE01,Corporate,POOL-2024-02-CZ01-DE01-surplus_sweep-D,treasury_cash_pool,2160_IC_TREASURY_PAYABLE,0.0,4185784.54,CZ01,Treasury cash pool surplus_sweep,intercompany_treasury,,
2024-02,ES01,Corporate,POOL-2024-02-ES01-DE01-surplus_sweep-S,treasury_cash_pool,1160_IC_TREASURY_RECEIVABLE,3133009.78,0.0,DE01,Treasury cash pool surplus_sweep,intercompany_treasury,,
2024-02,ES01,Corporate,POOL-2024-02-ES01-DE01-surplus_sweep-S,treasury_cash_pool,1000_CASH,0.0,3133009.78,DE01,Treasury cash pool surplus_sweep,intercompany_treasury,,
2024-02,DE01,Corporate,POOL-2024-02-ES01-DE01-surplus_sweep-D,treasury_cash_pool,1000_CASH,3133009.78,0.0,ES01,Treasury cash pool surplus_sweep,intercompany_treasury,,
2024-02,DE01,Corporate,POOL-2024-02-ES01-DE01-surplus_sweep-D,treasury_cash_pool,2160_IC_TREASURY_PAYABLE,0.0,3133009.78,ES01,Treasury cash pool surplus_sweep,intercompany_treasury,,
2024-02,JP01,Corporate,POOL-2024-02-JP01-DE01-surplus_sweep-S,treasury_cash_pool,1160_IC_TREASURY_RECEIVABLE,2082879.79,0.0,DE01,Treasury cash pool surplus_sweep,intercompany_treasury,,
2024-02,JP01,Corporate,POOL-2024-02-JP01-DE01-surplus_sweep-S,treasury_cash_pool,1000_CASH,0.0,2082879.79,DE01,Treasury cash pool surplus_sweep,intercompany_treasury,,
2024-02,DE01,Corporate,POOL-2024-02-JP01-DE01-surplus_sweep-D,treasury_cash_pool,1000_CASH,2082879.79,0.0,JP01,Treasury cash pool surplus_sweep,intercompany_treasury,,
2024-02,DE01,Corporate,POOL-2024-02-JP01-DE01-surplus_sweep-D,treasury_cash_pool,2160_IC_TREASURY_PAYABLE,0.0,2082879.79,JP01,Treasury cash pool surplus_sweep,intercompany_treasury,,
2024-02,US01,Corporate,POOL-2024-02-US01-DE01-surplus_sweep-S,treasury_cash_pool,1160_IC_TREASURY_RECEIVABLE,2141818.64,0.0,DE01,Treasury cash pool surplus_sweep,intercompany_treasury,,
2024-02,US01,Corporate,POOL-2024-02-US01-DE01-surplus_sweep-S,treasury_cash_pool,1000_CASH,0.0,2141818.64,DE01,Treasury cash pool surplus_sweep,intercompany_treasury,,
2024-02,DE01,Corporate,POOL-2024-02-US01-DE01-surplus_sweep-D,treasury_cash_pool,1000_CASH,2141818.64,0.0,US01,Treasury cash pool surplus_sweep,intercompany_treasury,,
2024-02,DE01,Corporate,POOL-2024-02-US01-DE01-surplus_sweep-D,treasury_cash_pool,2160_IC_TREASURY_PAYABLE,0.0,2141818.64,US01,Treasury cash pool surplus_sweep,intercompany_treasury,,
2024-03,CN01,Corporate,POOL-2024-03-CN01-DE01-surplus_sweep-S,treasury_cash_pool,1160_IC_TREASURY_RECEIVABLE,5955067.7,0.0,DE01,Treasury cash pool surplus_sweep,intercompany_treasury,,
2024-03,CN01,Corporate,POOL-2024-03-CN01-DE01-surplus_sweep-S,treasury_cash_pool,1000_CASH,0.0,5955067.7,DE01,Treasury cash pool surplus_sweep,intercompany_treasury,,
2024-03,DE01,Corporate,POOL-2024-03-CN01-DE01-surplus_sweep-D,treasury_cash_pool,1000_CASH,5955067.7,0.0,CN01,Treasury cash pool surplus_sweep,intercompany_treasury,,
2024-03,DE01,Corporate,POOL-2024-03-CN01-DE01-surplus_sweep-D,treasury_cash_pool,2160_IC_TREASURY_PAYABLE,0.0,5955067.7,CN01,Treasury cash pool surplus_sweep,intercompany_treasury,,
2024-03,CZ01,Corporate,POOL-2024-03-CZ01-DE01-surplus_sweep-S,treasury_cash_pool,1160_IC_TREASURY_RECEIVABLE,6981497.75,0.0,DE01,Treasury cash pool surplus_sweep,intercompany_treasury,,
2024-03,CZ01,Corporate,POOL-2024-03-CZ01-DE01-surplus_sweep-S,treasury_cash_pool,1000_CASH,0.0,6981497.75,DE01,Treasury cash pool surplus_sweep,intercompany_treasury,,
2024-03,DE01,Corporate,POOL-2024-03-CZ01-DE01-surplus_sweep-D,treasury_cash_pool,1000_CASH,6981497.75,0.0,CZ01,Treasury cash pool surplus_sweep,intercompany_treasury,,
2024-03,DE01,Corporate,POOL-2024-03-CZ01-DE01-surplus_sweep-D,treasury_cash_pool,2160_IC_TREASURY_PAYABLE,0.0,6981497.75,CZ01,Treasury cash pool surplus_sweep,intercompany_treasury,,
2024-03,US01,Corporate,POOL-2024-03-US01-DE01-surplus_sweep-S,treasury_cash_pool,1160_IC_TREASURY_RECEIVABLE,544255.07,0.0,DE01,Treasury cash pool surplus_sweep,intercompany_treasury,,
2024-03,US01,Corporate,POOL-2024-03-US01-DE01-surplus_sweep-S,treasury_cash_pool,1000_CASH,0.0,544255.07,DE01,Treasury cash pool surplus_sweep,intercompany_treasury,,
2024-03,DE01,Corporate,POOL-2024-03-US01-DE01-surplus_sweep-D,treasury_cash_pool,1000_CASH,544255.07,0.0,US01,Treasury cash pool surplus_sweep,intercompany_treasury,,
2024-03,DE01,Corporate,POOL-2024-03-US01-DE01-surplus_sweep-D,treasury_cash_pool,2160_IC_TREASURY_PAYABLE,0.0,544255.07,US01,Treasury cash pool surplus_sweep,intercompany_treasury,,
2024-04,CN01,Corporate,POOL-2024-04-CN01-DE01-surplus_sweep-S,treasury_cash_pool,1160_IC_TREASURY_RECEIVABLE,739681.12,0.0,DE01,Treasury cash pool surplus_sweep,intercompany_treasury,,
2024-04,CN01,Corporate,POOL-2024-04-CN01-DE01-surplus_sweep-S,treasury_cash_pool,1000_CASH,0.0,739681.12,DE01,Treasury cash pool surplus_sweep,intercompany_treasury,,
2024-04,DE01,Corporate,POOL-2024-04-CN01-DE01-surplus_sweep-D,treasury_cash_pool,1000_CASH,739681.12,0.0,CN01,Treasury cash pool surplus_sweep,intercompany_treasury,,
2024-04,DE01,Corporate,POOL-2024-04-CN01-DE01-surplus_sweep-D,treasury_cash_pool,2160_IC_TREASURY_PAYABLE,0.0,739681.12,CN01,Treasury cash pool surplus_sweep,intercompany_treasury,,
2024-04,CZ01,Corporate,POOL-2024-04-CZ01-DE01-surplus_sweep-S,treasury_cash_pool,1160_IC_TREASURY_RECEIVABLE,816421.9,0.0,DE01,Treasury cash pool surplus_sweep,intercompany_treasury,,
2024-04,CZ01,Corporate,POOL-2024-04-CZ01-DE01-surplus_sweep-S,treasury_cash_pool,1000_CASH,0.0,816421.9,DE01,Treasury cash pool surplus_sweep,intercompany_treasury,,
2024-04,DE01,Corporate,POOL-2024-04-CZ01-DE01-surplus_sweep-D,treasury_cash_pool,1000_CASH,816421.9,0.0,CZ01,Treasury cash pool surplus_sweep,intercompany_treasury,,
2024-04,DE01,Corporate,POOL-2024-04-CZ01-DE01-surplus_sweep-D,treasury_cash_pool,2160_IC_TREASURY_PAYABLE,0.0,816421.9,CZ01,Treasury cash pool surplus_sweep,intercompany_treasury,,
2024-04,ES01,Corporate,POOL-2024-04-ES01-DE01-surplus_sweep-S,treasury_cash_pool,1160_IC_TREASURY_RECEIVABLE,368572.42,0.0,DE01,Treasury cash pool surplus_sweep,intercompany_treasury,,
2024-04,ES01,Corporate,POOL-2024-04-ES01-DE01-surplus_sweep-S,treasury_cash_pool,1000_CASH,0.0,368572.42,DE01,Treasury cash pool surplus_sweep,intercompany_treasury,,
2024-04,DE01,Corporate,POOL-2024-04-ES01-DE01-surplus_sweep-D,treasury_cash_pool,1000_CASH,368572.42,0.0,ES01,Treasury cash pool surplus_sweep,intercompany_treasury,,
2024-04,DE01,Corporate,POOL-2024-04-ES01-DE01-surplus_sweep-D,treasury_cash_pool,2160_IC_TREASURY_PAYABLE,0.0,368572.42,ES01,Treasury cash pool surplus_sweep,intercompany_treasury,,
2024-04,US01,Corporate,POOL-2024-04-US01-DE01-surplus_sweep-S,treasury_cash_pool,1160_IC_TREASURY_RECEIVABLE,298980.95,0.0,DE01,Treasury cash pool surplus_sweep,intercompany_treasury,,
2024-04,US01,Corporate,POOL-2024-04-US01-DE01-surplus_sweep-S,treasury_cash_pool,1000_CASH,0.0,298980.95,DE01,Treasury cash pool surplus_sweep,intercompany_treasury,,
2024-04,DE01,Corporate,POOL-2024-04-US01-DE01-surplus_sweep-D,treasury_cash_pool,1000_CASH,298980.95,0.0,US01,Treasury cash pool surplus_sweep,intercompany_treasury,,
2024-04,DE01,Corporate,POOL-2024-04-US01-DE01-surplus_sweep-D,treasury_cash_pool,2160_IC_TREASURY_PAYABLE,0.0,298980.95,US01,Treasury cash pool surplus_sweep,intercompany_treasury,,
2024-05,DE01,Corporate,POOL-2024-05-DE01-CN01-liquidity_funding-S,treasury_cash_pool,1160_IC_TREASURY_RECEIVABLE,227171.46,0.0,CN01,Treasury cash pool liquidity_funding,intercompany_treasury,,
2024-05,DE01,Corporate,POOL-2024-05-DE01-CN01-liquidity_funding-S,treasury_cash_pool,1000_CASH,0.0,227171.46,CN01,Treasury cash pool liquidity_funding,intercompany_treasury,,
2024-05,CN01,Corporate,POOL-2024-05-DE01-CN01-liquidity_funding-D,treasury_cash_pool,1000_CASH,227171.46,0.0,DE01,Treasury cash pool liquidity_funding,intercompany_treasury,,
2024-05,CN01,Corporate,POOL-2024-05-DE01-CN01-liquidity_funding-D,treasury_cash_pool,2160_IC_TREASURY_PAYABLE,0.0,227171.46,DE01,Treasury cash pool liquidity_funding,intercompany_treasury,,
2024-05,ES01,Corporate,POOL-2024-05-ES01-DE01-surplus_sweep-S,treasury_cash_pool,1160_IC_TREASURY_RECEIVABLE,1001868.44,0.0,DE01,Treasury cash pool surplus_sweep,intercompany_treasury,,
2024-05,ES01,Corporate,POOL-2024-05-ES01-DE01-surplus_sweep-S,treasury_cash_pool,1000_CASH,0.0,1001868.44,DE01,Treasury cash pool surplus_sweep,intercompany_treasury,,
2024-05,DE01,Corporate,POOL-2024-05-ES01-DE01-surplus_sweep-D,treasury_cash_pool,1000_CASH,1001868.44,0.0,ES01,Treasury cash pool surplus_sweep,intercompany_treasury,,
2024-05,DE01,Corporate,POOL-2024-05-ES01-DE01-surplus_sweep-D,treasury_cash_pool,2160_IC_TREASURY_PAYABLE,0.0,1001868.44,ES01,Treasury cash pool surplus_sweep,intercompany_treasury,,
2024-05,JP01,Corporate,POOL-2024-05-JP01-DE01-surplus_sweep-S,treasury_cash_pool,1160_IC_TREASURY_RECEIVABLE,1001077.6,0.0,DE01,Treasury cash pool surplus_sweep,intercompany_treasury,,
2024-05,JP01,Corporate,POOL-2024-05-JP01-DE01-surplus_sweep-S,treasury_cash_pool,1000_CASH,0.0,1001077.6,DE01,Treasury cash pool surplus_sweep,intercompany_treasury,,
2024-05,DE01,Corporate,POOL-2024-05-JP01-DE01-surplus_sweep-D,treasury_cash_pool,1000_CASH,1001077.6,0.0,JP01,Treasury cash pool surplus_sweep,intercompany_treasury,,
2024-05,DE01,Corporate,POOL-2024-05-JP01-DE01-surplus_sweep-D,treasury_cash_pool,2160_IC_TREASURY_PAYABLE,0.0,1001077.6,JP01,Treasury cash pool surplus_sweep,intercompany_treasury,,
2024-05,US01,Corporate,POOL-2024-05-US01-DE01-surplus_sweep-S,treasury_cash_pool,1160_IC_TREASURY_RECEIVABLE,1021056.66,0.0,DE01,Treasury cash pool surplus_sweep,intercompany_treasury,,
2024-05,US01,Corporate,POOL-2024-05-US01-DE01-surplus_sweep-S,treasury_cash_pool,1000_CASH,0.0,1021056.66,DE01,Treasury cash pool surplus_sweep,intercompany_treasury,,
2024-05,DE01,Corporate,POOL-2024-05-US01-DE01-surplus_sweep-D,treasury_cash_pool,1000_CASH,1021056.66,0.0,US01,Treasury cash pool surplus_sweep,intercompany_treasury,,
2024-05,DE01,Corporate,POOL-2024-05-US01-DE01-surplus_sweep-D,treasury_cash_pool,2160_IC_TREASURY_PAYABLE,0.0,1021056.66,US01,Treasury cash pool surplus_sweep,intercompany_treasury,,
2024-06,CN01,Corporate,POOL-2024-06-CN01-DE01-surplus_sweep-S,treasury_cash_pool,1160_IC_TREASURY_RECEIVABLE,871740.69,0.0,DE01,Treasury cash pool surplus_sweep,intercompany_treasury,,
2024-06,CN01,Corporate,POOL-2024-06-CN01-DE01-surplus_sweep-S,treasury_cash_pool,1000_CASH,0.0,871740.69,DE01,Treasury cash pool surplus_sweep,intercompany_treasury,,
2024-06,DE01,Corporate,POOL-2024-06-CN01-DE01-surplus_sweep-D,treasury_cash_pool,1000_CASH,871740.69,0.0,CN01,Treasury cash pool surplus_sweep,intercompany_treasury,,
2024-06,DE01,Corporate,POOL-2024-06-CN01-DE01-surplus_sweep-D,treasury_cash_pool,2160_IC_TREASURY_PAYABLE,0.0,871740.69,CN01,Treasury cash pool surplus_sweep,intercompany_treasury,,
2024-06,CZ01,Corporate,POOL-2024-06-CZ01-DE01-surplus_sweep-S,treasury_cash_pool,1160_IC_TREASURY_RECEIVABLE,1360844.41,0.0,DE01,Treasury cash pool surplus_sweep,intercompany_treasury,,
2024-06,CZ01,Corporate,POOL-2024-06-CZ01-DE01-surplus_sweep-S,treasury_cash_pool,1000_CASH,0.0,1360844.41,DE01,Treasury cash pool surplus_sweep,intercompany_treasury,,
2024-06,DE01,Corporate,POOL-2024-06-CZ01-DE01-surplus_sweep-D,treasury_cash_pool,1000_CASH,1360844.41,0.0,CZ01,Treasury cash pool surplus_sweep,intercompany_treasury,,
2024-06,DE01,Corporate,POOL-2024-06-CZ01-DE01-surplus_sweep-D,treasury_cash_pool,2160_IC_TREASURY_PAYABLE,0.0,1360844.41,CZ01,Treasury cash pool surplus_sweep,intercompany_treasury,,
2024-06,US01,Corporate,POOL-2024-06-US01-DE01-surplus_sweep-S,treasury_cash_pool,1160_IC_TREASURY_RECEIVABLE,349556.5,0.0,DE01,Treasury cash pool surplus_sweep,intercompany_treasury,,
2024-06,US01,Corporate,POOL-2024-06-US01-DE01-surplus_sweep-S,treasury_cash_pool,1000_CASH,0.0,349556.5,DE01,Treasury cash pool surplus_sweep,intercompany_treasury,,
2024-06,DE01,Corporate,POOL-2024-06-US01-DE01-surplus_sweep-D,treasury_cash_pool,1000_CASH,349556.5,0.0,US01,Treasury cash pool surplus_sweep,intercompany_treasury,,
2024-06,DE01,Corporate,POOL-2024-06-US01-DE01-surplus_sweep-D,treasury_cash_pool,2160_IC_TREASURY_PAYABLE,0.0,349556.5,US01,Treasury cash pool surplus_sweep,intercompany_treasury,,
2024-07,DE01,Corporate,POOL-2024-07-DE01-CN01-liquidity_funding-S,treasury_cash_pool,1160_IC_TREASURY_RECEIVABLE,3584177.06,0.0,CN01,Treasury cash pool liquidity_funding,intercompany_treasury,,
2024-07,DE01,Corporate,POOL-2024-07-DE01-CN01-liquidity_funding-S,treasury_cash_pool,1000_CASH,0.0,3584177.06,CN01,Treasury cash pool liquidity_funding,intercompany_treasury,,
2024-07,CN01,Corporate,POOL-2024-07-DE01-CN01-liquidity_funding-D,treasury_cash_pool,1000_CASH,3584177.06,0.0,DE01,Treasury cash pool liquidity_funding,intercompany_treasury,,
2024-07,CN01,Corporate,POOL-2024-07-DE01-CN01-liquidity_funding-D,treasury_cash_pool,2160_IC_TREASURY_PAYABLE,0.0,3584177.06,DE01,Treasury cash pool liquidity_funding,intercompany_treasury,,
2024-07,DE01,Corporate,POOL-2024-07-DE01-CZ01-liquidity_funding-S,treasury_cash_pool,1160_IC_TREASURY_RECEIVABLE,3026303.03,0.0,CZ01,Treasury cash pool liquidity_funding,intercompany_treasury,,
2024-07,DE01,Corporate,POOL-2024-07-DE01-CZ01-liquidity_funding-S,treasury_cash_pool,1000_CASH,0.0,3026303.03,CZ01,Treasury cash pool liquidity_funding,intercompany_treasury,,
2024-07,CZ01,Corporate,POOL-2024-07-DE01-CZ01-liquidity_funding-D,treasury_cash_pool,1000_CASH,3026303.03,0.0,DE01,Treasury cash pool liquidity_funding,intercompany_treasury,,
2024-07,CZ01,Corporate,POOL-2024-07-DE01-CZ01-liquidity_funding-D,treasury_cash_pool,2160_IC_TREASURY_PAYABLE,0.0,3026303.03,DE01,Treasury cash pool liquidity_funding,intercompany_treasury,,
2024-07,ES01,Corporate,POOL-2024-07-ES01-DE01-surplus_sweep-S,treasury_cash_pool,1160_IC_TREASURY_RECEIVABLE,1713456.19,0.0,DE01,Treasury cash pool surplus_sweep,intercompany_treasury,,
2024-07,ES01,Corporate,POOL-2024-07-ES01-DE01-surplus_sweep-S,treasury_cash_pool,1000_CASH,0.0,1713456.19,DE01,Treasury cash pool surplus_sweep,intercompany_treasury,,
2024-07,DE01,Corporate,POOL-2024-07-ES01-DE01-surplus_sweep-D,treasury_cash_pool,1000_CASH,1713456.19,0.0,ES01,Treasury cash pool surplus_sweep,intercompany_treasury,,
2024-07,DE01,Corporate,POOL-2024-07-ES01-DE01-surplus_sweep-D,treasury_cash_pool,2160_IC_TREASURY_PAYABLE,0.0,1713456.19,ES01,Treasury cash pool surplus_sweep,intercompany_treasury,,
2024-07,JP01,Corporate,POOL-2024-07-JP01-DE01-surplus_sweep-S,treasury_cash_pool,1160_IC_TREASURY_RECEIVABLE,2390765.6,0.0,DE01,Treasury cash pool surplus_sweep,intercompany_treasury,,
2024-07,JP01,Corporate,POOL-2024-07-JP01-DE01-surplus_sweep-S,treasury_cash_pool,1000_CASH,0.0,2390765.6,DE01,Treasury cash pool surplus_sweep,intercompany_treasury,,
2024-07,DE01,Corporate,POOL-2024-07-JP01-DE01-surplus_sweep-D,treasury_cash_pool,1000_CASH,2390765.6,0.0,JP01,Treasury cash pool surplus_sweep,intercompany_treasury,,
2024-07,DE01,Corporate,POOL-2024-07-JP01-DE01-surplus_sweep-D,treasury_cash_pool,2160_IC_TREASURY_PAYABLE,0.0,2390765.6,JP01,Treasury cash pool surplus_sweep,intercompany_treasury,,
2024-07,US01,Corporate,POOL-2024-07-US01-DE01-surplus_sweep-S,treasury_cash_pool,1160_IC_TREASURY_RECEIVABLE,1768630.32,0.0,DE01,Treasury cash pool surplus_sweep,intercompany_treasury,,
2024-07,US01,Corporate,POOL-2024-07-US01-DE01-surplus_sweep-S,treasury_cash_pool,1000_CASH,0.0,1768630.32,DE01,Treasury cash pool surplus_sweep,intercompany_treasury,,
2024-07,DE01,Corporate,POOL-2024-07-US01-DE01-surplus_sweep-D,treasury_cash_pool,1000_CASH,1768630.32,0.0,US01,Treasury cash pool surplus_sweep,intercompany_treasury,,
2024-07,DE01,Corporate,POOL-2024-07-US01-DE01-surplus_sweep-D,treasury_cash_pool,2160_IC_TREASURY_PAYABLE,0.0,1768630.32,US01,Treasury cash pool surplus_sweep,intercompany_treasury,,
2024-08,DE01,Corporate,POOL-2024-08-DE01-CN01-liquidity_funding-S,treasury_cash_pool,1160_IC_TREASURY_RECEIVABLE,3205064.25,0.0,CN01,Treasury cash pool liquidity_funding,intercompany_treasury,,
2024-08,DE01,Corporate,POOL-2024-08-DE01-CN01-liquidity_funding-S,treasury_cash_pool,1000_CASH,0.0,3205064.25,CN01,Treasury cash pool liquidity_funding,intercompany_treasury,,
2024-08,CN01,Corporate,POOL-2024-08-DE01-CN01-liquidity_funding-D,treasury_cash_pool,1000_CASH,3205064.25,0.0,DE01,Treasury cash pool liquidity_funding,intercompany_treasury,,
2024-08,CN01,Corporate,POOL-2024-08-DE01-CN01-liquidity_funding-D,treasury_cash_pool,2160_IC_TREASURY_PAYABLE,0.0,3205064.25,DE01,Treasury cash pool liquidity_funding,intercompany_treasury,,
2024-08,DE01,Corporate,POOL-2024-08-DE01-CZ01-liquidity_funding-S,treasury_cash_pool,1160_IC_TREASURY_RECEIVABLE,3555263.63,0.0,CZ01,Treasury cash pool liquidity_funding,intercompany_treasury,,
2024-08,DE01,Corporate,POOL-2024-08-DE01-CZ01-liquidity_funding-S,treasury_cash_pool,1000_CASH,0.0,3555263.63,CZ01,Treasury cash pool liquidity_funding,intercompany_treasury,,
2024-08,CZ01,Corporate,POOL-2024-08-DE01-CZ01-liquidity_funding-D,treasury_cash_pool,1000_CASH,3555263.63,0.0,DE01,Treasury cash pool liquidity_funding,intercompany_treasury,,
2024-08,CZ01,Corporate,POOL-2024-08-DE01-CZ01-liquidity_funding-D,treasury_cash_pool,2160_IC_TREASURY_PAYABLE,0.0,3555263.63,DE01,Treasury cash pool liquidity_funding,intercompany_treasury,,
2024-08,ES01,Corporate,POOL-2024-08-ES01-DE01-surplus_sweep-S,treasury_cash_pool,1160_IC_TREASURY_RECEIVABLE,3453370.1,0.0,DE01,Treasury cash pool surplus_sweep,intercompany_treasury,,
2024-08,ES01,Corporate,POOL-2024-08-ES01-DE01-surplus_sweep-S,treasury_cash_pool,1000_CASH,0.0,3453370.1,DE01,Treasury cash pool surplus_sweep,intercompany_treasury,,
2024-08,DE01,Corporate,POOL-2024-08-ES01-DE01-surplus_sweep-D,treasury_cash_pool,1000_CASH,3453370.1,0.0,ES01,Treasury cash pool surplus_sweep,intercompany_treasury,,
2024-08,DE01,Corporate,POOL-2024-08-ES01-DE01-surplus_sweep-D,treasury_cash_pool,2160_IC_TREASURY_PAYABLE,0.0,3453370.1,ES01,Treasury cash pool surplus_sweep,intercompany_treasury,,
2024-08,JP01,Corporate,POOL-2024-08-JP01-DE01-surplus_sweep-S,treasury_cash_pool,1160_IC_TREASURY_RECEIVABLE,3744816.56,0.0,DE01,Treasury cash pool surplus_sweep,intercompany_treasury,,
2024-08,JP01,Corporate,POOL-2024-08-JP01-DE01-surplus_sweep-S,treasury_cash_pool,1000_CASH,0.0,3744816.56,DE01,Treasury cash pool surplus_sweep,intercompany_treasury,,
2024-08,DE01,Corporate,POOL-2024-08-JP01-DE01-surplus_sweep-D,treasury_cash_pool,1000_CASH,3744816.56,0.0,JP01,Treasury cash pool surplus_sweep,intercompany_treasury,,
2024-08,DE01,Corporate,POOL-2024-08-JP01-DE01-surplus_sweep-D,treasury_cash_pool,2160_IC_TREASURY_PAYABLE,0.0,3744816.56,JP01,Treasury cash pool surplus_sweep,intercompany_treasury,,
2024-08,US01,Corporate,POOL-2024-08-US01-DE01-surplus_sweep-S,treasury_cash_pool,1160_IC_TREASURY_RECEIVABLE,3029349.2,0.0,DE01,Treasury cash pool surplus_sweep,intercompany_treasury,,
2024-08,US01,Corporate,POOL-2024-08-US01-DE01-surplus_sweep-S,treasury_cash_pool,1000_CASH,0.0,3029349.2,DE01,Treasury cash pool surplus_sweep,intercompany_treasury,,
2024-08,DE01,Corporate,POOL-2024-08-US01-DE01-surplus_sweep-D,treasury_cash_pool,1000_CASH,3029349.2,0.0,US01,Treasury cash pool surplus_sweep,intercompany_treasury,,
2024-08,DE01,Corporate,POOL-2024-08-US01-DE01-surplus_sweep-D,treasury_cash_pool,2160_IC_TREASURY_PAYABLE,0.0,3029349.2,US01,Treasury cash pool surplus_sweep,intercompany_treasury,,
2024-09,CN01,Corporate,POOL-2024-09-CN01-DE01-surplus_sweep-S,treasury_cash_pool,1160_IC_TREASURY_RECEIVABLE,6230351.85,0.0,DE01,Treasury cash pool surplus_sweep,intercompany_treasury,,
2024-09,CN01,Corporate,POOL-2024-09-CN01-DE01-surplus_sweep-S,treasury_cash_pool,1000_CASH,0.0,6230351.85,DE01,Treasury cash pool surplus_sweep,intercompany_treasury,,
2024-09,DE01,Corporate,POOL-2024-09-CN01-DE01-surplus_sweep-D,treasury_cash_pool,1000_CASH,6230351.85,0.0,CN01,Treasury cash pool surplus_sweep,intercompany_treasury,,
2024-09,DE01,Corporate,POOL-2024-09-CN01-DE01-surplus_sweep-D,treasury_cash_pool,2160_IC_TREASURY_PAYABLE,0.0,6230351.85,CN01,Treasury cash pool surplus_sweep,intercompany_treasury,,
2024-09,CZ01,Corporate,POOL-2024-09-CZ01-DE01-surplus_sweep-S,treasury_cash_pool,1160_IC_TREASURY_RECEIVABLE,7062505.24,0.0,DE01,Treasury cash pool surplus_sweep,intercompany_treasury,,
2024-09,CZ01,Corporate,POOL-2024-09-CZ01-DE01-surplus_sweep-S,treasury_cash_pool,1000_CASH,0.0,7062505.24,DE01,Treasury cash pool surplus_sweep,intercompany_treasury,,
2024-09,DE01,Corporate,POOL-2024-09-CZ01-DE01-surplus_sweep-D,treasury_cash_pool,1000_CASH,7062505.24,0.0,CZ01,Treasury cash pool surplus_sweep,intercompany_treasury,,
2024-09,DE01,Corporate,POOL-2024-09-CZ01-DE01-surplus_sweep-D,treasury_cash_pool,2160_IC_TREASURY_PAYABLE,0.0,7062505.24,CZ01,Treasury cash pool surplus_sweep,intercompany_treasury,,
2024-09,DE01,Corporate,POOL-2024-09-DE01-ES01-liquidity_funding-S,treasury_cash_pool,1160_IC_TREASURY_RECEIVABLE,911033.09,0.0,ES01,Treasury cash pool liquidity_funding,intercompany_treasury,,
2024-09,DE01,Corporate,POOL-2024-09-DE01-ES01-liquidity_funding-S,treasury_cash_pool,1000_CASH,0.0,911033.09,ES01,Treasury cash pool liquidity_funding,intercompany_treasury,,
2024-09,ES01,Corporate,POOL-2024-09-DE01-ES01-liquidity_funding-D,treasury_cash_pool,1000_CASH,911033.09,0.0,DE01,Treasury cash pool liquidity_funding,intercompany_treasury,,
2024-09,ES01,Corporate,POOL-2024-09-DE01-ES01-liquidity_funding-D,treasury_cash_pool,2160_IC_TREASURY_PAYABLE,0.0,911033.09,DE01,Treasury cash pool liquidity_funding,intercompany_treasury,,
2024-09,DE01,Corporate,POOL-2024-09-DE01-JP01-liquidity_funding-S,treasury_cash_pool,1160_IC_TREASURY_RECEIVABLE,1357047.07,0.0,JP01,Treasury cash pool liquidity_funding,intercompany_treasury,,
2024-09,DE01,Corporate,POOL-2024-09-DE01-JP01-liquidity_funding-S,treasury_cash_pool,1000_CASH,0.0,1357047.07,JP01,Treasury cash pool liquidity_funding,intercompany_treasury,,
2024-09,JP01,Corporate,POOL-2024-09-DE01-JP01-liquidity_funding-D,treasury_cash_pool,1000_CASH,1357047.07,0.0,DE01,Treasury cash pool liquidity_funding,intercompany_treasury,,
2024-09,JP01,Corporate,POOL-2024-09-DE01-JP01-liquidity_funding-D,treasury_cash_pool,2160_IC_TREASURY_PAYABLE,0.0,1357047.07,DE01,Treasury cash pool liquidity_funding,intercompany_treasury,,
2024-09,DE01,Corporate,POOL-2024-09-DE01-US01-liquidity_funding-S,treasury_cash_pool,1160_IC_TREASURY_RECEIVABLE,915436.78,0.0,US01,Treasury cash pool liquidity_funding,intercompany_treasury,,
2024-09,DE01,Corporate,POOL-2024-09-DE01-US01-liquidity_funding-S,treasury_cash_pool,1000_CASH,0.0,915436.78,US01,Treasury cash pool liquidity_funding,intercompany_treasury,,
2024-09,US01,Corporate,POOL-2024-09-DE01-US01-liquidity_funding-D,treasury_cash_pool,1000_CASH,915436.78,0.0,DE01,Treasury cash pool liquidity_funding,intercompany_treasury,,
2024-09,US01,Corporate,POOL-2024-09-DE01-US01-liquidity_funding-D,treasury_cash_pool,2160_IC_TREASURY_PAYABLE,0.0,915436.78,DE01,Treasury cash pool liquidity_funding,intercompany_treasury,,
2024-10,CN01,Corporate,POOL-2024-10-CN01-DE01-surplus_sweep-S,treasury_cash_pool,1160_IC_TREASURY_RECEIVABLE,1566401.76,0.0,DE01,Treasury cash pool surplus_sweep,intercompany_treasury,,
2024-10,CN01,Corporate,POOL-2024-10-CN01-DE01-surplus_sweep-S,treasury_cash_pool,1000_CASH,0.0,1566401.76,DE01,Treasury cash pool surplus_sweep,intercompany_treasury,,
2024-10,DE01,Corporate,POOL-2024-10-CN01-DE01-surplus_sweep-D,treasury_cash_pool,1000_CASH,1566401.76,0.0,CN01,Treasury cash pool surplus_sweep,intercompany_treasury,,
2024-10,DE01,Corporate,POOL-2024-10-CN01-DE01-surplus_sweep-D,treasury_cash_pool,2160_IC_TREASURY_PAYABLE,0.0,1566401.76,CN01,Treasury cash pool surplus_sweep,intercompany_treasury,,
2024-10,CZ01,Corporate,POOL-2024-10-CZ01-DE01-surplus_sweep-S,treasury_cash_pool,1160_IC_TREASURY_RECEIVABLE,1142767.83,0.0,DE01,Treasury cash pool surplus_sweep,intercompany_treasury,,
2024-10,CZ01,Corporate,POOL-2024-10-CZ01-DE01-surplus_sweep-S,treasury_cash_pool,1000_CASH,0.0,1142767.83,DE01,Treasury cash pool surplus_sweep,intercompany_treasury,,
2024-10,DE01,Corporate,POOL-2024-10-CZ01-DE01-surplus_sweep-D,treasury_cash_pool,1000_CASH,1142767.83,0.0,CZ01,Treasury cash pool surplus_sweep,intercompany_treasury,,
2024-10,DE01,Corporate,POOL-2024-10-CZ01-DE01-surplus_sweep-D,treasury_cash_pool,2160_IC_TREASURY_PAYABLE,0.0,1142767.83,CZ01,Treasury cash pool surplus_sweep,intercompany_treasury,,
2024-11,CN01,Corporate,POOL-2024-11-CN01-DE01-surplus_sweep-S,treasury_cash_pool,1160_IC_TREASURY_RECEIVABLE,1327299.22,0.0,DE01,Treasury cash pool surplus_sweep,intercompany_treasury,,
2024-11,CN01,Corporate,POOL-2024-11-CN01-DE01-surplus_sweep-S,treasury_cash_pool,1000_CASH,0.0,1327299.22,DE01,Treasury cash pool surplus_sweep,intercompany_treasury,,
2024-11,DE01,Corporate,POOL-2024-11-CN01-DE01-surplus_sweep-D,treasury_cash_pool,1000_CASH,1327299.22,0.0,CN01,Treasury cash pool surplus_sweep,intercompany_treasury,,
2024-11,DE01,Corporate,POOL-2024-11-CN01-DE01-surplus_sweep-D,treasury_cash_pool,2160_IC_TREASURY_PAYABLE,0.0,1327299.22,CN01,Treasury cash pool surplus_sweep,intercompany_treasury,,
2024-11,CZ01,Corporate,POOL-2024-11-CZ01-DE01-surplus_sweep-S,treasury_cash_pool,1160_IC_TREASURY_RECEIVABLE,612656.99,0.0,DE01,Treasury cash pool surplus_sweep,intercompany_treasury,,
2024-11,CZ01,Corporate,POOL-2024-11-CZ01-DE01-surplus_sweep-S,treasury_cash_pool,1000_CASH,0.0,612656.99,DE01,Treasury cash pool surplus_sweep,intercompany_treasury,,
2024-11,DE01,Corporate,POOL-2024-11-CZ01-DE01-surplus_sweep-D,treasury_cash_pool,1000_CASH,612656.99,0.0,CZ01,Treasury cash pool surplus_sweep,intercompany_treasury,,
2024-11,DE01,Corporate,POOL-2024-11-CZ01-DE01-surplus_sweep-D,treasury_cash_pool,2160_IC_TREASURY_PAYABLE,0.0,612656.99,CZ01,Treasury cash pool surplus_sweep,intercompany_treasury,,
2024-11,ES01,Corporate,POOL-2024-11-ES01-DE01-surplus_sweep-S,treasury_cash_pool,1160_IC_TREASURY_RECEIVABLE,1005903.47,0.0,DE01,Treasury cash pool surplus_sweep,intercompany_treasury,,
2024-11,ES01,Corporate,POOL-2024-11-ES01-DE01-surplus_sweep-S,treasury_cash_pool,1000_CASH,0.0,1005903.47,DE01,Treasury cash pool surplus_sweep,intercompany_treasury,,
2024-11,DE01,Corporate,POOL-2024-11-ES01-DE01-surplus_sweep-D,treasury_cash_pool,1000_CASH,1005903.47,0.0,ES01,Treasury cash pool surplus_sweep,intercompany_treasury,,
2024-11,DE01,Corporate,POOL-2024-11-ES01-DE01-surplus_sweep-D,treasury_cash_pool,2160_IC_TREASURY_PAYABLE,0.0,1005903.47,ES01,Treasury cash pool surplus_sweep,intercompany_treasury,,
2024-11,US01,Corporate,POOL-2024-11-US01-DE01-surplus_sweep-S,treasury_cash_pool,1160_IC_TREASURY_RECEIVABLE,397923.04,0.0,DE01,Treasury cash pool surplus_sweep,intercompany_treasury,,
2024-11,US01,Corporate,POOL-2024-11-US01-DE01-surplus_sweep-S,treasury_cash_pool,1000_CASH,0.0,397923.04,DE01,Treasury cash pool surplus_sweep,intercompany_treasury,,
2024-11,DE01,Corporate,POOL-2024-11-US01-DE01-surplus_sweep-D,treasury_cash_pool,1000_CASH,397923.04,0.0,US01,Treasury cash pool surplus_sweep,intercompany_treasury,,
2024-11,DE01,Corporate,POOL-2024-11-US01-DE01-surplus_sweep-D,treasury_cash_pool,2160_IC_TREASURY_PAYABLE,0.0,397923.04,US01,Treasury cash pool surplus_sweep,intercompany_treasury,,
2024-12,CN01,Corporate,POOL-2024-12-CN01-DE01-surplus_sweep-S,treasury_cash_pool,1160_IC_TREASURY_RECEIVABLE,552528.1,0.0,DE01,Treasury cash pool surplus_sweep,intercompany_treasury,,
2024-12,CN01,Corporate,POOL-2024-12-CN01-DE01-surplus_sweep-S,treasury_cash_pool,1000_CASH,0.0,552528.1,DE01,Treasury cash pool surplus_sweep,intercompany_treasury,,
2024-12,DE01,Corporate,POOL-2024-12-CN01-DE01-surplus_sweep-D,treasury_cash_pool,1000_CASH,552528.1,0.0,CN01,Treasury cash pool surplus_sweep,intercompany_treasury,,
2024-12,DE01,Corporate,POOL-2024-12-CN01-DE01-surplus_sweep-D,treasury_cash_pool,2160_IC_TREASURY_PAYABLE,0.0,552528.1,CN01,Treasury cash pool surplus_sweep,intercompany_treasury,,
2024-12,CZ01,Corporate,POOL-2024-12-CZ01-DE01-surplus_sweep-S,treasury_cash_pool,1160_IC_TREASURY_RECEIVABLE,1156235.66,0.0,DE01,Treasury cash pool surplus_sweep,intercompany_treasury,,
2024-12,CZ01,Corporate,POOL-2024-12-CZ01-DE01-surplus_sweep-S,treasury_cash_pool,1000_CASH,0.0,1156235.66,DE01,Treasury cash pool surplus_sweep,intercompany_treasury,,
2024-12,DE01,Corporate,POOL-2024-12-CZ01-DE01-surplus_sweep-D,treasury_cash_pool,1000_CASH,1156235.66,0.0,CZ01,Treasury cash pool surplus_sweep,intercompany_treasury,,
2024-12,DE01,Corporate,POOL-2024-12-CZ01-DE01-surplus_sweep-D,treasury_cash_pool,2160_IC_TREASURY_PAYABLE,0.0,1156235.66,CZ01,Treasury cash pool surplus_sweep,intercompany_treasury,,
2024-12,ES01,Corporate,POOL-2024-12-ES01-DE01-surplus_sweep-S,treasury_cash_pool,1160_IC_TREASURY_RECEIVABLE,454066.54,0.0,DE01,Treasury cash pool surplus_sweep,intercompany_treasury,,
2024-12,ES01,Corporate,POOL-2024-12-ES01-DE01-surplus_sweep-S,treasury_cash_pool,1000_CASH,0.0,454066.54,DE01,Treasury cash pool surplus_sweep,intercompany_treasury,,
2024-12,DE01,Corporate,POOL-2024-12-ES01-DE01-surplus_sweep-D,treasury_cash_pool,1000_CASH,454066.54,0.0,ES01,Treasury cash pool surplus_sweep,intercompany_treasury,,
2024-12,DE01,Corporate,POOL-2024-12-ES01-DE01-surplus_sweep-D,treasury_cash_pool,2160_IC_TREASURY_PAYABLE,0.0,454066.54,ES01,Treasury cash pool surplus_sweep,intercompany_treasury,,
2024-12,US01,Corporate,POOL-2024-12-US01-DE01-surplus_sweep-S,treasury_cash_pool,1160_IC_TREASURY_RECEIVABLE,140262.1,0.0,DE01,Treasury cash pool surplus_sweep,intercompany_treasury,,
2024-12,US01,Corporate,POOL-2024-12-US01-DE01-surplus_sweep-S,treasury_cash_pool,1000_CASH,0.0,140262.1,DE01,Treasury cash pool surplus_sweep,intercompany_treasury,,
2024-12,DE01,Corporate,POOL-2024-12-US01-DE01-surplus_sweep-D,treasury_cash_pool,1000_CASH,140262.1,0.0,US01,Treasury cash pool surplus_sweep,intercompany_treasury,,
2024-12,DE01,Corporate,POOL-2024-12-US01-DE01-surplus_sweep-D,treasury_cash_pool,2160_IC_TREASURY_PAYABLE,0.0,140262.1,US01,Treasury cash pool surplus_sweep,intercompany_treasury,,
2025-01,DE01,Corporate,POOL-2025-01-DE01-CN01-liquidity_funding-S,treasury_cash_pool,1160_IC_TREASURY_RECEIVABLE,10678697.64,0.0,CN01,Treasury cash pool liquidity_funding,intercompany_treasury,,
2025-01,DE01,Corporate,POOL-2025-01-DE01-CN01-liquidity_funding-S,treasury_cash_pool,1000_CASH,0.0,10678697.64,CN01,Treasury cash pool liquidity_funding,intercompany_treasury,,
2025-01,CN01,Corporate,POOL-2025-01-DE01-CN01-liquidity_funding-D,treasury_cash_pool,1000_CASH,10678697.64,0.0,DE01,Treasury cash pool liquidity_funding,intercompany_treasury,,
2025-01,CN01,Corporate,POOL-2025-01-DE01-CN01-liquidity_funding-D,treasury_cash_pool,2160_IC_TREASURY_PAYABLE,0.0,10678697.64,DE01,Treasury cash pool liquidity_funding,intercompany_treasury,,
2025-01,DE01,Corporate,POOL-2025-01-DE01-CZ01-liquidity_funding-S,treasury_cash_pool,1160_IC_TREASURY_RECEIVABLE,10972371.7,0.0,CZ01,Treasury cash pool liquidity_funding,intercompany_treasury,,
2025-01,DE01,Corporate,POOL-2025-01-DE01-CZ01-liquidity_funding-S,treasury_cash_pool,1000_CASH,0.0,10972371.7,CZ01,Treasury cash pool liquidity_funding,intercompany_treasury,,
2025-01,CZ01,Corporate,POOL-2025-01-DE01-CZ01-liquidity_funding-D,treasury_cash_pool,1000_CASH,10972371.7,0.0,DE01,Treasury cash pool liquidity_funding,intercompany_treasury,,
2025-01,CZ01,Corporate,POOL-2025-01-DE01-CZ01-liquidity_funding-D,treasury_cash_pool,2160_IC_TREASURY_PAYABLE,0.0,10972371.7,DE01,Treasury cash pool liquidity_funding,intercompany_treasury,,
2025-01,ES01,Corporate,POOL-2025-01-ES01-DE01-surplus_sweep-S,treasury_cash_pool,1160_IC_TREASURY_RECEIVABLE,5434013.63,0.0,DE01,Treasury cash pool surplus_sweep,intercompany_treasury,,
2025-01,ES01,Corporate,POOL-2025-01-ES01-DE01-surplus_sweep-S,treasury_cash_pool,1000_CASH,0.0,5434013.63,DE01,Treasury cash pool surplus_sweep,intercompany_treasury,,
2025-01,DE01,Corporate,POOL-2025-01-ES01-DE01-surplus_sweep-D,treasury_cash_pool,1000_CASH,5434013.63,0.0,ES01,Treasury cash pool surplus_sweep,intercompany_treasury,,
2025-01,DE01,Corporate,POOL-2025-01-ES01-DE01-surplus_sweep-D,treasury_cash_pool,2160_IC_TREASURY_PAYABLE,0.0,5434013.63,ES01,Treasury cash pool surplus_sweep,intercompany_treasury,,
2025-01,JP01,Corporate,POOL-2025-01-JP01-DE01-surplus_sweep-S,treasury_cash_pool,1160_IC_TREASURY_RECEIVABLE,4681916.75,0.0,DE01,Treasury cash pool surplus_sweep,intercompany_treasury,,
2025-01,JP01,Corporate,POOL-2025-01-JP01-DE01-surplus_sweep-S,treasury_cash_pool,1000_CASH,0.0,4681916.75,DE01,Treasury cash pool surplus_sweep,intercompany_treasury,,
2025-01,DE01,Corporate,POOL-2025-01-JP01-DE01-surplus_sweep-D,treasury_cash_pool,1000_CASH,4681916.75,0.0,JP01,Treasury cash pool surplus_sweep,intercompany_treasury,,
2025-01,DE01,Corporate,POOL-2025-01-JP01-DE01-surplus_sweep-D,treasury_cash_pool,2160_IC_TREASURY_PAYABLE,0.0,4681916.75,JP01,Treasury cash pool surplus_sweep,intercompany_treasury,,
2025-01,US01,Corporate,POOL-2025-01-US01-DE01-surplus_sweep-S,treasury_cash_pool,1160_IC_TREASURY_RECEIVABLE,3896716.43,0.0,DE01,Treasury cash pool surplus_sweep,intercompany_treasury,,
2025-01,US01,Corporate,POOL-2025-01-US01-DE01-surplus_sweep-S,treasury_cash_pool,1000_CASH,0.0,3896716.43,DE01,Treasury cash pool surplus_sweep,intercompany_treasury,,
2025-01,DE01,Corporate,POOL-2025-01-US01-DE01-surplus_sweep-D,treasury_cash_pool,1000_CASH,3896716.43,0.0,US01,Treasury cash pool surplus_sweep,intercompany_treasury,,
2025-01,DE01,Corporate,POOL-2025-01-US01-DE01-surplus_sweep-D,treasury_cash_pool,2160_IC_TREASURY_PAYABLE,0.0,3896716.43,US01,Treasury cash pool surplus_sweep,intercompany_treasury,,
2025-02,CN01,Corporate,POOL-2025-02-CN01-DE01-surplus_sweep-S,treasury_cash_pool,1160_IC_TREASURY_RECEIVABLE,3748225.63,0.0,DE01,Treasury cash pool surplus_sweep,intercompany_treasury,,
2025-02,CN01,Corporate,POOL-2025-02-CN01-DE01-surplus_sweep-S,treasury_cash_pool,1000_CASH,0.0,3748225.63,DE01,Treasury cash pool surplus_sweep,intercompany_treasury,,
2025-02,DE01,Corporate,POOL-2025-02-CN01-DE01-surplus_sweep-D,treasury_cash_pool,1000_CASH,3748225.63,0.0,CN01,Treasury cash pool surplus_sweep,intercompany_treasury,,
2025-02,DE01,Corporate,POOL-2025-02-CN01-DE01-surplus_sweep-D,treasury_cash_pool,2160_IC_TREASURY_PAYABLE,0.0,3748225.63,CN01,Treasury cash pool surplus_sweep,intercompany_treasury,,
2025-02,CZ01,Corporate,POOL-2025-02-CZ01-DE01-surplus_sweep-S,treasury_cash_pool,1160_IC_TREASURY_RECEIVABLE,4446237.5,0.0,DE01,Treasury cash pool surplus_sweep,intercompany_treasury,,
2025-02,CZ01,Corporate,POOL-2025-02-CZ01-DE01-surplus_sweep-S,treasury_cash_pool,1000_CASH,0.0,4446237.5,DE01,Treasury cash pool surplus_sweep,intercompany_treasury,,
2025-02,DE01,Corporate,POOL-2025-02-CZ01-DE01-surplus_sweep-D,treasury_cash_pool,1000_CASH,4446237.5,0.0,CZ01,Treasury cash pool surplus_sweep,intercompany_treasury,,
2025-02,DE01,Corporate,POOL-2025-02-CZ01-DE01-surplus_sweep-D,treasury_cash_pool,2160_IC_TREASURY_PAYABLE,0.0,4446237.5,CZ01,Treasury cash pool surplus_sweep,intercompany_treasury,,
2025-02,ES01,Corporate,POOL-2025-02-ES01-DE01-surplus_sweep-S,treasury_cash_pool,1160_IC_TREASURY_RECEIVABLE,2661954.37,0.0,DE01,Treasury cash pool surplus_sweep,intercompany_treasury,,
2025-02,ES01,Corporate,POOL-2025-02-ES01-DE01-surplus_sweep-S,treasury_cash_pool,1000_CASH,0.0,2661954.37,DE01,Treasury cash pool surplus_sweep,intercompany_treasury,,
2025-02,DE01,Corporate,POOL-2025-02-ES01-DE01-surplus_sweep-D,treasury_cash_pool,1000_CASH,2661954.37,0.0,ES01,Treasury cash pool surplus_sweep,intercompany_treasury,,
2025-02,DE01,Corporate,POOL-2025-02-ES01-DE01-surplus_sweep-D,treasury_cash_pool,2160_IC_TREASURY_PAYABLE,0.0,2661954.37,ES01,Treasury cash pool surplus_sweep,intercompany_treasury,,
2025-02,JP01,Corporate,POOL-2025-02-JP01-DE01-surplus_sweep-S,treasury_cash_pool,1160_IC_TREASURY_RECEIVABLE,2010700.52,0.0,DE01,Treasury cash pool surplus_sweep,intercompany_treasury,,
2025-02,JP01,Corporate,POOL-2025-02-JP01-DE01-surplus_sweep-S,treasury_cash_pool,1000_CASH,0.0,2010700.52,DE01,Treasury cash pool surplus_sweep,intercompany_treasury,,
2025-02,DE01,Corporate,POOL-2025-02-JP01-DE01-surplus_sweep-D,treasury_cash_pool,1000_CASH,2010700.52,0.0,JP01,Treasury cash pool surplus_sweep,intercompany_treasury,,
2025-02,DE01,Corporate,POOL-2025-02-JP01-DE01-surplus_sweep-D,treasury_cash_pool,2160_IC_TREASURY_PAYABLE,0.0,2010700.52,JP01,Treasury cash pool surplus_sweep,intercompany_treasury,,
2025-02,US01,Corporate,POOL-2025-02-US01-DE01-surplus_sweep-S,treasury_cash_pool,1160_IC_TREASURY_RECEIVABLE,1652462.86,0.0,DE01,Treasury cash pool surplus_sweep,intercompany_treasury,,
2025-02,US01,Corporate,POOL-2025-02-US01-DE01-surplus_sweep-S,treasury_cash_pool,1000_CASH,0.0,1652462.86,DE01,Treasury cash pool surplus_sweep,intercompany_treasury,,
2025-02,DE01,Corporate,POOL-2025-02-US01-DE01-surplus_sweep-D,treasury_cash_pool,1000_CASH,1652462.86,0.0,US01,Treasury cash pool surplus_sweep,intercompany_treasury,,
2025-02,DE01,Corporate,POOL-2025-02-US01-DE01-surplus_sweep-D,treasury_cash_pool,2160_IC_TREASURY_PAYABLE,0.0,1652462.86,US01,Treasury cash pool surplus_sweep,intercompany_treasury,,
2025-03,CN01,Corporate,POOL-2025-03-CN01-DE01-surplus_sweep-S,treasury_cash_pool,1160_IC_TREASURY_RECEIVABLE,5584066.29,0.0,DE01,Treasury cash pool surplus_sweep,intercompany_treasury,,
2025-03,CN01,Corporate,POOL-2025-03-CN01-DE01-surplus_sweep-S,treasury_cash_pool,1000_CASH,0.0,5584066.29,DE01,Treasury cash pool surplus_sweep,intercompany_treasury,,
2025-03,DE01,Corporate,POOL-2025-03-CN01-DE01-surplus_sweep-D,treasury_cash_pool,1000_CASH,5584066.29,0.0,CN01,Treasury cash pool surplus_sweep,intercompany_treasury,,
2025-03,DE01,Corporate,POOL-2025-03-CN01-DE01-surplus_sweep-D,treasury_cash_pool,2160_IC_TREASURY_PAYABLE,0.0,5584066.29,CN01,Treasury cash pool surplus_sweep,intercompany_treasury,,
2025-03,CZ01,Corporate,POOL-2025-03-CZ01-DE01-surplus_sweep-S,treasury_cash_pool,1160_IC_TREASURY_RECEIVABLE,6273917.42,0.0,DE01,Treasury cash pool surplus_sweep,intercompany_treasury,,
2025-03,CZ01,Corporate,POOL-2025-03-CZ01-DE01-surplus_sweep-S,treasury_cash_pool,1000_CASH,0.0,6273917.42,DE01,Treasury cash pool surplus_sweep,intercompany_treasury,,
2025-03,DE01,Corporate,POOL-2025-03-CZ01-DE01-surplus_sweep-D,treasury_cash_pool,1000_CASH,6273917.42,0.0,CZ01,Treasury cash pool surplus_sweep,intercompany_treasury,,
2025-03,DE01,Corporate,POOL-2025-03-CZ01-DE01-surplus_sweep-D,treasury_cash_pool,2160_IC_TREASURY_PAYABLE,0.0,6273917.42,CZ01,Treasury cash pool surplus_sweep,intercompany_treasury,,
2025-03,DE01,Corporate,POOL-2025-03-DE01-ES01-liquidity_funding-S,treasury_cash_pool,1160_IC_TREASURY_RECEIVABLE,124940.81,0.0,ES01,Treasury cash pool liquidity_funding,intercompany_treasury,,
2025-03,DE01,Corporate,POOL-2025-03-DE01-ES01-liquidity_funding-S,treasury_cash_pool,1000_CASH,0.0,124940.81,ES01,Treasury cash pool liquidity_funding,intercompany_treasury,,
2025-03,ES01,Corporate,POOL-2025-03-DE01-ES01-liquidity_funding-D,treasury_cash_pool,1000_CASH,124940.81,0.0,DE01,Treasury cash pool liquidity_funding,intercompany_treasury,,
2025-03,ES01,Corporate,POOL-2025-03-DE01-ES01-liquidity_funding-D,treasury_cash_pool,2160_IC_TREASURY_PAYABLE,0.0,124940.81,DE01,Treasury cash pool liquidity_funding,intercompany_treasury,,
2025-04,DE01,Corporate,POOL-2025-04-DE01-CN01-liquidity_funding-S,treasury_cash_pool,1160_IC_TREASURY_RECEIVABLE,1332472.09,0.0,CN01,Treasury cash pool liquidity_funding,intercompany_treasury,,
2025-04,DE01,Corporate,POOL-2025-04-DE01-CN01-liquidity_funding-S,treasury_cash_pool,1000_CASH,0.0,1332472.09,CN01,Treasury cash pool liquidity_funding,intercompany_treasury,,
2025-04,CN01,Corporate,POOL-2025-04-DE01-CN01-liquidity_funding-D,treasury_cash_pool,1000_CASH,1332472.09,0.0,DE01,Treasury cash pool liquidity_funding,intercompany_treasury,,
2025-04,CN01,Corporate,POOL-2025-04-DE01-CN01-liquidity_funding-D,treasury_cash_pool,2160_IC_TREASURY_PAYABLE,0.0,1332472.09,DE01,Treasury cash pool liquidity_funding,intercompany_treasury,,
2025-04,DE01,Corporate,POOL-2025-04-DE01-CZ01-liquidity_funding-S,treasury_cash_pool,1160_IC_TREASURY_RECEIVABLE,2494679.84,0.0,CZ01,Treasury cash pool liquidity_funding,intercompany_treasury,,
2025-04,DE01,Corporate,POOL-2025-04-DE01-CZ01-liquidity_funding-S,treasury_cash_pool,1000_CASH,0.0,2494679.84,CZ01,Treasury cash pool liquidity_funding,intercompany_treasury,,
2025-04,CZ01,Corporate,POOL-2025-04-DE01-CZ01-liquidity_funding-D,treasury_cash_pool,1000_CASH,2494679.84,0.0,DE01,Treasury cash pool liquidity_funding,intercompany_treasury,,
2025-04,CZ01,Corporate,POOL-2025-04-DE01-CZ01-liquidity_funding-D,treasury_cash_pool,2160_IC_TREASURY_PAYABLE,0.0,2494679.84,DE01,Treasury cash pool liquidity_funding,intercompany_treasury,,
2025-04,ES01,Corporate,POOL-2025-04-ES01-DE01-surplus_sweep-S,treasury_cash_pool,1160_IC_TREASURY_RECEIVABLE,602644.9,0.0,DE01,Treasury cash pool surplus_sweep,intercompany_treasury,,
2025-04,ES01,Corporate,POOL-2025-04-ES01-DE01-surplus_sweep-S,treasury_cash_pool,1000_CASH,0.0,602644.9,DE01,Treasury cash pool surplus_sweep,intercompany_treasury,,
2025-04,DE01,Corporate,POOL-2025-04-ES01-DE01-surplus_sweep-D,treasury_cash_pool,1000_CASH,602644.9,0.0,ES01,Treasury cash pool surplus_sweep,intercompany_treasury,,
2025-04,DE01,Corporate,POOL-2025-04-ES01-DE01-surplus_sweep-D,treasury_cash_pool,2160_IC_TREASURY_PAYABLE,0.0,602644.9,ES01,Treasury cash pool surplus_sweep,intercompany_treasury,,
2025-04,JP01,Corporate,POOL-2025-04-JP01-DE01-surplus_sweep-S,treasury_cash_pool,1160_IC_TREASURY_RECEIVABLE,338356.15,0.0,DE01,Treasury cash pool surplus_sweep,intercompany_treasury,,
2025-04,JP01,Corporate,POOL-2025-04-JP01-DE01-surplus_sweep-S,treasury_cash_pool,1000_CASH,0.0,338356.15,DE01,Treasury cash pool surplus_sweep,intercompany_treasury,,
2025-04,DE01,Corporate,POOL-2025-04-JP01-DE01-surplus_sweep-D,treasury_cash_pool,1000_CASH,338356.15,0.0,JP01,Treasury cash pool surplus_sweep,intercompany_treasury,,
2025-04,DE01,Corporate,POOL-2025-04-JP01-DE01-surplus_sweep-D,treasury_cash_pool,2160_IC_TREASURY_PAYABLE,0.0,338356.15,JP01,Treasury cash pool surplus_sweep,intercompany_treasury,,
2025-04,US01,Corporate,POOL-2025-04-US01-DE01-surplus_sweep-S,treasury_cash_pool,1160_IC_TREASURY_RECEIVABLE,1014725.78,0.0,DE01,Treasury cash pool surplus_sweep,intercompany_treasury,,
2025-04,US01,Corporate,POOL-2025-04-US01-DE01-surplus_sweep-S,treasury_cash_pool,1000_CASH,0.0,1014725.78,DE01,Treasury cash pool surplus_sweep,intercompany_treasury,,
2025-04,DE01,Corporate,POOL-2025-04-US01-DE01-surplus_sweep-D,treasury_cash_pool,1000_CASH,1014725.78,0.0,US01,Treasury cash pool surplus_sweep,intercompany_treasury,,
2025-04,DE01,Corporate,POOL-2025-04-US01-DE01-surplus_sweep-D,treasury_cash_pool,2160_IC_TREASURY_PAYABLE,0.0,1014725.78,US01,Treasury cash pool surplus_sweep,intercompany_treasury,,
2025-05,CN01,Corporate,POOL-2025-05-CN01-DE01-surplus_sweep-S,treasury_cash_pool,1160_IC_TREASURY_RECEIVABLE,445287.03,0.0,DE01,Treasury cash pool surplus_sweep,intercompany_treasury,,
2025-05,CN01,Corporate,POOL-2025-05-CN01-DE01-surplus_sweep-S,treasury_cash_pool,1000_CASH,0.0,445287.03,DE01,Treasury cash pool surplus_sweep,intercompany_treasury,,
2025-05,DE01,Corporate,POOL-2025-05-CN01-DE01-surplus_sweep-D,treasury_cash_pool,1000_CASH,445287.03,0.0,CN01,Treasury cash pool surplus_sweep,intercompany_treasury,,
2025-05,DE01,Corporate,POOL-2025-05-CN01-DE01-surplus_sweep-D,treasury_cash_pool,2160_IC_TREASURY_PAYABLE,0.0,445287.03,CN01,Treasury cash pool surplus_sweep,intercompany_treasury,,
2025-05,CZ01,Corporate,POOL-2025-05-CZ01-DE01-surplus_sweep-S,treasury_cash_pool,1160_IC_TREASURY_RECEIVABLE,1892624.68,0.0,DE01,Treasury cash pool surplus_sweep,intercompany_treasury,,
2025-05,CZ01,Corporate,POOL-2025-05-CZ01-DE01-surplus_sweep-S,treasury_cash_pool,1000_CASH,0.0,1892624.68,DE01,Treasury cash pool surplus_sweep,intercompany_treasury,,
2025-05,DE01,Corporate,POOL-2025-05-CZ01-DE01-surplus_sweep-D,treasury_cash_pool,1000_CASH,1892624.68,0.0,CZ01,Treasury cash pool surplus_sweep,intercompany_treasury,,
2025-05,DE01,Corporate,POOL-2025-05-CZ01-DE01-surplus_sweep-D,treasury_cash_pool,2160_IC_TREASURY_PAYABLE,0.0,1892624.68,CZ01,Treasury cash pool surplus_sweep,intercompany_treasury,,
2025-05,ES01,Corporate,POOL-2025-05-ES01-DE01-surplus_sweep-S,treasury_cash_pool,1160_IC_TREASURY_RECEIVABLE,1238196.58,0.0,DE01,Treasury cash pool surplus_sweep,intercompany_treasury,,
2025-05,ES01,Corporate,POOL-2025-05-ES01-DE01-surplus_sweep-S,treasury_cash_pool,1000_CASH,0.0,1238196.58,DE01,Treasury cash pool surplus_sweep,intercompany_treasury,,
2025-05,DE01,Corporate,POOL-2025-05-ES01-DE01-surplus_sweep-D,treasury_cash_pool,1000_CASH,1238196.58,0.0,ES01,Treasury cash pool surplus_sweep,intercompany_treasury,,
2025-05,DE01,Corporate,POOL-2025-05-ES01-DE01-surplus_sweep-D,treasury_cash_pool,2160_IC_TREASURY_PAYABLE,0.0,1238196.58,ES01,Treasury cash pool surplus_sweep,intercompany_treasury,,
2025-05,JP01,Corporate,POOL-2025-05-JP01-DE01-surplus_sweep-S,treasury_cash_pool,1160_IC_TREASURY_RECEIVABLE,1142839.08,0.0,DE01,Treasury cash pool surplus_sweep,intercompany_treasury,,
2025-05,JP01,Corporate,POOL-2025-05-JP01-DE01-surplus_sweep-S,treasury_cash_pool,1000_CASH,0.0,1142839.08,DE01,Treasury cash pool surplus_sweep,intercompany_treasury,,
2025-05,DE01,Corporate,POOL-2025-05-JP01-DE01-surplus_sweep-D,treasury_cash_pool,1000_CASH,1142839.08,0.0,JP01,Treasury cash pool surplus_sweep,intercompany_treasury,,
2025-05,DE01,Corporate,POOL-2025-05-JP01-DE01-surplus_sweep-D,treasury_cash_pool,2160_IC_TREASURY_PAYABLE,0.0,1142839.08,JP01,Treasury cash pool surplus_sweep,intercompany_treasury,,
2025-05,US01,Corporate,POOL-2025-05-US01-DE01-surplus_sweep-S,treasury_cash_pool,1160_IC_TREASURY_RECEIVABLE,1268383.78,0.0,DE01,Treasury cash pool surplus_sweep,intercompany_treasury,,
2025-05,US01,Corporate,POOL-2025-05-US01-DE01-surplus_sweep-S,treasury_cash_pool,1000_CASH,0.0,1268383.78,DE01,Treasury cash pool surplus_sweep,intercompany_treasury,,
2025-05,DE01,Corporate,POOL-2025-05-US01-DE01-surplus_sweep-D,treasury_cash_pool,1000_CASH,1268383.78,0.0,US01,Treasury cash pool surplus_sweep,intercompany_treasury,,
2025-05,DE01,Corporate,POOL-2025-05-US01-DE01-surplus_sweep-D,treasury_cash_pool,2160_IC_TREASURY_PAYABLE,0.0,1268383.78,US01,Treasury cash pool surplus_sweep,intercompany_treasury,,
2025-06,CN01,Corporate,POOL-2025-06-CN01-DE01-surplus_sweep-S,treasury_cash_pool,1160_IC_TREASURY_RECEIVABLE,360505.35,0.0,DE01,Treasury cash pool surplus_sweep,intercompany_treasury,,
2025-06,CN01,Corporate,POOL-2025-06-CN01-DE01-surplus_sweep-S,treasury_cash_pool,1000_CASH,0.0,360505.35,DE01,Treasury cash pool surplus_sweep,intercompany_treasury,,
2025-06,DE01,Corporate,POOL-2025-06-CN01-DE01-surplus_sweep-D,treasury_cash_pool,1000_CASH,360505.35,0.0,CN01,Treasury cash pool surplus_sweep,intercompany_treasury,,
2025-06,DE01,Corporate,POOL-2025-06-CN01-DE01-surplus_sweep-D,treasury_cash_pool,2160_IC_TREASURY_PAYABLE,0.0,360505.35,CN01,Treasury cash pool surplus_sweep,intercompany_treasury,,
2025-06,ES01,Corporate,POOL-2025-06-ES01-DE01-surplus_sweep-S,treasury_cash_pool,1160_IC_TREASURY_RECEIVABLE,425456.11,0.0,DE01,Treasury cash pool surplus_sweep,intercompany_treasury,,
2025-06,ES01,Corporate,POOL-2025-06-ES01-DE01-surplus_sweep-S,treasury_cash_pool,1000_CASH,0.0,425456.11,DE01,Treasury cash pool surplus_sweep,intercompany_treasury,,
2025-06,DE01,Corporate,POOL-2025-06-ES01-DE01-surplus_sweep-D,treasury_cash_pool,1000_CASH,425456.11,0.0,ES01,Treasury cash pool surplus_sweep,intercompany_treasury,,
2025-06,DE01,Corporate,POOL-2025-06-ES01-DE01-surplus_sweep-D,treasury_cash_pool,2160_IC_TREASURY_PAYABLE,0.0,425456.11,ES01,Treasury cash pool surplus_sweep,intercompany_treasury,,
2025-06,JP01,Corporate,POOL-2025-06-JP01-DE01-surplus_sweep-S,treasury_cash_pool,1160_IC_TREASURY_RECEIVABLE,439160.49,0.0,DE01,Treasury cash pool surplus_sweep,intercompany_treasury,,
2025-06,JP01,Corporate,POOL-2025-06-JP01-DE01-surplus_sweep-S,treasury_cash_pool,1000_CASH,0.0,439160.49,DE01,Treasury cash pool surplus_sweep,intercompany_treasury,,
2025-06,DE01,Corporate,POOL-2025-06-JP01-DE01-surplus_sweep-D,treasury_cash_pool,1000_CASH,439160.49,0.0,JP01,Treasury cash pool surplus_sweep,intercompany_treasury,,
2025-06,DE01,Corporate,POOL-2025-06-JP01-DE01-surplus_sweep-D,treasury_cash_pool,2160_IC_TREASURY_PAYABLE,0.0,439160.49,JP01,Treasury cash pool surplus_sweep,intercompany_treasury,,
2025-06,US01,Corporate,POOL-2025-06-US01-DE01-surplus_sweep-S,treasury_cash_pool,1160_IC_TREASURY_RECEIVABLE,418879.05,0.0,DE01,Treasury cash pool surplus_sweep,intercompany_treasury,,
2025-06,US01,Corporate,POOL-2025-06-US01-DE01-surplus_sweep-S,treasury_cash_pool,1000_CASH,0.0,418879.05,DE01,Treasury cash pool surplus_sweep,intercompany_treasury,,
2025-06,DE01,Corporate,POOL-2025-06-US01-DE01-surplus_sweep-D,treasury_cash_pool,1000_CASH,418879.05,0.0,US01,Treasury cash pool surplus_sweep,intercompany_treasury,,
2025-06,DE01,Corporate,POOL-2025-06-US01-DE01-surplus_sweep-D,treasury_cash_pool,2160_IC_TREASURY_PAYABLE,0.0,418879.05,US01,Treasury cash pool surplus_sweep,intercompany_treasury,,
2025-07,DE01,Corporate,POOL-2025-07-DE01-CN01-liquidity_funding-S,treasury_cash_pool,1160_IC_TREASURY_RECEIVABLE,2619258.13,0.0,CN01,Treasury cash pool liquidity_funding,intercompany_treasury,,
2025-07,DE01,Corporate,POOL-2025-07-DE01-CN01-liquidity_funding-S,treasury_cash_pool,1000_CASH,0.0,2619258.13,CN01,Treasury cash pool liquidity_funding,intercompany_treasury,,
2025-07,CN01,Corporate,POOL-2025-07-DE01-CN01-liquidity_funding-D,treasury_cash_pool,1000_CASH,2619258.13,0.0,DE01,Treasury cash pool liquidity_funding,intercompany_treasury,,
2025-07,CN01,Corporate,POOL-2025-07-DE01-CN01-liquidity_funding-D,treasury_cash_pool,2160_IC_TREASURY_PAYABLE,0.0,2619258.13,DE01,Treasury cash pool liquidity_funding,intercompany_treasury,,
2025-07,DE01,Corporate,POOL-2025-07-DE01-CZ01-liquidity_funding-S,treasury_cash_pool,1160_IC_TREASURY_RECEIVABLE,5071625.86,0.0,CZ01,Treasury cash pool liquidity_funding,intercompany_treasury,,
2025-07,DE01,Corporate,POOL-2025-07-DE01-CZ01-liquidity_funding-S,treasury_cash_pool,1000_CASH,0.0,5071625.86,CZ01,Treasury cash pool liquidity_funding,intercompany_treasury,,
2025-07,CZ01,Corporate,POOL-2025-07-DE01-CZ01-liquidity_funding-D,treasury_cash_pool,1000_CASH,5071625.86,0.0,DE01,Treasury cash pool liquidity_funding,intercompany_treasury,,
2025-07,CZ01,Corporate,POOL-2025-07-DE01-CZ01-liquidity_funding-D,treasury_cash_pool,2160_IC_TREASURY_PAYABLE,0.0,5071625.86,DE01,Treasury cash pool liquidity_funding,intercompany_treasury,,
2025-07,ES01,Corporate,POOL-2025-07-ES01-DE01-surplus_sweep-S,treasury_cash_pool,1160_IC_TREASURY_RECEIVABLE,3058713.75,0.0,DE01,Treasury cash pool surplus_sweep,intercompany_treasury,,
2025-07,ES01,Corporate,POOL-2025-07-ES01-DE01-surplus_sweep-S,treasury_cash_pool,1000_CASH,0.0,3058713.75,DE01,Treasury cash pool surplus_sweep,intercompany_treasury,,
2025-07,DE01,Corporate,POOL-2025-07-ES01-DE01-surplus_sweep-D,treasury_cash_pool,1000_CASH,3058713.75,0.0,ES01,Treasury cash pool surplus_sweep,intercompany_treasury,,
2025-07,DE01,Corporate,POOL-2025-07-ES01-DE01-surplus_sweep-D,treasury_cash_pool,2160_IC_TREASURY_PAYABLE,0.0,3058713.75,ES01,Treasury cash pool surplus_sweep,intercompany_treasury,,
2025-07,JP01,Corporate,POOL-2025-07-JP01-DE01-surplus_sweep-S,treasury_cash_pool,1160_IC_TREASURY_RECEIVABLE,2641179.94,0.0,DE01,Treasury cash pool surplus_sweep,intercompany_treasury,,
2025-07,JP01,Corporate,POOL-2025-07-JP01-DE01-surplus_sweep-S,treasury_cash_pool,1000_CASH,0.0,2641179.94,DE01,Treasury cash pool surplus_sweep,intercompany_treasury,,
2025-07,DE01,Corporate,POOL-2025-07-JP01-DE01-surplus_sweep-D,treasury_cash_pool,1000_CASH,2641179.94,0.0,JP01,Treasury cash pool surplus_sweep,intercompany_treasury,,
2025-07,DE01,Corporate,POOL-2025-07-JP01-DE01-surplus_sweep-D,treasury_cash_pool,2160_IC_TREASURY_PAYABLE,0.0,2641179.94,JP01,Treasury cash pool surplus_sweep,intercompany_treasury,,
2025-07,US01,Corporate,POOL-2025-07-US01-DE01-surplus_sweep-S,treasury_cash_pool,1160_IC_TREASURY_RECEIVABLE,2215119.11,0.0,DE01,Treasury cash pool surplus_sweep,intercompany_treasury,,
2025-07,US01,Corporate,POOL-2025-07-US01-DE01-surplus_sweep-S,treasury_cash_pool,1000_CASH,0.0,2215119.11,DE01,Treasury cash pool surplus_sweep,intercompany_treasury,,
2025-07,DE01,Corporate,POOL-2025-07-US01-DE01-surplus_sweep-D,treasury_cash_pool,1000_CASH,2215119.11,0.0,US01,Treasury cash pool surplus_sweep,intercompany_treasury,,
2025-07,DE01,Corporate,POOL-2025-07-US01-DE01-surplus_sweep-D,treasury_cash_pool,2160_IC_TREASURY_PAYABLE,0.0,2215119.11,US01,Treasury cash pool surplus_sweep,intercompany_treasury,,
2025-08,DE01,Corporate,POOL-2025-08-DE01-CN01-liquidity_funding-S,treasury_cash_pool,1160_IC_TREASURY_RECEIVABLE,2895026.49,0.0,CN01,Treasury cash pool liquidity_funding,intercompany_treasury,,
2025-08,DE01,Corporate,POOL-2025-08-DE01-CN01-liquidity_funding-S,treasury_cash_pool,1000_CASH,0.0,2895026.49,CN01,Treasury cash pool liquidity_funding,intercompany_treasury,,
2025-08,CN01,Corporate,POOL-2025-08-DE01-CN01-liquidity_funding-D,treasury_cash_pool,1000_CASH,2895026.49,0.0,DE01,Treasury cash pool liquidity_funding,intercompany_treasury,,
2025-08,CN01,Corporate,POOL-2025-08-DE01-CN01-liquidity_funding-D,treasury_cash_pool,2160_IC_TREASURY_PAYABLE,0.0,2895026.49,DE01,Treasury cash pool liquidity_funding,intercompany_treasury,,
2025-08,DE01,Corporate,POOL-2025-08-DE01-CZ01-liquidity_funding-S,treasury_cash_pool,1160_IC_TREASURY_RECEIVABLE,3337302.14,0.0,CZ01,Treasury cash pool liquidity_funding,intercompany_treasury,,
2025-08,DE01,Corporate,POOL-2025-08-DE01-CZ01-liquidity_funding-S,treasury_cash_pool,1000_CASH,0.0,3337302.14,CZ01,Treasury cash pool liquidity_funding,intercompany_treasury,,
2025-08,CZ01,Corporate,POOL-2025-08-DE01-CZ01-liquidity_funding-D,treasury_cash_pool,1000_CASH,3337302.14,0.0,DE01,Treasury cash pool liquidity_funding,intercompany_treasury,,
2025-08,CZ01,Corporate,POOL-2025-08-DE01-CZ01-liquidity_funding-D,treasury_cash_pool,2160_IC_TREASURY_PAYABLE,0.0,3337302.14,DE01,Treasury cash pool liquidity_funding,intercompany_treasury,,
2025-08,ES01,Corporate,POOL-2025-08-ES01-DE01-surplus_sweep-S,treasury_cash_pool,1160_IC_TREASURY_RECEIVABLE,4415652.78,0.0,DE01,Treasury cash pool surplus_sweep,intercompany_treasury,,
2025-08,ES01,Corporate,POOL-2025-08-ES01-DE01-surplus_sweep-S,treasury_cash_pool,1000_CASH,0.0,4415652.78,DE01,Treasury cash pool surplus_sweep,intercompany_treasury,,
2025-08,DE01,Corporate,POOL-2025-08-ES01-DE01-surplus_sweep-D,treasury_cash_pool,1000_CASH,4415652.78,0.0,ES01,Treasury cash pool surplus_sweep,intercompany_treasury,,
2025-08,DE01,Corporate,POOL-2025-08-ES01-DE01-surplus_sweep-D,treasury_cash_pool,2160_IC_TREASURY_PAYABLE,0.0,4415652.78,ES01,Treasury cash pool surplus_sweep,intercompany_treasury,,
2025-08,JP01,Corporate,POOL-2025-08-JP01-DE01-surplus_sweep-S,treasury_cash_pool,1160_IC_TREASURY_RECEIVABLE,3799618.04,0.0,DE01,Treasury cash pool surplus_sweep,intercompany_treasury,,
2025-08,JP01,Corporate,POOL-2025-08-JP01-DE01-surplus_sweep-S,treasury_cash_pool,1000_CASH,0.0,3799618.04,DE01,Treasury cash pool surplus_sweep,intercompany_treasury,,
2025-08,DE01,Corporate,POOL-2025-08-JP01-DE01-surplus_sweep-D,treasury_cash_pool,1000_CASH,3799618.04,0.0,JP01,Treasury cash pool surplus_sweep,intercompany_treasury,,
2025-08,DE01,Corporate,POOL-2025-08-JP01-DE01-surplus_sweep-D,treasury_cash_pool,2160_IC_TREASURY_PAYABLE,0.0,3799618.04,JP01,Treasury cash pool surplus_sweep,intercompany_treasury,,
2025-08,US01,Corporate,POOL-2025-08-US01-DE01-surplus_sweep-S,treasury_cash_pool,1160_IC_TREASURY_RECEIVABLE,3202588.13,0.0,DE01,Treasury cash pool surplus_sweep,intercompany_treasury,,
2025-08,US01,Corporate,POOL-2025-08-US01-DE01-surplus_sweep-S,treasury_cash_pool,1000_CASH,0.0,3202588.13,DE01,Treasury cash pool surplus_sweep,intercompany_treasury,,
2025-08,DE01,Corporate,POOL-2025-08-US01-DE01-surplus_sweep-D,treasury_cash_pool,1000_CASH,3202588.13,0.0,US01,Treasury cash pool surplus_sweep,intercompany_treasury,,
2025-08,DE01,Corporate,POOL-2025-08-US01-DE01-surplus_sweep-D,treasury_cash_pool,2160_IC_TREASURY_PAYABLE,0.0,3202588.13,US01,Treasury cash pool surplus_sweep,intercompany_treasury,,
2025-09,CN01,Corporate,POOL-2025-09-CN01-DE01-surplus_sweep-S,treasury_cash_pool,1160_IC_TREASURY_RECEIVABLE,6377373.22,0.0,DE01,Treasury cash pool surplus_sweep,intercompany_treasury,,
2025-09,CN01,Corporate,POOL-2025-09-CN01-DE01-surplus_sweep-S,treasury_cash_pool,1000_CASH,0.0,6377373.22,DE01,Treasury cash pool surplus_sweep,intercompany_treasury,,
2025-09,DE01,Corporate,POOL-2025-09-CN01-DE01-surplus_sweep-D,treasury_cash_pool,1000_CASH,6377373.22,0.0,CN01,Treasury cash pool surplus_sweep,intercompany_treasury,,
2025-09,DE01,Corporate,POOL-2025-09-CN01-DE01-surplus_sweep-D,treasury_cash_pool,2160_IC_TREASURY_PAYABLE,0.0,6377373.22,CN01,Treasury cash pool surplus_sweep,intercompany_treasury,,
2025-09,CZ01,Corporate,POOL-2025-09-CZ01-DE01-surplus_sweep-S,treasury_cash_pool,1160_IC_TREASURY_RECEIVABLE,6693563.06,0.0,DE01,Treasury cash pool surplus_sweep,intercompany_treasury,,
2025-09,CZ01,Corporate,POOL-2025-09-CZ01-DE01-surplus_sweep-S,treasury_cash_pool,1000_CASH,0.0,6693563.06,DE01,Treasury cash pool surplus_sweep,intercompany_treasury,,
2025-09,DE01,Corporate,POOL-2025-09-CZ01-DE01-surplus_sweep-D,treasury_cash_pool,1000_CASH,6693563.06,0.0,CZ01,Treasury cash pool surplus_sweep,intercompany_treasury,,
2025-09,DE01,Corporate,POOL-2025-09-CZ01-DE01-surplus_sweep-D,treasury_cash_pool,2160_IC_TREASURY_PAYABLE,0.0,6693563.06,CZ01,Treasury cash pool surplus_sweep,intercompany_treasury,,
2025-09,DE01,Corporate,POOL-2025-09-DE01-ES01-liquidity_funding-S,treasury_cash_pool,1160_IC_TREASURY_RECEIVABLE,1104293.33,0.0,ES01,Treasury cash pool liquidity_funding,intercompany_treasury,,
2025-09,DE01,Corporate,POOL-2025-09-DE01-ES01-liquidity_funding-S,treasury_cash_pool,1000_CASH,0.0,1104293.33,ES01,Treasury cash pool liquidity_funding,intercompany_treasury,,
2025-09,ES01,Corporate,POOL-2025-09-DE01-ES01-liquidity_funding-D,treasury_cash_pool,1000_CASH,1104293.33,0.0,DE01,Treasury cash pool liquidity_funding,intercompany_treasury,,
2025-09,ES01,Corporate,POOL-2025-09-DE01-ES01-liquidity_funding-D,treasury_cash_pool,2160_IC_TREASURY_PAYABLE,0.0,1104293.33,DE01,Treasury cash pool liquidity_funding,intercompany_treasury,,
2025-09,DE01,Corporate,POOL-2025-09-DE01-JP01-liquidity_funding-S,treasury_cash_pool,1160_IC_TREASURY_RECEIVABLE,1607227.74,0.0,JP01,Treasury cash pool liquidity_funding,intercompany_treasury,,
2025-09,DE01,Corporate,POOL-2025-09-DE01-JP01-liquidity_funding-S,treasury_cash_pool,1000_CASH,0.0,1607227.74,JP01,Treasury cash pool liquidity_funding,intercompany_treasury,,
2025-09,JP01,Corporate,POOL-2025-09-DE01-JP01-liquidity_funding-D,treasury_cash_pool,1000_CASH,1607227.74,0.0,DE01,Treasury cash pool liquidity_funding,intercompany_treasury,,
2025-09,JP01,Corporate,POOL-2025-09-DE01-JP01-liquidity_funding-D,treasury_cash_pool,2160_IC_TREASURY_PAYABLE,0.0,1607227.74,DE01,Treasury cash pool liquidity_funding,intercompany_treasury,,
2025-09,DE01,Corporate,POOL-2025-09-DE01-US01-liquidity_funding-S,treasury_cash_pool,1160_IC_TREASURY_RECEIVABLE,683983.51,0.0,US01,Treasury cash pool liquidity_funding,intercompany_treasury,,
2025-09,DE01,Corporate,POOL-2025-09-DE01-US01-liquidity_funding-S,treasury_cash_pool,1000_CASH,0.0,683983.51,US01,Treasury cash pool liquidity_funding,intercompany_treasury,,
2025-09,US01,Corporate,POOL-2025-09-DE01-US01-liquidity_funding-D,treasury_cash_pool,1000_CASH,683983.51,0.0,DE01,Treasury cash pool liquidity_funding,intercompany_treasury,,
2025-09,US01,Corporate,POOL-2025-09-DE01-US01-liquidity_funding-D,treasury_cash_pool,2160_IC_TREASURY_PAYABLE,0.0,683983.51,DE01,Treasury cash pool liquidity_funding,intercompany_treasury,,
2025-10,CN01,Corporate,POOL-2025-10-CN01-DE01-surplus_sweep-S,treasury_cash_pool,1160_IC_TREASURY_RECEIVABLE,683743.07,0.0,DE01,Treasury cash pool surplus_sweep,intercompany_treasury,,
2025-10,CN01,Corporate,POOL-2025-10-CN01-DE01-surplus_sweep-S,treasury_cash_pool,1000_CASH,0.0,683743.07,DE01,Treasury cash pool surplus_sweep,intercompany_treasury,,
2025-10,DE01,Corporate,POOL-2025-10-CN01-DE01-surplus_sweep-D,treasury_cash_pool,1000_CASH,683743.07,0.0,CN01,Treasury cash pool surplus_sweep,intercompany_treasury,,
2025-10,DE01,Corporate,POOL-2025-10-CN01-DE01-surplus_sweep-D,treasury_cash_pool,2160_IC_TREASURY_PAYABLE,0.0,683743.07,CN01,Treasury cash pool surplus_sweep,intercompany_treasury,,
2025-10,US01,Corporate,POOL-2025-10-US01-DE01-surplus_sweep-S,treasury_cash_pool,1160_IC_TREASURY_RECEIVABLE,213995.98,0.0,DE01,Treasury cash pool surplus_sweep,intercompany_treasury,,
2025-10,US01,Corporate,POOL-2025-10-US01-DE01-surplus_sweep-S,treasury_cash_pool,1000_CASH,0.0,213995.98,DE01,Treasury cash pool surplus_sweep,intercompany_treasury,,
2025-10,DE01,Corporate,POOL-2025-10-US01-DE01-surplus_sweep-D,treasury_cash_pool,1000_CASH,213995.98,0.0,US01,Treasury cash pool surplus_sweep,intercompany_treasury,,
2025-10,DE01,Corporate,POOL-2025-10-US01-DE01-surplus_sweep-D,treasury_cash_pool,2160_IC_TREASURY_PAYABLE,0.0,213995.98,US01,Treasury cash pool surplus_sweep,intercompany_treasury,,
2025-11,CN01,Corporate,POOL-2025-11-CN01-DE01-surplus_sweep-S,treasury_cash_pool,1160_IC_TREASURY_RECEIVABLE,293978.85,0.0,DE01,Treasury cash pool surplus_sweep,intercompany_treasury,,
2025-11,CN01,Corporate,POOL-2025-11-CN01-DE01-surplus_sweep-S,treasury_cash_pool,1000_CASH,0.0,293978.85,DE01,Treasury cash pool surplus_sweep,intercompany_treasury,,
2025-11,DE01,Corporate,POOL-2025-11-CN01-DE01-surplus_sweep-D,treasury_cash_pool,1000_CASH,293978.85,0.0,CN01,Treasury cash pool surplus_sweep,intercompany_treasury,,
2025-11,DE01,Corporate,POOL-2025-11-CN01-DE01-surplus_sweep-D,treasury_cash_pool,2160_IC_TREASURY_PAYABLE,0.0,293978.85,CN01,Treasury cash pool surplus_sweep,intercompany_treasury,,
2025-11,ES01,Corporate,POOL-2025-11-ES01-DE01-surplus_sweep-S,treasury_cash_pool,1160_IC_TREASURY_RECEIVABLE,1699087.18,0.0,DE01,Treasury cash pool surplus_sweep,intercompany_treasury,,
2025-11,ES01,Corporate,POOL-2025-11-ES01-DE01-surplus_sweep-S,treasury_cash_pool,1000_CASH,0.0,1699087.18,DE01,Treasury cash pool surplus_sweep,intercompany_treasury,,
2025-11,DE01,Corporate,POOL-2025-11-ES01-DE01-surplus_sweep-D,treasury_cash_pool,1000_CASH,1699087.18,0.0,ES01,Treasury cash pool surplus_sweep,intercompany_treasury,,
2025-11,DE01,Corporate,POOL-2025-11-ES01-DE01-surplus_sweep-D,treasury_cash_pool,2160_IC_TREASURY_PAYABLE,0.0,1699087.18,ES01,Treasury cash pool surplus_sweep,intercompany_treasury,,
2025-11,JP01,Corporate,POOL-2025-11-JP01-DE01-surplus_sweep-S,treasury_cash_pool,1160_IC_TREASURY_RECEIVABLE,916956.99,0.0,DE01,Treasury cash pool surplus_sweep,intercompany_treasury,,
2025-11,JP01,Corporate,POOL-2025-11-JP01-DE01-surplus_sweep-S,treasury_cash_pool,1000_CASH,0.0,916956.99,DE01,Treasury cash pool surplus_sweep,intercompany_treasury,,
2025-11,DE01,Corporate,POOL-2025-11-JP01-DE01-surplus_sweep-D,treasury_cash_pool,1000_CASH,916956.99,0.0,JP01,Treasury cash pool surplus_sweep,intercompany_treasury,,
2025-11,DE01,Corporate,POOL-2025-11-JP01-DE01-surplus_sweep-D,treasury_cash_pool,2160_IC_TREASURY_PAYABLE,0.0,916956.99,JP01,Treasury cash pool surplus_sweep,intercompany_treasury,,
2025-11,US01,Corporate,POOL-2025-11-US01-DE01-surplus_sweep-S,treasury_cash_pool,1160_IC_TREASURY_RECEIVABLE,1199825.73,0.0,DE01,Treasury cash pool surplus_sweep,intercompany_treasury,,
2025-11,US01,Corporate,POOL-2025-11-US01-DE01-surplus_sweep-S,treasury_cash_pool,1000_CASH,0.0,1199825.73,DE01,Treasury cash pool surplus_sweep,intercompany_treasury,,
2025-11,DE01,Corporate,POOL-2025-11-US01-DE01-surplus_sweep-D,treasury_cash_pool,1000_CASH,1199825.73,0.0,US01,Treasury cash pool surplus_sweep,intercompany_treasury,,
2025-11,DE01,Corporate,POOL-2025-11-US01-DE01-surplus_sweep-D,treasury_cash_pool,2160_IC_TREASURY_PAYABLE,0.0,1199825.73,US01,Treasury cash pool surplus_sweep,intercompany_treasury,,
2025-12,CN01,Corporate,POOL-2025-12-CN01-DE01-surplus_sweep-S,treasury_cash_pool,1160_IC_TREASURY_RECEIVABLE,1031478.01,0.0,DE01,Treasury cash pool surplus_sweep,intercompany_treasury,,
2025-12,CN01,Corporate,POOL-2025-12-CN01-DE01-surplus_sweep-S,treasury_cash_pool,1000_CASH,0.0,1031478.01,DE01,Treasury cash pool surplus_sweep,intercompany_treasury,,
2025-12,DE01,Corporate,POOL-2025-12-CN01-DE01-surplus_sweep-D,treasury_cash_pool,1000_CASH,1031478.01,0.0,CN01,Treasury cash pool surplus_sweep,intercompany_treasury,,
2025-12,DE01,Corporate,POOL-2025-12-CN01-DE01-surplus_sweep-D,treasury_cash_pool,2160_IC_TREASURY_PAYABLE,0.0,1031478.01,CN01,Treasury cash pool surplus_sweep,intercompany_treasury,,
2025-12,CZ01,Corporate,POOL-2025-12-CZ01-DE01-surplus_sweep-S,treasury_cash_pool,1160_IC_TREASURY_RECEIVABLE,1238205.17,0.0,DE01,Treasury cash pool surplus_sweep,intercompany_treasury,,
2025-12,CZ01,Corporate,POOL-2025-12-CZ01-DE01-surplus_sweep-S,treasury_cash_pool,1000_CASH,0.0,1238205.17,DE01,Treasury cash pool surplus_sweep,intercompany_treasury,,
2025-12,DE01,Corporate,POOL-2025-12-CZ01-DE01-surplus_sweep-D,treasury_cash_pool,1000_CASH,1238205.17,0.0,CZ01,Treasury cash pool surplus_sweep,intercompany_treasury,,
2025-12,DE01,Corporate,POOL-2025-12-CZ01-DE01-surplus_sweep-D,treasury_cash_pool,2160_IC_TREASURY_PAYABLE,0.0,1238205.17,CZ01,Treasury cash pool surplus_sweep,intercompany_treasury,,
2025-12,JP01,Corporate,POOL-2025-12-JP01-DE01-surplus_sweep-S,treasury_cash_pool,1160_IC_TREASURY_RECEIVABLE,133484.4,0.0,DE01,Treasury cash pool surplus_sweep,intercompany_treasury,,
2025-12,JP01,Corporate,POOL-2025-12-JP01-DE01-surplus_sweep-S,treasury_cash_pool,1000_CASH,0.0,133484.4,DE01,Treasury cash pool surplus_sweep,intercompany_treasury,,
2025-12,DE01,Corporate,POOL-2025-12-JP01-DE01-surplus_sweep-D,treasury_cash_pool,1000_CASH,133484.4,0.0,JP01,Treasury cash pool surplus_sweep,intercompany_treasury,,
2025-12,DE01,Corporate,POOL-2025-12-JP01-DE01-surplus_sweep-D,treasury_cash_pool,2160_IC_TREASURY_PAYABLE,0.0,133484.4,JP01,Treasury cash pool surplus_sweep,intercompany_treasury,,
2026-01,DE01,Corporate,POOL-2026-01-DE01-CN01-liquidity_funding-S,treasury_cash_pool,1160_IC_TREASURY_RECEIVABLE,13439999.65,0.0,CN01,Treasury cash pool liquidity_funding,intercompany_treasury,,
2026-01,DE01,Corporate,POOL-2026-01-DE01-CN01-liquidity_funding-S,treasury_cash_pool,1000_CASH,0.0,13439999.65,CN01,Treasury cash pool liquidity_funding,intercompany_treasury,,
2026-01,CN01,Corporate,POOL-2026-01-DE01-CN01-liquidity_funding-D,treasury_cash_pool,1000_CASH,13439999.65,0.0,DE01,Treasury cash pool liquidity_funding,intercompany_treasury,,
2026-01,CN01,Corporate,POOL-2026-01-DE01-CN01-liquidity_funding-D,treasury_cash_pool,2160_IC_TREASURY_PAYABLE,0.0,13439999.65,DE01,Treasury cash pool liquidity_funding,intercompany_treasury,,
2026-01,DE01,Corporate,POOL-2026-01-DE01-CZ01-liquidity_funding-S,treasury_cash_pool,1160_IC_TREASURY_RECEIVABLE,11929542.7,0.0,CZ01,Treasury cash pool liquidity_funding,intercompany_treasury,,
2026-01,DE01,Corporate,POOL-2026-01-DE01-CZ01-liquidity_funding-S,treasury_cash_pool,1000_CASH,0.0,11929542.7,CZ01,Treasury cash pool liquidity_funding,intercompany_treasury,,
2026-01,CZ01,Corporate,POOL-2026-01-DE01-CZ01-liquidity_funding-D,treasury_cash_pool,1000_CASH,11929542.7,0.0,DE01,Treasury cash pool liquidity_funding,intercompany_treasury,,
2026-01,CZ01,Corporate,POOL-2026-01-DE01-CZ01-liquidity_funding-D,treasury_cash_pool,2160_IC_TREASURY_PAYABLE,0.0,11929542.7,DE01,Treasury cash pool liquidity_funding,intercompany_treasury,,
2026-01,ES01,Corporate,POOL-2026-01-ES01-DE01-surplus_sweep-S,treasury_cash_pool,1160_IC_TREASURY_RECEIVABLE,5951913.11,0.0,DE01,Treasury cash pool surplus_sweep,intercompany_treasury,,
2026-01,ES01,Corporate,POOL-2026-01-ES01-DE01-surplus_sweep-S,treasury_cash_pool,1000_CASH,0.0,5951913.11,DE01,Treasury cash pool surplus_sweep,intercompany_treasury,,
2026-01,DE01,Corporate,POOL-2026-01-ES01-DE01-surplus_sweep-D,treasury_cash_pool,1000_CASH,5951913.11,0.0,ES01,Treasury cash pool surplus_sweep,intercompany_treasury,,
2026-01,DE01,Corporate,POOL-2026-01-ES01-DE01-surplus_sweep-D,treasury_cash_pool,2160_IC_TREASURY_PAYABLE,0.0,5951913.11,ES01,Treasury cash pool surplus_sweep,intercompany_treasury,,
2026-01,JP01,Corporate,POOL-2026-01-JP01-DE01-surplus_sweep-S,treasury_cash_pool,1160_IC_TREASURY_RECEIVABLE,5429584.93,0.0,DE01,Treasury cash pool surplus_sweep,intercompany_treasury,,
2026-01,JP01,Corporate,POOL-2026-01-JP01-DE01-surplus_sweep-S,treasury_cash_pool,1000_CASH,0.0,5429584.93,DE01,Treasury cash pool surplus_sweep,intercompany_treasury,,
2026-01,DE01,Corporate,POOL-2026-01-JP01-DE01-surplus_sweep-D,treasury_cash_pool,1000_CASH,5429584.93,0.0,JP01,Treasury cash pool surplus_sweep,intercompany_treasury,,
2026-01,DE01,Corporate,POOL-2026-01-JP01-DE01-surplus_sweep-D,treasury_cash_pool,2160_IC_TREASURY_PAYABLE,0.0,5429584.93,JP01,Treasury cash pool surplus_sweep,intercompany_treasury,,
2026-01,US01,Corporate,POOL-2026-01-US01-DE01-surplus_sweep-S,treasury_cash_pool,1160_IC_TREASURY_RECEIVABLE,4646364.14,0.0,DE01,Treasury cash pool surplus_sweep,intercompany_treasury,,
2026-01,US01,Corporate,POOL-2026-01-US01-DE01-surplus_sweep-S,treasury_cash_pool,1000_CASH,0.0,4646364.14,DE01,Treasury cash pool surplus_sweep,intercompany_treasury,,
2026-01,DE01,Corporate,POOL-2026-01-US01-DE01-surplus_sweep-D,treasury_cash_pool,1000_CASH,4646364.14,0.0,US01,Treasury cash pool surplus_sweep,intercompany_treasury,,
2026-01,DE01,Corporate,POOL-2026-01-US01-DE01-surplus_sweep-D,treasury_cash_pool,2160_IC_TREASURY_PAYABLE,0.0,4646364.14,US01,Treasury cash pool surplus_sweep,intercompany_treasury,,
2026-02,CN01,Corporate,POOL-2026-02-CN01-DE01-surplus_sweep-S,treasury_cash_pool,1160_IC_TREASURY_RECEIVABLE,3311551.47,0.0,DE01,Treasury cash pool surplus_sweep,intercompany_treasury,,
2026-02,CN01,Corporate,POOL-2026-02-CN01-DE01-surplus_sweep-S,treasury_cash_pool,1000_CASH,0.0,3311551.47,DE01,Treasury cash pool surplus_sweep,intercompany_treasury,,
2026-02,DE01,Corporate,POOL-2026-02-CN01-DE01-surplus_sweep-D,treasury_cash_pool,1000_CASH,3311551.47,0.0,CN01,Treasury cash pool surplus_sweep,intercompany_treasury,,
2026-02,DE01,Corporate,POOL-2026-02-CN01-DE01-surplus_sweep-D,treasury_cash_pool,2160_IC_TREASURY_PAYABLE,0.0,3311551.47,CN01,Treasury cash pool surplus_sweep,intercompany_treasury,,
2026-02,CZ01,Corporate,POOL-2026-02-CZ01-DE01-surplus_sweep-S,treasury_cash_pool,1160_IC_TREASURY_RECEIVABLE,4497476.85,0.0,DE01,Treasury cash pool surplus_sweep,intercompany_treasury,,
2026-02,CZ01,Corporate,POOL-2026-02-CZ01-DE01-surplus_sweep-S,treasury_cash_pool,1000_CASH,0.0,4497476.85,DE01,Treasury cash pool surplus_sweep,intercompany_treasury,,
2026-02,DE01,Corporate,POOL-2026-02-CZ01-DE01-surplus_sweep-D,treasury_cash_pool,1000_CASH,4497476.85,0.0,CZ01,Treasury cash pool surplus_sweep,intercompany_treasury,,
2026-02,DE01,Corporate,POOL-2026-02-CZ01-DE01-surplus_sweep-D,treasury_cash_pool,2160_IC_TREASURY_PAYABLE,0.0,4497476.85,CZ01,Treasury cash pool surplus_sweep,intercompany_treasury,,
2026-02,ES01,Corporate,POOL-2026-02-ES01-DE01-surplus_sweep-S,treasury_cash_pool,1160_IC_TREASURY_RECEIVABLE,3028365.14,0.0,DE01,Treasury cash pool surplus_sweep,intercompany_treasury,,
2026-02,ES01,Corporate,POOL-2026-02-ES01-DE01-surplus_sweep-S,treasury_cash_pool,1000_CASH,0.0,3028365.14,DE01,Treasury cash pool surplus_sweep,intercompany_treasury,,
2026-02,DE01,Corporate,POOL-2026-02-ES01-DE01-surplus_sweep-D,treasury_cash_pool,1000_CASH,3028365.14,0.0,ES01,Treasury cash pool surplus_sweep,intercompany_treasury,,
2026-02,DE01,Corporate,POOL-2026-02-ES01-DE01-surplus_sweep-D,treasury_cash_pool,2160_IC_TREASURY_PAYABLE,0.0,3028365.14,ES01,Treasury cash pool surplus_sweep,intercompany_treasury,,
2026-02,JP01,Corporate,POOL-2026-02-JP01-DE01-surplus_sweep-S,treasury_cash_pool,1160_IC_TREASURY_RECEIVABLE,1768882.9,0.0,DE01,Treasury cash pool surplus_sweep,intercompany_treasury,,
2026-02,JP01,Corporate,POOL-2026-02-JP01-DE01-surplus_sweep-S,treasury_cash_pool,1000_CASH,0.0,1768882.9,DE01,Treasury cash pool surplus_sweep,intercompany_treasury,,
2026-02,DE01,Corporate,POOL-2026-02-JP01-DE01-surplus_sweep-D,treasury_cash_pool,1000_CASH,1768882.9,0.0,JP01,Treasury cash pool surplus_sweep,intercompany_treasury,,
2026-02,DE01,Corporate,POOL-2026-02-JP01-DE01-surplus_sweep-D,treasury_cash_pool,2160_IC_TREASURY_PAYABLE,0.0,1768882.9,JP01,Treasury cash pool surplus_sweep,intercompany_treasury,,
2026-02,US01,Corporate,POOL-2026-02-US01-DE01-surplus_sweep-S,treasury_cash_pool,1160_IC_TREASURY_RECEIVABLE,923354.58,0.0,DE01,Treasury cash pool surplus_sweep,intercompany_treasury,,
2026-02,US01,Corporate,POOL-2026-02-US01-DE01-surplus_sweep-S,treasury_cash_pool,1000_CASH,0.0,923354.58,DE01,Treasury cash pool surplus_sweep,intercompany_treasury,,
2026-02,DE01,Corporate,POOL-2026-02-US01-DE01-surplus_sweep-D,treasury_cash_pool,1000_CASH,923354.58,0.0,US01,Treasury cash pool surplus_sweep,intercompany_treasury,,
2026-02,DE01,Corporate,POOL-2026-02-US01-DE01-surplus_sweep-D,treasury_cash_pool,2160_IC_TREASURY_PAYABLE,0.0,923354.58,US01,Treasury cash pool surplus_sweep,intercompany_treasury,,
2026-03,CN01,Corporate,POOL-2026-03-CN01-DE01-surplus_sweep-S,treasury_cash_pool,1160_IC_TREASURY_RECEIVABLE,7389146.26,0.0,DE01,Treasury cash pool surplus_sweep,intercompany_treasury,,
2026-03,CN01,Corporate,POOL-2026-03-CN01-DE01-surplus_sweep-S,treasury_cash_pool,1000_CASH,0.0,7389146.26,DE01,Treasury cash pool surplus_sweep,intercompany_treasury,,
2026-03,DE01,Corporate,POOL-2026-03-CN01-DE01-surplus_sweep-D,treasury_cash_pool,1000_CASH,7389146.26,0.0,CN01,Treasury cash pool surplus_sweep,intercompany_treasury,,
2026-03,DE01,Corporate,POOL-2026-03-CN01-DE01-surplus_sweep-D,treasury_cash_pool,2160_IC_TREASURY_PAYABLE,0.0,7389146.26,CN01,Treasury cash pool surplus_sweep,intercompany_treasury,,
2026-03,CZ01,Corporate,POOL-2026-03-CZ01-DE01-surplus_sweep-S,treasury_cash_pool,1160_IC_TREASURY_RECEIVABLE,7605259.71,0.0,DE01,Treasury cash pool surplus_sweep,intercompany_treasury,,
2026-03,CZ01,Corporate,POOL-2026-03-CZ01-DE01-surplus_sweep-S,treasury_cash_pool,1000_CASH,0.0,7605259.71,DE01,Treasury cash pool surplus_sweep,intercompany_treasury,,
2026-03,DE01,Corporate,POOL-2026-03-CZ01-DE01-surplus_sweep-D,treasury_cash_pool,1000_CASH,7605259.71,0.0,CZ01,Treasury cash pool surplus_sweep,intercompany_treasury,,
2026-03,DE01,Corporate,POOL-2026-03-CZ01-DE01-surplus_sweep-D,treasury_cash_pool,2160_IC_TREASURY_PAYABLE,0.0,7605259.71,CZ01,Treasury cash pool surplus_sweep,intercompany_treasury,,
2026-03,DE01,Corporate,POOL-2026-03-DE01-JP01-liquidity_funding-S,treasury_cash_pool,1160_IC_TREASURY_RECEIVABLE,36062.7,0.0,JP01,Treasury cash pool liquidity_funding,intercompany_treasury,,
2026-03,DE01,Corporate,POOL-2026-03-DE01-JP01-liquidity_funding-S,treasury_cash_pool,1000_CASH,0.0,36062.7,JP01,Treasury cash pool liquidity_funding,intercompany_treasury,,
2026-03,JP01,Corporate,POOL-2026-03-DE01-JP01-liquidity_funding-D,treasury_cash_pool,1000_CASH,36062.7,0.0,DE01,Treasury cash pool liquidity_funding,intercompany_treasury,,
2026-03,JP01,Corporate,POOL-2026-03-DE01-JP01-liquidity_funding-D,treasury_cash_pool,2160_IC_TREASURY_PAYABLE,0.0,36062.7,DE01,Treasury cash pool liquidity_funding,intercompany_treasury,,
2026-04,CN01,Corporate,POOL-2026-04-CN01-DE01-surplus_sweep-S,treasury_cash_pool,1160_IC_TREASURY_RECEIVABLE,551257.66,0.0,DE01,Treasury cash pool surplus_sweep,intercompany_treasury,,
2026-04,CN01,Corporate,POOL-2026-04-CN01-DE01-surplus_sweep-S,treasury_cash_pool,1000_CASH,0.0,551257.66,DE01,Treasury cash pool surplus_sweep,intercompany_treasury,,
2026-04,DE01,Corporate,POOL-2026-04-CN01-DE01-surplus_sweep-D,treasury_cash_pool,1000_CASH,551257.66,0.0,CN01,Treasury cash pool surplus_sweep,intercompany_treasury,,
2026-04,DE01,Corporate,POOL-2026-04-CN01-DE01-surplus_sweep-D,treasury_cash_pool,2160_IC_TREASURY_PAYABLE,0.0,551257.66,CN01,Treasury cash pool surplus_sweep,intercompany_treasury,,
2026-04,CZ01,Corporate,POOL-2026-04-CZ01-DE01-surplus_sweep-S,treasury_cash_pool,1160_IC_TREASURY_RECEIVABLE,1164810.37,0.0,DE01,Treasury cash pool surplus_sweep,intercompany_treasury,,
2026-04,CZ01,Corporate,POOL-2026-04-CZ01-DE01-surplus_sweep-S,treasury_cash_pool,1000_CASH,0.0,1164810.37,DE01,Treasury cash pool surplus_sweep,intercompany_treasury,,
2026-04,DE01,Corporate,POOL-2026-04-CZ01-DE01-surplus_sweep-D,treasury_cash_pool,1000_CASH,1164810.37,0.0,CZ01,Treasury cash pool surplus_sweep,intercompany_treasury,,
2026-04,DE01,Corporate,POOL-2026-04-CZ01-DE01-surplus_sweep-D,treasury_cash_pool,2160_IC_TREASURY_PAYABLE,0.0,1164810.37,CZ01,Treasury cash pool surplus_sweep,intercompany_treasury,,
2026-04,ES01,Corporate,POOL-2026-04-ES01-DE01-surplus_sweep-S,treasury_cash_pool,1160_IC_TREASURY_RECEIVABLE,550302.54,0.0,DE01,Treasury cash pool surplus_sweep,intercompany_treasury,,
2026-04,ES01,Corporate,POOL-2026-04-ES01-DE01-surplus_sweep-S,treasury_cash_pool,1000_CASH,0.0,550302.54,DE01,Treasury cash pool surplus_sweep,intercompany_treasury,,
2026-04,DE01,Corporate,POOL-2026-04-ES01-DE01-surplus_sweep-D,treasury_cash_pool,1000_CASH,550302.54,0.0,ES01,Treasury cash pool surplus_sweep,intercompany_treasury,,
2026-04,DE01,Corporate,POOL-2026-04-ES01-DE01-surplus_sweep-D,treasury_cash_pool,2160_IC_TREASURY_PAYABLE,0.0,550302.54,ES01,Treasury cash pool surplus_sweep,intercompany_treasury,,
2026-04,DE01,Corporate,POOL-2026-04-DE01-US01-liquidity_funding-S,treasury_cash_pool,1160_IC_TREASURY_RECEIVABLE,42784.73,0.0,US01,Treasury cash pool liquidity_funding,intercompany_treasury,,
2026-04,DE01,Corporate,POOL-2026-04-DE01-US01-liquidity_funding-S,treasury_cash_pool,1000_CASH,0.0,42784.73,US01,Treasury cash pool liquidity_funding,intercompany_treasury,,
2026-04,US01,Corporate,POOL-2026-04-DE01-US01-liquidity_funding-D,treasury_cash_pool,1000_CASH,42784.73,0.0,DE01,Treasury cash pool liquidity_funding,intercompany_treasury,,
2026-04,US01,Corporate,POOL-2026-04-DE01-US01-liquidity_funding-D,treasury_cash_pool,2160_IC_TREASURY_PAYABLE,0.0,42784.73,DE01,Treasury cash pool liquidity_funding,intercompany_treasury,,
2026-05,DE01,Corporate,POOL-2026-05-DE01-CN01-liquidity_funding-S,treasury_cash_pool,1160_IC_TREASURY_RECEIVABLE,1473637.13,0.0,CN01,Treasury cash pool liquidity_funding,intercompany_treasury,,
2026-05,DE01,Corporate,POOL-2026-05-DE01-CN01-liquidity_funding-S,treasury_cash_pool,1000_CASH,0.0,1473637.13,CN01,Treasury cash pool liquidity_funding,intercompany_treasury,,
2026-05,CN01,Corporate,POOL-2026-05-DE01-CN01-liquidity_funding-D,treasury_cash_pool,1000_CASH,1473637.13,0.0,DE01,Treasury cash pool liquidity_funding,intercompany_treasury,,
2026-05,CN01,Corporate,POOL-2026-05-DE01-CN01-liquidity_funding-D,treasury_cash_pool,2160_IC_TREASURY_PAYABLE,0.0,1473637.13,DE01,Treasury cash pool liquidity_funding,intercompany_treasury,,
2026-05,DE01,Corporate,POOL-2026-05-DE01-CZ01-liquidity_funding-S,treasury_cash_pool,1160_IC_TREASURY_RECEIVABLE,334092.83,0.0,CZ01,Treasury cash pool liquidity_funding,intercompany_treasury,,
2026-05,DE01,Corporate,POOL-2026-05-DE01-CZ01-liquidity_funding-S,treasury_cash_pool,1000_CASH,0.0,334092.83,CZ01,Treasury cash pool liquidity_funding,intercompany_treasury,,
2026-05,CZ01,Corporate,POOL-2026-05-DE01-CZ01-liquidity_funding-D,treasury_cash_pool,1000_CASH,334092.83,0.0,DE01,Treasury cash pool liquidity_funding,intercompany_treasury,,
2026-05,CZ01,Corporate,POOL-2026-05-DE01-CZ01-liquidity_funding-D,treasury_cash_pool,2160_IC_TREASURY_PAYABLE,0.0,334092.83,DE01,Treasury cash pool liquidity_funding,intercompany_treasury,,
2026-05,ES01,Corporate,POOL-2026-05-ES01-DE01-surplus_sweep-S,treasury_cash_pool,1160_IC_TREASURY_RECEIVABLE,621956.75,0.0,DE01,Treasury cash pool surplus_sweep,intercompany_treasury,,
2026-05,ES01,Corporate,POOL-2026-05-ES01-DE01-surplus_sweep-S,treasury_cash_pool,1000_CASH,0.0,621956.75,DE01,Treasury cash pool surplus_sweep,intercompany_treasury,,
2026-05,DE01,Corporate,POOL-2026-05-ES01-DE01-surplus_sweep-D,treasury_cash_pool,1000_CASH,621956.75,0.0,ES01,Treasury cash pool surplus_sweep,intercompany_treasury,,
2026-05,DE01,Corporate,POOL-2026-05-ES01-DE01-surplus_sweep-D,treasury_cash_pool,2160_IC_TREASURY_PAYABLE,0.0,621956.75,ES01,Treasury cash pool surplus_sweep,intercompany_treasury,,
2026-05,JP01,Corporate,POOL-2026-05-JP01-DE01-surplus_sweep-S,treasury_cash_pool,1160_IC_TREASURY_RECEIVABLE,556450.32,0.0,DE01,Treasury cash pool surplus_sweep,intercompany_treasury,,
2026-05,JP01,Corporate,POOL-2026-05-JP01-DE01-surplus_sweep-S,treasury_cash_pool,1000_CASH,0.0,556450.32,DE01,Treasury cash pool surplus_sweep,intercompany_treasury,,
2026-05,DE01,Corporate,POOL-2026-05-JP01-DE01-surplus_sweep-D,treasury_cash_pool,1000_CASH,556450.32,0.0,JP01,Treasury cash pool surplus_sweep,intercompany_treasury,,
2026-05,DE01,Corporate,POOL-2026-05-JP01-DE01-surplus_sweep-D,treasury_cash_pool,2160_IC_TREASURY_PAYABLE,0.0,556450.32,JP01,Treasury cash pool surplus_sweep,intercompany_treasury,,
2026-05,US01,Corporate,POOL-2026-05-US01-DE01-surplus_sweep-S,treasury_cash_pool,1160_IC_TREASURY_RECEIVABLE,703170.51,0.0,DE01,Treasury cash pool surplus_sweep,intercompany_treasury,,
2026-05,US01,Corporate,POOL-2026-05-US01-DE01-surplus_sweep-S,treasury_cash_pool,1000_CASH,0.0,703170.51,DE01,Treasury cash pool surplus_sweep,intercompany_treasury,,
2026-05,DE01,Corporate,POOL-2026-05-US01-DE01-surplus_sweep-D,treasury_cash_pool,1000_CASH,703170.51,0.0,US01,Treasury cash pool surplus_sweep,intercompany_treasury,,
2026-05,DE01,Corporate,POOL-2026-05-US01-DE01-surplus_sweep-D,treasury_cash_pool,2160_IC_TREASURY_PAYABLE,0.0,703170.51,US01,Treasury cash pool surplus_sweep,intercompany_treasury,,
2026-06,DE01,Corporate,POOL-2026-06-DE01-CN01-liquidity_funding-S,treasury_cash_pool,1160_IC_TREASURY_RECEIVABLE,2064549.41,0.0,CN01,Treasury cash pool liquidity_funding,intercompany_treasury,,
2026-06,DE01,Corporate,POOL-2026-06-DE01-CN01-liquidity_funding-S,treasury_cash_pool,1000_CASH,0.0,2064549.41,CN01,Treasury cash pool liquidity_funding,intercompany_treasury,,
2026-06,CN01,Corporate,POOL-2026-06-DE01-CN01-liquidity_funding-D,treasury_cash_pool,1000_CASH,2064549.41,0.0,DE01,Treasury cash pool liquidity_funding,intercompany_treasury,,
2026-06,CN01,Corporate,POOL-2026-06-DE01-CN01-liquidity_funding-D,treasury_cash_pool,2160_IC_TREASURY_PAYABLE,0.0,2064549.41,DE01,Treasury cash pool liquidity_funding,intercompany_treasury,,
2026-06,DE01,Corporate,POOL-2026-06-DE01-CZ01-liquidity_funding-S,treasury_cash_pool,1160_IC_TREASURY_RECEIVABLE,738096.1,0.0,CZ01,Treasury cash pool liquidity_funding,intercompany_treasury,,
2026-06,DE01,Corporate,POOL-2026-06-DE01-CZ01-liquidity_funding-S,treasury_cash_pool,1000_CASH,0.0,738096.1,CZ01,Treasury cash pool liquidity_funding,intercompany_treasury,,
2026-06,CZ01,Corporate,POOL-2026-06-DE01-CZ01-liquidity_funding-D,treasury_cash_pool,1000_CASH,738096.1,0.0,DE01,Treasury cash pool liquidity_funding,intercompany_treasury,,
2026-06,CZ01,Corporate,POOL-2026-06-DE01-CZ01-liquidity_funding-D,treasury_cash_pool,2160_IC_TREASURY_PAYABLE,0.0,738096.1,DE01,Treasury cash pool liquidity_funding,intercompany_treasury,,
2026-06,ES01,Corporate,POOL-2026-06-ES01-DE01-surplus_sweep-S,treasury_cash_pool,1160_IC_TREASURY_RECEIVABLE,784168.52,0.0,DE01,Treasury cash pool surplus_sweep,intercompany_treasury,,
2026-06,ES01,Corporate,POOL-2026-06-ES01-DE01-surplus_sweep-S,treasury_cash_pool,1000_CASH,0.0,784168.52,DE01,Treasury cash pool surplus_sweep,intercompany_treasury,,
2026-06,DE01,Corporate,POOL-2026-06-ES01-DE01-surplus_sweep-D,treasury_cash_pool,1000_CASH,784168.52,0.0,ES01,Treasury cash pool surplus_sweep,intercompany_treasury,,
2026-06,DE01,Corporate,POOL-2026-06-ES01-DE01-surplus_sweep-D,treasury_cash_pool,2160_IC_TREASURY_PAYABLE,0.0,784168.52,ES01,Treasury cash pool surplus_sweep,intercompany_treasury,,
2026-06,JP01,Corporate,POOL-2026-06-JP01-DE01-surplus_sweep-S,treasury_cash_pool,1160_IC_TREASURY_RECEIVABLE,604115.68,0.0,DE01,Treasury cash pool surplus_sweep,intercompany_treasury,,
2026-06,JP01,Corporate,POOL-2026-06-JP01-DE01-surplus_sweep-S,treasury_cash_pool,1000_CASH,0.0,604115.68,DE01,Treasury cash pool surplus_sweep,intercompany_treasury,,
2026-06,DE01,Corporate,POOL-2026-06-JP01-DE01-surplus_sweep-D,treasury_cash_pool,1000_CASH,604115.68,0.0,JP01,Treasury cash pool surplus_sweep,intercompany_treasury,,
2026-06,DE01,Corporate,POOL-2026-06-JP01-DE01-surplus_sweep-D,treasury_cash_pool,2160_IC_TREASURY_PAYABLE,0.0,604115.68,JP01,Treasury cash pool surplus_sweep,intercompany_treasury,,
2026-06,US01,Corporate,POOL-2026-06-US01-DE01-surplus_sweep-S,treasury_cash_pool,1160_IC_TREASURY_RECEIVABLE,433837.22,0.0,DE01,Treasury cash pool surplus_sweep,intercompany_treasury,,
2026-06,US01,Corporate,POOL-2026-06-US01-DE01-surplus_sweep-S,treasury_cash_pool,1000_CASH,0.0,433837.22,DE01,Treasury cash pool surplus_sweep,intercompany_treasury,,
2026-06,DE01,Corporate,POOL-2026-06-US01-DE01-surplus_sweep-D,treasury_cash_pool,1000_CASH,433837.22,0.0,US01,Treasury cash pool surplus_sweep,intercompany_treasury,,
2026-06,DE01,Corporate,POOL-2026-06-US01-DE01-surplus_sweep-D,treasury_cash_pool,2160_IC_TREASURY_PAYABLE,0.0,433837.22,US01,Treasury cash pool surplus_sweep,intercompany_treasury,,
2026-07,DE01,Corporate,POOL-2026-07-DE01-CN01-liquidity_funding-S,treasury_cash_pool,1160_IC_TREASURY_RECEIVABLE,3323569.58,0.0,CN01,Treasury cash pool liquidity_funding,intercompany_treasury,,
2026-07,DE01,Corporate,POOL-2026-07-DE01-CN01-liquidity_funding-S,treasury_cash_pool,1000_CASH,0.0,3323569.58,CN01,Treasury cash pool liquidity_funding,intercompany_treasury,,
2026-07,CN01,Corporate,POOL-2026-07-DE01-CN01-liquidity_funding-D,treasury_cash_pool,1000_CASH,3323569.58,0.0,DE01,Treasury cash pool liquidity_funding,intercompany_treasury,,
2026-07,CN01,Corporate,POOL-2026-07-DE01-CN01-liquidity_funding-D,treasury_cash_pool,2160_IC_TREASURY_PAYABLE,0.0,3323569.58,DE01,Treasury cash pool liquidity_funding,intercompany_treasury,,
2026-07,DE01,Corporate,POOL-2026-07-DE01-CZ01-liquidity_funding-S,treasury_cash_pool,1160_IC_TREASURY_RECEIVABLE,2208603.75,0.0,CZ01,Treasury cash pool liquidity_funding,intercompany_treasury,,
2026-07,DE01,Corporate,POOL-2026-07-DE01-CZ01-liquidity_funding-S,treasury_cash_pool,1000_CASH,0.0,2208603.75,CZ01,Treasury cash pool liquidity_funding,intercompany_treasury,,
2026-07,CZ01,Corporate,POOL-2026-07-DE01-CZ01-liquidity_funding-D,treasury_cash_pool,1000_CASH,2208603.75,0.0,DE01,Treasury cash pool liquidity_funding,intercompany_treasury,,
2026-07,CZ01,Corporate,POOL-2026-07-DE01-CZ01-liquidity_funding-D,treasury_cash_pool,2160_IC_TREASURY_PAYABLE,0.0,2208603.75,DE01,Treasury cash pool liquidity_funding,intercompany_treasury,,
2026-07,ES01,Corporate,POOL-2026-07-ES01-DE01-surplus_sweep-S,treasury_cash_pool,1160_IC_TREASURY_RECEIVABLE,2448706.19,0.0,DE01,Treasury cash pool surplus_sweep,intercompany_treasury,,
2026-07,ES01,Corporate,POOL-2026-07-ES01-DE01-surplus_sweep-S,treasury_cash_pool,1000_CASH,0.0,2448706.19,DE01,Treasury cash pool surplus_sweep,intercompany_treasury,,
2026-07,DE01,Corporate,POOL-2026-07-ES01-DE01-surplus_sweep-D,treasury_cash_pool,1000_CASH,2448706.19,0.0,ES01,Treasury cash pool surplus_sweep,intercompany_treasury,,
2026-07,DE01,Corporate,POOL-2026-07-ES01-DE01-surplus_sweep-D,treasury_cash_pool,2160_IC_TREASURY_PAYABLE,0.0,2448706.19,ES01,Treasury cash pool surplus_sweep,intercompany_treasury,,
2026-07,JP01,Corporate,POOL-2026-07-JP01-DE01-surplus_sweep-S,treasury_cash_pool,1160_IC_TREASURY_RECEIVABLE,3156613.32,0.0,DE01,Treasury cash pool surplus_sweep,intercompany_treasury,,
2026-07,JP01,Corporate,POOL-2026-07-JP01-DE01-surplus_sweep-S,treasury_cash_pool,1000_CASH,0.0,3156613.32,DE01,Treasury cash pool surplus_sweep,intercompany_treasury,,
2026-07,DE01,Corporate,POOL-2026-07-JP01-DE01-surplus_sweep-D,treasury_cash_pool,1000_CASH,3156613.32,0.0,JP01,Treasury cash pool surplus_sweep,intercompany_treasury,,
2026-07,DE01,Corporate,POOL-2026-07-JP01-DE01-surplus_sweep-D,treasury_cash_pool,2160_IC_TREASURY_PAYABLE,0.0,3156613.32,JP01,Treasury cash pool surplus_sweep,intercompany_treasury,,
2026-07,US01,Corporate,POOL-2026-07-US01-DE01-surplus_sweep-S,treasury_cash_pool,1160_IC_TREASURY_RECEIVABLE,2515044.94,0.0,DE01,Treasury cash pool surplus_sweep,intercompany_treasury,,
2026-07,US01,Corporate,POOL-2026-07-US01-DE01-surplus_sweep-S,treasury_cash_pool,1000_CASH,0.0,2515044.94,DE01,Treasury cash pool surplus_sweep,intercompany_treasury,,
2026-07,DE01,Corporate,POOL-2026-07-US01-DE01-surplus_sweep-D,treasury_cash_pool,1000_CASH,2515044.94,0.0,US01,Treasury cash pool surplus_sweep,intercompany_treasury,,
2026-07,DE01,Corporate,POOL-2026-07-US01-DE01-surplus_sweep-D,treasury_cash_pool,2160_IC_TREASURY_PAYABLE,0.0,2515044.94,US01,Treasury cash pool surplus_sweep,intercompany_treasury,,
2026-08,CN01,Corporate,POOL-2026-08-CN01-DE01-surplus_sweep-S,treasury_cash_pool,1160_IC_TREASURY_RECEIVABLE,20198.74,0.0,DE01,Treasury cash pool surplus_sweep,intercompany_treasury,,
2026-08,CN01,Corporate,POOL-2026-08-CN01-DE01-surplus_sweep-S,treasury_cash_pool,1000_CASH,0.0,20198.74,DE01,Treasury cash pool surplus_sweep,intercompany_treasury,,
2026-08,DE01,Corporate,POOL-2026-08-CN01-DE01-surplus_sweep-D,treasury_cash_pool,1000_CASH,20198.74,0.0,CN01,Treasury cash pool surplus_sweep,intercompany_treasury,,
2026-08,DE01,Corporate,POOL-2026-08-CN01-DE01-surplus_sweep-D,treasury_cash_pool,2160_IC_TREASURY_PAYABLE,0.0,20198.74,CN01,Treasury cash pool surplus_sweep,intercompany_treasury,,
2026-08,CZ01,Corporate,POOL-2026-08-CZ01-DE01-surplus_sweep-S,treasury_cash_pool,1160_IC_TREASURY_RECEIVABLE,682572.86,0.0,DE01,Treasury cash pool surplus_sweep,intercompany_treasury,,
2026-08,CZ01,Corporate,POOL-2026-08-CZ01-DE01-surplus_sweep-S,treasury_cash_pool,1000_CASH,0.0,682572.86,DE01,Treasury cash pool surplus_sweep,intercompany_treasury,,
2026-08,DE01,Corporate,POOL-2026-08-CZ01-DE01-surplus_sweep-D,treasury_cash_pool,1000_CASH,682572.86,0.0,CZ01,Treasury cash pool surplus_sweep,intercompany_treasury,,
2026-08,DE01,Corporate,POOL-2026-08-CZ01-DE01-surplus_sweep-D,treasury_cash_pool,2160_IC_TREASURY_PAYABLE,0.0,682572.86,CZ01,Treasury cash pool surplus_sweep,intercompany_treasury,,
2026-08,ES01,Corporate,POOL-2026-08-ES01-DE01-surplus_sweep-S,treasury_cash_pool,1160_IC_TREASURY_RECEIVABLE,2187031.46,0.0,DE01,Treasury cash pool surplus_sweep,intercompany_treasury,,
2026-08,ES01,Corporate,POOL-2026-08-ES01-DE01-surplus_sweep-S,treasury_cash_pool,1000_CASH,0.0,2187031.46,DE01,Treasury cash pool surplus_sweep,intercompany_treasury,,
2026-08,DE01,Corporate,POOL-2026-08-ES01-DE01-surplus_sweep-D,treasury_cash_pool,1000_CASH,2187031.46,0.0,ES01,Treasury cash pool surplus_sweep,intercompany_treasury,,
2026-08,DE01,Corporate,POOL-2026-08-ES01-DE01-surplus_sweep-D,treasury_cash_pool,2160_IC_TREASURY_PAYABLE,0.0,2187031.46,ES01,Treasury cash pool surplus_sweep,intercompany_treasury,,
2026-08,JP01,Corporate,POOL-2026-08-JP01-DE01-surplus_sweep-S,treasury_cash_pool,1160_IC_TREASURY_RECEIVABLE,3121702.12,0.0,DE01,Treasury cash pool surplus_sweep,intercompany_treasury,,
2026-08,JP01,Corporate,POOL-2026-08-JP01-DE01-surplus_sweep-S,treasury_cash_pool,1000_CASH,0.0,3121702.12,DE01,Treasury cash pool surplus_sweep,intercompany_treasury,,
2026-08,DE01,Corporate,POOL-2026-08-JP01-DE01-surplus_sweep-D,treasury_cash_pool,1000_CASH,3121702.12,0.0,JP01,Treasury cash pool surplus_sweep,intercompany_treasury,,
2026-08,DE01,Corporate,POOL-2026-08-JP01-DE01-surplus_sweep-D,treasury_cash_pool,2160_IC_TREASURY_PAYABLE,0.0,3121702.12,JP01,Treasury cash pool surplus_sweep,intercompany_treasury,,
2026-08,US01,Corporate,POOL-2026-08-US01-DE01-surplus_sweep-S,treasury_cash_pool,1160_IC_TREASURY_RECEIVABLE,2425519.35,0.0,DE01,Treasury cash pool surplus_sweep,intercompany_treasury,,
2026-08,US01,Corporate,POOL-2026-08-US01-DE01-surplus_sweep-S,treasury_cash_pool,1000_CASH,0.0,2425519.35,DE01,Treasury cash pool surplus_sweep,intercompany_treasury,,
2026-08,DE01,Corporate,POOL-2026-08-US01-DE01-surplus_sweep-D,treasury_cash_pool,1000_CASH,2425519.35,0.0,US01,Treasury cash pool surplus_sweep,intercompany_treasury,,
2026-08,DE01,Corporate,POOL-2026-08-US01-DE01-surplus_sweep-D,treasury_cash_pool,2160_IC_TREASURY_PAYABLE,0.0,2425519.35,US01,Treasury cash pool surplus_sweep,intercompany_treasury,,
2026-09,CN01,Corporate,POOL-2026-09-CN01-DE01-surplus_sweep-S,treasury_cash_pool,1160_IC_TREASURY_RECEIVABLE,10099156.66,0.0,DE01,Treasury cash pool surplus_sweep,intercompany_treasury,,
2026-09,CN01,Corporate,POOL-2026-09-CN01-DE01-surplus_sweep-S,treasury_cash_pool,1000_CASH,0.0,10099156.66,DE01,Treasury cash pool surplus_sweep,intercompany_treasury,,
2026-09,DE01,Corporate,POOL-2026-09-CN01-DE01-surplus_sweep-D,treasury_cash_pool,1000_CASH,10099156.66,0.0,CN01,Treasury cash pool surplus_sweep,intercompany_treasury,,
2026-09,DE01,Corporate,POOL-2026-09-CN01-DE01-surplus_sweep-D,treasury_cash_pool,2160_IC_TREASURY_PAYABLE,0.0,10099156.66,CN01,Treasury cash pool surplus_sweep,intercompany_treasury,,
2026-09,CZ01,Corporate,POOL-2026-09-CZ01-DE01-surplus_sweep-S,treasury_cash_pool,1160_IC_TREASURY_RECEIVABLE,10130205.79,0.0,DE01,Treasury cash pool surplus_sweep,intercompany_treasury,,
2026-09,CZ01,Corporate,POOL-2026-09-CZ01-DE01-surplus_sweep-S,treasury_cash_pool,1000_CASH,0.0,10130205.79,DE01,Treasury cash pool surplus_sweep,intercompany_treasury,,
2026-09,DE01,Corporate,POOL-2026-09-CZ01-DE01-surplus_sweep-D,treasury_cash_pool,1000_CASH,10130205.79,0.0,CZ01,Treasury cash pool surplus_sweep,intercompany_treasury,,
2026-09,DE01,Corporate,POOL-2026-09-CZ01-DE01-surplus_sweep-D,treasury_cash_pool,2160_IC_TREASURY_PAYABLE,0.0,10130205.79,CZ01,Treasury cash pool surplus_sweep,intercompany_treasury,,
2026-09,DE01,Corporate,POOL-2026-09-DE01-ES01-liquidity_funding-S,treasury_cash_pool,1160_IC_TREASURY_RECEIVABLE,1263931.47,0.0,ES01,Treasury cash pool liquidity_funding,intercompany_treasury,,
2026-09,DE01,Corporate,POOL-2026-09-DE01-ES01-liquidity_funding-S,treasury_cash_pool,1000_CASH,0.0,1263931.47,ES01,Treasury cash pool liquidity_funding,intercompany_treasury,,
2026-09,ES01,Corporate,POOL-2026-09-DE01-ES01-liquidity_funding-D,treasury_cash_pool,1000_CASH,1263931.47,0.0,DE01,Treasury cash pool liquidity_funding,intercompany_treasury,,
2026-09,ES01,Corporate,POOL-2026-09-DE01-ES01-liquidity_funding-D,treasury_cash_pool,2160_IC_TREASURY_PAYABLE,0.0,1263931.47,DE01,Treasury cash pool liquidity_funding,intercompany_treasury,,
2026-09,DE01,Corporate,POOL-2026-09-DE01-JP01-liquidity_funding-S,treasury_cash_pool,1160_IC_TREASURY_RECEIVABLE,2740020.23,0.0,JP01,Treasury cash pool liquidity_funding,intercompany_treasury,,
2026-09,DE01,Corporate,POOL-2026-09-DE01-JP01-liquidity_funding-S,treasury_cash_pool,1000_CASH,0.0,2740020.23,JP01,Treasury cash pool liquidity_funding,intercompany_treasury,,
2026-09,JP01,Corporate,POOL-2026-09-DE01-JP01-liquidity_funding-D,treasury_cash_pool,1000_CASH,2740020.23,0.0,DE01,Treasury cash pool liquidity_funding,intercompany_treasury,,
2026-09,JP01,Corporate,POOL-2026-09-DE01-JP01-liquidity_funding-D,treasury_cash_pool,2160_IC_TREASURY_PAYABLE,0.0,2740020.23,DE01,Treasury cash pool liquidity_funding,intercompany_treasury,,
2026-09,DE01,Corporate,POOL-2026-09-DE01-US01-liquidity_funding-S,treasury_cash_pool,1160_IC_TREASURY_RECEIVABLE,1450645.47,0.0,US01,Treasury cash pool liquidity_funding,intercompany_treasury,,
2026-09,DE01,Corporate,POOL-2026-09-DE01-US01-liquidity_funding-S,treasury_cash_pool,1000_CASH,0.0,1450645.47,US01,Treasury cash pool liquidity_funding,intercompany_treasury,,
2026-09,US01,Corporate,POOL-2026-09-DE01-US01-liquidity_funding-D,treasury_cash_pool,1000_CASH,1450645.47,0.0,DE01,Treasury cash pool liquidity_funding,intercompany_treasury,,
2026-09,US01,Corporate,POOL-2026-09-DE01-US01-liquidity_funding-D,treasury_cash_pool,2160_IC_TREASURY_PAYABLE,0.0,1450645.47,DE01,Treasury cash pool liquidity_funding,intercompany_treasury,,
