month,entity,division,journal_id,account,debit,credit,counterparty,description
2023-08,DE01,Software,REV-000000,1100_AR,1604026.83,0.0,EXTERNAL,External sale
2023-08,DE01,Software,REV-000000,4000_REVENUE,0.0,1604026.83,EXTERNAL,External sale
2023-08,DE01,Software,COGS-000000,5000_VARIABLE_COGS,460664.79,0.0,EXTERNAL,Variable cost of sales
2023-08,DE01,Software,COGS-000000,2100_AP,0.0,460664.79,EXTERNAL,Variable cost of sales
2023-08,DE01,Software,OPEX-000000,6000_OPEX,368926.17,0.0,EXTERNAL,Operating expenses
2023-08,DE01,Software,OPEX-000000,2100_AP,0.0,368926.17,EXTERNAL,Operating expenses
2023-08,DE01,Software,CAPEX-000000,1500_PPE,16040.27,0.0,EXTERNAL,Capital expenditure
2023-08,DE01,Software,CAPEX-000000,1000_CASH,0.0,16040.27,EXTERNAL,Capital expenditure
2023-08,DE01,Software,DEP-000000,6100_DEPRECIATION,190.96,0.0,EXTERNAL,Depreciation
2023-08,DE01,Software,DEP-000000,1590_ACCUM_DEP,0.0,190.96,EXTERNAL,Depreciation
2023-08,DE01,Software,COLL-000000,1000_CASH,1315302.0,0.0,EXTERNAL,Customer collections
2023-08,DE01,Software,COLL-000000,1100_AR,0.0,1315302.0,EXTERNAL,Customer collections
2023-08,DE01,Software,PAY-000000,2100_AP,647080.95,0.0,EXTERNAL,Supplier payments
2023-08,DE01,Software,PAY-000000,1000_CASH,0.0,647080.95,EXTERNAL,Supplier payments
2023-08,US01,Software,REV-000001,1100_AR,1543967.34,0.0,EXTERNAL,External sale
2023-08,US01,Software,REV-000001,4000_REVENUE,0.0,1543967.34,EXTERNAL,External sale
2023-08,US01,Software,COGS-000001,5000_VARIABLE_COGS,462464.37,0.0,EXTERNAL,Variable cost of sales
2023-08,US01,Software,COGS-000001,2100_AP,0.0,462464.37,EXTERNAL,Variable cost of sales
2023-08,US01,Software,OPEX-000001,6000_OPEX,355112.49,0.0,EXTERNAL,Operating expenses
2023-08,US01,Software,OPEX-000001,2100_AP,0.0,355112.49,EXTERNAL,Operating expenses
2023-08,US01,Software,CAPEX-000001,1500_PPE,15439.67,0.0,EXTERNAL,Capital expenditure
2023-08,US01,Software,CAPEX-000001,1000_CASH,0.0,15439.67,EXTERNAL,Capital expenditure
2023-08,US01,Software,DEP-000001,6100_DEPRECIATION,183.81,0.0,EXTERNAL,Depreciation
2023-08,US01,Software,DEP-000001,1590_ACCUM_DEP,0.0,183.81,EXTERNAL,Depreciation
2023-08,US01,Software,COLL-000001,1000_CASH,1266053.22,0.0,EXTERNAL,Customer collections
2023-08,US01,Software,COLL-000001,1100_AR,0.0,1266053.22,EXTERNAL,Customer collections
2023-08,US01,Software,PAY-000001,2100_AP,637709.95,0.0,EXTERNAL,Supplier payments
2023-08,US01,Software,PAY-000001,1000_CASH,0.0,637709.95,EXTERNAL,Supplier payments
2023-08,JP01,Software,REV-000002,1100_AR,1573401.39,0.0,EXTERNAL,External sale
2023-08,JP01,Software,REV-000002,4000_REVENUE,0.0,1573401.39,EXTERNAL,External sale
2023-08,JP01,Software,COGS-000002,5000_VARIABLE_COGS,432850.5,0.0,EXTERNAL,Variable cost of sales
2023-08,JP01,Software,COGS-000002,2100_AP,0.0,432850.5,EXTERNAL,Variable cost of sales
2023-08,JP01,Software,OPEX-000002,6000_OPEX,361882.32,0.0,EXTERNAL,Operating expenses
2023-08,JP01,Software,OPEX-000002,2100_AP,0.0,361882.32,EXTERNAL,Operating expenses
2023-08,JP01,Software,CAPEX-000002,1500_PPE,15734.01,0.0,EXTERNAL,Capital expenditure
2023-08,JP01,Software,CAPEX-000002,1000_CASH,0.0,15734.01,EXTERNAL,Capital expenditure
2023-08,JP01,Software,DEP-000002,6100_DEPRECIATION,187.31,0.0,EXTERNAL,Depreciation
2023-08,JP01,Software,DEP-000002,1590_ACCUM_DEP,0.0,187.31,EXTERNAL,Depreciation
2023-08,JP01,Software,COLL-000002,1000_CASH,1290189.14,0.0,EXTERNAL,Customer collections
2023-08,JP01,Software,COLL-000002,1100_AR,0.0,1290189.14,EXTERNAL,Customer collections
2023-08,JP01,Software,PAY-000002,2100_AP,619891.6,0.0,EXTERNAL,Supplier payments
2023-08,JP01,Software,PAY-000002,1000_CASH,0.0,619891.6,EXTERNAL,Supplier payments
2023-08,DE01,Hardware,REV-000003,1100_AR,1827837.91,0.0,EXTERNAL,External sale
2023-08,DE01,Hardware,REV-000003,4000_REVENUE,0.0,1827837.91,EXTERNAL,External sale
2023-08,DE01,Hardware,COGS-000003,5000_VARIABLE_COGS,1131766.1,0.0,EXTERNAL,Variable cost of sales
2023-08,DE01,Hardware,COGS-000003,2100_AP,0.0,1131766.1,EXTERNAL,Variable cost of sales
2023-08,DE01,Hardware,COGS-000003,5100_FIXED_PRODUCTION,116475.89,0.0,EXTERNAL,Fixed production cost
2023-08,DE01,Hardware,COGS-000003,2100_AP,0.0,116475.89,EXTERNAL,Fixed production cost
2023-08,DE01,Hardware,OPEX-000003,6000_OPEX,201062.17,0.0,EXTERNAL,Operating expenses
2023-08,DE01,Hardware,OPEX-000003,2100_AP,0.0,201062.17,EXTERNAL,Operating expenses
2023-08,DE01,Hardware,CAPEX-000003,1500_PPE,63974.33,0.0,EXTERNAL,Capital expenditure
2023-08,DE01,Hardware,CAPEX-000003,1000_CASH,0.0,63974.33,EXTERNAL,Capital expenditure
2023-08,DE01,Hardware,DEP-000003,6100_DEPRECIATION,761.6,0.0,EXTERNAL,Depreciation
2023-08,DE01,Hardware,DEP-000003,1590_ACCUM_DEP,0.0,761.6,EXTERNAL,Depreciation
2023-08,DE01,Hardware,COLL-000003,1000_CASH,1498827.09,0.0,EXTERNAL,Customer collections
2023-08,DE01,Hardware,COLL-000003,1100_AR,0.0,1498827.09,EXTERNAL,Customer collections
2023-08,DE01,Hardware,PAY-000003,2100_AP,1130457.25,0.0,EXTERNAL,Supplier payments
2023-08,DE01,Hardware,PAY-000003,1000_CASH,0.0,1130457.25,EXTERNAL,Supplier payments
2023-08,ES01,Hardware,REV-000004,1100_AR,1828802.68,0.0,EXTERNAL,External sale
2023-08,ES01,Hardware,REV-000004,4000_REVENUE,0.0,1828802.68,EXTERNAL,External sale
2023-08,ES01,Hardware,COGS-000004,5000_VARIABLE_COGS,1146806.24,0.0,EXTERNAL,Variable cost of sales
2023-08,ES01,Hardware,COGS-000004,2100_AP,0.0,1146806.24,EXTERNAL,Variable cost of sales
2023-08,ES01,Hardware,COGS-000004,5100_FIXED_PRODUCTION,152484.05,0.0,EXTERNAL,Fixed production cost
2023-08,ES01,Hardware,COGS-000004,2100_AP,0.0,152484.05,EXTERNAL,Fixed production cost
2023-08,ES01,Hardware,OPEX-000004,6000_OPEX,201168.29,0.0,EXTERNAL,Operating expenses
2023-08,ES01,Hardware,OPEX-000004,2100_AP,0.0,201168.29,EXTERNAL,Operating expenses
2023-08,ES01,Hardware,CAPEX-000004,1500_PPE,64008.09,0.0,EXTERNAL,Capital expenditure
2023-08,ES01,Hardware,CAPEX-000004,1000_CASH,0.0,64008.09,EXTERNAL,Capital expenditure
2023-08,ES01,Hardware,DEP-000004,6100_DEPRECIATION,762.0,0.0,EXTERNAL,Depreciation
2023-08,ES01,Hardware,DEP-000004,1590_ACCUM_DEP,0.0,762.0,EXTERNAL,Depreciation
2023-08,ES01,Hardware,COLL-000004,1000_CASH,1499618.2,0.0,EXTERNAL,Customer collections
2023-08,ES01,Hardware,COLL-000004,1100_AR,0.0,1499618.2,EXTERNAL,Customer collections
2023-08,ES01,Hardware,PAY-000004,2100_AP,1170357.7,0.0,EXTERNAL,Supplier payments
2023-08,ES01,Hardware,PAY-000004,1000_CASH,0.0,1170357.7,EXTERNAL,Supplier payments
2023-08,US01,Hardware,REV-000005,1100_AR,1799559.17,0.0,EXTERNAL,External sale
2023-08,US01,Hardware,REV-000005,4000_REVENUE,0.0,1799559.17,EXTERNAL,External sale
2023-08,US01,Hardware,COGS-000005,5000_VARIABLE_COGS,1136833.29,0.0,EXTERNAL,Variable cost of sales
2023-08,US01,Hardware,COGS-000005,2100_AP,0.0,1136833.29,EXTERNAL,Variable cost of sales
2023-08,US01,Hardware,COGS-000005,5100_FIXED_PRODUCTION,87714.19,0.0,EXTERNAL,Fixed production cost
2023-08,US01,Hardware,COGS-000005,2100_AP,0.0,87714.19,EXTERNAL,Fixed production cost
2023-08,US01,Hardware,OPEX-000005,6000_OPEX,197951.51,0.0,EXTERNAL,Operating expenses
2023-08,US01,Hardware,OPEX-000005,2100_AP,0.0,197951.51,EXTERNAL,Operating expenses
2023-08,US01,Hardware,CAPEX-000005,1500_PPE,62984.57,0.0,EXTERNAL,Capital expenditure
2023-08,US01,Hardware,CAPEX-000005,1000_CASH,0.0,62984.57,EXTERNAL,Capital expenditure
2023-08,US01,Hardware,DEP-000005,6100_DEPRECIATION,749.82,0.0,EXTERNAL,Depreciation
2023-08,US01,Hardware,DEP-000005,1590_ACCUM_DEP,0.0,749.82,EXTERNAL,Depreciation
2023-08,US01,Hardware,COLL-000005,1000_CASH,1475638.52,0.0,EXTERNAL,Customer collections
2023-08,US01,Hardware,COLL-000005,1100_AR,0.0,1475638.52,EXTERNAL,Customer collections
2023-08,US01,Hardware,PAY-000005,2100_AP,1109549.21,0.0,EXTERNAL,Supplier payments
2023-08,US01,Hardware,PAY-000005,1000_CASH,0.0,1109549.21,EXTERNAL,Supplier payments
2023-08,JP01,Hardware,REV-000006,1100_AR,1918397.2,0.0,EXTERNAL,External sale
2023-08,JP01,Hardware,REV-000006,4000_REVENUE,0.0,1918397.2,EXTERNAL,External sale
2023-08,JP01,Hardware,COGS-000006,5000_VARIABLE_COGS,1208041.54,0.0,EXTERNAL,Variable cost of sales
2023-08,JP01,Hardware,COGS-000006,2100_AP,0.0,1208041.54,EXTERNAL,Variable cost of sales
2023-08,JP01,Hardware,COGS-000006,5100_FIXED_PRODUCTION,148137.84,0.0,EXTERNAL,Fixed production cost
2023-08,JP01,Hardware,COGS-000006,2100_AP,0.0,148137.84,EXTERNAL,Fixed production cost
2023-08,JP01,Hardware,OPEX-000006,6000_OPEX,211023.69,0.0,EXTERNAL,Operating expenses
2023-08,JP01,Hardware,OPEX-000006,2100_AP,0.0,211023.69,EXTERNAL,Operating expenses
2023-08,JP01,Hardware,CAPEX-000006,1500_PPE,67143.9,0.0,EXTERNAL,Capital expenditure
2023-08,JP01,Hardware,CAPEX-000006,1000_CASH,0.0,67143.9,EXTERNAL,Capital expenditure
2023-08,JP01,Hardware,DEP-000006,6100_DEPRECIATION,799.33,0.0,EXTERNAL,Depreciation
2023-08,JP01,Hardware,DEP-000006,1590_ACCUM_DEP,0.0,799.33,EXTERNAL,Depreciation
2023-08,JP01,Hardware,COLL-000006,1000_CASH,1573085.7,0.0,EXTERNAL,Customer collections
2023-08,JP01,Hardware,COLL-000006,1100_AR,0.0,1573085.7,EXTERNAL,Customer collections
2023-08,JP01,Hardware,PAY-000006,2100_AP,1222418.4,0.0,EXTERNAL,Supplier payments
2023-08,JP01,Hardware,PAY-000006,1000_CASH,0.0,1222418.4,EXTERNAL,Supplier payments
2023-08,ES01,Events,REV-000007,1100_AR,978389.37,0.0,EXTERNAL,External sale
2023-08,ES01,Events,REV-000007,4000_REVENUE,0.0,978389.37,EXTERNAL,External sale
2023-08,ES01,Events,COGS-000007,5000_VARIABLE_COGS,570804.94,0.0,EXTERNAL,Variable cost of sales
2023-08,ES01,Events,COGS-000007,2100_AP,0.0,570804.94,EXTERNAL,Variable cost of sales
2023-08,ES01,Events,COGS-000007,5100_FIXED_PRODUCTION,38178.81,0.0,EXTERNAL,Fixed production cost
2023-08,ES01,Events,COGS-000007,2100_AP,0.0,38178.81,EXTERNAL,Fixed production cost
2023-08,ES01,Events,OPEX-000007,6000_OPEX,166326.19,0.0,EXTERNAL,Operating expenses
2023-08,ES01,Events,OPEX-000007,2100_AP,0.0,166326.19,EXTERNAL,Operating expenses
2023-08,ES01,Events,CAPEX-000007,1500_PPE,9783.89,0.0,EXTERNAL,Capital expenditure
2023-08,ES01,Events,CAPEX-000007,1000_CASH,0.0,9783.89,EXTERNAL,Capital expenditure
2023-08,ES01,Events,DEP-000007,6100_DEPRECIATION,116.47,0.0,EXTERNAL,Depreciation
2023-08,ES01,Events,DEP-000007,1590_ACCUM_DEP,0.0,116.47,EXTERNAL,Depreciation
2023-08,ES01,Events,COLL-000007,1000_CASH,802279.28,0.0,EXTERNAL,Customer collections
2023-08,ES01,Events,COLL-000007,1100_AR,0.0,802279.28,EXTERNAL,Customer collections
2023-08,ES01,Events,PAY-000007,2100_AP,604741.75,0.0,EXTERNAL,Supplier payments
2023-08,ES01,Events,PAY-000007,1000_CASH,0.0,604741.75,EXTERNAL,Supplier payments
2023-08,US01,Events,REV-000008,1100_AR,963481.78,0.0,EXTERNAL,External sale
2023-08,US01,Events,REV-000008,4000_REVENUE,0.0,963481.78,EXTERNAL,External sale
2023-08,US01,Events,COGS-000008,5000_VARIABLE_COGS,580790.28,0.0,EXTERNAL,Variable cost of sales
2023-08,US01,Events,COGS-000008,2100_AP,0.0,580790.28,EXTERNAL,Variable cost of sales
2023-08,US01,Events,COGS-000008,5100_FIXED_PRODUCTION,57744.63,0.0,EXTERNAL,Fixed production cost
2023-08,US01,Events,COGS-000008,2100_AP,0.0,57744.63,EXTERNAL,Fixed production cost
2023-08,US01,Events,OPEX-000008,6000_OPEX,163791.9,0.0,EXTERNAL,Operating expenses
2023-08,US01,Events,OPEX-000008,2100_AP,0.0,163791.9,EXTERNAL,Operating expenses
2023-08,US01,Events,CAPEX-000008,1500_PPE,9634.82,0.0,EXTERNAL,Capital expenditure
2023-08,US01,Events,CAPEX-000008,1000_CASH,0.0,9634.82,EXTERNAL,Capital expenditure
2023-08,US01,Events,DEP-000008,6100_DEPRECIATION,114.7,0.0,EXTERNAL,Depreciation
2023-08,US01,Events,DEP-000008,1590_ACCUM_DEP,0.0,114.7,EXTERNAL,Depreciation
2023-08,US01,Events,COLL-000008,1000_CASH,790055.06,0.0,EXTERNAL,Customer collections
2023-08,US01,Events,COLL-000008,1100_AR,0.0,790055.06,EXTERNAL,Customer collections
2023-08,US01,Events,PAY-000008,2100_AP,625814.91,0.0,EXTERNAL,Supplier payments
2023-08,US01,Events,PAY-000008,1000_CASH,0.0,625814.91,EXTERNAL,Supplier payments
2023-08,ES01,Spare Parts,REV-000009,1100_AR,1275319.39,0.0,EXTERNAL,External sale
2023-08,ES01,Spare Parts,REV-000009,4000_REVENUE,0.0,1275319.39,EXTERNAL,External sale
2023-08,ES01,Spare Parts,COGS-000009,5000_VARIABLE_COGS,593660.79,0.0,EXTERNAL,Variable cost of sales
2023-08,ES01,Spare Parts,COGS-000009,2100_AP,0.0,593660.79,EXTERNAL,Variable cost of sales
2023-08,ES01,Spare Parts,COGS-000009,5100_FIXED_PRODUCTION,45639.93,0.0,EXTERNAL,Fixed production cost
2023-08,ES01,Spare Parts,COGS-000009,2100_AP,0.0,45639.93,EXTERNAL,Fixed production cost
2023-08,ES01,Spare Parts,OPEX-000009,6000_OPEX,153038.33,0.0,EXTERNAL,Operating expenses
2023-08,ES01,Spare Parts,OPEX-000009,2100_AP,0.0,153038.33,EXTERNAL,Operating expenses
2023-08,ES01,Spare Parts,CAPEX-000009,1500_PPE,12753.19,0.0,EXTERNAL,Capital expenditure
2023-08,ES01,Spare Parts,CAPEX-000009,1000_CASH,0.0,12753.19,EXTERNAL,Capital expenditure
2023-08,ES01,Spare Parts,DEP-000009,6100_DEPRECIATION,151.82,0.0,EXTERNAL,Depreciation
2023-08,ES01,Spare Parts,DEP-000009,1590_ACCUM_DEP,0.0,151.82,EXTERNAL,Depreciation
2023-08,ES01,Spare Parts,COLL-000009,1000_CASH,1045761.9,0.0,EXTERNAL,Customer collections
2023-08,ES01,Spare Parts,COLL-000009,1100_AR,0.0,1045761.9,EXTERNAL,Customer collections
2023-08,ES01,Spare Parts,PAY-000009,2100_AP,618024.45,0.0,EXTERNAL,Supplier payments
2023-08,ES01,Spare Parts,PAY-000009,1000_CASH,0.0,618024.45,EXTERNAL,Supplier payments
2023-08,JP01,Spare Parts,REV-000010,1100_AR,1296004.91,0.0,EXTERNAL,External sale
2023-08,JP01,Spare Parts,REV-000010,4000_REVENUE,0.0,1296004.91,EXTERNAL,External sale
2023-08,JP01,Spare Parts,COGS-000010,5000_VARIABLE_COGS,596721.91,0.0,EXTERNAL,Variable cost of sales
2023-08,JP01,Spare Parts,COGS-000010,2100_AP,0.0,596721.91,EXTERNAL,Variable cost of sales
2023-08,JP01,Spare Parts,COGS-000010,5100_FIXED_PRODUCTION,63410.3,0.0,EXTERNAL,Fixed production cost
2023-08,JP01,Spare Parts,COGS-000010,2100_AP,0.0,63410.3,EXTERNAL,Fixed production cost
2023-08,JP01,Spare Parts,OPEX-000010,6000_OPEX,155520.59,0.0,EXTERNAL,Operating expenses
2023-08,JP01,Spare Parts,OPEX-000010,2100_AP,0.0,155520.59,EXTERNAL,Operating expenses
2023-08,JP01,Spare Parts,CAPEX-000010,1500_PPE,12960.05,0.0,EXTERNAL,Capital expenditure
2023-08,JP01,Spare Parts,CAPEX-000010,1000_CASH,0.0,12960.05,EXTERNAL,Capital expenditure
2023-08,JP01,Spare Parts,DEP-000010,6100_DEPRECIATION,154.29,0.0,EXTERNAL,Depreciation
2023-08,JP01,Spare Parts,DEP-000010,1590_ACCUM_DEP,0.0,154.29,EXTERNAL,Depreciation
2023-08,JP01,Spare Parts,COLL-000010,1000_CASH,1062724.03,0.0,EXTERNAL,Customer collections
2023-08,JP01,Spare Parts,COLL-000010,1100_AR,0.0,1062724.03,EXTERNAL,Customer collections
2023-08,JP01,Spare Parts,PAY-000010,2100_AP,636209.18,0.0,EXTERNAL,Supplier payments
2023-08,JP01,Spare Parts,PAY-000010,1000_CASH,0.0,636209.18,EXTERNAL,Supplier payments
2023-09,DE01,Software,REV-000011,1100_AR,1865320.16,0.0,EXTERNAL,External sale
2023-09,DE01,Software,REV-000011,4000_REVENUE,0.0,1865320.16,EXTERNAL,External sale
2023-09,DE01,Software,COGS-000011,5000_VARIABLE_COGS,523155.41,0.0,EXTERNAL,Variable cost of sales
2023-09,DE01,Software,COGS-000011,2100_AP,0.0,523155.41,EXTERNAL,Variable cost of sales
2023-09,DE01,Software,OPEX-000011,6000_OPEX,429023.64,0.0,EXTERNAL,Operating expenses
2023-09,DE01,Software,OPEX-000011,2100_AP,0.0,429023.64,EXTERNAL,Operating expenses
2023-09,DE01,Software,CAPEX-000011,1500_PPE,18653.2,0.0,EXTERNAL,Capital expenditure
2023-09,DE01,Software,CAPEX-000011,1000_CASH,0.0,18653.2,EXTERNAL,Capital expenditure
2023-09,DE01,Software,DEP-000011,6100_DEPRECIATION,222.06,0.0,EXTERNAL,Depreciation
2023-09,DE01,Software,DEP-000011,1590_ACCUM_DEP,0.0,222.06,EXTERNAL,Depreciation
2023-09,DE01,Software,COLL-000011,1000_CASH,1529562.53,0.0,EXTERNAL,Customer collections
2023-09,DE01,Software,COLL-000011,1100_AR,0.0,1529562.53,EXTERNAL,Customer collections
2023-09,DE01,Software,PAY-000011,2100_AP,742699.65,0.0,EXTERNAL,Supplier payments
2023-09,DE01,Software,PAY-000011,1000_CASH,0.0,742699.65,EXTERNAL,Supplier payments
2023-09,US01,Software,REV-000012,1100_AR,1894527.5,0.0,EXTERNAL,External sale
2023-09,US01,Software,REV-000012,4000_REVENUE,0.0,1894527.5,EXTERNAL,External sale
2023-09,US01,Software,COGS-000012,5000_VARIABLE_COGS,547388.53,0.0,EXTERNAL,Variable cost of sales
2023-09,US01,Software,COGS-000012,2100_AP,0.0,547388.53,EXTERNAL,Variable cost of sales
2023-09,US01,Software,OPEX-000012,6000_OPEX,435741.33,0.0,EXTERNAL,Operating expenses
2023-09,US01,Software,OPEX-000012,2100_AP,0.0,435741.33,EXTERNAL,Operating expenses
2023-09,US01,Software,CAPEX-000012,1500_PPE,18945.28,0.0,EXTERNAL,Capital expenditure
2023-09,US01,Software,CAPEX-000012,1000_CASH,0.0,18945.28,EXTERNAL,Capital expenditure
2023-09,US01,Software,DEP-000012,6100_DEPRECIATION,225.54,0.0,EXTERNAL,Depreciation
2023-09,US01,Software,DEP-000012,1590_ACCUM_DEP,0.0,225.54,EXTERNAL,Depreciation
2023-09,US01,Software,COLL-000012,1000_CASH,1553512.55,0.0,EXTERNAL,Customer collections
2023-09,US01,Software,COLL-000012,1100_AR,0.0,1553512.55,EXTERNAL,Customer collections
2023-09,US01,Software,PAY-000012,2100_AP,766841.29,0.0,EXTERNAL,Supplier payments
2023-09,US01,Software,PAY-000012,1000_CASH,0.0,766841.29,EXTERNAL,Supplier payments
2023-09,JP01,Software,REV-000013,1100_AR,1893480.6,0.0,EXTERNAL,External sale
2023-09,JP01,Software,REV-000013,4000_REVENUE,0.0,1893480.6,EXTERNAL,External sale
2023-09,JP01,Software,COGS-000013,5000_VARIABLE_COGS,532316.54,0.0,EXTERNAL,Variable cost of sales
2023-09,JP01,Software,COGS-000013,2100_AP,0.0,532316.54,EXTERNAL,Variable cost of sales
2023-09,JP01,Software,OPEX-000013,6000_OPEX,435500.54,0.0,EXTERNAL,Operating expenses
2023-09,JP01,Software,OPEX-000013,2100_AP,0.0,435500.54,EXTERNAL,Operating expenses
2023-09,JP01,Software,CAPEX-000013,1500_PPE,18934.81,0.0,EXTERNAL,Capital expenditure
2023-09,JP01,Software,CAPEX-000013,1000_CASH,0.0,18934.81,EXTERNAL,Capital expenditure
2023-09,JP01,Software,DEP-000013,6100_DEPRECIATION,225.41,0.0,EXTERNAL,Depreciation
2023-09,JP01,Software,DEP-000013,1590_ACCUM_DEP,0.0,225.41,EXTERNAL,Depreciation
2023-09,JP01,Software,COLL-000013,1000_CASH,1552654.09,0.0,EXTERNAL,Customer collections
2023-09,JP01,Software,COLL-000013,1100_AR,0.0,1552654.09,EXTERNAL,Customer collections
2023-09,JP01,Software,PAY-000013,2100_AP,754897.32,0.0,EXTERNAL,Supplier payments
2023-09,JP01,Software,PAY-000013,1000_CASH,0.0,754897.32,EXTERNAL,Supplier payments
2023-09,DE01,Hardware,REV-000014,1100_AR,2293218.56,0.0,EXTERNAL,External sale
2023-09,DE01,Hardware,REV-000014,4000_REVENUE,0.0,2293218.56,EXTERNAL,External sale
2023-09,DE01,Hardware,COGS-000014,5000_VARIABLE_COGS,1435587.29,0.0,EXTERNAL,Variable cost of sales
2023-09,DE01,Hardware,COGS-000014,2100_AP,0.0,1435587.29,EXTERNAL,Variable cost of sales
2023-09,DE01,Hardware,COGS-000014,5100_FIXED_PRODUCTION,113368.92,0.0,EXTERNAL,Fixed production cost
2023-09,DE01,Hardware,COGS-000014,2100_AP,0.0,113368.92,EXTERNAL,Fixed production cost
2023-09,DE01,Hardware,OPEX-000014,6000_OPEX,252254.04,0.0,EXTERNAL,Operating expenses
2023-09,DE01,Hardware,OPEX-000014,2100_AP,0.0,252254.04,EXTERNAL,Operating expenses
2023-09,DE01,Hardware,CAPEX-000014,1500_PPE,80262.65,0.0,EXTERNAL,Capital expenditure
2023-09,DE01,Hardware,CAPEX-000014,1000_CASH,0.0,80262.65,EXTERNAL,Capital expenditure
2023-09,DE01,Hardware,DEP-000014,6100_DEPRECIATION,955.51,0.0,EXTERNAL,Depreciation
2023-09,DE01,Hardware,DEP-000014,1590_ACCUM_DEP,0.0,955.51,EXTERNAL,Depreciation
2023-09,DE01,Hardware,COLL-000014,1000_CASH,1880439.22,0.0,EXTERNAL,Customer collections
2023-09,DE01,Hardware,COLL-000014,1100_AR,0.0,1880439.22,EXTERNAL,Customer collections
2023-09,DE01,Hardware,PAY-000014,2100_AP,1404944.0,0.0,EXTERNAL,Supplier payments
2023-09,DE01,Hardware,PAY-000014,1000_CASH,0.0,1404944.0,EXTERNAL,Supplier payments
2023-09,ES01,Hardware,REV-000015,1100_AR,2482236.31,0.0,EXTERNAL,External sale
2023-09,ES01,Hardware,REV-000015,4000_REVENUE,0.0,2482236.31,EXTERNAL,External sale
2023-09,ES01,Hardware,COGS-000015,5000_VARIABLE_COGS,1593886.5,0.0,EXTERNAL,Variable cost of sales
2023-09,ES01,Hardware,COGS-000015,2100_AP,0.0,1593886.5,EXTERNAL,Variable cost of sales
2023-09,ES01,Hardware,COGS-000015,5100_FIXED_PRODUCTION,168215.67,0.0,EXTERNAL,Fixed production cost
2023-09,ES01,Hardware,COGS-000015,2100_AP,0.0,168215.67,EXTERNAL,Fixed production cost
2023-09,ES01,Hardware,OPEX-000015,6000_OPEX,273045.99,0.0,EXTERNAL,Operating expenses
2023-09,ES01,Hardware,OPEX-000015,2100_AP,0.0,273045.99,EXTERNAL,Operating expenses
2023-09,ES01,Hardware,CAPEX-000015,1500_PPE,86878.27,0.0,EXTERNAL,Capital expenditure
2023-09,ES01,Hardware,CAPEX-000015,1000_CASH,0.0,86878.27,EXTERNAL,Capital expenditure
2023-09,ES01,Hardware,DEP-000015,6100_DEPRECIATION,1034.27,0.0,EXTERNAL,Depreciation
2023-09,ES01,Hardware,DEP-000015,1590_ACCUM_DEP,0.0,1034.27,EXTERNAL,Depreciation
2023-09,ES01,Hardware,COLL-000015,1000_CASH,2035433.77,0.0,EXTERNAL,Customer collections
2023-09,ES01,Hardware,COLL-000015,1100_AR,0.0,2035433.77,EXTERNAL,Customer collections
2023-09,ES01,Hardware,PAY-000015,2100_AP,1587415.57,0.0,EXTERNAL,Supplier payments
2023-09,ES01,Hardware,PAY-000015,1000_CASH,0.0,1587415.57,EXTERNAL,Supplier payments
2023-09,US01,Hardware,REV-000016,1100_AR,2456132.06,0.0,EXTERNAL,External sale
2023-09,US01,Hardware,REV-000016,4000_REVENUE,0.0,2456132.06,EXTERNAL,External sale
2023-09,US01,Hardware,COGS-000016,5000_VARIABLE_COGS,1560181.26,0.0,EXTERNAL,Variable cost of sales
2023-09,US01,Hardware,COGS-000016,2100_AP,0.0,1560181.26,EXTERNAL,Variable cost of sales
2023-09,US01,Hardware,COGS-000016,5100_FIXED_PRODUCTION,100780.93,0.0,EXTERNAL,Fixed production cost
2023-09,US01,Hardware,COGS-000016,2100_AP,0.0,100780.93,EXTERNAL,Fixed production cost
2023-09,US01,Hardware,OPEX-000016,6000_OPEX,270174.53,0.0,EXTERNAL,Operating expenses
2023-09,US01,Hardware,OPEX-000016,2100_AP,0.0,270174.53,EXTERNAL,Operating expenses
2023-09,US01,Hardware,CAPEX-000016,1500_PPE,85964.62,0.0,EXTERNAL,Capital expenditure
2023-09,US01,Hardware,CAPEX-000016,1000_CASH,0.0,85964.62,EXTERNAL,Capital expenditure
2023-09,US01,Hardware,DEP-000016,6100_DEPRECIATION,1023.39,0.0,EXTERNAL,Depreciation
2023-09,US01,Hardware,DEP-000016,1590_ACCUM_DEP,0.0,1023.39,EXTERNAL,Depreciation
2023-09,US01,Hardware,COLL-000016,1000_CASH,2014028.29,0.0,EXTERNAL,Customer collections
2023-09,US01,Hardware,COLL-000016,1100_AR,0.0,2014028.29,EXTERNAL,Customer collections
2023-09,US01,Hardware,PAY-000016,2100_AP,1506286.64,0.0,EXTERNAL,Supplier payments
2023-09,US01,Hardware,PAY-000016,1000_CASH,0.0,1506286.64,EXTERNAL,Supplier payments
2023-09,JP01,Hardware,REV-000017,1100_AR,2272303.08,0.0,EXTERNAL,External sale
2023-09,JP01,Hardware,REV-000017,4000_REVENUE,0.0,2272303.08,EXTERNAL,External sale
2023-09,JP01,Hardware,COGS-000017,5000_VARIABLE_COGS,1419844.34,0.0,EXTERNAL,Variable cost of sales
2023-09,JP01,Hardware,COGS-000017,2100_AP,0.0,1419844.34,EXTERNAL,Variable cost of sales
2023-09,JP01,Hardware,COGS-000017,5100_FIXED_PRODUCTION,165075.64,0.0,EXTERNAL,Fixed production cost
2023-09,JP01,Hardware,COGS-000017,2100_AP,0.0,165075.64,EXTERNAL,Fixed production cost
2023-09,JP01,Hardware,OPEX-000017,6000_OPEX,249953.34,0.0,EXTERNAL,Operating expenses
2023-09,JP01,Hardware,OPEX-000017,2100_AP,0.0,249953.34,EXTERNAL,Operating expenses
2023-09,JP01,Hardware,CAPEX-000017,1500_PPE,79530.61,0.0,EXTERNAL,Capital expenditure
2023-09,JP01,Hardware,CAPEX-000017,1000_CASH,0.0,79530.61,EXTERNAL,Capital expenditure
2023-09,JP01,Hardware,DEP-000017,6100_DEPRECIATION,946.79,0.0,EXTERNAL,Depreciation
2023-09,JP01,Hardware,DEP-000017,1590_ACCUM_DEP,0.0,946.79,EXTERNAL,Depreciation
2023-09,JP01,Hardware,COLL-000017,1000_CASH,1863288.53,0.0,EXTERNAL,Customer collections
2023-09,JP01,Hardware,COLL-000017,1100_AR,0.0,1863288.53,EXTERNAL,Customer collections
2023-09,JP01,Hardware,PAY-000017,2100_AP,1431201.19,0.0,EXTERNAL,Supplier payments
2023-09,JP01,Hardware,PAY-000017,1000_CASH,0.0,1431201.19,EXTERNAL,Supplier payments
2023-09,ES01,Events,REV-000018,1100_AR,1177532.06,0.0,EXTERNAL,External sale
2023-09,ES01,Events,REV-000018,4000_REVENUE,0.0,1177532.06,EXTERNAL,External sale
2023-09,ES01,Events,COGS-000018,5000_VARIABLE_COGS,698984.23,0.0,EXTERNAL,Variable cost of sales
2023-09,ES01,Events,COGS-000018,2100_AP,0.0,698984.23,EXTERNAL,Variable cost of sales
2023-09,ES01,Events,COGS-000018,5100_FIXED_PRODUCTION,46795.72,0.0,EXTERNAL,Fixed production cost
2023-09,ES01,Events,COGS-000018,2100_AP,0.0,46795.72,EXTERNAL,Fixed production cost
2023-09,ES01,Events,OPEX-000018,6000_OPEX,200180.45,0.0,EXTERNAL,Operating expenses
2023-09,ES01,Events,OPEX-000018,2100_AP,0.0,200180.45,EXTERNAL,Operating expenses
2023-09,ES01,Events,CAPEX-000018,1500_PPE,11775.32,0.0,EXTERNAL,Capital expenditure
2023-09,ES01,Events,CAPEX-000018,1000_CASH,0.0,11775.32,EXTERNAL,Capital expenditure
2023-09,ES01,Events,DEP-000018,6100_DEPRECIATION,140.18,0.0,EXTERNAL,Depreciation
2023-09,ES01,Events,DEP-000018,1590_ACCUM_DEP,0.0,140.18,EXTERNAL,Depreciation
2023-09,ES01,Events,COLL-000018,1000_CASH,965576.29,0.0,EXTERNAL,Customer collections
2023-09,ES01,Events,COLL-000018,1100_AR,0.0,965576.29,EXTERNAL,Customer collections
2023-09,ES01,Events,PAY-000018,2100_AP,737849.12,0.0,EXTERNAL,Supplier payments
2023-09,ES01,Events,PAY-000018,1000_CASH,0.0,737849.12,EXTERNAL,Supplier payments
2023-09,US01,Events,REV-000019,1100_AR,1119862.72,0.0,EXTERNAL,External sale
2023-09,US01,Events,REV-000019,4000_REVENUE,0.0,1119862.72,EXTERNAL,External sale
2023-09,US01,Events,COGS-000019,5000_VARIABLE_COGS,670617.31,0.0,EXTERNAL,Variable cost of sales
2023-09,US01,Events,COGS-000019,2100_AP,0.0,670617.31,EXTERNAL,Variable cost of sales
2023-09,US01,Events,COGS-000019,5100_FIXED_PRODUCTION,20941.83,0.0,EXTERNAL,Fixed production cost
2023-09,US01,Events,COGS-000019,2100_AP,0.0,20941.83,EXTERNAL,Fixed production cost
2023-09,US01,Events,OPEX-000019,6000_OPEX,190376.66,0.0,EXTERNAL,Operating expenses
2023-09,US01,Events,OPEX-000019,2100_AP,0.0,190376.66,EXTERNAL,Operating expenses
2023-09,US01,Events,CAPEX-000019,1500_PPE,11198.63,0.0,EXTERNAL,Capital expenditure
2023-09,US01,Events,CAPEX-000019,1000_CASH,0.0,11198.63,EXTERNAL,Capital expenditure
2023-09,US01,Events,DEP-000019,6100_DEPRECIATION,133.32,0.0,EXTERNAL,Depreciation
2023-09,US01,Events,DEP-000019,1590_ACCUM_DEP,0.0,133.32,EXTERNAL,Depreciation
2023-09,US01,Events,COLL-000019,1000_CASH,918287.43,0.0,EXTERNAL,Customer collections
2023-09,US01,Events,COLL-000019,1100_AR,0.0,918287.43,EXTERNAL,Customer collections
2023-09,US01,Events,PAY-000019,2100_AP,687909.93,0.0,EXTERNAL,Supplier payments
2023-09,US01,Events,PAY-000019,1000_CASH,0.0,687909.93,EXTERNAL,Supplier payments
2023-09,ES01,Spare Parts,REV-000020,1100_AR,1629630.61,0.0,EXTERNAL,External sale
2023-09,ES01,Spare Parts,REV-000020,4000_REVENUE,0.0,1629630.61,EXTERNAL,External sale
2023-09,ES01,Spare Parts,COGS-000020,5000_VARIABLE_COGS,744952.26,0.0,EXTERNAL,Variable cost of sales
2023-09,ES01,Spare Parts,COGS-000020,2100_AP,0.0,744952.26,EXTERNAL,Variable cost of sales
2023-09,ES01,Spare Parts,COGS-000020,5100_FIXED_PRODUCTION,125104.32,0.0,EXTERNAL,Fixed production cost
2023-09,ES01,Spare Parts,COGS-000020,2100_AP,0.0,125104.32,EXTERNAL,Fixed production cost
2023-09,ES01,Spare Parts,OPEX-000020,6000_OPEX,195555.67,0.0,EXTERNAL,Operating expenses
2023-09,ES01,Spare Parts,OPEX-000020,2100_AP,0.0,195555.67,EXTERNAL,Operating expenses
2023-09,ES01,Spare Parts,CAPEX-000020,1500_PPE,16296.31,0.0,EXTERNAL,Capital expenditure
2023-09,ES01,Spare Parts,CAPEX-000020,1000_CASH,0.0,16296.31,EXTERNAL,Capital expenditure
2023-09,ES01,Spare Parts,DEP-000020,6100_DEPRECIATION,194.0,0.0,EXTERNAL,Depreciation
2023-09,ES01,Spare Parts,DEP-000020,1590_ACCUM_DEP,0.0,194.0,EXTERNAL,Depreciation
2023-09,ES01,Spare Parts,COLL-000020,1000_CASH,1336297.1,0.0,EXTERNAL,Customer collections
2023-09,ES01,Spare Parts,COLL-000020,1100_AR,0.0,1336297.1,EXTERNAL,Customer collections
2023-09,ES01,Spare Parts,PAY-000020,2100_AP,831177.55,0.0,EXTERNAL,Supplier payments
2023-09,ES01,Spare Parts,PAY-000020,1000_CASH,0.0,831177.55,EXTERNAL,Supplier payments
2023-09,JP01,Spare Parts,REV-000021,1100_AR,1668546.31,0.0,EXTERNAL,External sale
2023-09,JP01,Spare Parts,REV-000021,4000_REVENUE,0.0,1668546.31,EXTERNAL,External sale
2023-09,JP01,Spare Parts,COGS-000021,5000_VARIABLE_COGS,773986.65,0.0,EXTERNAL,Variable cost of sales
2023-09,JP01,Spare Parts,COGS-000021,2100_AP,0.0,773986.65,EXTERNAL,Variable cost of sales
2023-09,JP01,Spare Parts,COGS-000021,5100_FIXED_PRODUCTION,85441.59,0.0,EXTERNAL,Fixed production cost
2023-09,JP01,Spare Parts,COGS-000021,2100_AP,0.0,85441.59,EXTERNAL,Fixed production cost
2023-09,JP01,Spare Parts,OPEX-000021,6000_OPEX,200225.56,0.0,EXTERNAL,Operating expenses
2023-09,JP01,Spare Parts,OPEX-000021,2100_AP,0.0,200225.56,EXTERNAL,Operating expenses
2023-09,JP01,Spare Parts,CAPEX-000021,1500_PPE,16685.46,0.0,EXTERNAL,Capital expenditure
2023-09,JP01,Spare Parts,CAPEX-000021,1000_CASH,0.0,16685.46,EXTERNAL,Capital expenditure
2023-09,JP01,Spare Parts,DEP-000021,6100_DEPRECIATION,198.64,0.0,EXTERNAL,Depreciation
2023-09,JP01,Spare Parts,DEP-000021,1590_ACCUM_DEP,0.0,198.64,EXTERNAL,Depreciation
2023-09,JP01,Spare Parts,COLL-000021,1000_CASH,1368207.97,0.0,EXTERNAL,Customer collections
2023-09,JP01,Spare Parts,COLL-000021,1100_AR,0.0,1368207.97,EXTERNAL,Customer collections
2023-09,JP01,Spare Parts,PAY-000021,2100_AP,826529.96,0.0,EXTERNAL,Supplier payments
2023-09,JP01,Spare Parts,PAY-000021,1000_CASH,0.0,826529.96,EXTERNAL,Supplier payments
2023-10,DE01,Software,REV-000022,1100_AR,1959241.92,0.0,EXTERNAL,External sale
2023-10,DE01,Software,REV-000022,4000_REVENUE,0.0,1959241.92,EXTERNAL,External sale
2023-10,DE01,Software,COGS-000022,5000_VARIABLE_COGS,545442.79,0.0,EXTERNAL,Variable cost of sales
2023-10,DE01,Software,COGS-000022,2100_AP,0.0,545442.79,EXTERNAL,Variable cost of sales
2023-10,DE01,Software,OPEX-000022,6000_OPEX,450625.64,0.0,EXTERNAL,Operating expenses
2023-10,DE01,Software,OPEX-000022,2100_AP,0.0,450625.64,EXTERNAL,Operating expenses
2023-10,DE01,Software,CAPEX-000022,1500_PPE,19592.42,0.0,EXTERNAL,Capital expenditure
2023-10,DE01,Software,CAPEX-000022,1000_CASH,0.0,19592.42,EXTERNAL,Capital expenditure
2023-10,DE01,Software,DEP-000022,6100_DEPRECIATION,233.24,0.0,EXTERNAL,Depreciation
2023-10,DE01,Software,DEP-000022,1590_ACCUM_DEP,0.0,233.24,EXTERNAL,Depreciation
2023-10,DE01,Software,COLL-000022,1000_CASH,1606578.37,0.0,EXTERNAL,Customer collections
2023-10,DE01,Software,COLL-000022,1100_AR,0.0,1606578.37,EXTERNAL,Customer collections
2023-10,DE01,Software,PAY-000022,2100_AP,776933.37,0.0,EXTERNAL,Supplier payments
2023-10,DE01,Software,PAY-000022,1000_CASH,0.0,776933.37,EXTERNAL,Supplier payments
2023-10,US01,Software,REV-000023,1100_AR,2099591.92,0.0,EXTERNAL,External sale
2023-10,US01,Software,REV-000023,4000_REVENUE,0.0,2099591.92,EXTERNAL,External sale
2023-10,US01,Software,COGS-000023,5000_VARIABLE_COGS,579466.45,0.0,EXTERNAL,Variable cost of sales
2023-10,US01,Software,COGS-000023,2100_AP,0.0,579466.45,EXTERNAL,Variable cost of sales
2023-10,US01,Software,OPEX-000023,6000_OPEX,482906.14,0.0,EXTERNAL,Operating expenses
2023-10,US01,Software,OPEX-000023,2100_AP,0.0,482906.14,EXTERNAL,Operating expenses
2023-10,US01,Software,CAPEX-000023,1500_PPE,20995.92,0.0,EXTERNAL,Capital expenditure
2023-10,US01,Software,CAPEX-000023,1000_CASH,0.0,20995.92,EXTERNAL,Capital expenditure
2023-10,US01,Software,DEP-000023,6100_DEPRECIATION,249.95,0.0,EXTERNAL,Depreciation
2023-10,US01,Software,DEP-000023,1590_ACCUM_DEP,0.0,249.95,EXTERNAL,Depreciation
2023-10,US01,Software,COLL-000023,1000_CASH,1721665.37,0.0,EXTERNAL,Customer collections
2023-10,US01,Software,COLL-000023,1100_AR,0.0,1721665.37,EXTERNAL,Customer collections
2023-10,US01,Software,PAY-000023,2100_AP,828650.62,0.0,EXTERNAL,Supplier payments
2023-10,US01,Software,PAY-000023,1000_CASH,0.0,828650.62,EXTERNAL,Supplier payments
2023-10,JP01,Software,REV-000024,1100_AR,2117642.45,0.0,EXTERNAL,External sale
2023-10,JP01,Software,REV-000024,4000_REVENUE,0.0,2117642.45,EXTERNAL,External sale
2023-10,JP01,Software,COGS-000024,5000_VARIABLE_COGS,601266.19,0.0,EXTERNAL,Variable cost of sales
2023-10,JP01,Software,COGS-000024,2100_AP,0.0,601266.19,EXTERNAL,Variable cost of sales
2023-10,JP01,Software,OPEX-000024,6000_OPEX,487057.76,0.0,EXTERNAL,Operating expenses
2023-10,JP01,Software,OPEX-000024,2100_AP,0.0,487057.76,EXTERNAL,Operating expenses
2023-10,JP01,Software,CAPEX-000024,1500_PPE,21176.42,0.0,EXTERNAL,Capital expenditure
2023-10,JP01,Software,CAPEX-000024,1000_CASH,0.0,21176.42,EXTERNAL,Capital expenditure
2023-10,JP01,Software,DEP-000024,6100_DEPRECIATION,252.1,0.0,EXTERNAL,Depreciation
2023-10,JP01,Software,DEP-000024,1590_ACCUM_DEP,0.0,252.1,EXTERNAL,Depreciation
2023-10,JP01,Software,COLL-000024,1000_CASH,1736466.81,0.0,EXTERNAL,Customer collections
2023-10,JP01,Software,COLL-000024,1100_AR,0.0,1736466.81,EXTERNAL,Customer collections
2023-10,JP01,Software,PAY-000024,2100_AP,848892.68,0.0,EXTERNAL,Supplier payments
2023-10,JP01,Software,PAY-000024,1000_CASH,0.0,848892.68,EXTERNAL,Supplier payments
2023-10,DE01,Hardware,REV-000025,1100_AR,2389751.22,0.0,EXTERNAL,External sale
2023-10,DE01,Hardware,REV-000025,4000_REVENUE,0.0,2389751.22,EXTERNAL,External sale
2023-10,DE01,Hardware,COGS-000025,5000_VARIABLE_COGS,1543229.7,0.0,EXTERNAL,Variable cost of sales
2023-10,DE01,Hardware,COGS-000025,2100_AP,0.0,1543229.7,EXTERNAL,Variable cost of sales
2023-10,DE01,Hardware,COGS-000025,5100_FIXED_PRODUCTION,133539.92,0.0,EXTERNAL,Fixed production cost
2023-10,DE01,Hardware,COGS-000025,2100_AP,0.0,133539.92,EXTERNAL,Fixed production cost
2023-10,DE01,Hardware,OPEX-000025,6000_OPEX,262872.63,0.0,EXTERNAL,Operating expenses
2023-10,DE01,Hardware,OPEX-000025,2100_AP,0.0,262872.63,EXTERNAL,Operating expenses
2023-10,DE01,Hardware,CAPEX-000025,1500_PPE,83641.29,0.0,EXTERNAL,Capital expenditure
2023-10,DE01,Hardware,CAPEX-000025,1000_CASH,0.0,83641.29,EXTERNAL,Capital expenditure
2023-10,DE01,Hardware,DEP-000025,6100_DEPRECIATION,995.73,0.0,EXTERNAL,Depreciation
2023-10,DE01,Hardware,DEP-000025,1590_ACCUM_DEP,0.0,995.73,EXTERNAL,Depreciation
2023-10,DE01,Hardware,COLL-000025,1000_CASH,1959596.0,0.0,EXTERNAL,Customer collections
2023-10,DE01,Hardware,COLL-000025,1100_AR,0.0,1959596.0,EXTERNAL,Customer collections
2023-10,DE01,Hardware,PAY-000025,2100_AP,1512920.96,0.0,EXTERNAL,Supplier payments
2023-10,DE01,Hardware,PAY-000025,1000_CASH,0.0,1512920.96,EXTERNAL,Supplier payments
2023-10,ES01,Hardware,REV-000026,1100_AR,2630582.07,0.0,EXTERNAL,External sale
2023-10,ES01,Hardware,REV-000026,4000_REVENUE,0.0,2630582.07,EXTERNAL,External sale
2023-10,ES01,Hardware,COGS-000026,5000_VARIABLE_COGS,1727702.57,0.0,EXTERNAL,Variable cost of sales
2023-10,ES01,Hardware,COGS-000026,2100_AP,0.0,1727702.57,EXTERNAL,Variable cost of sales
2023-10,ES01,Hardware,COGS-000026,5100_FIXED_PRODUCTION,125139.42,0.0,EXTERNAL,Fixed production cost
2023-10,ES01,Hardware,COGS-000026,2100_AP,0.0,125139.42,EXTERNAL,Fixed production cost
2023-10,ES01,Hardware,OPEX-000026,6000_OPEX,289364.03,0.0,EXTERNAL,Operating expenses
2023-10,ES01,Hardware,OPEX-000026,2100_AP,0.0,289364.03,EXTERNAL,Operating expenses
2023-10,ES01,Hardware,CAPEX-000026,1500_PPE,92070.37,0.0,EXTERNAL,Capital expenditure
2023-10,ES01,Hardware,CAPEX-000026,1000_CASH,0.0,92070.37,EXTERNAL,Capital expenditure
2023-10,ES01,Hardware,DEP-000026,6100_DEPRECIATION,1096.08,0.0,EXTERNAL,Depreciation
2023-10,ES01,Hardware,DEP-000026,1590_ACCUM_DEP,0.0,1096.08,EXTERNAL,Depreciation
2023-10,ES01,Hardware,COLL-000026,1000_CASH,2157077.3,0.0,EXTERNAL,Customer collections
2023-10,ES01,Hardware,COLL-000026,1100_AR,0.0,2157077.3,EXTERNAL,Customer collections
2023-10,ES01,Hardware,PAY-000026,2100_AP,1670920.7,0.0,EXTERNAL,Supplier payments
2023-10,ES01,Hardware,PAY-000026,1000_CASH,0.0,1670920.7,EXTERNAL,Supplier payments
2023-10,US01,Hardware,REV-000027,1100_AR,2462585.82,0.0,EXTERNAL,External sale
2023-10,US01,Hardware,REV-000027,4000_REVENUE,0.0,2462585.82,EXTERNAL,External sale
2023-10,US01,Hardware,COGS-000027,5000_VARIABLE_COGS,1532342.17,0.0,EXTERNAL,Variable cost of sales
2023-10,US01,Hardware,COGS-000027,2100_AP,0.0,1532342.17,EXTERNAL,Variable cost of sales
2023-10,US01,Hardware,COGS-000027,5100_FIXED_PRODUCTION,131177.48,0.0,EXTERNAL,Fixed production cost
2023-10,US01,Hardware,COGS-000027,2100_AP,0.0,131177.48,EXTERNAL,Fixed production cost
2023-10,US01,Hardware,OPEX-000027,6000_OPEX,270884.44,0.0,EXTERNAL,Operating expenses
2023-10,US01,Hardware,OPEX-000027,2100_AP,0.0,270884.44,EXTERNAL,Operating expenses
2023-10,US01,Hardware,CAPEX-000027,1500_PPE,86190.5,0.0,EXTERNAL,Capital expenditure
2023-10,US01,Hardware,CAPEX-000027,1000_CASH,0.0,86190.5,EXTERNAL,Capital expenditure
2023-10,US01,Hardware,DEP-000027,6100_DEPRECIATION,1026.08,0.0,EXTERNAL,Depreciation
2023-10,US01,Hardware,DEP-000027,1590_ACCUM_DEP,0.0,1026.08,EXTERNAL,Depreciation
2023-10,US01,Hardware,COLL-000027,1000_CASH,2019320.37,0.0,EXTERNAL,Customer collections
2023-10,US01,Hardware,COLL-000027,1100_AR,0.0,2019320.37,EXTERNAL,Customer collections
2023-10,US01,Hardware,PAY-000027,2100_AP,1508835.19,0.0,EXTERNAL,Supplier payments
2023-10,US01,Hardware,PAY-000027,1000_CASH,0.0,1508835.19,EXTERNAL,Supplier payments
2023-10,JP01,Hardware,REV-000028,1100_AR,2556648.09,0.0,EXTERNAL,External sale
2023-10,JP01,Hardware,REV-000028,4000_REVENUE,0.0,2556648.09,EXTERNAL,External sale
2023-10,JP01,Hardware,COGS-000028,5000_VARIABLE_COGS,1619468.2,0.0,EXTERNAL,Variable cost of sales
2023-10,JP01,Hardware,COGS-000028,2100_AP,0.0,1619468.2,EXTERNAL,Variable cost of sales
2023-10,JP01,Hardware,COGS-000028,5100_FIXED_PRODUCTION,165580.06,0.0,EXTERNAL,Fixed production cost
2023-10,JP01,Hardware,COGS-000028,2100_AP,0.0,165580.06,EXTERNAL,Fixed production cost
2023-10,JP01,Hardware,OPEX-000028,6000_OPEX,281231.29,0.0,EXTERNAL,Operating expenses
2023-10,JP01,Hardware,OPEX-000028,2100_AP,0.0,281231.29,EXTERNAL,Operating expenses
2023-10,JP01,Hardware,CAPEX-000028,1500_PPE,89482.68,0.0,EXTERNAL,Capital expenditure
2023-10,JP01,Hardware,CAPEX-000028,1000_CASH,0.0,89482.68,EXTERNAL,Capital expenditure
2023-10,JP01,Hardware,DEP-000028,6100_DEPRECIATION,1065.27,0.0,EXTERNAL,Depreciation
2023-10,JP01,Hardware,DEP-000028,1590_ACCUM_DEP,0.0,1065.27,EXTERNAL,Depreciation
2023-10,JP01,Hardware,COLL-000028,1000_CASH,2096451.43,0.0,EXTERNAL,Customer collections
2023-10,JP01,Hardware,COLL-000028,1100_AR,0.0,2096451.43,EXTERNAL,Customer collections
2023-10,JP01,Hardware,PAY-000028,2100_AP,1611698.05,0.0,EXTERNAL,Supplier payments
2023-10,JP01,Hardware,PAY-000028,1000_CASH,0.0,1611698.05,EXTERNAL,Supplier payments
2023-10,ES01,Events,REV-000029,1100_AR,1296150.64,0.0,EXTERNAL,External sale
2023-10,ES01,Events,REV-000029,4000_REVENUE,0.0,1296150.64,EXTERNAL,External sale
2023-10,ES01,Events,COGS-000029,5000_VARIABLE_COGS,781435.66,0.0,EXTERNAL,Variable cost of sales
2023-10,ES01,Events,COGS-000029,2100_AP,0.0,781435.66,EXTERNAL,Variable cost of sales
2023-10,ES01,Events,COGS-000029,5100_FIXED_PRODUCTION,73309.44,0.0,EXTERNAL,Fixed production cost
2023-10,ES01,Events,COGS-000029,2100_AP,0.0,73309.44,EXTERNAL,Fixed production cost
2023-10,ES01,Events,OPEX-000029,6000_OPEX,220345.61,0.0,EXTERNAL,Operating expenses
2023-10,ES01,Events,OPEX-000029,2100_AP,0.0,220345.61,EXTERNAL,Operating expenses
2023-10,ES01,Events,CAPEX-000029,1500_PPE,12961.51,0.0,EXTERNAL,Capital expenditure
2023-10,ES01,Events,CAPEX-000029,1000_CASH,0.0,12961.51,EXTERNAL,Capital expenditure
2023-10,ES01,Events,DEP-000029,6100_DEPRECIATION,154.3,0.0,EXTERNAL,Depreciation
2023-10,ES01,Events,DEP-000029,1590_ACCUM_DEP,0.0,154.3,EXTERNAL,Depreciation
2023-10,ES01,Events,COLL-000029,1000_CASH,1062843.52,0.0,EXTERNAL,Customer collections
2023-10,ES01,Events,COLL-000029,1100_AR,0.0,1062843.52,EXTERNAL,Customer collections
2023-10,ES01,Events,PAY-000029,2100_AP,838570.75,0.0,EXTERNAL,Supplier payments
2023-10,ES01,Events,PAY-000029,1000_CASH,0.0,838570.75,EXTERNAL,Supplier payments
2023-10,US01,Events,REV-000030,1100_AR,1251452.17,0.0,EXTERNAL,External sale
2023-10,US01,Events,REV-000030,4000_REVENUE,0.0,1251452.17,EXTERNAL,External sale
2023-10,US01,Events,COGS-000030,5000_VARIABLE_COGS,729399.06,0.0,EXTERNAL,Variable cost of sales
2023-10,US01,Events,COGS-000030,2100_AP,0.0,729399.06,EXTERNAL,Variable cost of sales
2023-10,US01,Events,COGS-000030,5100_FIXED_PRODUCTION,62734.56,0.0,EXTERNAL,Fixed production cost
2023-10,US01,Events,COGS-000030,2100_AP,0.0,62734.56,EXTERNAL,Fixed production cost
2023-10,US01,Events,OPEX-000030,6000_OPEX,212746.87,0.0,EXTERNAL,Operating expenses
2023-10,US01,Events,OPEX-000030,2100_AP,0.0,212746.87,EXTERNAL,Operating expenses
2023-10,US01,Events,CAPEX-000030,1500_PPE,12514.52,0.0,EXTERNAL,Capital expenditure
2023-10,US01,Events,CAPEX-000030,1000_CASH,0.0,12514.52,EXTERNAL,Capital expenditure
2023-10,US01,Events,DEP-000030,6100_DEPRECIATION,148.98,0.0,EXTERNAL,Depreciation
2023-10,US01,Events,DEP-000030,1590_ACCUM_DEP,0.0,148.98,EXTERNAL,Depreciation
2023-10,US01,Events,COLL-000030,1000_CASH,1026190.78,0.0,EXTERNAL,Customer collections
2023-10,US01,Events,COLL-000030,1100_AR,0.0,1026190.78,EXTERNAL,Customer collections
2023-10,US01,Events,PAY-000030,2100_AP,783806.78,0.0,EXTERNAL,Supplier payments
2023-10,US01,Events,PAY-000030,1000_CASH,0.0,783806.78,EXTERNAL,Supplier payments
2023-10,ES01,Spare Parts,REV-000031,1100_AR,1684307.24,0.0,EXTERNAL,External sale
2023-10,ES01,Spare Parts,REV-000031,4000_REVENUE,0.0,1684307.24,EXTERNAL,External sale
2023-10,ES01,Spare Parts,COGS-000031,5000_VARIABLE_COGS,769669.03,0.0,EXTERNAL,Variable cost of sales
2023-10,ES01,Spare Parts,COGS-000031,2100_AP,0.0,769669.03,EXTERNAL,Variable cost of sales
2023-10,ES01,Spare Parts,COGS-000031,5100_FIXED_PRODUCTION,75755.81,0.0,EXTERNAL,Fixed production cost
2023-10,ES01,Spare Parts,COGS-000031,2100_AP,0.0,75755.81,EXTERNAL,Fixed production cost
2023-10,ES01,Spare Parts,OPEX-000031,6000_OPEX,202116.87,0.0,EXTERNAL,Operating expenses
2023-10,ES01,Spare Parts,OPEX-000031,2100_AP,0.0,202116.87,EXTERNAL,Operating expenses
2023-10,ES01,Spare Parts,CAPEX-000031,1500_PPE,16843.07,0.0,EXTERNAL,Capital expenditure
2023-10,ES01,Spare Parts,CAPEX-000031,1000_CASH,0.0,16843.07,EXTERNAL,Capital expenditure
2023-10,ES01,Spare Parts,DEP-000031,6100_DEPRECIATION,200.51,0.0,EXTERNAL,Depreciation
2023-10,ES01,Spare Parts,DEP-000031,1590_ACCUM_DEP,0.0,200.51,EXTERNAL,Depreciation
2023-10,ES01,Spare Parts,COLL-000031,1000_CASH,1381131.94,0.0,EXTERNAL,Customer collections
2023-10,ES01,Spare Parts,COLL-000031,1100_AR,0.0,1381131.94,EXTERNAL,Customer collections
2023-10,ES01,Spare Parts,PAY-000031,2100_AP,817082.53,0.0,EXTERNAL,Supplier payments
2023-10,ES01,Spare Parts,PAY-000031,1000_CASH,0.0,817082.53,EXTERNAL,Supplier payments
2023-10,JP01,Spare Parts,REV-000032,1100_AR,1635366.98,0.0,EXTERNAL,External sale
2023-10,JP01,Spare Parts,REV-000032,4000_REVENUE,0.0,1635366.98,EXTERNAL,External sale
2023-10,JP01,Spare Parts,COGS-000032,5000_VARIABLE_COGS,765470.8,0.0,EXTERNAL,Variable cost of sales
2023-10,JP01,Spare Parts,COGS-000032,2100_AP,0.0,765470.8,EXTERNAL,Variable cost of sales
2023-10,JP01,Spare Parts,COGS-000032,5100_FIXED_PRODUCTION,73017.86,0.0,EXTERNAL,Fixed production cost
2023-10,JP01,Spare Parts,COGS-000032,2100_AP,0.0,73017.86,EXTERNAL,Fixed production cost
2023-10,JP01,Spare Parts,OPEX-000032,6000_OPEX,196244.04,0.0,EXTERNAL,Operating expenses
2023-10,JP01,Spare Parts,OPEX-000032,2100_AP,0.0,196244.04,EXTERNAL,Operating expenses
2023-10,JP01,Spare Parts,CAPEX-000032,1500_PPE,16353.67,0.0,EXTERNAL,Capital expenditure
2023-10,JP01,Spare Parts,CAPEX-000032,1000_CASH,0.0,16353.67,EXTERNAL,Capital expenditure
2023-10,JP01,Spare Parts,DEP-000032,6100_DEPRECIATION,194.69,0.0,EXTERNAL,Depreciation
2023-10,JP01,Spare Parts,DEP-000032,1590_ACCUM_DEP,0.0,194.69,EXTERNAL,Depreciation
2023-10,JP01,Spare Parts,COLL-000032,1000_CASH,1341000.92,0.0,EXTERNAL,Customer collections
2023-10,JP01,Spare Parts,COLL-000032,1100_AR,0.0,1341000.92,EXTERNAL,Customer collections
2023-10,JP01,Spare Parts,PAY-000032,2100_AP,807091.51,0.0,EXTERNAL,Supplier payments
2023-10,JP01,Spare Parts,PAY-000032,1000_CASH,0.0,807091.51,EXTERNAL,Supplier payments
2023-11,DE01,Software,REV-000033,1100_AR,2239068.11,0.0,EXTERNAL,External sale
2023-11,DE01,Software,REV-000033,4000_REVENUE,0.0,2239068.11,EXTERNAL,External sale
2023-11,DE01,Software,COGS-000033,5000_VARIABLE_COGS,675232.17,0.0,EXTERNAL,Variable cost of sales
2023-11,DE01,Software,COGS-000033,2100_AP,0.0,675232.17,EXTERNAL,Variable cost of sales
2023-11,DE01,Software,OPEX-000033,6000_OPEX,514985.67,0.0,EXTERNAL,Operating expenses
2023-11,DE01,Software,OPEX-000033,2100_AP,0.0,514985.67,EXTERNAL,Operating expenses
2023-11,DE01,Software,CAPEX-000033,1500_PPE,22390.68,0.0,EXTERNAL,Capital expenditure
2023-11,DE01,Software,CAPEX-000033,1000_CASH,0.0,22390.68,EXTERNAL,Capital expenditure
2023-11,DE01,Software,DEP-000033,6100_DEPRECIATION,266.56,0.0,EXTERNAL,Depreciation
2023-11,DE01,Software,DEP-000033,1590_ACCUM_DEP,0.0,266.56,EXTERNAL,Depreciation
2023-11,DE01,Software,COLL-000033,1000_CASH,1836035.85,0.0,EXTERNAL,Customer collections
2023-11,DE01,Software,COLL-000033,1100_AR,0.0,1836035.85,EXTERNAL,Customer collections
2023-11,DE01,Software,PAY-000033,2100_AP,928369.91,0.0,EXTERNAL,Supplier payments
2023-11,DE01,Software,PAY-000033,1000_CASH,0.0,928369.91,EXTERNAL,Supplier payments
2023-11,US01,Software,REV-000034,1100_AR,2296703.01,0.0,EXTERNAL,External sale
2023-11,US01,Software,REV-000034,4000_REVENUE,0.0,2296703.01,EXTERNAL,External sale
2023-11,US01,Software,COGS-000034,5000_VARIABLE_COGS,663226.23,0.0,EXTERNAL,Variable cost of sales
2023-11,US01,Software,COGS-000034,2100_AP,0.0,663226.23,EXTERNAL,Variable cost of sales
2023-11,US01,Software,OPEX-000034,6000_OPEX,528241.69,0.0,EXTERNAL,Operating expenses
2023-11,US01,Software,OPEX-000034,2100_AP,0.0,528241.69,EXTERNAL,Operating expenses
2023-11,US01,Software,CAPEX-000034,1500_PPE,22967.03,0.0,EXTERNAL,Capital expenditure
2023-11,US01,Software,CAPEX-000034,1000_CASH,0.0,22967.03,EXTERNAL,Capital expenditure
2023-11,US01,Software,DEP-000034,6100_DEPRECIATION,273.42,0.0,EXTERNAL,Depreciation
2023-11,US01,Software,DEP-000034,1590_ACCUM_DEP,0.0,273.42,EXTERNAL,Depreciation
2023-11,US01,Software,COLL-000034,1000_CASH,1883296.47,0.0,EXTERNAL,Customer collections
2023-11,US01,Software,COLL-000034,1100_AR,0.0,1883296.47,EXTERNAL,Customer collections
2023-11,US01,Software,PAY-000034,2100_AP,929344.98,0.0,EXTERNAL,Supplier payments
2023-11,US01,Software,PAY-000034,1000_CASH,0.0,929344.98,EXTERNAL,Supplier payments
2023-11,JP01,Software,REV-000035,1100_AR,2106614.73,0.0,EXTERNAL,External sale
2023-11,JP01,Software,REV-000035,4000_REVENUE,0.0,2106614.73,EXTERNAL,External sale
2023-11,JP01,Software,COGS-000035,5000_VARIABLE_COGS,639251.35,0.0,EXTERNAL,Variable cost of sales
2023-11,JP01,Software,COGS-000035,2100_AP,0.0,639251.35,EXTERNAL,Variable cost of sales
2023-11,JP01,Software,OPEX-000035,6000_OPEX,484521.39,0.0,EXTERNAL,Operating expenses
2023-11,JP01,Software,OPEX-000035,2100_AP,0.0,484521.39,EXTERNAL,Operating expenses
2023-11,JP01,Software,CAPEX-000035,1500_PPE,21066.15,0.0,EXTERNAL,Capital expenditure
2023-11,JP01,Software,CAPEX-000035,1000_CASH,0.0,21066.15,EXTERNAL,Capital expenditure
2023-11,JP01,Software,DEP-000035,6100_DEPRECIATION,250.79,0.0,EXTERNAL,Depreciation
2023-11,JP01,Software,DEP-000035,1590_ACCUM_DEP,0.0,250.79,EXTERNAL,Depreciation
2023-11,JP01,Software,COLL-000035,1000_CASH,1727424.08,0.0,EXTERNAL,Customer collections
2023-11,JP01,Software,COLL-000035,1100_AR,0.0,1727424.08,EXTERNAL,Customer collections
2023-11,JP01,Software,PAY-000035,2100_AP,876542.73,0.0,EXTERNAL,Supplier payments
2023-11,JP01,Software,PAY-000035,1000_CASH,0.0,876542.73,EXTERNAL,Supplier payments
2023-11,DE01,Hardware,REV-000036,1100_AR,2533552.76,0.0,EXTERNAL,External sale
2023-11,DE01,Hardware,REV-000036,4000_REVENUE,0.0,2533552.76,EXTERNAL,External sale
2023-11,DE01,Hardware,COGS-000036,5000_VARIABLE_COGS,1634630.02,0.0,EXTERNAL,Variable cost of sales
2023-11,DE01,Hardware,COGS-000036,2100_AP,0.0,1634630.02,EXTERNAL,Variable cost of sales
2023-11,DE01,Hardware,COGS-000036,5100_FIXED_PRODUCTION,164483.12,0.0,EXTERNAL,Fixed production cost
2023-11,DE01,Hardware,COGS-000036,2100_AP,0.0,164483.12,EXTERNAL,Fixed production cost
2023-11,DE01,Hardware,OPEX-000036,6000_OPEX,278690.8,0.0,EXTERNAL,Operating expenses
2023-11,DE01,Hardware,OPEX-000036,2100_AP,0.0,278690.8,EXTERNAL,Operating expenses
2023-11,DE01,Hardware,CAPEX-000036,1500_PPE,88674.35,0.0,EXTERNAL,Capital expenditure
2023-11,DE01,Hardware,CAPEX-000036,1000_CASH,0.0,88674.35,EXTERNAL,Capital expenditure
2023-11,DE01,Hardware,DEP-000036,6100_DEPRECIATION,1055.65,0.0,EXTERNAL,Depreciation
2023-11,DE01,Hardware,DEP-000036,1590_ACCUM_DEP,0.0,1055.65,EXTERNAL,Depreciation
2023-11,DE01,Hardware,COLL-000036,1000_CASH,2077513.26,0.0,EXTERNAL,Customer collections
2023-11,DE01,Hardware,COLL-000036,1100_AR,0.0,2077513.26,EXTERNAL,Customer collections
2023-11,DE01,Hardware,PAY-000036,2100_AP,1620687.07,0.0,EXTERNAL,Supplier payments
2023-11,DE01,Hardware,PAY-000036,1000_CASH,0.0,1620687.07,EXTERNAL,Supplier payments
2023-11,ES01,Hardware,REV-000037,1100_AR,2511184.85,0.0,EXTERNAL,External sale
2023-11,ES01,Hardware,REV-000037,4000_REVENUE,0.0,2511184.85,EXTERNAL,External sale
2023-11,ES01,Hardware,COGS-000037,5000_VARIABLE_COGS,1579439.71,0.0,EXTERNAL,Variable cost of sales
2023-11,ES01,Hardware,COGS-000037,2100_AP,0.0,1579439.71,EXTERNAL,Variable cost of sales
2023-11,ES01,Hardware,COGS-000037,5100_FIXED_PRODUCTION,160961.35,0.0,EXTERNAL,Fixed production cost
2023-11,ES01,Hardware,COGS-000037,2100_AP,0.0,160961.35,EXTERNAL,Fixed production cost
2023-11,ES01,Hardware,OPEX-000037,6000_OPEX,276230.33,0.0,EXTERNAL,Operating expenses
2023-11,ES01,Hardware,OPEX-000037,2100_AP,0.0,276230.33,EXTERNAL,Operating expenses
2023-11,ES01,Hardware,CAPEX-000037,1500_PPE,87891.47,0.0,EXTERNAL,Capital expenditure
2023-11,ES01,Hardware,CAPEX-000037,1000_CASH,0.0,87891.47,EXTERNAL,Capital expenditure
2023-11,ES01,Hardware,DEP-000037,6100_DEPRECIATION,1046.33,0.0,EXTERNAL,Depreciation
2023-11,ES01,Hardware,DEP-000037,1590_ACCUM_DEP,0.0,1046.33,EXTERNAL,Depreciation
2023-11,ES01,Hardware,COLL-000037,1000_CASH,2059171.58,0.0,EXTERNAL,Customer collections
2023-11,ES01,Hardware,COLL-000037,1100_AR,0.0,2059171.58,EXTERNAL,Customer collections
2023-11,ES01,Hardware,PAY-000037,2100_AP,1572972.49,0.0,EXTERNAL,Supplier payments
2023-11,ES01,Hardware,PAY-000037,1000_CASH,0.0,1572972.49,EXTERNAL,Supplier payments
2023-11,US01,Hardware,REV-000038,1100_AR,2535029.68,0.0,EXTERNAL,External sale
2023-11,US01,Hardware,REV-000038,4000_REVENUE,0.0,2535029.68,EXTERNAL,External sale
2023-11,US01,Hardware,COGS-000038,5000_VARIABLE_COGS,1629530.84,0.0,EXTERNAL,Variable cost of sales
2023-11,US01,Hardware,COGS-000038,2100_AP,0.0,1629530.84,EXTERNAL,Variable cost of sales
2023-11,US01,Hardware,COGS-000038,5100_FIXED_PRODUCTION,128299.49,0.0,EXTERNAL,Fixed production cost
2023-11,US01,Hardware,COGS-000038,2100_AP,0.0,128299.49,EXTERNAL,Fixed production cost
2023-11,US01,Hardware,OPEX-000038,6000_OPEX,278853.26,0.0,EXTERNAL,Operating expenses
2023-11,US01,Hardware,OPEX-000038,2100_AP,0.0,278853.26,EXTERNAL,Operating expenses
2023-11,US01,Hardware,CAPEX-000038,1500_PPE,88726.04,0.0,EXTERNAL,Capital expenditure
2023-11,US01,Hardware,CAPEX-000038,1000_CASH,0.0,88726.04,EXTERNAL,Capital expenditure
2023-11,US01,Hardware,DEP-000038,6100_DEPRECIATION,1056.26,0.0,EXTERNAL,Depreciation
2023-11,US01,Hardware,DEP-000038,1590_ACCUM_DEP,0.0,1056.26,EXTERNAL,Depreciation
2023-11,US01,Hardware,COLL-000038,1000_CASH,2078724.34,0.0,EXTERNAL,Customer collections
2023-11,US01,Hardware,COLL-000038,1100_AR,0.0,2078724.34,EXTERNAL,Customer collections
2023-11,US01,Hardware,PAY-000038,2100_AP,1588613.2,0.0,EXTERNAL,Supplier payments
2023-11,US01,Hardware,PAY-000038,1000_CASH,0.0,1588613.2,EXTERNAL,Supplier payments
2023-11,JP01,Hardware,REV-000039,1100_AR,2594331.79,0.0,EXTERNAL,External sale
2023-11,JP01,Hardware,REV-000039,4000_REVENUE,0.0,2594331.79,EXTERNAL,External sale
2023-11,JP01,Hardware,COGS-000039,5000_VARIABLE_COGS,1624742.6,0.0,EXTERNAL,Variable cost of sales
2023-11,JP01,Hardware,COGS-000039,2100_AP,0.0,1624742.6,EXTERNAL,Variable cost of sales
2023-11,JP01,Hardware,COGS-000039,5100_FIXED_PRODUCTION,150379.22,0.0,EXTERNAL,Fixed production cost
2023-11,JP01,Hardware,COGS-000039,2100_AP,0.0,150379.22,EXTERNAL,Fixed production cost
2023-11,JP01,Hardware,OPEX-000039,6000_OPEX,285376.5,0.0,EXTERNAL,Operating expenses
2023-11,JP01,Hardware,OPEX-000039,2100_AP,0.0,285376.5,EXTERNAL,Operating expenses
2023-11,JP01,Hardware,CAPEX-000039,1500_PPE,90801.61,0.0,EXTERNAL,Capital expenditure
2023-11,JP01,Hardware,CAPEX-000039,1000_CASH,0.0,90801.61,EXTERNAL,Capital expenditure
2023-11,JP01,Hardware,DEP-000039,6100_DEPRECIATION,1080.97,0.0,EXTERNAL,Depreciation
2023-11,JP01,Hardware,DEP-000039,1590_ACCUM_DEP,0.0,1080.97,EXTERNAL,Depreciation
2023-11,JP01,Hardware,COLL-000039,1000_CASH,2127352.07,0.0,EXTERNAL,Customer collections
2023-11,JP01,Hardware,COLL-000039,1100_AR,0.0,2127352.07,EXTERNAL,Customer collections
2023-11,JP01,Hardware,PAY-000039,2100_AP,1607188.68,0.0,EXTERNAL,Supplier payments
2023-11,JP01,Hardware,PAY-000039,1000_CASH,0.0,1607188.68,EXTERNAL,Supplier payments
2023-11,ES01,Events,REV-000040,1100_AR,1314835.51,0.0,EXTERNAL,External sale
2023-11,ES01,Events,REV-000040,4000_REVENUE,0.0,1314835.51,EXTERNAL,External sale
2023-11,ES01,Events,COGS-000040,5000_VARIABLE_COGS,785408.9,0.0,EXTERNAL,Variable cost of sales
2023-11,ES01,Events,COGS-000040,2100_AP,0.0,785408.9,EXTERNAL,Variable cost of sales
2023-11,ES01,Events,COGS-000040,5100_FIXED_PRODUCTION,35846.12,0.0,EXTERNAL,Fixed production cost
2023-11,ES01,Events,COGS-000040,2100_AP,0.0,35846.12,EXTERNAL,Fixed production cost
2023-11,ES01,Events,OPEX-000040,6000_OPEX,223522.04,0.0,EXTERNAL,Operating expenses
2023-11,ES01,Events,OPEX-000040,2100_AP,0.0,223522.04,EXTERNAL,Operating expenses
2023-11,ES01,Events,CAPEX-000040,1500_PPE,13148.36,0.0,EXTERNAL,Capital expenditure
2023-11,ES01,Events,CAPEX-000040,1000_CASH,0.0,13148.36,EXTERNAL,Capital expenditure
2023-11,ES01,Events,DEP-000040,6100_DEPRECIATION,156.53,0.0,EXTERNAL,Depreciation
2023-11,ES01,Events,DEP-000040,1590_ACCUM_DEP,0.0,156.53,EXTERNAL,Depreciation
2023-11,ES01,Events,COLL-000040,1000_CASH,1078165.12,0.0,EXTERNAL,Customer collections
2023-11,ES01,Events,COLL-000040,1100_AR,0.0,1078165.12,EXTERNAL,Customer collections
2023-11,ES01,Events,PAY-000040,2100_AP,814926.1,0.0,EXTERNAL,Supplier payments
2023-11,ES01,Events,PAY-000040,1000_CASH,0.0,814926.1,EXTERNAL,Supplier payments
2023-11,US01,Events,REV-000041,1100_AR,1378225.86,0.0,EXTERNAL,External sale
2023-11,US01,Events,REV-000041,4000_REVENUE,0.0,1378225.86,EXTERNAL,External sale
2023-11,US01,Events,COGS-000041,5000_VARIABLE_COGS,789574.33,0.0,EXTERNAL,Variable cost of sales
2023-11,US01,Events,COGS-000041,2100_AP,0.0,789574.33,EXTERNAL,Variable cost of sales
2023-11,US01,Events,COGS-000041,5100_FIXED_PRODUCTION,57634.76,0.0,EXTERNAL,Fixed production cost
2023-11,US01,Events,COGS-000041,2100_AP,0.0,57634.76,EXTERNAL,Fixed production cost
2023-11,US01,Events,OPEX-000041,6000_OPEX,234298.4,0.0,EXTERNAL,Operating expenses
2023-11,US01,Events,OPEX-000041,2100_AP,0.0,234298.4,EXTERNAL,Operating expenses
2023-11,US01,Events,CAPEX-000041,1500_PPE,13782.26,0.0,EXTERNAL,Capital expenditure
2023-11,US01,Events,CAPEX-000041,1000_CASH,0.0,13782.26,EXTERNAL,Capital expenditure
2023-11,US01,Events,DEP-000041,6100_DEPRECIATION,164.07,0.0,EXTERNAL,Depreciation
2023-11,US01,Events,DEP-000041,1590_ACCUM_DEP,0.0,164.07,EXTERNAL,Depreciation
2023-11,US01,Events,COLL-000041,1000_CASH,1130145.21,0.0,EXTERNAL,Customer collections
2023-11,US01,Events,COLL-000041,1100_AR,0.0,1130145.21,EXTERNAL,Customer collections
2023-11,US01,Events,PAY-000041,2100_AP,843575.84,0.0,EXTERNAL,Supplier payments
2023-11,US01,Events,PAY-000041,1000_CASH,0.0,843575.84,EXTERNAL,Supplier payments
2023-11,ES01,Spare Parts,REV-000042,1100_AR,1754513.64,0.0,EXTERNAL,External sale
2023-11,ES01,Spare Parts,REV-000042,4000_REVENUE,0.0,1754513.64,EXTERNAL,External sale
2023-11,ES01,Spare Parts,COGS-000042,5000_VARIABLE_COGS,811286.08,0.0,EXTERNAL,Variable cost of sales
2023-11,ES01,Spare Parts,COGS-000042,2100_AP,0.0,811286.08,EXTERNAL,Variable cost of sales
2023-11,ES01,Spare Parts,COGS-000042,5100_FIXED_PRODUCTION,123181.5,0.0,EXTERNAL,Fixed production cost
2023-11,ES01,Spare Parts,COGS-000042,2100_AP,0.0,123181.5,EXTERNAL,Fixed production cost
2023-11,ES01,Spare Parts,OPEX-000042,6000_OPEX,210541.64,0.0,EXTERNAL,Operating expenses
2023-11,ES01,Spare Parts,OPEX-000042,2100_AP,0.0,210541.64,EXTERNAL,Operating expenses
2023-11,ES01,Spare Parts,CAPEX-000042,1500_PPE,17545.14,0.0,EXTERNAL,Capital expenditure
2023-11,ES01,Spare Parts,CAPEX-000042,1000_CASH,0.0,17545.14,EXTERNAL,Capital expenditure
2023-11,ES01,Spare Parts,DEP-000042,6100_DEPRECIATION,208.87,0.0,EXTERNAL,Depreciation
2023-11,ES01,Spare Parts,DEP-000042,1590_ACCUM_DEP,0.0,208.87,EXTERNAL,Depreciation
2023-11,ES01,Spare Parts,COLL-000042,1000_CASH,1438701.18,0.0,EXTERNAL,Customer collections
2023-11,ES01,Spare Parts,COLL-000042,1100_AR,0.0,1438701.18,EXTERNAL,Customer collections
2023-11,ES01,Spare Parts,PAY-000042,2100_AP,893107.19,0.0,EXTERNAL,Supplier payments
2023-11,ES01,Spare Parts,PAY-000042,1000_CASH,0.0,893107.19,EXTERNAL,Supplier payments
2023-11,JP01,Spare Parts,REV-000043,1100_AR,1842480.31,0.0,EXTERNAL,External sale
2023-11,JP01,Spare Parts,REV-000043,4000_REVENUE,0.0,1842480.31,EXTERNAL,External sale
2023-11,JP01,Spare Parts,COGS-000043,5000_VARIABLE_COGS,881633.41,0.0,EXTERNAL,Variable cost of sales
2023-11,JP01,Spare Parts,COGS-000043,2100_AP,0.0,881633.41,EXTERNAL,Variable cost of sales
2023-11,JP01,Spare Parts,COGS-000043,5100_FIXED_PRODUCTION,91285.83,0.0,EXTERNAL,Fixed production cost
2023-11,JP01,Spare Parts,COGS-000043,2100_AP,0.0,91285.83,EXTERNAL,Fixed production cost
2023-11,JP01,Spare Parts,OPEX-000043,6000_OPEX,221097.64,0.0,EXTERNAL,Operating expenses
2023-11,JP01,Spare Parts,OPEX-000043,2100_AP,0.0,221097.64,EXTERNAL,Operating expenses
2023-11,JP01,Spare Parts,CAPEX-000043,1500_PPE,18424.8,0.0,EXTERNAL,Capital expenditure
2023-11,JP01,Spare Parts,CAPEX-000043,1000_CASH,0.0,18424.8,EXTERNAL,Capital expenditure
2023-11,JP01,Spare Parts,DEP-000043,6100_DEPRECIATION,219.34,0.0,EXTERNAL,Depreciation
2023-11,JP01,Spare Parts,DEP-000043,1590_ACCUM_DEP,0.0,219.34,EXTERNAL,Depreciation
2023-11,JP01,Spare Parts,COLL-000043,1000_CASH,1510833.85,0.0,EXTERNAL,Customer collections
2023-11,JP01,Spare Parts,COLL-000043,1100_AR,0.0,1510833.85,EXTERNAL,Customer collections
2023-11,JP01,Spare Parts,PAY-000043,2100_AP,931333.16,0.0,EXTERNAL,Supplier payments
2023-11,JP01,Spare Parts,PAY-000043,1000_CASH,0.0,931333.16,EXTERNAL,Supplier payments
2023-12,DE01,Software,REV-000044,1100_AR,2150105.05,0.0,EXTERNAL,External sale
2023-12,DE01,Software,REV-000044,4000_REVENUE,0.0,2150105.05,EXTERNAL,External sale
2023-12,DE01,Software,COGS-000044,5000_VARIABLE_COGS,593163.23,0.0,EXTERNAL,Variable cost of sales
2023-12,DE01,Software,COGS-000044,2100_AP,0.0,593163.23,EXTERNAL,Variable cost of sales
2023-12,DE01,Software,OPEX-000044,6000_OPEX,494524.16,0.0,EXTERNAL,Operating expenses
2023-12,DE01,Software,OPEX-000044,2100_AP,0.0,494524.16,EXTERNAL,Operating expenses
2023-12,DE01,Software,CAPEX-000044,1500_PPE,21501.05,0.0,EXTERNAL,Capital expenditure
2023-12,DE01,Software,CAPEX-000044,1000_CASH,0.0,21501.05,EXTERNAL,Capital expenditure
2023-12,DE01,Software,DEP-000044,6100_DEPRECIATION,255.96,0.0,EXTERNAL,Depreciation
2023-12,DE01,Software,DEP-000044,1590_ACCUM_DEP,0.0,255.96,EXTERNAL,Depreciation
2023-12,DE01,Software,COLL-000044,1000_CASH,1763086.14,0.0,EXTERNAL,Customer collections
2023-12,DE01,Software,COLL-000044,1100_AR,0.0,1763086.14,EXTERNAL,Customer collections
2023-12,DE01,Software,PAY-000044,2100_AP,848396.16,0.0,EXTERNAL,Supplier payments
2023-12,DE01,Software,PAY-000044,1000_CASH,0.0,848396.16,EXTERNAL,Supplier payments
2023-12,US01,Software,REV-000045,1100_AR,2222766.83,0.0,EXTERNAL,External sale
2023-12,US01,Software,REV-000045,4000_REVENUE,0.0,2222766.83,EXTERNAL,External sale
2023-12,US01,Software,COGS-000045,5000_VARIABLE_COGS,679048.39,0.0,EXTERNAL,Variable cost of sales
2023-12,US01,Software,COGS-000045,2100_AP,0.0,679048.39,EXTERNAL,Variable cost of sales
2023-12,US01,Software,OPEX-000045,6000_OPEX,511236.37,0.0,EXTERNAL,Operating expenses
2023-12,US01,Software,OPEX-000045,2100_AP,0.0,511236.37,EXTERNAL,Operating expenses
2023-12,US01,Software,CAPEX-000045,1500_PPE,22227.67,0.0,EXTERNAL,Capital expenditure
2023-12,US01,Software,CAPEX-000045,1000_CASH,0.0,22227.67,EXTERNAL,Capital expenditure
2023-12,US01,Software,DEP-000045,6100_DEPRECIATION,264.62,0.0,EXTERNAL,Depreciation
2023-12,US01,Software,DEP-000045,1590_ACCUM_DEP,0.0,264.62,EXTERNAL,Depreciation
2023-12,US01,Software,COLL-000045,1000_CASH,1822668.8,0.0,EXTERNAL,Customer collections
2023-12,US01,Software,COLL-000045,1100_AR,0.0,1822668.8,EXTERNAL,Customer collections
2023-12,US01,Software,PAY-000045,2100_AP,928422.11,0.0,EXTERNAL,Supplier payments
2023-12,US01,Software,PAY-000045,1000_CASH,0.0,928422.11,EXTERNAL,Supplier payments
2023-12,JP01,Software,REV-000046,1100_AR,2276191.5,0.0,EXTERNAL,External sale
2023-12,JP01,Software,REV-000046,4000_REVENUE,0.0,2276191.5,EXTERNAL,External sale
2023-12,JP01,Software,COGS-000046,5000_VARIABLE_COGS,654904.51,0.0,EXTERNAL,Variable cost of sales
2023-12,JP01,Software,COGS-000046,2100_AP,0.0,654904.51,EXTERNAL,Variable cost of sales
2023-12,JP01,Software,OPEX-000046,6000_OPEX,523524.05,0.0,EXTERNAL,Operating expenses
2023-12,JP01,Software,OPEX-000046,2100_AP,0.0,523524.05,EXTERNAL,Operating expenses
2023-12,JP01,Software,CAPEX-000046,1500_PPE,22761.92,0.0,EXTERNAL,Capital expenditure
2023-12,JP01,Software,CAPEX-000046,1000_CASH,0.0,22761.92,EXTERNAL,Capital expenditure
2023-12,JP01,Software,DEP-000046,6100_DEPRECIATION,270.98,0.0,EXTERNAL,Depreciation
2023-12,JP01,Software,DEP-000046,1590_ACCUM_DEP,0.0,270.98,EXTERNAL,Depreciation
2023-12,JP01,Software,COLL-000046,1000_CASH,1866477.03,0.0,EXTERNAL,Customer collections
2023-12,JP01,Software,COLL-000046,1100_AR,0.0,1866477.03,EXTERNAL,Customer collections
2023-12,JP01,Software,PAY-000046,2100_AP,919174.27,0.0,EXTERNAL,Supplier payments
2023-12,JP01,Software,PAY-000046,1000_CASH,0.0,919174.27,EXTERNAL,Supplier payments
2023-12,DE01,Hardware,REV-000047,1100_AR,2668537.59,0.0,EXTERNAL,External sale
2023-12,DE01,Hardware,REV-000047,4000_REVENUE,0.0,2668537.59,EXTERNAL,External sale
2023-12,DE01,Hardware,COGS-000047,5000_VARIABLE_COGS,1692825.61,0.0,EXTERNAL,Variable cost of sales
2023-12,DE01,Hardware,COGS-000047,2100_AP,0.0,1692825.61,EXTERNAL,Variable cost of sales
2023-12,DE01,Hardware,COGS-000047,5100_FIXED_PRODUCTION,211830.99,0.0,EXTERNAL,Fixed production cost
2023-12,DE01,Hardware,COGS-000047,2100_AP,0.0,211830.99,EXTERNAL,Fixed production cost
2023-12,DE01,Hardware,OPEX-000047,6000_OPEX,293539.13,0.0,EXTERNAL,Operating expenses
2023-12,DE01,Hardware,OPEX-000047,2100_AP,0.0,293539.13,EXTERNAL,Operating expenses
2023-12,DE01,Hardware,CAPEX-000047,1500_PPE,93398.82,0.0,EXTERNAL,Capital expenditure
2023-12,DE01,Hardware,CAPEX-000047,1000_CASH,0.0,93398.82,EXTERNAL,Capital expenditure
2023-12,DE01,Hardware,DEP-000047,6100_DEPRECIATION,1111.89,0.0,EXTERNAL,Depreciation
2023-12,DE01,Hardware,DEP-000047,1590_ACCUM_DEP,0.0,1111.89,EXTERNAL,Depreciation
2023-12,DE01,Hardware,COLL-000047,1000_CASH,2188200.82,0.0,EXTERNAL,Customer collections
2023-12,DE01,Hardware,COLL-000047,1100_AR,0.0,2188200.82,EXTERNAL,Customer collections
2023-12,DE01,Hardware,PAY-000047,2100_AP,1714592.67,0.0,EXTERNAL,Supplier payments
2023-12,DE01,Hardware,PAY-000047,1000_CASH,0.0,1714592.67,EXTERNAL,Supplier payments
2023-12,ES01,Hardware,REV-000048,1100_AR,2774938.66,0.0,EXTERNAL,External sale
2023-12,ES01,Hardware,REV-000048,4000_REVENUE,0.0,2774938.66,EXTERNAL,External sale
2023-12,ES01,Hardware,COGS-000048,5000_VARIABLE_COGS,1719135.74,0.0,EXTERNAL,Variable cost of sales
2023-12,ES01,Hardware,COGS-000048,2100_AP,0.0,1719135.74,EXTERNAL,Variable cost of sales
2023-12,ES01,Hardware,COGS-000048,5100_FIXED_PRODUCTION,227622.41,0.0,EXTERNAL,Fixed production cost
2023-12,ES01,Hardware,COGS-000048,2100_AP,0.0,227622.41,EXTERNAL,Fixed production cost
2023-12,ES01,Hardware,OPEX-000048,6000_OPEX,305243.25,0.0,EXTERNAL,Operating expenses
2023-12,ES01,Hardware,OPEX-000048,2100_AP,0.0,305243.25,EXTERNAL,Operating expenses
2023-12,ES01,Hardware,CAPEX-000048,1500_PPE,97122.85,0.0,EXTERNAL,Capital expenditure
2023-12,ES01,Hardware,CAPEX-000048,1000_CASH,0.0,97122.85,EXTERNAL,Capital expenditure
2023-12,ES01,Hardware,DEP-000048,6100_DEPRECIATION,1156.22,0.0,EXTERNAL,Depreciation
2023-12,ES01,Hardware,DEP-000048,1590_ACCUM_DEP,0.0,1156.22,EXTERNAL,Depreciation
2023-12,ES01,Hardware,COLL-000048,1000_CASH,2275449.7,0.0,EXTERNAL,Customer collections
2023-12,ES01,Hardware,COLL-000048,1100_AR,0.0,2275449.7,EXTERNAL,Customer collections
2023-12,ES01,Hardware,PAY-000048,2100_AP,1756561.1,0.0,EXTERNAL,Supplier payments
2023-12,ES01,Hardware,PAY-000048,1000_CASH,0.0,1756561.1,EXTERNAL,Supplier payments
2023-12,US01,Hardware,REV-000049,1100_AR,2612173.03,0.0,EXTERNAL,External sale
2023-12,US01,Hardware,REV-000049,4000_REVENUE,0.0,2612173.03,EXTERNAL,External sale
2023-12,US01,Hardware,COGS-000049,5000_VARIABLE_COGS,1608889.87,0.0,EXTERNAL,Variable cost of sales
2023-12,US01,Hardware,COGS-000049,2100_AP,0.0,1608889.87,EXTERNAL,Variable cost of sales
2023-12,US01,Hardware,COGS-000049,5100_FIXED_PRODUCTION,196443.12,0.0,EXTERNAL,Fixed production cost
2023-12,US01,Hardware,COGS-000049,2100_AP,0.0,196443.12,EXTERNAL,Fixed production cost
2023-12,US01,Hardware,OPEX-000049,6000_OPEX,287339.03,0.0,EXTERNAL,Operating expenses
2023-12,US01,Hardware,OPEX-000049,2100_AP,0.0,287339.03,EXTERNAL,Operating expenses
2023-12,US01,Hardware,CAPEX-000049,1500_PPE,91426.06,0.0,EXTERNAL,Capital expenditure
2023-12,US01,Hardware,CAPEX-000049,1000_CASH,0.0,91426.06,EXTERNAL,Capital expenditure
2023-12,US01,Hardware,DEP-000049,6100_DEPRECIATION,1088.41,0.0,EXTERNAL,Depreciation
2023-12,US01,Hardware,DEP-000049,1590_ACCUM_DEP,0.0,1088.41,EXTERNAL,Depreciation
2023-12,US01,Hardware,COLL-000049,1000_CASH,2141981.88,0.0,EXTERNAL,Customer collections
2023-12,US01,Hardware,COLL-000049,1100_AR,0.0,2141981.88,EXTERNAL,Customer collections
2023-12,US01,Hardware,PAY-000049,2100_AP,1632284.18,0.0,EXTERNAL,Supplier payments
2023-12,US01,Hardware,PAY-000049,1000_CASH,0.0,1632284.18,EXTERNAL,Supplier payments
2023-12,JP01,Hardware,REV-000050,1100_AR,2786178.72,0.0,EXTERNAL,External sale
2023-12,JP01,Hardware,REV-000050,4000_REVENUE,0.0,2786178.72,EXTERNAL,External sale
2023-12,JP01,Hardware,COGS-000050,5000_VARIABLE_COGS,1742134.09,0.0,EXTERNAL,Variable cost of sales
2023-12,JP01,Hardware,COGS-000050,2100_AP,0.0,1742134.09,EXTERNAL,Variable cost of sales
2023-12,JP01,Hardware,COGS-000050,5100_FIXED_PRODUCTION,200534.57,0.0,EXTERNAL,Fixed production cost
2023-12,JP01,Hardware,COGS-000050,2100_AP,0.0,200534.57,EXTERNAL,Fixed production cost
2023-12,JP01,Hardware,OPEX-000050,6000_OPEX,306479.66,0.0,EXTERNAL,Operating expenses
2023-12,JP01,Hardware,OPEX-000050,2100_AP,0.0,306479.66,EXTERNAL,Operating expenses
2023-12,JP01,Hardware,CAPEX-000050,1500_PPE,97516.26,0.0,EXTERNAL,Capital expenditure
2023-12,JP01,Hardware,CAPEX-000050,1000_CASH,0.0,97516.26,EXTERNAL,Capital expenditure
2023-12,JP01,Hardware,DEP-000050,6100_DEPRECIATION,1160.91,0.0,EXTERNAL,Depreciation
2023-12,JP01,Hardware,DEP-000050,1590_ACCUM_DEP,0.0,1160.91,EXTERNAL,Depreciation
2023-12,JP01,Hardware,COLL-000050,1000_CASH,2284666.55,0.0,EXTERNAL,Customer collections
2023-12,JP01,Hardware,COLL-000050,1100_AR,0.0,2284666.55,EXTERNAL,Customer collections
2023-12,JP01,Hardware,PAY-000050,2100_AP,1754335.69,0.0,EXTERNAL,Supplier payments
2023-12,JP01,Hardware,PAY-000050,1000_CASH,0.0,1754335.69,EXTERNAL,Supplier payments
2023-12,ES01,Events,REV-000051,1100_AR,1443969.82,0.0,EXTERNAL,External sale
2023-12,ES01,Events,REV-000051,4000_REVENUE,0.0,1443969.82,EXTERNAL,External sale
2023-12,ES01,Events,COGS-000051,5000_VARIABLE_COGS,855508.89,0.0,EXTERNAL,Variable cost of sales
2023-12,ES01,Events,COGS-000051,2100_AP,0.0,855508.89,EXTERNAL,Variable cost of sales
2023-12,ES01,Events,COGS-000051,5100_FIXED_PRODUCTION,35789.01,0.0,EXTERNAL,Fixed production cost
2023-12,ES01,Events,COGS-000051,2100_AP,0.0,35789.01,EXTERNAL,Fixed production cost
2023-12,ES01,Events,OPEX-000051,6000_OPEX,245474.87,0.0,EXTERNAL,Operating expenses
2023-12,ES01,Events,OPEX-000051,2100_AP,0.0,245474.87,EXTERNAL,Operating expenses
2023-12,ES01,Events,CAPEX-000051,1500_PPE,14439.7,0.0,EXTERNAL,Capital expenditure
2023-12,ES01,Events,CAPEX-000051,1000_CASH,0.0,14439.7,EXTERNAL,Capital expenditure
2023-12,ES01,Events,DEP-000051,6100_DEPRECIATION,171.9,0.0,EXTERNAL,Depreciation
2023-12,ES01,Events,DEP-000051,1590_ACCUM_DEP,0.0,171.9,EXTERNAL,Depreciation
2023-12,ES01,Events,COLL-000051,1000_CASH,1184055.25,0.0,EXTERNAL,Customer collections
2023-12,ES01,Events,COLL-000051,1100_AR,0.0,1184055.25,EXTERNAL,Customer collections
2023-12,ES01,Events,PAY-000051,2100_AP,886682.76,0.0,EXTERNAL,Supplier payments
2023-12,ES01,Events,PAY-000051,1000_CASH,0.0,886682.76,EXTERNAL,Supplier payments
2023-12,US01,Events,REV-000052,1100_AR,1371095.7,0.0,EXTERNAL,External sale
2023-12,US01,Events,REV-000052,4000_REVENUE,0.0,1371095.7,EXTERNAL,External sale
2023-12,US01,Events,COGS-000052,5000_VARIABLE_COGS,818015.11,0.0,EXTERNAL,Variable cost of sales
2023-12,US01,Events,COGS-000052,2100_AP,0.0,818015.11,EXTERNAL,Variable cost of sales
2023-12,US01,Events,COGS-000052,5100_FIXED_PRODUCTION,69867.26,0.0,EXTERNAL,Fixed production cost
2023-12,US01,Events,COGS-000052,2100_AP,0.0,69867.26,EXTERNAL,Fixed production cost
2023-12,US01,Events,OPEX-000052,6000_OPEX,233086.27,0.0,EXTERNAL,Operating expenses
2023-12,US01,Events,OPEX-000052,2100_AP,0.0,233086.27,EXTERNAL,Operating expenses
2023-12,US01,Events,CAPEX-000052,1500_PPE,13710.96,0.0,EXTERNAL,Capital expenditure
2023-12,US01,Events,CAPEX-000052,1000_CASH,0.0,13710.96,EXTERNAL,Capital expenditure
2023-12,US01,Events,DEP-000052,6100_DEPRECIATION,163.23,0.0,EXTERNAL,Depreciation
2023-12,US01,Events,DEP-000052,1590_ACCUM_DEP,0.0,163.23,EXTERNAL,Depreciation
2023-12,US01,Events,COLL-000052,1000_CASH,1124298.47,0.0,EXTERNAL,Customer collections
2023-12,US01,Events,COLL-000052,1100_AR,0.0,1124298.47,EXTERNAL,Customer collections
2023-12,US01,Events,PAY-000052,2100_AP,874355.53,0.0,EXTERNAL,Supplier payments
2023-12,US01,Events,PAY-000052,1000_CASH,0.0,874355.53,EXTERNAL,Supplier payments
2023-12,ES01,Spare Parts,REV-000053,1100_AR,1898500.34,0.0,EXTERNAL,External sale
2023-12,ES01,Spare Parts,REV-000053,4000_REVENUE,0.0,1898500.34,EXTERNAL,External sale
2023-12,ES01,Spare Parts,COGS-000053,5000_VARIABLE_COGS,868687.69,0.0,EXTERNAL,Variable cost of sales
2023-12,ES01,Spare Parts,COGS-000053,2100_AP,0.0,868687.69,EXTERNAL,Variable cost of sales
2023-12,ES01,Spare Parts,COGS-000053,5100_FIXED_PRODUCTION,126176.65,0.0,EXTERNAL,Fixed production cost
2023-12,ES01,Spare Parts,COGS-000053,2100_AP,0.0,126176.65,EXTERNAL,Fixed production cost
2023-12,ES01,Spare Parts,OPEX-000053,6000_OPEX,227820.04,0.0,EXTERNAL,Operating expenses
2023-12,ES01,Spare Parts,OPEX-000053,2100_AP,0.0,227820.04,EXTERNAL,Operating expenses
2023-12,ES01,Spare Parts,CAPEX-000053,1500_PPE,18985.0,0.0,EXTERNAL,Capital expenditure
2023-12,ES01,Spare Parts,CAPEX-000053,1000_CASH,0.0,18985.0,EXTERNAL,Capital expenditure
2023-12,ES01,Spare Parts,DEP-000053,6100_DEPRECIATION,226.01,0.0,EXTERNAL,Depreciation
2023-12,ES01,Spare Parts,DEP-000053,1590_ACCUM_DEP,0.0,226.01,EXTERNAL,Depreciation
2023-12,ES01,Spare Parts,COLL-000053,1000_CASH,1556770.28,0.0,EXTERNAL,Customer collections
2023-12,ES01,Spare Parts,COLL-000053,1100_AR,0.0,1556770.28,EXTERNAL,Customer collections
2023-12,ES01,Spare Parts,PAY-000053,2100_AP,953693.81,0.0,EXTERNAL,Supplier payments
2023-12,ES01,Spare Parts,PAY-000053,1000_CASH,0.0,953693.81,EXTERNAL,Supplier payments
2023-12,JP01,Spare Parts,REV-000054,1100_AR,1812847.19,0.0,EXTERNAL,External sale
2023-12,JP01,Spare Parts,REV-000054,4000_REVENUE,0.0,1812847.19,EXTERNAL,External sale
2023-12,JP01,Spare Parts,COGS-000054,5000_VARIABLE_COGS,870589.07,0.0,EXTERNAL,Variable cost of sales
2023-12,JP01,Spare Parts,COGS-000054,2100_AP,0.0,870589.07,EXTERNAL,Variable cost of sales
2023-12,JP01,Spare Parts,COGS-000054,5100_FIXED_PRODUCTION,38592.69,0.0,EXTERNAL,Fixed production cost
2023-12,JP01,Spare Parts,COGS-000054,2100_AP,0.0,38592.69,EXTERNAL,Fixed production cost
2023-12,JP01,Spare Parts,OPEX-000054,6000_OPEX,217541.66,0.0,EXTERNAL,Operating expenses
2023-12,JP01,Spare Parts,OPEX-000054,2100_AP,0.0,217541.66,EXTERNAL,Operating expenses
2023-12,JP01,Spare Parts,CAPEX-000054,1500_PPE,18128.47,0.0,EXTERNAL,Capital expenditure
2023-12,JP01,Spare Parts,CAPEX-000054,1000_CASH,0.0,18128.47,EXTERNAL,Capital expenditure
2023-12,JP01,Spare Parts,DEP-000054,6100_DEPRECIATION,215.82,0.0,EXTERNAL,Depreciation
2023-12,JP01,Spare Parts,DEP-000054,1590_ACCUM_DEP,0.0,215.82,EXTERNAL,Depreciation
2023-12,JP01,Spare Parts,COLL-000054,1000_CASH,1486534.7,0.0,EXTERNAL,Customer collections
2023-12,JP01,Spare Parts,COLL-000054,1100_AR,0.0,1486534.7,EXTERNAL,Customer collections
2023-12,JP01,Spare Parts,PAY-000054,2100_AP,878844.27,0.0,EXTERNAL,Supplier payments
2023-12,JP01,Spare Parts,PAY-000054,1000_CASH,0.0,878844.27,EXTERNAL,Supplier payments
2024-01,DE01,Software,REV-000055,1100_AR,1709329.33,0.0,EXTERNAL,External sale
2024-01,DE01,Software,REV-000055,4000_REVENUE,0.0,1709329.33,EXTERNAL,External sale
2024-01,DE01,Software,COGS-000055,5000_VARIABLE_COGS,506875.27,0.0,EXTERNAL,Variable cost of sales
2024-01,DE01,Software,COGS-000055,2100_AP,0.0,506875.27,EXTERNAL,Variable cost of sales
2024-01,DE01,Software,OPEX-000055,6000_OPEX,393145.75,0.0,EXTERNAL,Operating expenses
2024-01,DE01,Software,OPEX-000055,2100_AP,0.0,393145.75,EXTERNAL,Operating expenses
2024-01,DE01,Software,CAPEX-000055,1500_PPE,17093.29,0.0,EXTERNAL,Capital expenditure
2024-01,DE01,Software,CAPEX-000055,1000_CASH,0.0,17093.29,EXTERNAL,Capital expenditure
2024-01,DE01,Software,DEP-000055,6100_DEPRECIATION,203.49,0.0,EXTERNAL,Depreciation
2024-01,DE01,Software,DEP-000055,1590_ACCUM_DEP,0.0,203.49,EXTERNAL,Depreciation
2024-01,DE01,Software,COLL-000055,1000_CASH,1401650.05,0.0,EXTERNAL,Customer collections
2024-01,DE01,Software,COLL-000055,1100_AR,0.0,1401650.05,EXTERNAL,Customer collections
2024-01,DE01,Software,PAY-000055,2100_AP,702016.39,0.0,EXTERNAL,Supplier payments
2024-01,DE01,Software,PAY-000055,1000_CASH,0.0,702016.39,EXTERNAL,Supplier payments
2024-01,US01,Software,REV-000056,1100_AR,1746204.44,0.0,EXTERNAL,External sale
2024-01,US01,Software,REV-000056,4000_REVENUE,0.0,1746204.44,EXTERNAL,External sale
2024-01,US01,Software,COGS-000056,5000_VARIABLE_COGS,453151.06,0.0,EXTERNAL,Variable cost of sales
2024-01,US01,Software,COGS-000056,2100_AP,0.0,453151.06,EXTERNAL,Variable cost of sales
2024-01,US01,Software,OPEX-000056,6000_OPEX,401627.02,0.0,EXTERNAL,Operating expenses
2024-01,US01,Software,OPEX-000056,2100_AP,0.0,401627.02,EXTERNAL,Operating expenses
2024-01,US01,Software,CAPEX-000056,1500_PPE,17462.04,0.0,EXTERNAL,Capital expenditure
2024-01,US01,Software,CAPEX-000056,1000_CASH,0.0,17462.04,EXTERNAL,Capital expenditure
2024-01,US01,Software,DEP-000056,6100_DEPRECIATION,207.88,0.0,EXTERNAL,Depreciation
2024-01,US01,Software,DEP-000056,1590_ACCUM_DEP,0.0,207.88,EXTERNAL,Depreciation
2024-01,US01,Software,COLL-000056,1000_CASH,1431887.64,0.0,EXTERNAL,Customer collections
2024-01,US01,Software,COLL-000056,1100_AR,0.0,1431887.64,EXTERNAL,Customer collections
2024-01,US01,Software,PAY-000056,2100_AP,666726.9,0.0,EXTERNAL,Supplier payments
2024-01,US01,Software,PAY-000056,1000_CASH,0.0,666726.9,EXTERNAL,Supplier payments
2024-01,JP01,Software,REV-000057,1100_AR,1689031.55,0.0,EXTERNAL,External sale
2024-01,JP01,Software,REV-000057,4000_REVENUE,0.0,1689031.55,EXTERNAL,External sale
2024-01,JP01,Software,COGS-000057,5000_VARIABLE_COGS,487974.47,0.0,EXTERNAL,Variable cost of sales
2024-01,JP01,Software,COGS-000057,2100_AP,0.0,487974.47,EXTERNAL,Variable cost of sales
2024-01,JP01,Software,OPEX-000057,6000_OPEX,388477.26,0.0,EXTERNAL,Operating expenses
2024-01,JP01,Software,OPEX-000057,2100_AP,0.0,388477.26,EXTERNAL,Operating expenses
2024-01,JP01,Software,CAPEX-000057,1500_PPE,16890.32,0.0,EXTERNAL,Capital expenditure
2024-01,JP01,Software,CAPEX-000057,1000_CASH,0.0,16890.32,EXTERNAL,Capital expenditure
2024-01,JP01,Software,DEP-000057,6100_DEPRECIATION,201.08,0.0,EXTERNAL,Depreciation
2024-01,JP01,Software,DEP-000057,1590_ACCUM_DEP,0.0,201.08,EXTERNAL,Depreciation
2024-01,JP01,Software,COLL-000057,1000_CASH,1385005.87,0.0,EXTERNAL,Customer collections
2024-01,JP01,Software,COLL-000057,1100_AR,0.0,1385005.87,EXTERNAL,Customer collections
2024-01,JP01,Software,PAY-000057,2100_AP,683632.34,0.0,EXTERNAL,Supplier payments
2024-01,JP01,Software,PAY-000057,1000_CASH,0.0,683632.34,EXTERNAL,Supplier payments
2024-01,DE01,Hardware,REV-000058,1100_AR,1920892.07,0.0,EXTERNAL,External sale
2024-01,DE01,Hardware,REV-000058,4000_REVENUE,0.0,1920892.07,EXTERNAL,External sale
2024-01,DE01,Hardware,COGS-000058,5000_VARIABLE_COGS,1224118.96,0.0,EXTERNAL,Variable cost of sales
2024-01,DE01,Hardware,COGS-000058,2100_AP,0.0,1224118.96,EXTERNAL,Variable cost of sales
2024-01,DE01,Hardware,COGS-000058,5100_FIXED_PRODUCTION,131435.78,0.0,EXTERNAL,Fixed production cost
2024-01,DE01,Hardware,COGS-000058,2100_AP,0.0,131435.78,EXTERNAL,Fixed production cost
2024-01,DE01,Hardware,OPEX-000058,6000_OPEX,211298.13,0.0,EXTERNAL,Operating expenses
2024-01,DE01,Hardware,OPEX-000058,2100_AP,0.0,211298.13,EXTERNAL,Operating expenses
2024-01,DE01,Hardware,CAPEX-000058,1500_PPE,67231.22,0.0,EXTERNAL,Capital expenditure
2024-01,DE01,Hardware,CAPEX-000058,1000_CASH,0.0,67231.22,EXTERNAL,Capital expenditure
2024-01,DE01,Hardware,DEP-000058,6100_DEPRECIATION,800.37,0.0,EXTERNAL,Depreciation
2024-01,DE01,Hardware,DEP-000058,1590_ACCUM_DEP,0.0,800.37,EXTERNAL,Depreciation
2024-01,DE01,Hardware,COLL-000058,1000_CASH,1575131.5,0.0,EXTERNAL,Customer collections
2024-01,DE01,Hardware,COLL-000058,1100_AR,0.0,1575131.5,EXTERNAL,Customer collections
2024-01,DE01,Hardware,PAY-000058,2100_AP,1222145.24,0.0,EXTERNAL,Supplier payments
2024-01,DE01,Hardware,PAY-000058,1000_CASH,0.0,1222145.24,EXTERNAL,Supplier payments
2024-01,ES01,Hardware,REV-000059,1100_AR,1887027.11,0.0,EXTERNAL,External sale
2024-01,ES01,Hardware,REV-000059,4000_REVENUE,0.0,1887027.11,EXTERNAL,External sale
2024-01,ES01,Hardware,COGS-000059,5000_VARIABLE_COGS,1160256.21,0.0,EXTERNAL,Variable cost of sales
2024-01,ES01,Hardware,COGS-000059,2100_AP,0.0,1160256.21,EXTERNAL,Variable cost of sales
2024-01,ES01,Hardware,COGS-000059,5100_FIXED_PRODUCTION,116593.23,0.0,EXTERNAL,Fixed production cost
2024-01,ES01,Hardware,COGS-000059,2100_AP,0.0,116593.23,EXTERNAL,Fixed production cost
2024-01,ES01,Hardware,OPEX-000059,6000_OPEX,207572.98,0.0,EXTERNAL,Operating expenses
2024-01,ES01,Hardware,OPEX-000059,2100_AP,0.0,207572.98,EXTERNAL,Operating expenses
2024-01,ES01,Hardware,CAPEX-000059,1500_PPE,66045.95,0.0,EXTERNAL,Capital expenditure
2024-01,ES01,Hardware,CAPEX-000059,1000_CASH,0.0,66045.95,EXTERNAL,Capital expenditure
2024-01,ES01,Hardware,DEP-000059,6100_DEPRECIATION,786.26,0.0,EXTERNAL,Depreciation
2024-01,ES01,Hardware,DEP-000059,1590_ACCUM_DEP,0.0,786.26,EXTERNAL,Depreciation
2024-01,ES01,Hardware,COLL-000059,1000_CASH,1547362.23,0.0,EXTERNAL,Customer collections
2024-01,ES01,Hardware,COLL-000059,1100_AR,0.0,1547362.23,EXTERNAL,Customer collections
2024-01,ES01,Hardware,PAY-000059,2100_AP,1157849.49,0.0,EXTERNAL,Supplier payments
2024-01,ES01,Hardware,PAY-000059,1000_CASH,0.0,1157849.49,EXTERNAL,Supplier payments
2024-01,US01,Hardware,REV-000060,1100_AR,2146375.88,0.0,EXTERNAL,External sale
2024-01,US01,Hardware,REV-000060,4000_REVENUE,0.0,2146375.88,EXTERNAL,External sale
2024-01,US01,Hardware,COGS-000060,5000_VARIABLE_COGS,1341284.32,0.0,EXTERNAL,Variable cost of sales
2024-01,US01,Hardware,COGS-000060,2100_AP,0.0,1341284.32,EXTERNAL,Variable cost of sales
2024-01,US01,Hardware,COGS-000060,5100_FIXED_PRODUCTION,156249.27,0.0,EXTERNAL,Fixed production cost
2024-01,US01,Hardware,COGS-000060,2100_AP,0.0,156249.27,EXTERNAL,Fixed production cost
2024-01,US01,Hardware,OPEX-000060,6000_OPEX,236101.35,0.0,EXTERNAL,Operating expenses
2024-01,US01,Hardware,OPEX-000060,2100_AP,0.0,236101.35,EXTERNAL,Operating expenses
2024-01,US01,Hardware,CAPEX-000060,1500_PPE,75123.16,0.0,EXTERNAL,Capital expenditure
2024-01,US01,Hardware,CAPEX-000060,1000_CASH,0.0,75123.16,EXTERNAL,Capital expenditure
2024-01,US01,Hardware,DEP-000060,6100_DEPRECIATION,894.32,0.0,EXTERNAL,Depreciation
2024-01,US01,Hardware,DEP-000060,1590_ACCUM_DEP,0.0,894.32,EXTERNAL,Depreciation
2024-01,US01,Hardware,COLL-000060,1000_CASH,1760028.22,0.0,EXTERNAL,Customer collections
2024-01,US01,Hardware,COLL-000060,1100_AR,0.0,1760028.22,EXTERNAL,Customer collections
2024-01,US01,Hardware,PAY-000060,2100_AP,1352235.25,0.0,EXTERNAL,Supplier payments
2024-01,US01,Hardware,PAY-000060,1000_CASH,0.0,1352235.25,EXTERNAL,Supplier payments
2024-01,JP01,Hardware,REV-000061,1100_AR,1972833.2,0.0,EXTERNAL,External sale
2024-01,JP01,Hardware,REV-000061,4000_REVENUE,0.0,1972833.2,EXTERNAL,External sale
2024-01,JP01,Hardware,COGS-000061,5000_VARIABLE_COGS,1226579.15,0.0,EXTERNAL,Variable cost of sales
2024-01,JP01,Hardware,COGS-000061,2100_AP,0.0,1226579.15,EXTERNAL,Variable cost of sales
2024-01,JP01,Hardware,COGS-000061,5100_FIXED_PRODUCTION,187025.43,0.0,EXTERNAL,Fixed production cost
2024-01,JP01,Hardware,COGS-000061,2100_AP,0.0,187025.43,EXTERNAL,Fixed production cost
2024-01,JP01,Hardware,OPEX-000061,6000_OPEX,217011.65,0.0,EXTERNAL,Operating expenses
2024-01,JP01,Hardware,OPEX-000061,2100_AP,0.0,217011.65,EXTERNAL,Operating expenses
2024-01,JP01,Hardware,CAPEX-000061,1500_PPE,69049.16,0.0,EXTERNAL,Capital expenditure
2024-01,JP01,Hardware,CAPEX-000061,1000_CASH,0.0,69049.16,EXTERNAL,Capital expenditure
2024-01,JP01,Hardware,DEP-000061,6100_DEPRECIATION,822.01,0.0,EXTERNAL,Depreciation
2024-01,JP01,Hardware,DEP-000061,1590_ACCUM_DEP,0.0,822.01,EXTERNAL,Depreciation
2024-01,JP01,Hardware,COLL-000061,1000_CASH,1617723.22,0.0,EXTERNAL,Customer collections
2024-01,JP01,Hardware,COLL-000061,1100_AR,0.0,1617723.22,EXTERNAL,Customer collections
2024-01,JP01,Hardware,PAY-000061,2100_AP,1271880.66,0.0,EXTERNAL,Supplier payments
2024-01,JP01,Hardware,PAY-000061,1000_CASH,0.0,1271880.66,EXTERNAL,Supplier payments
2024-01,ES01,Events,REV-000062,1100_AR,1022139.04,0.0,EXTERNAL,External sale
2024-01,ES01,Events,REV-000062,4000_REVENUE,0.0,1022139.04,EXTERNAL,External sale
2024-01,ES01,Events,COGS-000062,5000_VARIABLE_COGS,601424.78,0.0,EXTERNAL,Variable cost of sales
2024-01,ES01,Events,COGS-000062,2100_AP,0.0,601424.78,EXTERNAL,Variable cost of sales
2024-01,ES01,Events,COGS-000062,5100_FIXED_PRODUCTION,58415.1,0.0,EXTERNAL,Fixed production cost
2024-01,ES01,Events,COGS-000062,2100_AP,0.0,58415.1,EXTERNAL,Fixed production cost
2024-01,ES01,Events,OPEX-000062,6000_OPEX,173763.64,0.0,EXTERNAL,Operating expenses
2024-01,ES01,Events,OPEX-000062,2100_AP,0.0,173763.64,EXTERNAL,Operating expenses
2024-01,ES01,Events,CAPEX-000062,1500_PPE,10221.39,0.0,EXTERNAL,Capital expenditure
2024-01,ES01,Events,CAPEX-000062,1000_CASH,0.0,10221.39,EXTERNAL,Capital expenditure
2024-01,ES01,Events,DEP-000062,6100_DEPRECIATION,121.68,0.0,EXTERNAL,Depreciation
2024-01,ES01,Events,DEP-000062,1590_ACCUM_DEP,0.0,121.68,EXTERNAL,Depreciation
2024-01,ES01,Events,COLL-000062,1000_CASH,838154.01,0.0,EXTERNAL,Customer collections
2024-01,ES01,Events,COLL-000062,1100_AR,0.0,838154.01,EXTERNAL,Customer collections
2024-01,ES01,Events,PAY-000062,2100_AP,650210.74,0.0,EXTERNAL,Supplier payments
2024-01,ES01,Events,PAY-000062,1000_CASH,0.0,650210.74,EXTERNAL,Supplier payments
2024-01,US01,Events,REV-000063,1100_AR,1031573.42,0.0,EXTERNAL,External sale
2024-01,US01,Events,REV-000063,4000_REVENUE,0.0,1031573.42,EXTERNAL,External sale
2024-01,US01,Events,COGS-000063,5000_VARIABLE_COGS,627167.99,0.0,EXTERNAL,Variable cost of sales
2024-01,US01,Events,COGS-000063,2100_AP,0.0,627167.99,EXTERNAL,Variable cost of sales
2024-01,US01,Events,COGS-000063,5100_FIXED_PRODUCTION,10173.5,0.0,EXTERNAL,Fixed production cost
2024-01,US01,Events,COGS-000063,2100_AP,0.0,10173.5,EXTERNAL,Fixed production cost
2024-01,US01,Events,OPEX-000063,6000_OPEX,175367.48,0.0,EXTERNAL,Operating expenses
2024-01,US01,Events,OPEX-000063,2100_AP,0.0,175367.48,EXTERNAL,Operating expenses
2024-01,US01,Events,CAPEX-000063,1500_PPE,10315.73,0.0,EXTERNAL,Capital expenditure
2024-01,US01,Events,CAPEX-000063,1000_CASH,0.0,10315.73,EXTERNAL,Capital expenditure
2024-01,US01,Events,DEP-000063,6100_DEPRECIATION,122.81,0.0,EXTERNAL,Depreciation
2024-01,US01,Events,DEP-000063,1590_ACCUM_DEP,0.0,122.81,EXTERNAL,Depreciation
2024-01,US01,Events,COLL-000063,1000_CASH,845890.2,0.0,EXTERNAL,Customer collections
2024-01,US01,Events,COLL-000063,1100_AR,0.0,845890.2,EXTERNAL,Customer collections
2024-01,US01,Events,PAY-000063,2100_AP,633913.0,0.0,EXTERNAL,Supplier payments
2024-01,US01,Events,PAY-000063,1000_CASH,0.0,633913.0,EXTERNAL,Supplier payments
2024-01,ES01,Spare Parts,REV-000064,1100_AR,1356131.02,0.0,EXTERNAL,External sale
2024-01,ES01,Spare Parts,REV-000064,4000_REVENUE,0.0,1356131.02,EXTERNAL,External sale
2024-01,ES01,Spare Parts,COGS-000064,5000_VARIABLE_COGS,620703.76,0.0,EXTERNAL,Variable cost of sales
2024-01,ES01,Spare Parts,COGS-000064,2100_AP,0.0,620703.76,EXTERNAL,Variable cost of sales
2024-01,ES01,Spare Parts,COGS-000064,5100_FIXED_PRODUCTION,70005.4,0.0,EXTERNAL,Fixed production cost
2024-01,ES01,Spare Parts,COGS-000064,2100_AP,0.0,70005.4,EXTERNAL,Fixed production cost
2024-01,ES01,Spare Parts,OPEX-000064,6000_OPEX,162735.72,0.0,EXTERNAL,Operating expenses
2024-01,ES01,Spare Parts,OPEX-000064,2100_AP,0.0,162735.72,EXTERNAL,Operating expenses
2024-01,ES01,Spare Parts,CAPEX-000064,1500_PPE,13561.31,0.0,EXTERNAL,Capital expenditure
2024-01,ES01,Spare Parts,CAPEX-000064,1000_CASH,0.0,13561.31,EXTERNAL,Capital expenditure
2024-01,ES01,Spare Parts,DEP-000064,6100_DEPRECIATION,161.44,0.0,EXTERNAL,Depreciation
2024-01,ES01,Spare Parts,DEP-000064,1590_ACCUM_DEP,0.0,161.44,EXTERNAL,Depreciation
2024-01,ES01,Spare Parts,COLL-000064,1000_CASH,1112027.44,0.0,EXTERNAL,Customer collections
2024-01,ES01,Spare Parts,COLL-000064,1100_AR,0.0,1112027.44,EXTERNAL,Customer collections
2024-01,ES01,Spare Parts,PAY-000064,2100_AP,665687.0,0.0,EXTERNAL,Supplier payments
2024-01,ES01,Spare Parts,PAY-000064,1000_CASH,0.0,665687.0,EXTERNAL,Supplier payments
2024-01,JP01,Spare Parts,REV-000065,1100_AR,1355833.38,0.0,EXTERNAL,External sale
2024-01,JP01,Spare Parts,REV-000065,4000_REVENUE,0.0,1355833.38,EXTERNAL,External sale
2024-01,JP01,Spare Parts,COGS-000065,5000_VARIABLE_COGS,660523.94,0.0,EXTERNAL,Variable cost of sales
2024-01,JP01,Spare Parts,COGS-000065,2100_AP,0.0,660523.94,EXTERNAL,Variable cost of sales
2024-01,JP01,Spare Parts,COGS-000065,5100_FIXED_PRODUCTION,27443.97,0.0,EXTERNAL,Fixed production cost
2024-01,JP01,Spare Parts,COGS-000065,2100_AP,0.0,27443.97,EXTERNAL,Fixed production cost
2024-01,JP01,Spare Parts,OPEX-000065,6000_OPEX,162700.01,0.0,EXTERNAL,Operating expenses
2024-01,JP01,Spare Parts,OPEX-000065,2100_AP,0.0,162700.01,EXTERNAL,Operating expenses
2024-01,JP01,Spare Parts,CAPEX-000065,1500_PPE,13558.33,0.0,EXTERNAL,Capital expenditure
2024-01,JP01,Spare Parts,CAPEX-000065,1000_CASH,0.0,13558.33,EXTERNAL,Capital expenditure
2024-01,JP01,Spare Parts,DEP-000065,6100_DEPRECIATION,161.41,0.0,EXTERNAL,Depreciation
2024-01,JP01,Spare Parts,DEP-000065,1590_ACCUM_DEP,0.0,161.41,EXTERNAL,Depreciation
2024-01,JP01,Spare Parts,COLL-000065,1000_CASH,1111783.37,0.0,EXTERNAL,Customer collections
2024-01,JP01,Spare Parts,COLL-000065,1100_AR,0.0,1111783.37,EXTERNAL,Customer collections
2024-01,JP01,Spare Parts,PAY-000065,2100_AP,663520.97,0.0,EXTERNAL,Supplier payments
2024-01,JP01,Spare Parts,PAY-000065,1000_CASH,0.0,663520.97,EXTERNAL,Supplier payments
2024-02,DE01,Software,REV-000066,1100_AR,1807743.45,0.0,EXTERNAL,External sale
2024-02,DE01,Software,REV-000066,4000_REVENUE,0.0,1807743.45,EXTERNAL,External sale
2024-02,DE01,Software,COGS-000066,5000_VARIABLE_COGS,541504.82,0.0,EXTERNAL,Variable cost of sales
2024-02,DE01,Software,COGS-000066,2100_AP,0.0,541504.82,EXTERNAL,Variable cost of sales
2024-02,DE01,Software,OPEX-000066,6000_OPEX,415780.99,0.0,EXTERNAL,Operating expenses
2024-02,DE01,Software,OPEX-000066,2100_AP,0.0,415780.99,EXTERNAL,Operating expenses
2024-02,DE01,Software,CAPEX-000066,1500_PPE,18077.43,0.0,EXTERNAL,Capital expenditure
2024-02,DE01,Software,CAPEX-000066,1000_CASH,0.0,18077.43,EXTERNAL,Capital expenditure
2024-02,DE01,Software,DEP-000066,6100_DEPRECIATION,215.21,0.0,EXTERNAL,Depreciation
2024-02,DE01,Software,DEP-000066,1590_ACCUM_DEP,0.0,215.21,EXTERNAL,Depreciation
2024-02,DE01,Software,COLL-000066,1000_CASH,1482349.63,0.0,EXTERNAL,Customer collections
2024-02,DE01,Software,COLL-000066,1100_AR,0.0,1482349.63,EXTERNAL,Customer collections
2024-02,DE01,Software,PAY-000066,2100_AP,746682.94,0.0,EXTERNAL,Supplier payments
2024-02,DE01,Software,PAY-000066,1000_CASH,0.0,746682.94,EXTERNAL,Supplier payments
2024-02,US01,Software,REV-000067,1100_AR,1739777.5,0.0,EXTERNAL,External sale
2024-02,US01,Software,REV-000067,4000_REVENUE,0.0,1739777.5,EXTERNAL,External sale
2024-02,US01,Software,COGS-000067,5000_VARIABLE_COGS,501591.44,0.0,EXTERNAL,Variable cost of sales
2024-02,US01,Software,COGS-000067,2100_AP,0.0,501591.44,EXTERNAL,Variable cost of sales
2024-02,US01,Software,OPEX-000067,6000_OPEX,400148.83,0.0,EXTERNAL,Operating expenses
2024-02,US01,Software,OPEX-000067,2100_AP,0.0,400148.83,EXTERNAL,Operating expenses
2024-02,US01,Software,CAPEX-000067,1500_PPE,17397.78,0.0,EXTERNAL,Capital expenditure
2024-02,US01,Software,CAPEX-000067,1000_CASH,0.0,17397.78,EXTERNAL,Capital expenditure
2024-02,US01,Software,DEP-000067,6100_DEPRECIATION,207.12,0.0,EXTERNAL,Depreciation
2024-02,US01,Software,DEP-000067,1590_ACCUM_DEP,0.0,207.12,EXTERNAL,Depreciation
2024-02,US01,Software,COLL-000067,1000_CASH,1426617.55,0.0,EXTERNAL,Customer collections
2024-02,US01,Software,COLL-000067,1100_AR,0.0,1426617.55,EXTERNAL,Customer collections
2024-02,US01,Software,PAY-000067,2100_AP,703357.4,0.0,EXTERNAL,Supplier payments
2024-02,US01,Software,PAY-000067,1000_CASH,0.0,703357.4,EXTERNAL,Supplier payments
2024-02,JP01,Software,REV-000068,1100_AR,1836962.96,0.0,EXTERNAL,External sale
2024-02,JP01,Software,REV-000068,4000_REVENUE,0.0,1836962.96,EXTERNAL,External sale
2024-02,JP01,Software,COGS-000068,5000_VARIABLE_COGS,525126.65,0.0,EXTERNAL,Variable cost of sales
2024-02,JP01,Software,COGS-000068,2100_AP,0.0,525126.65,EXTERNAL,Variable cost of sales
2024-02,JP01,Software,OPEX-000068,6000_OPEX,422501.48,0.0,EXTERNAL,Operating expenses
2024-02,JP01,Software,OPEX-000068,2100_AP,0.0,422501.48,EXTERNAL,Operating expenses
2024-02,JP01,Software,CAPEX-000068,1500_PPE,18369.63,0.0,EXTERNAL,Capital expenditure
2024-02,JP01,Software,CAPEX-000068,1000_CASH,0.0,18369.63,EXTERNAL,Capital expenditure
2024-02,JP01,Software,DEP-000068,6100_DEPRECIATION,218.69,0.0,EXTERNAL,Depreciation
2024-02,JP01,Software,DEP-000068,1590_ACCUM_DEP,0.0,218.69,EXTERNAL,Depreciation
2024-02,JP01,Software,COLL-000068,1000_CASH,1506309.63,0.0,EXTERNAL,Customer collections
2024-02,JP01,Software,COLL-000068,1100_AR,0.0,1506309.63,EXTERNAL,Customer collections
2024-02,JP01,Software,PAY-000068,2100_AP,739149.94,0.0,EXTERNAL,Supplier payments
2024-02,JP01,Software,PAY-000068,1000_CASH,0.0,739149.94,EXTERNAL,Supplier payments
2024-02,DE01,Hardware,REV-000069,1100_AR,2160012.34,0.0,EXTERNAL,External sale
2024-02,DE01,Hardware,REV-000069,4000_REVENUE,0.0,2160012.34,EXTERNAL,External sale
2024-02,DE01,Hardware,COGS-000069,5000_VARIABLE_COGS,1363209.22,0.0,EXTERNAL,Variable cost of sales
2024-02,DE01,Hardware,COGS-000069,2100_AP,0.0,1363209.22,EXTERNAL,Variable cost of sales
2024-02,DE01,Hardware,COGS-000069,5100_FIXED_PRODUCTION,174870.92,0.0,EXTERNAL,Fixed production cost
2024-02,DE01,Hardware,COGS-000069,2100_AP,0.0,174870.92,EXTERNAL,Fixed production cost
2024-02,DE01,Hardware,OPEX-000069,6000_OPEX,237601.36,0.0,EXTERNAL,Operating expenses
2024-02,DE01,Hardware,OPEX-000069,2100_AP,0.0,237601.36,EXTERNAL,Operating expenses
2024-02,DE01,Hardware,CAPEX-000069,1500_PPE,75600.43,0.0,EXTERNAL,Capital expenditure
2024-02,DE01,Hardware,CAPEX-000069,1000_CASH,0.0,75600.43,EXTERNAL,Capital expenditure
2024-02,DE01,Hardware,DEP-000069,6100_DEPRECIATION,900.01,0.0,EXTERNAL,Depreciation
2024-02,DE01,Hardware,DEP-000069,1590_ACCUM_DEP,0.0,900.01,EXTERNAL,Depreciation
2024-02,DE01,Hardware,COLL-000069,1000_CASH,1771210.12,0.0,EXTERNAL,Customer collections
2024-02,DE01,Hardware,COLL-000069,1100_AR,0.0,1771210.12,EXTERNAL,Customer collections
2024-02,DE01,Hardware,PAY-000069,2100_AP,1385031.57,0.0,EXTERNAL,Supplier payments
2024-02,DE01,Hardware,PAY-000069,1000_CASH,0.0,1385031.57,EXTERNAL,Supplier payments
2024-02,ES01,Hardware,REV-000070,1100_AR,2211826.33,0.0,EXTERNAL,External sale
2024-02,ES01,Hardware,REV-000070,4000_REVENUE,0.0,2211826.33,EXTERNAL,External sale
2024-02,ES01,Hardware,COGS-000070,5000_VARIABLE_COGS,1403514.82,0.0,EXTERNAL,Variable cost of sales
2024-02,ES01,Hardware,COGS-000070,2100_AP,0.0,1403514.82,EXTERNAL,Variable cost of sales
2024-02,ES01,Hardware,COGS-000070,5100_FIXED_PRODUCTION,74669.13,0.0,EXTERNAL,Fixed production cost
2024-02,ES01,Hardware,COGS-000070,2100_AP,0.0,74669.13,EXTERNAL,Fixed production cost
2024-02,ES01,Hardware,OPEX-000070,6000_OPEX,243300.9,0.0,EXTERNAL,Operating expenses
2024-02,ES01,Hardware,OPEX-000070,2100_AP,0.0,243300.9,EXTERNAL,Operating expenses
2024-02,ES01,Hardware,CAPEX-000070,1500_PPE,77413.92,0.0,EXTERNAL,Capital expenditure
2024-02,ES01,Hardware,CAPEX-000070,1000_CASH,0.0,77413.92,EXTERNAL,Capital expenditure
2024-02,ES01,Hardware,DEP-000070,6100_DEPRECIATION,921.59,0.0,EXTERNAL,Depreciation
2024-02,ES01,Hardware,DEP-000070,1590_ACCUM_DEP,0.0,921.59,EXTERNAL,Depreciation
2024-02,ES01,Hardware,COLL-000070,1000_CASH,1813697.59,0.0,EXTERNAL,Customer collections
2024-02,ES01,Hardware,COLL-000070,1100_AR,0.0,1813697.59,EXTERNAL,Customer collections
2024-02,ES01,Hardware,PAY-000070,2100_AP,1342758.18,0.0,EXTERNAL,Supplier payments
2024-02,ES01,Hardware,PAY-000070,1000_CASH,0.0,1342758.18,EXTERNAL,Supplier payments
2024-02,US01,Hardware,REV-000071,1100_AR,2112956.56,0.0,EXTERNAL,External sale
2024-02,US01,Hardware,REV-000071,4000_REVENUE,0.0,2112956.56,EXTERNAL,External sale
2024-02,US01,Hardware,COGS-000071,5000_VARIABLE_COGS,1330530.03,0.0,EXTERNAL,Variable cost of sales
2024-02,US01,Hardware,COGS-000071,2100_AP,0.0,1330530.03,EXTERNAL,Variable cost of sales
2024-02,US01,Hardware,COGS-000071,5100_FIXED_PRODUCTION,122504.97,0.0,EXTERNAL,Fixed production cost
2024-02,US01,Hardware,COGS-000071,2100_AP,0.0,122504.97,EXTERNAL,Fixed production cost
2024-02,US01,Hardware,OPEX-000071,6000_OPEX,232425.22,0.0,EXTERNAL,Operating expenses
2024-02,US01,Hardware,OPEX-000071,2100_AP,0.0,232425.22,EXTERNAL,Operating expenses
2024-02,US01,Hardware,CAPEX-000071,1500_PPE,73953.48,0.0,EXTERNAL,Capital expenditure
2024-02,US01,Hardware,CAPEX-000071,1000_CASH,0.0,73953.48,EXTERNAL,Capital expenditure
2024-02,US01,Hardware,DEP-000071,6100_DEPRECIATION,880.4,0.0,EXTERNAL,Depreciation
2024-02,US01,Hardware,DEP-000071,1590_ACCUM_DEP,0.0,880.4,EXTERNAL,Depreciation
2024-02,US01,Hardware,COLL-000071,1000_CASH,1732624.38,0.0,EXTERNAL,Customer collections
2024-02,US01,Hardware,COLL-000071,1100_AR,0.0,1732624.38,EXTERNAL,Customer collections
2024-02,US01,Hardware,PAY-000071,2100_AP,1314658.97,0.0,EXTERNAL,Supplier payments
2024-02,US01,Hardware,PAY-000071,1000_CASH,0.0,1314658.97,EXTERNAL,Supplier payments
2024-02,JP01,Hardware,REV-000072,1100_AR,2145234.93,0.0,EXTERNAL,External sale
2024-02,JP01,Hardware,REV-000072,4000_REVENUE,0.0,2145234.93,EXTERNAL,External sale
2024-02,JP01,Hardware,COGS-000072,5000_VARIABLE_COGS,1359861.51,0.0,EXTERNAL,Variable cost of sales
2024-02,JP01,Hardware,COGS-000072,2100_AP,0.0,1359861.51,EXTERNAL,Variable cost of sales
2024-02,JP01,Hardware,COGS-000072,5100_FIXED_PRODUCTION,114563.92,0.0,EXTERNAL,Fixed production cost
2024-02,JP01,Hardware,COGS-000072,2100_AP,0.0,114563.92,EXTERNAL,Fixed production cost
2024-02,JP01,Hardware,OPEX-000072,6000_OPEX,235975.84,0.0,EXTERNAL,Operating expenses
2024-02,JP01,Hardware,OPEX-000072,2100_AP,0.0,235975.84,EXTERNAL,Operating expenses
2024-02,JP01,Hardware,CAPEX-000072,1500_PPE,75083.22,0.0,EXTERNAL,Capital expenditure
2024-02,JP01,Hardware,CAPEX-000072,1000_CASH,0.0,75083.22,EXTERNAL,Capital expenditure
2024-02,JP01,Hardware,DEP-000072,6100_DEPRECIATION,893.85,0.0,EXTERNAL,Depreciation
2024-02,JP01,Hardware,DEP-000072,1590_ACCUM_DEP,0.0,893.85,EXTERNAL,Depreciation
2024-02,JP01,Hardware,COLL-000072,1000_CASH,1759092.64,0.0,EXTERNAL,Customer collections
2024-02,JP01,Hardware,COLL-000072,1100_AR,0.0,1759092.64,EXTERNAL,Customer collections
2024-02,JP01,Hardware,PAY-000072,2100_AP,1334113.0,0.0,EXTERNAL,Supplier payments
2024-02,JP01,Hardware,PAY-000072,1000_CASH,0.0,1334113.0,EXTERNAL,Supplier payments
2024-02,ES01,Events,REV-000073,1100_AR,1090033.3,0.0,EXTERNAL,External sale
2024-02,ES01,Events,REV-000073,4000_REVENUE,0.0,1090033.3,EXTERNAL,External sale
2024-02,ES01,Events,COGS-000073,5000_VARIABLE_COGS,649898.17,0.0,EXTERNAL,Variable cost of sales
2024-02,ES01,Events,COGS-000073,2100_AP,0.0,649898.17,EXTERNAL,Variable cost of sales
2024-02,ES01,Events,COGS-000073,5100_FIXED_PRODUCTION,20767.45,0.0,EXTERNAL,Fixed production cost
2024-02,ES01,Events,COGS-000073,2100_AP,0.0,20767.45,EXTERNAL,Fixed production cost
2024-02,ES01,Events,OPEX-000073,6000_OPEX,185305.66,0.0,EXTERNAL,Operating expenses
2024-02,ES01,Events,OPEX-000073,2100_AP,0.0,185305.66,EXTERNAL,Operating expenses
2024-02,ES01,Events,CAPEX-000073,1500_PPE,10900.33,0.0,EXTERNAL,Capital expenditure
2024-02,ES01,Events,CAPEX-000073,1000_CASH,0.0,10900.33,EXTERNAL,Capital expenditure
2024-02,ES01,Events,DEP-000073,6100_DEPRECIATION,129.77,0.0,EXTERNAL,Depreciation
2024-02,ES01,Events,DEP-000073,1590_ACCUM_DEP,0.0,129.77,EXTERNAL,Depreciation
2024-02,ES01,Events,COLL-000073,1000_CASH,893827.31,0.0,EXTERNAL,Customer collections
2024-02,ES01,Events,COLL-000073,1100_AR,0.0,893827.31,EXTERNAL,Customer collections
2024-02,ES01,Events,PAY-000073,2100_AP,667657.6,0.0,EXTERNAL,Supplier payments
2024-02,ES01,Events,PAY-000073,1000_CASH,0.0,667657.6,EXTERNAL,Supplier payments
2024-02,US01,Events,REV-000074,1100_AR,1020674.06,0.0,EXTERNAL,External sale
2024-02,US01,Events,REV-000074,4000_REVENUE,0.0,1020674.06,EXTERNAL,External sale
2024-02,US01,Events,COGS-000074,5000_VARIABLE_COGS,586050.46,0.0,EXTERNAL,Variable cost of sales
2024-02,US01,Events,COGS-000074,2100_AP,0.0,586050.46,EXTERNAL,Variable cost of sales
2024-02,US01,Events,COGS-000074,5100_FIXED_PRODUCTION,82719.99,0.0,EXTERNAL,Fixed production cost
2024-02,US01,Events,COGS-000074,2100_AP,0.0,82719.99,EXTERNAL,Fixed production cost
2024-02,US01,Events,OPEX-000074,6000_OPEX,173514.59,0.0,EXTERNAL,Operating expenses
2024-02,US01,Events,OPEX-000074,2100_AP,0.0,173514.59,EXTERNAL,Operating expenses
2024-02,US01,Events,CAPEX-000074,1500_PPE,10206.74,0.0,EXTERNAL,Capital expenditure
2024-02,US01,Events,CAPEX-000074,1000_CASH,0.0,10206.74,EXTERNAL,Capital expenditure
2024-02,US01,Events,DEP-000074,6100_DEPRECIATION,121.51,0.0,EXTERNAL,Depreciation
2024-02,US01,Events,DEP-000074,1590_ACCUM_DEP,0.0,121.51,EXTERNAL,Depreciation
2024-02,US01,Events,COLL-000074,1000_CASH,836952.73,0.0,EXTERNAL,Customer collections
2024-02,US01,Events,COLL-000074,1100_AR,0.0,836952.73,EXTERNAL,Customer collections
2024-02,US01,Events,PAY-000074,2100_AP,656982.34,0.0,EXTERNAL,Supplier payments
2024-02,US01,Events,PAY-000074,1000_CASH,0.0,656982.34,EXTERNAL,Supplier payments
2024-02,ES01,Spare Parts,REV-000075,1100_AR,1494306.6,0.0,EXTERNAL,External sale
2024-02,ES01,Spare Parts,REV-000075,4000_REVENUE,0.0,1494306.6,EXTERNAL,External sale
2024-02,ES01,Spare Parts,COGS-000075,5000_VARIABLE_COGS,694902.67,0.0,EXTERNAL,Variable cost of sales
2024-02,ES01,Spare Parts,COGS-000075,2100_AP,0.0,694902.67,EXTERNAL,Variable cost of sales
2024-02,ES01,Spare Parts,COGS-000075,5100_FIXED_PRODUCTION,63277.64,0.0,EXTERNAL,Fixed production cost
2024-02,ES01,Spare Parts,COGS-000075,2100_AP,0.0,63277.64,EXTERNAL,Fixed production cost
2024-02,ES01,Spare Parts,OPEX-000075,6000_OPEX,179316.79,0.0,EXTERNAL,Operating expenses
2024-02,ES01,Spare Parts,OPEX-000075,2100_AP,0.0,179316.79,EXTERNAL,Operating expenses
2024-02,ES01,Spare Parts,CAPEX-000075,1500_PPE,14943.07,0.0,EXTERNAL,Capital expenditure
2024-02,ES01,Spare Parts,CAPEX-000075,1000_CASH,0.0,14943.07,EXTERNAL,Capital expenditure
2024-02,ES01,Spare Parts,DEP-000075,6100_DEPRECIATION,177.89,0.0,EXTERNAL,Depreciation
2024-02,ES01,Spare Parts,DEP-000075,1590_ACCUM_DEP,0.0,177.89,EXTERNAL,Depreciation
2024-02,ES01,Spare Parts,COLL-000075,1000_CASH,1225331.41,0.0,EXTERNAL,Customer collections
2024-02,ES01,Spare Parts,COLL-000075,1100_AR,0.0,1225331.41,EXTERNAL,Customer collections
2024-02,ES01,Spare Parts,PAY-000075,2100_AP,731247.74,0.0,EXTERNAL,Supplier payments
2024-02,ES01,Spare Parts,PAY-000075,1000_CASH,0.0,731247.74,EXTERNAL,Supplier payments
2024-02,JP01,Spare Parts,REV-000076,1100_AR,1368534.1,0.0,EXTERNAL,External sale
2024-02,JP01,Spare Parts,REV-000076,4000_REVENUE,0.0,1368534.1,EXTERNAL,External sale
2024-02,JP01,Spare Parts,COGS-000076,5000_VARIABLE_COGS,658427.55,0.0,EXTERNAL,Variable cost of sales
2024-02,JP01,Spare Parts,COGS-000076,2100_AP,0.0,658427.55,EXTERNAL,Variable cost of sales
2024-02,JP01,Spare Parts,COGS-000076,5100_FIXED_PRODUCTION,65701.88,0.0,EXTERNAL,Fixed production cost
2024-02,JP01,Spare Parts,COGS-000076,2100_AP,0.0,65701.88,EXTERNAL,Fixed production cost
2024-02,JP01,Spare Parts,OPEX-000076,6000_OPEX,164224.09,0.0,EXTERNAL,Operating expenses
2024-02,JP01,Spare Parts,OPEX-000076,2100_AP,0.0,164224.09,EXTERNAL,Operating expenses
2024-02,JP01,Spare Parts,CAPEX-000076,1500_PPE,13685.34,0.0,EXTERNAL,Capital expenditure
2024-02,JP01,Spare Parts,CAPEX-000076,1000_CASH,0.0,13685.34,EXTERNAL,Capital expenditure
2024-02,JP01,Spare Parts,DEP-000076,6100_DEPRECIATION,162.92,0.0,EXTERNAL,Depreciation
2024-02,JP01,Spare Parts,DEP-000076,1590_ACCUM_DEP,0.0,162.92,EXTERNAL,Depreciation
2024-02,JP01,Spare Parts,COLL-000076,1000_CASH,1122197.96,0.0,EXTERNAL,Customer collections
2024-02,JP01,Spare Parts,COLL-000076,1100_AR,0.0,1122197.96,EXTERNAL,Customer collections
2024-02,JP01,Spare Parts,PAY-000076,2100_AP,692915.75,0.0,EXTERNAL,Supplier payments
2024-02,JP01,Spare Parts,PAY-000076,1000_CASH,0.0,692915.75,EXTERNAL,Supplier payments
2024-03,DE01,Software,REV-000077,1100_AR,1932965.83,0.0,EXTERNAL,External sale
2024-03,DE01,Software,REV-000077,4000_REVENUE,0.0,1932965.83,EXTERNAL,External sale
2024-03,DE01,Software,COGS-000077,5000_VARIABLE_COGS,557836.0,0.0,EXTERNAL,Variable cost of sales
2024-03,DE01,Software,COGS-000077,2100_AP,0.0,557836.0,EXTERNAL,Variable cost of sales
2024-03,DE01,Software,OPEX-000077,6000_OPEX,444582.14,0.0,EXTERNAL,Operating expenses
2024-03,DE01,Software,OPEX-000077,2100_AP,0.0,444582.14,EXTERNAL,Operating expenses
2024-03,DE01,Software,CAPEX-000077,1500_PPE,19329.66,0.0,EXTERNAL,Capital expenditure
2024-03,DE01,Software,CAPEX-000077,1000_CASH,0.0,19329.66,EXTERNAL,Capital expenditure
2024-03,DE01,Software,DEP-000077,6100_DEPRECIATION,230.11,0.0,EXTERNAL,Depreciation
2024-03,DE01,Software,DEP-000077,1590_ACCUM_DEP,0.0,230.11,EXTERNAL,Depreciation
2024-03,DE01,Software,COLL-000077,1000_CASH,1585031.98,0.0,EXTERNAL,Customer collections
2024-03,DE01,Software,COLL-000077,1100_AR,0.0,1585031.98,EXTERNAL,Customer collections
2024-03,DE01,Software,PAY-000077,2100_AP,781886.15,0.0,EXTERNAL,Supplier payments
2024-03,DE01,Software,PAY-000077,1000_CASH,0.0,781886.15,EXTERNAL,Supplier payments
2024-03,US01,Software,REV-000078,1100_AR,1958020.88,0.0,EXTERNAL,External sale
2024-03,US01,Software,REV-000078,4000_REVENUE,0.0,1958020.88,EXTERNAL,External sale
2024-03,US01,Software,COGS-000078,5000_VARIABLE_COGS,576411.97,0.0,EXTERNAL,Variable cost of sales
2024-03,US01,Software,COGS-000078,2100_AP,0.0,576411.97,EXTERNAL,Variable cost of sales
2024-03,US01,Software,OPEX-000078,6000_OPEX,450344.8,0.0,EXTERNAL,Operating expenses
2024-03,US01,Software,OPEX-000078,2100_AP,0.0,450344.8,EXTERNAL,Operating expenses
2024-03,US01,Software,CAPEX-000078,1500_PPE,19580.21,0.0,EXTERNAL,Capital expenditure
2024-03,US01,Software,CAPEX-000078,1000_CASH,0.0,19580.21,EXTERNAL,Capital expenditure
2024-03,US01,Software,DEP-000078,6100_DEPRECIATION,233.1,0.0,EXTERNAL,Depreciation
2024-03,US01,Software,DEP-000078,1590_ACCUM_DEP,0.0,233.1,EXTERNAL,Depreciation
2024-03,US01,Software,COLL-000078,1000_CASH,1605577.12,0.0,EXTERNAL,Customer collections
2024-03,US01,Software,COLL-000078,1100_AR,0.0,1605577.12,EXTERNAL,Customer collections
2024-03,US01,Software,PAY-000078,2100_AP,800870.28,0.0,EXTERNAL,Supplier payments
2024-03,US01,Software,PAY-000078,1000_CASH,0.0,800870.28,EXTERNAL,Supplier payments
2024-03,JP01,Software,REV-000079,1100_AR,1817890.38,0.0,EXTERNAL,External sale
2024-03,JP01,Software,REV-000079,4000_REVENUE,0.0,1817890.38,EXTERNAL,External sale
2024-03,JP01,Software,COGS-000079,5000_VARIABLE_COGS,537307.31,0.0,EXTERNAL,Variable cost of sales
2024-03,JP01,Software,COGS-000079,2100_AP,0.0,537307.31,EXTERNAL,Variable cost of sales
2024-03,JP01,Software,OPEX-000079,6000_OPEX,418114.79,0.0,EXTERNAL,Operating expenses
2024-03,JP01,Software,OPEX-000079,2100_AP,0.0,418114.79,EXTERNAL,Operating expenses
2024-03,JP01,Software,CAPEX-000079,1500_PPE,18178.9,0.0,EXTERNAL,Capital expenditure
2024-03,JP01,Software,CAPEX-000079,1000_CASH,0.0,18178.9,EXTERNAL,Capital expenditure
2024-03,JP01,Software,DEP-000079,6100_DEPRECIATION,216.42,0.0,EXTERNAL,Depreciation
2024-03,JP01,Software,DEP-000079,1590_ACCUM_DEP,0.0,216.42,EXTERNAL,Depreciation
2024-03,JP01,Software,COLL-000079,1000_CASH,1490670.11,0.0,EXTERNAL,Customer collections
2024-03,JP01,Software,COLL-000079,1100_AR,0.0,1490670.11,EXTERNAL,Customer collections
2024-03,JP01,Software,PAY-000079,2100_AP,745229.23,0.0,EXTERNAL,Supplier payments
2024-03,JP01,Software,PAY-000079,1000_CASH,0.0,745229.23,EXTERNAL,Supplier payments
2024-03,DE01,Hardware,REV-000080,1100_AR,2282065.46,0.0,EXTERNAL,External sale
2024-03,DE01,Hardware,REV-000080,4000_REVENUE,0.0,2282065.46,EXTERNAL,External sale
2024-03,DE01,Hardware,COGS-000080,5000_VARIABLE_COGS,1441678.76,0.0,EXTERNAL,Variable cost of sales
2024-03,DE01,Hardware,COGS-000080,2100_AP,0.0,1441678.76,EXTERNAL,Variable cost of sales
2024-03,DE01,Hardware,COGS-000080,5100_FIXED_PRODUCTION,136670.1,0.0,EXTERNAL,Fixed production cost
2024-03,DE01,Hardware,COGS-000080,2100_AP,0.0,136670.1,EXTERNAL,Fixed production cost
2024-03,DE01,Hardware,OPEX-000080,6000_OPEX,251027.2,0.0,EXTERNAL,Operating expenses
2024-03,DE01,Hardware,OPEX-000080,2100_AP,0.0,251027.2,EXTERNAL,Operating expenses
2024-03,DE01,Hardware,CAPEX-000080,1500_PPE,79872.29,0.0,EXTERNAL,Capital expenditure
2024-03,DE01,Hardware,CAPEX-000080,1000_CASH,0.0,79872.29,EXTERNAL,Capital expenditure
2024-03,DE01,Hardware,DEP-000080,6100_DEPRECIATION,950.86,0.0,EXTERNAL,Depreciation
2024-03,DE01,Hardware,DEP-000080,1590_ACCUM_DEP,0.0,950.86,EXTERNAL,Depreciation
2024-03,DE01,Hardware,COLL-000080,1000_CASH,1871293.68,0.0,EXTERNAL,Customer collections
2024-03,DE01,Hardware,COLL-000080,1100_AR,0.0,1871293.68,EXTERNAL,Customer collections
2024-03,DE01,Hardware,PAY-000080,2100_AP,1426913.32,0.0,EXTERNAL,Supplier payments
2024-03,DE01,Hardware,PAY-000080,1000_CASH,0.0,1426913.32,EXTERNAL,Supplier payments
2024-03,ES01,Hardware,REV-000081,1100_AR,2275637.28,0.0,EXTERNAL,External sale
2024-03,ES01,Hardware,REV-000081,4000_REVENUE,0.0,2275637.28,EXTERNAL,External sale
2024-03,ES01,Hardware,COGS-000081,5000_VARIABLE_COGS,1455248.72,0.0,EXTERNAL,Variable cost of sales
2024-03,ES01,Hardware,COGS-000081,2100_AP,0.0,1455248.72,EXTERNAL,Variable cost of sales
2024-03,ES01,Hardware,COGS-000081,5100_FIXED_PRODUCTION,151328.66,0.0,EXTERNAL,Fixed production cost
2024-03,ES01,Hardware,COGS-000081,2100_AP,0.0,151328.66,EXTERNAL,Fixed production cost
2024-03,ES01,Hardware,OPEX-000081,6000_OPEX,250320.1,0.0,EXTERNAL,Operating expenses
2024-03,ES01,Hardware,OPEX-000081,2100_AP,0.0,250320.1,EXTERNAL,Operating expenses
2024-03,ES01,Hardware,CAPEX-000081,1500_PPE,79647.3,0.0,EXTERNAL,Capital expenditure
2024-03,ES01,Hardware,CAPEX-000081,1000_CASH,0.0,79647.3,EXTERNAL,Capital expenditure
2024-03,ES01,Hardware,DEP-000081,6100_DEPRECIATION,948.18,0.0,EXTERNAL,Depreciation
2024-03,ES01,Hardware,DEP-000081,1590_ACCUM_DEP,0.0,948.18,EXTERNAL,Depreciation
2024-03,ES01,Hardware,COLL-000081,1000_CASH,1866022.57,0.0,EXTERNAL,Customer collections
2024-03,ES01,Hardware,COLL-000081,1100_AR,0.0,1866022.57,EXTERNAL,Customer collections
2024-03,ES01,Hardware,PAY-000081,2100_AP,1448380.04,0.0,EXTERNAL,Supplier payments
2024-03,ES01,Hardware,PAY-000081,1000_CASH,0.0,1448380.04,EXTERNAL,Supplier payments
2024-03,US01,Hardware,REV-000082,1100_AR,2223927.91,0.0,EXTERNAL,External sale
2024-03,US01,Hardware,REV-000082,4000_REVENUE,0.0,2223927.91,EXTERNAL,External sale
2024-03,US01,Hardware,COGS-000082,5000_VARIABLE_COGS,1363590.38,0.0,EXTERNAL,Variable cost of sales
2024-03,US01,Hardware,COGS-000082,2100_AP,0.0,1363590.38,EXTERNAL,Variable cost of sales
2024-03,US01,Hardware,COGS-000082,5100_FIXED_PRODUCTION,199962.22,0.0,EXTERNAL,Fixed production cost
2024-03,US01,Hardware,COGS-000082,2100_AP,0.0,199962.22,EXTERNAL,Fixed production cost
2024-03,US01,Hardware,OPEX-000082,6000_OPEX,244632.07,0.0,EXTERNAL,Operating expenses
2024-03,US01,Hardware,OPEX-000082,2100_AP,0.0,244632.07,EXTERNAL,Operating expenses
2024-03,US01,Hardware,CAPEX-000082,1500_PPE,77837.48,0.0,EXTERNAL,Capital expenditure
2024-03,US01,Hardware,CAPEX-000082,1000_CASH,0.0,77837.48,EXTERNAL,Capital expenditure
2024-03,US01,Hardware,DEP-000082,6100_DEPRECIATION,926.64,0.0,EXTERNAL,Depreciation
2024-03,US01,Hardware,DEP-000082,1590_ACCUM_DEP,0.0,926.64,EXTERNAL,Depreciation
2024-03,US01,Hardware,COLL-000082,1000_CASH,1823620.89,0.0,EXTERNAL,Customer collections
2024-03,US01,Hardware,COLL-000082,1100_AR,0.0,1823620.89,EXTERNAL,Customer collections
2024-03,US01,Hardware,PAY-000082,2100_AP,1410384.04,0.0,EXTERNAL,Supplier payments
2024-03,US01,Hardware,PAY-000082,1000_CASH,0.0,1410384.04,EXTERNAL,Supplier payments
2024-03,JP01,Hardware,REV-000083,1100_AR,2393265.61,0.0,EXTERNAL,External sale
2024-03,JP01,Hardware,REV-000083,4000_REVENUE,0.0,2393265.61,EXTERNAL,External sale
2024-03,JP01,Hardware,COGS-000083,5000_VARIABLE_COGS,1501284.76,0.0,EXTERNAL,Variable cost of sales
2024-03,JP01,Hardware,COGS-000083,2100_AP,0.0,1501284.76,EXTERNAL,Variable cost of sales
2024-03,JP01,Hardware,COGS-000083,5100_FIXED_PRODUCTION,215185.09,0.0,EXTERNAL,Fixed production cost
2024-03,JP01,Hardware,COGS-000083,2100_AP,0.0,215185.09,EXTERNAL,Fixed production cost
2024-03,JP01,Hardware,OPEX-000083,6000_OPEX,263259.22,0.0,EXTERNAL,Operating expenses
2024-03,JP01,Hardware,OPEX-000083,2100_AP,0.0,263259.22,EXTERNAL,Operating expenses
2024-03,JP01,Hardware,CAPEX-000083,1500_PPE,83764.3,0.0,EXTERNAL,Capital expenditure
2024-03,JP01,Hardware,CAPEX-000083,1000_CASH,0.0,83764.3,EXTERNAL,Capital expenditure
2024-03,JP01,Hardware,DEP-000083,6100_DEPRECIATION,997.19,0.0,EXTERNAL,Depreciation
2024-03,JP01,Hardware,DEP-000083,1590_ACCUM_DEP,0.0,997.19,EXTERNAL,Depreciation
2024-03,JP01,Hardware,COLL-000083,1000_CASH,1962477.8,0.0,EXTERNAL,Customer collections
2024-03,JP01,Hardware,COLL-000083,1100_AR,0.0,1962477.8,EXTERNAL,Customer collections
2024-03,JP01,Hardware,PAY-000083,2100_AP,1544188.67,0.0,EXTERNAL,Supplier payments
2024-03,JP01,Hardware,PAY-000083,1000_CASH,0.0,1544188.67,EXTERNAL,Supplier payments
2024-03,ES01,Events,REV-000084,1100_AR,1223025.14,0.0,EXTERNAL,External sale
2024-03,ES01,Events,REV-000084,4000_REVENUE,0.0,1223025.14,EXTERNAL,External sale
2024-03,ES01,Events,COGS-000084,5000_VARIABLE_COGS,703291.19,0.0,EXTERNAL,Variable cost of sales
2024-03,ES01,Events,COGS-000084,2100_AP,0.0,703291.19,EXTERNAL,Variable cost of sales
2024-03,ES01,Events,COGS-000084,5100_FIXED_PRODUCTION,81103.89,0.0,EXTERNAL,Fixed production cost
2024-03,ES01,Events,COGS-000084,2100_AP,0.0,81103.89,EXTERNAL,Fixed production cost
2024-03,ES01,Events,OPEX-000084,6000_OPEX,207914.27,0.0,EXTERNAL,Operating expenses
2024-03,ES01,Events,OPEX-000084,2100_AP,0.0,207914.27,EXTERNAL,Operating expenses
2024-03,ES01,Events,CAPEX-000084,1500_PPE,12230.25,0.0,EXTERNAL,Capital expenditure
2024-03,ES01,Events,CAPEX-000084,1000_CASH,0.0,12230.25,EXTERNAL,Capital expenditure
2024-03,ES01,Events,DEP-000084,6100_DEPRECIATION,145.6,0.0,EXTERNAL,Depreciation
2024-03,ES01,Events,DEP-000084,1590_ACCUM_DEP,0.0,145.6,EXTERNAL,Depreciation
2024-03,ES01,Events,COLL-000084,1000_CASH,1002880.61,0.0,EXTERNAL,Customer collections
2024-03,ES01,Events,COLL-000084,1100_AR,0.0,1002880.61,EXTERNAL,Customer collections
2024-03,ES01,Events,PAY-000084,2100_AP,774001.29,0.0,EXTERNAL,Supplier payments
2024-03,ES01,Events,PAY-000084,1000_CASH,0.0,774001.29,EXTERNAL,Supplier payments
2024-03,US01,Events,REV-000085,1100_AR,1182681.05,0.0,EXTERNAL,External sale
2024-03,US01,Events,REV-000085,4000_REVENUE,0.0,1182681.05,EXTERNAL,External sale
2024-03,US01,Events,COGS-000085,5000_VARIABLE_COGS,697498.61,0.0,EXTERNAL,Variable cost of sales
2024-03,US01,Events,COGS-000085,2100_AP,0.0,697498.61,EXTERNAL,Variable cost of sales
2024-03,US01,Events,COGS-000085,5100_FIXED_PRODUCTION,34301.82,0.0,EXTERNAL,Fixed production cost
2024-03,US01,Events,COGS-000085,2100_AP,0.0,34301.82,EXTERNAL,Fixed production cost
2024-03,US01,Events,OPEX-000085,6000_OPEX,201055.78,0.0,EXTERNAL,Operating expenses
2024-03,US01,Events,OPEX-000085,2100_AP,0.0,201055.78,EXTERNAL,Operating expenses
2024-03,US01,Events,CAPEX-000085,1500_PPE,11826.81,0.0,EXTERNAL,Capital expenditure
2024-03,US01,Events,CAPEX-000085,1000_CASH,0.0,11826.81,EXTERNAL,Capital expenditure
2024-03,US01,Events,DEP-000085,6100_DEPRECIATION,140.8,0.0,EXTERNAL,Depreciation
2024-03,US01,Events,DEP-000085,1590_ACCUM_DEP,0.0,140.8,EXTERNAL,Depreciation
2024-03,US01,Events,COLL-000085,1000_CASH,969798.46,0.0,EXTERNAL,Customer collections
2024-03,US01,Events,COLL-000085,1100_AR,0.0,969798.46,EXTERNAL,Customer collections
2024-03,US01,Events,PAY-000085,2100_AP,727627.85,0.0,EXTERNAL,Supplier payments
2024-03,US01,Events,PAY-000085,1000_CASH,0.0,727627.85,EXTERNAL,Supplier payments
2024-03,ES01,Spare Parts,REV-000086,1100_AR,1505527.33,0.0,EXTERNAL,External sale
2024-03,ES01,Spare Parts,REV-000086,4000_REVENUE,0.0,1505527.33,EXTERNAL,External sale
2024-03,ES01,Spare Parts,COGS-000086,5000_VARIABLE_COGS,692144.1,0.0,EXTERNAL,Variable cost of sales
2024-03,ES01,Spare Parts,COGS-000086,2100_AP,0.0,692144.1,EXTERNAL,Variable cost of sales
2024-03,ES01,Spare Parts,COGS-000086,5100_FIXED_PRODUCTION,108056.59,0.0,EXTERNAL,Fixed production cost
2024-03,ES01,Spare Parts,COGS-000086,2100_AP,0.0,108056.59,EXTERNAL,Fixed production cost
2024-03,ES01,Spare Parts,OPEX-000086,6000_OPEX,180663.28,0.0,EXTERNAL,Operating expenses
2024-03,ES01,Spare Parts,OPEX-000086,2100_AP,0.0,180663.28,EXTERNAL,Operating expenses
2024-03,ES01,Spare Parts,CAPEX-000086,1500_PPE,15055.27,0.0,EXTERNAL,Capital expenditure
2024-03,ES01,Spare Parts,CAPEX-000086,1000_CASH,0.0,15055.27,EXTERNAL,Capital expenditure
2024-03,ES01,Spare Parts,DEP-000086,6100_DEPRECIATION,179.23,0.0,EXTERNAL,Depreciation
2024-03,ES01,Spare Parts,DEP-000086,1590_ACCUM_DEP,0.0,179.23,EXTERNAL,Depreciation
2024-03,ES01,Spare Parts,COLL-000086,1000_CASH,1234532.41,0.0,EXTERNAL,Customer collections
2024-03,ES01,Spare Parts,COLL-000086,1100_AR,0.0,1234532.41,EXTERNAL,Customer collections
2024-03,ES01,Spare Parts,PAY-000086,2100_AP,765073.9,0.0,EXTERNAL,Supplier payments
2024-03,ES01,Spare Parts,PAY-000086,1000_CASH,0.0,765073.9,EXTERNAL,Supplier payments
2024-03,JP01,Spare Parts,REV-000087,1100_AR,1552895.33,0.0,EXTERNAL,External sale
2024-03,JP01,Spare Parts,REV-000087,4000_REVENUE,0.0,1552895.33,EXTERNAL,External sale
2024-03,JP01,Spare Parts,COGS-000087,5000_VARIABLE_COGS,737529.23,0.0,EXTERNAL,Variable cost of sales
2024-03,JP01,Spare Parts,COGS-000087,2100_AP,0.0,737529.23,EXTERNAL,Variable cost of sales
2024-03,JP01,Spare Parts,COGS-000087,5100_FIXED_PRODUCTION,83701.95,0.0,EXTERNAL,Fixed production cost
2024-03,JP01,Spare Parts,COGS-000087,2100_AP,0.0,83701.95,EXTERNAL,Fixed production cost
2024-03,JP01,Spare Parts,OPEX-000087,6000_OPEX,186347.44,0.0,EXTERNAL,Operating expenses
2024-03,JP01,Spare Parts,OPEX-000087,2100_AP,0.0,186347.44,EXTERNAL,Operating expenses
2024-03,JP01,Spare Parts,CAPEX-000087,1500_PPE,15528.95,0.0,EXTERNAL,Capital expenditure
2024-03,JP01,Spare Parts,CAPEX-000087,1000_CASH,0.0,15528.95,EXTERNAL,Capital expenditure
2024-03,JP01,Spare Parts,DEP-000087,6100_DEPRECIATION,184.87,0.0,EXTERNAL,Depreciation
2024-03,JP01,Spare Parts,DEP-000087,1590_ACCUM_DEP,0.0,184.87,EXTERNAL,Depreciation
2024-03,JP01,Spare Parts,COLL-000087,1000_CASH,1273374.17,0.0,EXTERNAL,Customer collections
2024-03,JP01,Spare Parts,COLL-000087,1100_AR,0.0,1273374.17,EXTERNAL,Customer collections
2024-03,JP01,Spare Parts,PAY-000087,2100_AP,785911.32,0.0,EXTERNAL,Supplier payments
2024-03,JP01,Spare Parts,PAY-000087,1000_CASH,0.0,785911.32,EXTERNAL,Supplier payments
2024-04,DE01,Software,REV-000088,1100_AR,2074488.21,0.0,EXTERNAL,External sale
2024-04,DE01,Software,REV-000088,4000_REVENUE,0.0,2074488.21,EXTERNAL,External sale
2024-04,DE01,Software,COGS-000088,5000_VARIABLE_COGS,608076.47,0.0,EXTERNAL,Variable cost of sales
2024-04,DE01,Software,COGS-000088,2100_AP,0.0,608076.47,EXTERNAL,Variable cost of sales
2024-04,DE01,Software,OPEX-000088,6000_OPEX,477132.29,0.0,EXTERNAL,Operating expenses
2024-04,DE01,Software,OPEX-000088,2100_AP,0.0,477132.29,EXTERNAL,Operating expenses
2024-04,DE01,Software,CAPEX-000088,1500_PPE,20744.88,0.0,EXTERNAL,Capital expenditure
2024-04,DE01,Software,CAPEX-000088,1000_CASH,0.0,20744.88,EXTERNAL,Capital expenditure
2024-04,DE01,Software,DEP-000088,6100_DEPRECIATION,246.96,0.0,EXTERNAL,Depreciation
2024-04,DE01,Software,DEP-000088,1590_ACCUM_DEP,0.0,246.96,EXTERNAL,Depreciation
2024-04,DE01,Software,COLL-000088,1000_CASH,1701080.33,0.0,EXTERNAL,Customer collections
2024-04,DE01,Software,COLL-000088,1100_AR,0.0,1701080.33,EXTERNAL,Customer collections
2024-04,DE01,Software,PAY-000088,2100_AP,846462.83,0.0,EXTERNAL,Supplier payments
2024-04,DE01,Software,PAY-000088,1000_CASH,0.0,846462.83,EXTERNAL,Supplier payments
2024-04,US01,Software,REV-000089,1100_AR,1983823.82,0.0,EXTERNAL,External sale
2024-04,US01,Software,REV-000089,4000_REVENUE,0.0,1983823.82,EXTERNAL,External sale
2024-04,US01,Software,COGS-000089,5000_VARIABLE_COGS,541462.05,0.0,EXTERNAL,Variable cost of sales
2024-04,US01,Software,COGS-000089,2100_AP,0.0,541462.05,EXTERNAL,Variable cost of sales
2024-04,US01,Software,OPEX-000089,6000_OPEX,456279.48,0.0,EXTERNAL,Operating expenses
2024-04,US01,Software,OPEX-000089,2100_AP,0.0,456279.48,EXTERNAL,Operating expenses
2024-04,US01,Software,CAPEX-000089,1500_PPE,19838.24,0.0,EXTERNAL,Capital expenditure
2024-04,US01,Software,CAPEX-000089,1000_CASH,0.0,19838.24,EXTERNAL,Capital expenditure
2024-04,US01,Software,DEP-000089,6100_DEPRECIATION,236.17,0.0,EXTERNAL,Depreciation
2024-04,US01,Software,DEP-000089,1590_ACCUM_DEP,0.0,236.17,EXTERNAL,Depreciation
2024-04,US01,Software,COLL-000089,1000_CASH,1626735.53,0.0,EXTERNAL,Customer collections
2024-04,US01,Software,COLL-000089,1100_AR,0.0,1626735.53,EXTERNAL,Customer collections
2024-04,US01,Software,PAY-000089,2100_AP,778238.39,0.0,EXTERNAL,Supplier payments
2024-04,US01,Software,PAY-000089,1000_CASH,0.0,778238.39,EXTERNAL,Supplier payments
2024-04,JP01,Software,REV-000090,1100_AR,1884904.27,0.0,EXTERNAL,External sale
2024-04,JP01,Software,REV-000090,4000_REVENUE,0.0,1884904.27,EXTERNAL,External sale
2024-04,JP01,Software,COGS-000090,5000_VARIABLE_COGS,557168.4,0.0,EXTERNAL,Variable cost of sales
2024-04,JP01,Software,COGS-000090,2100_AP,0.0,557168.4,EXTERNAL,Variable cost of sales
2024-04,JP01,Software,OPEX-000090,6000_OPEX,433527.98,0.0,EXTERNAL,Operating expenses
2024-04,JP01,Software,OPEX-000090,2100_AP,0.0,433527.98,EXTERNAL,Operating expenses
2024-04,JP01,Software,CAPEX-000090,1500_PPE,18849.04,0.0,EXTERNAL,Capital expenditure
2024-04,JP01,Software,CAPEX-000090,1000_CASH,0.0,18849.04,EXTERNAL,Capital expenditure
2024-04,JP01,Software,DEP-000090,6100_DEPRECIATION,224.39,0.0,EXTERNAL,Depreciation
2024-04,JP01,Software,DEP-000090,1590_ACCUM_DEP,0.0,224.39,EXTERNAL,Depreciation
2024-04,JP01,Software,COLL-000090,1000_CASH,1545621.5,0.0,EXTERNAL,Customer collections
2024-04,JP01,Software,COLL-000090,1100_AR,0.0,1545621.5,EXTERNAL,Customer collections
2024-04,JP01,Software,PAY-000090,2100_AP,772743.18,0.0,EXTERNAL,Supplier payments
2024-04,JP01,Software,PAY-000090,1000_CASH,0.0,772743.18,EXTERNAL,Supplier payments
2024-04,DE01,Hardware,REV-000091,1100_AR,2336419.54,0.0,EXTERNAL,External sale
2024-04,DE01,Hardware,REV-000091,4000_REVENUE,0.0,2336419.54,EXTERNAL,External sale
2024-04,DE01,Hardware,COGS-000091,5000_VARIABLE_COGS,1464044.94,0.0,EXTERNAL,Variable cost of sales
2024-04,DE01,Hardware,COGS-000091,2100_AP,0.0,1464044.94,EXTERNAL,Variable cost of sales
2024-04,DE01,Hardware,COGS-000091,5100_FIXED_PRODUCTION,171529.11,0.0,EXTERNAL,Fixed production cost
2024-04,DE01,Hardware,COGS-000091,2100_AP,0.0,171529.11,EXTERNAL,Fixed production cost
2024-04,DE01,Hardware,OPEX-000091,6000_OPEX,257006.15,0.0,EXTERNAL,Operating expenses
2024-04,DE01,Hardware,OPEX-000091,2100_AP,0.0,257006.15,EXTERNAL,Operating expenses
2024-04,DE01,Hardware,CAPEX-000091,1500_PPE,81774.68,0.0,EXTERNAL,Capital expenditure
2024-04,DE01,Hardware,CAPEX-000091,1000_CASH,0.0,81774.68,EXTERNAL,Capital expenditure
2024-04,DE01,Hardware,DEP-000091,6100_DEPRECIATION,973.51,0.0,EXTERNAL,Depreciation
2024-04,DE01,Hardware,DEP-000091,1590_ACCUM_DEP,0.0,973.51,EXTERNAL,Depreciation
2024-04,DE01,Hardware,COLL-000091,1000_CASH,1915864.02,0.0,EXTERNAL,Customer collections
2024-04,DE01,Hardware,COLL-000091,1100_AR,0.0,1915864.02,EXTERNAL,Customer collections
2024-04,DE01,Hardware,PAY-000091,2100_AP,1476212.55,0.0,EXTERNAL,Supplier payments
2024-04,DE01,Hardware,PAY-000091,1000_CASH,0.0,1476212.55,EXTERNAL,Supplier payments
2024-04,ES01,Hardware,REV-000092,1100_AR,2273919.92,0.0,EXTERNAL,External sale
2024-04,ES01,Hardware,REV-000092,4000_REVENUE,0.0,2273919.92,EXTERNAL,External sale
2024-04,ES01,Hardware,COGS-000092,5000_VARIABLE_COGS,1352007.71,0.0,EXTERNAL,Variable cost of sales
2024-04,ES01,Hardware,COGS-000092,2100_AP,0.0,1352007.71,EXTERNAL,Variable cost of sales
2024-04,ES01,Hardware,COGS-000092,5100_FIXED_PRODUCTION,264305.28,0.0,EXTERNAL,Fixed production cost
2024-04,ES01,Hardware,COGS-000092,2100_AP,0.0,264305.28,EXTERNAL,Fixed production cost
2024-04,ES01,Hardware,OPEX-000092,6000_OPEX,250131.19,0.0,EXTERNAL,Operating expenses
2024-04,ES01,Hardware,OPEX-000092,2100_AP,0.0,250131.19,EXTERNAL,Operating expenses
2024-04,ES01,Hardware,CAPEX-000092,1500_PPE,79587.2,0.0,EXTERNAL,Capital expenditure
2024-04,ES01,Hardware,CAPEX-000092,1000_CASH,0.0,79587.2,EXTERNAL,Capital expenditure
2024-04,ES01,Hardware,DEP-000092,6100_DEPRECIATION,947.47,0.0,EXTERNAL,Depreciation
2024-04,ES01,Hardware,DEP-000092,1590_ACCUM_DEP,0.0,947.47,EXTERNAL,Depreciation
2024-04,ES01,Hardware,COLL-000092,1000_CASH,1864614.33,0.0,EXTERNAL,Customer collections
2024-04,ES01,Hardware,COLL-000092,1100_AR,0.0,1864614.33,EXTERNAL,Customer collections
2024-04,ES01,Hardware,PAY-000092,2100_AP,1455826.46,0.0,EXTERNAL,Supplier payments
2024-04,ES01,Hardware,PAY-000092,1000_CASH,0.0,1455826.46,EXTERNAL,Supplier payments
2024-04,US01,Hardware,REV-000093,1100_AR,2294032.88,0.0,EXTERNAL,External sale
2024-04,US01,Hardware,REV-000093,4000_REVENUE,0.0,2294032.88,EXTERNAL,External sale
2024-04,US01,Hardware,COGS-000093,5000_VARIABLE_COGS,1416987.86,0.0,EXTERNAL,Variable cost of sales
2024-04,US01,Hardware,COGS-000093,2100_AP,0.0,1416987.86,EXTERNAL,Variable cost of sales
2024-04,US01,Hardware,COGS-000093,5100_FIXED_PRODUCTION,141237.5,0.0,EXTERNAL,Fixed production cost
2024-04,US01,Hardware,COGS-000093,2100_AP,0.0,141237.5,EXTERNAL,Fixed production cost
2024-04,US01,Hardware,OPEX-000093,6000_OPEX,252343.62,0.0,EXTERNAL,Operating expenses
2024-04,US01,Hardware,OPEX-000093,2100_AP,0.0,252343.62,EXTERNAL,Operating expenses
2024-04,US01,Hardware,CAPEX-000093,1500_PPE,80291.15,0.0,EXTERNAL,Capital expenditure
2024-04,US01,Hardware,CAPEX-000093,1000_CASH,0.0,80291.15,EXTERNAL,Capital expenditure
2024-04,US01,Hardware,DEP-000093,6100_DEPRECIATION,955.85,0.0,EXTERNAL,Depreciation
2024-04,US01,Hardware,DEP-000093,1590_ACCUM_DEP,0.0,955.85,EXTERNAL,Depreciation
2024-04,US01,Hardware,COLL-000093,1000_CASH,1881106.96,0.0,EXTERNAL,Customer collections
2024-04,US01,Hardware,COLL-000093,1100_AR,0.0,1881106.96,EXTERNAL,Customer collections
2024-04,US01,Hardware,PAY-000093,2100_AP,1412243.8,0.0,EXTERNAL,Supplier payments
2024-04,US01,Hardware,PAY-000093,1000_CASH,0.0,1412243.8,EXTERNAL,Supplier payments
2024-04,JP01,Hardware,REV-000094,1100_AR,2272145.92,0.0,EXTERNAL,External sale
2024-04,JP01,Hardware,REV-000094,4000_REVENUE,0.0,2272145.92,EXTERNAL,External sale
2024-04,JP01,Hardware,COGS-000094,5000_VARIABLE_COGS,1412640.68,0.0,EXTERNAL,Variable cost of sales
2024-04,JP01,Hardware,COGS-000094,2100_AP,0.0,1412640.68,EXTERNAL,Variable cost of sales
2024-04,JP01,Hardware,COGS-000094,5100_FIXED_PRODUCTION,152300.67,0.0,EXTERNAL,Fixed production cost
2024-04,JP01,Hardware,COGS-000094,2100_AP,0.0,152300.67,EXTERNAL,Fixed production cost
2024-04,JP01,Hardware,OPEX-000094,6000_OPEX,249936.05,0.0,EXTERNAL,Operating expenses
2024-04,JP01,Hardware,OPEX-000094,2100_AP,0.0,249936.05,EXTERNAL,Operating expenses
2024-04,JP01,Hardware,CAPEX-000094,1500_PPE,79525.11,0.0,EXTERNAL,Capital expenditure
2024-04,JP01,Hardware,CAPEX-000094,1000_CASH,0.0,79525.11,EXTERNAL,Capital expenditure
2024-04,JP01,Hardware,DEP-000094,6100_DEPRECIATION,946.73,0.0,EXTERNAL,Depreciation
2024-04,JP01,Hardware,DEP-000094,1590_ACCUM_DEP,0.0,946.73,EXTERNAL,Depreciation
2024-04,JP01,Hardware,COLL-000094,1000_CASH,1863159.65,0.0,EXTERNAL,Customer collections
2024-04,JP01,Hardware,COLL-000094,1100_AR,0.0,1863159.65,EXTERNAL,Customer collections
2024-04,JP01,Hardware,PAY-000094,2100_AP,1415604.37,0.0,EXTERNAL,Supplier payments
2024-04,JP01,Hardware,PAY-000094,1000_CASH,0.0,1415604.37,EXTERNAL,Supplier payments
2024-04,ES01,Events,REV-000095,1100_AR,1211505.95,0.0,EXTERNAL,External sale
2024-04,ES01,Events,REV-000095,4000_REVENUE,0.0,1211505.95,EXTERNAL,External sale
2024-04,ES01,Events,COGS-000095,5000_VARIABLE_COGS,716514.35,0.0,EXTERNAL,Variable cost of sales
2024-04,ES01,Events,COGS-000095,2100_AP,0.0,716514.35,EXTERNAL,Variable cost of sales
2024-04,ES01,Events,COGS-000095,5100_FIXED_PRODUCTION,67900.27,0.0,EXTERNAL,Fixed production cost
2024-04,ES01,Events,COGS-000095,2100_AP,0.0,67900.27,EXTERNAL,Fixed production cost
2024-04,ES01,Events,OPEX-000095,6000_OPEX,205956.01,0.0,EXTERNAL,Operating expenses
2024-04,ES01,Events,OPEX-000095,2100_AP,0.0,205956.01,EXTERNAL,Operating expenses
2024-04,ES01,Events,CAPEX-000095,1500_PPE,12115.06,0.0,EXTERNAL,Capital expenditure
2024-04,ES01,Events,CAPEX-000095,1000_CASH,0.0,12115.06,EXTERNAL,Capital expenditure
2024-04,ES01,Events,DEP-000095,6100_DEPRECIATION,144.23,0.0,EXTERNAL,Depreciation
2024-04,ES01,Events,DEP-000095,1590_ACCUM_DEP,0.0,144.23,EXTERNAL,Depreciation
2024-04,ES01,Events,COLL-000095,1000_CASH,993434.88,0.0,EXTERNAL,Customer collections
2024-04,ES01,Events,COLL-000095,1100_AR,0.0,993434.88,EXTERNAL,Customer collections
2024-04,ES01,Events,PAY-000095,2100_AP,772489.09,0.0,EXTERNAL,Supplier payments
2024-04,ES01,Events,PAY-000095,1000_CASH,0.0,772489.09,EXTERNAL,Supplier payments
2024-04,US01,Events,REV-000096,1100_AR,1115094.45,0.0,EXTERNAL,External sale
2024-04,US01,Events,REV-000096,4000_REVENUE,0.0,1115094.45,EXTERNAL,External sale
2024-04,US01,Events,COGS-000096,5000_VARIABLE_COGS,642795.01,0.0,EXTERNAL,Variable cost of sales
2024-04,US01,Events,COGS-000096,2100_AP,0.0,642795.01,EXTERNAL,Variable cost of sales
2024-04,US01,Events,COGS-000096,5100_FIXED_PRODUCTION,73454.75,0.0,EXTERNAL,Fixed production cost
2024-04,US01,Events,COGS-000096,2100_AP,0.0,73454.75,EXTERNAL,Fixed production cost
2024-04,US01,Events,OPEX-000096,6000_OPEX,189566.06,0.0,EXTERNAL,Operating expenses
2024-04,US01,Events,OPEX-000096,2100_AP,0.0,189566.06,EXTERNAL,Operating expenses
2024-04,US01,Events,CAPEX-000096,1500_PPE,11150.94,0.0,EXTERNAL,Capital expenditure
2024-04,US01,Events,CAPEX-000096,1000_CASH,0.0,11150.94,EXTERNAL,Capital expenditure
2024-04,US01,Events,DEP-000096,6100_DEPRECIATION,132.75,0.0,EXTERNAL,Depreciation
2024-04,US01,Events,DEP-000096,1590_ACCUM_DEP,0.0,132.75,EXTERNAL,Depreciation
2024-04,US01,Events,COLL-000096,1000_CASH,914377.45,0.0,EXTERNAL,Customer collections
2024-04,US01,Events,COLL-000096,1100_AR,0.0,914377.45,EXTERNAL,Customer collections
2024-04,US01,Events,PAY-000096,2100_AP,706536.34,0.0,EXTERNAL,Supplier payments
2024-04,US01,Events,PAY-000096,1000_CASH,0.0,706536.34,EXTERNAL,Supplier payments
2024-04,ES01,Spare Parts,REV-000097,1100_AR,1696664.57,0.0,EXTERNAL,External sale
2024-04,ES01,Spare Parts,REV-000097,4000_REVENUE,0.0,1696664.57,EXTERNAL,External sale
2024-04,ES01,Spare Parts,COGS-000097,5000_VARIABLE_COGS,781909.29,0.0,EXTERNAL,Variable cost of sales
2024-04,ES01,Spare Parts,COGS-000097,2100_AP,0.0,781909.29,EXTERNAL,Variable cost of sales
2024-04,ES01,Spare Parts,COGS-000097,5100_FIXED_PRODUCTION,132781.08,0.0,EXTERNAL,Fixed production cost
2024-04,ES01,Spare Parts,COGS-000097,2100_AP,0.0,132781.08,EXTERNAL,Fixed production cost
2024-04,ES01,Spare Parts,OPEX-000097,6000_OPEX,203599.75,0.0,EXTERNAL,Operating expenses
2024-04,ES01,Spare Parts,OPEX-000097,2100_AP,0.0,203599.75,EXTERNAL,Operating expenses
2024-04,ES01,Spare Parts,CAPEX-000097,1500_PPE,16966.65,0.0,EXTERNAL,Capital expenditure
2024-04,ES01,Spare Parts,CAPEX-000097,1000_CASH,0.0,16966.65,EXTERNAL,Capital expenditure
2024-04,ES01,Spare Parts,DEP-000097,6100_DEPRECIATION,201.98,0.0,EXTERNAL,Depreciation
2024-04,ES01,Spare Parts,DEP-000097,1590_ACCUM_DEP,0.0,201.98,EXTERNAL,Depreciation
2024-04,ES01,Spare Parts,COLL-000097,1000_CASH,1391264.95,0.0,EXTERNAL,Customer collections
2024-04,ES01,Spare Parts,COLL-000097,1100_AR,0.0,1391264.95,EXTERNAL,Customer collections
2024-04,ES01,Spare Parts,PAY-000097,2100_AP,872266.29,0.0,EXTERNAL,Supplier payments
2024-04,ES01,Spare Parts,PAY-000097,1000_CASH,0.0,872266.29,EXTERNAL,Supplier payments
2024-04,JP01,Spare Parts,REV-000098,1100_AR,1525032.82,0.0,EXTERNAL,External sale
2024-04,JP01,Spare Parts,REV-000098,4000_REVENUE,0.0,1525032.82,EXTERNAL,External sale
2024-04,JP01,Spare Parts,COGS-000098,5000_VARIABLE_COGS,717633.19,0.0,EXTERNAL,Variable cost of sales
2024-04,JP01,Spare Parts,COGS-000098,2100_AP,0.0,717633.19,EXTERNAL,Variable cost of sales
2024-04,JP01,Spare Parts,COGS-000098,5100_FIXED_PRODUCTION,72927.26,0.0,EXTERNAL,Fixed production cost
2024-04,JP01,Spare Parts,COGS-000098,2100_AP,0.0,72927.26,EXTERNAL,Fixed production cost
2024-04,JP01,Spare Parts,OPEX-000098,6000_OPEX,183003.94,0.0,EXTERNAL,Operating expenses
2024-04,JP01,Spare Parts,OPEX-000098,2100_AP,0.0,183003.94,EXTERNAL,Operating expenses
2024-04,JP01,Spare Parts,CAPEX-000098,1500_PPE,15250.33,0.0,EXTERNAL,Capital expenditure
2024-04,JP01,Spare Parts,CAPEX-000098,1000_CASH,0.0,15250.33,EXTERNAL,Capital expenditure
2024-04,JP01,Spare Parts,DEP-000098,6100_DEPRECIATION,181.55,0.0,EXTERNAL,Depreciation
2024-04,JP01,Spare Parts,DEP-000098,1590_ACCUM_DEP,0.0,181.55,EXTERNAL,Depreciation
2024-04,JP01,Spare Parts,COLL-000098,1000_CASH,1250526.91,0.0,EXTERNAL,Customer collections
2024-04,JP01,Spare Parts,COLL-000098,1100_AR,0.0,1250526.91,EXTERNAL,Customer collections
2024-04,JP01,Spare Parts,PAY-000098,2100_AP,759380.22,0.0,EXTERNAL,Supplier payments
2024-04,JP01,Spare Parts,PAY-000098,1000_CASH,0.0,759380.22,EXTERNAL,Supplier payments
2024-05,DE01,Software,REV-000099,1100_AR,2061644.47,0.0,EXTERNAL,External sale
2024-05,DE01,Software,REV-000099,4000_REVENUE,0.0,2061644.47,EXTERNAL,External sale
2024-05,DE01,Software,COGS-000099,5000_VARIABLE_COGS,595747.28,0.0,EXTERNAL,Variable cost of sales
2024-05,DE01,Software,COGS-000099,2100_AP,0.0,595747.28,EXTERNAL,Variable cost of sales
2024-05,DE01,Software,OPEX-000099,6000_OPEX,474178.23,0.0,EXTERNAL,Operating expenses
2024-05,DE01,Software,OPEX-000099,2100_AP,0.0,474178.23,EXTERNAL,Operating expenses
2024-05,DE01,Software,CAPEX-000099,1500_PPE,20616.44,0.0,EXTERNAL,Capital expenditure
2024-05,DE01,Software,CAPEX-000099,1000_CASH,0.0,20616.44,EXTERNAL,Capital expenditure
2024-05,DE01,Software,DEP-000099,6100_DEPRECIATION,245.43,0.0,EXTERNAL,Depreciation
2024-05,DE01,Software,DEP-000099,1590_ACCUM_DEP,0.0,245.43,EXTERNAL,Depreciation
2024-05,DE01,Software,COLL-000099,1000_CASH,1690548.47,0.0,EXTERNAL,Customer collections
2024-05,DE01,Software,COLL-000099,1100_AR,0.0,1690548.47,EXTERNAL,Customer collections
2024-05,DE01,Software,PAY-000099,2100_AP,834541.9,0.0,EXTERNAL,Supplier payments
2024-05,DE01,Software,PAY-000099,1000_CASH,0.0,834541.9,EXTERNAL,Supplier payments
2024-05,US01,Software,REV-000100,1100_AR,2027270.95,0.0,EXTERNAL,External sale
2024-05,US01,Software,REV-000100,4000_REVENUE,0.0,2027270.95,EXTERNAL,External sale
2024-05,US01,Software,COGS-000100,5000_VARIABLE_COGS,576804.79,0.0,EXTERNAL,Variable cost of sales
2024-05,US01,Software,COGS-000100,2100_AP,0.0,576804.79,EXTERNAL,Variable cost of sales
2024-05,US01,Software,OPEX-000100,6000_OPEX,466272.32,0.0,EXTERNAL,Operating expenses
2024-05,US01,Software,OPEX-000100,2100_AP,0.0,466272.32,EXTERNAL,Operating expenses
2024-05,US01,Software,CAPEX-000100,1500_PPE,20272.71,0.0,EXTERNAL,Capital expenditure
2024-05,US01,Software,CAPEX-000100,1000_CASH,0.0,20272.71,EXTERNAL,Capital expenditure
2024-05,US01,Software,DEP-000100,6100_DEPRECIATION,241.34,0.0,EXTERNAL,Depreciation
2024-05,US01,Software,DEP-000100,1590_ACCUM_DEP,0.0,241.34,EXTERNAL,Depreciation
2024-05,US01,Software,COLL-000100,1000_CASH,1662362.18,0.0,EXTERNAL,Customer collections
2024-05,US01,Software,COLL-000100,1100_AR,0.0,1662362.18,EXTERNAL,Customer collections
2024-05,US01,Software,PAY-000100,2100_AP,813600.15,0.0,EXTERNAL,Supplier payments
2024-05,US01,Software,PAY-000100,1000_CASH,0.0,813600.15,EXTERNAL,Supplier payments
2024-05,JP01,Software,REV-000101,1100_AR,2143140.98,0.0,EXTERNAL,External sale
2024-05,JP01,Software,REV-000101,4000_REVENUE,0.0,2143140.98,EXTERNAL,External sale
2024-05,JP01,Software,COGS-000101,5000_VARIABLE_COGS,628148.13,0.0,EXTERNAL,Variable cost of sales
2024-05,JP01,Software,COGS-000101,2100_AP,0.0,628148.13,EXTERNAL,Variable cost of sales
2024-05,JP01,Software,OPEX-000101,6000_OPEX,492922.43,0.0,EXTERNAL,Operating expenses
2024-05,JP01,Software,OPEX-000101,2100_AP,0.0,492922.43,EXTERNAL,Operating expenses
2024-05,JP01,Software,CAPEX-000101,1500_PPE,21431.41,0.0,EXTERNAL,Capital expenditure
2024-05,JP01,Software,CAPEX-000101,1000_CASH,0.0,21431.41,EXTERNAL,Capital expenditure
2024-05,JP01,Software,DEP-000101,6100_DEPRECIATION,255.14,0.0,EXTERNAL,Depreciation
2024-05,JP01,Software,DEP-000101,1590_ACCUM_DEP,0.0,255.14,EXTERNAL,Depreciation
2024-05,JP01,Software,COLL-000101,1000_CASH,1757375.6,0.0,EXTERNAL,Customer collections
2024-05,JP01,Software,COLL-000101,1100_AR,0.0,1757375.6,EXTERNAL,Customer collections
2024-05,JP01,Software,PAY-000101,2100_AP,874435.03,0.0,EXTERNAL,Supplier payments
2024-05,JP01,Software,PAY-000101,1000_CASH,0.0,874435.03,EXTERNAL,Supplier payments
2024-05,DE01,Hardware,REV-000102,1100_AR,2285755.01,0.0,EXTERNAL,External sale
2024-05,DE01,Hardware,REV-000102,4000_REVENUE,0.0,2285755.01,EXTERNAL,External sale
2024-05,DE01,Hardware,COGS-000102,5000_VARIABLE_COGS,1419277.41,0.0,EXTERNAL,Variable cost of sales
2024-05,DE01,Hardware,COGS-000102,2100_AP,0.0,1419277.41,EXTERNAL,Variable cost of sales
2024-05,DE01,Hardware,COGS-000102,5100_FIXED_PRODUCTION,172125.22,0.0,EXTERNAL,Fixed production cost
2024-05,DE01,Hardware,COGS-000102,2100_AP,0.0,172125.22,EXTERNAL,Fixed production cost
2024-05,DE01,Hardware,OPEX-000102,6000_OPEX,251433.05,0.0,EXTERNAL,Operating expenses
2024-05,DE01,Hardware,OPEX-000102,2100_AP,0.0,251433.05,EXTERNAL,Operating expenses
2024-05,DE01,Hardware,CAPEX-000102,1500_PPE,80001.43,0.0,EXTERNAL,Capital expenditure
2024-05,DE01,Hardware,CAPEX-000102,1000_CASH,0.0,80001.43,EXTERNAL,Capital expenditure
2024-05,DE01,Hardware,DEP-000102,6100_DEPRECIATION,952.4,0.0,EXTERNAL,Depreciation
2024-05,DE01,Hardware,DEP-000102,1590_ACCUM_DEP,0.0,952.4,EXTERNAL,Depreciation
2024-05,DE01,Hardware,COLL-000102,1000_CASH,1874319.11,0.0,EXTERNAL,Customer collections
2024-05,DE01,Hardware,COLL-000102,1100_AR,0.0,1874319.11,EXTERNAL,Customer collections
2024-05,DE01,Hardware,PAY-000102,2100_AP,1437411.83,0.0,EXTERNAL,Supplier payments
2024-05,DE01,Hardware,PAY-000102,1000_CASH,0.0,1437411.83,EXTERNAL,Supplier payments
2024-05,ES01,Hardware,REV-000103,1100_AR,2385942.72,0.0,EXTERNAL,External sale
2024-05,ES01,Hardware,REV-000103,4000_REVENUE,0.0,2385942.72,EXTERNAL,External sale
2024-05,ES01,Hardware,COGS-000103,5000_VARIABLE_COGS,1515789.51,0.0,EXTERNAL,Variable cost of sales
2024-05,ES01,Hardware,COGS-000103,2100_AP,0.0,1515789.51,EXTERNAL,Variable cost of sales
2024-05,ES01,Hardware,COGS-000103,5100_FIXED_PRODUCTION,152296.79,0.0,EXTERNAL,Fixed production cost
2024-05,ES01,Hardware,COGS-000103,2100_AP,0.0,152296.79,EXTERNAL,Fixed production cost
2024-05,ES01,Hardware,OPEX-000103,6000_OPEX,262453.7,0.0,EXTERNAL,Operating expenses
2024-05,ES01,Hardware,OPEX-000103,2100_AP,0.0,262453.7,EXTERNAL,Operating expenses
2024-05,ES01,Hardware,CAPEX-000103,1500_PPE,83508.0,0.0,EXTERNAL,Capital expenditure
2024-05,ES01,Hardware,CAPEX-000103,1000_CASH,0.0,83508.0,EXTERNAL,Capital expenditure
2024-05,ES01,Hardware,DEP-000103,6100_DEPRECIATION,994.14,0.0,EXTERNAL,Depreciation
2024-05,ES01,Hardware,DEP-000103,1590_ACCUM_DEP,0.0,994.14,EXTERNAL,Depreciation
2024-05,ES01,Hardware,COLL-000103,1000_CASH,1956473.03,0.0,EXTERNAL,Customer collections
2024-05,ES01,Hardware,COLL-000103,1100_AR,0.0,1956473.03,EXTERNAL,Customer collections
2024-05,ES01,Hardware,PAY-000103,2100_AP,1505821.2,0.0,EXTERNAL,Supplier payments
2024-05,ES01,Hardware,PAY-000103,1000_CASH,0.0,1505821.2,EXTERNAL,Supplier payments
2024-05,US01,Hardware,REV-000104,1100_AR,2394015.68,0.0,EXTERNAL,External sale
2024-05,US01,Hardware,REV-000104,4000_REVENUE,0.0,2394015.68,EXTERNAL,External sale
2024-05,US01,Hardware,COGS-000104,5000_VARIABLE_COGS,1544806.83,0.0,EXTERNAL,Variable cost of sales
2024-05,US01,Hardware,COGS-000104,2100_AP,0.0,1544806.83,EXTERNAL,Variable cost of sales
2024-05,US01,Hardware,COGS-000104,5100_FIXED_PRODUCTION,130705.56,0.0,EXTERNAL,Fixed production cost
2024-05,US01,Hardware,COGS-000104,2100_AP,0.0,130705.56,EXTERNAL,Fixed production cost
2024-05,US01,Hardware,OPEX-000104,6000_OPEX,263341.72,0.0,EXTERNAL,Operating expenses
2024-05,US01,Hardware,OPEX-000104,2100_AP,0.0,263341.72,EXTERNAL,Operating expenses
2024-05,US01,Hardware,CAPEX-000104,1500_PPE,83790.55,0.0,EXTERNAL,Capital expenditure
2024-05,US01,Hardware,CAPEX-000104,1000_CASH,0.0,83790.55,EXTERNAL,Capital expenditure
2024-05,US01,Hardware,DEP-000104,6100_DEPRECIATION,997.51,0.0,EXTERNAL,Depreciation
2024-05,US01,Hardware,DEP-000104,1590_ACCUM_DEP,0.0,997.51,EXTERNAL,Depreciation
2024-05,US01,Hardware,COLL-000104,1000_CASH,1963092.86,0.0,EXTERNAL,Customer collections
2024-05,US01,Hardware,COLL-000104,1100_AR,0.0,1963092.86,EXTERNAL,Customer collections
2024-05,US01,Hardware,PAY-000104,2100_AP,1512306.21,0.0,EXTERNAL,Supplier payments
2024-05,US01,Hardware,PAY-000104,1000_CASH,0.0,1512306.21,EXTERNAL,Supplier payments
2024-05,JP01,Hardware,REV-000105,1100_AR,2489687.67,0.0,EXTERNAL,External sale
2024-05,JP01,Hardware,REV-000105,4000_REVENUE,0.0,2489687.67,EXTERNAL,External sale
2024-05,JP01,Hardware,COGS-000105,5000_VARIABLE_COGS,1600510.43,0.0,EXTERNAL,Variable cost of sales
2024-05,JP01,Hardware,COGS-000105,2100_AP,0.0,1600510.43,EXTERNAL,Variable cost of sales
2024-05,JP01,Hardware,COGS-000105,5100_FIXED_PRODUCTION,138972.92,0.0,EXTERNAL,Fixed production cost
2024-05,JP01,Hardware,COGS-000105,2100_AP,0.0,138972.92,EXTERNAL,Fixed production cost
2024-05,JP01,Hardware,OPEX-000105,6000_OPEX,273865.64,0.0,EXTERNAL,Operating expenses
2024-05,JP01,Hardware,OPEX-000105,2100_AP,0.0,273865.64,EXTERNAL,Operating expenses
2024-05,JP01,Hardware,CAPEX-000105,1500_PPE,87139.07,0.0,EXTERNAL,Capital expenditure
2024-05,JP01,Hardware,CAPEX-000105,1000_CASH,0.0,87139.07,EXTERNAL,Capital expenditure
2024-05,JP01,Hardware,DEP-000105,6100_DEPRECIATION,1037.37,0.0,EXTERNAL,Depreciation
2024-05,JP01,Hardware,DEP-000105,1590_ACCUM_DEP,0.0,1037.37,EXTERNAL,Depreciation
2024-05,JP01,Hardware,COLL-000105,1000_CASH,2041543.89,0.0,EXTERNAL,Customer collections
2024-05,JP01,Hardware,COLL-000105,1100_AR,0.0,2041543.89,EXTERNAL,Customer collections
2024-05,JP01,Hardware,PAY-000105,2100_AP,1570412.22,0.0,EXTERNAL,Supplier payments
2024-05,JP01,Hardware,PAY-000105,1000_CASH,0.0,1570412.22,EXTERNAL,Supplier payments
2024-05,ES01,Events,REV-000106,1100_AR,1153338.45,0.0,EXTERNAL,External sale
2024-05,ES01,Events,REV-000106,4000_REVENUE,0.0,1153338.45,EXTERNAL,External sale
2024-05,ES01,Events,COGS-000106,5000_VARIABLE_COGS,697833.38,0.0,EXTERNAL,Variable cost of sales
2024-05,ES01,Events,COGS-000106,2100_AP,0.0,697833.38,EXTERNAL,Variable cost of sales
2024-05,ES01,Events,COGS-000106,5100_FIXED_PRODUCTION,12072.08,0.0,EXTERNAL,Fixed production cost
2024-05,ES01,Events,COGS-000106,2100_AP,0.0,12072.08,EXTERNAL,Fixed production cost
2024-05,ES01,Events,OPEX-000106,6000_OPEX,196067.54,0.0,EXTERNAL,Operating expenses
2024-05,ES01,Events,OPEX-000106,2100_AP,0.0,196067.54,EXTERNAL,Operating expenses
2024-05,ES01,Events,CAPEX-000106,1500_PPE,11533.38,0.0,EXTERNAL,Capital expenditure
2024-05,ES01,Events,CAPEX-000106,1000_CASH,0.0,11533.38,EXTERNAL,Capital expenditure
2024-05,ES01,Events,DEP-000106,6100_DEPRECIATION,137.3,0.0,EXTERNAL,Depreciation
2024-05,ES01,Events,DEP-000106,1590_ACCUM_DEP,0.0,137.3,EXTERNAL,Depreciation
2024-05,ES01,Events,COLL-000106,1000_CASH,945737.53,0.0,EXTERNAL,Customer collections
2024-05,ES01,Events,COLL-000106,1100_AR,0.0,945737.53,EXTERNAL,Customer collections
2024-05,ES01,Events,PAY-000106,2100_AP,706658.93,0.0,EXTERNAL,Supplier payments
2024-05,ES01,Events,PAY-000106,1000_CASH,0.0,706658.93,EXTERNAL,Supplier payments
2024-05,US01,Events,REV-000107,1100_AR,1133664.65,0.0,EXTERNAL,External sale
2024-05,US01,Events,REV-000107,4000_REVENUE,0.0,1133664.65,EXTERNAL,External sale
2024-05,US01,Events,COGS-000107,5000_VARIABLE_COGS,655516.07,0.0,EXTERNAL,Variable cost of sales
2024-05,US01,Events,COGS-000107,2100_AP,0.0,655516.07,EXTERNAL,Variable cost of sales
2024-05,US01,Events,COGS-000107,5100_FIXED_PRODUCTION,53551.47,0.0,EXTERNAL,Fixed production cost
2024-05,US01,Events,COGS-000107,2100_AP,0.0,53551.47,EXTERNAL,Fixed production cost
2024-05,US01,Events,OPEX-000107,6000_OPEX,192722.99,0.0,EXTERNAL,Operating expenses
2024-05,US01,Events,OPEX-000107,2100_AP,0.0,192722.99,EXTERNAL,Operating expenses
2024-05,US01,Events,CAPEX-000107,1500_PPE,11336.65,0.0,EXTERNAL,Capital expenditure
2024-05,US01,Events,CAPEX-000107,1000_CASH,0.0,11336.65,EXTERNAL,Capital expenditure
2024-05,US01,Events,DEP-000107,6100_DEPRECIATION,134.96,0.0,EXTERNAL,Depreciation
2024-05,US01,Events,DEP-000107,1590_ACCUM_DEP,0.0,134.96,EXTERNAL,Depreciation
2024-05,US01,Events,COLL-000107,1000_CASH,929605.01,0.0,EXTERNAL,Customer collections
2024-05,US01,Events,COLL-000107,1100_AR,0.0,929605.01,EXTERNAL,Customer collections
2024-05,US01,Events,PAY-000107,2100_AP,703396.61,0.0,EXTERNAL,Supplier payments
2024-05,US01,Events,PAY-000107,1000_CASH,0.0,703396.61,EXTERNAL,Supplier payments
2024-05,ES01,Spare Parts,REV-000108,1100_AR,1700432.67,0.0,EXTERNAL,External sale
2024-05,ES01,Spare Parts,REV-000108,4000_REVENUE,0.0,1700432.67,EXTERNAL,External sale
2024-05,ES01,Spare Parts,COGS-000108,5000_VARIABLE_COGS,825074.18,0.0,EXTERNAL,Variable cost of sales
2024-05,ES01,Spare Parts,COGS-000108,2100_AP,0.0,825074.18,EXTERNAL,Variable cost of sales
2024-05,ES01,Spare Parts,COGS-000108,5100_FIXED_PRODUCTION,53014.76,0.0,EXTERNAL,Fixed production cost
2024-05,ES01,Spare Parts,COGS-000108,2100_AP,0.0,53014.76,EXTERNAL,Fixed production cost
2024-05,ES01,Spare Parts,OPEX-000108,6000_OPEX,204051.92,0.0,EXTERNAL,Operating expenses
2024-05,ES01,Spare Parts,OPEX-000108,2100_AP,0.0,204051.92,EXTERNAL,Operating expenses
2024-05,ES01,Spare Parts,CAPEX-000108,1500_PPE,17004.33,0.0,EXTERNAL,Capital expenditure
2024-05,ES01,Spare Parts,CAPEX-000108,1000_CASH,0.0,17004.33,EXTERNAL,Capital expenditure
2024-05,ES01,Spare Parts,DEP-000108,6100_DEPRECIATION,202.43,0.0,EXTERNAL,Depreciation
2024-05,ES01,Spare Parts,DEP-000108,1590_ACCUM_DEP,0.0,202.43,EXTERNAL,Depreciation
2024-05,ES01,Spare Parts,COLL-000108,1000_CASH,1394354.79,0.0,EXTERNAL,Customer collections
2024-05,ES01,Spare Parts,COLL-000108,1100_AR,0.0,1394354.79,EXTERNAL,Customer collections
2024-05,ES01,Spare Parts,PAY-000108,2100_AP,844069.87,0.0,EXTERNAL,Supplier payments
2024-05,ES01,Spare Parts,PAY-000108,1000_CASH,0.0,844069.87,EXTERNAL,Supplier payments
2024-05,JP01,Spare Parts,REV-000109,1100_AR,1600679.91,0.0,EXTERNAL,External sale
2024-05,JP01,Spare Parts,REV-000109,4000_REVENUE,0.0,1600679.91,EXTERNAL,External sale
2024-05,JP01,Spare Parts,COGS-000109,5000_VARIABLE_COGS,748985.77,0.0,EXTERNAL,Variable cost of sales
2024-05,JP01,Spare Parts,COGS-000109,2100_AP,0.0,748985.77,EXTERNAL,Variable cost of sales
2024-05,JP01,Spare Parts,COGS-000109,5100_FIXED_PRODUCTION,91531.72,0.0,EXTERNAL,Fixed production cost
2024-05,JP01,Spare Parts,COGS-000109,2100_AP,0.0,91531.72,EXTERNAL,Fixed production cost
2024-05,JP01,Spare Parts,OPEX-000109,6000_OPEX,192081.59,0.0,EXTERNAL,Operating expenses
2024-05,JP01,Spare Parts,OPEX-000109,2100_AP,0.0,192081.59,EXTERNAL,Operating expenses
2024-05,JP01,Spare Parts,CAPEX-000109,1500_PPE,16006.8,0.0,EXTERNAL,Capital expenditure
2024-05,JP01,Spare Parts,CAPEX-000109,1000_CASH,0.0,16006.8,EXTERNAL,Capital expenditure
2024-05,JP01,Spare Parts,DEP-000109,6100_DEPRECIATION,190.56,0.0,EXTERNAL,Depreciation
2024-05,JP01,Spare Parts,DEP-000109,1590_ACCUM_DEP,0.0,190.56,EXTERNAL,Depreciation
2024-05,JP01,Spare Parts,COLL-000109,1000_CASH,1312557.53,0.0,EXTERNAL,Customer collections
2024-05,JP01,Spare Parts,COLL-000109,1100_AR,0.0,1312557.53,EXTERNAL,Customer collections
2024-05,JP01,Spare Parts,PAY-000109,2100_AP,805427.28,0.0,EXTERNAL,Supplier payments
2024-05,JP01,Spare Parts,PAY-000109,1000_CASH,0.0,805427.28,EXTERNAL,Supplier payments
2024-06,DE01,Software,REV-000110,1100_AR,2045524.32,0.0,EXTERNAL,External sale
2024-06,DE01,Software,REV-000110,4000_REVENUE,0.0,2045524.32,EXTERNAL,External sale
2024-06,DE01,Software,COGS-000110,5000_VARIABLE_COGS,598590.25,0.0,EXTERNAL,Variable cost of sales
2024-06,DE01,Software,COGS-000110,2100_AP,0.0,598590.25,EXTERNAL,Variable cost of sales
2024-06,DE01,Software,OPEX-000110,6000_OPEX,470470.59,0.0,EXTERNAL,Operating expenses
2024-06,DE01,Software,OPEX-000110,2100_AP,0.0,470470.59,EXTERNAL,Operating expenses
2024-06,DE01,Software,CAPEX-000110,1500_PPE,20455.24,0.0,EXTERNAL,Capital expenditure
2024-06,DE01,Software,CAPEX-000110,1000_CASH,0.0,20455.24,EXTERNAL,Capital expenditure
2024-06,DE01,Software,DEP-000110,6100_DEPRECIATION,243.51,0.0,EXTERNAL,Depreciation
2024-06,DE01,Software,DEP-000110,1590_ACCUM_DEP,0.0,243.51,EXTERNAL,Depreciation
2024-06,DE01,Software,COLL-000110,1000_CASH,1677329.94,0.0,EXTERNAL,Customer collections
2024-06,DE01,Software,COLL-000110,1100_AR,0.0,1677329.94,EXTERNAL,Customer collections
2024-06,DE01,Software,PAY-000110,2100_AP,833867.46,0.0,EXTERNAL,Supplier payments
2024-06,DE01,Software,PAY-000110,1000_CASH,0.0,833867.46,EXTERNAL,Supplier payments
2024-06,US01,Software,REV-000111,1100_AR,2088987.11,0.0,EXTERNAL,External sale
2024-06,US01,Software,REV-000111,4000_REVENUE,0.0,2088987.11,EXTERNAL,External sale
2024-06,US01,Software,COGS-000111,5000_VARIABLE_COGS,612120.33,0.0,EXTERNAL,Variable cost of sales
2024-06,US01,Software,COGS-000111,2100_AP,0.0,612120.33,EXTERNAL,Variable cost of sales
2024-06,US01,Software,OPEX-000111,6000_OPEX,480467.04,0.0,EXTERNAL,Operating expenses
2024-06,US01,Software,OPEX-000111,2100_AP,0.0,480467.04,EXTERNAL,Operating expenses
2024-06,US01,Software,CAPEX-000111,1500_PPE,20889.87,0.0,EXTERNAL,Capital expenditure
2024-06,US01,Software,CAPEX-000111,1000_CASH,0.0,20889.87,EXTERNAL,Capital expenditure
2024-06,US01,Software,DEP-000111,6100_DEPRECIATION,248.69,0.0,EXTERNAL,Depreciation
2024-06,US01,Software,DEP-000111,1590_ACCUM_DEP,0.0,248.69,EXTERNAL,Depreciation
2024-06,US01,Software,COLL-000111,1000_CASH,1712969.43,0.0,EXTERNAL,Customer collections
2024-06,US01,Software,COLL-000111,1100_AR,0.0,1712969.43,EXTERNAL,Customer collections
2024-06,US01,Software,PAY-000111,2100_AP,852218.15,0.0,EXTERNAL,Supplier payments
2024-06,US01,Software,PAY-000111,1000_CASH,0.0,852218.15,EXTERNAL,Supplier payments
2024-06,JP01,Software,REV-000112,1100_AR,2035397.3,0.0,EXTERNAL,External sale
2024-06,JP01,Software,REV-000112,4000_REVENUE,0.0,2035397.3,EXTERNAL,External sale
2024-06,JP01,Software,COGS-000112,5000_VARIABLE_COGS,619652.45,0.0,EXTERNAL,Variable cost of sales
2024-06,JP01,Software,COGS-000112,2100_AP,0.0,619652.45,EXTERNAL,Variable cost of sales
2024-06,JP01,Software,OPEX-000112,6000_OPEX,468141.38,0.0,EXTERNAL,Operating expenses
2024-06,JP01,Software,OPEX-000112,2100_AP,0.0,468141.38,EXTERNAL,Operating expenses
2024-06,JP01,Software,CAPEX-000112,1500_PPE,20353.97,0.0,EXTERNAL,Capital expenditure
2024-06,JP01,Software,CAPEX-000112,1000_CASH,0.0,20353.97,EXTERNAL,Capital expenditure
2024-06,JP01,Software,DEP-000112,6100_DEPRECIATION,242.31,0.0,EXTERNAL,Depreciation
2024-06,JP01,Software,DEP-000112,1590_ACCUM_DEP,0.0,242.31,EXTERNAL,Depreciation
2024-06,JP01,Software,COLL-000112,1000_CASH,1669025.79,0.0,EXTERNAL,Customer collections
2024-06,JP01,Software,COLL-000112,1100_AR,0.0,1669025.79,EXTERNAL,Customer collections
2024-06,JP01,Software,PAY-000112,2100_AP,848479.19,0.0,EXTERNAL,Supplier payments
2024-06,JP01,Software,PAY-000112,1000_CASH,0.0,848479.19,EXTERNAL,Supplier payments
2024-06,DE01,Hardware,REV-000113,1100_AR,2448341.48,0.0,EXTERNAL,External sale
2024-06,DE01,Hardware,REV-000113,4000_REVENUE,0.0,2448341.48,EXTERNAL,External sale
2024-06,DE01,Hardware,COGS-000113,5000_VARIABLE_COGS,1590878.07,0.0,EXTERNAL,Variable cost of sales
2024-06,DE01,Hardware,COGS-000113,2100_AP,0.0,1590878.07,EXTERNAL,Variable cost of sales
2024-06,DE01,Hardware,COGS-000113,5100_FIXED_PRODUCTION,173502.58,0.0,EXTERNAL,Fixed production cost
2024-06,DE01,Hardware,COGS-000113,2100_AP,0.0,173502.58,EXTERNAL,Fixed production cost
2024-06,DE01,Hardware,OPEX-000113,6000_OPEX,269317.56,0.0,EXTERNAL,Operating expenses
2024-06,DE01,Hardware,OPEX-000113,2100_AP,0.0,269317.56,EXTERNAL,Operating expenses
2024-06,DE01,Hardware,CAPEX-000113,1500_PPE,85691.95,0.0,EXTERNAL,Capital expenditure
2024-06,DE01,Hardware,CAPEX-000113,1000_CASH,0.0,85691.95,EXTERNAL,Capital expenditure
2024-06,DE01,Hardware,DEP-000113,6100_DEPRECIATION,1020.14,0.0,EXTERNAL,Depreciation
2024-06,DE01,Hardware,DEP-000113,1590_ACCUM_DEP,0.0,1020.14,EXTERNAL,Depreciation
2024-06,DE01,Hardware,COLL-000113,1000_CASH,2007640.01,0.0,EXTERNAL,Customer collections
2024-06,DE01,Hardware,COLL-000113,1100_AR,0.0,2007640.01,EXTERNAL,Customer collections
2024-06,DE01,Hardware,PAY-000113,2100_AP,1586284.61,0.0,EXTERNAL,Supplier payments
2024-06,DE01,Hardware,PAY-000113,1000_CASH,0.0,1586284.61,EXTERNAL,Supplier payments
2024-06,ES01,Hardware,REV-000114,1100_AR,2560224.13,0.0,EXTERNAL,External sale
2024-06,ES01,Hardware,REV-000114,4000_REVENUE,0.0,2560224.13,EXTERNAL,External sale
2024-06,ES01,Hardware,COGS-000114,5000_VARIABLE_COGS,1586280.42,0.0,EXTERNAL,Variable cost of sales
2024-06,ES01,Hardware,COGS-000114,2100_AP,0.0,1586280.42,EXTERNAL,Variable cost of sales
2024-06,ES01,Hardware,COGS-000114,5100_FIXED_PRODUCTION,227309.45,0.0,EXTERNAL,Fixed production cost
2024-06,ES01,Hardware,COGS-000114,2100_AP,0.0,227309.45,EXTERNAL,Fixed production cost
2024-06,ES01,Hardware,OPEX-000114,6000_OPEX,281624.65,0.0,EXTERNAL,Operating expenses
2024-06,ES01,Hardware,OPEX-000114,2100_AP,0.0,281624.65,EXTERNAL,Operating expenses
2024-06,ES01,Hardware,CAPEX-000114,1500_PPE,89607.84,0.0,EXTERNAL,Capital expenditure
2024-06,ES01,Hardware,CAPEX-000114,1000_CASH,0.0,89607.84,EXTERNAL,Capital expenditure
2024-06,ES01,Hardware,DEP-000114,6100_DEPRECIATION,1066.76,0.0,EXTERNAL,Depreciation
2024-06,ES01,Hardware,DEP-000114,1590_ACCUM_DEP,0.0,1066.76,EXTERNAL,Depreciation
2024-06,ES01,Hardware,COLL-000114,1000_CASH,2099383.79,0.0,EXTERNAL,Customer collections
2024-06,ES01,Hardware,COLL-000114,1100_AR,0.0,2099383.79,EXTERNAL,Customer collections
2024-06,ES01,Hardware,PAY-000114,2100_AP,1634267.33,0.0,EXTERNAL,Supplier payments
2024-06,ES01,Hardware,PAY-000114,1000_CASH,0.0,1634267.33,EXTERNAL,Supplier payments
2024-06,US01,Hardware,REV-000115,1100_AR,2521624.72,0.0,EXTERNAL,External sale
2024-06,US01,Hardware,REV-000115,4000_REVENUE,0.0,2521624.72,EXTERNAL,External sale
2024-06,US01,Hardware,COGS-000115,5000_VARIABLE_COGS,1595302.11,0.0,EXTERNAL,Variable cost of sales
2024-06,US01,Hardware,COGS-000115,2100_AP,0.0,1595302.11,EXTERNAL,Variable cost of sales
2024-06,US01,Hardware,COGS-000115,5100_FIXED_PRODUCTION,194652.59,0.0,EXTERNAL,Fixed production cost
2024-06,US01,Hardware,COGS-000115,2100_AP,0.0,194652.59,EXTERNAL,Fixed production cost
2024-06,US01,Hardware,OPEX-000115,6000_OPEX,277378.72,0.0,EXTERNAL,Operating expenses
2024-06,US01,Hardware,OPEX-000115,2100_AP,0.0,277378.72,EXTERNAL,Operating expenses
2024-06,US01,Hardware,CAPEX-000115,1500_PPE,88256.87,0.0,EXTERNAL,Capital expenditure
2024-06,US01,Hardware,CAPEX-000115,1000_CASH,0.0,88256.87,EXTERNAL,Capital expenditure
2024-06,US01,Hardware,DEP-000115,6100_DEPRECIATION,1050.68,0.0,EXTERNAL,Depreciation
2024-06,US01,Hardware,DEP-000115,1590_ACCUM_DEP,0.0,1050.68,EXTERNAL,Depreciation
2024-06,US01,Hardware,COLL-000115,1000_CASH,2067732.27,0.0,EXTERNAL,Customer collections
2024-06,US01,Hardware,COLL-000115,1100_AR,0.0,2067732.27,EXTERNAL,Customer collections
2024-06,US01,Hardware,PAY-000115,2100_AP,1612520.06,0.0,EXTERNAL,Supplier payments
2024-06,US01,Hardware,PAY-000115,1000_CASH,0.0,1612520.06,EXTERNAL,Supplier payments
2024-06,JP01,Hardware,REV-000116,1100_AR,2582854.98,0.0,EXTERNAL,External sale
2024-06,JP01,Hardware,REV-000116,4000_REVENUE,0.0,2582854.98,EXTERNAL,External sale
2024-06,JP01,Hardware,COGS-000116,5000_VARIABLE_COGS,1590633.19,0.0,EXTERNAL,Variable cost of sales
2024-06,JP01,Hardware,COGS-000116,2100_AP,0.0,1590633.19,EXTERNAL,Variable cost of sales
2024-06,JP01,Hardware,COGS-000116,5100_FIXED_PRODUCTION,227227.92,0.0,EXTERNAL,Fixed production cost
2024-06,JP01,Hardware,COGS-000116,2100_AP,0.0,227227.92,EXTERNAL,Fixed production cost
2024-06,JP01,Hardware,OPEX-000116,6000_OPEX,284114.05,0.0,EXTERNAL,Operating expenses
2024-06,JP01,Hardware,OPEX-000116,2100_AP,0.0,284114.05,EXTERNAL,Operating expenses
2024-06,JP01,Hardware,CAPEX-000116,1500_PPE,90399.92,0.0,EXTERNAL,Capital expenditure
2024-06,JP01,Hardware,CAPEX-000116,1000_CASH,0.0,90399.92,EXTERNAL,Capital expenditure
2024-06,JP01,Hardware,DEP-000116,6100_DEPRECIATION,1076.19,0.0,EXTERNAL,Depreciation
2024-06,JP01,Hardware,DEP-000116,1590_ACCUM_DEP,0.0,1076.19,EXTERNAL,Depreciation
2024-06,JP01,Hardware,COLL-000116,1000_CASH,2117941.08,0.0,EXTERNAL,Customer collections
2024-06,JP01,Hardware,COLL-000116,1100_AR,0.0,2117941.08,EXTERNAL,Customer collections
2024-06,JP01,Hardware,PAY-000116,2100_AP,1639540.63,0.0,EXTERNAL,Supplier payments
2024-06,JP01,Hardware,PAY-000116,1000_CASH,0.0,1639540.63,EXTERNAL,Supplier payments
2024-06,ES01,Events,REV-000117,1100_AR,1297372.97,0.0,EXTERNAL,External sale
2024-06,ES01,Events,REV-000117,4000_REVENUE,0.0,1297372.97,EXTERNAL,External sale
2024-06,ES01,Events,COGS-000117,5000_VARIABLE_COGS,797901.97,0.0,EXTERNAL,Variable cost of sales
2024-06,ES01,Events,COGS-000117,2100_AP,0.0,797901.97,EXTERNAL,Variable cost of sales
2024-06,ES01,Events,OPEX-000117,6000_OPEX,220553.4,0.0,EXTERNAL,Operating expenses
2024-06,ES01,Events,OPEX-000117,2100_AP,0.0,220553.4,EXTERNAL,Operating expenses
2024-06,ES01,Events,CAPEX-000117,1500_PPE,12973.73,0.0,EXTERNAL,Capital expenditure
2024-06,ES01,Events,CAPEX-000117,1000_CASH,0.0,12973.73,EXTERNAL,Capital expenditure
2024-06,ES01,Events,DEP-000117,6100_DEPRECIATION,154.45,0.0,EXTERNAL,Depreciation
2024-06,ES01,Events,DEP-000117,1590_ACCUM_DEP,0.0,154.45,EXTERNAL,Depreciation
2024-06,ES01,Events,COLL-000117,1000_CASH,1063845.84,0.0,EXTERNAL,Customer collections
2024-06,ES01,Events,COLL-000117,1100_AR,0.0,1063845.84,EXTERNAL,Customer collections
2024-06,ES01,Events,PAY-000117,2100_AP,794395.19,0.0,EXTERNAL,Supplier payments
2024-06,ES01,Events,PAY-000117,1000_CASH,0.0,794395.19,EXTERNAL,Supplier payments
2024-06,US01,Events,REV-000118,1100_AR,1349924.88,0.0,EXTERNAL,External sale
2024-06,US01,Events,REV-000118,4000_REVENUE,0.0,1349924.88,EXTERNAL,External sale
2024-06,US01,Events,COGS-000118,5000_VARIABLE_COGS,782527.76,0.0,EXTERNAL,Variable cost of sales
2024-06,US01,Events,COGS-000118,2100_AP,0.0,782527.76,EXTERNAL,Variable cost of sales
2024-06,US01,Events,COGS-000118,5100_FIXED_PRODUCTION,114995.03,0.0,EXTERNAL,Fixed production cost
2024-06,US01,Events,COGS-000118,2100_AP,0.0,114995.03,EXTERNAL,Fixed production cost
2024-06,US01,Events,OPEX-000118,6000_OPEX,229487.23,0.0,EXTERNAL,Operating expenses
2024-06,US01,Events,OPEX-000118,2100_AP,0.0,229487.23,EXTERNAL,Operating expenses
2024-06,US01,Events,CAPEX-000118,1500_PPE,13499.25,0.0,EXTERNAL,Capital expenditure
2024-06,US01,Events,CAPEX-000118,1000_CASH,0.0,13499.25,EXTERNAL,Capital expenditure
2024-06,US01,Events,DEP-000118,6100_DEPRECIATION,160.71,0.0,EXTERNAL,Depreciation
2024-06,US01,Events,DEP-000118,1590_ACCUM_DEP,0.0,160.71,EXTERNAL,Depreciation
2024-06,US01,Events,COLL-000118,1000_CASH,1106938.4,0.0,EXTERNAL,Customer collections
2024-06,US01,Events,COLL-000118,1100_AR,0.0,1106938.4,EXTERNAL,Customer collections
2024-06,US01,Events,PAY-000118,2100_AP,879067.82,0.0,EXTERNAL,Supplier payments
2024-06,US01,Events,PAY-000118,1000_CASH,0.0,879067.82,EXTERNAL,Supplier payments
2024-06,ES01,Spare Parts,REV-000119,1100_AR,1633373.58,0.0,EXTERNAL,External sale
2024-06,ES01,Spare Parts,REV-000119,4000_REVENUE,0.0,1633373.58,EXTERNAL,External sale
2024-06,ES01,Spare Parts,COGS-000119,5000_VARIABLE_COGS,743748.29,0.0,EXTERNAL,Variable cost of sales
2024-06,ES01,Spare Parts,COGS-000119,2100_AP,0.0,743748.29,EXTERNAL,Variable cost of sales
2024-06,ES01,Spare Parts,COGS-000119,5100_FIXED_PRODUCTION,108546.13,0.0,EXTERNAL,Fixed production cost
2024-06,ES01,Spare Parts,COGS-000119,2100_AP,0.0,108546.13,EXTERNAL,Fixed production cost
2024-06,ES01,Spare Parts,OPEX-000119,6000_OPEX,196004.83,0.0,EXTERNAL,Operating expenses
2024-06,ES01,Spare Parts,OPEX-000119,2100_AP,0.0,196004.83,EXTERNAL,Operating expenses
2024-06,ES01,Spare Parts,CAPEX-000119,1500_PPE,16333.74,0.0,EXTERNAL,Capital expenditure
2024-06,ES01,Spare Parts,CAPEX-000119,1000_CASH,0.0,16333.74,EXTERNAL,Capital expenditure
2024-06,ES01,Spare Parts,DEP-000119,6100_DEPRECIATION,194.45,0.0,EXTERNAL,Depreciation
2024-06,ES01,Spare Parts,DEP-000119,1590_ACCUM_DEP,0.0,194.45,EXTERNAL,Depreciation
2024-06,ES01,Spare Parts,COLL-000119,1000_CASH,1339366.34,0.0,EXTERNAL,Customer collections
2024-06,ES01,Spare Parts,COLL-000119,1100_AR,0.0,1339366.34,EXTERNAL,Customer collections
2024-06,ES01,Spare Parts,PAY-000119,2100_AP,817673.42,0.0,EXTERNAL,Supplier payments
2024-06,ES01,Spare Parts,PAY-000119,1000_CASH,0.0,817673.42,EXTERNAL,Supplier payments
2024-06,JP01,Spare Parts,REV-000120,1100_AR,1596027.37,0.0,EXTERNAL,External sale
2024-06,JP01,Spare Parts,REV-000120,4000_REVENUE,0.0,1596027.37,EXTERNAL,External sale
2024-06,JP01,Spare Parts,COGS-000120,5000_VARIABLE_COGS,767056.7,0.0,EXTERNAL,Variable cost of sales
2024-06,JP01,Spare Parts,COGS-000120,2100_AP,0.0,767056.7,EXTERNAL,Variable cost of sales
2024-06,JP01,Spare Parts,COGS-000120,5100_FIXED_PRODUCTION,68754.05,0.0,EXTERNAL,Fixed production cost
2024-06,JP01,Spare Parts,COGS-000120,2100_AP,0.0,68754.05,EXTERNAL,Fixed production cost
2024-06,JP01,Spare Parts,OPEX-000120,6000_OPEX,191523.28,0.0,EXTERNAL,Operating expenses
2024-06,JP01,Spare Parts,OPEX-000120,2100_AP,0.0,191523.28,EXTERNAL,Operating expenses
2024-06,JP01,Spare Parts,CAPEX-000120,1500_PPE,15960.27,0.0,EXTERNAL,Capital expenditure
2024-06,JP01,Spare Parts,CAPEX-000120,1000_CASH,0.0,15960.27,EXTERNAL,Capital expenditure
2024-06,JP01,Spare Parts,DEP-000120,6100_DEPRECIATION,190.0,0.0,EXTERNAL,Depreciation
2024-06,JP01,Spare Parts,DEP-000120,1590_ACCUM_DEP,0.0,190.0,EXTERNAL,Depreciation
2024-06,JP01,Spare Parts,COLL-000120,1000_CASH,1308742.44,0.0,EXTERNAL,Customer collections
2024-06,JP01,Spare Parts,COLL-000120,1100_AR,0.0,1308742.44,EXTERNAL,Customer collections
2024-06,JP01,Spare Parts,PAY-000120,2100_AP,801320.54,0.0,EXTERNAL,Supplier payments
2024-06,JP01,Spare Parts,PAY-000120,1000_CASH,0.0,801320.54,EXTERNAL,Supplier payments
2024-07,DE01,Software,REV-000121,1100_AR,1925959.0,0.0,EXTERNAL,External sale
2024-07,DE01,Software,REV-000121,4000_REVENUE,0.0,1925959.0,EXTERNAL,External sale
2024-07,DE01,Software,COGS-000121,5000_VARIABLE_COGS,587881.89,0.0,EXTERNAL,Variable cost of sales
2024-07,DE01,Software,COGS-000121,2100_AP,0.0,587881.89,EXTERNAL,Variable cost of sales
2024-07,DE01,Software,OPEX-000121,6000_OPEX,442970.57,0.0,EXTERNAL,Operating expenses
2024-07,DE01,Software,OPEX-000121,2100_AP,0.0,442970.57,EXTERNAL,Operating expenses
2024-07,DE01,Software,CAPEX-000121,1500_PPE,19259.59,0.0,EXTERNAL,Capital expenditure
2024-07,DE01,Software,CAPEX-000121,1000_CASH,0.0,19259.59,EXTERNAL,Capital expenditure
2024-07,DE01,Software,DEP-000121,6100_DEPRECIATION,229.28,0.0,EXTERNAL,Depreciation
2024-07,DE01,Software,DEP-000121,1590_ACCUM_DEP,0.0,229.28,EXTERNAL,Depreciation
2024-07,DE01,Software,COLL-000121,1000_CASH,1579286.38,0.0,EXTERNAL,Customer collections
2024-07,DE01,Software,COLL-000121,1100_AR,0.0,1579286.38,EXTERNAL,Customer collections
2024-07,DE01,Software,PAY-000121,2100_AP,804064.92,0.0,EXTERNAL,Supplier payments
2024-07,DE01,Software,PAY-000121,1000_CASH,0.0,804064.92,EXTERNAL,Supplier payments
2024-07,US01,Software,REV-000122,1100_AR,1919618.33,0.0,EXTERNAL,External sale
2024-07,US01,Software,REV-000122,4000_REVENUE,0.0,1919618.33,EXTERNAL,External sale
2024-07,US01,Software,COGS-000122,5000_VARIABLE_COGS,572530.7,0.0,EXTERNAL,Variable cost of sales
2024-07,US01,Software,COGS-000122,2100_AP,0.0,572530.7,EXTERNAL,Variable cost of sales
2024-07,US01,Software,OPEX-000122,6000_OPEX,441512.22,0.0,EXTERNAL,Operating expenses
2024-07,US01,Software,OPEX-000122,2100_AP,0.0,441512.22,EXTERNAL,Operating expenses
2024-07,US01,Software,CAPEX-000122,1500_PPE,19196.18,0.0,EXTERNAL,Capital expenditure
2024-07,US01,Software,CAPEX-000122,1000_CASH,0.0,19196.18,EXTERNAL,Capital expenditure
2024-07,US01,Software,DEP-000122,6100_DEPRECIATION,228.53,0.0,EXTERNAL,Depreciation
2024-07,US01,Software,DEP-000122,1590_ACCUM_DEP,0.0,228.53,EXTERNAL,Depreciation
2024-07,US01,Software,COLL-000122,1000_CASH,1574087.03,0.0,EXTERNAL,Customer collections
2024-07,US01,Software,COLL-000122,1100_AR,0.0,1574087.03,EXTERNAL,Customer collections
2024-07,US01,Software,PAY-000122,2100_AP,790953.47,0.0,EXTERNAL,Supplier payments
2024-07,US01,Software,PAY-000122,1000_CASH,0.0,790953.47,EXTERNAL,Supplier payments
2024-07,JP01,Software,REV-000123,1100_AR,1736626.8,0.0,EXTERNAL,External sale
2024-07,JP01,Software,REV-000123,4000_REVENUE,0.0,1736626.8,EXTERNAL,External sale
2024-07,JP01,Software,COGS-000123,5000_VARIABLE_COGS,538006.77,0.0,EXTERNAL,Variable cost of sales
2024-07,JP01,Software,COGS-000123,2100_AP,0.0,538006.77,EXTERNAL,Variable cost of sales
2024-07,JP01,Software,OPEX-000123,6000_OPEX,399424.16,0.0,EXTERNAL,Operating expenses
2024-07,JP01,Software,OPEX-000123,2100_AP,0.0,399424.16,EXTERNAL,Operating expenses
2024-07,JP01,Software,CAPEX-000123,1500_PPE,17366.27,0.0,EXTERNAL,Capital expenditure
2024-07,JP01,Software,CAPEX-000123,1000_CASH,0.0,17366.27,EXTERNAL,Capital expenditure
2024-07,JP01,Software,DEP-000123,6100_DEPRECIATION,206.74,0.0,EXTERNAL,Depreciation
2024-07,JP01,Software,DEP-000123,1590_ACCUM_DEP,0.0,206.74,EXTERNAL,Depreciation
2024-07,JP01,Software,COLL-000123,1000_CASH,1424033.98,0.0,EXTERNAL,Customer collections
2024-07,JP01,Software,COLL-000123,1100_AR,0.0,1424033.98,EXTERNAL,Customer collections
2024-07,JP01,Software,PAY-000123,2100_AP,731196.13,0.0,EXTERNAL,Supplier payments
2024-07,JP01,Software,PAY-000123,1000_CASH,0.0,731196.13,EXTERNAL,Supplier payments
2024-07,DE01,Hardware,REV-000124,1100_AR,2156106.5,0.0,EXTERNAL,External sale
2024-07,DE01,Hardware,REV-000124,4000_REVENUE,0.0,2156106.5,EXTERNAL,External sale
2024-07,DE01,Hardware,COGS-000124,5000_VARIABLE_COGS,1368353.84,0.0,EXTERNAL,Variable cost of sales
2024-07,DE01,Hardware,COGS-000124,2100_AP,0.0,1368353.84,EXTERNAL,Variable cost of sales
2024-07,DE01,Hardware,COGS-000124,5100_FIXED_PRODUCTION,201681.72,0.0,EXTERNAL,Fixed production cost
2024-07,DE01,Hardware,COGS-000124,2100_AP,0.0,201681.72,EXTERNAL,Fixed production cost
2024-07,DE01,Hardware,OPEX-000124,6000_OPEX,237171.71,0.0,EXTERNAL,Operating expenses
2024-07,DE01,Hardware,OPEX-000124,2100_AP,0.0,237171.71,EXTERNAL,Operating expenses
2024-07,DE01,Hardware,CAPEX-000124,1500_PPE,75463.73,0.0,EXTERNAL,Capital expenditure
2024-07,DE01,Hardware,CAPEX-000124,1000_CASH,0.0,75463.73,EXTERNAL,Capital expenditure
2024-07,DE01,Hardware,DEP-000124,6100_DEPRECIATION,898.38,0.0,EXTERNAL,Depreciation
2024-07,DE01,Hardware,DEP-000124,1590_ACCUM_DEP,0.0,898.38,EXTERNAL,Depreciation
2024-07,DE01,Hardware,COLL-000124,1000_CASH,1768007.33,0.0,EXTERNAL,Customer collections
2024-07,DE01,Hardware,COLL-000124,1100_AR,0.0,1768007.33,EXTERNAL,Customer collections
2024-07,DE01,Hardware,PAY-000124,2100_AP,1409621.68,0.0,EXTERNAL,Supplier payments
2024-07,DE01,Hardware,PAY-000124,1000_CASH,0.0,1409621.68,EXTERNAL,Supplier payments
2024-07,ES01,Hardware,REV-000125,1100_AR,2201965.54,0.0,EXTERNAL,External sale
2024-07,ES01,Hardware,REV-000125,4000_REVENUE,0.0,2201965.54,EXTERNAL,External sale
2024-07,ES01,Hardware,COGS-000125,5000_VARIABLE_COGS,1435316.86,0.0,EXTERNAL,Variable cost of sales
2024-07,ES01,Hardware,COGS-000125,2100_AP,0.0,1435316.86,EXTERNAL,Variable cost of sales
2024-07,ES01,Hardware,COGS-000125,5100_FIXED_PRODUCTION,101012.98,0.0,EXTERNAL,Fixed production cost
2024-07,ES01,Hardware,COGS-000125,2100_AP,0.0,101012.98,EXTERNAL,Fixed production cost
2024-07,ES01,Hardware,OPEX-000125,6000_OPEX,242216.21,0.0,EXTERNAL,Operating expenses
2024-07,ES01,Hardware,OPEX-000125,2100_AP,0.0,242216.21,EXTERNAL,Operating expenses
2024-07,ES01,Hardware,CAPEX-000125,1500_PPE,77068.79,0.0,EXTERNAL,Capital expenditure
2024-07,ES01,Hardware,CAPEX-000125,1000_CASH,0.0,77068.79,EXTERNAL,Capital expenditure
2024-07,ES01,Hardware,DEP-000125,6100_DEPRECIATION,917.49,0.0,EXTERNAL,Depreciation
2024-07,ES01,Hardware,DEP-000125,1590_ACCUM_DEP,0.0,917.49,EXTERNAL,Depreciation
2024-07,ES01,Hardware,COLL-000125,1000_CASH,1805611.74,0.0,EXTERNAL,Customer collections
2024-07,ES01,Hardware,COLL-000125,1100_AR,0.0,1805611.74,EXTERNAL,Customer collections
2024-07,ES01,Hardware,PAY-000125,2100_AP,1387265.92,0.0,EXTERNAL,Supplier payments
2024-07,ES01,Hardware,PAY-000125,1000_CASH,0.0,1387265.92,EXTERNAL,Supplier payments
2024-07,US01,Hardware,REV-000126,1100_AR,2132228.79,0.0,EXTERNAL,External sale
2024-07,US01,Hardware,REV-000126,4000_REVENUE,0.0,2132228.79,EXTERNAL,External sale
2024-07,US01,Hardware,COGS-000126,5000_VARIABLE_COGS,1330943.83,0.0,EXTERNAL,Variable cost of sales
2024-07,US01,Hardware,COGS-000126,2100_AP,0.0,1330943.83,EXTERNAL,Variable cost of sales
2024-07,US01,Hardware,COGS-000126,5100_FIXED_PRODUCTION,170383.92,0.0,EXTERNAL,Fixed production cost
2024-07,US01,Hardware,COGS-000126,2100_AP,0.0,170383.92,EXTERNAL,Fixed production cost
2024-07,US01,Hardware,OPEX-000126,6000_OPEX,234545.17,0.0,EXTERNAL,Operating expenses
2024-07,US01,Hardware,OPEX-000126,2100_AP,0.0,234545.17,EXTERNAL,Operating expenses
2024-07,US01,Hardware,CAPEX-000126,1500_PPE,74628.01,0.0,EXTERNAL,Capital expenditure
2024-07,US01,Hardware,CAPEX-000126,1000_CASH,0.0,74628.01,EXTERNAL,Capital expenditure
2024-07,US01,Hardware,DEP-000126,6100_DEPRECIATION,888.43,0.0,EXTERNAL,Depreciation
2024-07,US01,Hardware,DEP-000126,1590_ACCUM_DEP,0.0,888.43,EXTERNAL,Depreciation
2024-07,US01,Hardware,COLL-000126,1000_CASH,1748427.61,0.0,EXTERNAL,Customer collections
2024-07,US01,Hardware,COLL-000126,1100_AR,0.0,1748427.61,EXTERNAL,Customer collections
2024-07,US01,Hardware,PAY-000126,2100_AP,1353980.87,0.0,EXTERNAL,Supplier payments
2024-07,US01,Hardware,PAY-000126,1000_CASH,0.0,1353980.87,EXTERNAL,Supplier payments
2024-07,JP01,Hardware,REV-000127,1100_AR,2085464.32,0.0,EXTERNAL,External sale
2024-07,JP01,Hardware,REV-000127,4000_REVENUE,0.0,2085464.32,EXTERNAL,External sale
2024-07,JP01,Hardware,COGS-000127,5000_VARIABLE_COGS,1307750.3,0.0,EXTERNAL,Variable cost of sales
2024-07,JP01,Hardware,COGS-000127,2100_AP,0.0,1307750.3,EXTERNAL,Variable cost of sales
2024-07,JP01,Hardware,COGS-000127,5100_FIXED_PRODUCTION,160419.89,0.0,EXTERNAL,Fixed production cost
2024-07,JP01,Hardware,COGS-000127,2100_AP,0.0,160419.89,EXTERNAL,Fixed production cost
2024-07,JP01,Hardware,OPEX-000127,6000_OPEX,229401.08,0.0,EXTERNAL,Operating expenses
2024-07,JP01,Hardware,OPEX-000127,2100_AP,0.0,229401.08,EXTERNAL,Operating expenses
2024-07,JP01,Hardware,CAPEX-000127,1500_PPE,72991.25,0.0,EXTERNAL,Capital expenditure
2024-07,JP01,Hardware,CAPEX-000127,1000_CASH,0.0,72991.25,EXTERNAL,Capital expenditure
2024-07,JP01,Hardware,DEP-000127,6100_DEPRECIATION,868.94,0.0,EXTERNAL,Depreciation
2024-07,JP01,Hardware,DEP-000127,1590_ACCUM_DEP,0.0,868.94,EXTERNAL,Depreciation
2024-07,JP01,Hardware,COLL-000127,1000_CASH,1710080.74,0.0,EXTERNAL,Customer collections
2024-07,JP01,Hardware,COLL-000127,1100_AR,0.0,1710080.74,EXTERNAL,Customer collections
2024-07,JP01,Hardware,PAY-000127,2100_AP,1324105.59,0.0,EXTERNAL,Supplier payments
2024-07,JP01,Hardware,PAY-000127,1000_CASH,0.0,1324105.59,EXTERNAL,Supplier payments
2024-07,ES01,Events,REV-000128,1100_AR,1137976.34,0.0,EXTERNAL,External sale
2024-07,ES01,Events,REV-000128,4000_REVENUE,0.0,1137976.34,EXTERNAL,External sale
2024-07,ES01,Events,COGS-000128,5000_VARIABLE_COGS,675813.0,0.0,EXTERNAL,Variable cost of sales
2024-07,ES01,Events,COGS-000128,2100_AP,0.0,675813.0,EXTERNAL,Variable cost of sales
2024-07,ES01,Events,COGS-000128,5100_FIXED_PRODUCTION,44447.6,0.0,EXTERNAL,Fixed production cost
2024-07,ES01,Events,COGS-000128,2100_AP,0.0,44447.6,EXTERNAL,Fixed production cost
2024-07,ES01,Events,OPEX-000128,6000_OPEX,193455.98,0.0,EXTERNAL,Operating expenses
2024-07,ES01,Events,OPEX-000128,2100_AP,0.0,193455.98,EXTERNAL,Operating expenses
2024-07,ES01,Events,CAPEX-000128,1500_PPE,11379.76,0.0,EXTERNAL,Capital expenditure
2024-07,ES01,Events,CAPEX-000128,1000_CASH,0.0,11379.76,EXTERNAL,Capital expenditure
2024-07,ES01,Events,DEP-000128,6100_DEPRECIATION,135.47,0.0,EXTERNAL,Depreciation
2024-07,ES01,Events,DEP-000128,1590_ACCUM_DEP,0.0,135.47,EXTERNAL,Depreciation
2024-07,ES01,Events,COLL-000128,1000_CASH,933140.6,0.0,EXTERNAL,Customer collections
2024-07,ES01,Events,COLL-000128,1100_AR,0.0,933140.6,EXTERNAL,Customer collections
2024-07,ES01,Events,PAY-000128,2100_AP,712698.93,0.0,EXTERNAL,Supplier payments
2024-07,ES01,Events,PAY-000128,1000_CASH,0.0,712698.93,EXTERNAL,Supplier payments
2024-07,US01,Events,REV-000129,1100_AR,1105360.79,0.0,EXTERNAL,External sale
2024-07,US01,Events,REV-000129,4000_REVENUE,0.0,1105360.79,EXTERNAL,External sale
2024-07,US01,Events,COGS-000129,5000_VARIABLE_COGS,666272.05,0.0,EXTERNAL,Variable cost of sales
2024-07,US01,Events,COGS-000129,2100_AP,0.0,666272.05,EXTERNAL,Variable cost of sales
2024-07,US01,Events,COGS-000129,5100_FIXED_PRODUCTION,44394.35,0.0,EXTERNAL,Fixed production cost
2024-07,US01,Events,COGS-000129,2100_AP,0.0,44394.35,EXTERNAL,Fixed production cost
2024-07,US01,Events,OPEX-000129,6000_OPEX,187911.33,0.0,EXTERNAL,Operating expenses
2024-07,US01,Events,OPEX-000129,2100_AP,0.0,187911.33,EXTERNAL,Operating expenses
2024-07,US01,Events,CAPEX-000129,1500_PPE,11053.61,0.0,EXTERNAL,Capital expenditure
2024-07,US01,Events,CAPEX-000129,1000_CASH,0.0,11053.61,EXTERNAL,Capital expenditure
2024-07,US01,Events,DEP-000129,6100_DEPRECIATION,131.59,0.0,EXTERNAL,Depreciation
2024-07,US01,Events,DEP-000129,1590_ACCUM_DEP,0.0,131.59,EXTERNAL,Depreciation
2024-07,US01,Events,COLL-000129,1000_CASH,906395.85,0.0,EXTERNAL,Customer collections
2024-07,US01,Events,COLL-000129,1100_AR,0.0,906395.85,EXTERNAL,Customer collections
2024-07,US01,Events,PAY-000129,2100_AP,700890.64,0.0,EXTERNAL,Supplier payments
2024-07,US01,Events,PAY-000129,1000_CASH,0.0,700890.64,EXTERNAL,Supplier payments
2024-07,ES01,Spare Parts,REV-000130,1100_AR,1452452.16,0.0,EXTERNAL,External sale
2024-07,ES01,Spare Parts,REV-000130,4000_REVENUE,0.0,1452452.16,EXTERNAL,External sale
2024-07,ES01,Spare Parts,COGS-000130,5000_VARIABLE_COGS,704951.15,0.0,EXTERNAL,Variable cost of sales
2024-07,ES01,Spare Parts,COGS-000130,2100_AP,0.0,704951.15,EXTERNAL,Variable cost of sales
2024-07,ES01,Spare Parts,COGS-000130,5100_FIXED_PRODUCTION,42766.11,0.0,EXTERNAL,Fixed production cost
2024-07,ES01,Spare Parts,COGS-000130,2100_AP,0.0,42766.11,EXTERNAL,Fixed production cost
2024-07,ES01,Spare Parts,OPEX-000130,6000_OPEX,174294.26,0.0,EXTERNAL,Operating expenses
2024-07,ES01,Spare Parts,OPEX-000130,2100_AP,0.0,174294.26,EXTERNAL,Operating expenses
2024-07,ES01,Spare Parts,CAPEX-000130,1500_PPE,14524.52,0.0,EXTERNAL,Capital expenditure
2024-07,ES01,Spare Parts,CAPEX-000130,1000_CASH,0.0,14524.52,EXTERNAL,Capital expenditure
2024-07,ES01,Spare Parts,DEP-000130,6100_DEPRECIATION,172.91,0.0,EXTERNAL,Depreciation
2024-07,ES01,Spare Parts,DEP-000130,1590_ACCUM_DEP,0.0,172.91,EXTERNAL,Depreciation
2024-07,ES01,Spare Parts,COLL-000130,1000_CASH,1191010.77,0.0,EXTERNAL,Customer collections
2024-07,ES01,Spare Parts,COLL-000130,1100_AR,0.0,1191010.77,EXTERNAL,Customer collections
2024-07,ES01,Spare Parts,PAY-000130,2100_AP,719168.98,0.0,EXTERNAL,Supplier payments
2024-07,ES01,Spare Parts,PAY-000130,1000_CASH,0.0,719168.98,EXTERNAL,Supplier payments
2024-07,JP01,Spare Parts,REV-000131,1100_AR,1516049.09,0.0,EXTERNAL,External sale
2024-07,JP01,Spare Parts,REV-000131,4000_REVENUE,0.0,1516049.09,EXTERNAL,External sale
2024-07,JP01,Spare Parts,COGS-000131,5000_VARIABLE_COGS,716150.65,0.0,EXTERNAL,Variable cost of sales
2024-07,JP01,Spare Parts,COGS-000131,2100_AP,0.0,716150.65,EXTERNAL,Variable cost of sales
2024-07,JP01,Spare Parts,COGS-000131,5100_FIXED_PRODUCTION,98802.59,0.0,EXTERNAL,Fixed production cost
2024-07,JP01,Spare Parts,COGS-000131,2100_AP,0.0,98802.59,EXTERNAL,Fixed production cost
2024-07,JP01,Spare Parts,OPEX-000131,6000_OPEX,181925.89,0.0,EXTERNAL,Operating expenses
2024-07,JP01,Spare Parts,OPEX-000131,2100_AP,0.0,181925.89,EXTERNAL,Operating expenses
2024-07,JP01,Spare Parts,CAPEX-000131,1500_PPE,15160.49,0.0,EXTERNAL,Capital expenditure
2024-07,JP01,Spare Parts,CAPEX-000131,1000_CASH,0.0,15160.49,EXTERNAL,Capital expenditure
2024-07,JP01,Spare Parts,DEP-000131,6100_DEPRECIATION,180.48,0.0,EXTERNAL,Depreciation
2024-07,JP01,Spare Parts,DEP-000131,1590_ACCUM_DEP,0.0,180.48,EXTERNAL,Depreciation
2024-07,JP01,Spare Parts,COLL-000131,1000_CASH,1243160.25,0.0,EXTERNAL,Customer collections
2024-07,JP01,Spare Parts,COLL-000131,1100_AR,0.0,1243160.25,EXTERNAL,Customer collections
2024-07,JP01,Spare Parts,PAY-000131,2100_AP,777565.72,0.0,EXTERNAL,Supplier payments
2024-07,JP01,Spare Parts,PAY-000131,1000_CASH,0.0,777565.72,EXTERNAL,Supplier payments
2024-08,DE01,Software,REV-000132,1100_AR,1709155.05,0.0,EXTERNAL,External sale
2024-08,DE01,Software,REV-000132,4000_REVENUE,0.0,1709155.05,EXTERNAL,External sale
2024-08,DE01,Software,COGS-000132,5000_VARIABLE_COGS,488129.25,0.0,EXTERNAL,Variable cost of sales
2024-08,DE01,Software,COGS-000132,2100_AP,0.0,488129.25,EXTERNAL,Variable cost of sales
2024-08,DE01,Software,OPEX-000132,6000_OPEX,393105.66,0.0,EXTERNAL,Operating expenses
2024-08,DE01,Software,OPEX-000132,2100_AP,0.0,393105.66,EXTERNAL,Operating expenses
2024-08,DE01,Software,CAPEX-000132,1500_PPE,17091.55,0.0,EXTERNAL,Capital expenditure
2024-08,DE01,Software,CAPEX-000132,1000_CASH,0.0,17091.55,EXTERNAL,Capital expenditure
2024-08,DE01,Software,DEP-000132,6100_DEPRECIATION,203.47,0.0,EXTERNAL,Depreciation
2024-08,DE01,Software,DEP-000132,1590_ACCUM_DEP,0.0,203.47,EXTERNAL,Depreciation
2024-08,DE01,Software,COLL-000132,1000_CASH,1401507.14,0.0,EXTERNAL,Customer collections
2024-08,DE01,Software,COLL-000132,1100_AR,0.0,1401507.14,EXTERNAL,Customer collections
2024-08,DE01,Software,PAY-000132,2100_AP,687363.23,0.0,EXTERNAL,Supplier payments
2024-08,DE01,Software,PAY-000132,1000_CASH,0.0,687363.23,EXTERNAL,Supplier payments
2024-08,US01,Software,REV-000133,1100_AR,1719891.64,0.0,EXTERNAL,External sale
2024-08,US01,Software,REV-000133,4000_REVENUE,0.0,1719891.64,EXTERNAL,External sale
2024-08,US01,Software,COGS-000133,5000_VARIABLE_COGS,528698.44,0.0,EXTERNAL,Variable cost of sales
2024-08,US01,Software,COGS-000133,2100_AP,0.0,528698.44,EXTERNAL,Variable cost of sales
2024-08,US01,Software,OPEX-000133,6000_OPEX,395575.08,0.0,EXTERNAL,Operating expenses
2024-08,US01,Software,OPEX-000133,2100_AP,0.0,395575.08,EXTERNAL,Operating expenses
2024-08,US01,Software,CAPEX-000133,1500_PPE,17198.92,0.0,EXTERNAL,Capital expenditure
2024-08,US01,Software,CAPEX-000133,1000_CASH,0.0,17198.92,EXTERNAL,Capital expenditure
2024-08,US01,Software,DEP-000133,6100_DEPRECIATION,204.75,0.0,EXTERNAL,Depreciation
2024-08,US01,Software,DEP-000133,1590_ACCUM_DEP,0.0,204.75,EXTERNAL,Depreciation
2024-08,US01,Software,COLL-000133,1000_CASH,1410311.14,0.0,EXTERNAL,Customer collections
2024-08,US01,Software,COLL-000133,1100_AR,0.0,1410311.14,EXTERNAL,Customer collections
2024-08,US01,Software,PAY-000133,2100_AP,720933.34,0.0,EXTERNAL,Supplier payments
2024-08,US01,Software,PAY-000133,1000_CASH,0.0,720933.34,EXTERNAL,Supplier payments
2024-08,JP01,Software,REV-000134,1100_AR,1636001.91,0.0,EXTERNAL,External sale
2024-08,JP01,Software,REV-000134,4000_REVENUE,0.0,1636001.91,EXTERNAL,External sale
2024-08,JP01,Software,COGS-000134,5000_VARIABLE_COGS,480944.26,0.0,EXTERNAL,Variable cost of sales
2024-08,JP01,Software,COGS-000134,2100_AP,0.0,480944.26,EXTERNAL,Variable cost of sales
2024-08,JP01,Software,OPEX-000134,6000_OPEX,376280.44,0.0,EXTERNAL,Operating expenses
2024-08,JP01,Software,OPEX-000134,2100_AP,0.0,376280.44,EXTERNAL,Operating expenses
2024-08,JP01,Software,CAPEX-000134,1500_PPE,16360.02,0.0,EXTERNAL,Capital expenditure
2024-08,JP01,Software,CAPEX-000134,1000_CASH,0.0,16360.02,EXTERNAL,Capital expenditure
2024-08,JP01,Software,DEP-000134,6100_DEPRECIATION,194.76,0.0,EXTERNAL,Depreciation
2024-08,JP01,Software,DEP-000134,1590_ACCUM_DEP,0.0,194.76,EXTERNAL,Depreciation
2024-08,JP01,Software,COLL-000134,1000_CASH,1341521.57,0.0,EXTERNAL,Customer collections
2024-08,JP01,Software,COLL-000134,1100_AR,0.0,1341521.57,EXTERNAL,Customer collections
2024-08,JP01,Software,PAY-000134,2100_AP,668635.26,0.0,EXTERNAL,Supplier payments
2024-08,JP01,Software,PAY-000134,1000_CASH,0.0,668635.26,EXTERNAL,Supplier payments
2024-08,DE01,Hardware,REV-000135,1100_AR,1974991.77,0.0,EXTERNAL,External sale
2024-08,DE01,Hardware,REV-000135,4000_REVENUE,0.0,1974991.77,EXTERNAL,External sale
2024-08,DE01,Hardware,COGS-000135,5000_VARIABLE_COGS,1258905.45,0.0,EXTERNAL,Variable cost of sales
2024-08,DE01,Hardware,COGS-000135,2100_AP,0.0,1258905.45,EXTERNAL,Variable cost of sales
2024-08,DE01,Hardware,COGS-000135,5100_FIXED_PRODUCTION,144689.3,0.0,EXTERNAL,Fixed production cost
2024-08,DE01,Hardware,COGS-000135,2100_AP,0.0,144689.3,EXTERNAL,Fixed production cost
2024-08,DE01,Hardware,OPEX-000135,6000_OPEX,217249.09,0.0,EXTERNAL,Operating expenses
2024-08,DE01,Hardware,OPEX-000135,2100_AP,0.0,217249.09,EXTERNAL,Operating expenses
2024-08,DE01,Hardware,CAPEX-000135,1500_PPE,69124.71,0.0,EXTERNAL,Capital expenditure
2024-08,DE01,Hardware,CAPEX-000135,1000_CASH,0.0,69124.71,EXTERNAL,Capital expenditure
2024-08,DE01,Hardware,DEP-000135,6100_DEPRECIATION,822.91,0.0,EXTERNAL,Depreciation
2024-08,DE01,Hardware,DEP-000135,1590_ACCUM_DEP,0.0,822.91,EXTERNAL,Depreciation
2024-08,DE01,Hardware,COLL-000135,1000_CASH,1619493.25,0.0,EXTERNAL,Customer collections
2024-08,DE01,Hardware,COLL-000135,1100_AR,0.0,1619493.25,EXTERNAL,Customer collections
2024-08,DE01,Hardware,PAY-000135,2100_AP,1264258.2,0.0,EXTERNAL,Supplier payments
2024-08,DE01,Hardware,PAY-000135,1000_CASH,0.0,1264258.2,EXTERNAL,Supplier payments
2024-08,ES01,Hardware,REV-000136,1100_AR,1996844.01,0.0,EXTERNAL,External sale
2024-08,ES01,Hardware,REV-000136,4000_REVENUE,0.0,1996844.01,EXTERNAL,External sale
2024-08,ES01,Hardware,COGS-000136,5000_VARIABLE_COGS,1278867.99,0.0,EXTERNAL,Variable cost of sales
2024-08,ES01,Hardware,COGS-000136,2100_AP,0.0,1278867.99,EXTERNAL,Variable cost of sales
2024-08,ES01,Hardware,COGS-000136,5100_FIXED_PRODUCTION,137303.22,0.0,EXTERNAL,Fixed production cost
2024-08,ES01,Hardware,COGS-000136,2100_AP,0.0,137303.22,EXTERNAL,Fixed production cost
2024-08,ES01,Hardware,OPEX-000136,6000_OPEX,219652.84,0.0,EXTERNAL,Operating expenses
2024-08,ES01,Hardware,OPEX-000136,2100_AP,0.0,219652.84,EXTERNAL,Operating expenses
2024-08,ES01,Hardware,CAPEX-000136,1500_PPE,69889.54,0.0,EXTERNAL,Capital expenditure
2024-08,ES01,Hardware,CAPEX-000136,1000_CASH,0.0,69889.54,EXTERNAL,Capital expenditure
2024-08,ES01,Hardware,DEP-000136,6100_DEPRECIATION,832.02,0.0,EXTERNAL,Depreciation
2024-08,ES01,Hardware,DEP-000136,1590_ACCUM_DEP,0.0,832.02,EXTERNAL,Depreciation
2024-08,ES01,Hardware,COLL-000136,1000_CASH,1637412.09,0.0,EXTERNAL,Customer collections
2024-08,ES01,Hardware,COLL-000136,1100_AR,0.0,1637412.09,EXTERNAL,Customer collections
2024-08,ES01,Hardware,PAY-000136,2100_AP,1275942.76,0.0,EXTERNAL,Supplier payments
2024-08,ES01,Hardware,PAY-000136,1000_CASH,0.0,1275942.76,EXTERNAL,Supplier payments
2024-08,US01,Hardware,REV-000137,1100_AR,1960221.99,0.0,EXTERNAL,External sale
2024-08,US01,Hardware,REV-000137,4000_REVENUE,0.0,1960221.99,EXTERNAL,External sale
2024-08,US01,Hardware,COGS-000137,5000_VARIABLE_COGS,1248746.55,0.0,EXTERNAL,Variable cost of sales
2024-08,US01,Hardware,COGS-000137,2100_AP,0.0,1248746.55,EXTERNAL,Variable cost of sales
2024-08,US01,Hardware,COGS-000137,5100_FIXED_PRODUCTION,148832.43,0.0,EXTERNAL,Fixed production cost
2024-08,US01,Hardware,COGS-000137,2100_AP,0.0,148832.43,EXTERNAL,Fixed production cost
2024-08,US01,Hardware,OPEX-000137,6000_OPEX,215624.42,0.0,EXTERNAL,Operating expenses
2024-08,US01,Hardware,OPEX-000137,2100_AP,0.0,215624.42,EXTERNAL,Operating expenses
2024-08,US01,Hardware,CAPEX-000137,1500_PPE,68607.77,0.0,EXTERNAL,Capital expenditure
2024-08,US01,Hardware,CAPEX-000137,1000_CASH,0.0,68607.77,EXTERNAL,Capital expenditure
2024-08,US01,Hardware,DEP-000137,6100_DEPRECIATION,816.76,0.0,EXTERNAL,Depreciation
2024-08,US01,Hardware,DEP-000137,1590_ACCUM_DEP,0.0,816.76,EXTERNAL,Depreciation
2024-08,US01,Hardware,COLL-000137,1000_CASH,1607382.03,0.0,EXTERNAL,Customer collections
2024-08,US01,Hardware,COLL-000137,1100_AR,0.0,1607382.03,EXTERNAL,Customer collections
2024-08,US01,Hardware,PAY-000137,2100_AP,1258298.65,0.0,EXTERNAL,Supplier payments
2024-08,US01,Hardware,PAY-000137,1000_CASH,0.0,1258298.65,EXTERNAL,Supplier payments
2024-08,JP01,Hardware,REV-000138,1100_AR,1806534.64,0.0,EXTERNAL,External sale
2024-08,JP01,Hardware,REV-000138,4000_REVENUE,0.0,1806534.64,EXTERNAL,External sale
2024-08,JP01,Hardware,COGS-000138,5000_VARIABLE_COGS,1122164.71,0.0,EXTERNAL,Variable cost of sales
2024-08,JP01,Hardware,COGS-000138,2100_AP,0.0,1122164.71,EXTERNAL,Variable cost of sales
2024-08,JP01,Hardware,COGS-000138,5100_FIXED_PRODUCTION,116509.33,0.0,EXTERNAL,Fixed production cost
2024-08,JP01,Hardware,COGS-000138,2100_AP,0.0,116509.33,EXTERNAL,Fixed production cost
2024-08,JP01,Hardware,OPEX-000138,6000_OPEX,198718.81,0.0,EXTERNAL,Operating expenses
2024-08,JP01,Hardware,OPEX-000138,2100_AP,0.0,198718.81,EXTERNAL,Operating expenses
2024-08,JP01,Hardware,CAPEX-000138,1500_PPE,63228.71,0.0,EXTERNAL,Capital expenditure
2024-08,JP01,Hardware,CAPEX-000138,1000_CASH,0.0,63228.71,EXTERNAL,Capital expenditure
2024-08,JP01,Hardware,DEP-000138,6100_DEPRECIATION,752.72,0.0,EXTERNAL,Depreciation
2024-08,JP01,Hardware,DEP-000138,1590_ACCUM_DEP,0.0,752.72,EXTERNAL,Depreciation
2024-08,JP01,Hardware,COLL-000138,1000_CASH,1481358.4,0.0,EXTERNAL,Customer collections
2024-08,JP01,Hardware,COLL-000138,1100_AR,0.0,1481358.4,EXTERNAL,Customer collections
2024-08,JP01,Hardware,PAY-000138,2100_AP,1121166.43,0.0,EXTERNAL,Supplier payments
2024-08,JP01,Hardware,PAY-000138,1000_CASH,0.0,1121166.43,EXTERNAL,Supplier payments
2024-08,ES01,Events,REV-000139,1100_AR,1056536.32,0.0,EXTERNAL,External sale
2024-08,ES01,Events,REV-000139,4000_REVENUE,0.0,1056536.32,EXTERNAL,External sale
2024-08,ES01,Events,COGS-000139,5000_VARIABLE_COGS,627509.5,0.0,EXTERNAL,Variable cost of sales
2024-08,ES01,Events,COGS-000139,2100_AP,0.0,627509.5,EXTERNAL,Variable cost of sales
2024-08,ES01,Events,COGS-000139,5100_FIXED_PRODUCTION,46558.61,0.0,EXTERNAL,Fixed production cost
2024-08,ES01,Events,COGS-000139,2100_AP,0.0,46558.61,EXTERNAL,Fixed production cost
2024-08,ES01,Events,OPEX-000139,6000_OPEX,179611.17,0.0,EXTERNAL,Operating expenses
2024-08,ES01,Events,OPEX-000139,2100_AP,0.0,179611.17,EXTERNAL,Operating expenses
2024-08,ES01,Events,CAPEX-000139,1500_PPE,10565.36,0.0,EXTERNAL,Capital expenditure
2024-08,ES01,Events,CAPEX-000139,1000_CASH,0.0,10565.36,EXTERNAL,Capital expenditure
2024-08,ES01,Events,DEP-000139,6100_DEPRECIATION,125.78,0.0,EXTERNAL,Depreciation
2024-08,ES01,Events,DEP-000139,1590_ACCUM_DEP,0.0,125.78,EXTERNAL,Depreciation
2024-08,ES01,Events,COLL-000139,1000_CASH,866359.78,0.0,EXTERNAL,Customer collections
2024-08,ES01,Events,COLL-000139,1100_AR,0.0,866359.78,EXTERNAL,Customer collections
2024-08,ES01,Events,PAY-000139,2100_AP,665869.84,0.0,EXTERNAL,Supplier payments
2024-08,ES01,Events,PAY-000139,1000_CASH,0.0,665869.84,EXTERNAL,Supplier payments
2024-08,US01,Events,REV-000140,1100_AR,919814.83,0.0,EXTERNAL,External sale
2024-08,US01,Events,REV-000140,4000_REVENUE,0.0,919814.83,EXTERNAL,External sale
2024-08,US01,Events,COGS-000140,5000_VARIABLE_COGS,536458.1,0.0,EXTERNAL,Variable cost of sales
2024-08,US01,Events,COGS-000140,2100_AP,0.0,536458.1,EXTERNAL,Variable cost of sales
2024-08,US01,Events,COGS-000140,5100_FIXED_PRODUCTION,43985.06,0.0,EXTERNAL,Fixed production cost
2024-08,US01,Events,COGS-000140,2100_AP,0.0,43985.06,EXTERNAL,Fixed production cost
2024-08,US01,Events,OPEX-000140,6000_OPEX,156368.52,0.0,EXTERNAL,Operating expenses
2024-08,US01,Events,OPEX-000140,2100_AP,0.0,156368.52,EXTERNAL,Operating expenses
2024-08,US01,Events,CAPEX-000140,1500_PPE,9198.15,0.0,EXTERNAL,Capital expenditure
2024-08,US01,Events,CAPEX-000140,1000_CASH,0.0,9198.15,EXTERNAL,Capital expenditure
2024-08,US01,Events,DEP-000140,6100_DEPRECIATION,109.5,0.0,EXTERNAL,Depreciation
2024-08,US01,Events,DEP-000140,1590_ACCUM_DEP,0.0,109.5,EXTERNAL,Depreciation
2024-08,US01,Events,COLL-000140,1000_CASH,754248.16,0.0,EXTERNAL,Customer collections
2024-08,US01,Events,COLL-000140,1100_AR,0.0,754248.16,EXTERNAL,Customer collections
2024-08,US01,Events,PAY-000140,2100_AP,574713.11,0.0,EXTERNAL,Supplier payments
2024-08,US01,Events,PAY-000140,1000_CASH,0.0,574713.11,EXTERNAL,Supplier payments
2024-08,ES01,Spare Parts,REV-000141,1100_AR,1319650.28,0.0,EXTERNAL,External sale
2024-08,ES01,Spare Parts,REV-000141,4000_REVENUE,0.0,1319650.28,EXTERNAL,External sale
2024-08,ES01,Spare Parts,COGS-000141,5000_VARIABLE_COGS,609870.69,0.0,EXTERNAL,Variable cost of sales
2024-08,ES01,Spare Parts,COGS-000141,2100_AP,0.0,609870.69,EXTERNAL,Variable cost of sales
2024-08,ES01,Spare Parts,COGS-000141,5100_FIXED_PRODUCTION,72419.28,0.0,EXTERNAL,Fixed production cost
2024-08,ES01,Spare Parts,COGS-000141,2100_AP,0.0,72419.28,EXTERNAL,Fixed production cost
2024-08,ES01,Spare Parts,OPEX-000141,6000_OPEX,158358.03,0.0,EXTERNAL,Operating expenses
2024-08,ES01,Spare Parts,OPEX-000141,2100_AP,0.0,158358.03,EXTERNAL,Operating expenses
2024-08,ES01,Spare Parts,CAPEX-000141,1500_PPE,13196.5,0.0,EXTERNAL,Capital expenditure
2024-08,ES01,Spare Parts,CAPEX-000141,1000_CASH,0.0,13196.5,EXTERNAL,Capital expenditure
2024-08,ES01,Spare Parts,DEP-000141,6100_DEPRECIATION,157.1,0.0,EXTERNAL,Depreciation
2024-08,ES01,Spare Parts,DEP-000141,1590_ACCUM_DEP,0.0,157.1,EXTERNAL,Depreciation
2024-08,ES01,Spare Parts,COLL-000141,1000_CASH,1082113.23,0.0,EXTERNAL,Customer collections
2024-08,ES01,Spare Parts,COLL-000141,1100_AR,0.0,1082113.23,EXTERNAL,Customer collections
2024-08,ES01,Spare Parts,PAY-000141,2100_AP,655705.44,0.0,EXTERNAL,Supplier payments
2024-08,ES01,Spare Parts,PAY-000141,1000_CASH,0.0,655705.44,EXTERNAL,Supplier payments
2024-08,JP01,Spare Parts,REV-000142,1100_AR,1285168.83,0.0,EXTERNAL,External sale
2024-08,JP01,Spare Parts,REV-000142,4000_REVENUE,0.0,1285168.83,EXTERNAL,External sale
2024-08,JP01,Spare Parts,COGS-000142,5000_VARIABLE_COGS,623017.76,0.0,EXTERNAL,Variable cost of sales
2024-08,JP01,Spare Parts,COGS-000142,2100_AP,0.0,623017.76,EXTERNAL,Variable cost of sales
2024-08,JP01,Spare Parts,COGS-000142,5100_FIXED_PRODUCTION,53378.99,0.0,EXTERNAL,Fixed production cost
2024-08,JP01,Spare Parts,COGS-000142,2100_AP,0.0,53378.99,EXTERNAL,Fixed production cost
2024-08,JP01,Spare Parts,OPEX-000142,6000_OPEX,154220.26,0.0,EXTERNAL,Operating expenses
2024-08,JP01,Spare Parts,OPEX-000142,2100_AP,0.0,154220.26,EXTERNAL,Operating expenses
2024-08,JP01,Spare Parts,CAPEX-000142,1500_PPE,12851.69,0.0,EXTERNAL,Capital expenditure
2024-08,JP01,Spare Parts,CAPEX-000142,1000_CASH,0.0,12851.69,EXTERNAL,Capital expenditure
2024-08,JP01,Spare Parts,DEP-000142,6100_DEPRECIATION,153.0,0.0,EXTERNAL,Depreciation
2024-08,JP01,Spare Parts,DEP-000142,1590_ACCUM_DEP,0.0,153.0,EXTERNAL,Depreciation
2024-08,JP01,Spare Parts,COLL-000142,1000_CASH,1053838.44,0.0,EXTERNAL,Customer collections
2024-08,JP01,Spare Parts,COLL-000142,1100_AR,0.0,1053838.44,EXTERNAL,Customer collections
2024-08,JP01,Spare Parts,PAY-000142,2100_AP,647881.27,0.0,EXTERNAL,Supplier payments
2024-08,JP01,Spare Parts,PAY-000142,1000_CASH,0.0,647881.27,EXTERNAL,Supplier payments
2024-09,DE01,Software,REV-000143,1100_AR,2023093.41,0.0,EXTERNAL,External sale
2024-09,DE01,Software,REV-000143,4000_REVENUE,0.0,2023093.41,EXTERNAL,External sale
2024-09,DE01,Software,COGS-000143,5000_VARIABLE_COGS,550387.32,0.0,EXTERNAL,Variable cost of sales
2024-09,DE01,Software,COGS-000143,2100_AP,0.0,550387.32,EXTERNAL,Variable cost of sales
2024-09,DE01,Software,OPEX-000143,6000_OPEX,465311.48,0.0,EXTERNAL,Operating expenses
2024-09,DE01,Software,OPEX-000143,2100_AP,0.0,465311.48,EXTERNAL,Operating expenses
2024-09,DE01,Software,CAPEX-000143,1500_PPE,20230.93,0.0,EXTERNAL,Capital expenditure
2024-09,DE01,Software,CAPEX-000143,1000_CASH,0.0,20230.93,EXTERNAL,Capital expenditure
2024-09,DE01,Software,DEP-000143,6100_DEPRECIATION,240.84,0.0,EXTERNAL,Depreciation
2024-09,DE01,Software,DEP-000143,1590_ACCUM_DEP,0.0,240.84,EXTERNAL,Depreciation
2024-09,DE01,Software,COLL-000143,1000_CASH,1658936.6,0.0,EXTERNAL,Customer collections
2024-09,DE01,Software,COLL-000143,1100_AR,0.0,1658936.6,EXTERNAL,Customer collections
2024-09,DE01,Software,PAY-000143,2100_AP,792245.07,0.0,EXTERNAL,Supplier payments
2024-09,DE01,Software,PAY-000143,1000_CASH,0.0,792245.07,EXTERNAL,Supplier payments
2024-09,US01,Software,REV-000144,1100_AR,2189560.54,0.0,EXTERNAL,External sale
2024-09,US01,Software,REV-000144,4000_REVENUE,0.0,2189560.54,EXTERNAL,External sale
2024-09,US01,Software,COGS-000144,5000_VARIABLE_COGS,635163.11,0.0,EXTERNAL,Variable cost of sales
2024-09,US01,Software,COGS-000144,2100_AP,0.0,635163.11,EXTERNAL,Variable cost of sales
2024-09,US01,Software,OPEX-000144,6000_OPEX,503598.92,0.0,EXTERNAL,Operating expenses
2024-09,US01,Software,OPEX-000144,2100_AP,0.0,503598.92,EXTERNAL,Operating expenses
2024-09,US01,Software,CAPEX-000144,1500_PPE,21895.61,0.0,EXTERNAL,Capital expenditure
2024-09,US01,Software,CAPEX-000144,1000_CASH,0.0,21895.61,EXTERNAL,Capital expenditure
2024-09,US01,Software,DEP-000144,6100_DEPRECIATION,260.66,0.0,EXTERNAL,Depreciation
2024-09,US01,Software,DEP-000144,1590_ACCUM_DEP,0.0,260.66,EXTERNAL,Depreciation
2024-09,US01,Software,COLL-000144,1000_CASH,1795439.64,0.0,EXTERNAL,Customer collections
2024-09,US01,Software,COLL-000144,1100_AR,0.0,1795439.64,EXTERNAL,Customer collections
2024-09,US01,Software,PAY-000144,2100_AP,888234.39,0.0,EXTERNAL,Supplier payments
2024-09,US01,Software,PAY-000144,1000_CASH,0.0,888234.39,EXTERNAL,Supplier payments
2024-09,JP01,Software,REV-000145,1100_AR,2116935.54,0.0,EXTERNAL,External sale
2024-09,JP01,Software,REV-000145,4000_REVENUE,0.0,2116935.54,EXTERNAL,External sale
2024-09,JP01,Software,COGS-000145,5000_VARIABLE_COGS,628287.8,0.0,EXTERNAL,Variable cost of sales
2024-09,JP01,Software,COGS-000145,2100_AP,0.0,628287.8,EXTERNAL,Variable cost of sales
2024-09,JP01,Software,OPEX-000145,6000_OPEX,486895.17,0.0,EXTERNAL,Operating expenses
2024-09,JP01,Software,OPEX-000145,2100_AP,0.0,486895.17,EXTERNAL,Operating expenses
2024-09,JP01,Software,CAPEX-000145,1500_PPE,21169.36,0.0,EXTERNAL,Capital expenditure
2024-09,JP01,Software,CAPEX-000145,1000_CASH,0.0,21169.36,EXTERNAL,Capital expenditure
2024-09,JP01,Software,DEP-000145,6100_DEPRECIATION,252.02,0.0,EXTERNAL,Depreciation
2024-09,JP01,Software,DEP-000145,1590_ACCUM_DEP,0.0,252.02,EXTERNAL,Depreciation
2024-09,JP01,Software,COLL-000145,1000_CASH,1735887.14,0.0,EXTERNAL,Customer collections
2024-09,JP01,Software,COLL-000145,1100_AR,0.0,1735887.14,EXTERNAL,Customer collections
2024-09,JP01,Software,PAY-000145,2100_AP,869842.72,0.0,EXTERNAL,Supplier payments
2024-09,JP01,Software,PAY-000145,1000_CASH,0.0,869842.72,EXTERNAL,Supplier payments
2024-09,DE01,Hardware,REV-000146,1100_AR,2580698.98,0.0,EXTERNAL,External sale
2024-09,DE01,Hardware,REV-000146,4000_REVENUE,0.0,2580698.98,EXTERNAL,External sale
2024-09,DE01,Hardware,COGS-000146,5000_VARIABLE_COGS,1623123.85,0.0,EXTERNAL,Variable cost of sales
2024-09,DE01,Hardware,COGS-000146,2100_AP,0.0,1623123.85,EXTERNAL,Variable cost of sales
2024-09,DE01,Hardware,COGS-000146,5100_FIXED_PRODUCTION,239734.28,0.0,EXTERNAL,Fixed production cost
2024-09,DE01,Hardware,COGS-000146,2100_AP,0.0,239734.28,EXTERNAL,Fixed production cost
2024-09,DE01,Hardware,OPEX-000146,6000_OPEX,283876.89,0.0,EXTERNAL,Operating expenses
2024-09,DE01,Hardware,OPEX-000146,2100_AP,0.0,283876.89,EXTERNAL,Operating expenses
2024-09,DE01,Hardware,CAPEX-000146,1500_PPE,90324.46,0.0,EXTERNAL,Capital expenditure
2024-09,DE01,Hardware,CAPEX-000146,1000_CASH,0.0,90324.46,EXTERNAL,Capital expenditure
2024-09,DE01,Hardware,DEP-000146,6100_DEPRECIATION,1075.29,0.0,EXTERNAL,Depreciation
2024-09,DE01,Hardware,DEP-000146,1590_ACCUM_DEP,0.0,1075.29,EXTERNAL,Depreciation
2024-09,DE01,Hardware,COLL-000146,1000_CASH,2116173.16,0.0,EXTERNAL,Customer collections
2024-09,DE01,Hardware,COLL-000146,1100_AR,0.0,2116173.16,EXTERNAL,Customer collections
2024-09,DE01,Hardware,PAY-000146,2100_AP,1674453.31,0.0,EXTERNAL,Supplier payments
2024-09,DE01,Hardware,PAY-000146,1000_CASH,0.0,1674453.31,EXTERNAL,Supplier payments
2024-09,ES01,Hardware,REV-000147,1100_AR,2499599.55,0.0,EXTERNAL,External sale
2024-09,ES01,Hardware,REV-000147,4000_REVENUE,0.0,2499599.55,EXTERNAL,External sale
2024-09,ES01,Hardware,COGS-000147,5000_VARIABLE_COGS,1568998.16,0.0,EXTERNAL,Variable cost of sales
2024-09,ES01,Hardware,COGS-000147,2100_AP,0.0,1568998.16,EXTERNAL,Variable cost of sales
2024-09,ES01,Hardware,COGS-000147,5100_FIXED_PRODUCTION,263464.08,0.0,EXTERNAL,Fixed production cost
2024-09,ES01,Hardware,COGS-000147,2100_AP,0.0,263464.08,EXTERNAL,Fixed production cost
2024-09,ES01,Hardware,OPEX-000147,6000_OPEX,274955.95,0.0,EXTERNAL,Operating expenses
2024-09,ES01,Hardware,OPEX-000147,2100_AP,0.0,274955.95,EXTERNAL,Operating expenses
2024-09,ES01,Hardware,CAPEX-000147,1500_PPE,87485.98,0.0,EXTERNAL,Capital expenditure
2024-09,ES01,Hardware,CAPEX-000147,1000_CASH,0.0,87485.98,EXTERNAL,Capital expenditure
2024-09,ES01,Hardware,DEP-000147,6100_DEPRECIATION,1041.5,0.0,EXTERNAL,Depreciation
2024-09,ES01,Hardware,DEP-000147,1590_ACCUM_DEP,0.0,1041.5,EXTERNAL,Depreciation
2024-09,ES01,Hardware,COLL-000147,1000_CASH,2049671.63,0.0,EXTERNAL,Customer collections
2024-09,ES01,Hardware,COLL-000147,1100_AR,0.0,2049671.63,EXTERNAL,Customer collections
2024-09,ES01,Hardware,PAY-000147,2100_AP,1643786.19,0.0,EXTERNAL,Supplier payments
2024-09,ES01,Hardware,PAY-000147,1000_CASH,0.0,1643786.19,EXTERNAL,Supplier payments
2024-09,US01,Hardware,REV-000148,1100_AR,2757524.96,0.0,EXTERNAL,External sale
2024-09,US01,Hardware,REV-000148,4000_REVENUE,0.0,2757524.96,EXTERNAL,External sale
2024-09,US01,Hardware,COGS-000148,5000_VARIABLE_COGS,1738251.0,0.0,EXTERNAL,Variable cost of sales
2024-09,US01,Hardware,COGS-000148,2100_AP,0.0,1738251.0,EXTERNAL,Variable cost of sales
2024-09,US01,Hardware,COGS-000148,5100_FIXED_PRODUCTION,187853.04,0.0,EXTERNAL,Fixed production cost
2024-09,US01,Hardware,COGS-000148,2100_AP,0.0,187853.04,EXTERNAL,Fixed production cost
2024-09,US01,Hardware,OPEX-000148,6000_OPEX,303327.75,0.0,EXTERNAL,Operating expenses
2024-09,US01,Hardware,OPEX-000148,2100_AP,0.0,303327.75,EXTERNAL,Operating expenses
2024-09,US01,Hardware,CAPEX-000148,1500_PPE,96513.37,0.0,EXTERNAL,Capital expenditure
2024-09,US01,Hardware,CAPEX-000148,1000_CASH,0.0,96513.37,EXTERNAL,Capital expenditure
2024-09,US01,Hardware,DEP-000148,6100_DEPRECIATION,1148.97,0.0,EXTERNAL,Depreciation
2024-09,US01,Hardware,DEP-000148,1590_ACCUM_DEP,0.0,1148.97,EXTERNAL,Depreciation
2024-09,US01,Hardware,COLL-000148,1000_CASH,2261170.47,0.0,EXTERNAL,Customer collections
2024-09,US01,Hardware,COLL-000148,1100_AR,0.0,2261170.47,EXTERNAL,Customer collections
2024-09,US01,Hardware,PAY-000148,2100_AP,1738956.8,0.0,EXTERNAL,Supplier payments
2024-09,US01,Hardware,PAY-000148,1000_CASH,0.0,1738956.8,EXTERNAL,Supplier payments
2024-09,JP01,Hardware,REV-000149,1100_AR,2471343.28,0.0,EXTERNAL,External sale
2024-09,JP01,Hardware,REV-000149,4000_REVENUE,0.0,2471343.28,EXTERNAL,External sale
2024-09,JP01,Hardware,COGS-000149,5000_VARIABLE_COGS,1547624.02,0.0,EXTERNAL,Variable cost of sales
2024-09,JP01,Hardware,COGS-000149,2100_AP,0.0,1547624.02,EXTERNAL,Variable cost of sales
2024-09,JP01,Hardware,COGS-000149,5100_FIXED_PRODUCTION,163537.76,0.0,EXTERNAL,Fixed production cost
2024-09,JP01,Hardware,COGS-000149,2100_AP,0.0,163537.76,EXTERNAL,Fixed production cost
2024-09,JP01,Hardware,OPEX-000149,6000_OPEX,271847.76,0.0,EXTERNAL,Operating expenses
2024-09,JP01,Hardware,OPEX-000149,2100_AP,0.0,271847.76,EXTERNAL,Operating expenses
2024-09,JP01,Hardware,CAPEX-000149,1500_PPE,86497.01,0.0,EXTERNAL,Capital expenditure
2024-09,JP01,Hardware,CAPEX-000149,1000_CASH,0.0,86497.01,EXTERNAL,Capital expenditure
2024-09,JP01,Hardware,DEP-000149,6100_DEPRECIATION,1029.73,0.0,EXTERNAL,Depreciation
2024-09,JP01,Hardware,DEP-000149,1590_ACCUM_DEP,0.0,1029.73,EXTERNAL,Depreciation
2024-09,JP01,Hardware,COLL-000149,1000_CASH,2026501.49,0.0,EXTERNAL,Customer collections
2024-09,JP01,Hardware,COLL-000149,1100_AR,0.0,2026501.49,EXTERNAL,Customer collections
2024-09,JP01,Hardware,PAY-000149,2100_AP,1546747.44,0.0,EXTERNAL,Supplier payments
2024-09,JP01,Hardware,PAY-000149,1000_CASH,0.0,1546747.44,EXTERNAL,Supplier payments
2024-09,ES01,Events,REV-000150,1100_AR,1264214.26,0.0,EXTERNAL,External sale
2024-09,ES01,Events,REV-000150,4000_REVENUE,0.0,1264214.26,EXTERNAL,External sale
2024-09,ES01,Events,COGS-000150,5000_VARIABLE_COGS,719015.43,0.0,EXTERNAL,Variable cost of sales
2024-09,ES01,Events,COGS-000150,2100_AP,0.0,719015.43,EXTERNAL,Variable cost of sales
2024-09,ES01,Events,COGS-000150,5100_FIXED_PRODUCTION,70531.02,0.0,EXTERNAL,Fixed production cost
2024-09,ES01,Events,COGS-000150,2100_AP,0.0,70531.02,EXTERNAL,Fixed production cost
2024-09,ES01,Events,OPEX-000150,6000_OPEX,214916.42,0.0,EXTERNAL,Operating expenses
2024-09,ES01,Events,OPEX-000150,2100_AP,0.0,214916.42,EXTERNAL,Operating expenses
2024-09,ES01,Events,CAPEX-000150,1500_PPE,12642.14,0.0,EXTERNAL,Capital expenditure
2024-09,ES01,Events,CAPEX-000150,1000_CASH,0.0,12642.14,EXTERNAL,Capital expenditure
2024-09,ES01,Events,DEP-000150,6100_DEPRECIATION,150.5,0.0,EXTERNAL,Depreciation
2024-09,ES01,Events,DEP-000150,1590_ACCUM_DEP,0.0,150.5,EXTERNAL,Depreciation
2024-09,ES01,Events,COLL-000150,1000_CASH,1036655.69,0.0,EXTERNAL,Customer collections
2024-09,ES01,Events,COLL-000150,1100_AR,0.0,1036655.69,EXTERNAL,Customer collections
2024-09,ES01,Events,PAY-000150,2100_AP,783481.04,0.0,EXTERNAL,Supplier payments
2024-09,ES01,Events,PAY-000150,1000_CASH,0.0,783481.04,EXTERNAL,Supplier payments
2024-09,US01,Events,REV-000151,1100_AR,1262698.21,0.0,EXTERNAL,External sale
2024-09,US01,Events,REV-000151,4000_REVENUE,0.0,1262698.21,EXTERNAL,External sale
2024-09,US01,Events,COGS-000151,5000_VARIABLE_COGS,731770.31,0.0,EXTERNAL,Variable cost of sales
2024-09,US01,Events,COGS-000151,2100_AP,0.0,731770.31,EXTERNAL,Variable cost of sales
2024-09,US01,Events,COGS-000151,5100_FIXED_PRODUCTION,76918.42,0.0,EXTERNAL,Fixed production cost
2024-09,US01,Events,COGS-000151,2100_AP,0.0,76918.42,EXTERNAL,Fixed production cost
2024-09,US01,Events,OPEX-000151,6000_OPEX,214658.7,0.0,EXTERNAL,Operating expenses
2024-09,US01,Events,OPEX-000151,2100_AP,0.0,214658.7,EXTERNAL,Operating expenses
2024-09,US01,Events,CAPEX-000151,1500_PPE,12626.98,0.0,EXTERNAL,Capital expenditure
2024-09,US01,Events,CAPEX-000151,1000_CASH,0.0,12626.98,EXTERNAL,Capital expenditure
2024-09,US01,Events,DEP-000151,6100_DEPRECIATION,150.32,0.0,EXTERNAL,Depreciation
2024-09,US01,Events,DEP-000151,1590_ACCUM_DEP,0.0,150.32,EXTERNAL,Depreciation
2024-09,US01,Events,COLL-000151,1000_CASH,1035412.53,0.0,EXTERNAL,Customer collections
2024-09,US01,Events,COLL-000151,1100_AR,0.0,1035412.53,EXTERNAL,Customer collections
2024-09,US01,Events,PAY-000151,2100_AP,798210.99,0.0,EXTERNAL,Supplier payments
2024-09,US01,Events,PAY-000151,1000_CASH,0.0,798210.99,EXTERNAL,Supplier payments
2024-09,ES01,Spare Parts,REV-000152,1100_AR,1660392.58,0.0,EXTERNAL,External sale
2024-09,ES01,Spare Parts,REV-000152,4000_REVENUE,0.0,1660392.58,EXTERNAL,External sale
2024-09,ES01,Spare Parts,COGS-000152,5000_VARIABLE_COGS,757587.91,0.0,EXTERNAL,Variable cost of sales
2024-09,ES01,Spare Parts,COGS-000152,2100_AP,0.0,757587.91,EXTERNAL,Variable cost of sales
2024-09,ES01,Spare Parts,COGS-000152,5100_FIXED_PRODUCTION,114675.06,0.0,EXTERNAL,Fixed production cost
2024-09,ES01,Spare Parts,COGS-000152,2100_AP,0.0,114675.06,EXTERNAL,Fixed production cost
2024-09,ES01,Spare Parts,OPEX-000152,6000_OPEX,199247.11,0.0,EXTERNAL,Operating expenses
2024-09,ES01,Spare Parts,OPEX-000152,2100_AP,0.0,199247.11,EXTERNAL,Operating expenses
2024-09,ES01,Spare Parts,CAPEX-000152,1500_PPE,16603.93,0.0,EXTERNAL,Capital expenditure
2024-09,ES01,Spare Parts,CAPEX-000152,1000_CASH,0.0,16603.93,EXTERNAL,Capital expenditure
2024-09,ES01,Spare Parts,DEP-000152,6100_DEPRECIATION,197.67,0.0,EXTERNAL,Depreciation
2024-09,ES01,Spare Parts,DEP-000152,1590_ACCUM_DEP,0.0,197.67,EXTERNAL,Depreciation
2024-09,ES01,Spare Parts,COLL-000152,1000_CASH,1361521.92,0.0,EXTERNAL,Customer collections
2024-09,ES01,Spare Parts,COLL-000152,1100_AR,0.0,1361521.92,EXTERNAL,Customer collections
2024-09,ES01,Spare Parts,PAY-000152,2100_AP,835777.86,0.0,EXTERNAL,Supplier payments
2024-09,ES01,Spare Parts,PAY-000152,1000_CASH,0.0,835777.86,EXTERNAL,Supplier payments
2024-09,JP01,Spare Parts,REV-000153,1100_AR,1657407.88,0.0,EXTERNAL,External sale
2024-09,JP01,Spare Parts,REV-000153,4000_REVENUE,0.0,1657407.88,EXTERNAL,External sale
2024-09,JP01,Spare Parts,COGS-000153,5000_VARIABLE_COGS,775398.7,0.0,EXTERNAL,Variable cost of sales
2024-09,JP01,Spare Parts,COGS-000153,2100_AP,0.0,775398.7,EXTERNAL,Variable cost of sales
2024-09,JP01,Spare Parts,COGS-000153,5100_FIXED_PRODUCTION,96978.6,0.0,EXTERNAL,Fixed production cost
2024-09,JP01,Spare Parts,COGS-000153,2100_AP,0.0,96978.6,EXTERNAL,Fixed production cost
2024-09,JP01,Spare Parts,OPEX-000153,6000_OPEX,198888.95,0.0,EXTERNAL,Operating expenses
2024-09,JP01,Spare Parts,OPEX-000153,2100_AP,0.0,198888.95,EXTERNAL,Operating expenses
2024-09,JP01,Spare Parts,CAPEX-000153,1500_PPE,16574.08,0.0,EXTERNAL,Capital expenditure
2024-09,JP01,Spare Parts,CAPEX-000153,1000_CASH,0.0,16574.08,EXTERNAL,Capital expenditure
2024-09,JP01,Spare Parts,DEP-000153,6100_DEPRECIATION,197.31,0.0,EXTERNAL,Depreciation
2024-09,JP01,Spare Parts,DEP-000153,1590_ACCUM_DEP,0.0,197.31,EXTERNAL,Depreciation
2024-09,JP01,Spare Parts,COLL-000153,1000_CASH,1359074.46,0.0,EXTERNAL,Customer collections
2024-09,JP01,Spare Parts,COLL-000153,1100_AR,0.0,1359074.46,EXTERNAL,Customer collections
2024-09,JP01,Spare Parts,PAY-000153,2100_AP,835587.67,0.0,EXTERNAL,Supplier payments
2024-09,JP01,Spare Parts,PAY-000153,1000_CASH,0.0,835587.67,EXTERNAL,Supplier payments
2024-10,DE01,Software,REV-000154,1100_AR,2140535.26,0.0,EXTERNAL,External sale
2024-10,DE01,Software,REV-000154,4000_REVENUE,0.0,2140535.26,EXTERNAL,External sale
2024-10,DE01,Software,COGS-000154,5000_VARIABLE_COGS,633574.23,0.0,EXTERNAL,Variable cost of sales
2024-10,DE01,Software,COGS-000154,2100_AP,0.0,633574.23,EXTERNAL,Variable cost of sales
2024-10,DE01,Software,OPEX-000154,6000_OPEX,492323.11,0.0,EXTERNAL,Operating expenses
2024-10,DE01,Software,OPEX-000154,2100_AP,0.0,492323.11,EXTERNAL,Operating expenses
2024-10,DE01,Software,CAPEX-000154,1500_PPE,21405.35,0.0,EXTERNAL,Capital expenditure
2024-10,DE01,Software,CAPEX-000154,1000_CASH,0.0,21405.35,EXTERNAL,Capital expenditure
2024-10,DE01,Software,DEP-000154,6100_DEPRECIATION,254.83,0.0,EXTERNAL,Depreciation
2024-10,DE01,Software,DEP-000154,1590_ACCUM_DEP,0.0,254.83,EXTERNAL,Depreciation
2024-10,DE01,Software,COLL-000154,1000_CASH,1755238.91,0.0,EXTERNAL,Customer collections
2024-10,DE01,Software,COLL-000154,1100_AR,0.0,1755238.91,EXTERNAL,Customer collections
2024-10,DE01,Software,PAY-000154,2100_AP,878199.92,0.0,EXTERNAL,Supplier payments
2024-10,DE01,Software,PAY-000154,1000_CASH,0.0,878199.92,EXTERNAL,Supplier payments
2024-10,US01,Software,REV-000155,1100_AR,2224247.98,0.0,EXTERNAL,External sale
2024-10,US01,Software,REV-000155,4000_REVENUE,0.0,2224247.98,EXTERNAL,External sale
2024-10,US01,Software,COGS-000155,5000_VARIABLE_COGS,665185.18,0.0,EXTERNAL,Variable cost of sales
2024-10,US01,Software,COGS-000155,2100_AP,0.0,665185.18,EXTERNAL,Variable cost of sales
2024-10,US01,Software,OPEX-000155,6000_OPEX,511577.04,0.0,EXTERNAL,Operating expenses
2024-10,US01,Software,OPEX-000155,2100_AP,0.0,511577.04,EXTERNAL,Operating expenses
2024-10,US01,Software,CAPEX-000155,1500_PPE,22242.48,0.0,EXTERNAL,Capital expenditure
2024-10,US01,Software,CAPEX-000155,1000_CASH,0.0,22242.48,EXTERNAL,Capital expenditure
2024-10,US01,Software,DEP-000155,6100_DEPRECIATION,264.79,0.0,EXTERNAL,Depreciation
2024-10,US01,Software,DEP-000155,1590_ACCUM_DEP,0.0,264.79,EXTERNAL,Depreciation
2024-10,US01,Software,COLL-000155,1000_CASH,1823883.34,0.0,EXTERNAL,Customer collections
2024-10,US01,Software,COLL-000155,1100_AR,0.0,1823883.34,EXTERNAL,Customer collections
2024-10,US01,Software,PAY-000155,2100_AP,917874.52,0.0,EXTERNAL,Supplier payments
2024-10,US01,Software,PAY-000155,1000_CASH,0.0,917874.52,EXTERNAL,Supplier payments
2024-10,JP01,Software,REV-000156,1100_AR,2149154.0,0.0,EXTERNAL,External sale
2024-10,JP01,Software,REV-000156,4000_REVENUE,0.0,2149154.0,EXTERNAL,External sale
2024-10,JP01,Software,COGS-000156,5000_VARIABLE_COGS,617183.63,0.0,EXTERNAL,Variable cost of sales
2024-10,JP01,Software,COGS-000156,2100_AP,0.0,617183.63,EXTERNAL,Variable cost of sales
2024-10,JP01,Software,OPEX-000156,6000_OPEX,494305.42,0.0,EXTERNAL,Operating expenses
2024-10,JP01,Software,OPEX-000156,2100_AP,0.0,494305.42,EXTERNAL,Operating expenses
2024-10,JP01,Software,CAPEX-000156,1500_PPE,21491.54,0.0,EXTERNAL,Capital expenditure
2024-10,JP01,Software,CAPEX-000156,1000_CASH,0.0,21491.54,EXTERNAL,Capital expenditure
2024-10,JP01,Software,DEP-000156,6100_DEPRECIATION,255.85,0.0,EXTERNAL,Depreciation
2024-10,JP01,Software,DEP-000156,1590_ACCUM_DEP,0.0,255.85,EXTERNAL,Depreciation
2024-10,JP01,Software,COLL-000156,1000_CASH,1762306.28,0.0,EXTERNAL,Customer collections
2024-10,JP01,Software,COLL-000156,1100_AR,0.0,1762306.28,EXTERNAL,Customer collections
2024-10,JP01,Software,PAY-000156,2100_AP,866961.46,0.0,EXTERNAL,Supplier payments
2024-10,JP01,Software,PAY-000156,1000_CASH,0.0,866961.46,EXTERNAL,Supplier payments
2024-10,DE01,Hardware,REV-000157,1100_AR,2555371.62,0.0,EXTERNAL,External sale
2024-10,DE01,Hardware,REV-000157,4000_REVENUE,0.0,2555371.62,EXTERNAL,External sale
2024-10,DE01,Hardware,COGS-000157,5000_VARIABLE_COGS,1616561.0,0.0,EXTERNAL,Variable cost of sales
2024-10,DE01,Hardware,COGS-000157,2100_AP,0.0,1616561.0,EXTERNAL,Variable cost of sales
2024-10,DE01,Hardware,COGS-000157,5100_FIXED_PRODUCTION,234075.28,0.0,EXTERNAL,Fixed production cost
2024-10,DE01,Hardware,COGS-000157,2100_AP,0.0,234075.28,EXTERNAL,Fixed production cost
2024-10,DE01,Hardware,OPEX-000157,6000_OPEX,281090.88,0.0,EXTERNAL,Operating expenses
2024-10,DE01,Hardware,OPEX-000157,2100_AP,0.0,281090.88,EXTERNAL,Operating expenses
2024-10,DE01,Hardware,CAPEX-000157,1500_PPE,89438.01,0.0,EXTERNAL,Capital expenditure
2024-10,DE01,Hardware,CAPEX-000157,1000_CASH,0.0,89438.01,EXTERNAL,Capital expenditure
2024-10,DE01,Hardware,DEP-000157,6100_DEPRECIATION,1064.74,0.0,EXTERNAL,Depreciation
2024-10,DE01,Hardware,DEP-000157,1590_ACCUM_DEP,0.0,1064.74,EXTERNAL,Depreciation
2024-10,DE01,Hardware,COLL-000157,1000_CASH,2095404.73,0.0,EXTERNAL,Customer collections
2024-10,DE01,Hardware,COLL-000157,1100_AR,0.0,2095404.73,EXTERNAL,Customer collections
2024-10,DE01,Hardware,PAY-000157,2100_AP,1662747.19,0.0,EXTERNAL,Supplier payments
2024-10,DE01,Hardware,PAY-000157,1000_CASH,0.0,1662747.19,EXTERNAL,Supplier payments
2024-10,ES01,Hardware,REV-000158,1100_AR,2601901.14,0.0,EXTERNAL,External sale
2024-10,ES01,Hardware,REV-000158,4000_REVENUE,0.0,2601901.14,EXTERNAL,External sale
2024-10,ES01,Hardware,COGS-000158,5000_VARIABLE_COGS,1630208.42,0.0,EXTERNAL,Variable cost of sales
2024-10,ES01,Hardware,COGS-000158,2100_AP,0.0,1630208.42,EXTERNAL,Variable cost of sales
2024-10,ES01,Hardware,COGS-000158,5100_FIXED_PRODUCTION,203568.19,0.0,EXTERNAL,Fixed production cost
2024-10,ES01,Hardware,COGS-000158,2100_AP,0.0,203568.19,EXTERNAL,Fixed production cost
2024-10,ES01,Hardware,OPEX-000158,6000_OPEX,286209.13,0.0,EXTERNAL,Operating expenses
2024-10,ES01,Hardware,OPEX-000158,2100_AP,0.0,286209.13,EXTERNAL,Operating expenses
2024-10,ES01,Hardware,CAPEX-000158,1500_PPE,91066.54,0.0,EXTERNAL,Capital expenditure
2024-10,ES01,Hardware,CAPEX-000158,1000_CASH,0.0,91066.54,EXTERNAL,Capital expenditure
2024-10,ES01,Hardware,DEP-000158,6100_DEPRECIATION,1084.13,0.0,EXTERNAL,Depreciation
2024-10,ES01,Hardware,DEP-000158,1590_ACCUM_DEP,0.0,1084.13,EXTERNAL,Depreciation
2024-10,ES01,Hardware,COLL-000158,1000_CASH,2133558.93,0.0,EXTERNAL,Customer collections
2024-10,ES01,Hardware,COLL-000158,1100_AR,0.0,2133558.93,EXTERNAL,Customer collections
2024-10,ES01,Hardware,PAY-000158,2100_AP,1653588.87,0.0,EXTERNAL,Supplier payments
2024-10,ES01,Hardware,PAY-000158,1000_CASH,0.0,1653588.87,EXTERNAL,Supplier payments
2024-10,US01,Hardware,REV-000159,1100_AR,2530719.35,0.0,EXTERNAL,External sale
2024-10,US01,Hardware,REV-000159,4000_REVENUE,0.0,2530719.35,EXTERNAL,External sale
2024-10,US01,Hardware,COGS-000159,5000_VARIABLE_COGS,1570652.93,0.0,EXTERNAL,Variable cost of sales
2024-10,US01,Hardware,COGS-000159,2100_AP,0.0,1570652.93,EXTERNAL,Variable cost of sales
2024-10,US01,Hardware,COGS-000159,5100_FIXED_PRODUCTION,238676.22,0.0,EXTERNAL,Fixed production cost
2024-10,US01,Hardware,COGS-000159,2100_AP,0.0,238676.22,EXTERNAL,Fixed production cost
2024-10,US01,Hardware,OPEX-000159,6000_OPEX,278379.13,0.0,EXTERNAL,Operating expenses
2024-10,US01,Hardware,OPEX-000159,2100_AP,0.0,278379.13,EXTERNAL,Operating expenses
2024-10,US01,Hardware,CAPEX-000159,1500_PPE,88575.18,0.0,EXTERNAL,Capital expenditure
2024-10,US01,Hardware,CAPEX-000159,1000_CASH,0.0,88575.18,EXTERNAL,Capital expenditure
2024-10,US01,Hardware,DEP-000159,6100_DEPRECIATION,1054.47,0.0,EXTERNAL,Depreciation
2024-10,US01,Hardware,DEP-000159,1590_ACCUM_DEP,0.0,1054.47,EXTERNAL,Depreciation
2024-10,US01,Hardware,COLL-000159,1000_CASH,2075189.87,0.0,EXTERNAL,Customer collections
2024-10,US01,Hardware,COLL-000159,1100_AR,0.0,2075189.87,EXTERNAL,Customer collections
2024-10,US01,Hardware,PAY-000159,2100_AP,1628412.45,0.0,EXTERNAL,Supplier payments
2024-10,US01,Hardware,PAY-000159,1000_CASH,0.0,1628412.45,EXTERNAL,Supplier payments
2024-10,JP01,Hardware,REV-000160,1100_AR,2621234.06,0.0,EXTERNAL,External sale
2024-10,JP01,Hardware,REV-000160,4000_REVENUE,0.0,2621234.06,EXTERNAL,External sale
2024-10,JP01,Hardware,COGS-000160,5000_VARIABLE_COGS,1643236.9,0.0,EXTERNAL,Variable cost of sales
2024-10,JP01,Hardware,COGS-000160,2100_AP,0.0,1643236.9,EXTERNAL,Variable cost of sales
2024-10,JP01,Hardware,COGS-000160,5100_FIXED_PRODUCTION,227820.79,0.0,EXTERNAL,Fixed production cost
2024-10,JP01,Hardware,COGS-000160,2100_AP,0.0,227820.79,EXTERNAL,Fixed production cost
2024-10,JP01,Hardware,OPEX-000160,6000_OPEX,288335.75,0.0,EXTERNAL,Operating expenses
2024-10,JP01,Hardware,OPEX-000160,2100_AP,0.0,288335.75,EXTERNAL,Operating expenses
2024-10,JP01,Hardware,CAPEX-000160,1500_PPE,91743.19,0.0,EXTERNAL,Capital expenditure
2024-10,JP01,Hardware,CAPEX-000160,1000_CASH,0.0,91743.19,EXTERNAL,Capital expenditure
2024-10,JP01,Hardware,DEP-000160,6100_DEPRECIATION,1092.18,0.0,EXTERNAL,Depreciation
2024-10,JP01,Hardware,DEP-000160,1590_ACCUM_DEP,0.0,1092.18,EXTERNAL,Depreciation
2024-10,JP01,Hardware,COLL-000160,1000_CASH,2149411.93,0.0,EXTERNAL,Customer collections
2024-10,JP01,Hardware,COLL-000160,1100_AR,0.0,2149411.93,EXTERNAL,Customer collections
2024-10,JP01,Hardware,PAY-000160,2100_AP,1684326.89,0.0,EXTERNAL,Supplier payments
2024-10,JP01,Hardware,PAY-000160,1000_CASH,0.0,1684326.89,EXTERNAL,Supplier payments
2024-10,ES01,Events,REV-000161,1100_AR,1356430.9,0.0,EXTERNAL,External sale
2024-10,ES01,Events,REV-000161,4000_REVENUE,0.0,1356430.9,EXTERNAL,External sale
2024-10,ES01,Events,COGS-000161,5000_VARIABLE_COGS,807081.62,0.0,EXTERNAL,Variable cost of sales
2024-10,ES01,Events,COGS-000161,2100_AP,0.0,807081.62,EXTERNAL,Variable cost of sales
2024-10,ES01,Events,COGS-000161,5100_FIXED_PRODUCTION,55365.15,0.0,EXTERNAL,Fixed production cost
2024-10,ES01,Events,COGS-000161,2100_AP,0.0,55365.15,EXTERNAL,Fixed production cost
2024-10,ES01,Events,OPEX-000161,6000_OPEX,230593.25,0.0,EXTERNAL,Operating expenses
2024-10,ES01,Events,OPEX-000161,2100_AP,0.0,230593.25,EXTERNAL,Operating expenses
2024-10,ES01,Events,CAPEX-000161,1500_PPE,13564.31,0.0,EXTERNAL,Capital expenditure
2024-10,ES01,Events,CAPEX-000161,1000_CASH,0.0,13564.31,EXTERNAL,Capital expenditure
2024-10,ES01,Events,DEP-000161,6100_DEPRECIATION,161.48,0.0,EXTERNAL,Depreciation
2024-10,ES01,Events,DEP-000161,1590_ACCUM_DEP,0.0,161.48,EXTERNAL,Depreciation
2024-10,ES01,Events,COLL-000161,1000_CASH,1112273.34,0.0,EXTERNAL,Customer collections
2024-10,ES01,Events,COLL-000161,1100_AR,0.0,1112273.34,EXTERNAL,Customer collections
2024-10,ES01,Events,PAY-000161,2100_AP,852571.22,0.0,EXTERNAL,Supplier payments
2024-10,ES01,Events,PAY-000161,1000_CASH,0.0,852571.22,EXTERNAL,Supplier payments
2024-10,US01,Events,REV-000162,1100_AR,1352653.72,0.0,EXTERNAL,External sale
2024-10,US01,Events,REV-000162,4000_REVENUE,0.0,1352653.72,EXTERNAL,External sale
2024-10,US01,Events,COGS-000162,5000_VARIABLE_COGS,795210.23,0.0,EXTERNAL,Variable cost of sales
2024-10,US01,Events,COGS-000162,2100_AP,0.0,795210.23,EXTERNAL,Variable cost of sales
2024-10,US01,Events,COGS-000162,5100_FIXED_PRODUCTION,70058.47,0.0,EXTERNAL,Fixed production cost
2024-10,US01,Events,COGS-000162,2100_AP,0.0,70058.47,EXTERNAL,Fixed production cost
2024-10,US01,Events,OPEX-000162,6000_OPEX,229951.13,0.0,EXTERNAL,Operating expenses
2024-10,US01,Events,OPEX-000162,2100_AP,0.0,229951.13,EXTERNAL,Operating expenses
2024-10,US01,Events,CAPEX-000162,1500_PPE,13526.54,0.0,EXTERNAL,Capital expenditure
2024-10,US01,Events,CAPEX-000162,1000_CASH,0.0,13526.54,EXTERNAL,Capital expenditure
2024-10,US01,Events,DEP-000162,6100_DEPRECIATION,161.03,0.0,EXTERNAL,Depreciation
2024-10,US01,Events,DEP-000162,1590_ACCUM_DEP,0.0,161.03,EXTERNAL,Depreciation
2024-10,US01,Events,COLL-000162,1000_CASH,1109176.05,0.0,EXTERNAL,Customer collections
2024-10,US01,Events,COLL-000162,1100_AR,0.0,1109176.05,EXTERNAL,Customer collections
2024-10,US01,Events,PAY-000162,2100_AP,854271.47,0.0,EXTERNAL,Supplier payments
2024-10,US01,Events,PAY-000162,1000_CASH,0.0,854271.47,EXTERNAL,Supplier payments
2024-10,ES01,Spare Parts,REV-000163,1100_AR,1652284.92,0.0,EXTERNAL,External sale
2024-10,ES01,Spare Parts,REV-000163,4000_REVENUE,0.0,1652284.92,EXTERNAL,External sale
2024-10,ES01,Spare Parts,COGS-000163,5000_VARIABLE_COGS,773083.06,0.0,EXTERNAL,Variable cost of sales
2024-10,ES01,Spare Parts,COGS-000163,2100_AP,0.0,773083.06,EXTERNAL,Variable cost of sales
2024-10,ES01,Spare Parts,COGS-000163,5100_FIXED_PRODUCTION,63335.57,0.0,EXTERNAL,Fixed production cost
2024-10,ES01,Spare Parts,COGS-000163,2100_AP,0.0,63335.57,EXTERNAL,Fixed production cost
2024-10,ES01,Spare Parts,OPEX-000163,6000_OPEX,198274.19,0.0,EXTERNAL,Operating expenses
2024-10,ES01,Spare Parts,OPEX-000163,2100_AP,0.0,198274.19,EXTERNAL,Operating expenses
2024-10,ES01,Spare Parts,CAPEX-000163,1500_PPE,16522.85,0.0,EXTERNAL,Capital expenditure
2024-10,ES01,Spare Parts,CAPEX-000163,1000_CASH,0.0,16522.85,EXTERNAL,Capital expenditure
2024-10,ES01,Spare Parts,DEP-000163,6100_DEPRECIATION,196.7,0.0,EXTERNAL,Depreciation
2024-10,ES01,Spare Parts,DEP-000163,1590_ACCUM_DEP,0.0,196.7,EXTERNAL,Depreciation
2024-10,ES01,Spare Parts,COLL-000163,1000_CASH,1354873.63,0.0,EXTERNAL,Customer collections
2024-10,ES01,Spare Parts,COLL-000163,1100_AR,0.0,1354873.63,EXTERNAL,Customer collections
2024-10,ES01,Spare Parts,PAY-000163,2100_AP,807060.4,0.0,EXTERNAL,Supplier payments
2024-10,ES01,Spare Parts,PAY-000163,1000_CASH,0.0,807060.4,EXTERNAL,Supplier payments
2024-10,JP01,Spare Parts,REV-000164,1100_AR,1742092.17,0.0,EXTERNAL,External sale
2024-10,JP01,Spare Parts,REV-000164,4000_REVENUE,0.0,1742092.17,EXTERNAL,External sale
2024-10,JP01,Spare Parts,COGS-000164,5000_VARIABLE_COGS,835477.24,0.0,EXTERNAL,Variable cost of sales
2024-10,JP01,Spare Parts,COGS-000164,2100_AP,0.0,835477.24,EXTERNAL,Variable cost of sales
2024-10,JP01,Spare Parts,COGS-000164,5100_FIXED_PRODUCTION,50367.88,0.0,EXTERNAL,Fixed production cost
2024-10,JP01,Spare Parts,COGS-000164,2100_AP,0.0,50367.88,EXTERNAL,Fixed production cost
2024-10,JP01,Spare Parts,OPEX-000164,6000_OPEX,209051.06,0.0,EXTERNAL,Operating expenses
2024-10,JP01,Spare Parts,OPEX-000164,2100_AP,0.0,209051.06,EXTERNAL,Operating expenses
2024-10,JP01,Spare Parts,CAPEX-000164,1500_PPE,17420.92,0.0,EXTERNAL,Capital expenditure
2024-10,JP01,Spare Parts,CAPEX-000164,1000_CASH,0.0,17420.92,EXTERNAL,Capital expenditure
2024-10,JP01,Spare Parts,DEP-000164,6100_DEPRECIATION,207.39,0.0,EXTERNAL,Depreciation
2024-10,JP01,Spare Parts,DEP-000164,1590_ACCUM_DEP,0.0,207.39,EXTERNAL,Depreciation
2024-10,JP01,Spare Parts,COLL-000164,1000_CASH,1428515.58,0.0,EXTERNAL,Customer collections
2024-10,JP01,Spare Parts,COLL-000164,1100_AR,0.0,1428515.58,EXTERNAL,Customer collections
2024-10,JP01,Spare Parts,PAY-000164,2100_AP,854019.02,0.0,EXTERNAL,Supplier payments
2024-10,JP01,Spare Parts,PAY-000164,1000_CASH,0.0,854019.02,EXTERNAL,Supplier payments
2024-11,DE01,Software,REV-000165,1100_AR,2292670.75,0.0,EXTERNAL,External sale
2024-11,DE01,Software,REV-000165,4000_REVENUE,0.0,2292670.75,EXTERNAL,External sale
2024-11,DE01,Software,COGS-000165,5000_VARIABLE_COGS,667518.22,0.0,EXTERNAL,Variable cost of sales
2024-11,DE01,Software,COGS-000165,2100_AP,0.0,667518.22,EXTERNAL,Variable cost of sales
2024-11,DE01,Software,OPEX-000165,6000_OPEX,527314.27,0.0,EXTERNAL,Operating expenses
2024-11,DE01,Software,OPEX-000165,2100_AP,0.0,527314.27,EXTERNAL,Operating expenses
2024-11,DE01,Software,CAPEX-000165,1500_PPE,22926.71,0.0,EXTERNAL,Capital expenditure
2024-11,DE01,Software,CAPEX-000165,1000_CASH,0.0,22926.71,EXTERNAL,Capital expenditure
2024-11,DE01,Software,DEP-000165,6100_DEPRECIATION,272.94,0.0,EXTERNAL,Depreciation
2024-11,DE01,Software,DEP-000165,1590_ACCUM_DEP,0.0,272.94,EXTERNAL,Depreciation
2024-11,DE01,Software,COLL-000165,1000_CASH,1879990.01,0.0,EXTERNAL,Customer collections
2024-11,DE01,Software,COLL-000165,1100_AR,0.0,1879990.01,EXTERNAL,Customer collections
2024-11,DE01,Software,PAY-000165,2100_AP,931969.35,0.0,EXTERNAL,Supplier payments
2024-11,DE01,Software,PAY-000165,1000_CASH,0.0,931969.35,EXTERNAL,Supplier payments
2024-11,US01,Software,REV-000166,1100_AR,2235082.91,0.0,EXTERNAL,External sale
2024-11,US01,Software,REV-000166,4000_REVENUE,0.0,2235082.91,EXTERNAL,External sale
2024-11,US01,Software,COGS-000166,5000_VARIABLE_COGS,678336.3,0.0,EXTERNAL,Variable cost of sales
2024-11,US01,Software,COGS-000166,2100_AP,0.0,678336.3,EXTERNAL,Variable cost of sales
2024-11,US01,Software,OPEX-000166,6000_OPEX,514069.07,0.0,EXTERNAL,Operating expenses
2024-11,US01,Software,OPEX-000166,2100_AP,0.0,514069.07,EXTERNAL,Operating expenses
2024-11,US01,Software,CAPEX-000166,1500_PPE,22350.83,0.0,EXTERNAL,Capital expenditure
2024-11,US01,Software,CAPEX-000166,1000_CASH,0.0,22350.83,EXTERNAL,Capital expenditure
2024-11,US01,Software,DEP-000166,6100_DEPRECIATION,266.08,0.0,EXTERNAL,Depreciation
2024-11,US01,Software,DEP-000166,1590_ACCUM_DEP,0.0,266.08,EXTERNAL,Depreciation
2024-11,US01,Software,COLL-000166,1000_CASH,1832767.99,0.0,EXTERNAL,Customer collections
2024-11,US01,Software,COLL-000166,1100_AR,0.0,1832767.99,EXTERNAL,Customer collections
2024-11,US01,Software,PAY-000166,2100_AP,930076.19,0.0,EXTERNAL,Supplier payments
2024-11,US01,Software,PAY-000166,1000_CASH,0.0,930076.19,EXTERNAL,Supplier payments
2024-11,JP01,Software,REV-000167,1100_AR,2285701.93,0.0,EXTERNAL,External sale
2024-11,JP01,Software,REV-000167,4000_REVENUE,0.0,2285701.93,EXTERNAL,External sale
2024-11,JP01,Software,COGS-000167,5000_VARIABLE_COGS,639793.07,0.0,EXTERNAL,Variable cost of sales
2024-11,JP01,Software,COGS-000167,2100_AP,0.0,639793.07,EXTERNAL,Variable cost of sales
2024-11,JP01,Software,OPEX-000167,6000_OPEX,525711.44,0.0,EXTERNAL,Operating expenses
2024-11,JP01,Software,OPEX-000167,2100_AP,0.0,525711.44,EXTERNAL,Operating expenses
2024-11,JP01,Software,CAPEX-000167,1500_PPE,22857.02,0.0,EXTERNAL,Capital expenditure
2024-11,JP01,Software,CAPEX-000167,1000_CASH,0.0,22857.02,EXTERNAL,Capital expenditure
2024-11,JP01,Software,DEP-000167,6100_DEPRECIATION,272.11,0.0,EXTERNAL,Depreciation
2024-11,JP01,Software,DEP-000167,1590_ACCUM_DEP,0.0,272.11,EXTERNAL,Depreciation
2024-11,JP01,Software,COLL-000167,1000_CASH,1874275.58,0.0,EXTERNAL,Customer collections
2024-11,JP01,Software,COLL-000167,1100_AR,0.0,1874275.58,EXTERNAL,Customer collections
2024-11,JP01,Software,PAY-000167,2100_AP,909093.52,0.0,EXTERNAL,Supplier payments
2024-11,JP01,Software,PAY-000167,1000_CASH,0.0,909093.52,EXTERNAL,Supplier payments
2024-11,DE01,Hardware,REV-000168,1100_AR,2718227.86,0.0,EXTERNAL,External sale
2024-11,DE01,Hardware,REV-000168,4000_REVENUE,0.0,2718227.86,EXTERNAL,External sale
2024-11,DE01,Hardware,COGS-000168,5000_VARIABLE_COGS,1714621.31,0.0,EXTERNAL,Variable cost of sales
2024-11,DE01,Hardware,COGS-000168,2100_AP,0.0,1714621.31,EXTERNAL,Variable cost of sales
2024-11,DE01,Hardware,COGS-000168,5100_FIXED_PRODUCTION,214464.02,0.0,EXTERNAL,Fixed production cost
2024-11,DE01,Hardware,COGS-000168,2100_AP,0.0,214464.02,EXTERNAL,Fixed production cost
2024-11,DE01,Hardware,OPEX-000168,6000_OPEX,299005.06,0.0,EXTERNAL,Operating expenses
2024-11,DE01,Hardware,OPEX-000168,2100_AP,0.0,299005.06,EXTERNAL,Operating expenses
2024-11,DE01,Hardware,CAPEX-000168,1500_PPE,95137.98,0.0,EXTERNAL,Capital expenditure
2024-11,DE01,Hardware,CAPEX-000168,1000_CASH,0.0,95137.98,EXTERNAL,Capital expenditure
2024-11,DE01,Hardware,DEP-000168,6100_DEPRECIATION,1132.59,0.0,EXTERNAL,Depreciation
2024-11,DE01,Hardware,DEP-000168,1590_ACCUM_DEP,0.0,1132.59,EXTERNAL,Depreciation
2024-11,DE01,Hardware,COLL-000168,1000_CASH,2228946.85,0.0,EXTERNAL,Customer collections
2024-11,DE01,Hardware,COLL-000168,1100_AR,0.0,2228946.85,EXTERNAL,Customer collections
2024-11,DE01,Hardware,PAY-000168,2100_AP,1737910.51,0.0,EXTERNAL,Supplier payments
2024-11,DE01,Hardware,PAY-000168,1000_CASH,0.0,1737910.51,EXTERNAL,Supplier payments
2024-11,ES01,Hardware,REV-000169,1100_AR,2819727.76,0.0,EXTERNAL,External sale
2024-11,ES01,Hardware,REV-000169,4000_REVENUE,0.0,2819727.76,EXTERNAL,External sale
2024-11,ES01,Hardware,COGS-000169,5000_VARIABLE_COGS,1844382.82,0.0,EXTERNAL,Variable cost of sales
2024-11,ES01,Hardware,COGS-000169,2100_AP,0.0,1844382.82,EXTERNAL,Variable cost of sales
2024-11,ES01,Hardware,COGS-000169,5100_FIXED_PRODUCTION,184213.35,0.0,EXTERNAL,Fixed production cost
2024-11,ES01,Hardware,COGS-000169,2100_AP,0.0,184213.35,EXTERNAL,Fixed production cost
2024-11,ES01,Hardware,OPEX-000169,6000_OPEX,310170.05,0.0,EXTERNAL,Operating expenses
2024-11,ES01,Hardware,OPEX-000169,2100_AP,0.0,310170.05,EXTERNAL,Operating expenses
2024-11,ES01,Hardware,CAPEX-000169,1500_PPE,98690.47,0.0,EXTERNAL,Capital expenditure
2024-11,ES01,Hardware,CAPEX-000169,1000_CASH,0.0,98690.47,EXTERNAL,Capital expenditure
2024-11,ES01,Hardware,DEP-000169,6100_DEPRECIATION,1174.89,0.0,EXTERNAL,Depreciation
2024-11,ES01,Hardware,DEP-000169,1590_ACCUM_DEP,0.0,1174.89,EXTERNAL,Depreciation
2024-11,ES01,Hardware,COLL-000169,1000_CASH,2312176.76,0.0,EXTERNAL,Customer collections
2024-11,ES01,Hardware,COLL-000169,1100_AR,0.0,2312176.76,EXTERNAL,Customer collections
2024-11,ES01,Hardware,PAY-000169,2100_AP,1824237.65,0.0,EXTERNAL,Supplier payments
2024-11,ES01,Hardware,PAY-000169,1000_CASH,0.0,1824237.65,EXTERNAL,Supplier payments
2024-11,US01,Hardware,REV-000170,1100_AR,2735388.82,0.0,EXTERNAL,External sale
2024-11,US01,Hardware,REV-000170,4000_REVENUE,0.0,2735388.82,EXTERNAL,External sale
2024-11,US01,Hardware,COGS-000170,5000_VARIABLE_COGS,1693996.87,0.0,EXTERNAL,Variable cost of sales
2024-11,US01,Hardware,COGS-000170,2100_AP,0.0,1693996.87,EXTERNAL,Variable cost of sales
2024-11,US01,Hardware,COGS-000170,5100_FIXED_PRODUCTION,256712.22,0.0,EXTERNAL,Fixed production cost
2024-11,US01,Hardware,COGS-000170,2100_AP,0.0,256712.22,EXTERNAL,Fixed production cost
2024-11,US01,Hardware,OPEX-000170,6000_OPEX,300892.77,0.0,EXTERNAL,Operating expenses
2024-11,US01,Hardware,OPEX-000170,2100_AP,0.0,300892.77,EXTERNAL,Operating expenses
2024-11,US01,Hardware,CAPEX-000170,1500_PPE,95738.61,0.0,EXTERNAL,Capital expenditure
2024-11,US01,Hardware,CAPEX-000170,1000_CASH,0.0,95738.61,EXTERNAL,Capital expenditure
2024-11,US01,Hardware,DEP-000170,6100_DEPRECIATION,1139.75,0.0,EXTERNAL,Depreciation
2024-11,US01,Hardware,DEP-000170,1590_ACCUM_DEP,0.0,1139.75,EXTERNAL,Depreciation
2024-11,US01,Hardware,COLL-000170,1000_CASH,2243018.83,0.0,EXTERNAL,Customer collections
2024-11,US01,Hardware,COLL-000170,1100_AR,0.0,2243018.83,EXTERNAL,Customer collections
2024-11,US01,Hardware,PAY-000170,2100_AP,1756249.45,0.0,EXTERNAL,Supplier payments
2024-11,US01,Hardware,PAY-000170,1000_CASH,0.0,1756249.45,EXTERNAL,Supplier payments
2024-11,JP01,Hardware,REV-000171,1100_AR,2527078.7,0.0,EXTERNAL,External sale
2024-11,JP01,Hardware,REV-000171,4000_REVENUE,0.0,2527078.7,EXTERNAL,External sale
2024-11,JP01,Hardware,COGS-000171,5000_VARIABLE_COGS,1593035.94,0.0,EXTERNAL,Variable cost of sales
2024-11,JP01,Hardware,COGS-000171,2100_AP,0.0,1593035.94,EXTERNAL,Variable cost of sales
2024-11,JP01,Hardware,COGS-000171,5100_FIXED_PRODUCTION,220003.43,0.0,EXTERNAL,Fixed production cost
2024-11,JP01,Hardware,COGS-000171,2100_AP,0.0,220003.43,EXTERNAL,Fixed production cost
2024-11,JP01,Hardware,OPEX-000171,6000_OPEX,277978.66,0.0,EXTERNAL,Operating expenses
2024-11,JP01,Hardware,OPEX-000171,2100_AP,0.0,277978.66,EXTERNAL,Operating expenses
2024-11,JP01,Hardware,CAPEX-000171,1500_PPE,88447.75,0.0,EXTERNAL,Capital expenditure
2024-11,JP01,Hardware,CAPEX-000171,1000_CASH,0.0,88447.75,EXTERNAL,Capital expenditure
2024-11,JP01,Hardware,DEP-000171,6100_DEPRECIATION,1052.95,0.0,EXTERNAL,Depreciation
2024-11,JP01,Hardware,DEP-000171,1590_ACCUM_DEP,0.0,1052.95,EXTERNAL,Depreciation
2024-11,JP01,Hardware,COLL-000171,1000_CASH,2072204.53,0.0,EXTERNAL,Customer collections
2024-11,JP01,Hardware,COLL-000171,1100_AR,0.0,2072204.53,EXTERNAL,Customer collections
2024-11,JP01,Hardware,PAY-000171,2100_AP,1630994.06,0.0,EXTERNAL,Supplier payments
2024-11,JP01,Hardware,PAY-000171,1000_CASH,0.0,1630994.06,EXTERNAL,Supplier payments
2024-11,ES01,Events,REV-000172,1100_AR,1390770.78,0.0,EXTERNAL,External sale
2024-11,ES01,Events,REV-000172,4000_REVENUE,0.0,1390770.78,EXTERNAL,External sale
2024-11,ES01,Events,COGS-000172,5000_VARIABLE_COGS,828966.08,0.0,EXTERNAL,Variable cost of sales
2024-11,ES01,Events,COGS-000172,2100_AP,0.0,828966.08,EXTERNAL,Variable cost of sales
2024-11,ES01,Events,COGS-000172,5100_FIXED_PRODUCTION,90480.58,0.0,EXTERNAL,Fixed production cost
2024-11,ES01,Events,COGS-000172,2100_AP,0.0,90480.58,EXTERNAL,Fixed production cost
2024-11,ES01,Events,OPEX-000172,6000_OPEX,236431.03,0.0,EXTERNAL,Operating expenses
2024-11,ES01,Events,OPEX-000172,2100_AP,0.0,236431.03,EXTERNAL,Operating expenses
2024-11,ES01,Events,CAPEX-000172,1500_PPE,13907.71,0.0,EXTERNAL,Capital expenditure
2024-11,ES01,Events,CAPEX-000172,1000_CASH,0.0,13907.71,EXTERNAL,Capital expenditure
2024-11,ES01,Events,DEP-000172,6100_DEPRECIATION,165.57,0.0,EXTERNAL,Depreciation
2024-11,ES01,Events,DEP-000172,1590_ACCUM_DEP,0.0,165.57,EXTERNAL,Depreciation
2024-11,ES01,Events,COLL-000172,1000_CASH,1140432.04,0.0,EXTERNAL,Customer collections
2024-11,ES01,Events,COLL-000172,1100_AR,0.0,1140432.04,EXTERNAL,Customer collections
2024-11,ES01,Events,PAY-000172,2100_AP,901584.6,0.0,EXTERNAL,Supplier payments
2024-11,ES01,Events,PAY-000172,1000_CASH,0.0,901584.6,EXTERNAL,Supplier payments
2024-11,US01,Events,REV-000173,1100_AR,1355351.5,0.0,EXTERNAL,External sale
2024-11,US01,Events,REV-000173,4000_REVENUE,0.0,1355351.5,EXTERNAL,External sale
2024-11,US01,Events,COGS-000173,5000_VARIABLE_COGS,823610.53,0.0,EXTERNAL,Variable cost of sales
2024-11,US01,Events,COGS-000173,2100_AP,0.0,823610.53,EXTERNAL,Variable cost of sales
2024-11,US01,Events,COGS-000173,5100_FIXED_PRODUCTION,27193.0,0.0,EXTERNAL,Fixed production cost
2024-11,US01,Events,COGS-000173,2100_AP,0.0,27193.0,EXTERNAL,Fixed production cost
2024-11,US01,Events,OPEX-000173,6000_OPEX,230409.76,0.0,EXTERNAL,Operating expenses
2024-11,US01,Events,OPEX-000173,2100_AP,0.0,230409.76,EXTERNAL,Operating expenses
2024-11,US01,Events,CAPEX-000173,1500_PPE,13553.51,0.0,EXTERNAL,Capital expenditure
2024-11,US01,Events,CAPEX-000173,1000_CASH,0.0,13553.51,EXTERNAL,Capital expenditure
2024-11,US01,Events,DEP-000173,6100_DEPRECIATION,161.35,0.0,EXTERNAL,Depreciation
2024-11,US01,Events,DEP-000173,1590_ACCUM_DEP,0.0,161.35,EXTERNAL,Depreciation
2024-11,US01,Events,COLL-000173,1000_CASH,1111388.23,0.0,EXTERNAL,Customer collections
2024-11,US01,Events,COLL-000173,1100_AR,0.0,1111388.23,EXTERNAL,Customer collections
2024-11,US01,Events,PAY-000173,2100_AP,843346.37,0.0,EXTERNAL,Supplier payments
2024-11,US01,Events,PAY-000173,1000_CASH,0.0,843346.37,EXTERNAL,Supplier payments
2024-11,ES01,Spare Parts,REV-000174,1100_AR,1795246.15,0.0,EXTERNAL,External sale
2024-11,ES01,Spare Parts,REV-000174,4000_REVENUE,0.0,1795246.15,EXTERNAL,External sale
2024-11,ES01,Spare Parts,COGS-000174,5000_VARIABLE_COGS,846666.4,0.0,EXTERNAL,Variable cost of sales
2024-11,ES01,Spare Parts,COGS-000174,2100_AP,0.0,846666.4,EXTERNAL,Variable cost of sales
2024-11,ES01,Spare Parts,COGS-000174,5100_FIXED_PRODUCTION,61448.77,0.0,EXTERNAL,Fixed production cost
2024-11,ES01,Spare Parts,COGS-000174,2100_AP,0.0,61448.77,EXTERNAL,Fixed production cost
2024-11,ES01,Spare Parts,OPEX-000174,6000_OPEX,215429.54,0.0,EXTERNAL,Operating expenses
2024-11,ES01,Spare Parts,OPEX-000174,2100_AP,0.0,215429.54,EXTERNAL,Operating expenses
2024-11,ES01,Spare Parts,CAPEX-000174,1500_PPE,17952.46,0.0,EXTERNAL,Capital expenditure
2024-11,ES01,Spare Parts,CAPEX-000174,1000_CASH,0.0,17952.46,EXTERNAL,Capital expenditure
2024-11,ES01,Spare Parts,DEP-000174,6100_DEPRECIATION,213.72,0.0,EXTERNAL,Depreciation
2024-11,ES01,Spare Parts,DEP-000174,1590_ACCUM_DEP,0.0,213.72,EXTERNAL,Depreciation
2024-11,ES01,Spare Parts,COLL-000174,1000_CASH,1472101.84,0.0,EXTERNAL,Customer collections
2024-11,ES01,Spare Parts,COLL-000174,1100_AR,0.0,1472101.84,EXTERNAL,Customer collections
2024-11,ES01,Spare Parts,PAY-000174,2100_AP,876364.87,0.0,EXTERNAL,Supplier payments
2024-11,ES01,Spare Parts,PAY-000174,1000_CASH,0.0,876364.87,EXTERNAL,Supplier payments
2024-11,JP01,Spare Parts,REV-000175,1100_AR,1848770.02,0.0,EXTERNAL,External sale
2024-11,JP01,Spare Parts,REV-000175,4000_REVENUE,0.0,1848770.02,EXTERNAL,External sale
2024-11,JP01,Spare Parts,COGS-000175,5000_VARIABLE_COGS,887465.51,0.0,EXTERNAL,Variable cost of sales
2024-11,JP01,Spare Parts,COGS-000175,2100_AP,0.0,887465.51,EXTERNAL,Variable cost of sales
2024-11,JP01,Spare Parts,COGS-000175,5100_FIXED_PRODUCTION,68626.11,0.0,EXTERNAL,Fixed production cost
2024-11,JP01,Spare Parts,COGS-000175,2100_AP,0.0,68626.11,EXTERNAL,Fixed production cost
2024-11,JP01,Spare Parts,OPEX-000175,6000_OPEX,221852.4,0.0,EXTERNAL,Operating expenses
2024-11,JP01,Spare Parts,OPEX-000175,2100_AP,0.0,221852.4,EXTERNAL,Operating expenses
2024-11,JP01,Spare Parts,CAPEX-000175,1500_PPE,18487.7,0.0,EXTERNAL,Capital expenditure
2024-11,JP01,Spare Parts,CAPEX-000175,1000_CASH,0.0,18487.7,EXTERNAL,Capital expenditure
2024-11,JP01,Spare Parts,DEP-000175,6100_DEPRECIATION,220.09,0.0,EXTERNAL,Depreciation
2024-11,JP01,Spare Parts,DEP-000175,1590_ACCUM_DEP,0.0,220.09,EXTERNAL,Depreciation
2024-11,JP01,Spare Parts,COLL-000175,1000_CASH,1515991.42,0.0,EXTERNAL,Customer collections
2024-11,JP01,Spare Parts,COLL-000175,1100_AR,0.0,1515991.42,EXTERNAL,Customer collections
2024-11,JP01,Spare Parts,PAY-000175,2100_AP,918796.34,0.0,EXTERNAL,Supplier payments
2024-11,JP01,Spare Parts,PAY-000175,1000_CASH,0.0,918796.34,EXTERNAL,Supplier payments
2024-12,DE01,Software,REV-000176,1100_AR,2495306.78,0.0,EXTERNAL,External sale
2024-12,DE01,Software,REV-000176,4000_REVENUE,0.0,2495306.78,EXTERNAL,External sale
2024-12,DE01,Software,COGS-000176,5000_VARIABLE_COGS,722843.88,0.0,EXTERNAL,Variable cost of sales
2024-12,DE01,Software,COGS-000176,2100_AP,0.0,722843.88,EXTERNAL,Variable cost of sales
2024-12,DE01,Software,OPEX-000176,6000_OPEX,573920.56,0.0,EXTERNAL,Operating expenses
2024-12,DE01,Software,OPEX-000176,2100_AP,0.0,573920.56,EXTERNAL,Operating expenses
2024-12,DE01,Software,CAPEX-000176,1500_PPE,24953.07,0.0,EXTERNAL,Capital expenditure
2024-12,DE01,Software,CAPEX-000176,1000_CASH,0.0,24953.07,EXTERNAL,Capital expenditure
2024-12,DE01,Software,DEP-000176,6100_DEPRECIATION,297.06,0.0,EXTERNAL,Depreciation
2024-12,DE01,Software,DEP-000176,1590_ACCUM_DEP,0.0,297.06,EXTERNAL,Depreciation
2024-12,DE01,Software,COLL-000176,1000_CASH,2046151.56,0.0,EXTERNAL,Customer collections
2024-12,DE01,Software,COLL-000176,1100_AR,0.0,2046151.56,EXTERNAL,Customer collections
2024-12,DE01,Software,PAY-000176,2100_AP,1011476.26,0.0,EXTERNAL,Supplier payments
2024-12,DE01,Software,PAY-000176,1000_CASH,0.0,1011476.26,EXTERNAL,Supplier payments
2024-12,US01,Software,REV-000177,1100_AR,2317977.81,0.0,EXTERNAL,External sale
2024-12,US01,Software,REV-000177,4000_REVENUE,0.0,2317977.81,EXTERNAL,External sale
2024-12,US01,Software,COGS-000177,5000_VARIABLE_COGS,628886.87,0.0,EXTERNAL,Variable cost of sales
2024-12,US01,Software,COGS-000177,2100_AP,0.0,628886.87,EXTERNAL,Variable cost of sales
2024-12,US01,Software,OPEX-000177,6000_OPEX,533134.9,0.0,EXTERNAL,Operating expenses
2024-12,US01,Software,OPEX-000177,2100_AP,0.0,533134.9,EXTERNAL,Operating expenses
2024-12,US01,Software,CAPEX-000177,1500_PPE,23179.78,0.0,EXTERNAL,Capital expenditure
2024-12,US01,Software,CAPEX-000177,1000_CASH,0.0,23179.78,EXTERNAL,Capital expenditure
2024-12,US01,Software,DEP-000177,6100_DEPRECIATION,275.95,0.0,EXTERNAL,Depreciation
2024-12,US01,Software,DEP-000177,1590_ACCUM_DEP,0.0,275.95,EXTERNAL,Depreciation
2024-12,US01,Software,COLL-000177,1000_CASH,1900741.8,0.0,EXTERNAL,Customer collections
2024-12,US01,Software,COLL-000177,1100_AR,0.0,1900741.8,EXTERNAL,Customer collections
2024-12,US01,Software,PAY-000177,2100_AP,906376.98,0.0,EXTERNAL,Supplier payments
2024-12,US01,Software,PAY-000177,1000_CASH,0.0,906376.98,EXTERNAL,Supplier payments
2024-12,JP01,Software,REV-000178,1100_AR,2409440.51,0.0,EXTERNAL,External sale
2024-12,JP01,Software,REV-000178,4000_REVENUE,0.0,2409440.51,EXTERNAL,External sale
2024-12,JP01,Software,COGS-000178,5000_VARIABLE_COGS,679286.47,0.0,EXTERNAL,Variable cost of sales
2024-12,JP01,Software,COGS-000178,2100_AP,0.0,679286.47,EXTERNAL,Variable cost of sales
2024-12,JP01,Software,OPEX-000178,6000_OPEX,554171.32,0.0,EXTERNAL,Operating expenses
2024-12,JP01,Software,OPEX-000178,2100_AP,0.0,554171.32,EXTERNAL,Operating expenses
2024-12,JP01,Software,CAPEX-000178,1500_PPE,24094.41,0.0,EXTERNAL,Capital expenditure
2024-12,JP01,Software,CAPEX-000178,1000_CASH,0.0,24094.41,EXTERNAL,Capital expenditure
2024-12,JP01,Software,DEP-000178,6100_DEPRECIATION,286.84,0.0,EXTERNAL,Depreciation
2024-12,JP01,Software,DEP-000178,1590_ACCUM_DEP,0.0,286.84,EXTERNAL,Depreciation
2024-12,JP01,Software,COLL-000178,1000_CASH,1975741.22,0.0,EXTERNAL,Customer collections
2024-12,JP01,Software,COLL-000178,1100_AR,0.0,1975741.22,EXTERNAL,Customer collections
2024-12,JP01,Software,PAY-000178,2100_AP,962097.07,0.0,EXTERNAL,Supplier payments
2024-12,JP01,Software,PAY-000178,1000_CASH,0.0,962097.07,EXTERNAL,Supplier payments
2024-12,DE01,Hardware,REV-000179,1100_AR,2876636.71,0.0,EXTERNAL,External sale
2024-12,DE01,Hardware,REV-000179,4000_REVENUE,0.0,2876636.71,EXTERNAL,External sale
2024-12,DE01,Hardware,COGS-000179,5000_VARIABLE_COGS,1803769.56,0.0,EXTERNAL,Variable cost of sales
2024-12,DE01,Hardware,COGS-000179,2100_AP,0.0,1803769.56,EXTERNAL,Variable cost of sales
2024-12,DE01,Hardware,COGS-000179,5100_FIXED_PRODUCTION,227090.91,0.0,EXTERNAL,Fixed production cost
2024-12,DE01,Hardware,COGS-000179,2100_AP,0.0,227090.91,EXTERNAL,Fixed production cost
2024-12,DE01,Hardware,OPEX-000179,6000_OPEX,316430.04,0.0,EXTERNAL,Operating expenses
2024-12,DE01,Hardware,OPEX-000179,2100_AP,0.0,316430.04,EXTERNAL,Operating expenses
2024-12,DE01,Hardware,CAPEX-000179,1500_PPE,100682.28,0.0,EXTERNAL,Capital expenditure
2024-12,DE01,Hardware,CAPEX-000179,1000_CASH,0.0,100682.28,EXTERNAL,Capital expenditure
2024-12,DE01,Hardware,DEP-000179,6100_DEPRECIATION,1198.6,0.0,EXTERNAL,Depreciation
2024-12,DE01,Hardware,DEP-000179,1590_ACCUM_DEP,0.0,1198.6,EXTERNAL,Depreciation
2024-12,DE01,Hardware,COLL-000179,1000_CASH,2358842.1,0.0,EXTERNAL,Customer collections
2024-12,DE01,Hardware,COLL-000179,1100_AR,0.0,2358842.1,EXTERNAL,Customer collections
2024-12,DE01,Hardware,PAY-000179,2100_AP,1830886.6,0.0,EXTERNAL,Supplier payments
2024-12,DE01,Hardware,PAY-000179,1000_CASH,0.0,1830886.6,EXTERNAL,Supplier payments
2024-12,ES01,Hardware,REV-000180,1100_AR,2977031.62,0.0,EXTERNAL,External sale
2024-12,ES01,Hardware,REV-000180,4000_REVENUE,0.0,2977031.62,EXTERNAL,External sale
2024-12,ES01,Hardware,COGS-000180,5000_VARIABLE_COGS,1909123.14,0.0,EXTERNAL,Variable cost of sales
2024-12,ES01,Hardware,COGS-000180,2100_AP,0.0,1909123.14,EXTERNAL,Variable cost of sales
2024-12,ES01,Hardware,COGS-000180,5100_FIXED_PRODUCTION,194098.64,0.0,EXTERNAL,Fixed production cost
2024-12,ES01,Hardware,COGS-000180,2100_AP,0.0,194098.64,EXTERNAL,Fixed production cost
2024-12,ES01,Hardware,OPEX-000180,6000_OPEX,327473.48,0.0,EXTERNAL,Operating expenses
2024-12,ES01,Hardware,OPEX-000180,2100_AP,0.0,327473.48,EXTERNAL,Operating expenses
2024-12,ES01,Hardware,CAPEX-000180,1500_PPE,104196.11,0.0,EXTERNAL,Capital expenditure
2024-12,ES01,Hardware,CAPEX-000180,1000_CASH,0.0,104196.11,EXTERNAL,Capital expenditure
2024-12,ES01,Hardware,DEP-000180,6100_DEPRECIATION,1240.43,0.0,EXTERNAL,Depreciation
2024-12,ES01,Hardware,DEP-000180,1590_ACCUM_DEP,0.0,1240.43,EXTERNAL,Depreciation
2024-12,ES01,Hardware,COLL-000180,1000_CASH,2441165.93,0.0,EXTERNAL,Customer collections
2024-12,ES01,Hardware,COLL-000180,1100_AR,0.0,2441165.93,EXTERNAL,Customer collections
2024-12,ES01,Hardware,PAY-000180,2100_AP,1895942.3,0.0,EXTERNAL,Supplier payments
2024-12,ES01,Hardware,PAY-000180,1000_CASH,0.0,1895942.3,EXTERNAL,Supplier payments
2024-12,US01,Hardware,REV-000181,1100_AR,2996473.59,0.0,EXTERNAL,External sale
2024-12,US01,Hardware,REV-000181,4000_REVENUE,0.0,2996473.59,EXTERNAL,External sale
2024-12,US01,Hardware,COGS-000181,5000_VARIABLE_COGS,1873109.44,0.0,EXTERNAL,Variable cost of sales
2024-12,US01,Hardware,COGS-000181,2100_AP,0.0,1873109.44,EXTERNAL,Variable cost of sales
2024-12,US01,Hardware,COGS-000181,5100_FIXED_PRODUCTION,190413.57,0.0,EXTERNAL,Fixed production cost
2024-12,US01,Hardware,COGS-000181,2100_AP,0.0,190413.57,EXTERNAL,Fixed production cost
2024-12,US01,Hardware,OPEX-000181,6000_OPEX,329612.09,0.0,EXTERNAL,Operating expenses
2024-12,US01,Hardware,OPEX-000181,2100_AP,0.0,329612.09,EXTERNAL,Operating expenses
2024-12,US01,Hardware,CAPEX-000181,1500_PPE,104876.58,0.0,EXTERNAL,Capital expenditure
2024-12,US01,Hardware,CAPEX-000181,1000_CASH,0.0,104876.58,EXTERNAL,Capital expenditure
2024-12,US01,Hardware,DEP-000181,6100_DEPRECIATION,1248.53,0.0,EXTERNAL,Depreciation
2024-12,US01,Hardware,DEP-000181,1590_ACCUM_DEP,0.0,1248.53,EXTERNAL,Depreciation
2024-12,US01,Hardware,COLL-000181,1000_CASH,2457108.34,0.0,EXTERNAL,Customer collections
2024-12,US01,Hardware,COLL-000181,1100_AR,0.0,2457108.34,EXTERNAL,Customer collections
2024-12,US01,Hardware,PAY-000181,2100_AP,1866645.38,0.0,EXTERNAL,Supplier payments
2024-12,US01,Hardware,PAY-000181,1000_CASH,0.0,1866645.38,EXTERNAL,Supplier payments
2024-12,JP01,Hardware,REV-000182,1100_AR,2792162.03,0.0,EXTERNAL,External sale
2024-12,JP01,Hardware,REV-000182,4000_REVENUE,0.0,2792162.03,EXTERNAL,External sale
2024-12,JP01,Hardware,COGS-000182,5000_VARIABLE_COGS,1729103.2,0.0,EXTERNAL,Variable cost of sales
2024-12,JP01,Hardware,COGS-000182,2100_AP,0.0,1729103.2,EXTERNAL,Variable cost of sales
2024-12,JP01,Hardware,COGS-000182,5100_FIXED_PRODUCTION,223976.33,0.0,EXTERNAL,Fixed production cost
2024-12,JP01,Hardware,COGS-000182,2100_AP,0.0,223976.33,EXTERNAL,Fixed production cost
2024-12,JP01,Hardware,OPEX-000182,6000_OPEX,307137.82,0.0,EXTERNAL,Operating expenses
2024-12,JP01,Hardware,OPEX-000182,2100_AP,0.0,307137.82,EXTERNAL,Operating expenses
2024-12,JP01,Hardware,CAPEX-000182,1500_PPE,97725.67,0.0,EXTERNAL,Capital expenditure
2024-12,JP01,Hardware,CAPEX-000182,1000_CASH,0.0,97725.67,EXTERNAL,Capital expenditure
2024-12,JP01,Hardware,DEP-000182,6100_DEPRECIATION,1163.4,0.0,EXTERNAL,Depreciation
2024-12,JP01,Hardware,DEP-000182,1590_ACCUM_DEP,0.0,1163.4,EXTERNAL,Depreciation
2024-12,JP01,Hardware,COLL-000182,1000_CASH,2289572.86,0.0,EXTERNAL,Customer collections
2024-12,JP01,Hardware,COLL-000182,1100_AR,0.0,2289572.86,EXTERNAL,Customer collections
2024-12,JP01,Hardware,PAY-000182,2100_AP,1762969.54,0.0,EXTERNAL,Supplier payments
2024-12,JP01,Hardware,PAY-000182,1000_CASH,0.0,1762969.54,EXTERNAL,Supplier payments
2024-12,ES01,Events,REV-000183,1100_AR,1448878.44,0.0,EXTERNAL,External sale
2024-12,ES01,Events,REV-000183,4000_REVENUE,0.0,1448878.44,EXTERNAL,External sale
2024-12,ES01,Events,COGS-000183,5000_VARIABLE_COGS,861113.81,0.0,EXTERNAL,Variable cost of sales
2024-12,ES01,Events,COGS-000183,2100_AP,0.0,861113.81,EXTERNAL,Variable cost of sales
2024-12,ES01,Events,COGS-000183,5100_FIXED_PRODUCTION,77334.18,0.0,EXTERNAL,Fixed production cost
2024-12,ES01,Events,COGS-000183,2100_AP,0.0,77334.18,EXTERNAL,Fixed production cost
2024-12,ES01,Events,OPEX-000183,6000_OPEX,246309.33,0.0,EXTERNAL,Operating expenses
2024-12,ES01,Events,OPEX-000183,2100_AP,0.0,246309.33,EXTERNAL,Operating expenses
2024-12,ES01,Events,CAPEX-000183,1500_PPE,14488.78,0.0,EXTERNAL,Capital expenditure
2024-12,ES01,Events,CAPEX-000183,1000_CASH,0.0,14488.78,EXTERNAL,Capital expenditure
2024-12,ES01,Events,DEP-000183,6100_DEPRECIATION,172.49,0.0,EXTERNAL,Depreciation
2024-12,ES01,Events,DEP-000183,1590_ACCUM_DEP,0.0,172.49,EXTERNAL,Depreciation
2024-12,ES01,Events,COLL-000183,1000_CASH,1188080.32,0.0,EXTERNAL,Customer collections
2024-12,ES01,Events,COLL-000183,1100_AR,0.0,1188080.32,EXTERNAL,Customer collections
2024-12,ES01,Events,PAY-000183,2100_AP,924110.71,0.0,EXTERNAL,Supplier payments
2024-12,ES01,Events,PAY-000183,1000_CASH,0.0,924110.71,EXTERNAL,Supplier payments
2024-12,US01,Events,REV-000184,1100_AR,1478070.77,0.0,EXTERNAL,External sale
2024-12,US01,Events,REV-000184,4000_REVENUE,0.0,1478070.77,EXTERNAL,External sale
2024-12,US01,Events,COGS-000184,5000_VARIABLE_COGS,881793.56,0.0,EXTERNAL,Variable cost of sales
2024-12,US01,Events,COGS-000184,2100_AP,0.0,881793.56,EXTERNAL,Variable cost of sales
2024-12,US01,Events,COGS-000184,5100_FIXED_PRODUCTION,58916.58,0.0,EXTERNAL,Fixed production cost
2024-12,US01,Events,COGS-000184,2100_AP,0.0,58916.58,EXTERNAL,Fixed production cost
2024-12,US01,Events,OPEX-000184,6000_OPEX,251272.03,0.0,EXTERNAL,Operating expenses
2024-12,US01,Events,OPEX-000184,2100_AP,0.0,251272.03,EXTERNAL,Operating expenses
2024-12,US01,Events,CAPEX-000184,1500_PPE,14780.71,0.0,EXTERNAL,Capital expenditure
2024-12,US01,Events,CAPEX-000184,1000_CASH,0.0,14780.71,EXTERNAL,Capital expenditure
2024-12,US01,Events,DEP-000184,6100_DEPRECIATION,175.96,0.0,EXTERNAL,Depreciation
2024-12,US01,Events,DEP-000184,1590_ACCUM_DEP,0.0,175.96,EXTERNAL,Depreciation
2024-12,US01,Events,COLL-000184,1000_CASH,1212018.03,0.0,EXTERNAL,Customer collections
2024-12,US01,Events,COLL-000184,1100_AR,0.0,1212018.03,EXTERNAL,Customer collections
2024-12,US01,Events,PAY-000184,2100_AP,929746.1,0.0,EXTERNAL,Supplier payments
2024-12,US01,Events,PAY-000184,1000_CASH,0.0,929746.1,EXTERNAL,Supplier payments
2024-12,ES01,Spare Parts,REV-000185,1100_AR,1835988.8,0.0,EXTERNAL,External sale
2024-12,ES01,Spare Parts,REV-000185,4000_REVENUE,0.0,1835988.8,EXTERNAL,External sale
2024-12,ES01,Spare Parts,COGS-000185,5000_VARIABLE_COGS,848388.49,0.0,EXTERNAL,Variable cost of sales
2024-12,ES01,Spare Parts,COGS-000185,2100_AP,0.0,848388.49,EXTERNAL,Variable cost of sales
2024-12,ES01,Spare Parts,COGS-000185,5100_FIXED_PRODUCTION,105614.94,0.0,EXTERNAL,Fixed production cost
2024-12,ES01,Spare Parts,COGS-000185,2100_AP,0.0,105614.94,EXTERNAL,Fixed production cost
2024-12,ES01,Spare Parts,OPEX-000185,6000_OPEX,220318.66,0.0,EXTERNAL,Operating expenses
2024-12,ES01,Spare Parts,OPEX-000185,2100_AP,0.0,220318.66,EXTERNAL,Operating expenses
2024-12,ES01,Spare Parts,CAPEX-000185,1500_PPE,18359.89,0.0,EXTERNAL,Capital expenditure
2024-12,ES01,Spare Parts,CAPEX-000185,1000_CASH,0.0,18359.89,EXTERNAL,Capital expenditure
2024-12,ES01,Spare Parts,DEP-000185,6100_DEPRECIATION,218.57,0.0,EXTERNAL,Depreciation
2024-12,ES01,Spare Parts,DEP-000185,1590_ACCUM_DEP,0.0,218.57,EXTERNAL,Depreciation
2024-12,ES01,Spare Parts,COLL-000185,1000_CASH,1505510.82,0.0,EXTERNAL,Customer collections
2024-12,ES01,Spare Parts,COLL-000185,1100_AR,0.0,1505510.82,EXTERNAL,Customer collections
2024-12,ES01,Spare Parts,PAY-000185,2100_AP,915971.23,0.0,EXTERNAL,Supplier payments
2024-12,ES01,Spare Parts,PAY-000185,1000_CASH,0.0,915971.23,EXTERNAL,Supplier payments
2024-12,JP01,Spare Parts,REV-000186,1100_AR,1879659.93,0.0,EXTERNAL,External sale
2024-12,JP01,Spare Parts,REV-000186,4000_REVENUE,0.0,1879659.93,EXTERNAL,External sale
2024-12,JP01,Spare Parts,COGS-000186,5000_VARIABLE_COGS,861440.24,0.0,EXTERNAL,Variable cost of sales
2024-12,JP01,Spare Parts,COGS-000186,2100_AP,0.0,861440.24,EXTERNAL,Variable cost of sales
2024-12,JP01,Spare Parts,COGS-000186,5100_FIXED_PRODUCTION,112919.5,0.0,EXTERNAL,Fixed production cost
2024-12,JP01,Spare Parts,COGS-000186,2100_AP,0.0,112919.5,EXTERNAL,Fixed production cost
2024-12,JP01,Spare Parts,OPEX-000186,6000_OPEX,225559.19,0.0,EXTERNAL,Operating expenses
2024-12,JP01,Spare Parts,OPEX-000186,2100_AP,0.0,225559.19,EXTERNAL,Operating expenses
2024-12,JP01,Spare Parts,CAPEX-000186,1500_PPE,18796.6,0.0,EXTERNAL,Capital expenditure
2024-12,JP01,Spare Parts,CAPEX-000186,1000_CASH,0.0,18796.6,EXTERNAL,Capital expenditure
2024-12,JP01,Spare Parts,DEP-000186,6100_DEPRECIATION,223.77,0.0,EXTERNAL,Depreciation
2024-12,JP01,Spare Parts,DEP-000186,1590_ACCUM_DEP,0.0,223.77,EXTERNAL,Depreciation
2024-12,JP01,Spare Parts,COLL-000186,1000_CASH,1541321.14,0.0,EXTERNAL,Customer collections
2024-12,JP01,Spare Parts,COLL-000186,1100_AR,0.0,1541321.14,EXTERNAL,Customer collections
2024-12,JP01,Spare Parts,PAY-000186,2100_AP,935936.77,0.0,EXTERNAL,Supplier payments
2024-12,JP01,Spare Parts,PAY-000186,1000_CASH,0.0,935936.77,EXTERNAL,Supplier payments
2025-01,DE01,Software,REV-000187,1100_AR,1888614.41,0.0,EXTERNAL,External sale
2025-01,DE01,Software,REV-000187,4000_REVENUE,0.0,1888614.41,EXTERNAL,External sale
2025-01,DE01,Software,COGS-000187,5000_VARIABLE_COGS,538084.44,0.0,EXTERNAL,Variable cost of sales
2025-01,DE01,Software,COGS-000187,2100_AP,0.0,538084.44,EXTERNAL,Variable cost of sales
2025-01,DE01,Software,OPEX-000187,6000_OPEX,434381.31,0.0,EXTERNAL,Operating expenses
2025-01,DE01,Software,OPEX-000187,2100_AP,0.0,434381.31,EXTERNAL,Operating expenses
2025-01,DE01,Software,CAPEX-000187,1500_PPE,18886.14,0.0,EXTERNAL,Capital expenditure
2025-01,DE01,Software,CAPEX-000187,1000_CASH,0.0,18886.14,EXTERNAL,Capital expenditure
2025-01,DE01,Software,DEP-000187,6100_DEPRECIATION,224.84,0.0,EXTERNAL,Depreciation
2025-01,DE01,Software,DEP-000187,1590_ACCUM_DEP,0.0,224.84,EXTERNAL,Depreciation
2025-01,DE01,Software,COLL-000187,1000_CASH,1548663.82,0.0,EXTERNAL,Customer collections
2025-01,DE01,Software,COLL-000187,1100_AR,0.0,1548663.82,EXTERNAL,Customer collections
2025-01,DE01,Software,PAY-000187,2100_AP,758523.29,0.0,EXTERNAL,Supplier payments
2025-01,DE01,Software,PAY-000187,1000_CASH,0.0,758523.29,EXTERNAL,Supplier payments
2025-01,US01,Software,REV-000188,1100_AR,1927683.84,0.0,EXTERNAL,External sale
2025-01,US01,Software,REV-000188,4000_REVENUE,0.0,1927683.84,EXTERNAL,External sale
2025-01,US01,Software,COGS-000188,5000_VARIABLE_COGS,557067.1,0.0,EXTERNAL,Variable cost of sales
2025-01,US01,Software,COGS-000188,2100_AP,0.0,557067.1,EXTERNAL,Variable cost of sales
2025-01,US01,Software,OPEX-000188,6000_OPEX,443367.28,0.0,EXTERNAL,Operating expenses
2025-01,US01,Software,OPEX-000188,2100_AP,0.0,443367.28,EXTERNAL,Operating expenses
2025-01,US01,Software,CAPEX-000188,1500_PPE,19276.84,0.0,EXTERNAL,Capital expenditure
2025-01,US01,Software,CAPEX-000188,1000_CASH,0.0,19276.84,EXTERNAL,Capital expenditure
2025-01,US01,Software,DEP-000188,6100_DEPRECIATION,229.49,0.0,EXTERNAL,Depreciation
2025-01,US01,Software,DEP-000188,1590_ACCUM_DEP,0.0,229.49,EXTERNAL,Depreciation
2025-01,US01,Software,COLL-000188,1000_CASH,1580700.75,0.0,EXTERNAL,Customer collections
2025-01,US01,Software,COLL-000188,1100_AR,0.0,1580700.75,EXTERNAL,Customer collections
2025-01,US01,Software,PAY-000188,2100_AP,780338.82,0.0,EXTERNAL,Supplier payments
2025-01,US01,Software,PAY-000188,1000_CASH,0.0,780338.82,EXTERNAL,Supplier payments
2025-01,JP01,Software,REV-000189,1100_AR,1675068.58,0.0,EXTERNAL,External sale
2025-01,JP01,Software,REV-000189,4000_REVENUE,0.0,1675068.58,EXTERNAL,External sale
2025-01,JP01,Software,COGS-000189,5000_VARIABLE_COGS,450157.26,0.0,EXTERNAL,Variable cost of sales
2025-01,JP01,Software,COGS-000189,2100_AP,0.0,450157.26,EXTERNAL,Variable cost of sales
2025-01,JP01,Software,OPEX-000189,6000_OPEX,385265.77,0.0,EXTERNAL,Operating expenses
2025-01,JP01,Software,OPEX-000189,2100_AP,0.0,385265.77,EXTERNAL,Operating expenses
2025-01,JP01,Software,CAPEX-000189,1500_PPE,16750.69,0.0,EXTERNAL,Capital expenditure
2025-01,JP01,Software,CAPEX-000189,1000_CASH,0.0,16750.69,EXTERNAL,Capital expenditure
2025-01,JP01,Software,DEP-000189,6100_DEPRECIATION,199.41,0.0,EXTERNAL,Depreciation
2025-01,JP01,Software,DEP-000189,1590_ACCUM_DEP,0.0,199.41,EXTERNAL,Depreciation
2025-01,JP01,Software,COLL-000189,1000_CASH,1373556.24,0.0,EXTERNAL,Customer collections
2025-01,JP01,Software,COLL-000189,1100_AR,0.0,1373556.24,EXTERNAL,Customer collections
2025-01,JP01,Software,PAY-000189,2100_AP,651629.97,0.0,EXTERNAL,Supplier payments
2025-01,JP01,Software,PAY-000189,1000_CASH,0.0,651629.97,EXTERNAL,Supplier payments
2025-01,DE01,Hardware,REV-000190,1100_AR,2077554.57,0.0,EXTERNAL,External sale
2025-01,DE01,Hardware,REV-000190,4000_REVENUE,0.0,2077554.57,EXTERNAL,External sale
2025-01,DE01,Hardware,COGS-000190,5000_VARIABLE_COGS,1276263.37,0.0,EXTERNAL,Variable cost of sales
2025-01,DE01,Hardware,COGS-000190,2100_AP,0.0,1276263.37,EXTERNAL,Variable cost of sales
2025-01,DE01,Hardware,COGS-000190,5100_FIXED_PRODUCTION,206254.14,0.0,EXTERNAL,Fixed production cost
2025-01,DE01,Hardware,COGS-000190,2100_AP,0.0,206254.14,EXTERNAL,Fixed production cost
2025-01,DE01,Hardware,OPEX-000190,6000_OPEX,228531.0,0.0,EXTERNAL,Operating expenses
2025-01,DE01,Hardware,OPEX-000190,2100_AP,0.0,228531.0,EXTERNAL,Operating expenses
2025-01,DE01,Hardware,CAPEX-000190,1500_PPE,72714.41,0.0,EXTERNAL,Capital expenditure
2025-01,DE01,Hardware,CAPEX-000190,1000_CASH,0.0,72714.41,EXTERNAL,Capital expenditure
2025-01,DE01,Hardware,DEP-000190,6100_DEPRECIATION,865.65,0.0,EXTERNAL,Depreciation
2025-01,DE01,Hardware,DEP-000190,1590_ACCUM_DEP,0.0,865.65,EXTERNAL,Depreciation
2025-01,DE01,Hardware,COLL-000190,1000_CASH,1703594.75,0.0,EXTERNAL,Customer collections
2025-01,DE01,Hardware,COLL-000190,1100_AR,0.0,1703594.75,EXTERNAL,Customer collections
2025-01,DE01,Hardware,PAY-000190,2100_AP,1334617.84,0.0,EXTERNAL,Supplier payments
2025-01,DE01,Hardware,PAY-000190,1000_CASH,0.0,1334617.84,EXTERNAL,Supplier payments
2025-01,ES01,Hardware,REV-000191,1100_AR,2069812.1,0.0,EXTERNAL,External sale
2025-01,ES01,Hardware,REV-000191,4000_REVENUE,0.0,2069812.1,EXTERNAL,External sale
2025-01,ES01,Hardware,COGS-000191,5000_VARIABLE_COGS,1298015.96,0.0,EXTERNAL,Variable cost of sales
2025-01,ES01,Hardware,COGS-000191,2100_AP,0.0,1298015.96,EXTERNAL,Variable cost of sales
2025-01,ES01,Hardware,COGS-000191,5100_FIXED_PRODUCTION,161057.31,0.0,EXTERNAL,Fixed production cost
2025-01,ES01,Hardware,COGS-000191,2100_AP,0.0,161057.31,EXTERNAL,Fixed production cost
2025-01,ES01,Hardware,OPEX-000191,6000_OPEX,227679.33,0.0,EXTERNAL,Operating expenses
2025-01,ES01,Hardware,OPEX-000191,2100_AP,0.0,227679.33,EXTERNAL,Operating expenses
2025-01,ES01,Hardware,CAPEX-000191,1500_PPE,72443.42,0.0,EXTERNAL,Capital expenditure
2025-01,ES01,Hardware,CAPEX-000191,1000_CASH,0.0,72443.42,EXTERNAL,Capital expenditure
2025-01,ES01,Hardware,DEP-000191,6100_DEPRECIATION,862.42,0.0,EXTERNAL,Depreciation
2025-01,ES01,Hardware,DEP-000191,1590_ACCUM_DEP,0.0,862.42,EXTERNAL,Depreciation
2025-01,ES01,Hardware,COLL-000191,1000_CASH,1697245.92,0.0,EXTERNAL,Customer collections
2025-01,ES01,Hardware,COLL-000191,1100_AR,0.0,1697245.92,EXTERNAL,Customer collections
2025-01,ES01,Hardware,PAY-000191,2100_AP,1315667.03,0.0,EXTERNAL,Supplier payments
2025-01,ES01,Hardware,PAY-000191,1000_CASH,0.0,1315667.03,EXTERNAL,Supplier payments
2025-01,US01,Hardware,REV-000192,1100_AR,2181350.75,0.0,EXTERNAL,External sale
2025-01,US01,Hardware,REV-000192,4000_REVENUE,0.0,2181350.75,EXTERNAL,External sale
2025-01,US01,Hardware,COGS-000192,5000_VARIABLE_COGS,1371986.49,0.0,EXTERNAL,Variable cost of sales
2025-01,US01,Hardware,COGS-000192,2100_AP,0.0,1371986.49,EXTERNAL,Variable cost of sales
2025-01,US01,Hardware,COGS-000192,5100_FIXED_PRODUCTION,130745.5,0.0,EXTERNAL,Fixed production cost
2025-01,US01,Hardware,COGS-000192,2100_AP,0.0,130745.5,EXTERNAL,Fixed production cost
2025-01,US01,Hardware,OPEX-000192,6000_OPEX,239948.58,0.0,EXTERNAL,Operating expenses
2025-01,US01,Hardware,OPEX-000192,2100_AP,0.0,239948.58,EXTERNAL,Operating expenses
2025-01,US01,Hardware,CAPEX-000192,1500_PPE,76347.28,0.0,EXTERNAL,Capital expenditure
2025-01,US01,Hardware,CAPEX-000192,1000_CASH,0.0,76347.28,EXTERNAL,Capital expenditure
2025-01,US01,Hardware,DEP-000192,6100_DEPRECIATION,908.9,0.0,EXTERNAL,Depreciation
2025-01,US01,Hardware,DEP-000192,1590_ACCUM_DEP,0.0,908.9,EXTERNAL,Depreciation
2025-01,US01,Hardware,COLL-000192,1000_CASH,1788707.61,0.0,EXTERNAL,Customer collections
2025-01,US01,Hardware,COLL-000192,1100_AR,0.0,1788707.61,EXTERNAL,Customer collections
2025-01,US01,Hardware,PAY-000192,2100_AP,1359290.85,0.0,EXTERNAL,Supplier payments
2025-01,US01,Hardware,PAY-000192,1000_CASH,0.0,1359290.85,EXTERNAL,Supplier payments
2025-01,JP01,Hardware,REV-000193,1100_AR,2011528.39,0.0,EXTERNAL,External sale
2025-01,JP01,Hardware,REV-000193,4000_REVENUE,0.0,2011528.39,EXTERNAL,External sale
2025-01,JP01,Hardware,COGS-000193,5000_VARIABLE_COGS,1263893.97,0.0,EXTERNAL,Variable cost of sales
2025-01,JP01,Hardware,COGS-000193,2100_AP,0.0,1263893.97,EXTERNAL,Variable cost of sales
2025-01,JP01,Hardware,COGS-000193,5100_FIXED_PRODUCTION,147494.36,0.0,EXTERNAL,Fixed production cost
2025-01,JP01,Hardware,COGS-000193,2100_AP,0.0,147494.36,EXTERNAL,Fixed production cost
2025-01,JP01,Hardware,OPEX-000193,6000_OPEX,221268.12,0.0,EXTERNAL,Operating expenses
2025-01,JP01,Hardware,OPEX-000193,2100_AP,0.0,221268.12,EXTERNAL,Operating expenses
2025-01,JP01,Hardware,CAPEX-000193,1500_PPE,70403.49,0.0,EXTERNAL,Capital expenditure
2025-01,JP01,Hardware,CAPEX-000193,1000_CASH,0.0,70403.49,EXTERNAL,Capital expenditure
2025-01,JP01,Hardware,DEP-000193,6100_DEPRECIATION,838.14,0.0,EXTERNAL,Depreciation
2025-01,JP01,Hardware,DEP-000193,1590_ACCUM_DEP,0.0,838.14,EXTERNAL,Depreciation
2025-01,JP01,Hardware,COLL-000193,1000_CASH,1649453.28,0.0,EXTERNAL,Customer collections
2025-01,JP01,Hardware,COLL-000193,1100_AR,0.0,1649453.28,EXTERNAL,Customer collections
2025-01,JP01,Hardware,PAY-000193,2100_AP,1273472.04,0.0,EXTERNAL,Supplier payments
2025-01,JP01,Hardware,PAY-000193,1000_CASH,0.0,1273472.04,EXTERNAL,Supplier payments
2025-01,ES01,Events,REV-000194,1100_AR,1050232.23,0.0,EXTERNAL,External sale
2025-01,ES01,Events,REV-000194,4000_REVENUE,0.0,1050232.23,EXTERNAL,External sale
2025-01,ES01,Events,COGS-000194,5000_VARIABLE_COGS,622013.08,0.0,EXTERNAL,Variable cost of sales
2025-01,ES01,Events,COGS-000194,2100_AP,0.0,622013.08,EXTERNAL,Variable cost of sales
2025-01,ES01,Events,COGS-000194,5100_FIXED_PRODUCTION,55004.8,0.0,EXTERNAL,Fixed production cost
2025-01,ES01,Events,COGS-000194,2100_AP,0.0,55004.8,EXTERNAL,Fixed production cost
2025-01,ES01,Events,OPEX-000194,6000_OPEX,178539.48,0.0,EXTERNAL,Operating expenses
2025-01,ES01,Events,OPEX-000194,2100_AP,0.0,178539.48,EXTERNAL,Operating expenses
2025-01,ES01,Events,CAPEX-000194,1500_PPE,10502.32,0.0,EXTERNAL,Capital expenditure
2025-01,ES01,Events,CAPEX-000194,1000_CASH,0.0,10502.32,EXTERNAL,Capital expenditure
2025-01,ES01,Events,DEP-000194,6100_DEPRECIATION,125.03,0.0,EXTERNAL,Depreciation
2025-01,ES01,Events,DEP-000194,1590_ACCUM_DEP,0.0,125.03,EXTERNAL,Depreciation
2025-01,ES01,Events,COLL-000194,1000_CASH,861190.43,0.0,EXTERNAL,Customer collections
2025-01,ES01,Events,COLL-000194,1100_AR,0.0,861190.43,EXTERNAL,Customer collections
2025-01,ES01,Events,PAY-000194,2100_AP,667334.74,0.0,EXTERNAL,Supplier payments
2025-01,ES01,Events,PAY-000194,1000_CASH,0.0,667334.74,EXTERNAL,Supplier payments
2025-01,US01,Events,REV-000195,1100_AR,1097503.05,0.0,EXTERNAL,External sale
2025-01,US01,Events,REV-000195,4000_REVENUE,0.0,1097503.05,EXTERNAL,External sale
2025-01,US01,Events,COGS-000195,5000_VARIABLE_COGS,636363.74,0.0,EXTERNAL,Variable cost of sales
2025-01,US01,Events,COGS-000195,2100_AP,0.0,636363.74,EXTERNAL,Variable cost of sales
2025-01,US01,Events,COGS-000195,5100_FIXED_PRODUCTION,63895.62,0.0,EXTERNAL,Fixed production cost
2025-01,US01,Events,COGS-000195,2100_AP,0.0,63895.62,EXTERNAL,Fixed production cost
2025-01,US01,Events,OPEX-000195,6000_OPEX,186575.52,0.0,EXTERNAL,Operating expenses
2025-01,US01,Events,OPEX-000195,2100_AP,0.0,186575.52,EXTERNAL,Operating expenses
2025-01,US01,Events,CAPEX-000195,1500_PPE,10975.03,0.0,EXTERNAL,Capital expenditure
2025-01,US01,Events,CAPEX-000195,1000_CASH,0.0,10975.03,EXTERNAL,Capital expenditure
2025-01,US01,Events,DEP-000195,6100_DEPRECIATION,130.66,0.0,EXTERNAL,Depreciation
2025-01,US01,Events,DEP-000195,1590_ACCUM_DEP,0.0,130.66,EXTERNAL,Depreciation
2025-01,US01,Events,COLL-000195,1000_CASH,899952.5,0.0,EXTERNAL,Customer collections
2025-01,US01,Events,COLL-000195,1100_AR,0.0,899952.5,EXTERNAL,Customer collections
2025-01,US01,Events,PAY-000195,2100_AP,691731.2,0.0,EXTERNAL,Supplier payments
2025-01,US01,Events,PAY-000195,1000_CASH,0.0,691731.2,EXTERNAL,Supplier payments
2025-01,ES01,Spare Parts,REV-000196,1100_AR,1403345.16,0.0,EXTERNAL,External sale
2025-01,ES01,Spare Parts,REV-000196,4000_REVENUE,0.0,1403345.16,EXTERNAL,External sale
2025-01,ES01,Spare Parts,COGS-000196,5000_VARIABLE_COGS,660840.81,0.0,EXTERNAL,Variable cost of sales
2025-01,ES01,Spare Parts,COGS-000196,2100_AP,0.0,660840.81,EXTERNAL,Variable cost of sales
2025-01,ES01,Spare Parts,COGS-000196,5100_FIXED_PRODUCTION,88717.36,0.0,EXTERNAL,Fixed production cost
2025-01,ES01,Spare Parts,COGS-000196,2100_AP,0.0,88717.36,EXTERNAL,Fixed production cost
2025-01,ES01,Spare Parts,OPEX-000196,6000_OPEX,168401.42,0.0,EXTERNAL,Operating expenses
2025-01,ES01,Spare Parts,OPEX-000196,2100_AP,0.0,168401.42,EXTERNAL,Operating expenses
2025-01,ES01,Spare Parts,CAPEX-000196,1500_PPE,14033.45,0.0,EXTERNAL,Capital expenditure
2025-01,ES01,Spare Parts,CAPEX-000196,1000_CASH,0.0,14033.45,EXTERNAL,Capital expenditure
2025-01,ES01,Spare Parts,DEP-000196,6100_DEPRECIATION,167.06,0.0,EXTERNAL,Depreciation
2025-01,ES01,Spare Parts,DEP-000196,1590_ACCUM_DEP,0.0,167.06,EXTERNAL,Depreciation
2025-01,ES01,Spare Parts,COLL-000196,1000_CASH,1150743.03,0.0,EXTERNAL,Customer collections
2025-01,ES01,Spare Parts,COLL-000196,1100_AR,0.0,1150743.03,EXTERNAL,Customer collections
2025-01,ES01,Spare Parts,PAY-000196,2100_AP,716008.47,0.0,EXTERNAL,Supplier payments
2025-01,ES01,Spare Parts,PAY-000196,1000_CASH,0.0,716008.47,EXTERNAL,Supplier payments
2025-01,JP01,Spare Parts,REV-000197,1100_AR,1509290.63,0.0,EXTERNAL,External sale
2025-01,JP01,Spare Parts,REV-000197,4000_REVENUE,0.0,1509290.63,EXTERNAL,External sale
2025-01,JP01,Spare Parts,COGS-000197,5000_VARIABLE_COGS,683901.28,0.0,EXTERNAL,Variable cost of sales
2025-01,JP01,Spare Parts,COGS-000197,2100_AP,0.0,683901.28,EXTERNAL,Variable cost of sales
2025-01,JP01,Spare Parts,COGS-000197,5100_FIXED_PRODUCTION,107670.43,0.0,EXTERNAL,Fixed production cost
2025-01,JP01,Spare Parts,COGS-000197,2100_AP,0.0,107670.43,EXTERNAL,Fixed production cost
2025-01,JP01,Spare Parts,OPEX-000197,6000_OPEX,181114.88,0.0,EXTERNAL,Operating expenses
2025-01,JP01,Spare Parts,OPEX-000197,2100_AP,0.0,181114.88,EXTERNAL,Operating expenses
2025-01,JP01,Spare Parts,CAPEX-000197,1500_PPE,15092.91,0.0,EXTERNAL,Capital expenditure
2025-01,JP01,Spare Parts,CAPEX-000197,1000_CASH,0.0,15092.91,EXTERNAL,Capital expenditure
2025-01,JP01,Spare Parts,DEP-000197,6100_DEPRECIATION,179.68,0.0,EXTERNAL,Depreciation
2025-01,JP01,Spare Parts,DEP-000197,1590_ACCUM_DEP,0.0,179.68,EXTERNAL,Depreciation
2025-01,JP01,Spare Parts,COLL-000197,1000_CASH,1237618.32,0.0,EXTERNAL,Customer collections
2025-01,JP01,Spare Parts,COLL-000197,1100_AR,0.0,1237618.32,EXTERNAL,Customer collections
2025-01,JP01,Spare Parts,PAY-000197,2100_AP,758695.54,0.0,EXTERNAL,Supplier payments
2025-01,JP01,Spare Parts,PAY-000197,1000_CASH,0.0,758695.54,EXTERNAL,Supplier payments
2025-02,DE01,Software,REV-000198,1100_AR,1922515.85,0.0,EXTERNAL,External sale
2025-02,DE01,Software,REV-000198,4000_REVENUE,0.0,1922515.85,EXTERNAL,External sale
2025-02,DE01,Software,COGS-000198,5000_VARIABLE_COGS,517098.24,0.0,EXTERNAL,Variable cost of sales
2025-02,DE01,Software,COGS-000198,2100_AP,0.0,517098.24,EXTERNAL,Variable cost of sales
2025-02,DE01,Software,OPEX-000198,6000_OPEX,442178.65,0.0,EXTERNAL,Operating expenses
2025-02,DE01,Software,OPEX-000198,2100_AP,0.0,442178.65,EXTERNAL,Operating expenses
2025-02,DE01,Software,CAPEX-000198,1500_PPE,19225.16,0.0,EXTERNAL,Capital expenditure
2025-02,DE01,Software,CAPEX-000198,1000_CASH,0.0,19225.16,EXTERNAL,Capital expenditure
2025-02,DE01,Software,DEP-000198,6100_DEPRECIATION,228.87,0.0,EXTERNAL,Depreciation
2025-02,DE01,Software,DEP-000198,1590_ACCUM_DEP,0.0,228.87,EXTERNAL,Depreciation
2025-02,DE01,Software,COLL-000198,1000_CASH,1576463.0,0.0,EXTERNAL,Customer collections
2025-02,DE01,Software,COLL-000198,1100_AR,0.0,1576463.0,EXTERNAL,Customer collections
2025-02,DE01,Software,PAY-000198,2100_AP,748235.97,0.0,EXTERNAL,Supplier payments
2025-02,DE01,Software,PAY-000198,1000_CASH,0.0,748235.97,EXTERNAL,Supplier payments
2025-02,US01,Software,REV-000199,1100_AR,2013136.64,0.0,EXTERNAL,External sale
2025-02,US01,Software,REV-000199,4000_REVENUE,0.0,2013136.64,EXTERNAL,External sale
2025-02,US01,Software,COGS-000199,5000_VARIABLE_COGS,609970.84,0.0,EXTERNAL,Variable cost of sales
2025-02,US01,Software,COGS-000199,2100_AP,0.0,609970.84,EXTERNAL,Variable cost of sales
2025-02,US01,Software,OPEX-000199,6000_OPEX,463021.43,0.0,EXTERNAL,Operating expenses
2025-02,US01,Software,OPEX-000199,2100_AP,0.0,463021.43,EXTERNAL,Operating expenses
2025-02,US01,Software,CAPEX-000199,1500_PPE,20131.37,0.0,EXTERNAL,Capital expenditure
2025-02,US01,Software,CAPEX-000199,1000_CASH,0.0,20131.37,EXTERNAL,Capital expenditure
2025-02,US01,Software,DEP-000199,6100_DEPRECIATION,239.66,0.0,EXTERNAL,Depreciation
2025-02,US01,Software,DEP-000199,1590_ACCUM_DEP,0.0,239.66,EXTERNAL,Depreciation
2025-02,US01,Software,COLL-000199,1000_CASH,1650772.04,0.0,EXTERNAL,Customer collections
2025-02,US01,Software,COLL-000199,1100_AR,0.0,1650772.04,EXTERNAL,Customer collections
2025-02,US01,Software,PAY-000199,2100_AP,836933.96,0.0,EXTERNAL,Supplier payments
2025-02,US01,Software,PAY-000199,1000_CASH,0.0,836933.96,EXTERNAL,Supplier payments
2025-02,JP01,Software,REV-000200,1100_AR,1908771.19,0.0,EXTERNAL,External sale
2025-02,JP01,Software,REV-000200,4000_REVENUE,0.0,1908771.19,EXTERNAL,External sale
2025-02,JP01,Software,COGS-000200,5000_VARIABLE_COGS,562930.95,0.0,EXTERNAL,Variable cost of sales
2025-02,JP01,Software,COGS-000200,2100_AP,0.0,562930.95,EXTERNAL,Variable cost of sales
2025-02,JP01,Software,OPEX-000200,6000_OPEX,439017.37,0.0,EXTERNAL,Operating expenses
2025-02,JP01,Software,OPEX-000200,2100_AP,0.0,439017.37,EXTERNAL,Operating expenses
2025-02,JP01,Software,CAPEX-000200,1500_PPE,19087.71,0.0,EXTERNAL,Capital expenditure
2025-02,JP01,Software,CAPEX-000200,1000_CASH,0.0,19087.71,EXTERNAL,Capital expenditure
2025-02,JP01,Software,DEP-000200,6100_DEPRECIATION,227.23,0.0,EXTERNAL,Depreciation
2025-02,JP01,Software,DEP-000200,1590_ACCUM_DEP,0.0,227.23,EXTERNAL,Depreciation
2025-02,JP01,Software,COLL-000200,1000_CASH,1565192.38,0.0,EXTERNAL,Customer collections
2025-02,JP01,Software,COLL-000200,1100_AR,0.0,1565192.38,EXTERNAL,Customer collections
2025-02,JP01,Software,PAY-000200,2100_AP,781519.69,0.0,EXTERNAL,Supplier payments
2025-02,JP01,Software,PAY-000200,1000_CASH,0.0,781519.69,EXTERNAL,Supplier payments
2025-02,DE01,Hardware,REV-000201,1100_AR,2298232.88,0.0,EXTERNAL,External sale
2025-02,DE01,Hardware,REV-000201,4000_REVENUE,0.0,2298232.88,EXTERNAL,External sale
2025-02,DE01,Hardware,COGS-000201,5000_VARIABLE_COGS,1483432.24,0.0,EXTERNAL,Variable cost of sales
2025-02,DE01,Hardware,COGS-000201,2100_AP,0.0,1483432.24,EXTERNAL,Variable cost of sales
2025-02,DE01,Hardware,COGS-000201,5100_FIXED_PRODUCTION,95337.97,0.0,EXTERNAL,Fixed production cost
2025-02,DE01,Hardware,COGS-000201,2100_AP,0.0,95337.97,EXTERNAL,Fixed production cost
2025-02,DE01,Hardware,OPEX-000201,6000_OPEX,252805.62,0.0,EXTERNAL,Operating expenses
2025-02,DE01,Hardware,OPEX-000201,2100_AP,0.0,252805.62,EXTERNAL,Operating expenses
2025-02,DE01,Hardware,CAPEX-000201,1500_PPE,80438.15,0.0,EXTERNAL,Capital expenditure
2025-02,DE01,Hardware,CAPEX-000201,1000_CASH,0.0,80438.15,EXTERNAL,Capital expenditure
2025-02,DE01,Hardware,DEP-000201,6100_DEPRECIATION,957.6,0.0,EXTERNAL,Depreciation
2025-02,DE01,Hardware,DEP-000201,1590_ACCUM_DEP,0.0,957.6,EXTERNAL,Depreciation
2025-02,DE01,Hardware,COLL-000201,1000_CASH,1884550.96,0.0,EXTERNAL,Customer collections
2025-02,DE01,Hardware,COLL-000201,1100_AR,0.0,1884550.96,EXTERNAL,Customer collections
2025-02,DE01,Hardware,PAY-000201,2100_AP,1428629.14,0.0,EXTERNAL,Supplier payments
2025-02,DE01,Hardware,PAY-000201,1000_CASH,0.0,1428629.14,EXTERNAL,Supplier payments
2025-02,ES01,Hardware,REV-000202,1100_AR,2170162.74,0.0,EXTERNAL,External sale
2025-02,ES01,Hardware,REV-000202,4000_REVENUE,0.0,2170162.74,EXTERNAL,External sale
2025-02,ES01,Hardware,COGS-000202,5000_VARIABLE_COGS,1377446.81,0.0,EXTERNAL,Variable cost of sales
2025-02,ES01,Hardware,COGS-000202,2100_AP,0.0,1377446.81,EXTERNAL,Variable cost of sales
2025-02,ES01,Hardware,COGS-000202,5100_FIXED_PRODUCTION,136819.83,0.0,EXTERNAL,Fixed production cost
2025-02,ES01,Hardware,COGS-000202,2100_AP,0.0,136819.83,EXTERNAL,Fixed production cost
2025-02,ES01,Hardware,OPEX-000202,6000_OPEX,238717.9,0.0,EXTERNAL,Operating expenses
2025-02,ES01,Hardware,OPEX-000202,2100_AP,0.0,238717.9,EXTERNAL,Operating expenses
2025-02,ES01,Hardware,CAPEX-000202,1500_PPE,75955.7,0.0,EXTERNAL,Capital expenditure
2025-02,ES01,Hardware,CAPEX-000202,1000_CASH,0.0,75955.7,EXTERNAL,Capital expenditure
2025-02,ES01,Hardware,DEP-000202,6100_DEPRECIATION,904.23,0.0,EXTERNAL,Depreciation
2025-02,ES01,Hardware,DEP-000202,1590_ACCUM_DEP,0.0,904.23,EXTERNAL,Depreciation
2025-02,ES01,Hardware,COLL-000202,1000_CASH,1779533.45,0.0,EXTERNAL,Customer collections
2025-02,ES01,Hardware,COLL-000202,1100_AR,0.0,1779533.45,EXTERNAL,Customer collections
2025-02,ES01,Hardware,PAY-000202,2100_AP,1367327.94,0.0,EXTERNAL,Supplier payments
2025-02,ES01,Hardware,PAY-000202,1000_CASH,0.0,1367327.94,EXTERNAL,Supplier payments
2025-02,US01,Hardware,REV-000203,1100_AR,2219085.22,0.0,EXTERNAL,External sale
2025-02,US01,Hardware,REV-000203,4000_REVENUE,0.0,2219085.22,EXTERNAL,External sale
2025-02,US01,Hardware,COGS-000203,5000_VARIABLE_COGS,1413587.04,0.0,EXTERNAL,Variable cost of sales
2025-02,US01,Hardware,COGS-000203,2100_AP,0.0,1413587.04,EXTERNAL,Variable cost of sales
2025-02,US01,Hardware,COGS-000203,5100_FIXED_PRODUCTION,128300.67,0.0,EXTERNAL,Fixed production cost
2025-02,US01,Hardware,COGS-000203,2100_AP,0.0,128300.67,EXTERNAL,Fixed production cost
2025-02,US01,Hardware,OPEX-000203,6000_OPEX,244099.37,0.0,EXTERNAL,Operating expenses
2025-02,US01,Hardware,OPEX-000203,2100_AP,0.0,244099.37,EXTERNAL,Operating expenses
2025-02,US01,Hardware,CAPEX-000203,1500_PPE,77667.98,0.0,EXTERNAL,Capital expenditure
2025-02,US01,Hardware,CAPEX-000203,1000_CASH,0.0,77667.98,EXTERNAL,Capital expenditure
2025-02,US01,Hardware,DEP-000203,6100_DEPRECIATION,924.62,0.0,EXTERNAL,Depreciation
2025-02,US01,Hardware,DEP-000203,1590_ACCUM_DEP,0.0,924.62,EXTERNAL,Depreciation
2025-02,US01,Hardware,COLL-000203,1000_CASH,1819649.88,0.0,EXTERNAL,Customer collections
2025-02,US01,Hardware,COLL-000203,1100_AR,0.0,1819649.88,EXTERNAL,Customer collections
2025-02,US01,Hardware,PAY-000203,2100_AP,1393069.93,0.0,EXTERNAL,Supplier payments
2025-02,US01,Hardware,PAY-000203,1000_CASH,0.0,1393069.93,EXTERNAL,Supplier payments
2025-02,JP01,Hardware,REV-000204,1100_AR,2235994.13,0.0,EXTERNAL,External sale
2025-02,JP01,Hardware,REV-000204,4000_REVENUE,0.0,2235994.13,EXTERNAL,External sale
2025-02,JP01,Hardware,COGS-000204,5000_VARIABLE_COGS,1436407.75,0.0,EXTERNAL,Variable cost of sales
2025-02,JP01,Hardware,COGS-000204,2100_AP,0.0,1436407.75,EXTERNAL,Variable cost of sales
2025-02,JP01,Hardware,COGS-000204,5100_FIXED_PRODUCTION,113178.16,0.0,EXTERNAL,Fixed production cost
2025-02,JP01,Hardware,COGS-000204,2100_AP,0.0,113178.16,EXTERNAL,Fixed production cost
2025-02,JP01,Hardware,OPEX-000204,6000_OPEX,245959.35,0.0,EXTERNAL,Operating expenses
2025-02,JP01,Hardware,OPEX-000204,2100_AP,0.0,245959.35,EXTERNAL,Operating expenses
2025-02,JP01,Hardware,CAPEX-000204,1500_PPE,78259.79,0.0,EXTERNAL,Capital expenditure
2025-02,JP01,Hardware,CAPEX-000204,1000_CASH,0.0,78259.79,EXTERNAL,Capital expenditure
2025-02,JP01,Hardware,DEP-000204,6100_DEPRECIATION,931.66,0.0,EXTERNAL,Depreciation
2025-02,JP01,Hardware,DEP-000204,1590_ACCUM_DEP,0.0,931.66,EXTERNAL,Depreciation
2025-02,JP01,Hardware,COLL-000204,1000_CASH,1833515.19,0.0,EXTERNAL,Customer collections
2025-02,JP01,Hardware,COLL-000204,1100_AR,0.0,1833515.19,EXTERNAL,Customer collections
2025-02,JP01,Hardware,PAY-000204,2100_AP,1400525.3,0.0,EXTERNAL,Supplier payments
2025-02,JP01,Hardware,PAY-000204,1000_CASH,0.0,1400525.3,EXTERNAL,Supplier payments
2025-02,ES01,Events,REV-000205,1100_AR,1169550.14,0.0,EXTERNAL,External sale
2025-02,ES01,Events,REV-000205,4000_REVENUE,0.0,1169550.14,EXTERNAL,External sale
2025-02,ES01,Events,COGS-000205,5000_VARIABLE_COGS,686162.65,0.0,EXTERNAL,Variable cost of sales
2025-02,ES01,Events,COGS-000205,2100_AP,0.0,686162.65,EXTERNAL,Variable cost of sales
2025-02,ES01,Events,COGS-000205,5100_FIXED_PRODUCTION,84294.43,0.0,EXTERNAL,Fixed production cost
2025-02,ES01,Events,COGS-000205,2100_AP,0.0,84294.43,EXTERNAL,Fixed production cost
2025-02,ES01,Events,OPEX-000205,6000_OPEX,198823.52,0.0,EXTERNAL,Operating expenses
2025-02,ES01,Events,OPEX-000205,2100_AP,0.0,198823.52,EXTERNAL,Operating expenses
2025-02,ES01,Events,CAPEX-000205,1500_PPE,11695.5,0.0,EXTERNAL,Capital expenditure
2025-02,ES01,Events,CAPEX-000205,1000_CASH,0.0,11695.5,EXTERNAL,Capital expenditure
2025-02,ES01,Events,DEP-000205,6100_DEPRECIATION,139.23,0.0,EXTERNAL,Depreciation
2025-02,ES01,Events,DEP-000205,1590_ACCUM_DEP,0.0,139.23,EXTERNAL,Depreciation
2025-02,ES01,Events,COLL-000205,1000_CASH,959031.11,0.0,EXTERNAL,Customer collections
2025-02,ES01,Events,COLL-000205,1100_AR,0.0,959031.11,EXTERNAL,Customer collections
2025-02,ES01,Events,PAY-000205,2100_AP,756038.87,0.0,EXTERNAL,Supplier payments
2025-02,ES01,Events,PAY-000205,1000_CASH,0.0,756038.87,EXTERNAL,Supplier payments
2025-02,US01,Events,REV-000206,1100_AR,1092479.36,0.0,EXTERNAL,External sale
2025-02,US01,Events,REV-000206,4000_REVENUE,0.0,1092479.36,EXTERNAL,External sale
2025-02,US01,Events,COGS-000206,5000_VARIABLE_COGS,646526.4,0.0,EXTERNAL,Variable cost of sales
2025-02,US01,Events,COGS-000206,2100_AP,0.0,646526.4,EXTERNAL,Variable cost of sales
2025-02,US01,Events,COGS-000206,5100_FIXED_PRODUCTION,32981.65,0.0,EXTERNAL,Fixed production cost
2025-02,US01,Events,COGS-000206,2100_AP,0.0,32981.65,EXTERNAL,Fixed production cost
2025-02,US01,Events,OPEX-000206,6000_OPEX,185721.49,0.0,EXTERNAL,Operating expenses
2025-02,US01,Events,OPEX-000206,2100_AP,0.0,185721.49,EXTERNAL,Operating expenses
2025-02,US01,Events,CAPEX-000206,1500_PPE,10924.79,0.0,EXTERNAL,Capital expenditure
2025-02,US01,Events,CAPEX-000206,1000_CASH,0.0,10924.79,EXTERNAL,Capital expenditure
2025-02,US01,Events,DEP-000206,6100_DEPRECIATION,130.06,0.0,EXTERNAL,Depreciation
2025-02,US01,Events,DEP-000206,1590_ACCUM_DEP,0.0,130.06,EXTERNAL,Depreciation
2025-02,US01,Events,COLL-000206,1000_CASH,895833.08,0.0,EXTERNAL,Customer collections
2025-02,US01,Events,COLL-000206,1100_AR,0.0,895833.08,EXTERNAL,Customer collections
2025-02,US01,Events,PAY-000206,2100_AP,674879.04,0.0,EXTERNAL,Supplier payments
2025-02,US01,Events,PAY-000206,1000_CASH,0.0,674879.04,EXTERNAL,Supplier payments
2025-02,ES01,Spare Parts,REV-000207,1100_AR,1470059.17,0.0,EXTERNAL,External sale
2025-02,ES01,Spare Parts,REV-000207,4000_REVENUE,0.0,1470059.17,EXTERNAL,External sale
2025-02,ES01,Spare Parts,COGS-000207,5000_VARIABLE_COGS,701810.34,0.0,EXTERNAL,Variable cost of sales
2025-02,ES01,Spare Parts,COGS-000207,2100_AP,0.0,701810.34,EXTERNAL,Variable cost of sales
2025-02,ES01,Spare Parts,COGS-000207,5100_FIXED_PRODUCTION,63313.41,0.0,EXTERNAL,Fixed production cost
2025-02,ES01,Spare Parts,COGS-000207,2100_AP,0.0,63313.41,EXTERNAL,Fixed production cost
2025-02,ES01,Spare Parts,OPEX-000207,6000_OPEX,176407.1,0.0,EXTERNAL,Operating expenses
2025-02,ES01,Spare Parts,OPEX-000207,2100_AP,0.0,176407.1,EXTERNAL,Operating expenses
2025-02,ES01,Spare Parts,CAPEX-000207,1500_PPE,14700.59,0.0,EXTERNAL,Capital expenditure
2025-02,ES01,Spare Parts,CAPEX-000207,1000_CASH,0.0,14700.59,EXTERNAL,Capital expenditure
2025-02,ES01,Spare Parts,DEP-000207,6100_DEPRECIATION,175.01,0.0,EXTERNAL,Depreciation
2025-02,ES01,Spare Parts,DEP-000207,1590_ACCUM_DEP,0.0,175.01,EXTERNAL,Depreciation
2025-02,ES01,Spare Parts,COLL-000207,1000_CASH,1205448.52,0.0,EXTERNAL,Customer collections
2025-02,ES01,Spare Parts,COLL-000207,1100_AR,0.0,1205448.52,EXTERNAL,Customer collections
2025-02,ES01,Spare Parts,PAY-000207,2100_AP,734394.06,0.0,EXTERNAL,Supplier payments
2025-02,ES01,Spare Parts,PAY-000207,1000_CASH,0.0,734394.06,EXTERNAL,Supplier payments
2025-02,JP01,Spare Parts,REV-000208,1100_AR,1489930.09,0.0,EXTERNAL,External sale
2025-02,JP01,Spare Parts,REV-000208,4000_REVENUE,0.0,1489930.09,EXTERNAL,External sale
2025-02,JP01,Spare Parts,COGS-000208,5000_VARIABLE_COGS,706430.24,0.0,EXTERNAL,Variable cost of sales
2025-02,JP01,Spare Parts,COGS-000208,2100_AP,0.0,706430.24,EXTERNAL,Variable cost of sales
2025-02,JP01,Spare Parts,COGS-000208,5100_FIXED_PRODUCTION,98803.14,0.0,EXTERNAL,Fixed production cost
2025-02,JP01,Spare Parts,COGS-000208,2100_AP,0.0,98803.14,EXTERNAL,Fixed production cost
2025-02,JP01,Spare Parts,OPEX-000208,6000_OPEX,178791.61,0.0,EXTERNAL,Operating expenses
2025-02,JP01,Spare Parts,OPEX-000208,2100_AP,0.0,178791.61,EXTERNAL,Operating expenses
2025-02,JP01,Spare Parts,CAPEX-000208,1500_PPE,14899.3,0.0,EXTERNAL,Capital expenditure
2025-02,JP01,Spare Parts,CAPEX-000208,1000_CASH,0.0,14899.3,EXTERNAL,Capital expenditure
2025-02,JP01,Spare Parts,DEP-000208,6100_DEPRECIATION,177.37,0.0,EXTERNAL,Depreciation
2025-02,JP01,Spare Parts,DEP-000208,1590_ACCUM_DEP,0.0,177.37,EXTERNAL,Depreciation
2025-02,JP01,Spare Parts,COLL-000208,1000_CASH,1221742.67,0.0,EXTERNAL,Customer collections
2025-02,JP01,Spare Parts,COLL-000208,1100_AR,0.0,1221742.67,EXTERNAL,Customer collections
2025-02,JP01,Spare Parts,PAY-000208,2100_AP,767539.49,0.0,EXTERNAL,Supplier payments
2025-02,JP01,Spare Parts,PAY-000208,1000_CASH,0.0,767539.49,EXTERNAL,Supplier payments
2025-03,DE01,Software,REV-000209,1100_AR,2170262.51,0.0,EXTERNAL,External sale
2025-03,DE01,Software,REV-000209,4000_REVENUE,0.0,2170262.51,EXTERNAL,External sale
2025-03,DE01,Software,COGS-000209,5000_VARIABLE_COGS,640322.28,0.0,EXTERNAL,Variable cost of sales
2025-03,DE01,Software,COGS-000209,2100_AP,0.0,640322.28,EXTERNAL,Variable cost of sales
2025-03,DE01,Software,OPEX-000209,6000_OPEX,499160.38,0.0,EXTERNAL,Operating expenses
2025-03,DE01,Software,OPEX-000209,2100_AP,0.0,499160.38,EXTERNAL,Operating expenses
2025-03,DE01,Software,CAPEX-000209,1500_PPE,21702.63,0.0,EXTERNAL,Capital expenditure
2025-03,DE01,Software,CAPEX-000209,1000_CASH,0.0,21702.63,EXTERNAL,Capital expenditure
2025-03,DE01,Software,DEP-000209,6100_DEPRECIATION,258.36,0.0,EXTERNAL,Depreciation
2025-03,DE01,Software,DEP-000209,1590_ACCUM_DEP,0.0,258.36,EXTERNAL,Depreciation
2025-03,DE01,Software,COLL-000209,1000_CASH,1779615.26,0.0,EXTERNAL,Customer collections
2025-03,DE01,Software,COLL-000209,1100_AR,0.0,1779615.26,EXTERNAL,Customer collections
2025-03,DE01,Software,PAY-000209,2100_AP,888796.48,0.0,EXTERNAL,Supplier payments
2025-03,DE01,Software,PAY-000209,1000_CASH,0.0,888796.48,EXTERNAL,Supplier payments
2025-03,US01,Software,REV-000210,1100_AR,1919784.53,0.0,EXTERNAL,External sale
2025-03,US01,Software,REV-000210,4000_REVENUE,0.0,1919784.53,EXTERNAL,External sale
2025-03,US01,Software,COGS-000210,5000_VARIABLE_COGS,553501.96,0.0,EXTERNAL,Variable cost of sales
2025-03,US01,Software,COGS-000210,2100_AP,0.0,553501.96,EXTERNAL,Variable cost of sales
2025-03,US01,Software,OPEX-000210,6000_OPEX,441550.44,0.0,EXTERNAL,Operating expenses
2025-03,US01,Software,OPEX-000210,2100_AP,0.0,441550.44,EXTERNAL,Operating expenses
2025-03,US01,Software,CAPEX-000210,1500_PPE,19197.85,0.0,EXTERNAL,Capital expenditure
2025-03,US01,Software,CAPEX-000210,1000_CASH,0.0,19197.85,EXTERNAL,Capital expenditure
2025-03,US01,Software,DEP-000210,6100_DEPRECIATION,228.55,0.0,EXTERNAL,Depreciation
2025-03,US01,Software,DEP-000210,1590_ACCUM_DEP,0.0,228.55,EXTERNAL,Depreciation
2025-03,US01,Software,COLL-000210,1000_CASH,1574223.31,0.0,EXTERNAL,Customer collections
2025-03,US01,Software,COLL-000210,1100_AR,0.0,1574223.31,EXTERNAL,Customer collections
2025-03,US01,Software,PAY-000210,2100_AP,776140.87,0.0,EXTERNAL,Supplier payments
2025-03,US01,Software,PAY-000210,1000_CASH,0.0,776140.87,EXTERNAL,Supplier payments
2025-03,JP01,Software,REV-000211,1100_AR,2097270.5,0.0,EXTERNAL,External sale
2025-03,JP01,Software,REV-000211,4000_REVENUE,0.0,2097270.5,EXTERNAL,External sale
2025-03,JP01,Software,COGS-000211,5000_VARIABLE_COGS,588027.27,0.0,EXTERNAL,Variable cost of sales
2025-03,JP01,Software,COGS-000211,2100_AP,0.0,588027.27,EXTERNAL,Variable cost of sales
2025-03,JP01,Software,OPEX-000211,6000_OPEX,482372.22,0.0,EXTERNAL,Operating expenses
2025-03,JP01,Software,OPEX-000211,2100_AP,0.0,482372.22,EXTERNAL,Operating expenses
2025-03,JP01,Software,CAPEX-000211,1500_PPE,20972.71,0.0,EXTERNAL,Capital expenditure
2025-03,JP01,Software,CAPEX-000211,1000_CASH,0.0,20972.71,EXTERNAL,Capital expenditure
2025-03,JP01,Software,DEP-000211,6100_DEPRECIATION,249.68,0.0,EXTERNAL,Depreciation
2025-03,JP01,Software,DEP-000211,1590_ACCUM_DEP,0.0,249.68,EXTERNAL,Depreciation
2025-03,JP01,Software,COLL-000211,1000_CASH,1719761.81,0.0,EXTERNAL,Customer collections
2025-03,JP01,Software,COLL-000211,1100_AR,0.0,1719761.81,EXTERNAL,Customer collections
2025-03,JP01,Software,PAY-000211,2100_AP,834911.6,0.0,EXTERNAL,Supplier payments
2025-03,JP01,Software,PAY-000211,1000_CASH,0.0,834911.6,EXTERNAL,Supplier payments
2025-03,DE01,Hardware,REV-000212,1100_AR,2430074.37,0.0,EXTERNAL,External sale
2025-03,DE01,Hardware,REV-000212,4000_REVENUE,0.0,2430074.37,EXTERNAL,External sale
2025-03,DE01,Hardware,COGS-000212,5000_VARIABLE_COGS,1509304.91,0.0,EXTERNAL,Variable cost of sales
2025-03,DE01,Hardware,COGS-000212,2100_AP,0.0,1509304.91,EXTERNAL,Variable cost of sales
2025-03,DE01,Hardware,COGS-000212,5100_FIXED_PRODUCTION,152384.18,0.0,EXTERNAL,Fixed production cost
2025-03,DE01,Hardware,COGS-000212,2100_AP,0.0,152384.18,EXTERNAL,Fixed production cost
2025-03,DE01,Hardware,OPEX-000212,6000_OPEX,267308.18,0.0,EXTERNAL,Operating expenses
2025-03,DE01,Hardware,OPEX-000212,2100_AP,0.0,267308.18,EXTERNAL,Operating expenses
2025-03,DE01,Hardware,CAPEX-000212,1500_PPE,85052.6,0.0,EXTERNAL,Capital expenditure
2025-03,DE01,Hardware,CAPEX-000212,1000_CASH,0.0,85052.6,EXTERNAL,Capital expenditure
2025-03,DE01,Hardware,DEP-000212,6100_DEPRECIATION,1012.53,0.0,EXTERNAL,Depreciation
2025-03,DE01,Hardware,DEP-000212,1590_ACCUM_DEP,0.0,1012.53,EXTERNAL,Depreciation
2025-03,DE01,Hardware,COLL-000212,1000_CASH,1992660.98,0.0,EXTERNAL,Customer collections
2025-03,DE01,Hardware,COLL-000212,1100_AR,0.0,1992660.98,EXTERNAL,Customer collections
2025-03,DE01,Hardware,PAY-000212,2100_AP,1504617.86,0.0,EXTERNAL,Supplier payments
2025-03,DE01,Hardware,PAY-000212,1000_CASH,0.0,1504617.86,EXTERNAL,Supplier payments
2025-03,ES01,Hardware,REV-000213,1100_AR,2444998.06,0.0,EXTERNAL,External sale
2025-03,ES01,Hardware,REV-000213,4000_REVENUE,0.0,2444998.06,EXTERNAL,External sale
2025-03,ES01,Hardware,COGS-000213,5000_VARIABLE_COGS,1537366.34,0.0,EXTERNAL,Variable cost of sales
2025-03,ES01,Hardware,COGS-000213,2100_AP,0.0,1537366.34,EXTERNAL,Variable cost of sales
2025-03,ES01,Hardware,COGS-000213,5100_FIXED_PRODUCTION,163113.28,0.0,EXTERNAL,Fixed production cost
2025-03,ES01,Hardware,COGS-000213,2100_AP,0.0,163113.28,EXTERNAL,Fixed production cost
2025-03,ES01,Hardware,OPEX-000213,6000_OPEX,268949.79,0.0,EXTERNAL,Operating expenses
2025-03,ES01,Hardware,OPEX-000213,2100_AP,0.0,268949.79,EXTERNAL,Operating expenses
2025-03,ES01,Hardware,CAPEX-000213,1500_PPE,85574.93,0.0,EXTERNAL,Capital expenditure
2025-03,ES01,Hardware,CAPEX-000213,1000_CASH,0.0,85574.93,EXTERNAL,Capital expenditure
2025-03,ES01,Hardware,DEP-000213,6100_DEPRECIATION,1018.75,0.0,EXTERNAL,Depreciation
2025-03,ES01,Hardware,DEP-000213,1590_ACCUM_DEP,0.0,1018.75,EXTERNAL,Depreciation
2025-03,ES01,Hardware,COLL-000213,1000_CASH,2004898.41,0.0,EXTERNAL,Customer collections
2025-03,ES01,Hardware,COLL-000213,1100_AR,0.0,2004898.41,EXTERNAL,Customer collections
2025-03,ES01,Hardware,PAY-000213,2100_AP,1536154.94,0.0,EXTERNAL,Supplier payments
2025-03,ES01,Hardware,PAY-000213,1000_CASH,0.0,1536154.94,EXTERNAL,Supplier payments
2025-03,US01,Hardware,REV-000214,1100_AR,2404247.14,0.0,EXTERNAL,External sale
2025-03,US01,Hardware,REV-000214,4000_REVENUE,0.0,2404247.14,EXTERNAL,External sale
2025-03,US01,Hardware,COGS-000214,5000_VARIABLE_COGS,1558543.58,0.0,EXTERNAL,Variable cost of sales
2025-03,US01,Hardware,COGS-000214,2100_AP,0.0,1558543.58,EXTERNAL,Variable cost of sales
2025-03,US01,Hardware,COGS-000214,5100_FIXED_PRODUCTION,100254.55,0.0,EXTERNAL,Fixed production cost
2025-03,US01,Hardware,COGS-000214,2100_AP,0.0,100254.55,EXTERNAL,Fixed production cost
2025-03,US01,Hardware,OPEX-000214,6000_OPEX,264467.19,0.0,EXTERNAL,Operating expenses
2025-03,US01,Hardware,OPEX-000214,2100_AP,0.0,264467.19,EXTERNAL,Operating expenses
2025-03,US01,Hardware,CAPEX-000214,1500_PPE,84148.65,0.0,EXTERNAL,Capital expenditure
2025-03,US01,Hardware,CAPEX-000214,1000_CASH,0.0,84148.65,EXTERNAL,Capital expenditure
2025-03,US01,Hardware,DEP-000214,6100_DEPRECIATION,1001.77,0.0,EXTERNAL,Depreciation
2025-03,US01,Hardware,DEP-000214,1590_ACCUM_DEP,0.0,1001.77,EXTERNAL,Depreciation
2025-03,US01,Hardware,COLL-000214,1000_CASH,1971482.65,0.0,EXTERNAL,Customer collections
2025-03,US01,Hardware,COLL-000214,1100_AR,0.0,1971482.65,EXTERNAL,Customer collections
2025-03,US01,Hardware,PAY-000214,2100_AP,1500146.95,0.0,EXTERNAL,Supplier payments
2025-03,US01,Hardware,PAY-000214,1000_CASH,0.0,1500146.95,EXTERNAL,Supplier payments
2025-03,JP01,Hardware,REV-000215,1100_AR,2400161.18,0.0,EXTERNAL,External sale
2025-03,JP01,Hardware,REV-000215,4000_REVENUE,0.0,2400161.18,EXTERNAL,External sale
2025-03,JP01,Hardware,COGS-000215,5000_VARIABLE_COGS,1493405.39,0.0,EXTERNAL,Variable cost of sales
2025-03,JP01,Hardware,COGS-000215,2100_AP,0.0,1493405.39,EXTERNAL,Variable cost of sales
2025-03,JP01,Hardware,COGS-000215,5100_FIXED_PRODUCTION,207858.56,0.0,EXTERNAL,Fixed production cost
2025-03,JP01,Hardware,COGS-000215,2100_AP,0.0,207858.56,EXTERNAL,Fixed production cost
2025-03,JP01,Hardware,OPEX-000215,6000_OPEX,264017.73,0.0,EXTERNAL,Operating expenses
2025-03,JP01,Hardware,OPEX-000215,2100_AP,0.0,264017.73,EXTERNAL,Operating expenses
2025-03,JP01,Hardware,CAPEX-000215,1500_PPE,84005.64,0.0,EXTERNAL,Capital expenditure
2025-03,JP01,Hardware,CAPEX-000215,1000_CASH,0.0,84005.64,EXTERNAL,Capital expenditure
2025-03,JP01,Hardware,DEP-000215,6100_DEPRECIATION,1000.07,0.0,EXTERNAL,Depreciation
2025-03,JP01,Hardware,DEP-000215,1590_ACCUM_DEP,0.0,1000.07,EXTERNAL,Depreciation
2025-03,JP01,Hardware,COLL-000215,1000_CASH,1968132.17,0.0,EXTERNAL,Customer collections
2025-03,JP01,Hardware,COLL-000215,1100_AR,0.0,1968132.17,EXTERNAL,Customer collections
2025-03,JP01,Hardware,PAY-000215,2100_AP,1532919.71,0.0,EXTERNAL,Supplier payments
2025-03,JP01,Hardware,PAY-000215,1000_CASH,0.0,1532919.71,EXTERNAL,Supplier payments
2025-03,ES01,Events,REV-000216,1100_AR,1282157.37,0.0,EXTERNAL,External sale
2025-03,ES01,Events,REV-000216,4000_REVENUE,0.0,1282157.37,EXTERNAL,External sale
2025-03,ES01,Events,COGS-000216,5000_VARIABLE_COGS,765047.73,0.0,EXTERNAL,Variable cost of sales
2025-03,ES01,Events,COGS-000216,2100_AP,0.0,765047.73,EXTERNAL,Variable cost of sales
2025-03,ES01,Events,COGS-000216,5100_FIXED_PRODUCTION,28100.83,0.0,EXTERNAL,Fixed production cost
2025-03,ES01,Events,COGS-000216,2100_AP,0.0,28100.83,EXTERNAL,Fixed production cost
2025-03,ES01,Events,OPEX-000216,6000_OPEX,217966.75,0.0,EXTERNAL,Operating expenses
2025-03,ES01,Events,OPEX-000216,2100_AP,0.0,217966.75,EXTERNAL,Operating expenses
2025-03,ES01,Events,CAPEX-000216,1500_PPE,12821.57,0.0,EXTERNAL,Capital expenditure
2025-03,ES01,Events,CAPEX-000216,1000_CASH,0.0,12821.57,EXTERNAL,Capital expenditure
2025-03,ES01,Events,DEP-000216,6100_DEPRECIATION,152.64,0.0,EXTERNAL,Depreciation
2025-03,ES01,Events,DEP-000216,1590_ACCUM_DEP,0.0,152.64,EXTERNAL,Depreciation
2025-03,ES01,Events,COLL-000216,1000_CASH,1051369.04,0.0,EXTERNAL,Customer collections
2025-03,ES01,Events,COLL-000216,1100_AR,0.0,1051369.04,EXTERNAL,Customer collections
2025-03,ES01,Events,PAY-000216,2100_AP,788669.94,0.0,EXTERNAL,Supplier payments
2025-03,ES01,Events,PAY-000216,1000_CASH,0.0,788669.94,EXTERNAL,Supplier payments
2025-03,US01,Events,REV-000217,1100_AR,1173660.53,0.0,EXTERNAL,External sale
2025-03,US01,Events,REV-000217,4000_REVENUE,0.0,1173660.53,EXTERNAL,External sale
2025-03,US01,Events,COGS-000217,5000_VARIABLE_COGS,685369.42,0.0,EXTERNAL,Variable cost of sales
2025-03,US01,Events,COGS-000217,2100_AP,0.0,685369.42,EXTERNAL,Variable cost of sales
2025-03,US01,Events,COGS-000217,5100_FIXED_PRODUCTION,43583.83,0.0,EXTERNAL,Fixed production cost
2025-03,US01,Events,COGS-000217,2100_AP,0.0,43583.83,EXTERNAL,Fixed production cost
2025-03,US01,Events,OPEX-000217,6000_OPEX,199522.29,0.0,EXTERNAL,Operating expenses
2025-03,US01,Events,OPEX-000217,2100_AP,0.0,199522.29,EXTERNAL,Operating expenses
2025-03,US01,Events,CAPEX-000217,1500_PPE,11736.61,0.0,EXTERNAL,Capital expenditure
2025-03,US01,Events,CAPEX-000217,1000_CASH,0.0,11736.61,EXTERNAL,Capital expenditure
2025-03,US01,Events,DEP-000217,6100_DEPRECIATION,139.72,0.0,EXTERNAL,Depreciation
2025-03,US01,Events,DEP-000217,1590_ACCUM_DEP,0.0,139.72,EXTERNAL,Depreciation
2025-03,US01,Events,COLL-000217,1000_CASH,962401.63,0.0,EXTERNAL,Customer collections
2025-03,US01,Events,COLL-000217,1100_AR,0.0,962401.63,EXTERNAL,Customer collections
2025-03,US01,Events,PAY-000217,2100_AP,724210.92,0.0,EXTERNAL,Supplier payments
2025-03,US01,Events,PAY-000217,1000_CASH,0.0,724210.92,EXTERNAL,Supplier payments
2025-03,ES01,Spare Parts,REV-000218,1100_AR,1632652.15,0.0,EXTERNAL,External sale
2025-03,ES01,Spare Parts,REV-000218,4000_REVENUE,0.0,1632652.15,EXTERNAL,External sale
2025-03,ES01,Spare Parts,COGS-000218,5000_VARIABLE_COGS,778216.35,0.0,EXTERNAL,Variable cost of sales
2025-03,ES01,Spare Parts,COGS-000218,2100_AP,0.0,778216.35,EXTERNAL,Variable cost of sales
2025-03,ES01,Spare Parts,COGS-000218,5100_FIXED_PRODUCTION,34546.38,0.0,EXTERNAL,Fixed production cost
2025-03,ES01,Spare Parts,COGS-000218,2100_AP,0.0,34546.38,EXTERNAL,Fixed production cost
2025-03,ES01,Spare Parts,OPEX-000218,6000_OPEX,195918.26,0.0,EXTERNAL,Operating expenses
2025-03,ES01,Spare Parts,OPEX-000218,2100_AP,0.0,195918.26,EXTERNAL,Operating expenses
2025-03,ES01,Spare Parts,CAPEX-000218,1500_PPE,16326.52,0.0,EXTERNAL,Capital expenditure
2025-03,ES01,Spare Parts,CAPEX-000218,1000_CASH,0.0,16326.52,EXTERNAL,Capital expenditure
2025-03,ES01,Spare Parts,DEP-000218,6100_DEPRECIATION,194.36,0.0,EXTERNAL,Depreciation
2025-03,ES01,Spare Parts,DEP-000218,1590_ACCUM_DEP,0.0,194.36,EXTERNAL,Depreciation
2025-03,ES01,Spare Parts,COLL-000218,1000_CASH,1338774.76,0.0,EXTERNAL,Customer collections
2025-03,ES01,Spare Parts,COLL-000218,1100_AR,0.0,1338774.76,EXTERNAL,Customer collections
2025-03,ES01,Spare Parts,PAY-000218,2100_AP,786771.17,0.0,EXTERNAL,Supplier payments
2025-03,ES01,Spare Parts,PAY-000218,1000_CASH,0.0,786771.17,EXTERNAL,Supplier payments
2025-03,JP01,Spare Parts,REV-000219,1100_AR,1741408.93,0.0,EXTERNAL,External sale
2025-03,JP01,Spare Parts,REV-000219,4000_REVENUE,0.0,1741408.93,EXTERNAL,External sale
2025-03,JP01,Spare Parts,COGS-000219,5000_VARIABLE_COGS,798149.58,0.0,EXTERNAL,Variable cost of sales
2025-03,JP01,Spare Parts,COGS-000219,2100_AP,0.0,798149.58,EXTERNAL,Variable cost of sales
2025-03,JP01,Spare Parts,COGS-000219,5100_FIXED_PRODUCTION,120612.97,0.0,EXTERNAL,Fixed production cost
2025-03,JP01,Spare Parts,COGS-000219,2100_AP,0.0,120612.97,EXTERNAL,Fixed production cost
2025-03,JP01,Spare Parts,OPEX-000219,6000_OPEX,208969.07,0.0,EXTERNAL,Operating expenses
2025-03,JP01,Spare Parts,OPEX-000219,2100_AP,0.0,208969.07,EXTERNAL,Operating expenses
2025-03,JP01,Spare Parts,CAPEX-000219,1500_PPE,17414.09,0.0,EXTERNAL,Capital expenditure
2025-03,JP01,Spare Parts,CAPEX-000219,1000_CASH,0.0,17414.09,EXTERNAL,Capital expenditure
2025-03,JP01,Spare Parts,DEP-000219,6100_DEPRECIATION,207.31,0.0,EXTERNAL,Depreciation
2025-03,JP01,Spare Parts,DEP-000219,1590_ACCUM_DEP,0.0,207.31,EXTERNAL,Depreciation
2025-03,JP01,Spare Parts,COLL-000219,1000_CASH,1427955.32,0.0,EXTERNAL,Customer collections
2025-03,JP01,Spare Parts,COLL-000219,1100_AR,0.0,1427955.32,EXTERNAL,Customer collections
2025-03,JP01,Spare Parts,PAY-000219,2100_AP,879630.66,0.0,EXTERNAL,Supplier payments
2025-03,JP01,Spare Parts,PAY-000219,1000_CASH,0.0,879630.66,EXTERNAL,Supplier payments
2025-04,DE01,Software,REV-000220,1100_AR,2105153.89,0.0,EXTERNAL,External sale
2025-04,DE01,Software,REV-000220,4000_REVENUE,0.0,2105153.89,EXTERNAL,External sale
2025-04,DE01,Software,COGS-000220,5000_VARIABLE_COGS,650676.71,0.0,EXTERNAL,Variable cost of sales
2025-04,DE01,Software,COGS-000220,2100_AP,0.0,650676.71,EXTERNAL,Variable cost of sales
2025-04,DE01,Software,OPEX-000220,6000_OPEX,484185.39,0.0,EXTERNAL,Operating expenses
2025-04,DE01,Software,OPEX-000220,2100_AP,0.0,484185.39,EXTERNAL,Operating expenses
2025-04,DE01,Software,CAPEX-000220,1500_PPE,21051.54,0.0,EXTERNAL,Capital expenditure
2025-04,DE01,Software,CAPEX-000220,1000_CASH,0.0,21051.54,EXTERNAL,Capital expenditure
2025-04,DE01,Software,DEP-000220,6100_DEPRECIATION,250.61,0.0,EXTERNAL,Depreciation
2025-04,DE01,Software,DEP-000220,1590_ACCUM_DEP,0.0,250.61,EXTERNAL,Depreciation
2025-04,DE01,Software,COLL-000220,1000_CASH,1726226.19,0.0,EXTERNAL,Customer collections
2025-04,DE01,Software,COLL-000220,1100_AR,0.0,1726226.19,EXTERNAL,Customer collections
2025-04,DE01,Software,PAY-000220,2100_AP,885192.44,0.0,EXTERNAL,Supplier payments
2025-04,DE01,Software,PAY-000220,1000_CASH,0.0,885192.44,EXTERNAL,Supplier payments
2025-04,US01,Software,REV-000221,1100_AR,2042793.03,0.0,EXTERNAL,External sale
2025-04,US01,Software,REV-000221,4000_REVENUE,0.0,2042793.03,EXTERNAL,External sale
2025-04,US01,Software,COGS-000221,5000_VARIABLE_COGS,606324.13,0.0,EXTERNAL,Variable cost of sales
2025-04,US01,Software,COGS-000221,2100_AP,0.0,606324.13,EXTERNAL,Variable cost of sales
2025-04,US01,Software,OPEX-000221,6000_OPEX,469842.4,0.0,EXTERNAL,Operating expenses
2025-04,US01,Software,OPEX-000221,2100_AP,0.0,469842.4,EXTERNAL,Operating expenses
2025-04,US01,Software,CAPEX-000221,1500_PPE,20427.93,0.0,EXTERNAL,Capital expenditure
2025-04,US01,Software,CAPEX-000221,1000_CASH,0.0,20427.93,EXTERNAL,Capital expenditure
2025-04,US01,Software,DEP-000221,6100_DEPRECIATION,243.19,0.0,EXTERNAL,Depreciation
2025-04,US01,Software,DEP-000221,1590_ACCUM_DEP,0.0,243.19,EXTERNAL,Depreciation
2025-04,US01,Software,COLL-000221,1000_CASH,1675090.28,0.0,EXTERNAL,Customer collections
2025-04,US01,Software,COLL-000221,1100_AR,0.0,1675090.28,EXTERNAL,Customer collections
2025-04,US01,Software,PAY-000221,2100_AP,839409.89,0.0,EXTERNAL,Supplier payments
2025-04,US01,Software,PAY-000221,1000_CASH,0.0,839409.89,EXTERNAL,Supplier payments
2025-04,JP01,Software,REV-000222,1100_AR,2217523.78,0.0,EXTERNAL,External sale
2025-04,JP01,Software,REV-000222,4000_REVENUE,0.0,2217523.78,EXTERNAL,External sale
2025-04,JP01,Software,COGS-000222,5000_VARIABLE_COGS,666547.18,0.0,EXTERNAL,Variable cost of sales
2025-04,JP01,Software,COGS-000222,2100_AP,0.0,666547.18,EXTERNAL,Variable cost of sales
2025-04,JP01,Software,OPEX-000222,6000_OPEX,510030.47,0.0,EXTERNAL,Operating expenses
2025-04,JP01,Software,OPEX-000222,2100_AP,0.0,510030.47,EXTERNAL,Operating expenses
2025-04,JP01,Software,CAPEX-000222,1500_PPE,22175.24,0.0,EXTERNAL,Capital expenditure
2025-04,JP01,Software,CAPEX-000222,1000_CASH,0.0,22175.24,EXTERNAL,Capital expenditure
2025-04,JP01,Software,DEP-000222,6100_DEPRECIATION,263.99,0.0,EXTERNAL,Depreciation
2025-04,JP01,Software,DEP-000222,1590_ACCUM_DEP,0.0,263.99,EXTERNAL,Depreciation
2025-04,JP01,Software,COLL-000222,1000_CASH,1818369.5,0.0,EXTERNAL,Customer collections
2025-04,JP01,Software,COLL-000222,1100_AR,0.0,1818369.5,EXTERNAL,Customer collections
2025-04,JP01,Software,PAY-000222,2100_AP,917730.57,0.0,EXTERNAL,Supplier payments
2025-04,JP01,Software,PAY-000222,1000_CASH,0.0,917730.57,EXTERNAL,Supplier payments
2025-04,DE01,Hardware,REV-000223,1100_AR,2598527.92,0.0,EXTERNAL,External sale
2025-04,DE01,Hardware,REV-000223,4000_REVENUE,0.0,2598527.92,EXTERNAL,External sale
2025-04,DE01,Hardware,COGS-000223,5000_VARIABLE_COGS,1652892.38,0.0,EXTERNAL,Variable cost of sales
2025-04,DE01,Hardware,COGS-000223,2100_AP,0.0,1652892.38,EXTERNAL,Variable cost of sales
2025-04,DE01,Hardware,COGS-000223,5100_FIXED_PRODUCTION,152285.2,0.0,EXTERNAL,Fixed production cost
2025-04,DE01,Hardware,COGS-000223,2100_AP,0.0,152285.2,EXTERNAL,Fixed production cost
2025-04,DE01,Hardware,OPEX-000223,6000_OPEX,285838.07,0.0,EXTERNAL,Operating expenses
2025-04,DE01,Hardware,OPEX-000223,2100_AP,0.0,285838.07,EXTERNAL,Operating expenses
2025-04,DE01,Hardware,CAPEX-000223,1500_PPE,90948.48,0.0,EXTERNAL,Capital expenditure
2025-04,DE01,Hardware,CAPEX-000223,1000_CASH,0.0,90948.48,EXTERNAL,Capital expenditure
2025-04,DE01,Hardware,DEP-000223,6100_DEPRECIATION,1082.72,0.0,EXTERNAL,Depreciation
2025-04,DE01,Hardware,DEP-000223,1590_ACCUM_DEP,0.0,1082.72,EXTERNAL,Depreciation
2025-04,DE01,Hardware,COLL-000223,1000_CASH,2130792.89,0.0,EXTERNAL,Customer collections
2025-04,DE01,Hardware,COLL-000223,1100_AR,0.0,2130792.89,EXTERNAL,Customer collections
2025-04,DE01,Hardware,PAY-000223,2100_AP,1630992.21,0.0,EXTERNAL,Supplier payments
2025-04,DE01,Hardware,PAY-000223,1000_CASH,0.0,1630992.21,EXTERNAL,Supplier payments
2025-04,ES01,Hardware,REV-000224,1100_AR,2416996.89,0.0,EXTERNAL,External sale
2025-04,ES01,Hardware,REV-000224,4000_REVENUE,0.0,2416996.89,EXTERNAL,External sale
2025-04,ES01,Hardware,COGS-000224,5000_VARIABLE_COGS,1563418.99,0.0,EXTERNAL,Variable cost of sales
2025-04,ES01,Hardware,COGS-000224,2100_AP,0.0,1563418.99,EXTERNAL,Variable cost of sales
2025-04,ES01,Hardware,COGS-000224,5100_FIXED_PRODUCTION,136672.44,0.0,EXTERNAL,Fixed production cost
2025-04,ES01,Hardware,COGS-000224,2100_AP,0.0,136672.44,EXTERNAL,Fixed production cost
2025-04,ES01,Hardware,OPEX-000224,6000_OPEX,265869.66,0.0,EXTERNAL,Operating expenses
2025-04,ES01,Hardware,OPEX-000224,2100_AP,0.0,265869.66,EXTERNAL,Operating expenses
2025-04,ES01,Hardware,CAPEX-000224,1500_PPE,84594.89,0.0,EXTERNAL,Capital expenditure
2025-04,ES01,Hardware,CAPEX-000224,1000_CASH,0.0,84594.89,EXTERNAL,Capital expenditure
2025-04,ES01,Hardware,DEP-000224,6100_DEPRECIATION,1007.08,0.0,EXTERNAL,Depreciation
2025-04,ES01,Hardware,DEP-000224,1590_ACCUM_DEP,0.0,1007.08,EXTERNAL,Depreciation
2025-04,ES01,Hardware,COLL-000224,1000_CASH,1981937.45,0.0,EXTERNAL,Customer collections
2025-04,ES01,Hardware,COLL-000224,1100_AR,0.0,1981937.45,EXTERNAL,Customer collections
2025-04,ES01,Hardware,PAY-000224,2100_AP,1533449.65,0.0,EXTERNAL,Supplier payments
2025-04,ES01,Hardware,PAY-000224,1000_CASH,0.0,1533449.65,EXTERNAL,Supplier payments
2025-04,US01,Hardware,REV-000225,1100_AR,2535381.91,0.0,EXTERNAL,External sale
2025-04,US01,Hardware,REV-000225,4000_REVENUE,0.0,2535381.91,EXTERNAL,External sale
2025-04,US01,Hardware,COGS-000225,5000_VARIABLE_COGS,1602527.46,0.0,EXTERNAL,Variable cost of sales
2025-04,US01,Hardware,COGS-000225,2100_AP,0.0,1602527.46,EXTERNAL,Variable cost of sales
2025-04,US01,Hardware,COGS-000225,5100_FIXED_PRODUCTION,186738.1,0.0,EXTERNAL,Fixed production cost
2025-04,US01,Hardware,COGS-000225,2100_AP,0.0,186738.1,EXTERNAL,Fixed production cost
2025-04,US01,Hardware,OPEX-000225,6000_OPEX,278892.01,0.0,EXTERNAL,Operating expenses
2025-04,US01,Hardware,OPEX-000225,2100_AP,0.0,278892.01,EXTERNAL,Operating expenses
2025-04,US01,Hardware,CAPEX-000225,1500_PPE,88738.37,0.0,EXTERNAL,Capital expenditure
2025-04,US01,Hardware,CAPEX-000225,1000_CASH,0.0,88738.37,EXTERNAL,Capital expenditure
2025-04,US01,Hardware,DEP-000225,6100_DEPRECIATION,1056.41,0.0,EXTERNAL,Depreciation
2025-04,US01,Hardware,DEP-000225,1590_ACCUM_DEP,0.0,1056.41,EXTERNAL,Depreciation
2025-04,US01,Hardware,COLL-000225,1000_CASH,2079013.17,0.0,EXTERNAL,Customer collections
2025-04,US01,Hardware,COLL-000225,1100_AR,0.0,2079013.17,EXTERNAL,Customer collections
2025-04,US01,Hardware,PAY-000225,2100_AP,1613162.9,0.0,EXTERNAL,Supplier payments
2025-04,US01,Hardware,PAY-000225,1000_CASH,0.0,1613162.9,EXTERNAL,Supplier payments
2025-04,JP01,Hardware,REV-000226,1100_AR,2465425.81,0.0,EXTERNAL,External sale
2025-04,JP01,Hardware,REV-000226,4000_REVENUE,0.0,2465425.81,EXTERNAL,External sale
2025-04,JP01,Hardware,COGS-000226,5000_VARIABLE_COGS,1569552.92,0.0,EXTERNAL,Variable cost of sales
2025-04,JP01,Hardware,COGS-000226,2100_AP,0.0,1569552.92,EXTERNAL,Variable cost of sales
2025-04,JP01,Hardware,COGS-000226,5100_FIXED_PRODUCTION,162762.59,0.0,EXTERNAL,Fixed production cost
2025-04,JP01,Hardware,COGS-000226,2100_AP,0.0,162762.59,EXTERNAL,Fixed production cost
2025-04,JP01,Hardware,OPEX-000226,6000_OPEX,271196.84,0.0,EXTERNAL,Operating expenses
2025-04,JP01,Hardware,OPEX-000226,2100_AP,0.0,271196.84,EXTERNAL,Operating expenses
2025-04,JP01,Hardware,CAPEX-000226,1500_PPE,86289.9,0.0,EXTERNAL,Capital expenditure
2025-04,JP01,Hardware,CAPEX-000226,1000_CASH,0.0,86289.9,EXTERNAL,Capital expenditure
2025-04,JP01,Hardware,DEP-000226,6100_DEPRECIATION,1027.26,0.0,EXTERNAL,Depreciation
2025-04,JP01,Hardware,DEP-000226,1590_ACCUM_DEP,0.0,1027.26,EXTERNAL,Depreciation
2025-04,JP01,Hardware,COLL-000226,1000_CASH,2021649.16,0.0,EXTERNAL,Customer collections
2025-04,JP01,Hardware,COLL-000226,1100_AR,0.0,2021649.16,EXTERNAL,Customer collections
2025-04,JP01,Hardware,PAY-000226,2100_AP,1562739.64,0.0,EXTERNAL,Supplier payments
2025-04,JP01,Hardware,PAY-000226,1000_CASH,0.0,1562739.64,EXTERNAL,Supplier payments
2025-04,ES01,Events,REV-000227,1100_AR,1343643.72,0.0,EXTERNAL,External sale
2025-04,ES01,Events,REV-000227,4000_REVENUE,0.0,1343643.72,EXTERNAL,External sale
2025-04,ES01,Events,COGS-000227,5000_VARIABLE_COGS,800603.72,0.0,EXTERNAL,Variable cost of sales
2025-04,ES01,Events,COGS-000227,2100_AP,0.0,800603.72,EXTERNAL,Variable cost of sales
2025-04,ES01,Events,COGS-000227,5100_FIXED_PRODUCTION,62517.52,0.0,EXTERNAL,Fixed production cost
2025-04,ES01,Events,COGS-000227,2100_AP,0.0,62517.52,EXTERNAL,Fixed production cost
2025-04,ES01,Events,OPEX-000227,6000_OPEX,228419.43,0.0,EXTERNAL,Operating expenses
2025-04,ES01,Events,OPEX-000227,2100_AP,0.0,228419.43,EXTERNAL,Operating expenses
2025-04,ES01,Events,CAPEX-000227,1500_PPE,13436.44,0.0,EXTERNAL,Capital expenditure
2025-04,ES01,Events,CAPEX-000227,1000_CASH,0.0,13436.44,EXTERNAL,Capital expenditure
2025-04,ES01,Events,DEP-000227,6100_DEPRECIATION,159.96,0.0,EXTERNAL,Depreciation
2025-04,ES01,Events,DEP-000227,1590_ACCUM_DEP,0.0,159.96,EXTERNAL,Depreciation
2025-04,ES01,Events,COLL-000227,1000_CASH,1101787.85,0.0,EXTERNAL,Customer collections
2025-04,ES01,Events,COLL-000227,1100_AR,0.0,1101787.85,EXTERNAL,Customer collections
2025-04,ES01,Events,PAY-000227,2100_AP,851401.73,0.0,EXTERNAL,Supplier payments
2025-04,ES01,Events,PAY-000227,1000_CASH,0.0,851401.73,EXTERNAL,Supplier payments
2025-04,US01,Events,REV-000228,1100_AR,1241727.54,0.0,EXTERNAL,External sale
2025-04,US01,Events,REV-000228,4000_REVENUE,0.0,1241727.54,EXTERNAL,External sale
2025-04,US01,Events,COGS-000228,5000_VARIABLE_COGS,736849.84,0.0,EXTERNAL,Variable cost of sales
2025-04,US01,Events,COGS-000228,2100_AP,0.0,736849.84,EXTERNAL,Variable cost of sales
2025-04,US01,Events,COGS-000228,5100_FIXED_PRODUCTION,61363.93,0.0,EXTERNAL,Fixed production cost
2025-04,US01,Events,COGS-000228,2100_AP,0.0,61363.93,EXTERNAL,Fixed production cost
2025-04,US01,Events,OPEX-000228,6000_OPEX,211093.68,0.0,EXTERNAL,Operating expenses
2025-04,US01,Events,OPEX-000228,2100_AP,0.0,211093.68,EXTERNAL,Operating expenses
2025-04,US01,Events,CAPEX-000228,1500_PPE,12417.28,0.0,EXTERNAL,Capital expenditure
2025-04,US01,Events,CAPEX-000228,1000_CASH,0.0,12417.28,EXTERNAL,Capital expenditure
2025-04,US01,Events,DEP-000228,6100_DEPRECIATION,147.82,0.0,EXTERNAL,Depreciation
2025-04,US01,Events,DEP-000228,1590_ACCUM_DEP,0.0,147.82,EXTERNAL,Depreciation
2025-04,US01,Events,COLL-000228,1000_CASH,1018216.58,0.0,EXTERNAL,Customer collections
2025-04,US01,Events,COLL-000228,1100_AR,0.0,1018216.58,EXTERNAL,Customer collections
2025-04,US01,Events,PAY-000228,2100_AP,787259.81,0.0,EXTERNAL,Supplier payments
2025-04,US01,Events,PAY-000228,1000_CASH,0.0,787259.81,EXTERNAL,Supplier payments
2025-04,ES01,Spare Parts,REV-000229,1100_AR,1745456.5,0.0,EXTERNAL,External sale
2025-04,ES01,Spare Parts,REV-000229,4000_REVENUE,0.0,1745456.5,EXTERNAL,External sale
2025-04,ES01,Spare Parts,COGS-000229,5000_VARIABLE_COGS,823036.07,0.0,EXTERNAL,Variable cost of sales
2025-04,ES01,Spare Parts,COGS-000229,2100_AP,0.0,823036.07,EXTERNAL,Variable cost of sales
2025-04,ES01,Spare Parts,COGS-000229,5100_FIXED_PRODUCTION,105956.2,0.0,EXTERNAL,Fixed production cost
2025-04,ES01,Spare Parts,COGS-000229,2100_AP,0.0,105956.2,EXTERNAL,Fixed production cost
2025-04,ES01,Spare Parts,OPEX-000229,6000_OPEX,209454.78,0.0,EXTERNAL,Operating expenses
2025-04,ES01,Spare Parts,OPEX-000229,2100_AP,0.0,209454.78,EXTERNAL,Operating expenses
2025-04,ES01,Spare Parts,CAPEX-000229,1500_PPE,17454.56,0.0,EXTERNAL,Capital expenditure
2025-04,ES01,Spare Parts,CAPEX-000229,1000_CASH,0.0,17454.56,EXTERNAL,Capital expenditure
2025-04,ES01,Spare Parts,DEP-000229,6100_DEPRECIATION,207.79,0.0,EXTERNAL,Depreciation
2025-04,ES01,Spare Parts,DEP-000229,1590_ACCUM_DEP,0.0,207.79,EXTERNAL,Depreciation
2025-04,ES01,Spare Parts,COLL-000229,1000_CASH,1431274.33,0.0,EXTERNAL,Customer collections
2025-04,ES01,Spare Parts,COLL-000229,1100_AR,0.0,1431274.33,EXTERNAL,Customer collections
2025-04,ES01,Spare Parts,PAY-000229,2100_AP,887988.69,0.0,EXTERNAL,Supplier payments
2025-04,ES01,Spare Parts,PAY-000229,1000_CASH,0.0,887988.69,EXTERNAL,Supplier payments
2025-04,JP01,Spare Parts,REV-000230,1100_AR,1713938.35,0.0,EXTERNAL,External sale
2025-04,JP01,Spare Parts,REV-000230,4000_REVENUE,0.0,1713938.35,EXTERNAL,External sale
2025-04,JP01,Spare Parts,COGS-000230,5000_VARIABLE_COGS,811754.41,0.0,EXTERNAL,Variable cost of sales
2025-04,JP01,Spare Parts,COGS-000230,2100_AP,0.0,811754.41,EXTERNAL,Variable cost of sales
2025-04,JP01,Spare Parts,COGS-000230,5100_FIXED_PRODUCTION,87539.46,0.0,EXTERNAL,Fixed production cost
2025-04,JP01,Spare Parts,COGS-000230,2100_AP,0.0,87539.46,EXTERNAL,Fixed production cost
2025-04,JP01,Spare Parts,OPEX-000230,6000_OPEX,205672.6,0.0,EXTERNAL,Operating expenses
2025-04,JP01,Spare Parts,OPEX-000230,2100_AP,0.0,205672.6,EXTERNAL,Operating expenses
2025-04,JP01,Spare Parts,CAPEX-000230,1500_PPE,17139.38,0.0,EXTERNAL,Capital expenditure
2025-04,JP01,Spare Parts,CAPEX-000230,1000_CASH,0.0,17139.38,EXTERNAL,Capital expenditure
2025-04,JP01,Spare Parts,DEP-000230,6100_DEPRECIATION,204.04,0.0,EXTERNAL,Depreciation
2025-04,JP01,Spare Parts,DEP-000230,1590_ACCUM_DEP,0.0,204.04,EXTERNAL,Depreciation
2025-04,JP01,Spare Parts,COLL-000230,1000_CASH,1405429.45,0.0,EXTERNAL,Customer collections
2025-04,JP01,Spare Parts,COLL-000230,1100_AR,0.0,1405429.45,EXTERNAL,Customer collections
2025-04,JP01,Spare Parts,PAY-000230,2100_AP,861873.85,0.0,EXTERNAL,Supplier payments
2025-04,JP01,Spare Parts,PAY-000230,1000_CASH,0.0,861873.85,EXTERNAL,Supplier payments
2025-05,DE01,Software,REV-000231,1100_AR,2176867.48,0.0,EXTERNAL,External sale
2025-05,DE01,Software,REV-000231,4000_REVENUE,0.0,2176867.48,EXTERNAL,External sale
2025-05,DE01,Software,COGS-000231,5000_VARIABLE_COGS,635679.27,0.0,EXTERNAL,Variable cost of sales
2025-05,DE01,Software,COGS-000231,2100_AP,0.0,635679.27,EXTERNAL,Variable cost of sales
2025-05,DE01,Software,OPEX-000231,6000_OPEX,500679.52,0.0,EXTERNAL,Operating expenses
2025-05,DE01,Software,OPEX-000231,2100_AP,0.0,500679.52,EXTERNAL,Operating expenses
2025-05,DE01,Software,CAPEX-000231,1500_PPE,21768.67,0.0,EXTERNAL,Capital expenditure
2025-05,DE01,Software,CAPEX-000231,1000_CASH,0.0,21768.67,EXTERNAL,Capital expenditure
2025-05,DE01,Software,DEP-000231,6100_DEPRECIATION,259.15,0.0,EXTERNAL,Depreciation
2025-05,DE01,Software,DEP-000231,1590_ACCUM_DEP,0.0,259.15,EXTERNAL,Depreciation
2025-05,DE01,Software,COLL-000231,1000_CASH,1785031.33,0.0,EXTERNAL,Customer collections
2025-05,DE01,Software,COLL-000231,1100_AR,0.0,1785031.33,EXTERNAL,Customer collections
2025-05,DE01,Software,PAY-000231,2100_AP,886359.85,0.0,EXTERNAL,Supplier payments
2025-05,DE01,Software,PAY-000231,1000_CASH,0.0,886359.85,EXTERNAL,Supplier payments
2025-05,US01,Software,REV-000232,1100_AR,2282415.76,0.0,EXTERNAL,External sale
2025-05,US01,Software,REV-000232,4000_REVENUE,0.0,2282415.76,EXTERNAL,External sale
2025-05,US01,Software,COGS-000232,5000_VARIABLE_COGS,669903.69,0.0,EXTERNAL,Variable cost of sales
2025-05,US01,Software,COGS-000232,2100_AP,0.0,669903.69,EXTERNAL,Variable cost of sales
2025-05,US01,Software,OPEX-000232,6000_OPEX,524955.62,0.0,EXTERNAL,Operating expenses
2025-05,US01,Software,OPEX-000232,2100_AP,0.0,524955.62,EXTERNAL,Operating expenses
2025-05,US01,Software,CAPEX-000232,1500_PPE,22824.16,0.0,EXTERNAL,Capital expenditure
2025-05,US01,Software,CAPEX-000232,1000_CASH,0.0,22824.16,EXTERNAL,Capital expenditure
2025-05,US01,Software,DEP-000232,6100_DEPRECIATION,271.72,0.0,EXTERNAL,Depreciation
2025-05,US01,Software,DEP-000232,1590_ACCUM_DEP,0.0,271.72,EXTERNAL,Depreciation
2025-05,US01,Software,COLL-000232,1000_CASH,1871580.92,0.0,EXTERNAL,Customer collections
2025-05,US01,Software,COLL-000232,1100_AR,0.0,1871580.92,EXTERNAL,Customer collections
2025-05,US01,Software,PAY-000232,2100_AP,931990.27,0.0,EXTERNAL,Supplier payments
2025-05,US01,Software,PAY-000232,1000_CASH,0.0,931990.27,EXTERNAL,Supplier payments
2025-05,JP01,Software,REV-000233,1100_AR,2133847.89,0.0,EXTERNAL,External sale
2025-05,JP01,Software,REV-000233,4000_REVENUE,0.0,2133847.89,EXTERNAL,External sale
2025-05,JP01,Software,COGS-000233,5000_VARIABLE_COGS,632394.64,0.0,EXTERNAL,Variable cost of sales
2025-05,JP01,Software,COGS-000233,2100_AP,0.0,632394.64,EXTERNAL,Variable cost of sales
2025-05,JP01,Software,OPEX-000233,6000_OPEX,490785.01,0.0,EXTERNAL,Operating expenses
2025-05,JP01,Software,OPEX-000233,2100_AP,0.0,490785.01,EXTERNAL,Operating expenses
2025-05,JP01,Software,CAPEX-000233,1500_PPE,21338.48,0.0,EXTERNAL,Capital expenditure
2025-05,JP01,Software,CAPEX-000233,1000_CASH,0.0,21338.48,EXTERNAL,Capital expenditure
2025-05,JP01,Software,DEP-000233,6100_DEPRECIATION,254.03,0.0,EXTERNAL,Depreciation
2025-05,JP01,Software,DEP-000233,1590_ACCUM_DEP,0.0,254.03,EXTERNAL,Depreciation
2025-05,JP01,Software,COLL-000233,1000_CASH,1749755.27,0.0,EXTERNAL,Customer collections
2025-05,JP01,Software,COLL-000233,1100_AR,0.0,1749755.27,EXTERNAL,Customer collections
2025-05,JP01,Software,PAY-000233,2100_AP,876080.13,0.0,EXTERNAL,Supplier payments
2025-05,JP01,Software,PAY-000233,1000_CASH,0.0,876080.13,EXTERNAL,Supplier payments
2025-05,DE01,Hardware,REV-000234,1100_AR,2547392.02,0.0,EXTERNAL,External sale
2025-05,DE01,Hardware,REV-000234,4000_REVENUE,0.0,2547392.02,EXTERNAL,External sale
2025-05,DE01,Hardware,COGS-000234,5000_VARIABLE_COGS,1587226.86,0.0,EXTERNAL,Variable cost of sales
2025-05,DE01,Hardware,COGS-000234,2100_AP,0.0,1587226.86,EXTERNAL,Variable cost of sales
2025-05,DE01,Hardware,COGS-000234,5100_FIXED_PRODUCTION,193069.12,0.0,EXTERNAL,Fixed production cost
2025-05,DE01,Hardware,COGS-000234,2100_AP,0.0,193069.12,EXTERNAL,Fixed production cost
2025-05,DE01,Hardware,OPEX-000234,6000_OPEX,280213.12,0.0,EXTERNAL,Operating expenses
2025-05,DE01,Hardware,OPEX-000234,2100_AP,0.0,280213.12,EXTERNAL,Operating expenses
2025-05,DE01,Hardware,CAPEX-000234,1500_PPE,89158.72,0.0,EXTERNAL,Capital expenditure
2025-05,DE01,Hardware,CAPEX-000234,1000_CASH,0.0,89158.72,EXTERNAL,Capital expenditure
2025-05,DE01,Hardware,DEP-000234,6100_DEPRECIATION,1061.41,0.0,EXTERNAL,Depreciation
2025-05,DE01,Hardware,DEP-000234,1590_ACCUM_DEP,0.0,1061.41,EXTERNAL,Depreciation
2025-05,DE01,Hardware,COLL-000234,1000_CASH,2088861.46,0.0,EXTERNAL,Customer collections
2025-05,DE01,Hardware,COLL-000234,1100_AR,0.0,2088861.46,EXTERNAL,Customer collections
2025-05,DE01,Hardware,PAY-000234,2100_AP,1607197.1,0.0,EXTERNAL,Supplier payments
2025-05,DE01,Hardware,PAY-000234,1000_CASH,0.0,1607197.1,EXTERNAL,Supplier payments
2025-05,ES01,Hardware,REV-000235,1100_AR,2615280.87,0.0,EXTERNAL,External sale
2025-05,ES01,Hardware,REV-000235,4000_REVENUE,0.0,2615280.87,EXTERNAL,External sale
2025-05,ES01,Hardware,COGS-000235,5000_VARIABLE_COGS,1651987.49,0.0,EXTERNAL,Variable cost of sales
2025-05,ES01,Hardware,COGS-000235,2100_AP,0.0,1651987.49,EXTERNAL,Variable cost of sales
2025-05,ES01,Hardware,COGS-000235,5100_FIXED_PRODUCTION,198507.86,0.0,EXTERNAL,Fixed production cost
2025-05,ES01,Hardware,COGS-000235,2100_AP,0.0,198507.86,EXTERNAL,Fixed production cost
2025-05,ES01,Hardware,OPEX-000235,6000_OPEX,287680.9,0.0,EXTERNAL,Operating expenses
2025-05,ES01,Hardware,OPEX-000235,2100_AP,0.0,287680.9,EXTERNAL,Operating expenses
2025-05,ES01,Hardware,CAPEX-000235,1500_PPE,91534.83,0.0,EXTERNAL,Capital expenditure
2025-05,ES01,Hardware,CAPEX-000235,1000_CASH,0.0,91534.83,EXTERNAL,Capital expenditure
2025-05,ES01,Hardware,DEP-000235,6100_DEPRECIATION,1089.7,0.0,EXTERNAL,Depreciation
2025-05,ES01,Hardware,DEP-000235,1590_ACCUM_DEP,0.0,1089.7,EXTERNAL,Depreciation
2025-05,ES01,Hardware,COLL-000235,1000_CASH,2144530.31,0.0,EXTERNAL,Customer collections
2025-05,ES01,Hardware,COLL-000235,1100_AR,0.0,2144530.31,EXTERNAL,Customer collections
2025-05,ES01,Hardware,PAY-000235,2100_AP,1667777.47,0.0,EXTERNAL,Supplier payments
2025-05,ES01,Hardware,PAY-000235,1000_CASH,0.0,1667777.47,EXTERNAL,Supplier payments
2025-05,US01,Hardware,REV-000236,1100_AR,2728234.34,0.0,EXTERNAL,External sale
2025-05,US01,Hardware,REV-000236,4000_REVENUE,0.0,2728234.34,EXTERNAL,External sale
2025-05,US01,Hardware,COGS-000236,5000_VARIABLE_COGS,1669023.44,0.0,EXTERNAL,Variable cost of sales
2025-05,US01,Hardware,COGS-000236,2100_AP,0.0,1669023.44,EXTERNAL,Variable cost of sales
2025-05,US01,Hardware,COGS-000236,5100_FIXED_PRODUCTION,259004.78,0.0,EXTERNAL,Fixed production cost
2025-05,US01,Hardware,COGS-000236,2100_AP,0.0,259004.78,EXTERNAL,Fixed production cost
2025-05,US01,Hardware,OPEX-000236,6000_OPEX,300105.78,0.0,EXTERNAL,Operating expenses
2025-05,US01,Hardware,OPEX-000236,2100_AP,0.0,300105.78,EXTERNAL,Operating expenses
2025-05,US01,Hardware,CAPEX-000236,1500_PPE,95488.2,0.0,EXTERNAL,Capital expenditure
2025-05,US01,Hardware,CAPEX-000236,1000_CASH,0.0,95488.2,EXTERNAL,Capital expenditure
2025-05,US01,Hardware,DEP-000236,6100_DEPRECIATION,1136.76,0.0,EXTERNAL,Depreciation
2025-05,US01,Hardware,DEP-000236,1590_ACCUM_DEP,0.0,1136.76,EXTERNAL,Depreciation
2025-05,US01,Hardware,COLL-000236,1000_CASH,2237152.16,0.0,EXTERNAL,Customer collections
2025-05,US01,Hardware,COLL-000236,1100_AR,0.0,2237152.16,EXTERNAL,Customer collections
2025-05,US01,Hardware,PAY-000236,2100_AP,1737944.52,0.0,EXTERNAL,Supplier payments
2025-05,US01,Hardware,PAY-000236,1000_CASH,0.0,1737944.52,EXTERNAL,Supplier payments
2025-05,JP01,Hardware,REV-000237,1100_AR,2484750.84,0.0,EXTERNAL,External sale
2025-05,JP01,Hardware,REV-000237,4000_REVENUE,0.0,2484750.84,EXTERNAL,External sale
2025-05,JP01,Hardware,COGS-000237,5000_VARIABLE_COGS,1598561.61,0.0,EXTERNAL,Variable cost of sales
2025-05,JP01,Hardware,COGS-000237,2100_AP,0.0,1598561.61,EXTERNAL,Variable cost of sales
2025-05,JP01,Hardware,COGS-000237,5100_FIXED_PRODUCTION,185131.43,0.0,EXTERNAL,Fixed production cost
2025-05,JP01,Hardware,COGS-000237,2100_AP,0.0,185131.43,EXTERNAL,Fixed production cost
2025-05,JP01,Hardware,OPEX-000237,6000_OPEX,273322.59,0.0,EXTERNAL,Operating expenses
2025-05,JP01,Hardware,OPEX-000237,2100_AP,0.0,273322.59,EXTERNAL,Operating expenses
2025-05,JP01,Hardware,CAPEX-000237,1500_PPE,86966.28,0.0,EXTERNAL,Capital expenditure
2025-05,JP01,Hardware,CAPEX-000237,1000_CASH,0.0,86966.28,EXTERNAL,Capital expenditure
2025-05,JP01,Hardware,DEP-000237,6100_DEPRECIATION,1035.31,0.0,EXTERNAL,Depreciation
2025-05,JP01,Hardware,DEP-000237,1590_ACCUM_DEP,0.0,1035.31,EXTERNAL,Depreciation
2025-05,JP01,Hardware,COLL-000237,1000_CASH,2037495.69,0.0,EXTERNAL,Customer collections
2025-05,JP01,Hardware,COLL-000237,1100_AR,0.0,2037495.69,EXTERNAL,Customer collections
2025-05,JP01,Hardware,PAY-000237,2100_AP,1604472.19,0.0,EXTERNAL,Supplier payments
2025-05,JP01,Hardware,PAY-000237,1000_CASH,0.0,1604472.19,EXTERNAL,Supplier payments
2025-05,ES01,Events,REV-000238,1100_AR,1323898.09,0.0,EXTERNAL,External sale
2025-05,ES01,Events,REV-000238,4000_REVENUE,0.0,1323898.09,EXTERNAL,External sale
2025-05,ES01,Events,COGS-000238,5000_VARIABLE_COGS,793381.4,0.0,EXTERNAL,Variable cost of sales
2025-05,ES01,Events,COGS-000238,2100_AP,0.0,793381.4,EXTERNAL,Variable cost of sales
2025-05,ES01,Events,COGS-000238,5100_FIXED_PRODUCTION,50690.02,0.0,EXTERNAL,Fixed production cost
2025-05,ES01,Events,COGS-000238,2100_AP,0.0,50690.02,EXTERNAL,Fixed production cost
2025-05,ES01,Events,OPEX-000238,6000_OPEX,225062.68,0.0,EXTERNAL,Operating expenses
2025-05,ES01,Events,OPEX-000238,2100_AP,0.0,225062.68,EXTERNAL,Operating expenses
2025-05,ES01,Events,CAPEX-000238,1500_PPE,13238.98,0.0,EXTERNAL,Capital expenditure
2025-05,ES01,Events,CAPEX-000238,1000_CASH,0.0,13238.98,EXTERNAL,Capital expenditure
2025-05,ES01,Events,DEP-000238,6100_DEPRECIATION,157.61,0.0,EXTERNAL,Depreciation
2025-05,ES01,Events,DEP-000238,1590_ACCUM_DEP,0.0,157.61,EXTERNAL,Depreciation
2025-05,ES01,Events,COLL-000238,1000_CASH,1085596.43,0.0,EXTERNAL,Customer collections
2025-05,ES01,Events,COLL-000238,1100_AR,0.0,1085596.43,EXTERNAL,Customer collections
2025-05,ES01,Events,PAY-000238,2100_AP,833924.59,0.0,EXTERNAL,Supplier payments
2025-05,ES01,Events,PAY-000238,1000_CASH,0.0,833924.59,EXTERNAL,Supplier payments
2025-05,US01,Events,REV-000239,1100_AR,1383531.3,0.0,EXTERNAL,External sale
2025-05,US01,Events,REV-000239,4000_REVENUE,0.0,1383531.3,EXTERNAL,External sale
2025-05,US01,Events,COGS-000239,5000_VARIABLE_COGS,810644.39,0.0,EXTERNAL,Variable cost of sales
2025-05,US01,Events,COGS-000239,2100_AP,0.0,810644.39,EXTERNAL,Variable cost of sales
2025-05,US01,Events,COGS-000239,5100_FIXED_PRODUCTION,50445.22,0.0,EXTERNAL,Fixed production cost
2025-05,US01,Events,COGS-000239,2100_AP,0.0,50445.22,EXTERNAL,Fixed production cost
2025-05,US01,Events,OPEX-000239,6000_OPEX,235200.32,0.0,EXTERNAL,Operating expenses
2025-05,US01,Events,OPEX-000239,2100_AP,0.0,235200.32,EXTERNAL,Operating expenses
2025-05,US01,Events,CAPEX-000239,1500_PPE,13835.31,0.0,EXTERNAL,Capital expenditure
2025-05,US01,Events,CAPEX-000239,1000_CASH,0.0,13835.31,EXTERNAL,Capital expenditure
2025-05,US01,Events,DEP-000239,6100_DEPRECIATION,164.71,0.0,EXTERNAL,Depreciation
2025-05,US01,Events,DEP-000239,1590_ACCUM_DEP,0.0,164.71,EXTERNAL,Depreciation
2025-05,US01,Events,COLL-000239,1000_CASH,1134495.67,0.0,EXTERNAL,Customer collections
2025-05,US01,Events,COLL-000239,1100_AR,0.0,1134495.67,EXTERNAL,Customer collections
2025-05,US01,Events,PAY-000239,2100_AP,855106.15,0.0,EXTERNAL,Supplier payments
2025-05,US01,Events,PAY-000239,1000_CASH,0.0,855106.15,EXTERNAL,Supplier payments
2025-05,ES01,Spare Parts,REV-000240,1100_AR,1763350.52,0.0,EXTERNAL,External sale
2025-05,ES01,Spare Parts,REV-000240,4000_REVENUE,0.0,1763350.52,EXTERNAL,External sale
2025-05,ES01,Spare Parts,COGS-000240,5000_VARIABLE_COGS,801879.54,0.0,EXTERNAL,Variable cost of sales
2025-05,ES01,Spare Parts,COGS-000240,2100_AP,0.0,801879.54,EXTERNAL,Variable cost of sales
2025-05,ES01,Spare Parts,COGS-000240,5100_FIXED_PRODUCTION,103953.23,0.0,EXTERNAL,Fixed production cost
2025-05,ES01,Spare Parts,COGS-000240,2100_AP,0.0,103953.23,EXTERNAL,Fixed production cost
2025-05,ES01,Spare Parts,OPEX-000240,6000_OPEX,211602.06,0.0,EXTERNAL,Operating expenses
2025-05,ES01,Spare Parts,OPEX-000240,2100_AP,0.0,211602.06,EXTERNAL,Operating expenses
2025-05,ES01,Spare Parts,CAPEX-000240,1500_PPE,17633.51,0.0,EXTERNAL,Capital expenditure
2025-05,ES01,Spare Parts,CAPEX-000240,1000_CASH,0.0,17633.51,EXTERNAL,Capital expenditure
2025-05,ES01,Spare Parts,DEP-000240,6100_DEPRECIATION,209.92,0.0,EXTERNAL,Depreciation
2025-05,ES01,Spare Parts,DEP-000240,1590_ACCUM_DEP,0.0,209.92,EXTERNAL,Depreciation
2025-05,ES01,Spare Parts,COLL-000240,1000_CASH,1445947.43,0.0,EXTERNAL,Customer collections
2025-05,ES01,Spare Parts,COLL-000240,1100_AR,0.0,1445947.43,EXTERNAL,Customer collections
2025-05,ES01,Spare Parts,PAY-000240,2100_AP,871599.17,0.0,EXTERNAL,Supplier payments
2025-05,ES01,Spare Parts,PAY-000240,1000_CASH,0.0,871599.17,EXTERNAL,Supplier payments
2025-05,JP01,Spare Parts,REV-000241,1100_AR,1797049.5,0.0,EXTERNAL,External sale
2025-05,JP01,Spare Parts,REV-000241,4000_REVENUE,0.0,1797049.5,EXTERNAL,External sale
2025-05,JP01,Spare Parts,COGS-000241,5000_VARIABLE_COGS,830576.7,0.0,EXTERNAL,Variable cost of sales
2025-05,JP01,Spare Parts,COGS-000241,2100_AP,0.0,830576.7,EXTERNAL,Variable cost of sales
2025-05,JP01,Spare Parts,COGS-000241,5100_FIXED_PRODUCTION,80132.03,0.0,EXTERNAL,Fixed production cost
2025-05,JP01,Spare Parts,COGS-000241,2100_AP,0.0,80132.03,EXTERNAL,Fixed production cost
2025-05,JP01,Spare Parts,OPEX-000241,6000_OPEX,215645.94,0.0,EXTERNAL,Operating expenses
2025-05,JP01,Spare Parts,OPEX-000241,2100_AP,0.0,215645.94,EXTERNAL,Operating expenses
2025-05,JP01,Spare Parts,CAPEX-000241,1500_PPE,17970.49,0.0,EXTERNAL,Capital expenditure
2025-05,JP01,Spare Parts,CAPEX-000241,1000_CASH,0.0,17970.49,EXTERNAL,Capital expenditure
2025-05,JP01,Spare Parts,DEP-000241,6100_DEPRECIATION,213.93,0.0,EXTERNAL,Depreciation
2025-05,JP01,Spare Parts,DEP-000241,1590_ACCUM_DEP,0.0,213.93,EXTERNAL,Depreciation
2025-05,JP01,Spare Parts,COLL-000241,1000_CASH,1473580.59,0.0,EXTERNAL,Customer collections
2025-05,JP01,Spare Parts,COLL-000241,1100_AR,0.0,1473580.59,EXTERNAL,Customer collections
2025-05,JP01,Spare Parts,PAY-000241,2100_AP,878556.64,0.0,EXTERNAL,Supplier payments
2025-05,JP01,Spare Parts,PAY-000241,1000_CASH,0.0,878556.64,EXTERNAL,Supplier payments
2025-06,DE01,Software,REV-000242,1100_AR,2242959.51,0.0,EXTERNAL,External sale
2025-06,DE01,Software,REV-000242,4000_REVENUE,0.0,2242959.51,EXTERNAL,External sale
2025-06,DE01,Software,COGS-000242,5000_VARIABLE_COGS,662467.38,0.0,EXTERNAL,Variable cost of sales
2025-06,DE01,Software,COGS-000242,2100_AP,0.0,662467.38,EXTERNAL,Variable cost of sales
2025-06,DE01,Software,OPEX-000242,6000_OPEX,515880.69,0.0,EXTERNAL,Operating expenses
2025-06,DE01,Software,OPEX-000242,2100_AP,0.0,515880.69,EXTERNAL,Operating expenses
2025-06,DE01,Software,CAPEX-000242,1500_PPE,22429.6,0.0,EXTERNAL,Capital expenditure
2025-06,DE01,Software,CAPEX-000242,1000_CASH,0.0,22429.6,EXTERNAL,Capital expenditure
2025-06,DE01,Software,DEP-000242,6100_DEPRECIATION,267.02,0.0,EXTERNAL,Depreciation
2025-06,DE01,Software,DEP-000242,1590_ACCUM_DEP,0.0,267.02,EXTERNAL,Depreciation
2025-06,DE01,Software,COLL-000242,1000_CASH,1839226.8,0.0,EXTERNAL,Customer collections
2025-06,DE01,Software,COLL-000242,1100_AR,0.0,1839226.8,EXTERNAL,Customer collections
2025-06,DE01,Software,PAY-000242,2100_AP,919111.49,0.0,EXTERNAL,Supplier payments
2025-06,DE01,Software,PAY-000242,1000_CASH,0.0,919111.49,EXTERNAL,Supplier payments
2025-06,US01,Software,REV-000243,1100_AR,2312556.76,0.0,EXTERNAL,External sale
2025-06,US01,Software,REV-000243,4000_REVENUE,0.0,2312556.76,EXTERNAL,External sale
2025-06,US01,Software,COGS-000243,5000_VARIABLE_COGS,642343.05,0.0,EXTERNAL,Variable cost of sales
2025-06,US01,Software,COGS-000243,2100_AP,0.0,642343.05,EXTERNAL,Variable cost of sales
2025-06,US01,Software,OPEX-000243,6000_OPEX,531888.05,0.0,EXTERNAL,Operating expenses
2025-06,US01,Software,OPEX-000243,2100_AP,0.0,531888.05,EXTERNAL,Operating expenses
2025-06,US01,Software,CAPEX-000243,1500_PPE,23125.57,0.0,EXTERNAL,Capital expenditure
2025-06,US01,Software,CAPEX-000243,1000_CASH,0.0,23125.57,EXTERNAL,Capital expenditure
2025-06,US01,Software,DEP-000243,6100_DEPRECIATION,275.3,0.0,EXTERNAL,Depreciation
2025-06,US01,Software,DEP-000243,1590_ACCUM_DEP,0.0,275.3,EXTERNAL,Depreciation
2025-06,US01,Software,COLL-000243,1000_CASH,1896296.54,0.0,EXTERNAL,Customer collections
2025-06,US01,Software,COLL-000243,1100_AR,0.0,1896296.54,EXTERNAL,Customer collections
2025-06,US01,Software,PAY-000243,2100_AP,915900.26,0.0,EXTERNAL,Supplier payments
2025-06,US01,Software,PAY-000243,1000_CASH,0.0,915900.26,EXTERNAL,Supplier payments
2025-06,JP01,Software,REV-000244,1100_AR,2370505.9,0.0,EXTERNAL,External sale
2025-06,JP01,Software,REV-000244,4000_REVENUE,0.0,2370505.9,EXTERNAL,External sale
2025-06,JP01,Software,COGS-000244,5000_VARIABLE_COGS,702006.96,0.0,EXTERNAL,Variable cost of sales
2025-06,JP01,Software,COGS-000244,2100_AP,0.0,702006.96,EXTERNAL,Variable cost of sales
2025-06,JP01,Software,OPEX-000244,6000_OPEX,545216.36,0.0,EXTERNAL,Operating expenses
2025-06,JP01,Software,OPEX-000244,2100_AP,0.0,545216.36,EXTERNAL,Operating expenses
2025-06,JP01,Software,CAPEX-000244,1500_PPE,23705.06,0.0,EXTERNAL,Capital expenditure
2025-06,JP01,Software,CAPEX-000244,1000_CASH,0.0,23705.06,EXTERNAL,Capital expenditure
2025-06,JP01,Software,DEP-000244,6100_DEPRECIATION,282.2,0.0,EXTERNAL,Depreciation
2025-06,JP01,Software,DEP-000244,1590_ACCUM_DEP,0.0,282.2,EXTERNAL,Depreciation
2025-06,JP01,Software,COLL-000244,1000_CASH,1943814.84,0.0,EXTERNAL,Customer collections
2025-06,JP01,Software,COLL-000244,1100_AR,0.0,1943814.84,EXTERNAL,Customer collections
2025-06,JP01,Software,PAY-000244,2100_AP,972834.19,0.0,EXTERNAL,Supplier payments
2025-06,JP01,Software,PAY-000244,1000_CASH,0.0,972834.19,EXTERNAL,Supplier payments
2025-06,DE01,Hardware,REV-000245,1100_AR,2711585.79,0.0,EXTERNAL,External sale
2025-06,DE01,Hardware,REV-000245,4000_REVENUE,0.0,2711585.79,EXTERNAL,External sale
2025-06,DE01,Hardware,COGS-000245,5000_VARIABLE_COGS,1669246.34,0.0,EXTERNAL,Variable cost of sales
2025-06,DE01,Hardware,COGS-000245,2100_AP,0.0,1669246.34,EXTERNAL,Variable cost of sales
2025-06,DE01,Hardware,COGS-000245,5100_FIXED_PRODUCTION,255588.11,0.0,EXTERNAL,Fixed production cost
2025-06,DE01,Hardware,COGS-000245,2100_AP,0.0,255588.11,EXTERNAL,Fixed production cost
2025-06,DE01,Hardware,OPEX-000245,6000_OPEX,298274.44,0.0,EXTERNAL,Operating expenses
2025-06,DE01,Hardware,OPEX-000245,2100_AP,0.0,298274.44,EXTERNAL,Operating expenses
2025-06,DE01,Hardware,CAPEX-000245,1500_PPE,94905.5,0.0,EXTERNAL,Capital expenditure
2025-06,DE01,Hardware,CAPEX-000245,1000_CASH,0.0,94905.5,EXTERNAL,Capital expenditure
2025-06,DE01,Hardware,DEP-000245,6100_DEPRECIATION,1129.83,0.0,EXTERNAL,Depreciation
2025-06,DE01,Hardware,DEP-000245,1590_ACCUM_DEP,0.0,1129.83,EXTERNAL,Depreciation
2025-06,DE01,Hardware,COLL-000245,1000_CASH,2223500.35,0.0,EXTERNAL,Customer collections
2025-06,DE01,Hardware,COLL-000245,1100_AR,0.0,2223500.35,EXTERNAL,Customer collections
2025-06,DE01,Hardware,PAY-000245,2100_AP,1734024.93,0.0,EXTERNAL,Supplier payments
2025-06,DE01,Hardware,PAY-000245,1000_CASH,0.0,1734024.93,EXTERNAL,Supplier payments
2025-06,ES01,Hardware,REV-000246,1100_AR,2732449.38,0.0,EXTERNAL,External sale
2025-06,ES01,Hardware,REV-000246,4000_REVENUE,0.0,2732449.38,EXTERNAL,External sale
2025-06,ES01,Hardware,COGS-000246,5000_VARIABLE_COGS,1718335.4,0.0,EXTERNAL,Variable cost of sales
2025-06,ES01,Hardware,COGS-000246,2100_AP,0.0,1718335.4,EXTERNAL,Variable cost of sales
2025-06,ES01,Hardware,COGS-000246,5100_FIXED_PRODUCTION,179062.48,0.0,EXTERNAL,Fixed production cost
2025-06,ES01,Hardware,COGS-000246,2100_AP,0.0,179062.48,EXTERNAL,Fixed production cost
2025-06,ES01,Hardware,OPEX-000246,6000_OPEX,300569.43,0.0,EXTERNAL,Operating expenses
2025-06,ES01,Hardware,OPEX-000246,2100_AP,0.0,300569.43,EXTERNAL,Operating expenses
2025-06,ES01,Hardware,CAPEX-000246,1500_PPE,95635.73,0.0,EXTERNAL,Capital expenditure
2025-06,ES01,Hardware,CAPEX-000246,1000_CASH,0.0,95635.73,EXTERNAL,Capital expenditure
2025-06,ES01,Hardware,DEP-000246,6100_DEPRECIATION,1138.52,0.0,EXTERNAL,Depreciation
2025-06,ES01,Hardware,DEP-000246,1590_ACCUM_DEP,0.0,1138.52,EXTERNAL,Depreciation
2025-06,ES01,Hardware,COLL-000246,1000_CASH,2240608.49,0.0,EXTERNAL,Customer collections
2025-06,ES01,Hardware,COLL-000246,1100_AR,0.0,2240608.49,EXTERNAL,Customer collections
2025-06,ES01,Hardware,PAY-000246,2100_AP,1714414.5,0.0,EXTERNAL,Supplier payments
2025-06,ES01,Hardware,PAY-000246,1000_CASH,0.0,1714414.5,EXTERNAL,Supplier payments
2025-06,US01,Hardware,REV-000247,1100_AR,2664403.71,0.0,EXTERNAL,External sale
2025-06,US01,Hardware,REV-000247,4000_REVENUE,0.0,2664403.71,EXTERNAL,External sale
2025-06,US01,Hardware,COGS-000247,5000_VARIABLE_COGS,1630914.36,0.0,EXTERNAL,Variable cost of sales
2025-06,US01,Hardware,COGS-000247,2100_AP,0.0,1630914.36,EXTERNAL,Variable cost of sales
2025-06,US01,Hardware,COGS-000247,5100_FIXED_PRODUCTION,235332.34,0.0,EXTERNAL,Fixed production cost
2025-06,US01,Hardware,COGS-000247,2100_AP,0.0,235332.34,EXTERNAL,Fixed production cost
2025-06,US01,Hardware,OPEX-000247,6000_OPEX,293084.41,0.0,EXTERNAL,Operating expenses
2025-06,US01,Hardware,OPEX-000247,2100_AP,0.0,293084.41,EXTERNAL,Operating expenses
2025-06,US01,Hardware,CAPEX-000247,1500_PPE,93254.13,0.0,EXTERNAL,Capital expenditure
2025-06,US01,Hardware,CAPEX-000247,1000_CASH,0.0,93254.13,EXTERNAL,Capital expenditure
2025-06,US01,Hardware,DEP-000247,6100_DEPRECIATION,1110.17,0.0,EXTERNAL,Depreciation
2025-06,US01,Hardware,DEP-000247,1590_ACCUM_DEP,0.0,1110.17,EXTERNAL,Depreciation
2025-06,US01,Hardware,COLL-000247,1000_CASH,2184811.04,0.0,EXTERNAL,Customer collections
2025-06,US01,Hardware,COLL-000247,1100_AR,0.0,2184811.04,EXTERNAL,Customer collections
2025-06,US01,Hardware,PAY-000247,2100_AP,1684278.26,0.0,EXTERNAL,Supplier payments
2025-06,US01,Hardware,PAY-000247,1000_CASH,0.0,1684278.26,EXTERNAL,Supplier payments
2025-06,JP01,Hardware,REV-000248,1100_AR,2613082.81,0.0,EXTERNAL,External sale
2025-06,JP01,Hardware,REV-000248,4000_REVENUE,0.0,2613082.81,EXTERNAL,External sale
2025-06,JP01,Hardware,COGS-000248,5000_VARIABLE_COGS,1706426.31,0.0,EXTERNAL,Variable cost of sales
2025-06,JP01,Hardware,COGS-000248,2100_AP,0.0,1706426.31,EXTERNAL,Variable cost of sales
2025-06,JP01,Hardware,COGS-000248,5100_FIXED_PRODUCTION,107615.89,0.0,EXTERNAL,Fixed production cost
2025-06,JP01,Hardware,COGS-000248,2100_AP,0.0,107615.89,EXTERNAL,Fixed production cost
2025-06,JP01,Hardware,OPEX-000248,6000_OPEX,287439.11,0.0,EXTERNAL,Operating expenses
2025-06,JP01,Hardware,OPEX-000248,2100_AP,0.0,287439.11,EXTERNAL,Operating expenses
2025-06,JP01,Hardware,CAPEX-000248,1500_PPE,91457.9,0.0,EXTERNAL,Capital expenditure
2025-06,JP01,Hardware,CAPEX-000248,1000_CASH,0.0,91457.9,EXTERNAL,Capital expenditure
2025-06,JP01,Hardware,DEP-000248,6100_DEPRECIATION,1088.78,0.0,EXTERNAL,Depreciation
2025-06,JP01,Hardware,DEP-000248,1590_ACCUM_DEP,0.0,1088.78,EXTERNAL,Depreciation
2025-06,JP01,Hardware,COLL-000248,1000_CASH,2142727.9,0.0,EXTERNAL,Customer collections
2025-06,JP01,Hardware,COLL-000248,1100_AR,0.0,2142727.9,EXTERNAL,Customer collections
2025-06,JP01,Hardware,PAY-000248,2100_AP,1639155.42,0.0,EXTERNAL,Supplier payments
2025-06,JP01,Hardware,PAY-000248,1000_CASH,0.0,1639155.42,EXTERNAL,Supplier payments
2025-06,ES01,Events,REV-000249,1100_AR,1369082.7,0.0,EXTERNAL,External sale
2025-06,ES01,Events,REV-000249,4000_REVENUE,0.0,1369082.7,EXTERNAL,External sale
2025-06,ES01,Events,COGS-000249,5000_VARIABLE_COGS,803523.59,0.0,EXTERNAL,Variable cost of sales
2025-06,ES01,Events,COGS-000249,2100_AP,0.0,803523.59,EXTERNAL,Variable cost of sales
2025-06,ES01,Events,COGS-000249,5100_FIXED_PRODUCTION,82102.81,0.0,EXTERNAL,Fixed production cost
2025-06,ES01,Events,COGS-000249,2100_AP,0.0,82102.81,EXTERNAL,Fixed production cost
2025-06,ES01,Events,OPEX-000249,6000_OPEX,232744.06,0.0,EXTERNAL,Operating expenses
2025-06,ES01,Events,OPEX-000249,2100_AP,0.0,232744.06,EXTERNAL,Operating expenses
2025-06,ES01,Events,CAPEX-000249,1500_PPE,13690.83,0.0,EXTERNAL,Capital expenditure
2025-06,ES01,Events,CAPEX-000249,1000_CASH,0.0,13690.83,EXTERNAL,Capital expenditure
2025-06,ES01,Events,DEP-000249,6100_DEPRECIATION,162.99,0.0,EXTERNAL,Depreciation
2025-06,ES01,Events,DEP-000249,1590_ACCUM_DEP,0.0,162.99,EXTERNAL,Depreciation
2025-06,ES01,Events,COLL-000249,1000_CASH,1122647.81,0.0,EXTERNAL,Customer collections
2025-06,ES01,Events,COLL-000249,1100_AR,0.0,1122647.81,EXTERNAL,Customer collections
2025-06,ES01,Events,PAY-000249,2100_AP,872328.96,0.0,EXTERNAL,Supplier payments
2025-06,ES01,Events,PAY-000249,1000_CASH,0.0,872328.96,EXTERNAL,Supplier payments
2025-06,US01,Events,REV-000250,1100_AR,1369722.64,0.0,EXTERNAL,External sale
2025-06,US01,Events,REV-000250,4000_REVENUE,0.0,1369722.64,EXTERNAL,External sale
2025-06,US01,Events,COGS-000250,5000_VARIABLE_COGS,805922.43,0.0,EXTERNAL,Variable cost of sales
2025-06,US01,Events,COGS-000250,2100_AP,0.0,805922.43,EXTERNAL,Variable cost of sales
2025-06,US01,Events,COGS-000250,5100_FIXED_PRODUCTION,71803.08,0.0,EXTERNAL,Fixed production cost
2025-06,US01,Events,COGS-000250,2100_AP,0.0,71803.08,EXTERNAL,Fixed production cost
2025-06,US01,Events,OPEX-000250,6000_OPEX,232852.85,0.0,EXTERNAL,Operating expenses
2025-06,US01,Events,OPEX-000250,2100_AP,0.0,232852.85,EXTERNAL,Operating expenses
2025-06,US01,Events,CAPEX-000250,1500_PPE,13697.23,0.0,EXTERNAL,Capital expenditure
2025-06,US01,Events,CAPEX-000250,1000_CASH,0.0,13697.23,EXTERNAL,Capital expenditure
2025-06,US01,Events,DEP-000250,6100_DEPRECIATION,163.06,0.0,EXTERNAL,Depreciation
2025-06,US01,Events,DEP-000250,1590_ACCUM_DEP,0.0,163.06,EXTERNAL,Depreciation
2025-06,US01,Events,COLL-000250,1000_CASH,1123172.56,0.0,EXTERNAL,Customer collections
2025-06,US01,Events,COLL-000250,1100_AR,0.0,1123172.56,EXTERNAL,Customer collections
2025-06,US01,Events,PAY-000250,2100_AP,866251.12,0.0,EXTERNAL,Supplier payments
2025-06,US01,Events,PAY-000250,1000_CASH,0.0,866251.12,EXTERNAL,Supplier payments
2025-06,ES01,Spare Parts,REV-000251,1100_AR,1684791.91,0.0,EXTERNAL,External sale
2025-06,ES01,Spare Parts,REV-000251,4000_REVENUE,0.0,1684791.91,EXTERNAL,External sale
2025-06,ES01,Spare Parts,COGS-000251,5000_VARIABLE_COGS,796843.64,0.0,EXTERNAL,Variable cost of sales
2025-06,ES01,Spare Parts,COGS-000251,2100_AP,0.0,796843.64,EXTERNAL,Variable cost of sales
2025-06,ES01,Spare Parts,COGS-000251,5100_FIXED_PRODUCTION,111047.4,0.0,EXTERNAL,Fixed production cost
2025-06,ES01,Spare Parts,COGS-000251,2100_AP,0.0,111047.4,EXTERNAL,Fixed production cost
2025-06,ES01,Spare Parts,OPEX-000251,6000_OPEX,202175.03,0.0,EXTERNAL,Operating expenses
2025-06,ES01,Spare Parts,OPEX-000251,2100_AP,0.0,202175.03,EXTERNAL,Operating expenses
2025-06,ES01,Spare Parts,CAPEX-000251,1500_PPE,16847.92,0.0,EXTERNAL,Capital expenditure
2025-06,ES01,Spare Parts,CAPEX-000251,1000_CASH,0.0,16847.92,EXTERNAL,Capital expenditure
2025-06,ES01,Spare Parts,DEP-000251,6100_DEPRECIATION,200.57,0.0,EXTERNAL,Depreciation
2025-06,ES01,Spare Parts,DEP-000251,1590_ACCUM_DEP,0.0,200.57,EXTERNAL,Depreciation
2025-06,ES01,Spare Parts,COLL-000251,1000_CASH,1381529.37,0.0,EXTERNAL,Customer collections
2025-06,ES01,Spare Parts,COLL-000251,1100_AR,0.0,1381529.37,EXTERNAL,Customer collections
2025-06,ES01,Spare Parts,PAY-000251,2100_AP,865851.54,0.0,EXTERNAL,Supplier payments
2025-06,ES01,Spare Parts,PAY-000251,1000_CASH,0.0,865851.54,EXTERNAL,Supplier payments
2025-06,JP01,Spare Parts,REV-000252,1100_AR,1817232.95,0.0,EXTERNAL,External sale
2025-06,JP01,Spare Parts,REV-000252,4000_REVENUE,0.0,1817232.95,EXTERNAL,External sale
2025-06,JP01,Spare Parts,COGS-000252,5000_VARIABLE_COGS,878866.25,0.0,EXTERNAL,Variable cost of sales
2025-06,JP01,Spare Parts,COGS-000252,2100_AP,0.0,878866.25,EXTERNAL,Variable cost of sales
2025-06,JP01,Spare Parts,COGS-000252,5100_FIXED_PRODUCTION,79366.15,0.0,EXTERNAL,Fixed production cost
2025-06,JP01,Spare Parts,COGS-000252,2100_AP,0.0,79366.15,EXTERNAL,Fixed production cost
2025-06,JP01,Spare Parts,OPEX-000252,6000_OPEX,218067.95,0.0,EXTERNAL,Operating expenses
2025-06,JP01,Spare Parts,OPEX-000252,2100_AP,0.0,218067.95,EXTERNAL,Operating expenses
2025-06,JP01,Spare Parts,CAPEX-000252,1500_PPE,18172.33,0.0,EXTERNAL,Capital expenditure
2025-06,JP01,Spare Parts,CAPEX-000252,1000_CASH,0.0,18172.33,EXTERNAL,Capital expenditure
2025-06,JP01,Spare Parts,DEP-000252,6100_DEPRECIATION,216.34,0.0,EXTERNAL,Depreciation
2025-06,JP01,Spare Parts,DEP-000252,1590_ACCUM_DEP,0.0,216.34,EXTERNAL,Depreciation
2025-06,JP01,Spare Parts,COLL-000252,1000_CASH,1490131.02,0.0,EXTERNAL,Customer collections
2025-06,JP01,Spare Parts,COLL-000252,1100_AR,0.0,1490131.02,EXTERNAL,Customer collections
2025-06,JP01,Spare Parts,PAY-000252,2100_AP,917514.27,0.0,EXTERNAL,Supplier payments
2025-06,JP01,Spare Parts,PAY-000252,1000_CASH,0.0,917514.27,EXTERNAL,Supplier payments
2025-07,DE01,Software,REV-000253,1100_AR,2028593.13,0.0,EXTERNAL,External sale
2025-07,DE01,Software,REV-000253,4000_REVENUE,0.0,2028593.13,EXTERNAL,External sale
2025-07,DE01,Software,COGS-000253,5000_VARIABLE_COGS,552120.64,0.0,EXTERNAL,Variable cost of sales
2025-07,DE01,Software,COGS-000253,2100_AP,0.0,552120.64,EXTERNAL,Variable cost of sales
2025-07,DE01,Software,OPEX-000253,6000_OPEX,466576.42,0.0,EXTERNAL,Operating expenses
2025-07,DE01,Software,OPEX-000253,2100_AP,0.0,466576.42,EXTERNAL,Operating expenses
2025-07,DE01,Software,CAPEX-000253,1500_PPE,20285.93,0.0,EXTERNAL,Capital expenditure
2025-07,DE01,Software,CAPEX-000253,1000_CASH,0.0,20285.93,EXTERNAL,Capital expenditure
2025-07,DE01,Software,DEP-000253,6100_DEPRECIATION,241.5,0.0,EXTERNAL,Depreciation
2025-07,DE01,Software,DEP-000253,1590_ACCUM_DEP,0.0,241.5,EXTERNAL,Depreciation
2025-07,DE01,Software,COLL-000253,1000_CASH,1663446.37,0.0,EXTERNAL,Customer collections
2025-07,DE01,Software,COLL-000253,1100_AR,0.0,1663446.37,EXTERNAL,Customer collections
2025-07,DE01,Software,PAY-000253,2100_AP,794583.71,0.0,EXTERNAL,Supplier payments
2025-07,DE01,Software,PAY-000253,1000_CASH,0.0,794583.71,EXTERNAL,Supplier payments
2025-07,US01,Software,REV-000254,1100_AR,1977328.8,0.0,EXTERNAL,External sale
2025-07,US01,Software,REV-000254,4000_REVENUE,0.0,1977328.8,EXTERNAL,External sale
2025-07,US01,Software,COGS-000254,5000_VARIABLE_COGS,562378.12,0.0,EXTERNAL,Variable cost of sales
2025-07,US01,Software,COGS-000254,2100_AP,0.0,562378.12,EXTERNAL,Variable cost of sales
2025-07,US01,Software,OPEX-000254,6000_OPEX,454785.62,0.0,EXTERNAL,Operating expenses
2025-07,US01,Software,OPEX-000254,2100_AP,0.0,454785.62,EXTERNAL,Operating expenses
2025-07,US01,Software,CAPEX-000254,1500_PPE,19773.29,0.0,EXTERNAL,Capital expenditure
2025-07,US01,Software,CAPEX-000254,1000_CASH,0.0,19773.29,EXTERNAL,Capital expenditure
2025-07,US01,Software,DEP-000254,6100_DEPRECIATION,235.4,0.0,EXTERNAL,Depreciation
2025-07,US01,Software,DEP-000254,1590_ACCUM_DEP,0.0,235.4,EXTERNAL,Depreciation
2025-07,US01,Software,COLL-000254,1000_CASH,1621409.62,0.0,EXTERNAL,Customer collections
2025-07,US01,Software,COLL-000254,1100_AR,0.0,1621409.62,EXTERNAL,Customer collections
2025-07,US01,Software,PAY-000254,2100_AP,793387.72,0.0,EXTERNAL,Supplier payments
2025-07,US01,Software,PAY-000254,1000_CASH,0.0,793387.72,EXTERNAL,Supplier payments
2025-07,JP01,Software,REV-000255,1100_AR,2014294.4,0.0,EXTERNAL,External sale
2025-07,JP01,Software,REV-000255,4000_REVENUE,0.0,2014294.4,EXTERNAL,External sale
2025-07,JP01,Software,COGS-000255,5000_VARIABLE_COGS,572666.91,0.0,EXTERNAL,Variable cost of sales
2025-07,JP01,Software,COGS-000255,2100_AP,0.0,572666.91,EXTERNAL,Variable cost of sales
2025-07,JP01,Software,OPEX-000255,6000_OPEX,463287.71,0.0,EXTERNAL,Operating expenses
2025-07,JP01,Software,OPEX-000255,2100_AP,0.0,463287.71,EXTERNAL,Operating expenses
2025-07,JP01,Software,CAPEX-000255,1500_PPE,20142.94,0.0,EXTERNAL,Capital expenditure
2025-07,JP01,Software,CAPEX-000255,1000_CASH,0.0,20142.94,EXTERNAL,Capital expenditure
2025-07,JP01,Software,DEP-000255,6100_DEPRECIATION,239.8,0.0,EXTERNAL,Depreciation
2025-07,JP01,Software,DEP-000255,1590_ACCUM_DEP,0.0,239.8,EXTERNAL,Depreciation
2025-07,JP01,Software,COLL-000255,1000_CASH,1651721.41,0.0,EXTERNAL,Customer collections
2025-07,JP01,Software,COLL-000255,1100_AR,0.0,1651721.41,EXTERNAL,Customer collections
2025-07,JP01,Software,PAY-000255,2100_AP,808044.61,0.0,EXTERNAL,Supplier payments
2025-07,JP01,Software,PAY-000255,1000_CASH,0.0,808044.61,EXTERNAL,Supplier payments
2025-07,DE01,Hardware,REV-000256,1100_AR,2533797.54,0.0,EXTERNAL,External sale
2025-07,DE01,Hardware,REV-000256,4000_REVENUE,0.0,2533797.54,EXTERNAL,External sale
2025-07,DE01,Hardware,COGS-000256,5000_VARIABLE_COGS,1617987.59,0.0,EXTERNAL,Variable cost of sales
2025-07,DE01,Hardware,COGS-000256,2100_AP,0.0,1617987.59,EXTERNAL,Variable cost of sales
2025-07,DE01,Hardware,COGS-000256,5100_FIXED_PRODUCTION,204870.08,0.0,EXTERNAL,Fixed production cost
2025-07,DE01,Hardware,COGS-000256,2100_AP,0.0,204870.08,EXTERNAL,Fixed production cost
2025-07,DE01,Hardware,OPEX-000256,6000_OPEX,278717.73,0.0,EXTERNAL,Operating expenses
2025-07,DE01,Hardware,OPEX-000256,2100_AP,0.0,278717.73,EXTERNAL,Operating expenses
2025-07,DE01,Hardware,CAPEX-000256,1500_PPE,88682.91,0.0,EXTERNAL,Capital expenditure
2025-07,DE01,Hardware,CAPEX-000256,1000_CASH,0.0,88682.91,EXTERNAL,Capital expenditure
2025-07,DE01,Hardware,DEP-000256,6100_DEPRECIATION,1055.75,0.0,EXTERNAL,Depreciation
2025-07,DE01,Hardware,DEP-000256,1590_ACCUM_DEP,0.0,1055.75,EXTERNAL,Depreciation
2025-07,DE01,Hardware,COLL-000256,1000_CASH,2077713.98,0.0,EXTERNAL,Customer collections
2025-07,DE01,Hardware,COLL-000256,1100_AR,0.0,2077713.98,EXTERNAL,Customer collections
2025-07,DE01,Hardware,PAY-000256,2100_AP,1639228.81,0.0,EXTERNAL,Supplier payments
2025-07,DE01,Hardware,PAY-000256,1000_CASH,0.0,1639228.81,EXTERNAL,Supplier payments
2025-07,ES01,Hardware,REV-000257,1100_AR,2322417.68,0.0,EXTERNAL,External sale
2025-07,ES01,Hardware,REV-000257,4000_REVENUE,0.0,2322417.68,EXTERNAL,External sale
2025-07,ES01,Hardware,COGS-000257,5000_VARIABLE_COGS,1434542.02,0.0,EXTERNAL,Variable cost of sales
2025-07,ES01,Hardware,COGS-000257,2100_AP,0.0,1434542.02,EXTERNAL,Variable cost of sales
2025-07,ES01,Hardware,COGS-000257,5100_FIXED_PRODUCTION,218228.15,0.0,EXTERNAL,Fixed production cost
2025-07,ES01,Hardware,COGS-000257,2100_AP,0.0,218228.15,EXTERNAL,Fixed production cost
2025-07,ES01,Hardware,OPEX-000257,6000_OPEX,255465.94,0.0,EXTERNAL,Operating expenses
2025-07,ES01,Hardware,OPEX-000257,2100_AP,0.0,255465.94,EXTERNAL,Operating expenses
2025-07,ES01,Hardware,CAPEX-000257,1500_PPE,81284.62,0.0,EXTERNAL,Capital expenditure
2025-07,ES01,Hardware,CAPEX-000257,1000_CASH,0.0,81284.62,EXTERNAL,Capital expenditure
2025-07,ES01,Hardware,DEP-000257,6100_DEPRECIATION,967.67,0.0,EXTERNAL,Depreciation
2025-07,ES01,Hardware,DEP-000257,1590_ACCUM_DEP,0.0,967.67,EXTERNAL,Depreciation
2025-07,ES01,Hardware,COLL-000257,1000_CASH,1904382.5,0.0,EXTERNAL,Customer collections
2025-07,ES01,Hardware,COLL-000257,1100_AR,0.0,1904382.5,EXTERNAL,Customer collections
2025-07,ES01,Hardware,PAY-000257,2100_AP,1488424.17,0.0,EXTERNAL,Supplier payments
2025-07,ES01,Hardware,PAY-000257,1000_CASH,0.0,1488424.17,EXTERNAL,Supplier payments
2025-07,US01,Hardware,REV-000258,1100_AR,2330980.3,0.0,EXTERNAL,External sale
2025-07,US01,Hardware,REV-000258,4000_REVENUE,0.0,2330980.3,EXTERNAL,External sale
2025-07,US01,Hardware,COGS-000258,5000_VARIABLE_COGS,1513354.28,0.0,EXTERNAL,Variable cost of sales
2025-07,US01,Hardware,COGS-000258,2100_AP,0.0,1513354.28,EXTERNAL,Variable cost of sales
2025-07,US01,Hardware,COGS-000258,5100_FIXED_PRODUCTION,183644.84,0.0,EXTERNAL,Fixed production cost
2025-07,US01,Hardware,COGS-000258,2100_AP,0.0,183644.84,EXTERNAL,Fixed production cost
2025-07,US01,Hardware,OPEX-000258,6000_OPEX,256407.83,0.0,EXTERNAL,Operating expenses
2025-07,US01,Hardware,OPEX-000258,2100_AP,0.0,256407.83,EXTERNAL,Operating expenses
2025-07,US01,Hardware,CAPEX-000258,1500_PPE,81584.31,0.0,EXTERNAL,Capital expenditure
2025-07,US01,Hardware,CAPEX-000258,1000_CASH,0.0,81584.31,EXTERNAL,Capital expenditure
2025-07,US01,Hardware,DEP-000258,6100_DEPRECIATION,971.24,0.0,EXTERNAL,Depreciation
2025-07,US01,Hardware,DEP-000258,1590_ACCUM_DEP,0.0,971.24,EXTERNAL,Depreciation
2025-07,US01,Hardware,COLL-000258,1000_CASH,1911403.85,0.0,EXTERNAL,Customer collections
2025-07,US01,Hardware,COLL-000258,1100_AR,0.0,1911403.85,EXTERNAL,Customer collections
2025-07,US01,Hardware,PAY-000258,2100_AP,1523657.43,0.0,EXTERNAL,Supplier payments
2025-07,US01,Hardware,PAY-000258,1000_CASH,0.0,1523657.43,EXTERNAL,Supplier payments
2025-07,JP01,Hardware,REV-000259,1100_AR,2393290.45,0.0,EXTERNAL,External sale
2025-07,JP01,Hardware,REV-000259,4000_REVENUE,0.0,2393290.45,EXTERNAL,External sale
2025-07,JP01,Hardware,COGS-000259,5000_VARIABLE_COGS,1496150.57,0.0,EXTERNAL,Variable cost of sales
2025-07,JP01,Hardware,COGS-000259,2100_AP,0.0,1496150.57,EXTERNAL,Variable cost of sales
2025-07,JP01,Hardware,COGS-000259,5100_FIXED_PRODUCTION,245335.84,0.0,EXTERNAL,Fixed production cost
2025-07,JP01,Hardware,COGS-000259,2100_AP,0.0,245335.84,EXTERNAL,Fixed production cost
2025-07,JP01,Hardware,OPEX-000259,6000_OPEX,263261.95,0.0,EXTERNAL,Operating expenses
2025-07,JP01,Hardware,OPEX-000259,2100_AP,0.0,263261.95,EXTERNAL,Operating expenses
2025-07,JP01,Hardware,CAPEX-000259,1500_PPE,83765.17,0.0,EXTERNAL,Capital expenditure
2025-07,JP01,Hardware,CAPEX-000259,1000_CASH,0.0,83765.17,EXTERNAL,Capital expenditure
2025-07,JP01,Hardware,DEP-000259,6100_DEPRECIATION,997.2,0.0,EXTERNAL,Depreciation
2025-07,JP01,Hardware,DEP-000259,1590_ACCUM_DEP,0.0,997.2,EXTERNAL,Depreciation
2025-07,JP01,Hardware,COLL-000259,1000_CASH,1962498.17,0.0,EXTERNAL,Customer collections
2025-07,JP01,Hardware,COLL-000259,1100_AR,0.0,1962498.17,EXTERNAL,Customer collections
2025-07,JP01,Hardware,PAY-000259,2100_AP,1563703.73,0.0,EXTERNAL,Supplier payments
2025-07,JP01,Hardware,PAY-000259,1000_CASH,0.0,1563703.73,EXTERNAL,Supplier payments
2025-07,ES01,Events,REV-000260,1100_AR,1162139.21,0.0,EXTERNAL,External sale
2025-07,ES01,Events,REV-000260,4000_REVENUE,0.0,1162139.21,EXTERNAL,External sale
2025-07,ES01,Events,COGS-000260,5000_VARIABLE_COGS,689714.35,0.0,EXTERNAL,Variable cost of sales
2025-07,ES01,Events,COGS-000260,2100_AP,0.0,689714.35,EXTERNAL,Variable cost of sales
2025-07,ES01,Events,COGS-000260,5100_FIXED_PRODUCTION,59870.52,0.0,EXTERNAL,Fixed production cost
2025-07,ES01,Events,COGS-000260,2100_AP,0.0,59870.52,EXTERNAL,Fixed production cost
2025-07,ES01,Events,OPEX-000260,6000_OPEX,197563.67,0.0,EXTERNAL,Operating expenses
2025-07,ES01,Events,OPEX-000260,2100_AP,0.0,197563.67,EXTERNAL,Operating expenses
2025-07,ES01,Events,CAPEX-000260,1500_PPE,11621.39,0.0,EXTERNAL,Capital expenditure
2025-07,ES01,Events,CAPEX-000260,1000_CASH,0.0,11621.39,EXTERNAL,Capital expenditure
2025-07,ES01,Events,DEP-000260,6100_DEPRECIATION,138.35,0.0,EXTERNAL,Depreciation
2025-07,ES01,Events,DEP-000260,1590_ACCUM_DEP,0.0,138.35,EXTERNAL,Depreciation
2025-07,ES01,Events,COLL-000260,1000_CASH,952954.15,0.0,EXTERNAL,Customer collections
2025-07,ES01,Events,COLL-000260,1100_AR,0.0,952954.15,EXTERNAL,Customer collections
2025-07,ES01,Events,PAY-000260,2100_AP,738775.86,0.0,EXTERNAL,Supplier payments
2025-07,ES01,Events,PAY-000260,1000_CASH,0.0,738775.86,EXTERNAL,Supplier payments
2025-07,US01,Events,REV-000261,1100_AR,1134216.1,0.0,EXTERNAL,External sale
2025-07,US01,Events,REV-000261,4000_REVENUE,0.0,1134216.1,EXTERNAL,External sale
2025-07,US01,Events,COGS-000261,5000_VARIABLE_COGS,682001.15,0.0,EXTERNAL,Variable cost of sales
2025-07,US01,Events,COGS-000261,2100_AP,0.0,682001.15,EXTERNAL,Variable cost of sales
2025-07,US01,Events,COGS-000261,5100_FIXED_PRODUCTION,35552.24,0.0,EXTERNAL,Fixed production cost
2025-07,US01,Events,COGS-000261,2100_AP,0.0,35552.24,EXTERNAL,Fixed production cost
2025-07,US01,Events,OPEX-000261,6000_OPEX,192816.74,0.0,EXTERNAL,Operating expenses
2025-07,US01,Events,OPEX-000261,2100_AP,0.0,192816.74,EXTERNAL,Operating expenses
2025-07,US01,Events,CAPEX-000261,1500_PPE,11342.16,0.0,EXTERNAL,Capital expenditure
2025-07,US01,Events,CAPEX-000261,1000_CASH,0.0,11342.16,EXTERNAL,Capital expenditure
2025-07,US01,Events,DEP-000261,6100_DEPRECIATION,135.03,0.0,EXTERNAL,Depreciation
2025-07,US01,Events,DEP-000261,1590_ACCUM_DEP,0.0,135.03,EXTERNAL,Depreciation
2025-07,US01,Events,COLL-000261,1000_CASH,930057.2,0.0,EXTERNAL,Customer collections
2025-07,US01,Events,COLL-000261,1100_AR,0.0,930057.2,EXTERNAL,Customer collections
2025-07,US01,Events,PAY-000261,2100_AP,710088.7,0.0,EXTERNAL,Supplier payments
2025-07,US01,Events,PAY-000261,1000_CASH,0.0,710088.7,EXTERNAL,Supplier payments
2025-07,ES01,Spare Parts,REV-000262,1100_AR,1697904.6,0.0,EXTERNAL,External sale
2025-07,ES01,Spare Parts,REV-000262,4000_REVENUE,0.0,1697904.6,EXTERNAL,External sale
2025-07,ES01,Spare Parts,COGS-000262,5000_VARIABLE_COGS,822951.75,0.0,EXTERNAL,Variable cost of sales
2025-07,ES01,Spare Parts,COGS-000262,2100_AP,0.0,822951.75,EXTERNAL,Variable cost of sales
2025-07,ES01,Spare Parts,COGS-000262,5100_FIXED_PRODUCTION,104713.96,0.0,EXTERNAL,Fixed production cost
2025-07,ES01,Spare Parts,COGS-000262,2100_AP,0.0,104713.96,EXTERNAL,Fixed production cost
2025-07,ES01,Spare Parts,OPEX-000262,6000_OPEX,203748.55,0.0,EXTERNAL,Operating expenses
2025-07,ES01,Spare Parts,OPEX-000262,2100_AP,0.0,203748.55,EXTERNAL,Operating expenses
2025-07,ES01,Spare Parts,CAPEX-000262,1500_PPE,16979.05,0.0,EXTERNAL,Capital expenditure
2025-07,ES01,Spare Parts,CAPEX-000262,1000_CASH,0.0,16979.05,EXTERNAL,Capital expenditure
2025-07,ES01,Spare Parts,DEP-000262,6100_DEPRECIATION,202.13,0.0,EXTERNAL,Depreciation
2025-07,ES01,Spare Parts,DEP-000262,1590_ACCUM_DEP,0.0,202.13,EXTERNAL,Depreciation
2025-07,ES01,Spare Parts,COLL-000262,1000_CASH,1392281.77,0.0,EXTERNAL,Customer collections
2025-07,ES01,Spare Parts,COLL-000262,1100_AR,0.0,1392281.77,EXTERNAL,Customer collections
2025-07,ES01,Spare Parts,PAY-000262,2100_AP,882503.12,0.0,EXTERNAL,Supplier payments
2025-07,ES01,Spare Parts,PAY-000262,1000_CASH,0.0,882503.12,EXTERNAL,Supplier payments
2025-07,JP01,Spare Parts,REV-000263,1100_AR,1625853.56,0.0,EXTERNAL,External sale
2025-07,JP01,Spare Parts,REV-000263,4000_REVENUE,0.0,1625853.56,EXTERNAL,External sale
2025-07,JP01,Spare Parts,COGS-000263,5000_VARIABLE_COGS,753434.91,0.0,EXTERNAL,Variable cost of sales
2025-07,JP01,Spare Parts,COGS-000263,2100_AP,0.0,753434.91,EXTERNAL,Variable cost of sales
2025-07,JP01,Spare Parts,COGS-000263,5100_FIXED_PRODUCTION,114751.47,0.0,EXTERNAL,Fixed production cost
2025-07,JP01,Spare Parts,COGS-000263,2100_AP,0.0,114751.47,EXTERNAL,Fixed production cost
2025-07,JP01,Spare Parts,OPEX-000263,6000_OPEX,195102.43,0.0,EXTERNAL,Operating expenses
2025-07,JP01,Spare Parts,OPEX-000263,2100_AP,0.0,195102.43,EXTERNAL,Operating expenses
2025-07,JP01,Spare Parts,CAPEX-000263,1500_PPE,16258.54,0.0,EXTERNAL,Capital expenditure
2025-07,JP01,Spare Parts,CAPEX-000263,1000_CASH,0.0,16258.54,EXTERNAL,Capital expenditure
2025-07,JP01,Spare Parts,DEP-000263,6100_DEPRECIATION,193.55,0.0,EXTERNAL,Depreciation
2025-07,JP01,Spare Parts,DEP-000263,1590_ACCUM_DEP,0.0,193.55,EXTERNAL,Depreciation
2025-07,JP01,Spare Parts,COLL-000263,1000_CASH,1333199.92,0.0,EXTERNAL,Customer collections
2025-07,JP01,Spare Parts,COLL-000263,1100_AR,0.0,1333199.92,EXTERNAL,Customer collections
2025-07,JP01,Spare Parts,PAY-000263,2100_AP,829365.27,0.0,EXTERNAL,Supplier payments
2025-07,JP01,Spare Parts,PAY-000263,1000_CASH,0.0,829365.27,EXTERNAL,Supplier payments
2025-08,DE01,Software,REV-000264,1100_AR,1740152.89,0.0,EXTERNAL,External sale
2025-08,DE01,Software,REV-000264,4000_REVENUE,0.0,1740152.89,EXTERNAL,External sale
2025-08,DE01,Software,COGS-000264,5000_VARIABLE_COGS,530898.0,0.0,EXTERNAL,Variable cost of sales
2025-08,DE01,Software,COGS-000264,2100_AP,0.0,530898.0,EXTERNAL,Variable cost of sales
2025-08,DE01,Software,OPEX-000264,6000_OPEX,400235.16,0.0,EXTERNAL,Operating expenses
2025-08,DE01,Software,OPEX-000264,2100_AP,0.0,400235.16,EXTERNAL,Operating expenses
2025-08,DE01,Software,CAPEX-000264,1500_PPE,17401.53,0.0,EXTERNAL,Capital expenditure
2025-08,DE01,Software,CAPEX-000264,1000_CASH,0.0,17401.53,EXTERNAL,Capital expenditure
2025-08,DE01,Software,DEP-000264,6100_DEPRECIATION,207.16,0.0,EXTERNAL,Depreciation
2025-08,DE01,Software,DEP-000264,1590_ACCUM_DEP,0.0,207.16,EXTERNAL,Depreciation
2025-08,DE01,Software,COLL-000264,1000_CASH,1426925.37,0.0,EXTERNAL,Customer collections
2025-08,DE01,Software,COLL-000264,1100_AR,0.0,1426925.37,EXTERNAL,Customer collections
2025-08,DE01,Software,PAY-000264,2100_AP,726283.87,0.0,EXTERNAL,Supplier payments
2025-08,DE01,Software,PAY-000264,1000_CASH,0.0,726283.87,EXTERNAL,Supplier payments
2025-08,US01,Software,REV-000265,1100_AR,1804954.45,0.0,EXTERNAL,External sale
2025-08,US01,Software,REV-000265,4000_REVENUE,0.0,1804954.45,EXTERNAL,External sale
2025-08,US01,Software,COGS-000265,5000_VARIABLE_COGS,497413.08,0.0,EXTERNAL,Variable cost of sales
2025-08,US01,Software,COGS-000265,2100_AP,0.0,497413.08,EXTERNAL,Variable cost of sales
2025-08,US01,Software,OPEX-000265,6000_OPEX,415139.52,0.0,EXTERNAL,Operating expenses
2025-08,US01,Software,OPEX-000265,2100_AP,0.0,415139.52,EXTERNAL,Operating expenses
2025-08,US01,Software,CAPEX-000265,1500_PPE,18049.54,0.0,EXTERNAL,Capital expenditure
2025-08,US01,Software,CAPEX-000265,1000_CASH,0.0,18049.54,EXTERNAL,Capital expenditure
2025-08,US01,Software,DEP-000265,6100_DEPRECIATION,214.88,0.0,EXTERNAL,Depreciation
2025-08,US01,Software,DEP-000265,1590_ACCUM_DEP,0.0,214.88,EXTERNAL,Depreciation
2025-08,US01,Software,COLL-000265,1000_CASH,1480062.65,0.0,EXTERNAL,Customer collections
2025-08,US01,Software,COLL-000265,1100_AR,0.0,1480062.65,EXTERNAL,Customer collections
2025-08,US01,Software,PAY-000265,2100_AP,711791.03,0.0,EXTERNAL,Supplier payments
2025-08,US01,Software,PAY-000265,1000_CASH,0.0,711791.03,EXTERNAL,Supplier payments
2025-08,JP01,Software,REV-000266,1100_AR,1741597.52,0.0,EXTERNAL,External sale
2025-08,JP01,Software,REV-000266,4000_REVENUE,0.0,1741597.52,EXTERNAL,External sale
2025-08,JP01,Software,COGS-000266,5000_VARIABLE_COGS,506070.52,0.0,EXTERNAL,Variable cost of sales
2025-08,JP01,Software,COGS-000266,2100_AP,0.0,506070.52,EXTERNAL,Variable cost of sales
2025-08,JP01,Software,OPEX-000266,6000_OPEX,400567.43,0.0,EXTERNAL,Operating expenses
2025-08,JP01,Software,OPEX-000266,2100_AP,0.0,400567.43,EXTERNAL,Operating expenses
2025-08,JP01,Software,CAPEX-000266,1500_PPE,17415.98,0.0,EXTERNAL,Capital expenditure
2025-08,JP01,Software,CAPEX-000266,1000_CASH,0.0,17415.98,EXTERNAL,Capital expenditure
2025-08,JP01,Software,DEP-000266,6100_DEPRECIATION,207.33,0.0,EXTERNAL,Depreciation
2025-08,JP01,Software,DEP-000266,1590_ACCUM_DEP,0.0,207.33,EXTERNAL,Depreciation
2025-08,JP01,Software,COLL-000266,1000_CASH,1428109.97,0.0,EXTERNAL,Customer collections
2025-08,JP01,Software,COLL-000266,1100_AR,0.0,1428109.97,EXTERNAL,Customer collections
2025-08,JP01,Software,PAY-000266,2100_AP,707177.6,0.0,EXTERNAL,Supplier payments
2025-08,JP01,Software,PAY-000266,1000_CASH,0.0,707177.6,EXTERNAL,Supplier payments
2025-08,DE01,Hardware,REV-000267,1100_AR,2163557.08,0.0,EXTERNAL,External sale
2025-08,DE01,Hardware,REV-000267,4000_REVENUE,0.0,2163557.08,EXTERNAL,External sale
2025-08,DE01,Hardware,COGS-000267,5000_VARIABLE_COGS,1341964.3,0.0,EXTERNAL,Variable cost of sales
2025-08,DE01,Hardware,COGS-000267,2100_AP,0.0,1341964.3,EXTERNAL,Variable cost of sales
2025-08,DE01,Hardware,COGS-000267,5100_FIXED_PRODUCTION,206716.57,0.0,EXTERNAL,Fixed production cost
2025-08,DE01,Hardware,COGS-000267,2100_AP,0.0,206716.57,EXTERNAL,Fixed production cost
2025-08,DE01,Hardware,OPEX-000267,6000_OPEX,237991.28,0.0,EXTERNAL,Operating expenses
2025-08,DE01,Hardware,OPEX-000267,2100_AP,0.0,237991.28,EXTERNAL,Operating expenses
2025-08,DE01,Hardware,CAPEX-000267,1500_PPE,75724.5,0.0,EXTERNAL,Capital expenditure
2025-08,DE01,Hardware,CAPEX-000267,1000_CASH,0.0,75724.5,EXTERNAL,Capital expenditure
2025-08,DE01,Hardware,DEP-000267,6100_DEPRECIATION,901.48,0.0,EXTERNAL,Depreciation
2025-08,DE01,Hardware,DEP-000267,1590_ACCUM_DEP,0.0,901.48,EXTERNAL,Depreciation
2025-08,DE01,Hardware,COLL-000267,1000_CASH,1774116.81,0.0,EXTERNAL,Customer collections
2025-08,DE01,Hardware,COLL-000267,1100_AR,0.0,1774116.81,EXTERNAL,Customer collections
2025-08,DE01,Hardware,PAY-000267,2100_AP,1393604.28,0.0,EXTERNAL,Supplier payments
2025-08,DE01,Hardware,PAY-000267,1000_CASH,0.0,1393604.28,EXTERNAL,Supplier payments
2025-08,ES01,Hardware,REV-000268,1100_AR,2144203.71,0.0,EXTERNAL,External sale
2025-08,ES01,Hardware,REV-000268,4000_REVENUE,0.0,2144203.71,EXTERNAL,External sale
2025-08,ES01,Hardware,COGS-000268,5000_VARIABLE_COGS,1348085.54,0.0,EXTERNAL,Variable cost of sales
2025-08,ES01,Hardware,COGS-000268,2100_AP,0.0,1348085.54,EXTERNAL,Variable cost of sales
2025-08,ES01,Hardware,COGS-000268,5100_FIXED_PRODUCTION,205638.5,0.0,EXTERNAL,Fixed production cost
2025-08,ES01,Hardware,COGS-000268,2100_AP,0.0,205638.5,EXTERNAL,Fixed production cost
2025-08,ES01,Hardware,OPEX-000268,6000_OPEX,235862.41,0.0,EXTERNAL,Operating expenses
2025-08,ES01,Hardware,OPEX-000268,2100_AP,0.0,235862.41,EXTERNAL,Operating expenses
2025-08,ES01,Hardware,CAPEX-000268,1500_PPE,75047.13,0.0,EXTERNAL,Capital expenditure
2025-08,ES01,Hardware,CAPEX-000268,1000_CASH,0.0,75047.13,EXTERNAL,Capital expenditure
2025-08,ES01,Hardware,DEP-000268,6100_DEPRECIATION,893.42,0.0,EXTERNAL,Depreciation
2025-08,ES01,Hardware,DEP-000268,1590_ACCUM_DEP,0.0,893.42,EXTERNAL,Depreciation
2025-08,ES01,Hardware,COLL-000268,1000_CASH,1758247.04,0.0,EXTERNAL,Customer collections
2025-08,ES01,Hardware,COLL-000268,1100_AR,0.0,1758247.04,EXTERNAL,Customer collections
2025-08,ES01,Hardware,PAY-000268,2100_AP,1395877.43,0.0,EXTERNAL,Supplier payments
2025-08,ES01,Hardware,PAY-000268,1000_CASH,0.0,1395877.43,EXTERNAL,Supplier payments
2025-08,US01,Hardware,REV-000269,1100_AR,2155437.07,0.0,EXTERNAL,External sale
2025-08,US01,Hardware,REV-000269,4000_REVENUE,0.0,2155437.07,EXTERNAL,External sale
2025-08,US01,Hardware,COGS-000269,5000_VARIABLE_COGS,1358549.35,0.0,EXTERNAL,Variable cost of sales
2025-08,US01,Hardware,COGS-000269,2100_AP,0.0,1358549.35,EXTERNAL,Variable cost of sales
2025-08,US01,Hardware,COGS-000269,5100_FIXED_PRODUCTION,134912.95,0.0,EXTERNAL,Fixed production cost
2025-08,US01,Hardware,COGS-000269,2100_AP,0.0,134912.95,EXTERNAL,Fixed production cost
2025-08,US01,Hardware,OPEX-000269,6000_OPEX,237098.08,0.0,EXTERNAL,Operating expenses
2025-08,US01,Hardware,OPEX-000269,2100_AP,0.0,237098.08,EXTERNAL,Operating expenses
2025-08,US01,Hardware,CAPEX-000269,1500_PPE,75440.3,0.0,EXTERNAL,Capital expenditure
2025-08,US01,Hardware,CAPEX-000269,1000_CASH,0.0,75440.3,EXTERNAL,Capital expenditure
2025-08,US01,Hardware,DEP-000269,6100_DEPRECIATION,898.1,0.0,EXTERNAL,Depreciation
2025-08,US01,Hardware,DEP-000269,1590_ACCUM_DEP,0.0,898.1,EXTERNAL,Depreciation
2025-08,US01,Hardware,COLL-000269,1000_CASH,1767458.4,0.0,EXTERNAL,Customer collections
2025-08,US01,Hardware,COLL-000269,1100_AR,0.0,1767458.4,EXTERNAL,Customer collections
2025-08,US01,Hardware,PAY-000269,2100_AP,1349837.09,0.0,EXTERNAL,Supplier payments
2025-08,US01,Hardware,PAY-000269,1000_CASH,0.0,1349837.09,EXTERNAL,Supplier payments
2025-08,JP01,Hardware,REV-000270,1100_AR,2121095.02,0.0,EXTERNAL,External sale
2025-08,JP01,Hardware,REV-000270,4000_REVENUE,0.0,2121095.02,EXTERNAL,External sale
2025-08,JP01,Hardware,COGS-000270,5000_VARIABLE_COGS,1292176.68,0.0,EXTERNAL,Variable cost of sales
2025-08,JP01,Hardware,COGS-000270,2100_AP,0.0,1292176.68,EXTERNAL,Variable cost of sales
2025-08,JP01,Hardware,COGS-000270,5100_FIXED_PRODUCTION,230565.76,0.0,EXTERNAL,Fixed production cost
2025-08,JP01,Hardware,COGS-000270,2100_AP,0.0,230565.76,EXTERNAL,Fixed production cost
2025-08,JP01,Hardware,OPEX-000270,6000_OPEX,233320.45,0.0,EXTERNAL,Operating expenses
2025-08,JP01,Hardware,OPEX-000270,2100_AP,0.0,233320.45,EXTERNAL,Operating expenses
2025-08,JP01,Hardware,CAPEX-000270,1500_PPE,74238.33,0.0,EXTERNAL,Capital expenditure
2025-08,JP01,Hardware,CAPEX-000270,1000_CASH,0.0,74238.33,EXTERNAL,Capital expenditure
2025-08,JP01,Hardware,DEP-000270,6100_DEPRECIATION,883.79,0.0,EXTERNAL,Depreciation
2025-08,JP01,Hardware,DEP-000270,1590_ACCUM_DEP,0.0,883.79,EXTERNAL,Depreciation
2025-08,JP01,Hardware,COLL-000270,1000_CASH,1739297.92,0.0,EXTERNAL,Customer collections
2025-08,JP01,Hardware,COLL-000270,1100_AR,0.0,1739297.92,EXTERNAL,Customer collections
2025-08,JP01,Hardware,PAY-000270,2100_AP,1369729.06,0.0,EXTERNAL,Supplier payments
2025-08,JP01,Hardware,PAY-000270,1000_CASH,0.0,1369729.06,EXTERNAL,Supplier payments
2025-08,ES01,Events,REV-000271,1100_AR,1052740.67,0.0,EXTERNAL,External sale
2025-08,ES01,Events,REV-000271,4000_REVENUE,0.0,1052740.67,EXTERNAL,External sale
2025-08,ES01,Events,COGS-000271,5000_VARIABLE_COGS,618432.81,0.0,EXTERNAL,Variable cost of sales
2025-08,ES01,Events,COGS-000271,2100_AP,0.0,618432.81,EXTERNAL,Variable cost of sales
2025-08,ES01,Events,COGS-000271,5100_FIXED_PRODUCTION,63017.17,0.0,EXTERNAL,Fixed production cost
2025-08,ES01,Events,COGS-000271,2100_AP,0.0,63017.17,EXTERNAL,Fixed production cost
2025-08,ES01,Events,OPEX-000271,6000_OPEX,178965.91,0.0,EXTERNAL,Operating expenses
2025-08,ES01,Events,OPEX-000271,2100_AP,0.0,178965.91,EXTERNAL,Operating expenses
2025-08,ES01,Events,CAPEX-000271,1500_PPE,10527.41,0.0,EXTERNAL,Capital expenditure
2025-08,ES01,Events,CAPEX-000271,1000_CASH,0.0,10527.41,EXTERNAL,Capital expenditure
2025-08,ES01,Events,DEP-000271,6100_DEPRECIATION,125.33,0.0,EXTERNAL,Depreciation
2025-08,ES01,Events,DEP-000271,1590_ACCUM_DEP,0.0,125.33,EXTERNAL,Depreciation
2025-08,ES01,Events,COLL-000271,1000_CASH,863247.35,0.0,EXTERNAL,Customer collections
2025-08,ES01,Events,COLL-000271,1100_AR,0.0,863247.35,EXTERNAL,Customer collections
2025-08,ES01,Events,PAY-000271,2100_AP,671124.4,0.0,EXTERNAL,Supplier payments
2025-08,ES01,Events,PAY-000271,1000_CASH,0.0,671124.4,EXTERNAL,Supplier payments
2025-08,US01,Events,REV-000272,1100_AR,1038182.21,0.0,EXTERNAL,External sale
2025-08,US01,Events,REV-000272,4000_REVENUE,0.0,1038182.21,EXTERNAL,External sale
2025-08,US01,Events,COGS-000272,5000_VARIABLE_COGS,630464.19,0.0,EXTERNAL,Variable cost of sales
2025-08,US01,Events,COGS-000272,2100_AP,0.0,630464.19,EXTERNAL,Variable cost of sales
2025-08,US01,Events,COGS-000272,5100_FIXED_PRODUCTION,8421.43,0.0,EXTERNAL,Fixed production cost
2025-08,US01,Events,COGS-000272,2100_AP,0.0,8421.43,EXTERNAL,Fixed production cost
2025-08,US01,Events,OPEX-000272,6000_OPEX,176490.98,0.0,EXTERNAL,Operating expenses
2025-08,US01,Events,OPEX-000272,2100_AP,0.0,176490.98,EXTERNAL,Operating expenses
2025-08,US01,Events,CAPEX-000272,1500_PPE,10381.82,0.0,EXTERNAL,Capital expenditure
2025-08,US01,Events,CAPEX-000272,1000_CASH,0.0,10381.82,EXTERNAL,Capital expenditure
2025-08,US01,Events,DEP-000272,6100_DEPRECIATION,123.59,0.0,EXTERNAL,Depreciation
2025-08,US01,Events,DEP-000272,1590_ACCUM_DEP,0.0,123.59,EXTERNAL,Depreciation
2025-08,US01,Events,COLL-000272,1000_CASH,851309.41,0.0,EXTERNAL,Customer collections
2025-08,US01,Events,COLL-000272,1100_AR,0.0,851309.41,EXTERNAL,Customer collections
2025-08,US01,Events,PAY-000272,2100_AP,635993.75,0.0,EXTERNAL,Supplier payments
2025-08,US01,Events,PAY-000272,1000_CASH,0.0,635993.75,EXTERNAL,Supplier payments
2025-08,ES01,Spare Parts,REV-000273,1100_AR,1415473.07,0.0,EXTERNAL,External sale
2025-08,ES01,Spare Parts,REV-000273,4000_REVENUE,0.0,1415473.07,EXTERNAL,External sale
2025-08,ES01,Spare Parts,COGS-000273,5000_VARIABLE_COGS,669596.18,0.0,EXTERNAL,Variable cost of sales
2025-08,ES01,Spare Parts,COGS-000273,2100_AP,0.0,669596.18,EXTERNAL,Variable cost of sales
2025-08,ES01,Spare Parts,COGS-000273,5100_FIXED_PRODUCTION,67970.58,0.0,EXTERNAL,Fixed production cost
2025-08,ES01,Spare Parts,COGS-000273,2100_AP,0.0,67970.58,EXTERNAL,Fixed production cost
2025-08,ES01,Spare Parts,OPEX-000273,6000_OPEX,169856.77,0.0,EXTERNAL,Operating expenses
2025-08,ES01,Spare Parts,OPEX-000273,2100_AP,0.0,169856.77,EXTERNAL,Operating expenses
2025-08,ES01,Spare Parts,CAPEX-000273,1500_PPE,14154.73,0.0,EXTERNAL,Capital expenditure
2025-08,ES01,Spare Parts,CAPEX-000273,1000_CASH,0.0,14154.73,EXTERNAL,Capital expenditure
2025-08,ES01,Spare Parts,DEP-000273,6100_DEPRECIATION,168.51,0.0,EXTERNAL,Depreciation
2025-08,ES01,Spare Parts,DEP-000273,1590_ACCUM_DEP,0.0,168.51,EXTERNAL,Depreciation
2025-08,ES01,Spare Parts,COLL-000273,1000_CASH,1160687.92,0.0,EXTERNAL,Customer collections
2025-08,ES01,Spare Parts,COLL-000273,1100_AR,0.0,1160687.92,EXTERNAL,Customer collections
2025-08,ES01,Spare Parts,PAY-000273,2100_AP,707790.35,0.0,EXTERNAL,Supplier payments
2025-08,ES01,Spare Parts,PAY-000273,1000_CASH,0.0,707790.35,EXTERNAL,Supplier payments
2025-08,JP01,Spare Parts,REV-000274,1100_AR,1379310.17,0.0,EXTERNAL,External sale
2025-08,JP01,Spare Parts,REV-000274,4000_REVENUE,0.0,1379310.17,EXTERNAL,External sale
2025-08,JP01,Spare Parts,COGS-000274,5000_VARIABLE_COGS,627419.24,0.0,EXTERNAL,Variable cost of sales
2025-08,JP01,Spare Parts,COGS-000274,2100_AP,0.0,627419.24,EXTERNAL,Variable cost of sales
2025-08,JP01,Spare Parts,COGS-000274,5100_FIXED_PRODUCTION,126023.77,0.0,EXTERNAL,Fixed production cost
2025-08,JP01,Spare Parts,COGS-000274,2100_AP,0.0,126023.77,EXTERNAL,Fixed production cost
2025-08,JP01,Spare Parts,OPEX-000274,6000_OPEX,165517.22,0.0,EXTERNAL,Operating expenses
2025-08,JP01,Spare Parts,OPEX-000274,2100_AP,0.0,165517.22,EXTERNAL,Operating expenses
2025-08,JP01,Spare Parts,CAPEX-000274,1500_PPE,13793.1,0.0,EXTERNAL,Capital expenditure
2025-08,JP01,Spare Parts,CAPEX-000274,1000_CASH,0.0,13793.1,EXTERNAL,Capital expenditure
2025-08,JP01,Spare Parts,DEP-000274,6100_DEPRECIATION,164.2,0.0,EXTERNAL,Depreciation
2025-08,JP01,Spare Parts,DEP-000274,1590_ACCUM_DEP,0.0,164.2,EXTERNAL,Depreciation
2025-08,JP01,Spare Parts,COLL-000274,1000_CASH,1131034.34,0.0,EXTERNAL,Customer collections
2025-08,JP01,Spare Parts,COLL-000274,1100_AR,0.0,1131034.34,EXTERNAL,Customer collections
2025-08,JP01,Spare Parts,PAY-000274,2100_AP,716788.98,0.0,EXTERNAL,Supplier payments
2025-08,JP01,Spare Parts,PAY-000274,1000_CASH,0.0,716788.98,EXTERNAL,Supplier payments
2025-09,DE01,Software,REV-000275,1100_AR,2345227.75,0.0,EXTERNAL,External sale
2025-09,DE01,Software,REV-000275,4000_REVENUE,0.0,2345227.75,EXTERNAL,External sale
2025-09,DE01,Software,COGS-000275,5000_VARIABLE_COGS,671341.75,0.0,EXTERNAL,Variable cost of sales
2025-09,DE01,Software,COGS-000275,2100_AP,0.0,671341.75,EXTERNAL,Variable cost of sales
2025-09,DE01,Software,OPEX-000275,6000_OPEX,539402.38,0.0,EXTERNAL,Operating expenses
2025-09,DE01,Software,OPEX-000275,2100_AP,0.0,539402.38,EXTERNAL,Operating expenses
2025-09,DE01,Software,CAPEX-000275,1500_PPE,23452.28,0.0,EXTERNAL,Capital expenditure
2025-09,DE01,Software,CAPEX-000275,1000_CASH,0.0,23452.28,EXTERNAL,Capital expenditure
2025-09,DE01,Software,DEP-000275,6100_DEPRECIATION,279.19,0.0,EXTERNAL,Depreciation
2025-09,DE01,Software,DEP-000275,1590_ACCUM_DEP,0.0,279.19,EXTERNAL,Depreciation
2025-09,DE01,Software,COLL-000275,1000_CASH,1923086.75,0.0,EXTERNAL,Customer collections
2025-09,DE01,Software,COLL-000275,1100_AR,0.0,1923086.75,EXTERNAL,Customer collections
2025-09,DE01,Software,PAY-000275,2100_AP,944380.42,0.0,EXTERNAL,Supplier payments
2025-09,DE01,Software,PAY-000275,1000_CASH,0.0,944380.42,EXTERNAL,Supplier payments
2025-09,US01,Software,REV-000276,1100_AR,2314683.54,0.0,EXTERNAL,External sale
2025-09,US01,Software,REV-000276,4000_REVENUE,0.0,2314683.54,EXTERNAL,External sale
2025-09,US01,Software,COGS-000276,5000_VARIABLE_COGS,666943.39,0.0,EXTERNAL,Variable cost of sales
2025-09,US01,Software,COGS-000276,2100_AP,0.0,666943.39,EXTERNAL,Variable cost of sales
2025-09,US01,Software,OPEX-000276,6000_OPEX,532377.21,0.0,EXTERNAL,Operating expenses
2025-09,US01,Software,OPEX-000276,2100_AP,0.0,532377.21,EXTERNAL,Operating expenses
2025-09,US01,Software,CAPEX-000276,1500_PPE,23146.84,0.0,EXTERNAL,Capital expenditure
2025-09,US01,Software,CAPEX-000276,1000_CASH,0.0,23146.84,EXTERNAL,Capital expenditure
2025-09,US01,Software,DEP-000276,6100_DEPRECIATION,275.56,0.0,EXTERNAL,Depreciation
2025-09,US01,Software,DEP-000276,1590_ACCUM_DEP,0.0,275.56,EXTERNAL,Depreciation
2025-09,US01,Software,COLL-000276,1000_CASH,1898040.5,0.0,EXTERNAL,Customer collections
2025-09,US01,Software,COLL-000276,1100_AR,0.0,1898040.5,EXTERNAL,Customer collections
2025-09,US01,Software,PAY-000276,2100_AP,935470.07,0.0,EXTERNAL,Supplier payments
2025-09,US01,Software,PAY-000276,1000_CASH,0.0,935470.07,EXTERNAL,Supplier payments
2025-09,JP01,Software,REV-000277,1100_AR,2162570.6,0.0,EXTERNAL,External sale
2025-09,JP01,Software,REV-000277,4000_REVENUE,0.0,2162570.6,EXTERNAL,External sale
2025-09,JP01,Software,COGS-000277,5000_VARIABLE_COGS,633700.23,0.0,EXTERNAL,Variable cost of sales
2025-09,JP01,Software,COGS-000277,2100_AP,0.0,633700.23,EXTERNAL,Variable cost of sales
2025-09,JP01,Software,OPEX-000277,6000_OPEX,497391.24,0.0,EXTERNAL,Operating expenses
2025-09,JP01,Software,OPEX-000277,2100_AP,0.0,497391.24,EXTERNAL,Operating expenses
2025-09,JP01,Software,CAPEX-000277,1500_PPE,21625.71,0.0,EXTERNAL,Capital expenditure
2025-09,JP01,Software,CAPEX-000277,1000_CASH,0.0,21625.71,EXTERNAL,Capital expenditure
2025-09,JP01,Software,DEP-000277,6100_DEPRECIATION,257.45,0.0,EXTERNAL,Depreciation
2025-09,JP01,Software,DEP-000277,1590_ACCUM_DEP,0.0,257.45,EXTERNAL,Depreciation
2025-09,JP01,Software,COLL-000277,1000_CASH,1773307.89,0.0,EXTERNAL,Customer collections
2025-09,JP01,Software,COLL-000277,1100_AR,0.0,1773307.89,EXTERNAL,Customer collections
2025-09,JP01,Software,PAY-000277,2100_AP,882251.34,0.0,EXTERNAL,Supplier payments
2025-09,JP01,Software,PAY-000277,1000_CASH,0.0,882251.34,EXTERNAL,Supplier payments
2025-09,DE01,Hardware,REV-000278,1100_AR,2701875.39,0.0,EXTERNAL,External sale
2025-09,DE01,Hardware,REV-000278,4000_REVENUE,0.0,2701875.39,EXTERNAL,External sale
2025-09,DE01,Hardware,COGS-000278,5000_VARIABLE_COGS,1678080.76,0.0,EXTERNAL,Variable cost of sales
2025-09,DE01,Hardware,COGS-000278,2100_AP,0.0,1678080.76,EXTERNAL,Variable cost of sales
2025-09,DE01,Hardware,COGS-000278,5100_FIXED_PRODUCTION,212627.95,0.0,EXTERNAL,Fixed production cost
2025-09,DE01,Hardware,COGS-000278,2100_AP,0.0,212627.95,EXTERNAL,Fixed production cost
2025-09,DE01,Hardware,OPEX-000278,6000_OPEX,297206.29,0.0,EXTERNAL,Operating expenses
2025-09,DE01,Hardware,OPEX-000278,2100_AP,0.0,297206.29,EXTERNAL,Operating expenses
2025-09,DE01,Hardware,CAPEX-000278,1500_PPE,94565.64,0.0,EXTERNAL,Capital expenditure
2025-09,DE01,Hardware,CAPEX-000278,1000_CASH,0.0,94565.64,EXTERNAL,Capital expenditure
2025-09,DE01,Hardware,DEP-000278,6100_DEPRECIATION,1125.78,0.0,EXTERNAL,Depreciation
2025-09,DE01,Hardware,DEP-000278,1590_ACCUM_DEP,0.0,1125.78,EXTERNAL,Depreciation
2025-09,DE01,Hardware,COLL-000278,1000_CASH,2215537.82,0.0,EXTERNAL,Customer collections
2025-09,DE01,Hardware,COLL-000278,1100_AR,0.0,2215537.82,EXTERNAL,Customer collections
2025-09,DE01,Hardware,PAY-000278,2100_AP,1706573.71,0.0,EXTERNAL,Supplier payments
2025-09,DE01,Hardware,PAY-000278,1000_CASH,0.0,1706573.71,EXTERNAL,Supplier payments
2025-09,ES01,Hardware,REV-000279,1100_AR,2610358.92,0.0,EXTERNAL,External sale
2025-09,ES01,Hardware,REV-000279,4000_REVENUE,0.0,2610358.92,EXTERNAL,External sale
2025-09,ES01,Hardware,COGS-000279,5000_VARIABLE_COGS,1624218.28,0.0,EXTERNAL,Variable cost of sales
2025-09,ES01,Hardware,COGS-000279,2100_AP,0.0,1624218.28,EXTERNAL,Variable cost of sales
2025-09,ES01,Hardware,COGS-000279,5100_FIXED_PRODUCTION,198113.21,0.0,EXTERNAL,Fixed production cost
2025-09,ES01,Hardware,COGS-000279,2100_AP,0.0,198113.21,EXTERNAL,Fixed production cost
2025-09,ES01,Hardware,OPEX-000279,6000_OPEX,287139.48,0.0,EXTERNAL,Operating expenses
2025-09,ES01,Hardware,OPEX-000279,2100_AP,0.0,287139.48,EXTERNAL,Operating expenses
2025-09,ES01,Hardware,CAPEX-000279,1500_PPE,91362.56,0.0,EXTERNAL,Capital expenditure
2025-09,ES01,Hardware,CAPEX-000279,1000_CASH,0.0,91362.56,EXTERNAL,Capital expenditure
2025-09,ES01,Hardware,DEP-000279,6100_DEPRECIATION,1087.65,0.0,EXTERNAL,Depreciation
2025-09,ES01,Hardware,DEP-000279,1590_ACCUM_DEP,0.0,1087.65,EXTERNAL,Depreciation
2025-09,ES01,Hardware,COLL-000279,1000_CASH,2140494.31,0.0,EXTERNAL,Customer collections
2025-09,ES01,Hardware,COLL-000279,1100_AR,0.0,2140494.31,EXTERNAL,Customer collections
2025-09,ES01,Hardware,PAY-000279,2100_AP,1645387.36,0.0,EXTERNAL,Supplier payments
2025-09,ES01,Hardware,PAY-000279,1000_CASH,0.0,1645387.36,EXTERNAL,Supplier payments
2025-09,US01,Hardware,REV-000280,1100_AR,2549548.86,0.0,EXTERNAL,External sale
2025-09,US01,Hardware,REV-000280,4000_REVENUE,0.0,2549548.86,EXTERNAL,External sale
2025-09,US01,Hardware,COGS-000280,5000_VARIABLE_COGS,1621861.45,0.0,EXTERNAL,Variable cost of sales
2025-09,US01,Hardware,COGS-000280,2100_AP,0.0,1621861.45,EXTERNAL,Variable cost of sales
2025-09,US01,Hardware,COGS-000280,5100_FIXED_PRODUCTION,104572.97,0.0,EXTERNAL,Fixed production cost
2025-09,US01,Hardware,COGS-000280,2100_AP,0.0,104572.97,EXTERNAL,Fixed production cost
2025-09,US01,Hardware,OPEX-000280,6000_OPEX,280450.37,0.0,EXTERNAL,Operating expenses
2025-09,US01,Hardware,OPEX-000280,2100_AP,0.0,280450.37,EXTERNAL,Operating expenses
2025-09,US01,Hardware,CAPEX-000280,1500_PPE,89234.21,0.0,EXTERNAL,Capital expenditure
2025-09,US01,Hardware,CAPEX-000280,1000_CASH,0.0,89234.21,EXTERNAL,Capital expenditure
2025-09,US01,Hardware,DEP-000280,6100_DEPRECIATION,1062.31,0.0,EXTERNAL,Depreciation
2025-09,US01,Hardware,DEP-000280,1590_ACCUM_DEP,0.0,1062.31,EXTERNAL,Depreciation
2025-09,US01,Hardware,COLL-000280,1000_CASH,2090630.07,0.0,EXTERNAL,Customer collections
2025-09,US01,Hardware,COLL-000280,1100_AR,0.0,2090630.07,EXTERNAL,Customer collections
2025-09,US01,Hardware,PAY-000280,2100_AP,1565370.14,0.0,EXTERNAL,Supplier payments
2025-09,US01,Hardware,PAY-000280,1000_CASH,0.0,1565370.14,EXTERNAL,Supplier payments
2025-09,JP01,Hardware,REV-000281,1100_AR,2802232.21,0.0,EXTERNAL,External sale
2025-09,JP01,Hardware,REV-000281,4000_REVENUE,0.0,2802232.21,EXTERNAL,External sale
2025-09,JP01,Hardware,COGS-000281,5000_VARIABLE_COGS,1804430.0,0.0,EXTERNAL,Variable cost of sales
2025-09,JP01,Hardware,COGS-000281,2100_AP,0.0,1804430.0,EXTERNAL,Variable cost of sales
2025-09,JP01,Hardware,COGS-000281,5100_FIXED_PRODUCTION,230259.2,0.0,EXTERNAL,Fixed production cost
2025-09,JP01,Hardware,COGS-000281,2100_AP,0.0,230259.2,EXTERNAL,Fixed production cost
2025-09,JP01,Hardware,OPEX-000281,6000_OPEX,308245.54,0.0,EXTERNAL,Operating expenses
2025-09,JP01,Hardware,OPEX-000281,2100_AP,0.0,308245.54,EXTERNAL,Operating expenses
2025-09,JP01,Hardware,CAPEX-000281,1500_PPE,98078.13,0.0,EXTERNAL,Capital expenditure
2025-09,JP01,Hardware,CAPEX-000281,1000_CASH,0.0,98078.13,EXTERNAL,Capital expenditure
2025-09,JP01,Hardware,DEP-000281,6100_DEPRECIATION,1167.6,0.0,EXTERNAL,Depreciation
2025-09,JP01,Hardware,DEP-000281,1590_ACCUM_DEP,0.0,1167.6,EXTERNAL,Depreciation
2025-09,JP01,Hardware,COLL-000281,1000_CASH,2297830.41,0.0,EXTERNAL,Customer collections
2025-09,JP01,Hardware,COLL-000281,1100_AR,0.0,2297830.41,EXTERNAL,Customer collections
2025-09,JP01,Hardware,PAY-000281,2100_AP,1827489.1,0.0,EXTERNAL,Supplier payments
2025-09,JP01,Hardware,PAY-000281,1000_CASH,0.0,1827489.1,EXTERNAL,Supplier payments
2025-09,ES01,Events,REV-000282,1100_AR,1349796.51,0.0,EXTERNAL,External sale
2025-09,ES01,Events,REV-000282,4000_REVENUE,0.0,1349796.51,EXTERNAL,External sale
2025-09,ES01,Events,COGS-000282,5000_VARIABLE_COGS,793200.58,0.0,EXTERNAL,Variable cost of sales
2025-09,ES01,Events,COGS-000282,2100_AP,0.0,793200.58,EXTERNAL,Variable cost of sales
2025-09,ES01,Events,COGS-000282,5100_FIXED_PRODUCTION,77626.58,0.0,EXTERNAL,Fixed production cost
2025-09,ES01,Events,COGS-000282,2100_AP,0.0,77626.58,EXTERNAL,Fixed production cost
2025-09,ES01,Events,OPEX-000282,6000_OPEX,229465.41,0.0,EXTERNAL,Operating expenses
2025-09,ES01,Events,OPEX-000282,2100_AP,0.0,229465.41,EXTERNAL,Operating expenses
2025-09,ES01,Events,CAPEX-000282,1500_PPE,13497.97,0.0,EXTERNAL,Capital expenditure
2025-09,ES01,Events,CAPEX-000282,1000_CASH,0.0,13497.97,EXTERNAL,Capital expenditure
2025-09,ES01,Events,DEP-000282,6100_DEPRECIATION,160.69,0.0,EXTERNAL,Depreciation
2025-09,ES01,Events,DEP-000282,1590_ACCUM_DEP,0.0,160.69,EXTERNAL,Depreciation
2025-09,ES01,Events,COLL-000282,1000_CASH,1106833.14,0.0,EXTERNAL,Customer collections
2025-09,ES01,Events,COLL-000282,1100_AR,0.0,1106833.14,EXTERNAL,Customer collections
2025-09,ES01,Events,PAY-000282,2100_AP,858228.2,0.0,EXTERNAL,Supplier payments
2025-09,ES01,Events,PAY-000282,1000_CASH,0.0,858228.2,EXTERNAL,Supplier payments
2025-09,US01,Events,REV-000283,1100_AR,1353933.42,0.0,EXTERNAL,External sale
2025-09,US01,Events,REV-000283,4000_REVENUE,0.0,1353933.42,EXTERNAL,External sale
2025-09,US01,Events,COGS-000283,5000_VARIABLE_COGS,802128.57,0.0,EXTERNAL,Variable cost of sales
2025-09,US01,Events,COGS-000283,2100_AP,0.0,802128.57,EXTERNAL,Variable cost of sales
2025-09,US01,Events,COGS-000283,5100_FIXED_PRODUCTION,64671.69,0.0,EXTERNAL,Fixed production cost
2025-09,US01,Events,COGS-000283,2100_AP,0.0,64671.69,EXTERNAL,Fixed production cost
2025-09,US01,Events,OPEX-000283,6000_OPEX,230168.68,0.0,EXTERNAL,Operating expenses
2025-09,US01,Events,OPEX-000283,2100_AP,0.0,230168.68,EXTERNAL,Operating expenses
2025-09,US01,Events,CAPEX-000283,1500_PPE,13539.33,0.0,EXTERNAL,Capital expenditure
2025-09,US01,Events,CAPEX-000283,1000_CASH,0.0,13539.33,EXTERNAL,Capital expenditure
2025-09,US01,Events,DEP-000283,6100_DEPRECIATION,161.18,0.0,EXTERNAL,Depreciation
2025-09,US01,Events,DEP-000283,1590_ACCUM_DEP,0.0,161.18,EXTERNAL,Depreciation
2025-09,US01,Events,COLL-000283,1000_CASH,1110225.4,0.0,EXTERNAL,Customer collections
2025-09,US01,Events,COLL-000283,1100_AR,0.0,1110225.4,EXTERNAL,Customer collections
2025-09,US01,Events,PAY-000283,2100_AP,855635.77,0.0,EXTERNAL,Supplier payments
2025-09,US01,Events,PAY-000283,1000_CASH,0.0,855635.77,EXTERNAL,Supplier payments
2025-09,ES01,Spare Parts,REV-000284,1100_AR,1869393.88,0.0,EXTERNAL,External sale
2025-09,ES01,Spare Parts,REV-000284,4000_REVENUE,0.0,1869393.88,EXTERNAL,External sale
2025-09,ES01,Spare Parts,COGS-000284,5000_VARIABLE_COGS,850413.68,0.0,EXTERNAL,Variable cost of sales
2025-09,ES01,Spare Parts,COGS-000284,2100_AP,0.0,850413.68,EXTERNAL,Variable cost of sales
2025-09,ES01,Spare Parts,COGS-000284,5100_FIXED_PRODUCTION,111282.11,0.0,EXTERNAL,Fixed production cost
2025-09,ES01,Spare Parts,COGS-000284,2100_AP,0.0,111282.11,EXTERNAL,Fixed production cost
2025-09,ES01,Spare Parts,OPEX-000284,6000_OPEX,224327.27,0.0,EXTERNAL,Operating expenses
2025-09,ES01,Spare Parts,OPEX-000284,2100_AP,0.0,224327.27,EXTERNAL,Operating expenses
2025-09,ES01,Spare Parts,CAPEX-000284,1500_PPE,18693.94,0.0,EXTERNAL,Capital expenditure
2025-09,ES01,Spare Parts,CAPEX-000284,1000_CASH,0.0,18693.94,EXTERNAL,Capital expenditure
2025-09,ES01,Spare Parts,DEP-000284,6100_DEPRECIATION,222.55,0.0,EXTERNAL,Depreciation
2025-09,ES01,Spare Parts,DEP-000284,1590_ACCUM_DEP,0.0,222.55,EXTERNAL,Depreciation
2025-09,ES01,Spare Parts,COLL-000284,1000_CASH,1532902.98,0.0,EXTERNAL,Customer collections
2025-09,ES01,Spare Parts,COLL-000284,1100_AR,0.0,1532902.98,EXTERNAL,Customer collections
2025-09,ES01,Spare Parts,PAY-000284,2100_AP,925097.98,0.0,EXTERNAL,Supplier payments
2025-09,ES01,Spare Parts,PAY-000284,1000_CASH,0.0,925097.98,EXTERNAL,Supplier payments
2025-09,JP01,Spare Parts,REV-000285,1100_AR,1879945.68,0.0,EXTERNAL,External sale
2025-09,JP01,Spare Parts,REV-000285,4000_REVENUE,0.0,1879945.68,EXTERNAL,External sale
2025-09,JP01,Spare Parts,COGS-000285,5000_VARIABLE_COGS,891175.97,0.0,EXTERNAL,Variable cost of sales
2025-09,JP01,Spare Parts,COGS-000285,2100_AP,0.0,891175.97,EXTERNAL,Variable cost of sales
2025-09,JP01,Spare Parts,COGS-000285,5100_FIXED_PRODUCTION,103980.88,0.0,EXTERNAL,Fixed production cost
2025-09,JP01,Spare Parts,COGS-000285,2100_AP,0.0,103980.88,EXTERNAL,Fixed production cost
2025-09,JP01,Spare Parts,OPEX-000285,6000_OPEX,225593.48,0.0,EXTERNAL,Operating expenses
2025-09,JP01,Spare Parts,OPEX-000285,2100_AP,0.0,225593.48,EXTERNAL,Operating expenses
2025-09,JP01,Spare Parts,CAPEX-000285,1500_PPE,18799.46,0.0,EXTERNAL,Capital expenditure
2025-09,JP01,Spare Parts,CAPEX-000285,1000_CASH,0.0,18799.46,EXTERNAL,Capital expenditure
2025-09,JP01,Spare Parts,DEP-000285,6100_DEPRECIATION,223.8,0.0,EXTERNAL,Depreciation
2025-09,JP01,Spare Parts,DEP-000285,1590_ACCUM_DEP,0.0,223.8,EXTERNAL,Depreciation
2025-09,JP01,Spare Parts,COLL-000285,1000_CASH,1541555.46,0.0,EXTERNAL,Customer collections
2025-09,JP01,Spare Parts,COLL-000285,1100_AR,0.0,1541555.46,EXTERNAL,Customer collections
2025-09,JP01,Spare Parts,PAY-000285,2100_AP,952185.25,0.0,EXTERNAL,Supplier payments
2025-09,JP01,Spare Parts,PAY-000285,1000_CASH,0.0,952185.25,EXTERNAL,Supplier payments
2025-10,DE01,Software,REV-000286,1100_AR,2410875.91,0.0,EXTERNAL,External sale
2025-10,DE01,Software,REV-000286,4000_REVENUE,0.0,2410875.91,EXTERNAL,External sale
2025-10,DE01,Software,COGS-000286,5000_VARIABLE_COGS,669676.17,0.0,EXTERNAL,Variable cost of sales
2025-10,DE01,Software,COGS-000286,2100_AP,0.0,669676.17,EXTERNAL,Variable cost of sales
2025-10,DE01,Software,OPEX-000286,6000_OPEX,554501.46,0.0,EXTERNAL,Operating expenses
2025-10,DE01,Software,OPEX-000286,2100_AP,0.0,554501.46,EXTERNAL,Operating expenses
2025-10,DE01,Software,CAPEX-000286,1500_PPE,24108.76,0.0,EXTERNAL,Capital expenditure
2025-10,DE01,Software,CAPEX-000286,1000_CASH,0.0,24108.76,EXTERNAL,Capital expenditure
2025-10,DE01,Software,DEP-000286,6100_DEPRECIATION,287.01,0.0,EXTERNAL,Depreciation
2025-10,DE01,Software,DEP-000286,1590_ACCUM_DEP,0.0,287.01,EXTERNAL,Depreciation
2025-10,DE01,Software,COLL-000286,1000_CASH,1976918.25,0.0,EXTERNAL,Customer collections
2025-10,DE01,Software,COLL-000286,1100_AR,0.0,1976918.25,EXTERNAL,Customer collections
2025-10,DE01,Software,PAY-000286,2100_AP,954858.55,0.0,EXTERNAL,Supplier payments
2025-10,DE01,Software,PAY-000286,1000_CASH,0.0,954858.55,EXTERNAL,Supplier payments
2025-10,US01,Software,REV-000287,1100_AR,2411937.12,0.0,EXTERNAL,External sale
2025-10,US01,Software,REV-000287,4000_REVENUE,0.0,2411937.12,EXTERNAL,External sale
2025-10,US01,Software,COGS-000287,5000_VARIABLE_COGS,700295.01,0.0,EXTERNAL,Variable cost of sales
2025-10,US01,Software,COGS-000287,2100_AP,0.0,700295.01,EXTERNAL,Variable cost of sales
2025-10,US01,Software,OPEX-000287,6000_OPEX,554745.54,0.0,EXTERNAL,Operating expenses
2025-10,US01,Software,OPEX-000287,2100_AP,0.0,554745.54,EXTERNAL,Operating expenses
2025-10,US01,Software,CAPEX-000287,1500_PPE,24119.37,0.0,EXTERNAL,Capital expenditure
2025-10,US01,Software,CAPEX-000287,1000_CASH,0.0,24119.37,EXTERNAL,Capital expenditure
2025-10,US01,Software,DEP-000287,6100_DEPRECIATION,287.14,0.0,EXTERNAL,Depreciation
2025-10,US01,Software,DEP-000287,1590_ACCUM_DEP,0.0,287.14,EXTERNAL,Depreciation
2025-10,US01,Software,COLL-000287,1000_CASH,1977788.44,0.0,EXTERNAL,Customer collections
2025-10,US01,Software,COLL-000287,1100_AR,0.0,1977788.44,EXTERNAL,Customer collections
2025-10,US01,Software,PAY-000287,2100_AP,978931.62,0.0,EXTERNAL,Supplier payments
2025-10,US01,Software,PAY-000287,1000_CASH,0.0,978931.62,EXTERNAL,Supplier payments
2025-10,JP01,Software,REV-000288,1100_AR,2300921.49,0.0,EXTERNAL,External sale
2025-10,JP01,Software,REV-000288,4000_REVENUE,0.0,2300921.49,EXTERNAL,External sale
2025-10,JP01,Software,COGS-000288,5000_VARIABLE_COGS,668792.94,0.0,EXTERNAL,Variable cost of sales
2025-10,JP01,Software,COGS-000288,2100_AP,0.0,668792.94,EXTERNAL,Variable cost of sales
2025-10,JP01,Software,OPEX-000288,6000_OPEX,529211.94,0.0,EXTERNAL,Operating expenses
2025-10,JP01,Software,OPEX-000288,2100_AP,0.0,529211.94,EXTERNAL,Operating expenses
2025-10,JP01,Software,CAPEX-000288,1500_PPE,23009.21,0.0,EXTERNAL,Capital expenditure
2025-10,JP01,Software,CAPEX-000288,1000_CASH,0.0,23009.21,EXTERNAL,Capital expenditure
2025-10,JP01,Software,DEP-000288,6100_DEPRECIATION,273.92,0.0,EXTERNAL,Depreciation
2025-10,JP01,Software,DEP-000288,1590_ACCUM_DEP,0.0,273.92,EXTERNAL,Depreciation
2025-10,JP01,Software,COLL-000288,1000_CASH,1886755.62,0.0,EXTERNAL,Customer collections
2025-10,JP01,Software,COLL-000288,1100_AR,0.0,1886755.62,EXTERNAL,Customer collections
2025-10,JP01,Software,PAY-000288,2100_AP,934443.81,0.0,EXTERNAL,Supplier payments
2025-10,JP01,Software,PAY-000288,1000_CASH,0.0,934443.81,EXTERNAL,Supplier payments
2025-10,DE01,Hardware,REV-000289,1100_AR,2694323.3,0.0,EXTERNAL,External sale
2025-10,DE01,Hardware,REV-000289,4000_REVENUE,0.0,2694323.3,EXTERNAL,External sale
2025-10,DE01,Hardware,COGS-000289,5000_VARIABLE_COGS,1696092.0,0.0,EXTERNAL,Variable cost of sales
2025-10,DE01,Hardware,COGS-000289,2100_AP,0.0,1696092.0,EXTERNAL,Variable cost of sales
2025-10,DE01,Hardware,COGS-000289,5100_FIXED_PRODUCTION,220581.4,0.0,EXTERNAL,Fixed production cost
2025-10,DE01,Hardware,COGS-000289,2100_AP,0.0,220581.4,EXTERNAL,Fixed production cost
2025-10,DE01,Hardware,OPEX-000289,6000_OPEX,296375.56,0.0,EXTERNAL,Operating expenses
2025-10,DE01,Hardware,OPEX-000289,2100_AP,0.0,296375.56,EXTERNAL,Operating expenses
2025-10,DE01,Hardware,CAPEX-000289,1500_PPE,94301.32,0.0,EXTERNAL,Capital expenditure
2025-10,DE01,Hardware,CAPEX-000289,1000_CASH,0.0,94301.32,EXTERNAL,Capital expenditure
2025-10,DE01,Hardware,DEP-000289,6100_DEPRECIATION,1122.63,0.0,EXTERNAL,Depreciation
2025-10,DE01,Hardware,DEP-000289,1590_ACCUM_DEP,0.0,1122.63,EXTERNAL,Depreciation
2025-10,DE01,Hardware,COLL-000289,1000_CASH,2209345.11,0.0,EXTERNAL,Customer collections
2025-10,DE01,Hardware,COLL-000289,1100_AR,0.0,2209345.11,EXTERNAL,Customer collections
2025-10,DE01,Hardware,PAY-000289,2100_AP,1726178.19,0.0,EXTERNAL,Supplier payments
2025-10,DE01,Hardware,PAY-000289,1000_CASH,0.0,1726178.19,EXTERNAL,Supplier payments
2025-10,ES01,Hardware,REV-000290,1100_AR,2737275.74,0.0,EXTERNAL,External sale
2025-10,ES01,Hardware,REV-000290,4000_REVENUE,0.0,2737275.74,EXTERNAL,External sale
2025-10,ES01,Hardware,COGS-000290,5000_VARIABLE_COGS,1741558.79,0.0,EXTERNAL,Variable cost of sales
2025-10,ES01,Hardware,COGS-000290,2100_AP,0.0,1741558.79,EXTERNAL,Variable cost of sales
2025-10,ES01,Hardware,COGS-000290,5100_FIXED_PRODUCTION,222562.67,0.0,EXTERNAL,Fixed production cost
2025-10,ES01,Hardware,COGS-000290,2100_AP,0.0,222562.67,EXTERNAL,Fixed production cost
2025-10,ES01,Hardware,OPEX-000290,6000_OPEX,301100.33,0.0,EXTERNAL,Operating expenses
2025-10,ES01,Hardware,OPEX-000290,2100_AP,0.0,301100.33,EXTERNAL,Operating expenses
2025-10,ES01,Hardware,CAPEX-000290,1500_PPE,95804.65,0.0,EXTERNAL,Capital expenditure
2025-10,ES01,Hardware,CAPEX-000290,1000_CASH,0.0,95804.65,EXTERNAL,Capital expenditure
2025-10,ES01,Hardware,DEP-000290,6100_DEPRECIATION,1140.53,0.0,EXTERNAL,Depreciation
2025-10,ES01,Hardware,DEP-000290,1590_ACCUM_DEP,0.0,1140.53,EXTERNAL,Depreciation
2025-10,ES01,Hardware,COLL-000290,1000_CASH,2244566.11,0.0,EXTERNAL,Customer collections
2025-10,ES01,Hardware,COLL-000290,1100_AR,0.0,2244566.11,EXTERNAL,Customer collections
2025-10,ES01,Hardware,PAY-000290,2100_AP,1766873.0,0.0,EXTERNAL,Supplier payments
2025-10,ES01,Hardware,PAY-000290,1000_CASH,0.0,1766873.0,EXTERNAL,Supplier payments
2025-10,US01,Hardware,REV-000291,1100_AR,2920355.67,0.0,EXTERNAL,External sale
2025-10,US01,Hardware,REV-000291,4000_REVENUE,0.0,2920355.67,EXTERNAL,External sale
2025-10,US01,Hardware,COGS-000291,5000_VARIABLE_COGS,1884331.41,0.0,EXTERNAL,Variable cost of sales
2025-10,US01,Hardware,COGS-000291,2100_AP,0.0,1884331.41,EXTERNAL,Variable cost of sales
2025-10,US01,Hardware,COGS-000291,5100_FIXED_PRODUCTION,192355.82,0.0,EXTERNAL,Fixed production cost
2025-10,US01,Hardware,COGS-000291,2100_AP,0.0,192355.82,EXTERNAL,Fixed production cost
2025-10,US01,Hardware,OPEX-000291,6000_OPEX,321239.12,0.0,EXTERNAL,Operating expenses
2025-10,US01,Hardware,OPEX-000291,2100_AP,0.0,321239.12,EXTERNAL,Operating expenses
2025-10,US01,Hardware,CAPEX-000291,1500_PPE,102212.45,0.0,EXTERNAL,Capital expenditure
2025-10,US01,Hardware,CAPEX-000291,1000_CASH,0.0,102212.45,EXTERNAL,Capital expenditure
2025-10,US01,Hardware,DEP-000291,6100_DEPRECIATION,1216.81,0.0,EXTERNAL,Depreciation
2025-10,US01,Hardware,DEP-000291,1590_ACCUM_DEP,0.0,1216.81,EXTERNAL,Depreciation
2025-10,US01,Hardware,COLL-000291,1000_CASH,2394691.65,0.0,EXTERNAL,Customer collections
2025-10,US01,Hardware,COLL-000291,1100_AR,0.0,2394691.65,EXTERNAL,Customer collections
2025-10,US01,Hardware,PAY-000291,2100_AP,1870382.56,0.0,EXTERNAL,Supplier payments
2025-10,US01,Hardware,PAY-000291,1000_CASH,0.0,1870382.56,EXTERNAL,Supplier payments
2025-10,JP01,Hardware,REV-000292,1100_AR,2850029.07,0.0,EXTERNAL,External sale
2025-10,JP01,Hardware,REV-000292,4000_REVENUE,0.0,2850029.07,EXTERNAL,External sale
2025-10,JP01,Hardware,COGS-000292,5000_VARIABLE_COGS,1796026.22,0.0,EXTERNAL,Variable cost of sales
2025-10,JP01,Hardware,COGS-000292,2100_AP,0.0,1796026.22,EXTERNAL,Variable cost of sales
2025-10,JP01,Hardware,COGS-000292,5100_FIXED_PRODUCTION,246465.19,0.0,EXTERNAL,Fixed production cost
2025-10,JP01,Hardware,COGS-000292,2100_AP,0.0,246465.19,EXTERNAL,Fixed production cost
2025-10,JP01,Hardware,OPEX-000292,6000_OPEX,313503.2,0.0,EXTERNAL,Operating expenses
2025-10,JP01,Hardware,OPEX-000292,2100_AP,0.0,313503.2,EXTERNAL,Operating expenses
2025-10,JP01,Hardware,CAPEX-000292,1500_PPE,99751.02,0.0,EXTERNAL,Capital expenditure
2025-10,JP01,Hardware,CAPEX-000292,1000_CASH,0.0,99751.02,EXTERNAL,Capital expenditure
2025-10,JP01,Hardware,DEP-000292,6100_DEPRECIATION,1187.51,0.0,EXTERNAL,Depreciation
2025-10,JP01,Hardware,DEP-000292,1590_ACCUM_DEP,0.0,1187.51,EXTERNAL,Depreciation
2025-10,JP01,Hardware,COLL-000292,1000_CASH,2337023.84,0.0,EXTERNAL,Customer collections
2025-10,JP01,Hardware,COLL-000292,1100_AR,0.0,2337023.84,EXTERNAL,Customer collections
2025-10,JP01,Hardware,PAY-000292,2100_AP,1837675.8,0.0,EXTERNAL,Supplier payments
2025-10,JP01,Hardware,PAY-000292,1000_CASH,0.0,1837675.8,EXTERNAL,Supplier payments
2025-10,ES01,Events,REV-000293,1100_AR,1375019.17,0.0,EXTERNAL,External sale
2025-10,ES01,Events,REV-000293,4000_REVENUE,0.0,1375019.17,EXTERNAL,External sale
2025-10,ES01,Events,COGS-000293,5000_VARIABLE_COGS,802810.94,0.0,EXTERNAL,Variable cost of sales
2025-10,ES01,Events,COGS-000293,2100_AP,0.0,802810.94,EXTERNAL,Variable cost of sales
2025-10,ES01,Events,COGS-000293,5100_FIXED_PRODUCTION,69394.87,0.0,EXTERNAL,Fixed production cost
2025-10,ES01,Events,COGS-000293,2100_AP,0.0,69394.87,EXTERNAL,Fixed production cost
2025-10,ES01,Events,OPEX-000293,6000_OPEX,233753.26,0.0,EXTERNAL,Operating expenses
2025-10,ES01,Events,OPEX-000293,2100_AP,0.0,233753.26,EXTERNAL,Operating expenses
2025-10,ES01,Events,CAPEX-000293,1500_PPE,13750.19,0.0,EXTERNAL,Capital expenditure
2025-10,ES01,Events,CAPEX-000293,1000_CASH,0.0,13750.19,EXTERNAL,Capital expenditure
2025-10,ES01,Events,DEP-000293,6100_DEPRECIATION,163.69,0.0,EXTERNAL,Depreciation
2025-10,ES01,Events,DEP-000293,1590_ACCUM_DEP,0.0,163.69,EXTERNAL,Depreciation
2025-10,ES01,Events,COLL-000293,1000_CASH,1127515.72,0.0,EXTERNAL,Customer collections
2025-10,ES01,Events,COLL-000293,1100_AR,0.0,1127515.72,EXTERNAL,Customer collections
2025-10,ES01,Events,PAY-000293,2100_AP,862648.07,0.0,EXTERNAL,Supplier payments
2025-10,ES01,Events,PAY-000293,1000_CASH,0.0,862648.07,EXTERNAL,Supplier payments
2025-10,US01,Events,REV-000294,1100_AR,1341262.1,0.0,EXTERNAL,External sale
2025-10,US01,Events,REV-000294,4000_REVENUE,0.0,1341262.1,EXTERNAL,External sale
2025-10,US01,Events,COGS-000294,5000_VARIABLE_COGS,770655.4,0.0,EXTERNAL,Variable cost of sales
2025-10,US01,Events,COGS-000294,2100_AP,0.0,770655.4,EXTERNAL,Variable cost of sales
2025-10,US01,Events,COGS-000294,5100_FIXED_PRODUCTION,66375.39,0.0,EXTERNAL,Fixed production cost
2025-10,US01,Events,COGS-000294,2100_AP,0.0,66375.39,EXTERNAL,Fixed production cost
2025-10,US01,Events,OPEX-000294,6000_OPEX,228014.56,0.0,EXTERNAL,Operating expenses
2025-10,US01,Events,OPEX-000294,2100_AP,0.0,228014.56,EXTERNAL,Operating expenses
2025-10,US01,Events,CAPEX-000294,1500_PPE,13412.62,0.0,EXTERNAL,Capital expenditure
2025-10,US01,Events,CAPEX-000294,1000_CASH,0.0,13412.62,EXTERNAL,Capital expenditure
2025-10,US01,Events,DEP-000294,6100_DEPRECIATION,159.67,0.0,EXTERNAL,Depreciation
2025-10,US01,Events,DEP-000294,1590_ACCUM_DEP,0.0,159.67,EXTERNAL,Depreciation
2025-10,US01,Events,COLL-000294,1000_CASH,1099834.92,0.0,EXTERNAL,Customer collections
2025-10,US01,Events,COLL-000294,1100_AR,0.0,1099834.92,EXTERNAL,Customer collections
2025-10,US01,Events,PAY-000294,2100_AP,830735.37,0.0,EXTERNAL,Supplier payments
2025-10,US01,Events,PAY-000294,1000_CASH,0.0,830735.37,EXTERNAL,Supplier payments
2025-10,ES01,Spare Parts,REV-000295,1100_AR,1890803.69,0.0,EXTERNAL,External sale
2025-10,ES01,Spare Parts,REV-000295,4000_REVENUE,0.0,1890803.69,EXTERNAL,External sale
2025-10,ES01,Spare Parts,COGS-000295,5000_VARIABLE_COGS,855348.15,0.0,EXTERNAL,Variable cost of sales
2025-10,ES01,Spare Parts,COGS-000295,2100_AP,0.0,855348.15,EXTERNAL,Variable cost of sales
2025-10,ES01,Spare Parts,COGS-000295,5100_FIXED_PRODUCTION,140981.22,0.0,EXTERNAL,Fixed production cost
2025-10,ES01,Spare Parts,COGS-000295,2100_AP,0.0,140981.22,EXTERNAL,Fixed production cost
2025-10,ES01,Spare Parts,OPEX-000295,6000_OPEX,226896.44,0.0,EXTERNAL,Operating expenses
2025-10,ES01,Spare Parts,OPEX-000295,2100_AP,0.0,226896.44,EXTERNAL,Operating expenses
2025-10,ES01,Spare Parts,CAPEX-000295,1500_PPE,18908.04,0.0,EXTERNAL,Capital expenditure
2025-10,ES01,Spare Parts,CAPEX-000295,1000_CASH,0.0,18908.04,EXTERNAL,Capital expenditure
2025-10,ES01,Spare Parts,DEP-000295,6100_DEPRECIATION,225.1,0.0,EXTERNAL,Depreciation
2025-10,ES01,Spare Parts,DEP-000295,1590_ACCUM_DEP,0.0,225.1,EXTERNAL,Depreciation
2025-10,ES01,Spare Parts,COLL-000295,1000_CASH,1550459.03,0.0,EXTERNAL,Customer collections
2025-10,ES01,Spare Parts,COLL-000295,1100_AR,0.0,1550459.03,EXTERNAL,Customer collections
2025-10,ES01,Spare Parts,PAY-000295,2100_AP,954116.14,0.0,EXTERNAL,Supplier payments
2025-10,ES01,Spare Parts,PAY-000295,1000_CASH,0.0,954116.14,EXTERNAL,Supplier payments
2025-10,JP01,Spare Parts,REV-000296,1100_AR,1962481.78,0.0,EXTERNAL,External sale
2025-10,JP01,Spare Parts,REV-000296,4000_REVENUE,0.0,1962481.78,EXTERNAL,External sale
2025-10,JP01,Spare Parts,COGS-000296,5000_VARIABLE_COGS,939973.06,0.0,EXTERNAL,Variable cost of sales
2025-10,JP01,Spare Parts,COGS-000296,2100_AP,0.0,939973.06,EXTERNAL,Variable cost of sales
2025-10,JP01,Spare Parts,COGS-000296,5100_FIXED_PRODUCTION,88669.54,0.0,EXTERNAL,Fixed production cost
2025-10,JP01,Spare Parts,COGS-000296,2100_AP,0.0,88669.54,EXTERNAL,Fixed production cost
2025-10,JP01,Spare Parts,OPEX-000296,6000_OPEX,235497.81,0.0,EXTERNAL,Operating expenses
2025-10,JP01,Spare Parts,OPEX-000296,2100_AP,0.0,235497.81,EXTERNAL,Operating expenses
2025-10,JP01,Spare Parts,CAPEX-000296,1500_PPE,19624.82,0.0,EXTERNAL,Capital expenditure
2025-10,JP01,Spare Parts,CAPEX-000296,1000_CASH,0.0,19624.82,EXTERNAL,Capital expenditure
2025-10,JP01,Spare Parts,DEP-000296,6100_DEPRECIATION,233.63,0.0,EXTERNAL,Depreciation
2025-10,JP01,Spare Parts,DEP-000296,1590_ACCUM_DEP,0.0,233.63,EXTERNAL,Depreciation
2025-10,JP01,Spare Parts,COLL-000296,1000_CASH,1609235.06,0.0,EXTERNAL,Customer collections
2025-10,JP01,Spare Parts,COLL-000296,1100_AR,0.0,1609235.06,EXTERNAL,Customer collections
2025-10,JP01,Spare Parts,PAY-000296,2100_AP,986029.52,0.0,EXTERNAL,Supplier payments
2025-10,JP01,Spare Parts,PAY-000296,1000_CASH,0.0,986029.52,EXTERNAL,Supplier payments
2025-11,DE01,Software,REV-000297,1100_AR,2311180.93,0.0,EXTERNAL,External sale
2025-11,DE01,Software,REV-000297,4000_REVENUE,0.0,2311180.93,EXTERNAL,External sale
2025-11,DE01,Software,COGS-000297,5000_VARIABLE_COGS,654998.69,0.0,EXTERNAL,Variable cost of sales
2025-11,DE01,Software,COGS-000297,2100_AP,0.0,654998.69,EXTERNAL,Variable cost of sales
2025-11,DE01,Software,OPEX-000297,6000_OPEX,531571.61,0.0,EXTERNAL,Operating expenses
2025-11,DE01,Software,OPEX-000297,2100_AP,0.0,531571.61,EXTERNAL,Operating expenses
2025-11,DE01,Software,CAPEX-000297,1500_PPE,23111.81,0.0,EXTERNAL,Capital expenditure
2025-11,DE01,Software,CAPEX-000297,1000_CASH,0.0,23111.81,EXTERNAL,Capital expenditure
2025-11,DE01,Software,DEP-000297,6100_DEPRECIATION,275.14,0.0,EXTERNAL,Depreciation
2025-11,DE01,Software,DEP-000297,1590_ACCUM_DEP,0.0,275.14,EXTERNAL,Depreciation
2025-11,DE01,Software,COLL-000297,1000_CASH,1895168.36,0.0,EXTERNAL,Customer collections
2025-11,DE01,Software,COLL-000297,1100_AR,0.0,1895168.36,EXTERNAL,Customer collections
2025-11,DE01,Software,PAY-000297,2100_AP,925524.84,0.0,EXTERNAL,Supplier payments
2025-11,DE01,Software,PAY-000297,1000_CASH,0.0,925524.84,EXTERNAL,Supplier payments
2025-11,US01,Software,REV-000298,1100_AR,2541074.06,0.0,EXTERNAL,External sale
2025-11,US01,Software,REV-000298,4000_REVENUE,0.0,2541074.06,EXTERNAL,External sale
2025-11,US01,Software,COGS-000298,5000_VARIABLE_COGS,751898.84,0.0,EXTERNAL,Variable cost of sales
2025-11,US01,Software,COGS-000298,2100_AP,0.0,751898.84,EXTERNAL,Variable cost of sales
2025-11,US01,Software,OPEX-000298,6000_OPEX,584447.03,0.0,EXTERNAL,Operating expenses
2025-11,US01,Software,OPEX-000298,2100_AP,0.0,584447.03,EXTERNAL,Operating expenses
2025-11,US01,Software,CAPEX-000298,1500_PPE,25410.74,0.0,EXTERNAL,Capital expenditure
2025-11,US01,Software,CAPEX-000298,1000_CASH,0.0,25410.74,EXTERNAL,Capital expenditure
2025-11,US01,Software,DEP-000298,6100_DEPRECIATION,302.51,0.0,EXTERNAL,Depreciation
2025-11,US01,Software,DEP-000298,1590_ACCUM_DEP,0.0,302.51,EXTERNAL,Depreciation
2025-11,US01,Software,COLL-000298,1000_CASH,2083680.73,0.0,EXTERNAL,Customer collections
2025-11,US01,Software,COLL-000298,1100_AR,0.0,2083680.73,EXTERNAL,Customer collections
2025-11,US01,Software,PAY-000298,2100_AP,1042349.78,0.0,EXTERNAL,Supplier payments
2025-11,US01,Software,PAY-000298,1000_CASH,0.0,1042349.78,EXTERNAL,Supplier payments
2025-11,JP01,Software,REV-000299,1100_AR,2292453.51,0.0,EXTERNAL,External sale
2025-11,JP01,Software,REV-000299,4000_REVENUE,0.0,2292453.51,EXTERNAL,External sale
2025-11,JP01,Software,COGS-000299,5000_VARIABLE_COGS,656604.39,0.0,EXTERNAL,Variable cost of sales
2025-11,JP01,Software,COGS-000299,2100_AP,0.0,656604.39,EXTERNAL,Variable cost of sales
2025-11,JP01,Software,OPEX-000299,6000_OPEX,527264.31,0.0,EXTERNAL,Operating expenses
2025-11,JP01,Software,OPEX-000299,2100_AP,0.0,527264.31,EXTERNAL,Operating expenses
2025-11,JP01,Software,CAPEX-000299,1500_PPE,22924.54,0.0,EXTERNAL,Capital expenditure
2025-11,JP01,Software,CAPEX-000299,1000_CASH,0.0,22924.54,EXTERNAL,Capital expenditure
2025-11,JP01,Software,DEP-000299,6100_DEPRECIATION,272.91,0.0,EXTERNAL,Depreciation
2025-11,JP01,Software,DEP-000299,1590_ACCUM_DEP,0.0,272.91,EXTERNAL,Depreciation
2025-11,JP01,Software,COLL-000299,1000_CASH,1879811.88,0.0,EXTERNAL,Customer collections
2025-11,JP01,Software,COLL-000299,1100_AR,0.0,1879811.88,EXTERNAL,Customer collections
2025-11,JP01,Software,PAY-000299,2100_AP,923417.59,0.0,EXTERNAL,Supplier payments
2025-11,JP01,Software,PAY-000299,1000_CASH,0.0,923417.59,EXTERNAL,Supplier payments
2025-11,DE01,Hardware,REV-000300,1100_AR,2978080.93,0.0,EXTERNAL,External sale
2025-11,DE01,Hardware,REV-000300,4000_REVENUE,0.0,2978080.93,EXTERNAL,External sale
2025-11,DE01,Hardware,COGS-000300,5000_VARIABLE_COGS,1897117.22,0.0,EXTERNAL,Variable cost of sales
2025-11,DE01,Hardware,COGS-000300,2100_AP,0.0,1897117.22,EXTERNAL,Variable cost of sales
2025-11,DE01,Hardware,COGS-000300,5100_FIXED_PRODUCTION,228463.36,0.0,EXTERNAL,Fixed production cost
2025-11,DE01,Hardware,COGS-000300,2100_AP,0.0,228463.36,EXTERNAL,Fixed production cost
2025-11,DE01,Hardware,OPEX-000300,6000_OPEX,327588.9,0.0,EXTERNAL,Operating expenses
2025-11,DE01,Hardware,OPEX-000300,2100_AP,0.0,327588.9,EXTERNAL,Operating expenses
2025-11,DE01,Hardware,CAPEX-000300,1500_PPE,104232.83,0.0,EXTERNAL,Capital expenditure
2025-11,DE01,Hardware,CAPEX-000300,1000_CASH,0.0,104232.83,EXTERNAL,Capital expenditure
2025-11,DE01,Hardware,DEP-000300,6100_DEPRECIATION,1240.87,0.0,EXTERNAL,Depreciation
2025-11,DE01,Hardware,DEP-000300,1590_ACCUM_DEP,0.0,1240.87,EXTERNAL,Depreciation
2025-11,DE01,Hardware,COLL-000300,1000_CASH,2442026.36,0.0,EXTERNAL,Customer collections
2025-11,DE01,Hardware,COLL-000300,1100_AR,0.0,2442026.36,EXTERNAL,Customer collections
2025-11,DE01,Hardware,PAY-000300,2100_AP,1913472.2,0.0,EXTERNAL,Supplier payments
2025-11,DE01,Hardware,PAY-000300,1000_CASH,0.0,1913472.2,EXTERNAL,Supplier payments
2025-11,ES01,Hardware,REV-000301,1100_AR,2734214.39,0.0,EXTERNAL,External sale
2025-11,ES01,Hardware,REV-000301,4000_REVENUE,0.0,2734214.39,EXTERNAL,External sale
2025-11,ES01,Hardware,COGS-000301,5000_VARIABLE_COGS,1753332.71,0.0,EXTERNAL,Variable cost of sales
2025-11,ES01,Hardware,COGS-000301,2100_AP,0.0,1753332.71,EXTERNAL,Variable cost of sales
2025-11,ES01,Hardware,COGS-000301,5100_FIXED_PRODUCTION,130558.72,0.0,EXTERNAL,Fixed production cost
2025-11,ES01,Hardware,COGS-000301,2100_AP,0.0,130558.72,EXTERNAL,Fixed production cost
2025-11,ES01,Hardware,OPEX-000301,6000_OPEX,300763.58,0.0,EXTERNAL,Operating expenses
2025-11,ES01,Hardware,OPEX-000301,2100_AP,0.0,300763.58,EXTERNAL,Operating expenses
2025-11,ES01,Hardware,CAPEX-000301,1500_PPE,95697.5,0.0,EXTERNAL,Capital expenditure
2025-11,ES01,Hardware,CAPEX-000301,1000_CASH,0.0,95697.5,EXTERNAL,Capital expenditure
2025-11,ES01,Hardware,DEP-000301,6100_DEPRECIATION,1139.26,0.0,EXTERNAL,Depreciation
2025-11,ES01,Hardware,DEP-000301,1590_ACCUM_DEP,0.0,1139.26,EXTERNAL,Depreciation
2025-11,ES01,Hardware,COLL-000301,1000_CASH,2242055.8,0.0,EXTERNAL,Customer collections
2025-11,ES01,Hardware,COLL-000301,1100_AR,0.0,2242055.8,EXTERNAL,Customer collections
2025-11,ES01,Hardware,PAY-000301,2100_AP,1704030.92,0.0,EXTERNAL,Supplier payments
2025-11,ES01,Hardware,PAY-000301,1000_CASH,0.0,1704030.92,EXTERNAL,Supplier payments
2025-11,US01,Hardware,REV-000302,1100_AR,2867382.11,0.0,EXTERNAL,External sale
2025-11,US01,Hardware,REV-000302,4000_REVENUE,0.0,2867382.11,EXTERNAL,External sale
2025-11,US01,Hardware,COGS-000302,5000_VARIABLE_COGS,1806754.03,0.0,EXTERNAL,Variable cost of sales
2025-11,US01,Hardware,COGS-000302,2100_AP,0.0,1806754.03,EXTERNAL,Variable cost of sales
2025-11,US01,Hardware,COGS-000302,5100_FIXED_PRODUCTION,256071.08,0.0,EXTERNAL,Fixed production cost
2025-11,US01,Hardware,COGS-000302,2100_AP,0.0,256071.08,EXTERNAL,Fixed production cost
2025-11,US01,Hardware,OPEX-000302,6000_OPEX,315412.03,0.0,EXTERNAL,Operating expenses
2025-11,US01,Hardware,OPEX-000302,2100_AP,0.0,315412.03,EXTERNAL,Operating expenses
2025-11,US01,Hardware,CAPEX-000302,1500_PPE,100358.37,0.0,EXTERNAL,Capital expenditure
2025-11,US01,Hardware,CAPEX-000302,1000_CASH,0.0,100358.37,EXTERNAL,Capital expenditure
2025-11,US01,Hardware,DEP-000302,6100_DEPRECIATION,1194.74,0.0,EXTERNAL,Depreciation
2025-11,US01,Hardware,DEP-000302,1590_ACCUM_DEP,0.0,1194.74,EXTERNAL,Depreciation
2025-11,US01,Hardware,COLL-000302,1000_CASH,2351253.33,0.0,EXTERNAL,Customer collections
2025-11,US01,Hardware,COLL-000302,1100_AR,0.0,2351253.33,EXTERNAL,Customer collections
2025-11,US01,Hardware,PAY-000302,2100_AP,1855024.97,0.0,EXTERNAL,Supplier payments
2025-11,US01,Hardware,PAY-000302,1000_CASH,0.0,1855024.97,EXTERNAL,Supplier payments
2025-11,JP01,Hardware,REV-000303,1100_AR,2940350.71,0.0,EXTERNAL,External sale
2025-11,JP01,Hardware,REV-000303,4000_REVENUE,0.0,2940350.71,EXTERNAL,External sale
2025-11,JP01,Hardware,COGS-000303,5000_VARIABLE_COGS,1878158.79,0.0,EXTERNAL,Variable cost of sales
2025-11,JP01,Hardware,COGS-000303,2100_AP,0.0,1878158.79,EXTERNAL,Variable cost of sales
2025-11,JP01,Hardware,COGS-000303,5100_FIXED_PRODUCTION,237448.54,0.0,EXTERNAL,Fixed production cost
2025-11,JP01,Hardware,COGS-000303,2100_AP,0.0,237448.54,EXTERNAL,Fixed production cost
2025-11,JP01,Hardware,OPEX-000303,6000_OPEX,323438.58,0.0,EXTERNAL,Operating expenses
2025-11,JP01,Hardware,OPEX-000303,2100_AP,0.0,323438.58,EXTERNAL,Operating expenses
2025-11,JP01,Hardware,CAPEX-000303,1500_PPE,102912.27,0.0,EXTERNAL,Capital expenditure
2025-11,JP01,Hardware,CAPEX-000303,1000_CASH,0.0,102912.27,EXTERNAL,Capital expenditure
2025-11,JP01,Hardware,DEP-000303,6100_DEPRECIATION,1225.15,0.0,EXTERNAL,Depreciation
2025-11,JP01,Hardware,DEP-000303,1590_ACCUM_DEP,0.0,1225.15,EXTERNAL,Depreciation
2025-11,JP01,Hardware,COLL-000303,1000_CASH,2411087.58,0.0,EXTERNAL,Customer collections
2025-11,JP01,Hardware,COLL-000303,1100_AR,0.0,2411087.58,EXTERNAL,Customer collections
2025-11,JP01,Hardware,PAY-000303,2100_AP,1902455.81,0.0,EXTERNAL,Supplier payments
2025-11,JP01,Hardware,PAY-000303,1000_CASH,0.0,1902455.81,EXTERNAL,Supplier payments
2025-11,ES01,Events,REV-000304,1100_AR,1383708.89,0.0,EXTERNAL,External sale
2025-11,ES01,Events,REV-000304,4000_REVENUE,0.0,1383708.89,EXTERNAL,External sale
2025-11,ES01,Events,COGS-000304,5000_VARIABLE_COGS,816940.8,0.0,EXTERNAL,Variable cost of sales
2025-11,ES01,Events,COGS-000304,2100_AP,0.0,816940.8,EXTERNAL,Variable cost of sales
2025-11,ES01,Events,COGS-000304,5100_FIXED_PRODUCTION,87001.91,0.0,EXTERNAL,Fixed production cost
2025-11,ES01,Events,COGS-000304,2100_AP,0.0,87001.91,EXTERNAL,Fixed production cost
2025-11,ES01,Events,OPEX-000304,6000_OPEX,235230.51,0.0,EXTERNAL,Operating expenses
2025-11,ES01,Events,OPEX-000304,2100_AP,0.0,235230.51,EXTERNAL,Operating expenses
2025-11,ES01,Events,CAPEX-000304,1500_PPE,13837.09,0.0,EXTERNAL,Capital expenditure
2025-11,ES01,Events,CAPEX-000304,1000_CASH,0.0,13837.09,EXTERNAL,Capital expenditure
2025-11,ES01,Events,DEP-000304,6100_DEPRECIATION,164.73,0.0,EXTERNAL,Depreciation
2025-11,ES01,Events,DEP-000304,1590_ACCUM_DEP,0.0,164.73,EXTERNAL,Depreciation
2025-11,ES01,Events,COLL-000304,1000_CASH,1134641.29,0.0,EXTERNAL,Customer collections
2025-11,ES01,Events,COLL-000304,1100_AR,0.0,1134641.29,EXTERNAL,Customer collections
2025-11,ES01,Events,PAY-000304,2100_AP,888555.12,0.0,EXTERNAL,Supplier payments
2025-11,ES01,Events,PAY-000304,1000_CASH,0.0,888555.12,EXTERNAL,Supplier payments
2025-11,US01,Events,REV-000305,1100_AR,1547056.45,0.0,EXTERNAL,External sale
2025-11,US01,Events,REV-000305,4000_REVENUE,0.0,1547056.45,EXTERNAL,External sale
2025-11,US01,Events,COGS-000305,5000_VARIABLE_COGS,895621.18,0.0,EXTERNAL,Variable cost of sales
2025-11,US01,Events,COGS-000305,2100_AP,0.0,895621.18,EXTERNAL,Variable cost of sales
2025-11,US01,Events,COGS-000305,5100_FIXED_PRODUCTION,98857.41,0.0,EXTERNAL,Fixed production cost
2025-11,US01,Events,COGS-000305,2100_AP,0.0,98857.41,EXTERNAL,Fixed production cost
2025-11,US01,Events,OPEX-000305,6000_OPEX,262999.6,0.0,EXTERNAL,Operating expenses
2025-11,US01,Events,OPEX-000305,2100_AP,0.0,262999.6,EXTERNAL,Operating expenses
2025-11,US01,Events,CAPEX-000305,1500_PPE,15470.56,0.0,EXTERNAL,Capital expenditure
2025-11,US01,Events,CAPEX-000305,1000_CASH,0.0,15470.56,EXTERNAL,Capital expenditure
2025-11,US01,Events,DEP-000305,6100_DEPRECIATION,184.17,0.0,EXTERNAL,Depreciation
2025-11,US01,Events,DEP-000305,1590_ACCUM_DEP,0.0,184.17,EXTERNAL,Depreciation
2025-11,US01,Events,COLL-000305,1000_CASH,1268586.29,0.0,EXTERNAL,Customer collections
2025-11,US01,Events,COLL-000305,1100_AR,0.0,1268586.29,EXTERNAL,Customer collections
2025-11,US01,Events,PAY-000305,2100_AP,980832.99,0.0,EXTERNAL,Supplier payments
2025-11,US01,Events,PAY-000305,1000_CASH,0.0,980832.99,EXTERNAL,Supplier payments
2025-11,ES01,Spare Parts,REV-000306,1100_AR,1972449.2,0.0,EXTERNAL,External sale
2025-11,ES01,Spare Parts,REV-000306,4000_REVENUE,0.0,1972449.2,EXTERNAL,External sale
2025-11,ES01,Spare Parts,COGS-000306,5000_VARIABLE_COGS,942994.85,0.0,EXTERNAL,Variable cost of sales
2025-11,ES01,Spare Parts,COGS-000306,2100_AP,0.0,942994.85,EXTERNAL,Variable cost of sales
2025-11,ES01,Spare Parts,COGS-000306,5100_FIXED_PRODUCTION,108029.86,0.0,EXTERNAL,Fixed production cost
2025-11,ES01,Spare Parts,COGS-000306,2100_AP,0.0,108029.86,EXTERNAL,Fixed production cost
2025-11,ES01,Spare Parts,OPEX-000306,6000_OPEX,236693.9,0.0,EXTERNAL,Operating expenses
2025-11,ES01,Spare Parts,OPEX-000306,2100_AP,0.0,236693.9,EXTERNAL,Operating expenses
2025-11,ES01,Spare Parts,CAPEX-000306,1500_PPE,19724.49,0.0,EXTERNAL,Capital expenditure
2025-11,ES01,Spare Parts,CAPEX-000306,1000_CASH,0.0,19724.49,EXTERNAL,Capital expenditure
2025-11,ES01,Spare Parts,DEP-000306,6100_DEPRECIATION,234.82,0.0,EXTERNAL,Depreciation
2025-11,ES01,Spare Parts,DEP-000306,1590_ACCUM_DEP,0.0,234.82,EXTERNAL,Depreciation
2025-11,ES01,Spare Parts,COLL-000306,1000_CASH,1617408.34,0.0,EXTERNAL,Customer collections
2025-11,ES01,Spare Parts,COLL-000306,1100_AR,0.0,1617408.34,EXTERNAL,Customer collections
2025-11,ES01,Spare Parts,PAY-000306,2100_AP,1004420.52,0.0,EXTERNAL,Supplier payments
2025-11,ES01,Spare Parts,PAY-000306,1000_CASH,0.0,1004420.52,EXTERNAL,Supplier payments
2025-11,JP01,Spare Parts,REV-000307,1100_AR,1982600.64,0.0,EXTERNAL,External sale
2025-11,JP01,Spare Parts,REV-000307,4000_REVENUE,0.0,1982600.64,EXTERNAL,External sale
2025-11,JP01,Spare Parts,COGS-000307,5000_VARIABLE_COGS,930974.55,0.0,EXTERNAL,Variable cost of sales
2025-11,JP01,Spare Parts,COGS-000307,2100_AP,0.0,930974.55,EXTERNAL,Variable cost of sales
2025-11,JP01,Spare Parts,COGS-000307,5100_FIXED_PRODUCTION,99457.93,0.0,EXTERNAL,Fixed production cost
2025-11,JP01,Spare Parts,COGS-000307,2100_AP,0.0,99457.93,EXTERNAL,Fixed production cost
2025-11,JP01,Spare Parts,OPEX-000307,6000_OPEX,237912.08,0.0,EXTERNAL,Operating expenses
2025-11,JP01,Spare Parts,OPEX-000307,2100_AP,0.0,237912.08,EXTERNAL,Operating expenses
2025-11,JP01,Spare Parts,CAPEX-000307,1500_PPE,19826.01,0.0,EXTERNAL,Capital expenditure
2025-11,JP01,Spare Parts,CAPEX-000307,1000_CASH,0.0,19826.01,EXTERNAL,Capital expenditure
2025-11,JP01,Spare Parts,DEP-000307,6100_DEPRECIATION,236.02,0.0,EXTERNAL,Depreciation
2025-11,JP01,Spare Parts,DEP-000307,1590_ACCUM_DEP,0.0,236.02,EXTERNAL,Depreciation
2025-11,JP01,Spare Parts,COLL-000307,1000_CASH,1625732.52,0.0,EXTERNAL,Customer collections
2025-11,JP01,Spare Parts,COLL-000307,1100_AR,0.0,1625732.52,EXTERNAL,Customer collections
2025-11,JP01,Spare Parts,PAY-000307,2100_AP,989308.76,0.0,EXTERNAL,Supplier payments
2025-11,JP01,Spare Parts,PAY-000307,1000_CASH,0.0,989308.76,EXTERNAL,Supplier payments
2025-12,DE01,Software,REV-000308,1100_AR,2596350.12,0.0,EXTERNAL,External sale
2025-12,DE01,Software,REV-000308,4000_REVENUE,0.0,2596350.12,EXTERNAL,External sale
2025-12,DE01,Software,COGS-000308,5000_VARIABLE_COGS,768932.15,0.0,EXTERNAL,Variable cost of sales
2025-12,DE01,Software,COGS-000308,2100_AP,0.0,768932.15,EXTERNAL,Variable cost of sales
2025-12,DE01,Software,OPEX-000308,6000_OPEX,597160.53,0.0,EXTERNAL,Operating expenses
2025-12,DE01,Software,OPEX-000308,2100_AP,0.0,597160.53,EXTERNAL,Operating expenses
2025-12,DE01,Software,CAPEX-000308,1500_PPE,25963.5,0.0,EXTERNAL,Capital expenditure
2025-12,DE01,Software,CAPEX-000308,1000_CASH,0.0,25963.5,EXTERNAL,Capital expenditure
2025-12,DE01,Software,DEP-000308,6100_DEPRECIATION,309.09,0.0,EXTERNAL,Depreciation
2025-12,DE01,Software,DEP-000308,1590_ACCUM_DEP,0.0,309.09,EXTERNAL,Depreciation
2025-12,DE01,Software,COLL-000308,1000_CASH,2129007.1,0.0,EXTERNAL,Customer collections
2025-12,DE01,Software,COLL-000308,1100_AR,0.0,2129007.1,EXTERNAL,Customer collections
2025-12,DE01,Software,PAY-000308,2100_AP,1065552.29,0.0,EXTERNAL,Supplier payments
2025-12,DE01,Software,PAY-000308,1000_CASH,0.0,1065552.29,EXTERNAL,Supplier payments
2025-12,US01,Software,REV-000309,1100_AR,2696826.89,0.0,EXTERNAL,External sale
2025-12,US01,Software,REV-000309,4000_REVENUE,0.0,2696826.89,EXTERNAL,External sale
2025-12,US01,Software,COGS-000309,5000_VARIABLE_COGS,823091.57,0.0,EXTERNAL,Variable cost of sales
2025-12,US01,Software,COGS-000309,2100_AP,0.0,823091.57,EXTERNAL,Variable cost of sales
2025-12,US01,Software,OPEX-000309,6000_OPEX,620270.18,0.0,EXTERNAL,Operating expenses
2025-12,US01,Software,OPEX-000309,2100_AP,0.0,620270.18,EXTERNAL,Operating expenses
2025-12,US01,Software,CAPEX-000309,1500_PPE,26968.27,0.0,EXTERNAL,Capital expenditure
2025-12,US01,Software,CAPEX-000309,1000_CASH,0.0,26968.27,EXTERNAL,Capital expenditure
2025-12,US01,Software,DEP-000309,6100_DEPRECIATION,321.05,0.0,EXTERNAL,Depreciation
2025-12,US01,Software,DEP-000309,1590_ACCUM_DEP,0.0,321.05,EXTERNAL,Depreciation
2025-12,US01,Software,COLL-000309,1000_CASH,2211398.05,0.0,EXTERNAL,Customer collections
2025-12,US01,Software,COLL-000309,1100_AR,0.0,2211398.05,EXTERNAL,Customer collections
2025-12,US01,Software,PAY-000309,2100_AP,1125822.17,0.0,EXTERNAL,Supplier payments
2025-12,US01,Software,PAY-000309,1000_CASH,0.0,1125822.17,EXTERNAL,Supplier payments
2025-12,JP01,Software,REV-000310,1100_AR,2536676.94,0.0,EXTERNAL,External sale
2025-12,JP01,Software,REV-000310,4000_REVENUE,0.0,2536676.94,EXTERNAL,External sale
2025-12,JP01,Software,COGS-000310,5000_VARIABLE_COGS,707460.61,0.0,EXTERNAL,Variable cost of sales
2025-12,JP01,Software,COGS-000310,2100_AP,0.0,707460.61,EXTERNAL,Variable cost of sales
2025-12,JP01,Software,OPEX-000310,6000_OPEX,583435.7,0.0,EXTERNAL,Operating expenses
2025-12,JP01,Software,OPEX-000310,2100_AP,0.0,583435.7,EXTERNAL,Operating expenses
2025-12,JP01,Software,CAPEX-000310,1500_PPE,25366.77,0.0,EXTERNAL,Capital expenditure
2025-12,JP01,Software,CAPEX-000310,1000_CASH,0.0,25366.77,EXTERNAL,Capital expenditure
2025-12,JP01,Software,DEP-000310,6100_DEPRECIATION,301.99,0.0,EXTERNAL,Depreciation
2025-12,JP01,Software,DEP-000310,1590_ACCUM_DEP,0.0,301.99,EXTERNAL,Depreciation
2025-12,JP01,Software,COLL-000310,1000_CASH,2080075.09,0.0,EXTERNAL,Customer collections
2025-12,JP01,Software,COLL-000310,1100_AR,0.0,2080075.09,EXTERNAL,Customer collections
2025-12,JP01,Software,PAY-000310,2100_AP,1006899.12,0.0,EXTERNAL,Supplier payments
2025-12,JP01,Software,PAY-000310,1000_CASH,0.0,1006899.12,EXTERNAL,Supplier payments
2025-12,DE01,Hardware,REV-000311,1100_AR,3215075.89,0.0,EXTERNAL,External sale
2025-12,DE01,Hardware,REV-000311,4000_REVENUE,0.0,3215075.89,EXTERNAL,External sale
2025-12,DE01,Hardware,COGS-000311,5000_VARIABLE_COGS,2043343.44,0.0,EXTERNAL,Variable cost of sales
2025-12,DE01,Hardware,COGS-000311,2100_AP,0.0,2043343.44,EXTERNAL,Variable cost of sales
2025-12,DE01,Hardware,COGS-000311,5100_FIXED_PRODUCTION,238493.14,0.0,EXTERNAL,Fixed production cost
2025-12,DE01,Hardware,COGS-000311,2100_AP,0.0,238493.14,EXTERNAL,Fixed production cost
2025-12,DE01,Hardware,OPEX-000311,6000_OPEX,353658.35,0.0,EXTERNAL,Operating expenses
2025-12,DE01,Hardware,OPEX-000311,2100_AP,0.0,353658.35,EXTERNAL,Operating expenses
2025-12,DE01,Hardware,CAPEX-000311,1500_PPE,112527.66,0.0,EXTERNAL,Capital expenditure
2025-12,DE01,Hardware,CAPEX-000311,1000_CASH,0.0,112527.66,EXTERNAL,Capital expenditure
2025-12,DE01,Hardware,DEP-000311,6100_DEPRECIATION,1339.61,0.0,EXTERNAL,Depreciation
2025-12,DE01,Hardware,DEP-000311,1590_ACCUM_DEP,0.0,1339.61,EXTERNAL,Depreciation
2025-12,DE01,Hardware,COLL-000311,1000_CASH,2636362.23,0.0,EXTERNAL,Customer collections
2025-12,DE01,Hardware,COLL-000311,1100_AR,0.0,2636362.23,EXTERNAL,Customer collections
2025-12,DE01,Hardware,PAY-000311,2100_AP,2055686.04,0.0,EXTERNAL,Supplier payments
2025-12,DE01,Hardware,PAY-000311,1000_CASH,0.0,2055686.04,EXTERNAL,Supplier payments
2025-12,ES01,Hardware,REV-000312,1100_AR,2922426.23,0.0,EXTERNAL,External sale
2025-12,ES01,Hardware,REV-000312,4000_REVENUE,0.0,2922426.23,EXTERNAL,External sale
2025-12,ES01,Hardware,COGS-000312,5000_VARIABLE_COGS,1880122.71,0.0,EXTERNAL,Variable cost of sales
2025-12,ES01,Hardware,COGS-000312,2100_AP,0.0,1880122.71,EXTERNAL,Variable cost of sales
2025-12,ES01,Hardware,COGS-000312,5100_FIXED_PRODUCTION,163181.22,0.0,EXTERNAL,Fixed production cost
2025-12,ES01,Hardware,COGS-000312,2100_AP,0.0,163181.22,EXTERNAL,Fixed production cost
2025-12,ES01,Hardware,OPEX-000312,6000_OPEX,321466.89,0.0,EXTERNAL,Operating expenses
2025-12,ES01,Hardware,OPEX-000312,2100_AP,0.0,321466.89,EXTERNAL,Operating expenses
2025-12,ES01,Hardware,CAPEX-000312,1500_PPE,102284.92,0.0,EXTERNAL,Capital expenditure
2025-12,ES01,Hardware,CAPEX-000312,1000_CASH,0.0,102284.92,EXTERNAL,Capital expenditure
2025-12,ES01,Hardware,DEP-000312,6100_DEPRECIATION,1217.68,0.0,EXTERNAL,Depreciation
2025-12,ES01,Hardware,DEP-000312,1590_ACCUM_DEP,0.0,1217.68,EXTERNAL,Depreciation
2025-12,ES01,Hardware,COLL-000312,1000_CASH,2396389.51,0.0,EXTERNAL,Customer collections
2025-12,ES01,Hardware,COLL-000312,1100_AR,0.0,2396389.51,EXTERNAL,Customer collections
2025-12,ES01,Hardware,PAY-000312,2100_AP,1844521.24,0.0,EXTERNAL,Supplier payments
2025-12,ES01,Hardware,PAY-000312,1000_CASH,0.0,1844521.24,EXTERNAL,Supplier payments
2025-12,US01,Hardware,REV-000313,1100_AR,3080381.02,0.0,EXTERNAL,External sale
2025-12,US01,Hardware,REV-000313,4000_REVENUE,0.0,3080381.02,EXTERNAL,External sale
2025-12,US01,Hardware,COGS-000313,5000_VARIABLE_COGS,1930843.48,0.0,EXTERNAL,Variable cost of sales
2025-12,US01,Hardware,COGS-000313,2100_AP,0.0,1930843.48,EXTERNAL,Variable cost of sales
2025-12,US01,Hardware,COGS-000313,5100_FIXED_PRODUCTION,307282.51,0.0,EXTERNAL,Fixed production cost
2025-12,US01,Hardware,COGS-000313,2100_AP,0.0,307282.51,EXTERNAL,Fixed production cost
2025-12,US01,Hardware,OPEX-000313,6000_OPEX,338841.91,0.0,EXTERNAL,Operating expenses
2025-12,US01,Hardware,OPEX-000313,2100_AP,0.0,338841.91,EXTERNAL,Operating expenses
2025-12,US01,Hardware,CAPEX-000313,1500_PPE,107813.34,0.0,EXTERNAL,Capital expenditure
2025-12,US01,Hardware,CAPEX-000313,1000_CASH,0.0,107813.34,EXTERNAL,Capital expenditure
2025-12,US01,Hardware,DEP-000313,6100_DEPRECIATION,1283.49,0.0,EXTERNAL,Depreciation
2025-12,US01,Hardware,DEP-000313,1590_ACCUM_DEP,0.0,1283.49,EXTERNAL,Depreciation
2025-12,US01,Hardware,COLL-000313,1000_CASH,2525912.44,0.0,EXTERNAL,Customer collections
2025-12,US01,Hardware,COLL-000313,1100_AR,0.0,2525912.44,EXTERNAL,Customer collections
2025-12,US01,Hardware,PAY-000313,2100_AP,2010034.96,0.0,EXTERNAL,Supplier payments
2025-12,US01,Hardware,PAY-000313,1000_CASH,0.0,2010034.96,EXTERNAL,Supplier payments
2025-12,JP01,Hardware,REV-000314,1100_AR,3150429.1,0.0,EXTERNAL,External sale
2025-12,JP01,Hardware,REV-000314,4000_REVENUE,0.0,3150429.1,EXTERNAL,External sale
2025-12,JP01,Hardware,COGS-000314,5000_VARIABLE_COGS,1962660.43,0.0,EXTERNAL,Variable cost of sales
2025-12,JP01,Hardware,COGS-000314,2100_AP,0.0,1962660.43,EXTERNAL,Variable cost of sales
2025-12,JP01,Hardware,COGS-000314,5100_FIXED_PRODUCTION,296612.46,0.0,EXTERNAL,Fixed production cost
2025-12,JP01,Hardware,COGS-000314,2100_AP,0.0,296612.46,EXTERNAL,Fixed production cost
2025-12,JP01,Hardware,OPEX-000314,6000_OPEX,346547.2,0.0,EXTERNAL,Operating expenses
2025-12,JP01,Hardware,OPEX-000314,2100_AP,0.0,346547.2,EXTERNAL,Operating expenses
2025-12,JP01,Hardware,CAPEX-000314,1500_PPE,110265.02,0.0,EXTERNAL,Capital expenditure
2025-12,JP01,Hardware,CAPEX-000314,1000_CASH,0.0,110265.02,EXTERNAL,Capital expenditure
2025-12,JP01,Hardware,DEP-000314,6100_DEPRECIATION,1312.68,0.0,EXTERNAL,Depreciation
2025-12,JP01,Hardware,DEP-000314,1590_ACCUM_DEP,0.0,1312.68,EXTERNAL,Depreciation
2025-12,JP01,Hardware,COLL-000314,1000_CASH,2583351.86,0.0,EXTERNAL,Customer collections
2025-12,JP01,Hardware,COLL-000314,1100_AR,0.0,2583351.86,EXTERNAL,Customer collections
2025-12,JP01,Hardware,PAY-000314,2100_AP,2032539.67,0.0,EXTERNAL,Supplier payments
2025-12,JP01,Hardware,PAY-000314,1000_CASH,0.0,2032539.67,EXTERNAL,Supplier payments
2025-12,ES01,Events,REV-000315,1100_AR,1513241.46,0.0,EXTERNAL,External sale
2025-12,ES01,Events,REV-000315,4000_REVENUE,0.0,1513241.46,EXTERNAL,External sale
2025-12,ES01,Events,COGS-000315,5000_VARIABLE_COGS,907736.79,0.0,EXTERNAL,Variable cost of sales
2025-12,ES01,Events,COGS-000315,2100_AP,0.0,907736.79,EXTERNAL,Variable cost of sales
2025-12,ES01,Events,COGS-000315,5100_FIXED_PRODUCTION,39007.92,0.0,EXTERNAL,Fixed production cost
2025-12,ES01,Events,COGS-000315,2100_AP,0.0,39007.92,EXTERNAL,Fixed production cost
2025-12,ES01,Events,OPEX-000315,6000_OPEX,257251.05,0.0,EXTERNAL,Operating expenses
2025-12,ES01,Events,OPEX-000315,2100_AP,0.0,257251.05,EXTERNAL,Operating expenses
2025-12,ES01,Events,CAPEX-000315,1500_PPE,15132.41,0.0,EXTERNAL,Capital expenditure
2025-12,ES01,Events,CAPEX-000315,1000_CASH,0.0,15132.41,EXTERNAL,Capital expenditure
2025-12,ES01,Events,DEP-000315,6100_DEPRECIATION,180.15,0.0,EXTERNAL,Depreciation
2025-12,ES01,Events,DEP-000315,1590_ACCUM_DEP,0.0,180.15,EXTERNAL,Depreciation
2025-12,ES01,Events,COLL-000315,1000_CASH,1240858.0,0.0,EXTERNAL,Customer collections
2025-12,ES01,Events,COLL-000315,1100_AR,0.0,1240858.0,EXTERNAL,Customer collections
2025-12,ES01,Events,PAY-000315,2100_AP,939116.7,0.0,EXTERNAL,Supplier payments
2025-12,ES01,Events,PAY-000315,1000_CASH,0.0,939116.7,EXTERNAL,Supplier payments
2025-12,US01,Events,REV-000316,1100_AR,1548736.3,0.0,EXTERNAL,External sale
2025-12,US01,Events,REV-000316,4000_REVENUE,0.0,1548736.3,EXTERNAL,External sale
2025-12,US01,Events,COGS-000316,5000_VARIABLE_COGS,911273.42,0.0,EXTERNAL,Variable cost of sales
2025-12,US01,Events,COGS-000316,2100_AP,0.0,911273.42,EXTERNAL,Variable cost of sales
2025-12,US01,Events,COGS-000316,5100_FIXED_PRODUCTION,95981.06,0.0,EXTERNAL,Fixed production cost
2025-12,US01,Events,COGS-000316,2100_AP,0.0,95981.06,EXTERNAL,Fixed production cost
2025-12,US01,Events,OPEX-000316,6000_OPEX,263285.17,0.0,EXTERNAL,Operating expenses
2025-12,US01,Events,OPEX-000316,2100_AP,0.0,263285.17,EXTERNAL,Operating expenses
2025-12,US01,Events,CAPEX-000316,1500_PPE,15487.36,0.0,EXTERNAL,Capital expenditure
2025-12,US01,Events,CAPEX-000316,1000_CASH,0.0,15487.36,EXTERNAL,Capital expenditure
2025-12,US01,Events,DEP-000316,6100_DEPRECIATION,184.37,0.0,EXTERNAL,Depreciation
2025-12,US01,Events,DEP-000316,1590_ACCUM_DEP,0.0,184.37,EXTERNAL,Depreciation
2025-12,US01,Events,COLL-000316,1000_CASH,1269963.77,0.0,EXTERNAL,Customer collections
2025-12,US01,Events,COLL-000316,1100_AR,0.0,1269963.77,EXTERNAL,Customer collections
2025-12,US01,Events,PAY-000316,2100_AP,991020.93,0.0,EXTERNAL,Supplier payments
2025-12,US01,Events,PAY-000316,1000_CASH,0.0,991020.93,EXTERNAL,Supplier payments
2025-12,ES01,Spare Parts,REV-000317,1100_AR,2021697.66,0.0,EXTERNAL,External sale
2025-12,ES01,Spare Parts,REV-000317,4000_REVENUE,0.0,2021697.66,EXTERNAL,External sale
2025-12,ES01,Spare Parts,COGS-000317,5000_VARIABLE_COGS,909682.03,0.0,EXTERNAL,Variable cost of sales
2025-12,ES01,Spare Parts,COGS-000317,2100_AP,0.0,909682.03,EXTERNAL,Variable cost of sales
2025-12,ES01,Spare Parts,COGS-000317,5100_FIXED_PRODUCTION,174173.94,0.0,EXTERNAL,Fixed production cost
2025-12,ES01,Spare Parts,COGS-000317,2100_AP,0.0,174173.94,EXTERNAL,Fixed production cost
2025-12,ES01,Spare Parts,OPEX-000317,6000_OPEX,242603.72,0.0,EXTERNAL,Operating expenses
2025-12,ES01,Spare Parts,OPEX-000317,2100_AP,0.0,242603.72,EXTERNAL,Operating expenses
2025-12,ES01,Spare Parts,CAPEX-000317,1500_PPE,20216.98,0.0,EXTERNAL,Capital expenditure
2025-12,ES01,Spare Parts,CAPEX-000317,1000_CASH,0.0,20216.98,EXTERNAL,Capital expenditure
2025-12,ES01,Spare Parts,DEP-000317,6100_DEPRECIATION,240.68,0.0,EXTERNAL,Depreciation
2025-12,ES01,Spare Parts,DEP-000317,1590_ACCUM_DEP,0.0,240.68,EXTERNAL,Depreciation
2025-12,ES01,Spare Parts,COLL-000317,1000_CASH,1657792.08,0.0,EXTERNAL,Customer collections
2025-12,ES01,Spare Parts,COLL-000317,1100_AR,0.0,1657792.08,EXTERNAL,Customer collections
2025-12,ES01,Spare Parts,PAY-000317,2100_AP,1034638.56,0.0,EXTERNAL,Supplier payments
2025-12,ES01,Spare Parts,PAY-000317,1000_CASH,0.0,1034638.56,EXTERNAL,Supplier payments
2025-12,JP01,Spare Parts,REV-000318,1100_AR,2013880.83,0.0,EXTERNAL,External sale
2025-12,JP01,Spare Parts,REV-000318,4000_REVENUE,0.0,2013880.83,EXTERNAL,External sale
2025-12,JP01,Spare Parts,COGS-000318,5000_VARIABLE_COGS,941534.22,0.0,EXTERNAL,Variable cost of sales
2025-12,JP01,Spare Parts,COGS-000318,2100_AP,0.0,941534.22,EXTERNAL,Variable cost of sales
2025-12,JP01,Spare Parts,COGS-000318,5100_FIXED_PRODUCTION,129611.18,0.0,EXTERNAL,Fixed production cost
2025-12,JP01,Spare Parts,COGS-000318,2100_AP,0.0,129611.18,EXTERNAL,Fixed production cost
2025-12,JP01,Spare Parts,OPEX-000318,6000_OPEX,241665.7,0.0,EXTERNAL,Operating expenses
2025-12,JP01,Spare Parts,OPEX-000318,2100_AP,0.0,241665.7,EXTERNAL,Operating expenses
2025-12,JP01,Spare Parts,CAPEX-000318,1500_PPE,20138.81,0.0,EXTERNAL,Capital expenditure
2025-12,JP01,Spare Parts,CAPEX-000318,1000_CASH,0.0,20138.81,EXTERNAL,Capital expenditure
2025-12,JP01,Spare Parts,DEP-000318,6100_DEPRECIATION,239.75,0.0,EXTERNAL,Depreciation
2025-12,JP01,Spare Parts,DEP-000318,1590_ACCUM_DEP,0.0,239.75,EXTERNAL,Depreciation
2025-12,JP01,Spare Parts,COLL-000318,1000_CASH,1651382.28,0.0,EXTERNAL,Customer collections
2025-12,JP01,Spare Parts,COLL-000318,1100_AR,0.0,1651382.28,EXTERNAL,Customer collections
2025-12,JP01,Spare Parts,PAY-000318,2100_AP,1023992.66,0.0,EXTERNAL,Supplier payments
2025-12,JP01,Spare Parts,PAY-000318,1000_CASH,0.0,1023992.66,EXTERNAL,Supplier payments
2026-01,DE01,Software,REV-000319,1100_AR,1987784.62,0.0,EXTERNAL,External sale
2026-01,DE01,Software,REV-000319,4000_REVENUE,0.0,1987784.62,EXTERNAL,External sale
2026-01,DE01,Software,COGS-000319,5000_VARIABLE_COGS,601226.11,0.0,EXTERNAL,Variable cost of sales
2026-01,DE01,Software,COGS-000319,2100_AP,0.0,601226.11,EXTERNAL,Variable cost of sales
2026-01,DE01,Software,OPEX-000319,6000_OPEX,457190.46,0.0,EXTERNAL,Operating expenses
2026-01,DE01,Software,OPEX-000319,2100_AP,0.0,457190.46,EXTERNAL,Operating expenses
2026-01,DE01,Software,CAPEX-000319,1500_PPE,19877.85,0.0,EXTERNAL,Capital expenditure
2026-01,DE01,Software,CAPEX-000319,1000_CASH,0.0,19877.85,EXTERNAL,Capital expenditure
2026-01,DE01,Software,DEP-000319,6100_DEPRECIATION,236.64,0.0,EXTERNAL,Depreciation
2026-01,DE01,Software,DEP-000319,1590_ACCUM_DEP,0.0,236.64,EXTERNAL,Depreciation
2026-01,DE01,Software,COLL-000319,1000_CASH,1629983.39,0.0,EXTERNAL,Customer collections
2026-01,DE01,Software,COLL-000319,1100_AR,0.0,1629983.39,EXTERNAL,Customer collections
2026-01,DE01,Software,PAY-000319,2100_AP,825564.93,0.0,EXTERNAL,Supplier payments
2026-01,DE01,Software,PAY-000319,1000_CASH,0.0,825564.93,EXTERNAL,Supplier payments
2026-01,US01,Software,REV-000320,1100_AR,2031612.14,0.0,EXTERNAL,External sale
2026-01,US01,Software,REV-000320,4000_REVENUE,0.0,2031612.14,EXTERNAL,External sale
2026-01,US01,Software,COGS-000320,5000_VARIABLE_COGS,586711.38,0.0,EXTERNAL,Variable cost of sales
2026-01,US01,Software,COGS-000320,2100_AP,0.0,586711.38,EXTERNAL,Variable cost of sales
2026-01,US01,Software,OPEX-000320,6000_OPEX,467270.79,0.0,EXTERNAL,Operating expenses
2026-01,US01,Software,OPEX-000320,2100_AP,0.0,467270.79,EXTERNAL,Operating expenses
2026-01,US01,Software,CAPEX-000320,1500_PPE,20316.12,0.0,EXTERNAL,Capital expenditure
2026-01,US01,Software,CAPEX-000320,1000_CASH,0.0,20316.12,EXTERNAL,Capital expenditure
2026-01,US01,Software,DEP-000320,6100_DEPRECIATION,241.86,0.0,EXTERNAL,Depreciation
2026-01,US01,Software,DEP-000320,1590_ACCUM_DEP,0.0,241.86,EXTERNAL,Depreciation
2026-01,US01,Software,COLL-000320,1000_CASH,1665921.95,0.0,EXTERNAL,Customer collections
2026-01,US01,Software,COLL-000320,1100_AR,0.0,1665921.95,EXTERNAL,Customer collections
2026-01,US01,Software,PAY-000320,2100_AP,822106.1,0.0,EXTERNAL,Supplier payments
2026-01,US01,Software,PAY-000320,1000_CASH,0.0,822106.1,EXTERNAL,Supplier payments
2026-01,JP01,Software,REV-000321,1100_AR,2037533.57,0.0,EXTERNAL,External sale
2026-01,JP01,Software,REV-000321,4000_REVENUE,0.0,2037533.57,EXTERNAL,External sale
2026-01,JP01,Software,COGS-000321,5000_VARIABLE_COGS,589571.54,0.0,EXTERNAL,Variable cost of sales
2026-01,JP01,Software,COGS-000321,2100_AP,0.0,589571.54,EXTERNAL,Variable cost of sales
2026-01,JP01,Software,OPEX-000321,6000_OPEX,468632.72,0.0,EXTERNAL,Operating expenses
2026-01,JP01,Software,OPEX-000321,2100_AP,0.0,468632.72,EXTERNAL,Operating expenses
2026-01,JP01,Software,CAPEX-000321,1500_PPE,20375.34,0.0,EXTERNAL,Capital expenditure
2026-01,JP01,Software,CAPEX-000321,1000_CASH,0.0,20375.34,EXTERNAL,Capital expenditure
2026-01,JP01,Software,DEP-000321,6100_DEPRECIATION,242.56,0.0,EXTERNAL,Depreciation
2026-01,JP01,Software,DEP-000321,1590_ACCUM_DEP,0.0,242.56,EXTERNAL,Depreciation
2026-01,JP01,Software,COLL-000321,1000_CASH,1670777.53,0.0,EXTERNAL,Customer collections
2026-01,JP01,Software,COLL-000321,1100_AR,0.0,1670777.53,EXTERNAL,Customer collections
2026-01,JP01,Software,PAY-000321,2100_AP,825399.32,0.0,EXTERNAL,Supplier payments
2026-01,JP01,Software,PAY-000321,1000_CASH,0.0,825399.32,EXTERNAL,Supplier payments
2026-01,DE01,Hardware,REV-000322,1100_AR,2339597.63,0.0,EXTERNAL,External sale
2026-01,DE01,Hardware,REV-000322,4000_REVENUE,0.0,2339597.63,EXTERNAL,External sale
2026-01,DE01,Hardware,COGS-000322,5000_VARIABLE_COGS,1469150.99,0.0,EXTERNAL,Variable cost of sales
2026-01,DE01,Hardware,COGS-000322,2100_AP,0.0,1469150.99,EXTERNAL,Variable cost of sales
2026-01,DE01,Hardware,COGS-000322,5100_FIXED_PRODUCTION,213405.82,0.0,EXTERNAL,Fixed production cost
2026-01,DE01,Hardware,COGS-000322,2100_AP,0.0,213405.82,EXTERNAL,Fixed production cost
2026-01,DE01,Hardware,OPEX-000322,6000_OPEX,257355.74,0.0,EXTERNAL,Operating expenses
2026-01,DE01,Hardware,OPEX-000322,2100_AP,0.0,257355.74,EXTERNAL,Operating expenses
2026-01,DE01,Hardware,CAPEX-000322,1500_PPE,81885.92,0.0,EXTERNAL,Capital expenditure
2026-01,DE01,Hardware,CAPEX-000322,1000_CASH,0.0,81885.92,EXTERNAL,Capital expenditure
2026-01,DE01,Hardware,DEP-000322,6100_DEPRECIATION,974.83,0.0,EXTERNAL,Depreciation
2026-01,DE01,Hardware,DEP-000322,1590_ACCUM_DEP,0.0,974.83,EXTERNAL,Depreciation
2026-01,DE01,Hardware,COLL-000322,1000_CASH,1918470.06,0.0,EXTERNAL,Customer collections
2026-01,DE01,Hardware,COLL-000322,1100_AR,0.0,1918470.06,EXTERNAL,Customer collections
2026-01,DE01,Hardware,PAY-000322,2100_AP,1513131.79,0.0,EXTERNAL,Supplier payments
2026-01,DE01,Hardware,PAY-000322,1000_CASH,0.0,1513131.79,EXTERNAL,Supplier payments
2026-01,ES01,Hardware,REV-000323,1100_AR,2271732.59,0.0,EXTERNAL,External sale
2026-01,ES01,Hardware,REV-000323,4000_REVENUE,0.0,2271732.59,EXTERNAL,External sale
2026-01,ES01,Hardware,COGS-000323,5000_VARIABLE_COGS,1450878.14,0.0,EXTERNAL,Variable cost of sales
2026-01,ES01,Hardware,COGS-000323,2100_AP,0.0,1450878.14,EXTERNAL,Variable cost of sales
2026-01,ES01,Hardware,COGS-000323,5100_FIXED_PRODUCTION,175875.82,0.0,EXTERNAL,Fixed production cost
2026-01,ES01,Hardware,COGS-000323,2100_AP,0.0,175875.82,EXTERNAL,Fixed production cost
2026-01,ES01,Hardware,OPEX-000323,6000_OPEX,249890.58,0.0,EXTERNAL,Operating expenses
2026-01,ES01,Hardware,OPEX-000323,2100_AP,0.0,249890.58,EXTERNAL,Operating expenses
2026-01,ES01,Hardware,CAPEX-000323,1500_PPE,79510.64,0.0,EXTERNAL,Capital expenditure
2026-01,ES01,Hardware,CAPEX-000323,1000_CASH,0.0,79510.64,EXTERNAL,Capital expenditure
2026-01,ES01,Hardware,DEP-000323,6100_DEPRECIATION,946.56,0.0,EXTERNAL,Depreciation
2026-01,ES01,Hardware,DEP-000323,1590_ACCUM_DEP,0.0,946.56,EXTERNAL,Depreciation
2026-01,ES01,Hardware,COLL-000323,1000_CASH,1862820.72,0.0,EXTERNAL,Customer collections
2026-01,ES01,Hardware,COLL-000323,1100_AR,0.0,1862820.72,EXTERNAL,Customer collections
2026-01,ES01,Hardware,PAY-000323,2100_AP,1463782.74,0.0,EXTERNAL,Supplier payments
2026-01,ES01,Hardware,PAY-000323,1000_CASH,0.0,1463782.74,EXTERNAL,Supplier payments
2026-01,US01,Hardware,REV-000324,1100_AR,2204683.88,0.0,EXTERNAL,External sale
2026-01,US01,Hardware,REV-000324,4000_REVENUE,0.0,2204683.88,EXTERNAL,External sale
2026-01,US01,Hardware,COGS-000324,5000_VARIABLE_COGS,1385648.05,0.0,EXTERNAL,Variable cost of sales
2026-01,US01,Hardware,COGS-000324,2100_AP,0.0,1385648.05,EXTERNAL,Variable cost of sales
2026-01,US01,Hardware,COGS-000324,5100_FIXED_PRODUCTION,209376.11,0.0,EXTERNAL,Fixed production cost
2026-01,US01,Hardware,COGS-000324,2100_AP,0.0,209376.11,EXTERNAL,Fixed production cost
2026-01,US01,Hardware,OPEX-000324,6000_OPEX,242515.23,0.0,EXTERNAL,Operating expenses
2026-01,US01,Hardware,OPEX-000324,2100_AP,0.0,242515.23,EXTERNAL,Operating expenses
2026-01,US01,Hardware,CAPEX-000324,1500_PPE,77163.94,0.0,EXTERNAL,Capital expenditure
2026-01,US01,Hardware,CAPEX-000324,1000_CASH,0.0,77163.94,EXTERNAL,Capital expenditure
2026-01,US01,Hardware,DEP-000324,6100_DEPRECIATION,918.62,0.0,EXTERNAL,Depreciation
2026-01,US01,Hardware,DEP-000324,1590_ACCUM_DEP,0.0,918.62,EXTERNAL,Depreciation
2026-01,US01,Hardware,COLL-000324,1000_CASH,1807840.78,0.0,EXTERNAL,Customer collections
2026-01,US01,Hardware,COLL-000324,1100_AR,0.0,1807840.78,EXTERNAL,Customer collections
2026-01,US01,Hardware,PAY-000324,2100_AP,1433280.72,0.0,EXTERNAL,Supplier payments
2026-01,US01,Hardware,PAY-000324,1000_CASH,0.0,1433280.72,EXTERNAL,Supplier payments
2026-01,JP01,Hardware,REV-000325,1100_AR,2121202.51,0.0,EXTERNAL,External sale
2026-01,JP01,Hardware,REV-000325,4000_REVENUE,0.0,2121202.51,EXTERNAL,External sale
2026-01,JP01,Hardware,COGS-000325,5000_VARIABLE_COGS,1333256.27,0.0,EXTERNAL,Variable cost of sales
2026-01,JP01,Hardware,COGS-000325,2100_AP,0.0,1333256.27,EXTERNAL,Variable cost of sales
2026-01,JP01,Hardware,COGS-000325,5100_FIXED_PRODUCTION,203045.34,0.0,EXTERNAL,Fixed production cost
2026-01,JP01,Hardware,COGS-000325,2100_AP,0.0,203045.34,EXTERNAL,Fixed production cost
2026-01,JP01,Hardware,OPEX-000325,6000_OPEX,233332.28,0.0,EXTERNAL,Operating expenses
2026-01,JP01,Hardware,OPEX-000325,2100_AP,0.0,233332.28,EXTERNAL,Operating expenses
2026-01,JP01,Hardware,CAPEX-000325,1500_PPE,74242.09,0.0,EXTERNAL,Capital expenditure
2026-01,JP01,Hardware,CAPEX-000325,1000_CASH,0.0,74242.09,EXTERNAL,Capital expenditure
2026-01,JP01,Hardware,DEP-000325,6100_DEPRECIATION,883.83,0.0,EXTERNAL,Depreciation
2026-01,JP01,Hardware,DEP-000325,1590_ACCUM_DEP,0.0,883.83,EXTERNAL,Depreciation
2026-01,JP01,Hardware,COLL-000325,1000_CASH,1739386.06,0.0,EXTERNAL,Customer collections
2026-01,JP01,Hardware,COLL-000325,1100_AR,0.0,1739386.06,EXTERNAL,Customer collections
2026-01,JP01,Hardware,PAY-000325,2100_AP,1380314.43,0.0,EXTERNAL,Supplier payments
2026-01,JP01,Hardware,PAY-000325,1000_CASH,0.0,1380314.43,EXTERNAL,Supplier payments
2026-01,ES01,Events,REV-000326,1100_AR,1083605.57,0.0,EXTERNAL,External sale
2026-01,ES01,Events,REV-000326,4000_REVENUE,0.0,1083605.57,EXTERNAL,External sale
2026-01,ES01,Events,COGS-000326,5000_VARIABLE_COGS,658849.75,0.0,EXTERNAL,Variable cost of sales
2026-01,ES01,Events,COGS-000326,2100_AP,0.0,658849.75,EXTERNAL,Variable cost of sales
2026-01,ES01,Events,OPEX-000326,6000_OPEX,184212.95,0.0,EXTERNAL,Operating expenses
2026-01,ES01,Events,OPEX-000326,2100_AP,0.0,184212.95,EXTERNAL,Operating expenses
2026-01,ES01,Events,CAPEX-000326,1500_PPE,10836.06,0.0,EXTERNAL,Capital expenditure
2026-01,ES01,Events,CAPEX-000326,1000_CASH,0.0,10836.06,EXTERNAL,Capital expenditure
2026-01,ES01,Events,DEP-000326,6100_DEPRECIATION,129.0,0.0,EXTERNAL,Depreciation
2026-01,ES01,Events,DEP-000326,1590_ACCUM_DEP,0.0,129.0,EXTERNAL,Depreciation
2026-01,ES01,Events,COLL-000326,1000_CASH,888556.57,0.0,EXTERNAL,Customer collections
2026-01,ES01,Events,COLL-000326,1100_AR,0.0,888556.57,EXTERNAL,Customer collections
2026-01,ES01,Events,PAY-000326,2100_AP,657588.91,0.0,EXTERNAL,Supplier payments
2026-01,ES01,Events,PAY-000326,1000_CASH,0.0,657588.91,EXTERNAL,Supplier payments
2026-01,US01,Events,REV-000327,1100_AR,1124764.2,0.0,EXTERNAL,External sale
2026-01,US01,Events,REV-000327,4000_REVENUE,0.0,1124764.2,EXTERNAL,External sale
2026-01,US01,Events,COGS-000327,5000_VARIABLE_COGS,653839.81,0.0,EXTERNAL,Variable cost of sales
2026-01,US01,Events,COGS-000327,2100_AP,0.0,653839.81,EXTERNAL,Variable cost of sales
2026-01,US01,Events,COGS-000327,5100_FIXED_PRODUCTION,75749.57,0.0,EXTERNAL,Fixed production cost
2026-01,US01,Events,COGS-000327,2100_AP,0.0,75749.57,EXTERNAL,Fixed production cost
2026-01,US01,Events,OPEX-000327,6000_OPEX,191209.91,0.0,EXTERNAL,Operating expenses
2026-01,US01,Events,OPEX-000327,2100_AP,0.0,191209.91,EXTERNAL,Operating expenses
2026-01,US01,Events,CAPEX-000327,1500_PPE,11247.64,0.0,EXTERNAL,Capital expenditure
2026-01,US01,Events,CAPEX-000327,1000_CASH,0.0,11247.64,EXTERNAL,Capital expenditure
2026-01,US01,Events,DEP-000327,6100_DEPRECIATION,133.9,0.0,EXTERNAL,Depreciation
2026-01,US01,Events,DEP-000327,1590_ACCUM_DEP,0.0,133.9,EXTERNAL,Depreciation
2026-01,US01,Events,COLL-000327,1000_CASH,922306.64,0.0,EXTERNAL,Customer collections
2026-01,US01,Events,COLL-000327,1100_AR,0.0,922306.64,EXTERNAL,Customer collections
2026-01,US01,Events,PAY-000327,2100_AP,718223.46,0.0,EXTERNAL,Supplier payments
2026-01,US01,Events,PAY-000327,1000_CASH,0.0,718223.46,EXTERNAL,Supplier payments
2026-01,ES01,Spare Parts,REV-000328,1100_AR,1554808.78,0.0,EXTERNAL,External sale
2026-01,ES01,Spare Parts,REV-000328,4000_REVENUE,0.0,1554808.78,EXTERNAL,External sale
2026-01,ES01,Spare Parts,COGS-000328,5000_VARIABLE_COGS,728050.71,0.0,EXTERNAL,Variable cost of sales
2026-01,ES01,Spare Parts,COGS-000328,2100_AP,0.0,728050.71,EXTERNAL,Variable cost of sales
2026-01,ES01,Spare Parts,COGS-000328,5100_FIXED_PRODUCTION,77956.04,0.0,EXTERNAL,Fixed production cost
2026-01,ES01,Spare Parts,COGS-000328,2100_AP,0.0,77956.04,EXTERNAL,Fixed production cost
2026-01,ES01,Spare Parts,OPEX-000328,6000_OPEX,186577.05,0.0,EXTERNAL,Operating expenses
2026-01,ES01,Spare Parts,OPEX-000328,2100_AP,0.0,186577.05,EXTERNAL,Operating expenses
2026-01,ES01,Spare Parts,CAPEX-000328,1500_PPE,15548.09,0.0,EXTERNAL,Capital expenditure
2026-01,ES01,Spare Parts,CAPEX-000328,1000_CASH,0.0,15548.09,EXTERNAL,Capital expenditure
2026-01,ES01,Spare Parts,DEP-000328,6100_DEPRECIATION,185.1,0.0,EXTERNAL,Depreciation
2026-01,ES01,Spare Parts,DEP-000328,1590_ACCUM_DEP,0.0,185.1,EXTERNAL,Depreciation
2026-01,ES01,Spare Parts,COLL-000328,1000_CASH,1274943.2,0.0,EXTERNAL,Customer collections
2026-01,ES01,Spare Parts,COLL-000328,1100_AR,0.0,1274943.2,EXTERNAL,Customer collections
2026-01,ES01,Spare Parts,PAY-000328,2100_AP,774215.36,0.0,EXTERNAL,Supplier payments
2026-01,ES01,Spare Parts,PAY-000328,1000_CASH,0.0,774215.36,EXTERNAL,Supplier payments
2026-01,JP01,Spare Parts,REV-000329,1100_AR,1561578.6,0.0,EXTERNAL,External sale
2026-01,JP01,Spare Parts,REV-000329,4000_REVENUE,0.0,1561578.6,EXTERNAL,External sale
2026-01,JP01,Spare Parts,COGS-000329,5000_VARIABLE_COGS,731200.88,0.0,EXTERNAL,Variable cost of sales
2026-01,JP01,Spare Parts,COGS-000329,2100_AP,0.0,731200.88,EXTERNAL,Variable cost of sales
2026-01,JP01,Spare Parts,COGS-000329,5100_FIXED_PRODUCTION,72294.07,0.0,EXTERNAL,Fixed production cost
2026-01,JP01,Spare Parts,COGS-000329,2100_AP,0.0,72294.07,EXTERNAL,Fixed production cost
2026-01,JP01,Spare Parts,OPEX-000329,6000_OPEX,187389.43,0.0,EXTERNAL,Operating expenses
2026-01,JP01,Spare Parts,OPEX-000329,2100_AP,0.0,187389.43,EXTERNAL,Operating expenses
2026-01,JP01,Spare Parts,CAPEX-000329,1500_PPE,15615.79,0.0,EXTERNAL,Capital expenditure
2026-01,JP01,Spare Parts,CAPEX-000329,1000_CASH,0.0,15615.79,EXTERNAL,Capital expenditure
2026-01,JP01,Spare Parts,DEP-000329,6100_DEPRECIATION,185.9,0.0,EXTERNAL,Depreciation
2026-01,JP01,Spare Parts,DEP-000329,1590_ACCUM_DEP,0.0,185.9,EXTERNAL,Depreciation
2026-01,JP01,Spare Parts,COLL-000329,1000_CASH,1280494.45,0.0,EXTERNAL,Customer collections
2026-01,JP01,Spare Parts,COLL-000329,1100_AR,0.0,1280494.45,EXTERNAL,Customer collections
2026-01,JP01,Spare Parts,PAY-000329,2100_AP,772889.82,0.0,EXTERNAL,Supplier payments
2026-01,JP01,Spare Parts,PAY-000329,1000_CASH,0.0,772889.82,EXTERNAL,Supplier payments
2026-02,DE01,Software,REV-000330,1100_AR,1948688.46,0.0,EXTERNAL,External sale
2026-02,DE01,Software,REV-000330,4000_REVENUE,0.0,1948688.46,EXTERNAL,External sale
2026-02,DE01,Software,COGS-000330,5000_VARIABLE_COGS,559192.8,0.0,EXTERNAL,Variable cost of sales
2026-02,DE01,Software,COGS-000330,2100_AP,0.0,559192.8,EXTERNAL,Variable cost of sales
2026-02,DE01,Software,OPEX-000330,6000_OPEX,448198.35,0.0,EXTERNAL,Operating expenses
2026-02,DE01,Software,OPEX-000330,2100_AP,0.0,448198.35,EXTERNAL,Operating expenses
2026-02,DE01,Software,CAPEX-000330,1500_PPE,19486.88,0.0,EXTERNAL,Capital expenditure
2026-02,DE01,Software,CAPEX-000330,1000_CASH,0.0,19486.88,EXTERNAL,Capital expenditure
2026-02,DE01,Software,DEP-000330,6100_DEPRECIATION,231.99,0.0,EXTERNAL,Depreciation
2026-02,DE01,Software,DEP-000330,1590_ACCUM_DEP,0.0,231.99,EXTERNAL,Depreciation
2026-02,DE01,Software,COLL-000330,1000_CASH,1597924.54,0.0,EXTERNAL,Customer collections
2026-02,DE01,Software,COLL-000330,1100_AR,0.0,1597924.54,EXTERNAL,Customer collections
2026-02,DE01,Software,PAY-000330,2100_AP,785765.09,0.0,EXTERNAL,Supplier payments
2026-02,DE01,Software,PAY-000330,1000_CASH,0.0,785765.09,EXTERNAL,Supplier payments
2026-02,US01,Software,REV-000331,1100_AR,2037990.65,0.0,EXTERNAL,External sale
2026-02,US01,Software,REV-000331,4000_REVENUE,0.0,2037990.65,EXTERNAL,External sale
2026-02,US01,Software,COGS-000331,5000_VARIABLE_COGS,571930.16,0.0,EXTERNAL,Variable cost of sales
2026-02,US01,Software,COGS-000331,2100_AP,0.0,571930.16,EXTERNAL,Variable cost of sales
2026-02,US01,Software,OPEX-000331,6000_OPEX,468737.85,0.0,EXTERNAL,Operating expenses
2026-02,US01,Software,OPEX-000331,2100_AP,0.0,468737.85,EXTERNAL,Operating expenses
2026-02,US01,Software,CAPEX-000331,1500_PPE,20379.91,0.0,EXTERNAL,Capital expenditure
2026-02,US01,Software,CAPEX-000331,1000_CASH,0.0,20379.91,EXTERNAL,Capital expenditure
2026-02,US01,Software,DEP-000331,6100_DEPRECIATION,242.62,0.0,EXTERNAL,Depreciation
2026-02,US01,Software,DEP-000331,1590_ACCUM_DEP,0.0,242.62,EXTERNAL,Depreciation
2026-02,US01,Software,COLL-000331,1000_CASH,1671152.33,0.0,EXTERNAL,Customer collections
2026-02,US01,Software,COLL-000331,1100_AR,0.0,1671152.33,EXTERNAL,Customer collections
2026-02,US01,Software,PAY-000331,2100_AP,811721.05,0.0,EXTERNAL,Supplier payments
2026-02,US01,Software,PAY-000331,1000_CASH,0.0,811721.05,EXTERNAL,Supplier payments
2026-02,JP01,Software,REV-000332,1100_AR,2072956.88,0.0,EXTERNAL,External sale
2026-02,JP01,Software,REV-000332,4000_REVENUE,0.0,2072956.88,EXTERNAL,External sale
2026-02,JP01,Software,COGS-000332,5000_VARIABLE_COGS,601449.13,0.0,EXTERNAL,Variable cost of sales
2026-02,JP01,Software,COGS-000332,2100_AP,0.0,601449.13,EXTERNAL,Variable cost of sales
2026-02,JP01,Software,OPEX-000332,6000_OPEX,476780.08,0.0,EXTERNAL,Operating expenses
2026-02,JP01,Software,OPEX-000332,2100_AP,0.0,476780.08,EXTERNAL,Operating expenses
2026-02,JP01,Software,CAPEX-000332,1500_PPE,20729.57,0.0,EXTERNAL,Capital expenditure
2026-02,JP01,Software,CAPEX-000332,1000_CASH,0.0,20729.57,EXTERNAL,Capital expenditure
2026-02,JP01,Software,DEP-000332,6100_DEPRECIATION,246.78,0.0,EXTERNAL,Depreciation
2026-02,JP01,Software,DEP-000332,1590_ACCUM_DEP,0.0,246.78,EXTERNAL,Depreciation
2026-02,JP01,Software,COLL-000332,1000_CASH,1699824.64,0.0,EXTERNAL,Customer collections
2026-02,JP01,Software,COLL-000332,1100_AR,0.0,1699824.64,EXTERNAL,Customer collections
2026-02,JP01,Software,PAY-000332,2100_AP,841018.78,0.0,EXTERNAL,Supplier payments
2026-02,JP01,Software,PAY-000332,1000_CASH,0.0,841018.78,EXTERNAL,Supplier payments
2026-02,DE01,Hardware,REV-000333,1100_AR,2445392.95,0.0,EXTERNAL,External sale
2026-02,DE01,Hardware,REV-000333,4000_REVENUE,0.0,2445392.95,EXTERNAL,External sale
2026-02,DE01,Hardware,COGS-000333,5000_VARIABLE_COGS,1559123.03,0.0,EXTERNAL,Variable cost of sales
2026-02,DE01,Hardware,COGS-000333,2100_AP,0.0,1559123.03,EXTERNAL,Variable cost of sales
2026-02,DE01,Hardware,COGS-000333,5100_FIXED_PRODUCTION,274171.83,0.0,EXTERNAL,Fixed production cost
2026-02,DE01,Hardware,COGS-000333,2100_AP,0.0,274171.83,EXTERNAL,Fixed production cost
2026-02,DE01,Hardware,OPEX-000333,6000_OPEX,268993.22,0.0,EXTERNAL,Operating expenses
2026-02,DE01,Hardware,OPEX-000333,2100_AP,0.0,268993.22,EXTERNAL,Operating expenses
2026-02,DE01,Hardware,CAPEX-000333,1500_PPE,85588.75,0.0,EXTERNAL,Capital expenditure
2026-02,DE01,Hardware,CAPEX-000333,1000_CASH,0.0,85588.75,EXTERNAL,Capital expenditure
2026-02,DE01,Hardware,DEP-000333,6100_DEPRECIATION,1018.91,0.0,EXTERNAL,Depreciation
2026-02,DE01,Hardware,DEP-000333,1590_ACCUM_DEP,0.0,1018.91,EXTERNAL,Depreciation
2026-02,DE01,Hardware,COLL-000333,1000_CASH,2005222.22,0.0,EXTERNAL,Customer collections
2026-02,DE01,Hardware,COLL-000333,1100_AR,0.0,2005222.22,EXTERNAL,Customer collections
2026-02,DE01,Hardware,PAY-000333,2100_AP,1639784.7,0.0,EXTERNAL,Supplier payments
2026-02,DE01,Hardware,PAY-000333,1000_CASH,0.0,1639784.7,EXTERNAL,Supplier payments
2026-02,ES01,Hardware,REV-000334,1100_AR,2240333.65,0.0,EXTERNAL,External sale
2026-02,ES01,Hardware,REV-000334,4000_REVENUE,0.0,2240333.65,EXTERNAL,External sale
2026-02,ES01,Hardware,COGS-000334,5000_VARIABLE_COGS,1392536.39,0.0,EXTERNAL,Variable cost of sales
2026-02,ES01,Hardware,COGS-000334,2100_AP,0.0,1392536.39,EXTERNAL,Variable cost of sales
2026-02,ES01,Hardware,COGS-000334,5100_FIXED_PRODUCTION,205440.04,0.0,EXTERNAL,Fixed production cost
2026-02,ES01,Hardware,COGS-000334,2100_AP,0.0,205440.04,EXTERNAL,Fixed production cost
2026-02,ES01,Hardware,OPEX-000334,6000_OPEX,246436.7,0.0,EXTERNAL,Operating expenses
2026-02,ES01,Hardware,OPEX-000334,2100_AP,0.0,246436.7,EXTERNAL,Operating expenses
2026-02,ES01,Hardware,CAPEX-000334,1500_PPE,78411.68,0.0,EXTERNAL,Capital expenditure
2026-02,ES01,Hardware,CAPEX-000334,1000_CASH,0.0,78411.68,EXTERNAL,Capital expenditure
2026-02,ES01,Hardware,DEP-000334,6100_DEPRECIATION,933.47,0.0,EXTERNAL,Depreciation
2026-02,ES01,Hardware,DEP-000334,1590_ACCUM_DEP,0.0,933.47,EXTERNAL,Depreciation
2026-02,ES01,Hardware,COLL-000334,1000_CASH,1837073.59,0.0,EXTERNAL,Customer collections
2026-02,ES01,Hardware,COLL-000334,1100_AR,0.0,1837073.59,EXTERNAL,Customer collections
2026-02,ES01,Hardware,PAY-000334,2100_AP,1438642.24,0.0,EXTERNAL,Supplier payments
2026-02,ES01,Hardware,PAY-000334,1000_CASH,0.0,1438642.24,EXTERNAL,Supplier payments
2026-02,US01,Hardware,REV-000335,1100_AR,2313611.43,0.0,EXTERNAL,External sale
2026-02,US01,Hardware,REV-000335,4000_REVENUE,0.0,2313611.43,EXTERNAL,External sale
2026-02,US01,Hardware,COGS-000335,5000_VARIABLE_COGS,1432296.69,0.0,EXTERNAL,Variable cost of sales
2026-02,US01,Hardware,COGS-000335,2100_AP,0.0,1432296.69,EXTERNAL,Variable cost of sales
2026-02,US01,Hardware,COGS-000335,5100_FIXED_PRODUCTION,231420.93,0.0,EXTERNAL,Fixed production cost
2026-02,US01,Hardware,COGS-000335,2100_AP,0.0,231420.93,EXTERNAL,Fixed production cost
2026-02,US01,Hardware,OPEX-000335,6000_OPEX,254497.26,0.0,EXTERNAL,Operating expenses
2026-02,US01,Hardware,OPEX-000335,2100_AP,0.0,254497.26,EXTERNAL,Operating expenses
2026-02,US01,Hardware,CAPEX-000335,1500_PPE,80976.4,0.0,EXTERNAL,Capital expenditure
2026-02,US01,Hardware,CAPEX-000335,1000_CASH,0.0,80976.4,EXTERNAL,Capital expenditure
2026-02,US01,Hardware,DEP-000335,6100_DEPRECIATION,964.0,0.0,EXTERNAL,Depreciation
2026-02,US01,Hardware,DEP-000335,1590_ACCUM_DEP,0.0,964.0,EXTERNAL,Depreciation
2026-02,US01,Hardware,COLL-000335,1000_CASH,1897161.37,0.0,EXTERNAL,Customer collections
2026-02,US01,Hardware,COLL-000335,1100_AR,0.0,1897161.37,EXTERNAL,Customer collections
2026-02,US01,Hardware,PAY-000335,2100_AP,1496207.61,0.0,EXTERNAL,Supplier payments
2026-02,US01,Hardware,PAY-000335,1000_CASH,0.0,1496207.61,EXTERNAL,Supplier payments
2026-02,JP01,Hardware,REV-000336,1100_AR,2493564.37,0.0,EXTERNAL,External sale
2026-02,JP01,Hardware,REV-000336,4000_REVENUE,0.0,2493564.37,EXTERNAL,External sale
2026-02,JP01,Hardware,COGS-000336,5000_VARIABLE_COGS,1580815.62,0.0,EXTERNAL,Variable cost of sales
2026-02,JP01,Hardware,COGS-000336,2100_AP,0.0,1580815.62,EXTERNAL,Variable cost of sales
2026-02,JP01,Hardware,COGS-000336,5100_FIXED_PRODUCTION,175600.35,0.0,EXTERNAL,Fixed production cost
2026-02,JP01,Hardware,COGS-000336,2100_AP,0.0,175600.35,EXTERNAL,Fixed production cost
2026-02,JP01,Hardware,OPEX-000336,6000_OPEX,274292.08,0.0,EXTERNAL,Operating expenses
2026-02,JP01,Hardware,OPEX-000336,2100_AP,0.0,274292.08,EXTERNAL,Operating expenses
2026-02,JP01,Hardware,CAPEX-000336,1500_PPE,87274.75,0.0,EXTERNAL,Capital expenditure
2026-02,JP01,Hardware,CAPEX-000336,1000_CASH,0.0,87274.75,EXTERNAL,Capital expenditure
2026-02,JP01,Hardware,DEP-000336,6100_DEPRECIATION,1038.99,0.0,EXTERNAL,Depreciation
2026-02,JP01,Hardware,DEP-000336,1590_ACCUM_DEP,0.0,1038.99,EXTERNAL,Depreciation
2026-02,JP01,Hardware,COLL-000336,1000_CASH,2044722.78,0.0,EXTERNAL,Customer collections
2026-02,JP01,Hardware,COLL-000336,1100_AR,0.0,2044722.78,EXTERNAL,Customer collections
2026-02,JP01,Hardware,PAY-000336,2100_AP,1583952.28,0.0,EXTERNAL,Supplier payments
2026-02,JP01,Hardware,PAY-000336,1000_CASH,0.0,1583952.28,EXTERNAL,Supplier payments
2026-02,ES01,Events,REV-000337,1100_AR,1140566.15,0.0,EXTERNAL,External sale
2026-02,ES01,Events,REV-000337,4000_REVENUE,0.0,1140566.15,EXTERNAL,External sale
2026-02,ES01,Events,COGS-000337,5000_VARIABLE_COGS,674991.87,0.0,EXTERNAL,Variable cost of sales
2026-02,ES01,Events,COGS-000337,2100_AP,0.0,674991.87,EXTERNAL,Variable cost of sales
2026-02,ES01,Events,COGS-000337,5100_FIXED_PRODUCTION,50434.26,0.0,EXTERNAL,Fixed production cost
2026-02,ES01,Events,COGS-000337,2100_AP,0.0,50434.26,EXTERNAL,Fixed production cost
2026-02,ES01,Events,OPEX-000337,6000_OPEX,193896.25,0.0,EXTERNAL,Operating expenses
2026-02,ES01,Events,OPEX-000337,2100_AP,0.0,193896.25,EXTERNAL,Operating expenses
2026-02,ES01,Events,CAPEX-000337,1500_PPE,11405.66,0.0,EXTERNAL,Capital expenditure
2026-02,ES01,Events,CAPEX-000337,1000_CASH,0.0,11405.66,EXTERNAL,Capital expenditure
2026-02,ES01,Events,DEP-000337,6100_DEPRECIATION,135.78,0.0,EXTERNAL,Depreciation
2026-02,ES01,Events,DEP-000337,1590_ACCUM_DEP,0.0,135.78,EXTERNAL,Depreciation
2026-02,ES01,Events,COLL-000337,1000_CASH,935264.24,0.0,EXTERNAL,Customer collections
2026-02,ES01,Events,COLL-000337,1100_AR,0.0,935264.24,EXTERNAL,Customer collections
2026-02,ES01,Events,PAY-000337,2100_AP,717071.45,0.0,EXTERNAL,Supplier payments
2026-02,ES01,Events,PAY-000337,1000_CASH,0.0,717071.45,EXTERNAL,Supplier payments
2026-02,US01,Events,REV-000338,1100_AR,1206985.24,0.0,EXTERNAL,External sale
2026-02,US01,Events,REV-000338,4000_REVENUE,0.0,1206985.24,EXTERNAL,External sale
2026-02,US01,Events,COGS-000338,5000_VARIABLE_COGS,711377.14,0.0,EXTERNAL,Variable cost of sales
2026-02,US01,Events,COGS-000338,2100_AP,0.0,711377.14,EXTERNAL,Variable cost of sales
2026-02,US01,Events,COGS-000338,5100_FIXED_PRODUCTION,54498.73,0.0,EXTERNAL,Fixed production cost
2026-02,US01,Events,COGS-000338,2100_AP,0.0,54498.73,EXTERNAL,Fixed production cost
2026-02,US01,Events,OPEX-000338,6000_OPEX,205187.49,0.0,EXTERNAL,Operating expenses
2026-02,US01,Events,OPEX-000338,2100_AP,0.0,205187.49,EXTERNAL,Operating expenses
2026-02,US01,Events,CAPEX-000338,1500_PPE,12069.85,0.0,EXTERNAL,Capital expenditure
2026-02,US01,Events,CAPEX-000338,1000_CASH,0.0,12069.85,EXTERNAL,Capital expenditure
2026-02,US01,Events,DEP-000338,6100_DEPRECIATION,143.69,0.0,EXTERNAL,Depreciation
2026-02,US01,Events,DEP-000338,1590_ACCUM_DEP,0.0,143.69,EXTERNAL,Depreciation
2026-02,US01,Events,COLL-000338,1000_CASH,989727.9,0.0,EXTERNAL,Customer collections
2026-02,US01,Events,COLL-000338,1100_AR,0.0,989727.9,EXTERNAL,Customer collections
2026-02,US01,Events,PAY-000338,2100_AP,757429.42,0.0,EXTERNAL,Supplier payments
2026-02,US01,Events,PAY-000338,1000_CASH,0.0,757429.42,EXTERNAL,Supplier payments
2026-02,ES01,Spare Parts,REV-000339,1100_AR,1702485.43,0.0,EXTERNAL,External sale
2026-02,ES01,Spare Parts,REV-000339,4000_REVENUE,0.0,1702485.43,EXTERNAL,External sale
2026-02,ES01,Spare Parts,COGS-000339,5000_VARIABLE_COGS,803588.97,0.0,EXTERNAL,Variable cost of sales
2026-02,ES01,Spare Parts,COGS-000339,2100_AP,0.0,803588.97,EXTERNAL,Variable cost of sales
2026-02,ES01,Spare Parts,COGS-000339,5100_FIXED_PRODUCTION,105873.37,0.0,EXTERNAL,Fixed production cost
2026-02,ES01,Spare Parts,COGS-000339,2100_AP,0.0,105873.37,EXTERNAL,Fixed production cost
2026-02,ES01,Spare Parts,OPEX-000339,6000_OPEX,204298.25,0.0,EXTERNAL,Operating expenses
2026-02,ES01,Spare Parts,OPEX-000339,2100_AP,0.0,204298.25,EXTERNAL,Operating expenses
2026-02,ES01,Spare Parts,CAPEX-000339,1500_PPE,17024.85,0.0,EXTERNAL,Capital expenditure
2026-02,ES01,Spare Parts,CAPEX-000339,1000_CASH,0.0,17024.85,EXTERNAL,Capital expenditure
2026-02,ES01,Spare Parts,DEP-000339,6100_DEPRECIATION,202.68,0.0,EXTERNAL,Depreciation
2026-02,ES01,Spare Parts,DEP-000339,1590_ACCUM_DEP,0.0,202.68,EXTERNAL,Depreciation
2026-02,ES01,Spare Parts,COLL-000339,1000_CASH,1396038.05,0.0,EXTERNAL,Customer collections
2026-02,ES01,Spare Parts,COLL-000339,1100_AR,0.0,1396038.05,EXTERNAL,Customer collections
2026-02,ES01,Spare Parts,PAY-000339,2100_AP,868733.26,0.0,EXTERNAL,Supplier payments
2026-02,ES01,Spare Parts,PAY-000339,1000_CASH,0.0,868733.26,EXTERNAL,Supplier payments
2026-02,JP01,Spare Parts,REV-000340,1100_AR,1500347.63,0.0,EXTERNAL,External sale
2026-02,JP01,Spare Parts,REV-000340,4000_REVENUE,0.0,1500347.63,EXTERNAL,External sale
2026-02,JP01,Spare Parts,COGS-000340,5000_VARIABLE_COGS,698248.47,0.0,EXTERNAL,Variable cost of sales
2026-02,JP01,Spare Parts,COGS-000340,2100_AP,0.0,698248.47,EXTERNAL,Variable cost of sales
2026-02,JP01,Spare Parts,COGS-000340,5100_FIXED_PRODUCTION,114285.6,0.0,EXTERNAL,Fixed production cost
2026-02,JP01,Spare Parts,COGS-000340,2100_AP,0.0,114285.6,EXTERNAL,Fixed production cost
2026-02,JP01,Spare Parts,OPEX-000340,6000_OPEX,180041.72,0.0,EXTERNAL,Operating expenses
2026-02,JP01,Spare Parts,OPEX-000340,2100_AP,0.0,180041.72,EXTERNAL,Operating expenses
2026-02,JP01,Spare Parts,CAPEX-000340,1500_PPE,15003.48,0.0,EXTERNAL,Capital expenditure
2026-02,JP01,Spare Parts,CAPEX-000340,1000_CASH,0.0,15003.48,EXTERNAL,Capital expenditure
2026-02,JP01,Spare Parts,DEP-000340,6100_DEPRECIATION,178.61,0.0,EXTERNAL,Depreciation
2026-02,JP01,Spare Parts,DEP-000340,1590_ACCUM_DEP,0.0,178.61,EXTERNAL,Depreciation
2026-02,JP01,Spare Parts,COLL-000340,1000_CASH,1230285.06,0.0,EXTERNAL,Customer collections
2026-02,JP01,Spare Parts,COLL-000340,1100_AR,0.0,1230285.06,EXTERNAL,Customer collections
2026-02,JP01,Spare Parts,PAY-000340,2100_AP,774209.12,0.0,EXTERNAL,Supplier payments
2026-02,JP01,Spare Parts,PAY-000340,1000_CASH,0.0,774209.12,EXTERNAL,Supplier payments
2026-03,DE01,Software,REV-000341,1100_AR,2288359.93,0.0,EXTERNAL,External sale
2026-03,DE01,Software,REV-000341,4000_REVENUE,0.0,2288359.93,EXTERNAL,External sale
2026-03,DE01,Software,COGS-000341,5000_VARIABLE_COGS,624862.65,0.0,EXTERNAL,Variable cost of sales
2026-03,DE01,Software,COGS-000341,2100_AP,0.0,624862.65,EXTERNAL,Variable cost of sales
2026-03,DE01,Software,OPEX-000341,6000_OPEX,526322.78,0.0,EXTERNAL,Operating expenses
2026-03,DE01,Software,OPEX-000341,2100_AP,0.0,526322.78,EXTERNAL,Operating expenses
2026-03,DE01,Software,CAPEX-000341,1500_PPE,22883.6,0.0,EXTERNAL,Capital expenditure
2026-03,DE01,Software,CAPEX-000341,1000_CASH,0.0,22883.6,EXTERNAL,Capital expenditure
2026-03,DE01,Software,DEP-000341,6100_DEPRECIATION,272.42,0.0,EXTERNAL,Depreciation
2026-03,DE01,Software,DEP-000341,1590_ACCUM_DEP,0.0,272.42,EXTERNAL,Depreciation
2026-03,DE01,Software,COLL-000341,1000_CASH,1876455.14,0.0,EXTERNAL,Customer collections
2026-03,DE01,Software,COLL-000341,1100_AR,0.0,1876455.14,EXTERNAL,Customer collections
2026-03,DE01,Software,PAY-000341,2100_AP,897924.64,0.0,EXTERNAL,Supplier payments
2026-03,DE01,Software,PAY-000341,1000_CASH,0.0,897924.64,EXTERNAL,Supplier payments
2026-03,US01,Software,REV-000342,1100_AR,2292283.72,0.0,EXTERNAL,External sale
2026-03,US01,Software,REV-000342,4000_REVENUE,0.0,2292283.72,EXTERNAL,External sale
2026-03,US01,Software,COGS-000342,5000_VARIABLE_COGS,635898.89,0.0,EXTERNAL,Variable cost of sales
2026-03,US01,Software,COGS-000342,2100_AP,0.0,635898.89,EXTERNAL,Variable cost of sales
2026-03,US01,Software,OPEX-000342,6000_OPEX,527225.26,0.0,EXTERNAL,Operating expenses
2026-03,US01,Software,OPEX-000342,2100_AP,0.0,527225.26,EXTERNAL,Operating expenses
2026-03,US01,Software,CAPEX-000342,1500_PPE,22922.84,0.0,EXTERNAL,Capital expenditure
2026-03,US01,Software,CAPEX-000342,1000_CASH,0.0,22922.84,EXTERNAL,Capital expenditure
2026-03,US01,Software,DEP-000342,6100_DEPRECIATION,272.89,0.0,EXTERNAL,Depreciation
2026-03,US01,Software,DEP-000342,1590_ACCUM_DEP,0.0,272.89,EXTERNAL,Depreciation
2026-03,US01,Software,COLL-000342,1000_CASH,1879672.65,0.0,EXTERNAL,Customer collections
2026-03,US01,Software,COLL-000342,1100_AR,0.0,1879672.65,EXTERNAL,Customer collections
2026-03,US01,Software,PAY-000342,2100_AP,907236.83,0.0,EXTERNAL,Supplier payments
2026-03,US01,Software,PAY-000342,1000_CASH,0.0,907236.83,EXTERNAL,Supplier payments
2026-03,JP01,Software,REV-000343,1100_AR,2418365.39,0.0,EXTERNAL,External sale
2026-03,JP01,Software,REV-000343,4000_REVENUE,0.0,2418365.39,EXTERNAL,External sale
2026-03,JP01,Software,COGS-000343,5000_VARIABLE_COGS,710964.91,0.0,EXTERNAL,Variable cost of sales
2026-03,JP01,Software,COGS-000343,2100_AP,0.0,710964.91,EXTERNAL,Variable cost of sales
2026-03,JP01,Software,OPEX-000343,6000_OPEX,556224.04,0.0,EXTERNAL,Operating expenses
2026-03,JP01,Software,OPEX-000343,2100_AP,0.0,556224.04,EXTERNAL,Operating expenses
2026-03,JP01,Software,CAPEX-000343,1500_PPE,24183.65,0.0,EXTERNAL,Capital expenditure
2026-03,JP01,Software,CAPEX-000343,1000_CASH,0.0,24183.65,EXTERNAL,Capital expenditure
2026-03,JP01,Software,DEP-000343,6100_DEPRECIATION,287.9,0.0,EXTERNAL,Depreciation
2026-03,JP01,Software,DEP-000343,1590_ACCUM_DEP,0.0,287.9,EXTERNAL,Depreciation
2026-03,JP01,Software,COLL-000343,1000_CASH,1983059.62,0.0,EXTERNAL,Customer collections
2026-03,JP01,Software,COLL-000343,1100_AR,0.0,1983059.62,EXTERNAL,Customer collections
2026-03,JP01,Software,PAY-000343,2100_AP,988407.38,0.0,EXTERNAL,Supplier payments
2026-03,JP01,Software,PAY-000343,1000_CASH,0.0,988407.38,EXTERNAL,Supplier payments
2026-03,DE01,Hardware,REV-000344,1100_AR,2671546.12,0.0,EXTERNAL,External sale
2026-03,DE01,Hardware,REV-000344,4000_REVENUE,0.0,2671546.12,EXTERNAL,External sale
2026-03,DE01,Hardware,COGS-000344,5000_VARIABLE_COGS,1724547.89,0.0,EXTERNAL,Variable cost of sales
2026-03,DE01,Hardware,COGS-000344,2100_AP,0.0,1724547.89,EXTERNAL,Variable cost of sales
2026-03,DE01,Hardware,COGS-000344,5100_FIXED_PRODUCTION,183538.92,0.0,EXTERNAL,Fixed production cost
2026-03,DE01,Hardware,COGS-000344,2100_AP,0.0,183538.92,EXTERNAL,Fixed production cost
2026-03,DE01,Hardware,OPEX-000344,6000_OPEX,293870.07,0.0,EXTERNAL,Operating expenses
2026-03,DE01,Hardware,OPEX-000344,2100_AP,0.0,293870.07,EXTERNAL,Operating expenses
2026-03,DE01,Hardware,CAPEX-000344,1500_PPE,93504.11,0.0,EXTERNAL,Capital expenditure
2026-03,DE01,Hardware,CAPEX-000344,1000_CASH,0.0,93504.11,EXTERNAL,Capital expenditure
2026-03,DE01,Hardware,DEP-000344,6100_DEPRECIATION,1113.14,0.0,EXTERNAL,Depreciation
2026-03,DE01,Hardware,DEP-000344,1590_ACCUM_DEP,0.0,1113.14,EXTERNAL,Depreciation
2026-03,DE01,Hardware,COLL-000344,1000_CASH,2190667.82,0.0,EXTERNAL,Customer collections
2026-03,DE01,Hardware,COLL-000344,1100_AR,0.0,2190667.82,EXTERNAL,Customer collections
2026-03,DE01,Hardware,PAY-000344,2100_AP,1717526.37,0.0,EXTERNAL,Supplier payments
2026-03,DE01,Hardware,PAY-000344,1000_CASH,0.0,1717526.37,EXTERNAL,Supplier payments
2026-03,ES01,Hardware,REV-000345,1100_AR,2483880.42,0.0,EXTERNAL,External sale
2026-03,ES01,Hardware,REV-000345,4000_REVENUE,0.0,2483880.42,EXTERNAL,External sale
2026-03,ES01,Hardware,COGS-000345,5000_VARIABLE_COGS,1560561.52,0.0,EXTERNAL,Variable cost of sales
2026-03,ES01,Hardware,COGS-000345,2100_AP,0.0,1560561.52,EXTERNAL,Variable cost of sales
2026-03,ES01,Hardware,COGS-000345,5100_FIXED_PRODUCTION,232447.25,0.0,EXTERNAL,Fixed production cost
2026-03,ES01,Hardware,COGS-000345,2100_AP,0.0,232447.25,EXTERNAL,Fixed production cost
2026-03,ES01,Hardware,OPEX-000345,6000_OPEX,273226.85,0.0,EXTERNAL,Operating expenses
2026-03,ES01,Hardware,OPEX-000345,2100_AP,0.0,273226.85,EXTERNAL,Operating expenses
2026-03,ES01,Hardware,CAPEX-000345,1500_PPE,86935.81,0.0,EXTERNAL,Capital expenditure
2026-03,ES01,Hardware,CAPEX-000345,1000_CASH,0.0,86935.81,EXTERNAL,Capital expenditure
2026-03,ES01,Hardware,DEP-000345,6100_DEPRECIATION,1034.95,0.0,EXTERNAL,Depreciation
2026-03,ES01,Hardware,DEP-000345,1590_ACCUM_DEP,0.0,1034.95,EXTERNAL,Depreciation
2026-03,ES01,Hardware,COLL-000345,1000_CASH,2036781.94,0.0,EXTERNAL,Customer collections
2026-03,ES01,Hardware,COLL-000345,1100_AR,0.0,2036781.94,EXTERNAL,Customer collections
2026-03,ES01,Hardware,PAY-000345,2100_AP,1611663.78,0.0,EXTERNAL,Supplier payments
2026-03,ES01,Hardware,PAY-000345,1000_CASH,0.0,1611663.78,EXTERNAL,Supplier payments
2026-03,US01,Hardware,REV-000346,1100_AR,2808588.95,0.0,EXTERNAL,External sale
2026-03,US01,Hardware,REV-000346,4000_REVENUE,0.0,2808588.95,EXTERNAL,External sale
2026-03,US01,Hardware,COGS-000346,5000_VARIABLE_COGS,1760726.21,0.0,EXTERNAL,Variable cost of sales
2026-03,US01,Hardware,COGS-000346,2100_AP,0.0,1760726.21,EXTERNAL,Variable cost of sales
2026-03,US01,Hardware,COGS-000346,5100_FIXED_PRODUCTION,274574.84,0.0,EXTERNAL,Fixed production cost
2026-03,US01,Hardware,COGS-000346,2100_AP,0.0,274574.84,EXTERNAL,Fixed production cost
2026-03,US01,Hardware,OPEX-000346,6000_OPEX,308944.78,0.0,EXTERNAL,Operating expenses
2026-03,US01,Hardware,OPEX-000346,2100_AP,0.0,308944.78,EXTERNAL,Operating expenses
2026-03,US01,Hardware,CAPEX-000346,1500_PPE,98300.61,0.0,EXTERNAL,Capital expenditure
2026-03,US01,Hardware,CAPEX-000346,1000_CASH,0.0,98300.61,EXTERNAL,Capital expenditure
2026-03,US01,Hardware,DEP-000346,6100_DEPRECIATION,1170.25,0.0,EXTERNAL,Depreciation
2026-03,US01,Hardware,DEP-000346,1590_ACCUM_DEP,0.0,1170.25,EXTERNAL,Depreciation
2026-03,US01,Hardware,COLL-000346,1000_CASH,2303042.94,0.0,EXTERNAL,Customer collections
2026-03,US01,Hardware,COLL-000346,1100_AR,0.0,2303042.94,EXTERNAL,Customer collections
2026-03,US01,Hardware,PAY-000346,2100_AP,1828511.75,0.0,EXTERNAL,Supplier payments
2026-03,US01,Hardware,PAY-000346,1000_CASH,0.0,1828511.75,EXTERNAL,Supplier payments
2026-03,JP01,Hardware,REV-000347,1100_AR,2378698.95,0.0,EXTERNAL,External sale
2026-03,JP01,Hardware,REV-000347,4000_REVENUE,0.0,2378698.95,EXTERNAL,External sale
2026-03,JP01,Hardware,COGS-000347,5000_VARIABLE_COGS,1462546.63,0.0,EXTERNAL,Variable cost of sales
2026-03,JP01,Hardware,COGS-000347,2100_AP,0.0,1462546.63,EXTERNAL,Variable cost of sales
2026-03,JP01,Hardware,COGS-000347,5100_FIXED_PRODUCTION,254656.1,0.0,EXTERNAL,Fixed production cost
2026-03,JP01,Hardware,COGS-000347,2100_AP,0.0,254656.1,EXTERNAL,Fixed production cost
2026-03,JP01,Hardware,OPEX-000347,6000_OPEX,261656.88,0.0,EXTERNAL,Operating expenses
2026-03,JP01,Hardware,OPEX-000347,2100_AP,0.0,261656.88,EXTERNAL,Operating expenses
2026-03,JP01,Hardware,CAPEX-000347,1500_PPE,83254.46,0.0,EXTERNAL,Capital expenditure
2026-03,JP01,Hardware,CAPEX-000347,1000_CASH,0.0,83254.46,EXTERNAL,Capital expenditure
2026-03,JP01,Hardware,DEP-000347,6100_DEPRECIATION,991.12,0.0,EXTERNAL,Depreciation
2026-03,JP01,Hardware,DEP-000347,1590_ACCUM_DEP,0.0,991.12,EXTERNAL,Depreciation
2026-03,JP01,Hardware,COLL-000347,1000_CASH,1950533.14,0.0,EXTERNAL,Customer collections
2026-03,JP01,Hardware,COLL-000347,1100_AR,0.0,1950533.14,EXTERNAL,Customer collections
2026-03,JP01,Hardware,PAY-000347,2100_AP,1543510.49,0.0,EXTERNAL,Supplier payments
2026-03,JP01,Hardware,PAY-000347,1000_CASH,0.0,1543510.49,EXTERNAL,Supplier payments
2026-03,ES01,Events,REV-000348,1100_AR,1273912.95,0.0,EXTERNAL,External sale
2026-03,ES01,Events,REV-000348,4000_REVENUE,0.0,1273912.95,EXTERNAL,External sale
2026-03,ES01,Events,COGS-000348,5000_VARIABLE_COGS,746275.61,0.0,EXTERNAL,Variable cost of sales
2026-03,ES01,Events,COGS-000348,2100_AP,0.0,746275.61,EXTERNAL,Variable cost of sales
2026-03,ES01,Events,COGS-000348,5100_FIXED_PRODUCTION,75160.69,0.0,EXTERNAL,Fixed production cost
2026-03,ES01,Events,COGS-000348,2100_AP,0.0,75160.69,EXTERNAL,Fixed production cost
2026-03,ES01,Events,OPEX-000348,6000_OPEX,216565.2,0.0,EXTERNAL,Operating expenses
2026-03,ES01,Events,OPEX-000348,2100_AP,0.0,216565.2,EXTERNAL,Operating expenses
2026-03,ES01,Events,CAPEX-000348,1500_PPE,12739.13,0.0,EXTERNAL,Capital expenditure
2026-03,ES01,Events,CAPEX-000348,1000_CASH,0.0,12739.13,EXTERNAL,Capital expenditure
2026-03,ES01,Events,DEP-000348,6100_DEPRECIATION,151.66,0.0,EXTERNAL,Depreciation
2026-03,ES01,Events,DEP-000348,1590_ACCUM_DEP,0.0,151.66,EXTERNAL,Depreciation
2026-03,ES01,Events,COLL-000348,1000_CASH,1044608.62,0.0,EXTERNAL,Customer collections
2026-03,ES01,Events,COLL-000348,1100_AR,0.0,1044608.62,EXTERNAL,Customer collections
2026-03,ES01,Events,PAY-000348,2100_AP,809641.17,0.0,EXTERNAL,Supplier payments
2026-03,ES01,Events,PAY-000348,1000_CASH,0.0,809641.17,EXTERNAL,Supplier payments
2026-03,US01,Events,REV-000349,1100_AR,1297723.34,0.0,EXTERNAL,External sale
2026-03,US01,Events,REV-000349,4000_REVENUE,0.0,1297723.34,EXTERNAL,External sale
2026-03,US01,Events,COGS-000349,5000_VARIABLE_COGS,766215.21,0.0,EXTERNAL,Variable cost of sales
2026-03,US01,Events,COGS-000349,2100_AP,0.0,766215.21,EXTERNAL,Variable cost of sales
2026-03,US01,Events,COGS-000349,5100_FIXED_PRODUCTION,78496.74,0.0,EXTERNAL,Fixed production cost
2026-03,US01,Events,COGS-000349,2100_AP,0.0,78496.74,EXTERNAL,Fixed production cost
2026-03,US01,Events,OPEX-000349,6000_OPEX,220612.97,0.0,EXTERNAL,Operating expenses
2026-03,US01,Events,OPEX-000349,2100_AP,0.0,220612.97,EXTERNAL,Operating expenses
2026-03,US01,Events,CAPEX-000349,1500_PPE,12977.23,0.0,EXTERNAL,Capital expenditure
2026-03,US01,Events,CAPEX-000349,1000_CASH,0.0,12977.23,EXTERNAL,Capital expenditure
2026-03,US01,Events,DEP-000349,6100_DEPRECIATION,154.49,0.0,EXTERNAL,Depreciation
2026-03,US01,Events,DEP-000349,1590_ACCUM_DEP,0.0,154.49,EXTERNAL,Depreciation
2026-03,US01,Events,COLL-000349,1000_CASH,1064133.14,0.0,EXTERNAL,Customer collections
2026-03,US01,Events,COLL-000349,1100_AR,0.0,1064133.14,EXTERNAL,Customer collections
2026-03,US01,Events,PAY-000349,2100_AP,830953.44,0.0,EXTERNAL,Supplier payments
2026-03,US01,Events,PAY-000349,1000_CASH,0.0,830953.44,EXTERNAL,Supplier payments
2026-03,ES01,Spare Parts,REV-000350,1100_AR,1717693.0,0.0,EXTERNAL,External sale
2026-03,ES01,Spare Parts,REV-000350,4000_REVENUE,0.0,1717693.0,EXTERNAL,External sale
2026-03,ES01,Spare Parts,COGS-000350,5000_VARIABLE_COGS,749732.11,0.0,EXTERNAL,Variable cost of sales
2026-03,ES01,Spare Parts,COGS-000350,2100_AP,0.0,749732.11,EXTERNAL,Variable cost of sales
2026-03,ES01,Spare Parts,COGS-000350,5100_FIXED_PRODUCTION,178874.12,0.0,EXTERNAL,Fixed production cost
2026-03,ES01,Spare Parts,COGS-000350,2100_AP,0.0,178874.12,EXTERNAL,Fixed production cost
2026-03,ES01,Spare Parts,OPEX-000350,6000_OPEX,206123.16,0.0,EXTERNAL,Operating expenses
2026-03,ES01,Spare Parts,OPEX-000350,2100_AP,0.0,206123.16,EXTERNAL,Operating expenses
2026-03,ES01,Spare Parts,CAPEX-000350,1500_PPE,17176.93,0.0,EXTERNAL,Capital expenditure
2026-03,ES01,Spare Parts,CAPEX-000350,1000_CASH,0.0,17176.93,EXTERNAL,Capital expenditure
2026-03,ES01,Spare Parts,DEP-000350,6100_DEPRECIATION,204.49,0.0,EXTERNAL,Depreciation
2026-03,ES01,Spare Parts,DEP-000350,1590_ACCUM_DEP,0.0,204.49,EXTERNAL,Depreciation
2026-03,ES01,Spare Parts,COLL-000350,1000_CASH,1408508.26,0.0,EXTERNAL,Customer collections
2026-03,ES01,Spare Parts,COLL-000350,1100_AR,0.0,1408508.26,EXTERNAL,Customer collections
2026-03,ES01,Spare Parts,PAY-000350,2100_AP,885088.92,0.0,EXTERNAL,Supplier payments
2026-03,ES01,Spare Parts,PAY-000350,1000_CASH,0.0,885088.92,EXTERNAL,Supplier payments
2026-03,JP01,Spare Parts,REV-000351,1100_AR,1783212.8,0.0,EXTERNAL,External sale
2026-03,JP01,Spare Parts,REV-000351,4000_REVENUE,0.0,1783212.8,EXTERNAL,External sale
2026-03,JP01,Spare Parts,COGS-000351,5000_VARIABLE_COGS,811405.0,0.0,EXTERNAL,Variable cost of sales
2026-03,JP01,Spare Parts,COGS-000351,2100_AP,0.0,811405.0,EXTERNAL,Variable cost of sales
2026-03,JP01,Spare Parts,COGS-000351,5100_FIXED_PRODUCTION,164404.45,0.0,EXTERNAL,Fixed production cost
2026-03,JP01,Spare Parts,COGS-000351,2100_AP,0.0,164404.45,EXTERNAL,Fixed production cost
2026-03,JP01,Spare Parts,OPEX-000351,6000_OPEX,213985.54,0.0,EXTERNAL,Operating expenses
2026-03,JP01,Spare Parts,OPEX-000351,2100_AP,0.0,213985.54,EXTERNAL,Operating expenses
2026-03,JP01,Spare Parts,CAPEX-000351,1500_PPE,17832.13,0.0,EXTERNAL,Capital expenditure
2026-03,JP01,Spare Parts,CAPEX-000351,1000_CASH,0.0,17832.13,EXTERNAL,Capital expenditure
2026-03,JP01,Spare Parts,DEP-000351,6100_DEPRECIATION,212.29,0.0,EXTERNAL,Depreciation
2026-03,JP01,Spare Parts,DEP-000351,1590_ACCUM_DEP,0.0,212.29,EXTERNAL,Depreciation
2026-03,JP01,Spare Parts,COLL-000351,1000_CASH,1462234.5,0.0,EXTERNAL,Customer collections
2026-03,JP01,Spare Parts,COLL-000351,1100_AR,0.0,1462234.5,EXTERNAL,Customer collections
2026-03,JP01,Spare Parts,PAY-000351,2100_AP,928040.09,0.0,EXTERNAL,Supplier payments
2026-03,JP01,Spare Parts,PAY-000351,1000_CASH,0.0,928040.09,EXTERNAL,Supplier payments
2026-04,DE01,Software,REV-000352,1100_AR,2183369.53,0.0,EXTERNAL,External sale
2026-04,DE01,Software,REV-000352,4000_REVENUE,0.0,2183369.53,EXTERNAL,External sale
2026-04,DE01,Software,COGS-000352,5000_VARIABLE_COGS,629127.59,0.0,EXTERNAL,Variable cost of sales
2026-04,DE01,Software,COGS-000352,2100_AP,0.0,629127.59,EXTERNAL,Variable cost of sales
2026-04,DE01,Software,OPEX-000352,6000_OPEX,502174.99,0.0,EXTERNAL,Operating expenses
2026-04,DE01,Software,OPEX-000352,2100_AP,0.0,502174.99,EXTERNAL,Operating expenses
2026-04,DE01,Software,CAPEX-000352,1500_PPE,21833.7,0.0,EXTERNAL,Capital expenditure
2026-04,DE01,Software,CAPEX-000352,1000_CASH,0.0,21833.7,EXTERNAL,Capital expenditure
2026-04,DE01,Software,DEP-000352,6100_DEPRECIATION,259.92,0.0,EXTERNAL,Depreciation
2026-04,DE01,Software,DEP-000352,1590_ACCUM_DEP,0.0,259.92,EXTERNAL,Depreciation
2026-04,DE01,Software,COLL-000352,1000_CASH,1790363.01,0.0,EXTERNAL,Customer collections
2026-04,DE01,Software,COLL-000352,1100_AR,0.0,1790363.01,EXTERNAL,Customer collections
2026-04,DE01,Software,PAY-000352,2100_AP,882416.01,0.0,EXTERNAL,Supplier payments
2026-04,DE01,Software,PAY-000352,1000_CASH,0.0,882416.01,EXTERNAL,Supplier payments
2026-04,US01,Software,REV-000353,1100_AR,2443247.05,0.0,EXTERNAL,External sale
2026-04,US01,Software,REV-000353,4000_REVENUE,0.0,2443247.05,EXTERNAL,External sale
2026-04,US01,Software,COGS-000353,5000_VARIABLE_COGS,749078.66,0.0,EXTERNAL,Variable cost of sales
2026-04,US01,Software,COGS-000353,2100_AP,0.0,749078.66,EXTERNAL,Variable cost of sales
2026-04,US01,Software,OPEX-000353,6000_OPEX,561946.82,0.0,EXTERNAL,Operating expenses
2026-04,US01,Software,OPEX-000353,2100_AP,0.0,561946.82,EXTERNAL,Operating expenses
2026-04,US01,Software,CAPEX-000353,1500_PPE,24432.47,0.0,EXTERNAL,Capital expenditure
2026-04,US01,Software,CAPEX-000353,1000_CASH,0.0,24432.47,EXTERNAL,Capital expenditure
2026-04,US01,Software,DEP-000353,6100_DEPRECIATION,290.86,0.0,EXTERNAL,Depreciation
2026-04,US01,Software,DEP-000353,1590_ACCUM_DEP,0.0,290.86,EXTERNAL,Depreciation
2026-04,US01,Software,COLL-000353,1000_CASH,2003462.58,0.0,EXTERNAL,Customer collections
2026-04,US01,Software,COLL-000353,1100_AR,0.0,2003462.58,EXTERNAL,Customer collections
2026-04,US01,Software,PAY-000353,2100_AP,1022599.88,0.0,EXTERNAL,Supplier payments
2026-04,US01,Software,PAY-000353,1000_CASH,0.0,1022599.88,EXTERNAL,Supplier payments
2026-04,JP01,Software,REV-000354,1100_AR,2322003.87,0.0,EXTERNAL,External sale
2026-04,JP01,Software,REV-000354,4000_REVENUE,0.0,2322003.87,EXTERNAL,External sale
2026-04,JP01,Software,COGS-000354,5000_VARIABLE_COGS,689913.28,0.0,EXTERNAL,Variable cost of sales
2026-04,JP01,Software,COGS-000354,2100_AP,0.0,689913.28,EXTERNAL,Variable cost of sales
2026-04,JP01,Software,OPEX-000354,6000_OPEX,534060.89,0.0,EXTERNAL,Operating expenses
2026-04,JP01,Software,OPEX-000354,2100_AP,0.0,534060.89,EXTERNAL,Operating expenses
2026-04,JP01,Software,CAPEX-000354,1500_PPE,23220.04,0.0,EXTERNAL,Capital expenditure
2026-04,JP01,Software,CAPEX-000354,1000_CASH,0.0,23220.04,EXTERNAL,Capital expenditure
2026-04,JP01,Software,DEP-000354,6100_DEPRECIATION,276.43,0.0,EXTERNAL,Depreciation
2026-04,JP01,Software,DEP-000354,1590_ACCUM_DEP,0.0,276.43,EXTERNAL,Depreciation
2026-04,JP01,Software,COLL-000354,1000_CASH,1904043.17,0.0,EXTERNAL,Customer collections
2026-04,JP01,Software,COLL-000354,1100_AR,0.0,1904043.17,EXTERNAL,Customer collections
2026-04,JP01,Software,PAY-000354,2100_AP,954699.85,0.0,EXTERNAL,Supplier payments
2026-04,JP01,Software,PAY-000354,1000_CASH,0.0,954699.85,EXTERNAL,Supplier payments
2026-04,DE01,Hardware,REV-000355,1100_AR,2662454.24,0.0,EXTERNAL,External sale
2026-04,DE01,Hardware,REV-000355,4000_REVENUE,0.0,2662454.24,EXTERNAL,External sale
2026-04,DE01,Hardware,COGS-000355,5000_VARIABLE_COGS,1730719.51,0.0,EXTERNAL,Variable cost of sales
2026-04,DE01,Hardware,COGS-000355,2100_AP,0.0,1730719.51,EXTERNAL,Variable cost of sales
2026-04,DE01,Hardware,COGS-000355,5100_FIXED_PRODUCTION,141442.91,0.0,EXTERNAL,Fixed production cost
2026-04,DE01,Hardware,COGS-000355,2100_AP,0.0,141442.91,EXTERNAL,Fixed production cost
2026-04,DE01,Hardware,OPEX-000355,6000_OPEX,292869.97,0.0,EXTERNAL,Operating expenses
2026-04,DE01,Hardware,OPEX-000355,2100_AP,0.0,292869.97,EXTERNAL,Operating expenses
2026-04,DE01,Hardware,CAPEX-000355,1500_PPE,93185.9,0.0,EXTERNAL,Capital expenditure
2026-04,DE01,Hardware,CAPEX-000355,1000_CASH,0.0,93185.9,EXTERNAL,Capital expenditure
2026-04,DE01,Hardware,DEP-000355,6100_DEPRECIATION,1109.36,0.0,EXTERNAL,Depreciation
2026-04,DE01,Hardware,DEP-000355,1590_ACCUM_DEP,0.0,1109.36,EXTERNAL,Depreciation
2026-04,DE01,Hardware,COLL-000355,1000_CASH,2183212.48,0.0,EXTERNAL,Customer collections
2026-04,DE01,Hardware,COLL-000355,1100_AR,0.0,2183212.48,EXTERNAL,Customer collections
2026-04,DE01,Hardware,PAY-000355,2100_AP,1688725.26,0.0,EXTERNAL,Supplier payments
2026-04,DE01,Hardware,PAY-000355,1000_CASH,0.0,1688725.26,EXTERNAL,Supplier payments
2026-04,ES01,Hardware,REV-000356,1100_AR,2582982.1,0.0,EXTERNAL,External sale
2026-04,ES01,Hardware,REV-000356,4000_REVENUE,0.0,2582982.1,EXTERNAL,External sale
2026-04,ES01,Hardware,COGS-000356,5000_VARIABLE_COGS,1627547.79,0.0,EXTERNAL,Variable cost of sales
2026-04,ES01,Hardware,COGS-000356,2100_AP,0.0,1627547.79,EXTERNAL,Variable cost of sales
2026-04,ES01,Hardware,COGS-000356,5100_FIXED_PRODUCTION,245735.46,0.0,EXTERNAL,Fixed production cost
2026-04,ES01,Hardware,COGS-000356,2100_AP,0.0,245735.46,EXTERNAL,Fixed production cost
2026-04,ES01,Hardware,OPEX-000356,6000_OPEX,284128.03,0.0,EXTERNAL,Operating expenses
2026-04,ES01,Hardware,OPEX-000356,2100_AP,0.0,284128.03,EXTERNAL,Operating expenses
2026-04,ES01,Hardware,CAPEX-000356,1500_PPE,90404.37,0.0,EXTERNAL,Capital expenditure
2026-04,ES01,Hardware,CAPEX-000356,1000_CASH,0.0,90404.37,EXTERNAL,Capital expenditure
2026-04,ES01,Hardware,DEP-000356,6100_DEPRECIATION,1076.24,0.0,EXTERNAL,Depreciation
2026-04,ES01,Hardware,DEP-000356,1590_ACCUM_DEP,0.0,1076.24,EXTERNAL,Depreciation
2026-04,ES01,Hardware,COLL-000356,1000_CASH,2118045.32,0.0,EXTERNAL,Customer collections
2026-04,ES01,Hardware,COLL-000356,1100_AR,0.0,2118045.32,EXTERNAL,Customer collections
2026-04,ES01,Hardware,PAY-000356,2100_AP,1682780.8,0.0,EXTERNAL,Supplier payments
2026-04,ES01,Hardware,PAY-000356,1000_CASH,0.0,1682780.8,EXTERNAL,Supplier payments
2026-04,US01,Hardware,REV-000357,1100_AR,2602748.24,0.0,EXTERNAL,External sale
2026-04,US01,Hardware,REV-000357,4000_REVENUE,0.0,2602748.24,EXTERNAL,External sale
2026-04,US01,Hardware,COGS-000357,5000_VARIABLE_COGS,1636623.27,0.0,EXTERNAL,Variable cost of sales
2026-04,US01,Hardware,COGS-000357,2100_AP,0.0,1636623.27,EXTERNAL,Variable cost of sales
2026-04,US01,Hardware,COGS-000357,5100_FIXED_PRODUCTION,226720.21,0.0,EXTERNAL,Fixed production cost
2026-04,US01,Hardware,COGS-000357,2100_AP,0.0,226720.21,EXTERNAL,Fixed production cost
2026-04,US01,Hardware,OPEX-000357,6000_OPEX,286302.31,0.0,EXTERNAL,Operating expenses
2026-04,US01,Hardware,OPEX-000357,2100_AP,0.0,286302.31,EXTERNAL,Operating expenses
2026-04,US01,Hardware,CAPEX-000357,1500_PPE,91096.19,0.0,EXTERNAL,Capital expenditure
2026-04,US01,Hardware,CAPEX-000357,1000_CASH,0.0,91096.19,EXTERNAL,Capital expenditure
2026-04,US01,Hardware,DEP-000357,6100_DEPRECIATION,1084.48,0.0,EXTERNAL,Depreciation
2026-04,US01,Hardware,DEP-000357,1590_ACCUM_DEP,0.0,1084.48,EXTERNAL,Depreciation
2026-04,US01,Hardware,COLL-000357,1000_CASH,2134253.56,0.0,EXTERNAL,Customer collections
2026-04,US01,Hardware,COLL-000357,1100_AR,0.0,2134253.56,EXTERNAL,Customer collections
2026-04,US01,Hardware,PAY-000357,2100_AP,1676723.71,0.0,EXTERNAL,Supplier payments
2026-04,US01,Hardware,PAY-000357,1000_CASH,0.0,1676723.71,EXTERNAL,Supplier payments
2026-04,JP01,Hardware,REV-000358,1100_AR,2534646.99,0.0,EXTERNAL,External sale
2026-04,JP01,Hardware,REV-000358,4000_REVENUE,0.0,2534646.99,EXTERNAL,External sale
2026-04,JP01,Hardware,COGS-000358,5000_VARIABLE_COGS,1610083.53,0.0,EXTERNAL,Variable cost of sales
2026-04,JP01,Hardware,COGS-000358,2100_AP,0.0,1610083.53,EXTERNAL,Variable cost of sales
2026-04,JP01,Hardware,COGS-000358,5100_FIXED_PRODUCTION,219569.28,0.0,EXTERNAL,Fixed production cost
2026-04,JP01,Hardware,COGS-000358,2100_AP,0.0,219569.28,EXTERNAL,Fixed production cost
2026-04,JP01,Hardware,OPEX-000358,6000_OPEX,278811.17,0.0,EXTERNAL,Operating expenses
2026-04,JP01,Hardware,OPEX-000358,2100_AP,0.0,278811.17,EXTERNAL,Operating expenses
2026-04,JP01,Hardware,CAPEX-000358,1500_PPE,88712.64,0.0,EXTERNAL,Capital expenditure
2026-04,JP01,Hardware,CAPEX-000358,1000_CASH,0.0,88712.64,EXTERNAL,Capital expenditure
2026-04,JP01,Hardware,DEP-000358,6100_DEPRECIATION,1056.1,0.0,EXTERNAL,Depreciation
2026-04,JP01,Hardware,DEP-000358,1590_ACCUM_DEP,0.0,1056.1,EXTERNAL,Depreciation
2026-04,JP01,Hardware,COLL-000358,1000_CASH,2078410.53,0.0,EXTERNAL,Customer collections
2026-04,JP01,Hardware,COLL-000358,1100_AR,0.0,2078410.53,EXTERNAL,Customer collections
2026-04,JP01,Hardware,PAY-000358,2100_AP,1644601.9,0.0,EXTERNAL,Supplier payments
2026-04,JP01,Hardware,PAY-000358,1000_CASH,0.0,1644601.9,EXTERNAL,Supplier payments
2026-04,ES01,Events,REV-000359,1100_AR,1345127.09,0.0,EXTERNAL,External sale
2026-04,ES01,Events,REV-000359,4000_REVENUE,0.0,1345127.09,EXTERNAL,External sale
2026-04,ES01,Events,COGS-000359,5000_VARIABLE_COGS,831619.3,0.0,EXTERNAL,Variable cost of sales
2026-04,ES01,Events,COGS-000359,2100_AP,0.0,831619.3,EXTERNAL,Variable cost of sales
2026-04,ES01,Events,COGS-000359,5100_FIXED_PRODUCTION,39488.85,0.0,EXTERNAL,Fixed production cost
2026-04,ES01,Events,COGS-000359,2100_AP,0.0,39488.85,EXTERNAL,Fixed production cost
2026-04,ES01,Events,OPEX-000359,6000_OPEX,228671.61,0.0,EXTERNAL,Operating expenses
2026-04,ES01,Events,OPEX-000359,2100_AP,0.0,228671.61,EXTERNAL,Operating expenses
2026-04,ES01,Events,CAPEX-000359,1500_PPE,13451.27,0.0,EXTERNAL,Capital expenditure
2026-04,ES01,Events,CAPEX-000359,1000_CASH,0.0,13451.27,EXTERNAL,Capital expenditure
2026-04,ES01,Events,DEP-000359,6100_DEPRECIATION,160.13,0.0,EXTERNAL,Depreciation
2026-04,ES01,Events,DEP-000359,1590_ACCUM_DEP,0.0,160.13,EXTERNAL,Depreciation
2026-04,ES01,Events,COLL-000359,1000_CASH,1103004.21,0.0,EXTERNAL,Customer collections
2026-04,ES01,Events,COLL-000359,1100_AR,0.0,1103004.21,EXTERNAL,Customer collections
2026-04,ES01,Events,PAY-000359,2100_AP,857828.21,0.0,EXTERNAL,Supplier payments
2026-04,ES01,Events,PAY-000359,1000_CASH,0.0,857828.21,EXTERNAL,Supplier payments
2026-04,US01,Events,REV-000360,1100_AR,1315300.26,0.0,EXTERNAL,External sale
2026-04,US01,Events,REV-000360,4000_REVENUE,0.0,1315300.26,EXTERNAL,External sale
2026-04,US01,Events,COGS-000360,5000_VARIABLE_COGS,770850.45,0.0,EXTERNAL,Variable cost of sales
2026-04,US01,Events,COGS-000360,2100_AP,0.0,770850.45,EXTERNAL,Variable cost of sales
2026-04,US01,Events,COGS-000360,5100_FIXED_PRODUCTION,60815.7,0.0,EXTERNAL,Fixed production cost
2026-04,US01,Events,COGS-000360,2100_AP,0.0,60815.7,EXTERNAL,Fixed production cost
2026-04,US01,Events,OPEX-000360,6000_OPEX,223601.04,0.0,EXTERNAL,Operating expenses
2026-04,US01,Events,OPEX-000360,2100_AP,0.0,223601.04,EXTERNAL,Operating expenses
2026-04,US01,Events,CAPEX-000360,1500_PPE,13153.0,0.0,EXTERNAL,Capital expenditure
2026-04,US01,Events,CAPEX-000360,1000_CASH,0.0,13153.0,EXTERNAL,Capital expenditure
2026-04,US01,Events,DEP-000360,6100_DEPRECIATION,156.58,0.0,EXTERNAL,Depreciation
2026-04,US01,Events,DEP-000360,1590_ACCUM_DEP,0.0,156.58,EXTERNAL,Depreciation
2026-04,US01,Events,COLL-000360,1000_CASH,1078546.21,0.0,EXTERNAL,Customer collections
2026-04,US01,Events,COLL-000360,1100_AR,0.0,1078546.21,EXTERNAL,Customer collections
2026-04,US01,Events,PAY-000360,2100_AP,823108.41,0.0,EXTERNAL,Supplier payments
2026-04,US01,Events,PAY-000360,1000_CASH,0.0,823108.41,EXTERNAL,Supplier payments
2026-04,ES01,Spare Parts,REV-000361,1100_AR,1805840.49,0.0,EXTERNAL,External sale
2026-04,ES01,Spare Parts,REV-000361,4000_REVENUE,0.0,1805840.49,EXTERNAL,External sale
2026-04,ES01,Spare Parts,COGS-000361,5000_VARIABLE_COGS,838244.93,0.0,EXTERNAL,Variable cost of sales
2026-04,ES01,Spare Parts,COGS-000361,2100_AP,0.0,838244.93,EXTERNAL,Variable cost of sales
2026-04,ES01,Spare Parts,COGS-000361,5100_FIXED_PRODUCTION,98728.0,0.0,EXTERNAL,Fixed production cost
2026-04,ES01,Spare Parts,COGS-000361,2100_AP,0.0,98728.0,EXTERNAL,Fixed production cost
2026-04,ES01,Spare Parts,OPEX-000361,6000_OPEX,216700.86,0.0,EXTERNAL,Operating expenses
2026-04,ES01,Spare Parts,OPEX-000361,2100_AP,0.0,216700.86,EXTERNAL,Operating expenses
2026-04,ES01,Spare Parts,CAPEX-000361,1500_PPE,18058.4,0.0,EXTERNAL,Capital expenditure
2026-04,ES01,Spare Parts,CAPEX-000361,1000_CASH,0.0,18058.4,EXTERNAL,Capital expenditure
2026-04,ES01,Spare Parts,DEP-000361,6100_DEPRECIATION,214.98,0.0,EXTERNAL,Depreciation
2026-04,ES01,Spare Parts,DEP-000361,1590_ACCUM_DEP,0.0,214.98,EXTERNAL,Depreciation
2026-04,ES01,Spare Parts,COLL-000361,1000_CASH,1480789.2,0.0,EXTERNAL,Customer collections
2026-04,ES01,Spare Parts,COLL-000361,1100_AR,0.0,1480789.2,EXTERNAL,Customer collections
2026-04,ES01,Spare Parts,PAY-000361,2100_AP,899865.55,0.0,EXTERNAL,Supplier payments
2026-04,ES01,Spare Parts,PAY-000361,1000_CASH,0.0,899865.55,EXTERNAL,Supplier payments
2026-04,JP01,Spare Parts,REV-000362,1100_AR,1697736.88,0.0,EXTERNAL,External sale
2026-04,JP01,Spare Parts,REV-000362,4000_REVENUE,0.0,1697736.88,EXTERNAL,External sale
2026-04,JP01,Spare Parts,COGS-000362,5000_VARIABLE_COGS,805460.52,0.0,EXTERNAL,Variable cost of sales
2026-04,JP01,Spare Parts,COGS-000362,2100_AP,0.0,805460.52,EXTERNAL,Variable cost of sales
2026-04,JP01,Spare Parts,COGS-000362,5100_FIXED_PRODUCTION,79266.83,0.0,EXTERNAL,Fixed production cost
2026-04,JP01,Spare Parts,COGS-000362,2100_AP,0.0,79266.83,EXTERNAL,Fixed production cost
2026-04,JP01,Spare Parts,OPEX-000362,6000_OPEX,203728.43,0.0,EXTERNAL,Operating expenses
2026-04,JP01,Spare Parts,OPEX-000362,2100_AP,0.0,203728.43,EXTERNAL,Operating expenses
2026-04,JP01,Spare Parts,CAPEX-000362,1500_PPE,16977.37,0.0,EXTERNAL,Capital expenditure
2026-04,JP01,Spare Parts,CAPEX-000362,1000_CASH,0.0,16977.37,EXTERNAL,Capital expenditure
2026-04,JP01,Spare Parts,DEP-000362,6100_DEPRECIATION,202.11,0.0,EXTERNAL,Depreciation
2026-04,JP01,Spare Parts,DEP-000362,1590_ACCUM_DEP,0.0,202.11,EXTERNAL,Depreciation
2026-04,JP01,Spare Parts,COLL-000362,1000_CASH,1392144.24,0.0,EXTERNAL,Customer collections
2026-04,JP01,Spare Parts,COLL-000362,1100_AR,0.0,1392144.24,EXTERNAL,Customer collections
2026-04,JP01,Spare Parts,PAY-000362,2100_AP,848995.5,0.0,EXTERNAL,Supplier payments
2026-04,JP01,Spare Parts,PAY-000362,1000_CASH,0.0,848995.5,EXTERNAL,Supplier payments
2026-05,DE01,Software,REV-000363,1100_AR,2397934.04,0.0,EXTERNAL,External sale
2026-05,DE01,Software,REV-000363,4000_REVENUE,0.0,2397934.04,EXTERNAL,External sale
2026-05,DE01,Software,COGS-000363,5000_VARIABLE_COGS,703181.62,0.0,EXTERNAL,Variable cost of sales
2026-05,DE01,Software,COGS-000363,2100_AP,0.0,703181.62,EXTERNAL,Variable cost of sales
2026-05,DE01,Software,OPEX-000363,6000_OPEX,551524.83,0.0,EXTERNAL,Operating expenses
2026-05,DE01,Software,OPEX-000363,2100_AP,0.0,551524.83,EXTERNAL,Operating expenses
2026-05,DE01,Software,CAPEX-000363,1500_PPE,23979.34,0.0,EXTERNAL,Capital expenditure
2026-05,DE01,Software,CAPEX-000363,1000_CASH,0.0,23979.34,EXTERNAL,Capital expenditure
2026-05,DE01,Software,DEP-000363,6100_DEPRECIATION,285.47,0.0,EXTERNAL,Depreciation
2026-05,DE01,Software,DEP-000363,1590_ACCUM_DEP,0.0,285.47,EXTERNAL,Depreciation
2026-05,DE01,Software,COLL-000363,1000_CASH,1966305.91,0.0,EXTERNAL,Customer collections
2026-05,DE01,Software,COLL-000363,1100_AR,0.0,1966305.91,EXTERNAL,Customer collections
2026-05,DE01,Software,PAY-000363,2100_AP,978671.03,0.0,EXTERNAL,Supplier payments
2026-05,DE01,Software,PAY-000363,1000_CASH,0.0,978671.03,EXTERNAL,Supplier payments
2026-05,US01,Software,REV-000364,1100_AR,2382389.08,0.0,EXTERNAL,External sale
2026-05,US01,Software,REV-000364,4000_REVENUE,0.0,2382389.08,EXTERNAL,External sale
2026-05,US01,Software,COGS-000364,5000_VARIABLE_COGS,664321.5,0.0,EXTERNAL,Variable cost of sales
2026-05,US01,Software,COGS-000364,2100_AP,0.0,664321.5,EXTERNAL,Variable cost of sales
2026-05,US01,Software,OPEX-000364,6000_OPEX,547949.49,0.0,EXTERNAL,Operating expenses
2026-05,US01,Software,OPEX-000364,2100_AP,0.0,547949.49,EXTERNAL,Operating expenses
2026-05,US01,Software,CAPEX-000364,1500_PPE,23823.89,0.0,EXTERNAL,Capital expenditure
2026-05,US01,Software,CAPEX-000364,1000_CASH,0.0,23823.89,EXTERNAL,Capital expenditure
2026-05,US01,Software,DEP-000364,6100_DEPRECIATION,283.62,0.0,EXTERNAL,Depreciation
2026-05,US01,Software,DEP-000364,1590_ACCUM_DEP,0.0,283.62,EXTERNAL,Depreciation
2026-05,US01,Software,COLL-000364,1000_CASH,1953559.05,0.0,EXTERNAL,Customer collections
2026-05,US01,Software,COLL-000364,1100_AR,0.0,1953559.05,EXTERNAL,Customer collections
2026-05,US01,Software,PAY-000364,2100_AP,945571.37,0.0,EXTERNAL,Supplier payments
2026-05,US01,Software,PAY-000364,1000_CASH,0.0,945571.37,EXTERNAL,Supplier payments
2026-05,JP01,Software,REV-000365,1100_AR,2356114.24,0.0,EXTERNAL,External sale
2026-05,JP01,Software,REV-000365,4000_REVENUE,0.0,2356114.24,EXTERNAL,External sale
2026-05,JP01,Software,COGS-000365,5000_VARIABLE_COGS,679554.62,0.0,EXTERNAL,Variable cost of sales
2026-05,JP01,Software,COGS-000365,2100_AP,0.0,679554.62,EXTERNAL,Variable cost of sales
2026-05,JP01,Software,OPEX-000365,6000_OPEX,541906.28,0.0,EXTERNAL,Operating expenses
2026-05,JP01,Software,OPEX-000365,2100_AP,0.0,541906.28,EXTERNAL,Operating expenses
2026-05,JP01,Software,CAPEX-000365,1500_PPE,23561.14,0.0,EXTERNAL,Capital expenditure
2026-05,JP01,Software,CAPEX-000365,1000_CASH,0.0,23561.14,EXTERNAL,Capital expenditure
2026-05,JP01,Software,DEP-000365,6100_DEPRECIATION,280.49,0.0,EXTERNAL,Depreciation
2026-05,JP01,Software,DEP-000365,1590_ACCUM_DEP,0.0,280.49,EXTERNAL,Depreciation
2026-05,JP01,Software,COLL-000365,1000_CASH,1932013.68,0.0,EXTERNAL,Customer collections
2026-05,JP01,Software,COLL-000365,1100_AR,0.0,1932013.68,EXTERNAL,Customer collections
2026-05,JP01,Software,PAY-000365,2100_AP,952739.5,0.0,EXTERNAL,Supplier payments
2026-05,JP01,Software,PAY-000365,1000_CASH,0.0,952739.5,EXTERNAL,Supplier payments
2026-05,DE01,Hardware,REV-000366,1100_AR,2591169.12,0.0,EXTERNAL,External sale
2026-05,DE01,Hardware,REV-000366,4000_REVENUE,0.0,2591169.12,EXTERNAL,External sale
2026-05,DE01,Hardware,COGS-000366,5000_VARIABLE_COGS,1668023.38,0.0,EXTERNAL,Variable cost of sales
2026-05,DE01,Hardware,COGS-000366,2100_AP,0.0,1668023.38,EXTERNAL,Variable cost of sales
2026-05,DE01,Hardware,COGS-000366,5100_FIXED_PRODUCTION,164215.03,0.0,EXTERNAL,Fixed production cost
2026-05,DE01,Hardware,COGS-000366,2100_AP,0.0,164215.03,EXTERNAL,Fixed production cost
2026-05,DE01,Hardware,OPEX-000366,6000_OPEX,285028.6,0.0,EXTERNAL,Operating expenses
2026-05,DE01,Hardware,OPEX-000366,2100_AP,0.0,285028.6,EXTERNAL,Operating expenses
2026-05,DE01,Hardware,CAPEX-000366,1500_PPE,90690.92,0.0,EXTERNAL,Capital expenditure
2026-05,DE01,Hardware,CAPEX-000366,1000_CASH,0.0,90690.92,EXTERNAL,Capital expenditure
2026-05,DE01,Hardware,DEP-000366,6100_DEPRECIATION,1079.65,0.0,EXTERNAL,Depreciation
2026-05,DE01,Hardware,DEP-000366,1590_ACCUM_DEP,0.0,1079.65,EXTERNAL,Depreciation
2026-05,DE01,Hardware,COLL-000366,1000_CASH,2124758.68,0.0,EXTERNAL,Customer collections
2026-05,DE01,Hardware,COLL-000366,1100_AR,0.0,2124758.68,EXTERNAL,Customer collections
2026-05,DE01,Hardware,PAY-000366,2100_AP,1651468.26,0.0,EXTERNAL,Supplier payments
2026-05,DE01,Hardware,PAY-000366,1000_CASH,0.0,1651468.26,EXTERNAL,Supplier payments
2026-05,ES01,Hardware,REV-000367,1100_AR,2685258.28,0.0,EXTERNAL,External sale
2026-05,ES01,Hardware,REV-000367,4000_REVENUE,0.0,2685258.28,EXTERNAL,External sale
2026-05,ES01,Hardware,COGS-000367,5000_VARIABLE_COGS,1666240.1,0.0,EXTERNAL,Variable cost of sales
2026-05,ES01,Hardware,COGS-000367,2100_AP,0.0,1666240.1,EXTERNAL,Variable cost of sales
2026-05,ES01,Hardware,COGS-000367,5100_FIXED_PRODUCTION,223134.49,0.0,EXTERNAL,Fixed production cost
2026-05,ES01,Hardware,COGS-000367,2100_AP,0.0,223134.49,EXTERNAL,Fixed production cost
2026-05,ES01,Hardware,OPEX-000367,6000_OPEX,295378.41,0.0,EXTERNAL,Operating expenses
2026-05,ES01,Hardware,OPEX-000367,2100_AP,0.0,295378.41,EXTERNAL,Operating expenses
2026-05,ES01,Hardware,CAPEX-000367,1500_PPE,93984.04,0.0,EXTERNAL,Capital expenditure
2026-05,ES01,Hardware,CAPEX-000367,1000_CASH,0.0,93984.04,EXTERNAL,Capital expenditure
2026-05,ES01,Hardware,DEP-000367,6100_DEPRECIATION,1118.86,0.0,EXTERNAL,Depreciation
2026-05,ES01,Hardware,DEP-000367,1590_ACCUM_DEP,0.0,1118.86,EXTERNAL,Depreciation
2026-05,ES01,Hardware,COLL-000367,1000_CASH,2201911.79,0.0,EXTERNAL,Customer collections
2026-05,ES01,Hardware,COLL-000367,1100_AR,0.0,2201911.79,EXTERNAL,Customer collections
2026-05,ES01,Hardware,PAY-000367,2100_AP,1704107.34,0.0,EXTERNAL,Supplier payments
2026-05,ES01,Hardware,PAY-000367,1000_CASH,0.0,1704107.34,EXTERNAL,Supplier payments
2026-05,US01,Hardware,REV-000368,1100_AR,2617128.02,0.0,EXTERNAL,External sale
2026-05,US01,Hardware,REV-000368,4000_REVENUE,0.0,2617128.02,EXTERNAL,External sale
2026-05,US01,Hardware,COGS-000368,5000_VARIABLE_COGS,1672346.15,0.0,EXTERNAL,Variable cost of sales
2026-05,US01,Hardware,COGS-000368,2100_AP,0.0,1672346.15,EXTERNAL,Variable cost of sales
2026-05,US01,Hardware,COGS-000368,5100_FIXED_PRODUCTION,184643.74,0.0,EXTERNAL,Fixed production cost
2026-05,US01,Hardware,COGS-000368,2100_AP,0.0,184643.74,EXTERNAL,Fixed production cost
2026-05,US01,Hardware,OPEX-000368,6000_OPEX,287884.08,0.0,EXTERNAL,Operating expenses
2026-05,US01,Hardware,OPEX-000368,2100_AP,0.0,287884.08,EXTERNAL,Operating expenses
2026-05,US01,Hardware,CAPEX-000368,1500_PPE,91599.48,0.0,EXTERNAL,Capital expenditure
2026-05,US01,Hardware,CAPEX-000368,1000_CASH,0.0,91599.48,EXTERNAL,Capital expenditure
2026-05,US01,Hardware,DEP-000368,6100_DEPRECIATION,1090.47,0.0,EXTERNAL,Depreciation
2026-05,US01,Hardware,DEP-000368,1590_ACCUM_DEP,0.0,1090.47,EXTERNAL,Depreciation
2026-05,US01,Hardware,COLL-000368,1000_CASH,2146044.98,0.0,EXTERNAL,Customer collections
2026-05,US01,Hardware,COLL-000368,1100_AR,0.0,2146044.98,EXTERNAL,Customer collections
2026-05,US01,Hardware,PAY-000368,2100_AP,1673001.7,0.0,EXTERNAL,Supplier payments
2026-05,US01,Hardware,PAY-000368,1000_CASH,0.0,1673001.7,EXTERNAL,Supplier payments
2026-05,JP01,Hardware,REV-000369,1100_AR,2613891.62,0.0,EXTERNAL,External sale
2026-05,JP01,Hardware,REV-000369,4000_REVENUE,0.0,2613891.62,EXTERNAL,External sale
2026-05,JP01,Hardware,COGS-000369,5000_VARIABLE_COGS,1693104.81,0.0,EXTERNAL,Variable cost of sales
2026-05,JP01,Hardware,COGS-000369,2100_AP,0.0,1693104.81,EXTERNAL,Variable cost of sales
2026-05,JP01,Hardware,COGS-000369,5100_FIXED_PRODUCTION,218872.08,0.0,EXTERNAL,Fixed production cost
2026-05,JP01,Hardware,COGS-000369,2100_AP,0.0,218872.08,EXTERNAL,Fixed production cost
2026-05,JP01,Hardware,OPEX-000369,6000_OPEX,287528.08,0.0,EXTERNAL,Operating expenses
2026-05,JP01,Hardware,OPEX-000369,2100_AP,0.0,287528.08,EXTERNAL,Operating expenses
2026-05,JP01,Hardware,CAPEX-000369,1500_PPE,91486.21,0.0,EXTERNAL,Capital expenditure
2026-05,JP01,Hardware,CAPEX-000369,1000_CASH,0.0,91486.21,EXTERNAL,Capital expenditure
2026-05,JP01,Hardware,DEP-000369,6100_DEPRECIATION,1089.12,0.0,EXTERNAL,Depreciation
2026-05,JP01,Hardware,DEP-000369,1590_ACCUM_DEP,0.0,1089.12,EXTERNAL,Depreciation
2026-05,JP01,Hardware,COLL-000369,1000_CASH,2143391.13,0.0,EXTERNAL,Customer collections
2026-05,JP01,Hardware,COLL-000369,1100_AR,0.0,2143391.13,EXTERNAL,Customer collections
2026-05,JP01,Hardware,PAY-000369,2100_AP,1715613.88,0.0,EXTERNAL,Supplier payments
2026-05,JP01,Hardware,PAY-000369,1000_CASH,0.0,1715613.88,EXTERNAL,Supplier payments
2026-05,ES01,Events,REV-000370,1100_AR,1319773.34,0.0,EXTERNAL,External sale
2026-05,ES01,Events,REV-000370,4000_REVENUE,0.0,1319773.34,EXTERNAL,External sale
2026-05,ES01,Events,COGS-000370,5000_VARIABLE_COGS,754053.25,0.0,EXTERNAL,Variable cost of sales
2026-05,ES01,Events,COGS-000370,2100_AP,0.0,754053.25,EXTERNAL,Variable cost of sales
2026-05,ES01,Events,COGS-000370,5100_FIXED_PRODUCTION,72618.44,0.0,EXTERNAL,Fixed production cost
2026-05,ES01,Events,COGS-000370,2100_AP,0.0,72618.44,EXTERNAL,Fixed production cost
2026-05,ES01,Events,OPEX-000370,6000_OPEX,224361.47,0.0,EXTERNAL,Operating expenses
2026-05,ES01,Events,OPEX-000370,2100_AP,0.0,224361.47,EXTERNAL,Operating expenses
2026-05,ES01,Events,CAPEX-000370,1500_PPE,13197.73,0.0,EXTERNAL,Capital expenditure
2026-05,ES01,Events,CAPEX-000370,1000_CASH,0.0,13197.73,EXTERNAL,Capital expenditure
2026-05,ES01,Events,DEP-000370,6100_DEPRECIATION,157.12,0.0,EXTERNAL,Depreciation
2026-05,ES01,Events,DEP-000370,1590_ACCUM_DEP,0.0,157.12,EXTERNAL,Depreciation
2026-05,ES01,Events,COLL-000370,1000_CASH,1082214.14,0.0,EXTERNAL,Customer collections
2026-05,ES01,Events,COLL-000370,1100_AR,0.0,1082214.14,EXTERNAL,Customer collections
2026-05,ES01,Events,PAY-000370,2100_AP,819805.87,0.0,EXTERNAL,Supplier payments
2026-05,ES01,Events,PAY-000370,1000_CASH,0.0,819805.87,EXTERNAL,Supplier payments
2026-05,US01,Events,REV-000371,1100_AR,1330633.51,0.0,EXTERNAL,External sale
2026-05,US01,Events,REV-000371,4000_REVENUE,0.0,1330633.51,EXTERNAL,External sale
2026-05,US01,Events,COGS-000371,5000_VARIABLE_COGS,791991.98,0.0,EXTERNAL,Variable cost of sales
2026-05,US01,Events,COGS-000371,2100_AP,0.0,791991.98,EXTERNAL,Variable cost of sales
2026-05,US01,Events,COGS-000371,5100_FIXED_PRODUCTION,68005.89,0.0,EXTERNAL,Fixed production cost
2026-05,US01,Events,COGS-000371,2100_AP,0.0,68005.89,EXTERNAL,Fixed production cost
2026-05,US01,Events,OPEX-000371,6000_OPEX,226207.7,0.0,EXTERNAL,Operating expenses
2026-05,US01,Events,OPEX-000371,2100_AP,0.0,226207.7,EXTERNAL,Operating expenses
2026-05,US01,Events,CAPEX-000371,1500_PPE,13306.34,0.0,EXTERNAL,Capital expenditure
2026-05,US01,Events,CAPEX-000371,1000_CASH,0.0,13306.34,EXTERNAL,Capital expenditure
2026-05,US01,Events,DEP-000371,6100_DEPRECIATION,158.41,0.0,EXTERNAL,Depreciation
2026-05,US01,Events,DEP-000371,1590_ACCUM_DEP,0.0,158.41,EXTERNAL,Depreciation
2026-05,US01,Events,COLL-000371,1000_CASH,1091119.48,0.0,EXTERNAL,Customer collections
2026-05,US01,Events,COLL-000371,1100_AR,0.0,1091119.48,EXTERNAL,Customer collections
2026-05,US01,Events,PAY-000371,2100_AP,847240.34,0.0,EXTERNAL,Supplier payments
2026-05,US01,Events,PAY-000371,1000_CASH,0.0,847240.34,EXTERNAL,Supplier payments
2026-05,ES01,Spare Parts,REV-000372,1100_AR,1848192.57,0.0,EXTERNAL,External sale
2026-05,ES01,Spare Parts,REV-000372,4000_REVENUE,0.0,1848192.57,EXTERNAL,External sale
2026-05,ES01,Spare Parts,COGS-000372,5000_VARIABLE_COGS,835792.42,0.0,EXTERNAL,Variable cost of sales
2026-05,ES01,Spare Parts,COGS-000372,2100_AP,0.0,835792.42,EXTERNAL,Variable cost of sales
2026-05,ES01,Spare Parts,COGS-000372,5100_FIXED_PRODUCTION,123152.71,0.0,EXTERNAL,Fixed production cost
2026-05,ES01,Spare Parts,COGS-000372,2100_AP,0.0,123152.71,EXTERNAL,Fixed production cost
2026-05,ES01,Spare Parts,OPEX-000372,6000_OPEX,221783.11,0.0,EXTERNAL,Operating expenses
2026-05,ES01,Spare Parts,OPEX-000372,2100_AP,0.0,221783.11,EXTERNAL,Operating expenses
2026-05,ES01,Spare Parts,CAPEX-000372,1500_PPE,18481.93,0.0,EXTERNAL,Capital expenditure
2026-05,ES01,Spare Parts,CAPEX-000372,1000_CASH,0.0,18481.93,EXTERNAL,Capital expenditure
2026-05,ES01,Spare Parts,DEP-000372,6100_DEPRECIATION,220.02,0.0,EXTERNAL,Depreciation
2026-05,ES01,Spare Parts,DEP-000372,1590_ACCUM_DEP,0.0,220.02,EXTERNAL,Depreciation
2026-05,ES01,Spare Parts,COLL-000372,1000_CASH,1515517.91,0.0,EXTERNAL,Customer collections
2026-05,ES01,Spare Parts,COLL-000372,1100_AR,0.0,1515517.91,EXTERNAL,Customer collections
2026-05,ES01,Spare Parts,PAY-000372,2100_AP,920968.03,0.0,EXTERNAL,Supplier payments
2026-05,ES01,Spare Parts,PAY-000372,1000_CASH,0.0,920968.03,EXTERNAL,Supplier payments
2026-05,JP01,Spare Parts,REV-000373,1100_AR,1949890.37,0.0,EXTERNAL,External sale
2026-05,JP01,Spare Parts,REV-000373,4000_REVENUE,0.0,1949890.37,EXTERNAL,External sale
2026-05,JP01,Spare Parts,COGS-000373,5000_VARIABLE_COGS,932457.85,0.0,EXTERNAL,Variable cost of sales
2026-05,JP01,Spare Parts,COGS-000373,2100_AP,0.0,932457.85,EXTERNAL,Variable cost of sales
2026-05,JP01,Spare Parts,COGS-000373,5100_FIXED_PRODUCTION,103487.27,0.0,EXTERNAL,Fixed production cost
2026-05,JP01,Spare Parts,COGS-000373,2100_AP,0.0,103487.27,EXTERNAL,Fixed production cost
2026-05,JP01,Spare Parts,OPEX-000373,6000_OPEX,233986.84,0.0,EXTERNAL,Operating expenses
2026-05,JP01,Spare Parts,OPEX-000373,2100_AP,0.0,233986.84,EXTERNAL,Operating expenses
2026-05,JP01,Spare Parts,CAPEX-000373,1500_PPE,19498.9,0.0,EXTERNAL,Capital expenditure
2026-05,JP01,Spare Parts,CAPEX-000373,1000_CASH,0.0,19498.9,EXTERNAL,Capital expenditure
2026-05,JP01,Spare Parts,DEP-000373,6100_DEPRECIATION,232.13,0.0,EXTERNAL,Depreciation
2026-05,JP01,Spare Parts,DEP-000373,1590_ACCUM_DEP,0.0,232.13,EXTERNAL,Depreciation
2026-05,JP01,Spare Parts,COLL-000373,1000_CASH,1598910.1,0.0,EXTERNAL,Customer collections
2026-05,JP01,Spare Parts,COLL-000373,1100_AR,0.0,1598910.1,EXTERNAL,Customer collections
2026-05,JP01,Spare Parts,PAY-000373,2100_AP,990546.93,0.0,EXTERNAL,Supplier payments
2026-05,JP01,Spare Parts,PAY-000373,1000_CASH,0.0,990546.93,EXTERNAL,Supplier payments
2026-06,DE01,Software,REV-000374,1100_AR,2394378.74,0.0,EXTERNAL,External sale
2026-06,DE01,Software,REV-000374,4000_REVENUE,0.0,2394378.74,EXTERNAL,External sale
2026-06,DE01,Software,COGS-000374,5000_VARIABLE_COGS,715806.59,0.0,EXTERNAL,Variable cost of sales
2026-06,DE01,Software,COGS-000374,2100_AP,0.0,715806.59,EXTERNAL,Variable cost of sales
2026-06,DE01,Software,OPEX-000374,6000_OPEX,550707.11,0.0,EXTERNAL,Operating expenses
2026-06,DE01,Software,OPEX-000374,2100_AP,0.0,550707.11,EXTERNAL,Operating expenses
2026-06,DE01,Software,CAPEX-000374,1500_PPE,23943.79,0.0,EXTERNAL,Capital expenditure
2026-06,DE01,Software,CAPEX-000374,1000_CASH,0.0,23943.79,EXTERNAL,Capital expenditure
2026-06,DE01,Software,DEP-000374,6100_DEPRECIATION,285.05,0.0,EXTERNAL,Depreciation
2026-06,DE01,Software,DEP-000374,1590_ACCUM_DEP,0.0,285.05,EXTERNAL,Depreciation
2026-06,DE01,Software,COLL-000374,1000_CASH,1963390.57,0.0,EXTERNAL,Customer collections
2026-06,DE01,Software,COLL-000374,1100_AR,0.0,1963390.57,EXTERNAL,Customer collections
2026-06,DE01,Software,PAY-000374,2100_AP,987880.68,0.0,EXTERNAL,Supplier payments
2026-06,DE01,Software,PAY-000374,1000_CASH,0.0,987880.68,EXTERNAL,Supplier payments
2026-06,US01,Software,REV-000375,1100_AR,2463584.7,0.0,EXTERNAL,External sale
2026-06,US01,Software,REV-000375,4000_REVENUE,0.0,2463584.7,EXTERNAL,External sale
2026-06,US01,Software,COGS-000375,5000_VARIABLE_COGS,690187.1,0.0,EXTERNAL,Variable cost of sales
2026-06,US01,Software,COGS-000375,2100_AP,0.0,690187.1,EXTERNAL,Variable cost of sales
2026-06,US01,Software,OPEX-000375,6000_OPEX,566624.48,0.0,EXTERNAL,Operating expenses
2026-06,US01,Software,OPEX-000375,2100_AP,0.0,566624.48,EXTERNAL,Operating expenses
2026-06,US01,Software,CAPEX-000375,1500_PPE,24635.85,0.0,EXTERNAL,Capital expenditure
2026-06,US01,Software,CAPEX-000375,1000_CASH,0.0,24635.85,EXTERNAL,Capital expenditure
2026-06,US01,Software,DEP-000375,6100_DEPRECIATION,293.28,0.0,EXTERNAL,Depreciation
2026-06,US01,Software,DEP-000375,1590_ACCUM_DEP,0.0,293.28,EXTERNAL,Depreciation
2026-06,US01,Software,COLL-000375,1000_CASH,2020139.45,0.0,EXTERNAL,Customer collections
2026-06,US01,Software,COLL-000375,1100_AR,0.0,2020139.45,EXTERNAL,Customer collections
2026-06,US01,Software,PAY-000375,2100_AP,980313.04,0.0,EXTERNAL,Supplier payments
2026-06,US01,Software,PAY-000375,1000_CASH,0.0,980313.04,EXTERNAL,Supplier payments
2026-06,JP01,Software,REV-000376,1100_AR,2457280.95,0.0,EXTERNAL,External sale
2026-06,JP01,Software,REV-000376,4000_REVENUE,0.0,2457280.95,EXTERNAL,External sale
2026-06,JP01,Software,COGS-000376,5000_VARIABLE_COGS,736559.42,0.0,EXTERNAL,Variable cost of sales
2026-06,JP01,Software,COGS-000376,2100_AP,0.0,736559.42,EXTERNAL,Variable cost of sales
2026-06,JP01,Software,OPEX-000376,6000_OPEX,565174.62,0.0,EXTERNAL,Operating expenses
2026-06,JP01,Software,OPEX-000376,2100_AP,0.0,565174.62,EXTERNAL,Operating expenses
2026-06,JP01,Software,CAPEX-000376,1500_PPE,24572.81,0.0,EXTERNAL,Capital expenditure
2026-06,JP01,Software,CAPEX-000376,1000_CASH,0.0,24572.81,EXTERNAL,Capital expenditure
2026-06,JP01,Software,DEP-000376,6100_DEPRECIATION,292.53,0.0,EXTERNAL,Depreciation
2026-06,JP01,Software,DEP-000376,1590_ACCUM_DEP,0.0,292.53,EXTERNAL,Depreciation
2026-06,JP01,Software,COLL-000376,1000_CASH,2014970.38,0.0,EXTERNAL,Customer collections
2026-06,JP01,Software,COLL-000376,1100_AR,0.0,2014970.38,EXTERNAL,Customer collections
2026-06,JP01,Software,PAY-000376,2100_AP,1015352.55,0.0,EXTERNAL,Supplier payments
2026-06,JP01,Software,PAY-000376,1000_CASH,0.0,1015352.55,EXTERNAL,Supplier payments
2026-06,DE01,Hardware,REV-000377,1100_AR,2778833.36,0.0,EXTERNAL,External sale
2026-06,DE01,Hardware,REV-000377,4000_REVENUE,0.0,2778833.36,EXTERNAL,External sale
2026-06,DE01,Hardware,COGS-000377,5000_VARIABLE_COGS,1731627.51,0.0,EXTERNAL,Variable cost of sales
2026-06,DE01,Hardware,COGS-000377,2100_AP,0.0,1731627.51,EXTERNAL,Variable cost of sales
2026-06,DE01,Hardware,COGS-000377,5100_FIXED_PRODUCTION,269638.61,0.0,EXTERNAL,Fixed production cost
2026-06,DE01,Hardware,COGS-000377,2100_AP,0.0,269638.61,EXTERNAL,Fixed production cost
2026-06,DE01,Hardware,OPEX-000377,6000_OPEX,305671.67,0.0,EXTERNAL,Operating expenses
2026-06,DE01,Hardware,OPEX-000377,2100_AP,0.0,305671.67,EXTERNAL,Operating expenses
2026-06,DE01,Hardware,CAPEX-000377,1500_PPE,97259.17,0.0,EXTERNAL,Capital expenditure
2026-06,DE01,Hardware,CAPEX-000377,1000_CASH,0.0,97259.17,EXTERNAL,Capital expenditure
2026-06,DE01,Hardware,DEP-000377,6100_DEPRECIATION,1157.85,0.0,EXTERNAL,Depreciation
2026-06,DE01,Hardware,DEP-000377,1590_ACCUM_DEP,0.0,1157.85,EXTERNAL,Depreciation
2026-06,DE01,Hardware,COLL-000377,1000_CASH,2278643.36,0.0,EXTERNAL,Customer collections
2026-06,DE01,Hardware,COLL-000377,1100_AR,0.0,2278643.36,EXTERNAL,Customer collections
2026-06,DE01,Hardware,PAY-000377,2100_AP,1799411.48,0.0,EXTERNAL,Supplier payments
2026-06,DE01,Hardware,PAY-000377,1000_CASH,0.0,1799411.48,EXTERNAL,Supplier payments
2026-06,ES01,Hardware,REV-000378,1100_AR,2685263.5,0.0,EXTERNAL,External sale
2026-06,ES01,Hardware,REV-000378,4000_REVENUE,0.0,2685263.5,EXTERNAL,External sale
2026-06,ES01,Hardware,COGS-000378,5000_VARIABLE_COGS,1671290.85,0.0,EXTERNAL,Variable cost of sales
2026-06,ES01,Hardware,COGS-000378,2100_AP,0.0,1671290.85,EXTERNAL,Variable cost of sales
2026-06,ES01,Hardware,COGS-000378,5100_FIXED_PRODUCTION,247084.26,0.0,EXTERNAL,Fixed production cost
2026-06,ES01,Hardware,COGS-000378,2100_AP,0.0,247084.26,EXTERNAL,Fixed production cost
2026-06,ES01,Hardware,OPEX-000378,6000_OPEX,295378.98,0.0,EXTERNAL,Operating expenses
2026-06,ES01,Hardware,OPEX-000378,2100_AP,0.0,295378.98,EXTERNAL,Operating expenses
2026-06,ES01,Hardware,CAPEX-000378,1500_PPE,93984.22,0.0,EXTERNAL,Capital expenditure
2026-06,ES01,Hardware,CAPEX-000378,1000_CASH,0.0,93984.22,EXTERNAL,Capital expenditure
2026-06,ES01,Hardware,DEP-000378,6100_DEPRECIATION,1118.86,0.0,EXTERNAL,Depreciation
2026-06,ES01,Hardware,DEP-000378,1590_ACCUM_DEP,0.0,1118.86,EXTERNAL,Depreciation
2026-06,ES01,Hardware,COLL-000378,1000_CASH,2201916.07,0.0,EXTERNAL,Customer collections
2026-06,ES01,Hardware,COLL-000378,1100_AR,0.0,2201916.07,EXTERNAL,Customer collections
2026-06,ES01,Hardware,PAY-000378,2100_AP,1726728.19,0.0,EXTERNAL,Supplier payments
2026-06,ES01,Hardware,PAY-000378,1000_CASH,0.0,1726728.19,EXTERNAL,Supplier payments
2026-06,US01,Hardware,REV-000379,1100_AR,2807167.3,0.0,EXTERNAL,External sale
2026-06,US01,Hardware,REV-000379,4000_REVENUE,0.0,2807167.3,EXTERNAL,External sale
2026-06,US01,Hardware,COGS-000379,5000_VARIABLE_COGS,1746926.21,0.0,EXTERNAL,Variable cost of sales
2026-06,US01,Hardware,COGS-000379,2100_AP,0.0,1746926.21,EXTERNAL,Variable cost of sales
2026-06,US01,Hardware,COGS-000379,5100_FIXED_PRODUCTION,253732.89,0.0,EXTERNAL,Fixed production cost
2026-06,US01,Hardware,COGS-000379,2100_AP,0.0,253732.89,EXTERNAL,Fixed production cost
2026-06,US01,Hardware,OPEX-000379,6000_OPEX,308788.4,0.0,EXTERNAL,Operating expenses
2026-06,US01,Hardware,OPEX-000379,2100_AP,0.0,308788.4,EXTERNAL,Operating expenses
2026-06,US01,Hardware,CAPEX-000379,1500_PPE,98250.86,0.0,EXTERNAL,Capital expenditure
2026-06,US01,Hardware,CAPEX-000379,1000_CASH,0.0,98250.86,EXTERNAL,Capital expenditure
2026-06,US01,Hardware,DEP-000379,6100_DEPRECIATION,1169.65,0.0,EXTERNAL,Depreciation
2026-06,US01,Hardware,DEP-000379,1590_ACCUM_DEP,0.0,1169.65,EXTERNAL,Depreciation
2026-06,US01,Hardware,COLL-000379,1000_CASH,2301877.19,0.0,EXTERNAL,Customer collections
2026-06,US01,Hardware,COLL-000379,1100_AR,0.0,2301877.19,EXTERNAL,Customer collections
2026-06,US01,Hardware,PAY-000379,2100_AP,1801369.06,0.0,EXTERNAL,Supplier payments
2026-06,US01,Hardware,PAY-000379,1000_CASH,0.0,1801369.06,EXTERNAL,Supplier payments
2026-06,JP01,Hardware,REV-000380,1100_AR,2694418.99,0.0,EXTERNAL,External sale
2026-06,JP01,Hardware,REV-000380,4000_REVENUE,0.0,2694418.99,EXTERNAL,External sale
2026-06,JP01,Hardware,COGS-000380,5000_VARIABLE_COGS,1688908.79,0.0,EXTERNAL,Variable cost of sales
2026-06,JP01,Hardware,COGS-000380,2100_AP,0.0,1688908.79,EXTERNAL,Variable cost of sales
2026-06,JP01,Hardware,COGS-000380,5100_FIXED_PRODUCTION,305248.92,0.0,EXTERNAL,Fixed production cost
2026-06,JP01,Hardware,COGS-000380,2100_AP,0.0,305248.92,EXTERNAL,Fixed production cost
2026-06,JP01,Hardware,OPEX-000380,6000_OPEX,296386.09,0.0,EXTERNAL,Operating expenses
2026-06,JP01,Hardware,OPEX-000380,2100_AP,0.0,296386.09,EXTERNAL,Operating expenses
2026-06,JP01,Hardware,CAPEX-000380,1500_PPE,94304.66,0.0,EXTERNAL,Capital expenditure
2026-06,JP01,Hardware,CAPEX-000380,1000_CASH,0.0,94304.66,EXTERNAL,Capital expenditure
2026-06,JP01,Hardware,DEP-000380,6100_DEPRECIATION,1122.67,0.0,EXTERNAL,Depreciation
2026-06,JP01,Hardware,DEP-000380,1590_ACCUM_DEP,0.0,1122.67,EXTERNAL,Depreciation
2026-06,JP01,Hardware,COLL-000380,1000_CASH,2209423.57,0.0,EXTERNAL,Customer collections
2026-06,JP01,Hardware,COLL-000380,1100_AR,0.0,2209423.57,EXTERNAL,Customer collections
2026-06,JP01,Hardware,PAY-000380,2100_AP,1786624.16,0.0,EXTERNAL,Supplier payments
2026-06,JP01,Hardware,PAY-000380,1000_CASH,0.0,1786624.16,EXTERNAL,Supplier payments
2026-06,ES01,Events,REV-000381,1100_AR,1331130.43,0.0,EXTERNAL,External sale
2026-06,ES01,Events,REV-000381,4000_REVENUE,0.0,1331130.43,EXTERNAL,External sale
2026-06,ES01,Events,COGS-000381,5000_VARIABLE_COGS,803423.82,0.0,EXTERNAL,Variable cost of sales
2026-06,ES01,Events,COGS-000381,2100_AP,0.0,803423.82,EXTERNAL,Variable cost of sales
2026-06,ES01,Events,COGS-000381,5100_FIXED_PRODUCTION,39303.97,0.0,EXTERNAL,Fixed production cost
2026-06,ES01,Events,COGS-000381,2100_AP,0.0,39303.97,EXTERNAL,Fixed production cost
2026-06,ES01,Events,OPEX-000381,6000_OPEX,226292.17,0.0,EXTERNAL,Operating expenses
2026-06,ES01,Events,OPEX-000381,2100_AP,0.0,226292.17,EXTERNAL,Operating expenses
2026-06,ES01,Events,CAPEX-000381,1500_PPE,13311.3,0.0,EXTERNAL,Capital expenditure
2026-06,ES01,Events,CAPEX-000381,1000_CASH,0.0,13311.3,EXTERNAL,Capital expenditure
2026-06,ES01,Events,DEP-000381,6100_DEPRECIATION,158.47,0.0,EXTERNAL,Depreciation
2026-06,ES01,Events,DEP-000381,1590_ACCUM_DEP,0.0,158.47,EXTERNAL,Depreciation
2026-06,ES01,Events,COLL-000381,1000_CASH,1091526.95,0.0,EXTERNAL,Customer collections
2026-06,ES01,Events,COLL-000381,1100_AR,0.0,1091526.95,EXTERNAL,Customer collections
2026-06,ES01,Events,PAY-000381,2100_AP,833835.57,0.0,EXTERNAL,Supplier payments
2026-06,ES01,Events,PAY-000381,1000_CASH,0.0,833835.57,EXTERNAL,Supplier payments
2026-06,US01,Events,REV-000382,1100_AR,1251428.8,0.0,EXTERNAL,External sale
2026-06,US01,Events,REV-000382,4000_REVENUE,0.0,1251428.8,EXTERNAL,External sale
2026-06,US01,Events,COGS-000382,5000_VARIABLE_COGS,738712.45,0.0,EXTERNAL,Variable cost of sales
2026-06,US01,Events,COGS-000382,2100_AP,0.0,738712.45,EXTERNAL,Variable cost of sales
2026-06,US01,Events,COGS-000382,5100_FIXED_PRODUCTION,71643.57,0.0,EXTERNAL,Fixed production cost
2026-06,US01,Events,COGS-000382,2100_AP,0.0,71643.57,EXTERNAL,Fixed production cost
2026-06,US01,Events,OPEX-000382,6000_OPEX,212742.9,0.0,EXTERNAL,Operating expenses
2026-06,US01,Events,OPEX-000382,2100_AP,0.0,212742.9,EXTERNAL,Operating expenses
2026-06,US01,Events,CAPEX-000382,1500_PPE,12514.29,0.0,EXTERNAL,Capital expenditure
2026-06,US01,Events,CAPEX-000382,1000_CASH,0.0,12514.29,EXTERNAL,Capital expenditure
2026-06,US01,Events,DEP-000382,6100_DEPRECIATION,148.98,0.0,EXTERNAL,Depreciation
2026-06,US01,Events,DEP-000382,1590_ACCUM_DEP,0.0,148.98,EXTERNAL,Depreciation
2026-06,US01,Events,COLL-000382,1000_CASH,1026171.62,0.0,EXTERNAL,Customer collections
2026-06,US01,Events,COLL-000382,1100_AR,0.0,1026171.62,EXTERNAL,Customer collections
2026-06,US01,Events,PAY-000382,2100_AP,798017.15,0.0,EXTERNAL,Supplier payments
2026-06,US01,Events,PAY-000382,1000_CASH,0.0,798017.15,EXTERNAL,Supplier payments
2026-06,ES01,Spare Parts,REV-000383,1100_AR,1794254.22,0.0,EXTERNAL,External sale
2026-06,ES01,Spare Parts,REV-000383,4000_REVENUE,0.0,1794254.22,EXTERNAL,External sale
2026-06,ES01,Spare Parts,COGS-000383,5000_VARIABLE_COGS,837579.81,0.0,EXTERNAL,Variable cost of sales
2026-06,ES01,Spare Parts,COGS-000383,2100_AP,0.0,837579.81,EXTERNAL,Variable cost of sales
2026-06,ES01,Spare Parts,COGS-000383,5100_FIXED_PRODUCTION,83646.48,0.0,EXTERNAL,Fixed production cost
2026-06,ES01,Spare Parts,COGS-000383,2100_AP,0.0,83646.48,EXTERNAL,Fixed production cost
2026-06,ES01,Spare Parts,OPEX-000383,6000_OPEX,215310.51,0.0,EXTERNAL,Operating expenses
2026-06,ES01,Spare Parts,OPEX-000383,2100_AP,0.0,215310.51,EXTERNAL,Operating expenses
2026-06,ES01,Spare Parts,CAPEX-000383,1500_PPE,17942.54,0.0,EXTERNAL,Capital expenditure
2026-06,ES01,Spare Parts,CAPEX-000383,1000_CASH,0.0,17942.54,EXTERNAL,Capital expenditure
2026-06,ES01,Spare Parts,DEP-000383,6100_DEPRECIATION,213.6,0.0,EXTERNAL,Depreciation
2026-06,ES01,Spare Parts,DEP-000383,1590_ACCUM_DEP,0.0,213.6,EXTERNAL,Depreciation
2026-06,ES01,Spare Parts,COLL-000383,1000_CASH,1471288.46,0.0,EXTERNAL,Customer collections
2026-06,ES01,Spare Parts,COLL-000383,1100_AR,0.0,1471288.46,EXTERNAL,Customer collections
2026-06,ES01,Spare Parts,PAY-000383,2100_AP,886498.71,0.0,EXTERNAL,Supplier payments
2026-06,ES01,Spare Parts,PAY-000383,1000_CASH,0.0,886498.71,EXTERNAL,Supplier payments
2026-06,JP01,Spare Parts,REV-000384,1100_AR,1841637.78,0.0,EXTERNAL,External sale
2026-06,JP01,Spare Parts,REV-000384,4000_REVENUE,0.0,1841637.78,EXTERNAL,External sale
2026-06,JP01,Spare Parts,COGS-000384,5000_VARIABLE_COGS,872946.51,0.0,EXTERNAL,Variable cost of sales
2026-06,JP01,Spare Parts,COGS-000384,2100_AP,0.0,872946.51,EXTERNAL,Variable cost of sales
2026-06,JP01,Spare Parts,COGS-000384,5100_FIXED_PRODUCTION,44491.08,0.0,EXTERNAL,Fixed production cost
2026-06,JP01,Spare Parts,COGS-000384,2100_AP,0.0,44491.08,EXTERNAL,Fixed production cost
2026-06,JP01,Spare Parts,OPEX-000384,6000_OPEX,220996.53,0.0,EXTERNAL,Operating expenses
2026-06,JP01,Spare Parts,OPEX-000384,2100_AP,0.0,220996.53,EXTERNAL,Operating expenses
2026-06,JP01,Spare Parts,CAPEX-000384,1500_PPE,18416.38,0.0,EXTERNAL,Capital expenditure
2026-06,JP01,Spare Parts,CAPEX-000384,1000_CASH,0.0,18416.38,EXTERNAL,Capital expenditure
2026-06,JP01,Spare Parts,DEP-000384,6100_DEPRECIATION,219.24,0.0,EXTERNAL,Depreciation
2026-06,JP01,Spare Parts,DEP-000384,1590_ACCUM_DEP,0.0,219.24,EXTERNAL,Depreciation
2026-06,JP01,Spare Parts,COLL-000384,1000_CASH,1510142.98,0.0,EXTERNAL,Customer collections
2026-06,JP01,Spare Parts,COLL-000384,1100_AR,0.0,1510142.98,EXTERNAL,Customer collections
2026-06,JP01,Spare Parts,PAY-000384,2100_AP,887978.62,0.0,EXTERNAL,Supplier payments
2026-06,JP01,Spare Parts,PAY-000384,1000_CASH,0.0,887978.62,EXTERNAL,Supplier payments
2026-07,DE01,Software,REV-000385,1100_AR,2133856.5,0.0,EXTERNAL,External sale
2026-07,DE01,Software,REV-000385,4000_REVENUE,0.0,2133856.5,EXTERNAL,External sale
2026-07,DE01,Software,COGS-000385,5000_VARIABLE_COGS,584565.13,0.0,EXTERNAL,Variable cost of sales
2026-07,DE01,Software,COGS-000385,2100_AP,0.0,584565.13,EXTERNAL,Variable cost of sales
2026-07,DE01,Software,OPEX-000385,6000_OPEX,490786.99,0.0,EXTERNAL,Operating expenses
2026-07,DE01,Software,OPEX-000385,2100_AP,0.0,490786.99,EXTERNAL,Operating expenses
2026-07,DE01,Software,CAPEX-000385,1500_PPE,21338.56,0.0,EXTERNAL,Capital expenditure
2026-07,DE01,Software,CAPEX-000385,1000_CASH,0.0,21338.56,EXTERNAL,Capital expenditure
2026-07,DE01,Software,DEP-000385,6100_DEPRECIATION,254.03,0.0,EXTERNAL,Depreciation
2026-07,DE01,Software,DEP-000385,1590_ACCUM_DEP,0.0,254.03,EXTERNAL,Depreciation
2026-07,DE01,Software,COLL-000385,1000_CASH,1749762.33,0.0,EXTERNAL,Customer collections
2026-07,DE01,Software,COLL-000385,1100_AR,0.0,1749762.33,EXTERNAL,Customer collections
2026-07,DE01,Software,PAY-000385,2100_AP,838774.66,0.0,EXTERNAL,Supplier payments
2026-07,DE01,Software,PAY-000385,1000_CASH,0.0,838774.66,EXTERNAL,Supplier payments
2026-07,US01,Software,REV-000386,1100_AR,2164927.7,0.0,EXTERNAL,External sale
2026-07,US01,Software,REV-000386,4000_REVENUE,0.0,2164927.7,EXTERNAL,External sale
2026-07,US01,Software,COGS-000386,5000_VARIABLE_COGS,635283.47,0.0,EXTERNAL,Variable cost of sales
2026-07,US01,Software,COGS-000386,2100_AP,0.0,635283.47,EXTERNAL,Variable cost of sales
2026-07,US01,Software,OPEX-000386,6000_OPEX,497933.37,0.0,EXTERNAL,Operating expenses
2026-07,US01,Software,OPEX-000386,2100_AP,0.0,497933.37,EXTERNAL,Operating expenses
2026-07,US01,Software,CAPEX-000386,1500_PPE,21649.28,0.0,EXTERNAL,Capital expenditure
2026-07,US01,Software,CAPEX-000386,1000_CASH,0.0,21649.28,EXTERNAL,Capital expenditure
2026-07,US01,Software,DEP-000386,6100_DEPRECIATION,257.73,0.0,EXTERNAL,Depreciation
2026-07,US01,Software,DEP-000386,1590_ACCUM_DEP,0.0,257.73,EXTERNAL,Depreciation
2026-07,US01,Software,COLL-000386,1000_CASH,1775240.71,0.0,EXTERNAL,Customer collections
2026-07,US01,Software,COLL-000386,1100_AR,0.0,1775240.71,EXTERNAL,Customer collections
2026-07,US01,Software,PAY-000386,2100_AP,883909.14,0.0,EXTERNAL,Supplier payments
2026-07,US01,Software,PAY-000386,1000_CASH,0.0,883909.14,EXTERNAL,Supplier payments
2026-07,JP01,Software,REV-000387,1100_AR,2050773.37,0.0,EXTERNAL,External sale
2026-07,JP01,Software,REV-000387,4000_REVENUE,0.0,2050773.37,EXTERNAL,External sale
2026-07,JP01,Software,COGS-000387,5000_VARIABLE_COGS,583482.18,0.0,EXTERNAL,Variable cost of sales
2026-07,JP01,Software,COGS-000387,2100_AP,0.0,583482.18,EXTERNAL,Variable cost of sales
2026-07,JP01,Software,OPEX-000387,6000_OPEX,471677.88,0.0,EXTERNAL,Operating expenses
2026-07,JP01,Software,OPEX-000387,2100_AP,0.0,471677.88,EXTERNAL,Operating expenses
2026-07,JP01,Software,CAPEX-000387,1500_PPE,20507.73,0.0,EXTERNAL,Capital expenditure
2026-07,JP01,Software,CAPEX-000387,1000_CASH,0.0,20507.73,EXTERNAL,Capital expenditure
2026-07,JP01,Software,DEP-000387,6100_DEPRECIATION,244.14,0.0,EXTERNAL,Depreciation
2026-07,JP01,Software,DEP-000387,1590_ACCUM_DEP,0.0,244.14,EXTERNAL,Depreciation
2026-07,JP01,Software,COLL-000387,1000_CASH,1681634.16,0.0,EXTERNAL,Customer collections
2026-07,JP01,Software,COLL-000387,1100_AR,0.0,1681634.16,EXTERNAL,Customer collections
2026-07,JP01,Software,PAY-000387,2100_AP,823024.84,0.0,EXTERNAL,Supplier payments
2026-07,JP01,Software,PAY-000387,1000_CASH,0.0,823024.84,EXTERNAL,Supplier payments
2026-07,DE01,Hardware,REV-000388,1100_AR,2238238.94,0.0,EXTERNAL,External sale
2026-07,DE01,Hardware,REV-000388,4000_REVENUE,0.0,2238238.94,EXTERNAL,External sale
2026-07,DE01,Hardware,COGS-000388,5000_VARIABLE_COGS,1379717.69,0.0,EXTERNAL,Variable cost of sales
2026-07,DE01,Hardware,COGS-000388,2100_AP,0.0,1379717.69,EXTERNAL,Variable cost of sales
2026-07,DE01,Hardware,COGS-000388,5100_FIXED_PRODUCTION,254164.44,0.0,EXTERNAL,Fixed production cost
2026-07,DE01,Hardware,COGS-000388,2100_AP,0.0,254164.44,EXTERNAL,Fixed production cost
2026-07,DE01,Hardware,OPEX-000388,6000_OPEX,246206.28,0.0,EXTERNAL,Operating expenses
2026-07,DE01,Hardware,OPEX-000388,2100_AP,0.0,246206.28,EXTERNAL,Operating expenses
2026-07,DE01,Hardware,CAPEX-000388,1500_PPE,78338.36,0.0,EXTERNAL,Capital expenditure
2026-07,DE01,Hardware,CAPEX-000388,1000_CASH,0.0,78338.36,EXTERNAL,Capital expenditure
2026-07,DE01,Hardware,DEP-000388,6100_DEPRECIATION,932.6,0.0,EXTERNAL,Depreciation
2026-07,DE01,Hardware,DEP-000388,1590_ACCUM_DEP,0.0,932.6,EXTERNAL,Depreciation
2026-07,DE01,Hardware,COLL-000388,1000_CASH,1835355.93,0.0,EXTERNAL,Customer collections
2026-07,DE01,Hardware,COLL-000388,1100_AR,0.0,1835355.93,EXTERNAL,Customer collections
2026-07,DE01,Hardware,PAY-000388,2100_AP,1466468.96,0.0,EXTERNAL,Supplier payments
2026-07,DE01,Hardware,PAY-000388,1000_CASH,0.0,1466468.96,EXTERNAL,Supplier payments
2026-07,ES01,Hardware,REV-000389,1100_AR,2376597.83,0.0,EXTERNAL,External sale
2026-07,ES01,Hardware,REV-000389,4000_REVENUE,0.0,2376597.83,EXTERNAL,External sale
2026-07,ES01,Hardware,COGS-000389,5000_VARIABLE_COGS,1483933.49,0.0,EXTERNAL,Variable cost of sales
2026-07,ES01,Hardware,COGS-000389,2100_AP,0.0,1483933.49,EXTERNAL,Variable cost of sales
2026-07,ES01,Hardware,COGS-000389,5100_FIXED_PRODUCTION,185938.78,0.0,EXTERNAL,Fixed production cost
2026-07,ES01,Hardware,COGS-000389,2100_AP,0.0,185938.78,EXTERNAL,Fixed production cost
2026-07,ES01,Hardware,OPEX-000389,6000_OPEX,261425.76,0.0,EXTERNAL,Operating expenses
2026-07,ES01,Hardware,OPEX-000389,2100_AP,0.0,261425.76,EXTERNAL,Operating expenses
2026-07,ES01,Hardware,CAPEX-000389,1500_PPE,83180.92,0.0,EXTERNAL,Capital expenditure
2026-07,ES01,Hardware,CAPEX-000389,1000_CASH,0.0,83180.92,EXTERNAL,Capital expenditure
2026-07,ES01,Hardware,DEP-000389,6100_DEPRECIATION,990.25,0.0,EXTERNAL,Depreciation
2026-07,ES01,Hardware,DEP-000389,1590_ACCUM_DEP,0.0,990.25,EXTERNAL,Depreciation
2026-07,ES01,Hardware,COLL-000389,1000_CASH,1948810.22,0.0,EXTERNAL,Customer collections
2026-07,ES01,Hardware,COLL-000389,1100_AR,0.0,1948810.22,EXTERNAL,Customer collections
2026-07,ES01,Hardware,PAY-000389,2100_AP,1506412.46,0.0,EXTERNAL,Supplier payments
2026-07,ES01,Hardware,PAY-000389,1000_CASH,0.0,1506412.46,EXTERNAL,Supplier payments
2026-07,US01,Hardware,REV-000390,1100_AR,2395801.96,0.0,EXTERNAL,External sale
2026-07,US01,Hardware,REV-000390,4000_REVENUE,0.0,2395801.96,EXTERNAL,External sale
2026-07,US01,Hardware,COGS-000390,5000_VARIABLE_COGS,1514197.09,0.0,EXTERNAL,Variable cost of sales
2026-07,US01,Hardware,COGS-000390,2100_AP,0.0,1514197.09,EXTERNAL,Variable cost of sales
2026-07,US01,Hardware,COGS-000390,5100_FIXED_PRODUCTION,227624.07,0.0,EXTERNAL,Fixed production cost
2026-07,US01,Hardware,COGS-000390,2100_AP,0.0,227624.07,EXTERNAL,Fixed production cost
2026-07,US01,Hardware,OPEX-000390,6000_OPEX,263538.22,0.0,EXTERNAL,Operating expenses
2026-07,US01,Hardware,OPEX-000390,2100_AP,0.0,263538.22,EXTERNAL,Operating expenses
2026-07,US01,Hardware,CAPEX-000390,1500_PPE,83853.07,0.0,EXTERNAL,Capital expenditure
2026-07,US01,Hardware,CAPEX-000390,1000_CASH,0.0,83853.07,EXTERNAL,Capital expenditure
2026-07,US01,Hardware,DEP-000390,6100_DEPRECIATION,998.25,0.0,EXTERNAL,Depreciation
2026-07,US01,Hardware,DEP-000390,1590_ACCUM_DEP,0.0,998.25,EXTERNAL,Depreciation
2026-07,US01,Hardware,COLL-000390,1000_CASH,1964557.61,0.0,EXTERNAL,Customer collections
2026-07,US01,Hardware,COLL-000390,1100_AR,0.0,1964557.61,EXTERNAL,Customer collections
2026-07,US01,Hardware,PAY-000390,2100_AP,1564180.32,0.0,EXTERNAL,Supplier payments
2026-07,US01,Hardware,PAY-000390,1000_CASH,0.0,1564180.32,EXTERNAL,Supplier payments
2026-07,JP01,Hardware,REV-000391,1100_AR,2364737.3,0.0,EXTERNAL,External sale
2026-07,JP01,Hardware,REV-000391,4000_REVENUE,0.0,2364737.3,EXTERNAL,External sale
2026-07,JP01,Hardware,COGS-000391,5000_VARIABLE_COGS,1519563.42,0.0,EXTERNAL,Variable cost of sales
2026-07,JP01,Hardware,COGS-000391,2100_AP,0.0,1519563.42,EXTERNAL,Variable cost of sales
2026-07,JP01,Hardware,COGS-000391,5100_FIXED_PRODUCTION,172406.61,0.0,EXTERNAL,Fixed production cost
2026-07,JP01,Hardware,COGS-000391,2100_AP,0.0,172406.61,EXTERNAL,Fixed production cost
2026-07,JP01,Hardware,OPEX-000391,6000_OPEX,260121.1,0.0,EXTERNAL,Operating expenses
2026-07,JP01,Hardware,OPEX-000391,2100_AP,0.0,260121.1,EXTERNAL,Operating expenses
2026-07,JP01,Hardware,CAPEX-000391,1500_PPE,82765.81,0.0,EXTERNAL,Capital expenditure
2026-07,JP01,Hardware,CAPEX-000391,1000_CASH,0.0,82765.81,EXTERNAL,Capital expenditure
2026-07,JP01,Hardware,DEP-000391,6100_DEPRECIATION,985.31,0.0,EXTERNAL,Depreciation
2026-07,JP01,Hardware,DEP-000391,1590_ACCUM_DEP,0.0,985.31,EXTERNAL,Depreciation
2026-07,JP01,Hardware,COLL-000391,1000_CASH,1939084.59,0.0,EXTERNAL,Customer collections
2026-07,JP01,Hardware,COLL-000391,1100_AR,0.0,1939084.59,EXTERNAL,Customer collections
2026-07,JP01,Hardware,PAY-000391,2100_AP,1522631.08,0.0,EXTERNAL,Supplier payments
2026-07,JP01,Hardware,PAY-000391,1000_CASH,0.0,1522631.08,EXTERNAL,Supplier payments
2026-07,ES01,Events,REV-000392,1100_AR,1111888.85,0.0,EXTERNAL,External sale
2026-07,ES01,Events,REV-000392,4000_REVENUE,0.0,1111888.85,EXTERNAL,External sale
2026-07,ES01,Events,COGS-000392,5000_VARIABLE_COGS,671843.79,0.0,EXTERNAL,Variable cost of sales
2026-07,ES01,Events,COGS-000392,2100_AP,0.0,671843.79,EXTERNAL,Variable cost of sales
2026-07,ES01,Events,COGS-000392,5100_FIXED_PRODUCTION,22042.33,0.0,EXTERNAL,Fixed production cost
2026-07,ES01,Events,COGS-000392,2100_AP,0.0,22042.33,EXTERNAL,Fixed production cost
2026-07,ES01,Events,OPEX-000392,6000_OPEX,189021.1,0.0,EXTERNAL,Operating expenses
2026-07,ES01,Events,OPEX-000392,2100_AP,0.0,189021.1,EXTERNAL,Operating expenses
2026-07,ES01,Events,CAPEX-000392,1500_PPE,11118.89,0.0,EXTERNAL,Capital expenditure
2026-07,ES01,Events,CAPEX-000392,1000_CASH,0.0,11118.89,EXTERNAL,Capital expenditure
2026-07,ES01,Events,DEP-000392,6100_DEPRECIATION,132.37,0.0,EXTERNAL,Depreciation
2026-07,ES01,Events,DEP-000392,1590_ACCUM_DEP,0.0,132.37,EXTERNAL,Depreciation
2026-07,ES01,Events,COLL-000392,1000_CASH,911748.86,0.0,EXTERNAL,Customer collections
2026-07,ES01,Events,COLL-000392,1100_AR,0.0,911748.86,EXTERNAL,Customer collections
2026-07,ES01,Events,PAY-000392,2100_AP,688667.63,0.0,EXTERNAL,Supplier payments
2026-07,ES01,Events,PAY-000392,1000_CASH,0.0,688667.63,EXTERNAL,Supplier payments
2026-07,US01,Events,REV-000393,1100_AR,1191902.77,0.0,EXTERNAL,External sale
2026-07,US01,Events,REV-000393,4000_REVENUE,0.0,1191902.77,EXTERNAL,External sale
2026-07,US01,Events,COGS-000393,5000_VARIABLE_COGS,717889.66,0.0,EXTERNAL,Variable cost of sales
2026-07,US01,Events,COGS-000393,2100_AP,0.0,717889.66,EXTERNAL,Variable cost of sales
2026-07,US01,Events,COGS-000393,5100_FIXED_PRODUCTION,3638.18,0.0,EXTERNAL,Fixed production cost
2026-07,US01,Events,COGS-000393,2100_AP,0.0,3638.18,EXTERNAL,Fixed production cost
2026-07,US01,Events,OPEX-000393,6000_OPEX,202623.47,0.0,EXTERNAL,Operating expenses
2026-07,US01,Events,OPEX-000393,2100_AP,0.0,202623.47,EXTERNAL,Operating expenses
2026-07,US01,Events,CAPEX-000393,1500_PPE,11919.03,0.0,EXTERNAL,Capital expenditure
2026-07,US01,Events,CAPEX-000393,1000_CASH,0.0,11919.03,EXTERNAL,Capital expenditure
2026-07,US01,Events,DEP-000393,6100_DEPRECIATION,141.89,0.0,EXTERNAL,Depreciation
2026-07,US01,Events,DEP-000393,1590_ACCUM_DEP,0.0,141.89,EXTERNAL,Depreciation
2026-07,US01,Events,COLL-000393,1000_CASH,977360.27,0.0,EXTERNAL,Customer collections
2026-07,US01,Events,COLL-000393,1100_AR,0.0,977360.27,EXTERNAL,Customer collections
2026-07,US01,Events,PAY-000393,2100_AP,720838.03,0.0,EXTERNAL,Supplier payments
2026-07,US01,Events,PAY-000393,1000_CASH,0.0,720838.03,EXTERNAL,Supplier payments
2026-07,ES01,Spare Parts,REV-000394,1100_AR,1643975.63,0.0,EXTERNAL,External sale
2026-07,ES01,Spare Parts,REV-000394,4000_REVENUE,0.0,1643975.63,EXTERNAL,External sale
2026-07,ES01,Spare Parts,COGS-000394,5000_VARIABLE_COGS,785295.04,0.0,EXTERNAL,Variable cost of sales
2026-07,ES01,Spare Parts,COGS-000394,2100_AP,0.0,785295.04,EXTERNAL,Variable cost of sales
2026-07,ES01,Spare Parts,COGS-000394,5100_FIXED_PRODUCTION,82421.96,0.0,EXTERNAL,Fixed production cost
2026-07,ES01,Spare Parts,COGS-000394,2100_AP,0.0,82421.96,EXTERNAL,Fixed production cost
2026-07,ES01,Spare Parts,OPEX-000394,6000_OPEX,197277.08,0.0,EXTERNAL,Operating expenses
2026-07,ES01,Spare Parts,OPEX-000394,2100_AP,0.0,197277.08,EXTERNAL,Operating expenses
2026-07,ES01,Spare Parts,CAPEX-000394,1500_PPE,16439.76,0.0,EXTERNAL,Capital expenditure
2026-07,ES01,Spare Parts,CAPEX-000394,1000_CASH,0.0,16439.76,EXTERNAL,Capital expenditure
2026-07,ES01,Spare Parts,DEP-000394,6100_DEPRECIATION,195.71,0.0,EXTERNAL,Depreciation
2026-07,ES01,Spare Parts,DEP-000394,1590_ACCUM_DEP,0.0,195.71,EXTERNAL,Depreciation
2026-07,ES01,Spare Parts,COLL-000394,1000_CASH,1348060.02,0.0,EXTERNAL,Customer collections
2026-07,ES01,Spare Parts,COLL-000394,1100_AR,0.0,1348060.02,EXTERNAL,Customer collections
2026-07,ES01,Spare Parts,PAY-000394,2100_AP,830695.38,0.0,EXTERNAL,Supplier payments
2026-07,ES01,Spare Parts,PAY-000394,1000_CASH,0.0,830695.38,EXTERNAL,Supplier payments
2026-07,JP01,Spare Parts,REV-000395,1100_AR,1499504.25,0.0,EXTERNAL,External sale
2026-07,JP01,Spare Parts,REV-000395,4000_REVENUE,0.0,1499504.25,EXTERNAL,External sale
2026-07,JP01,Spare Parts,COGS-000395,5000_VARIABLE_COGS,721181.13,0.0,EXTERNAL,Variable cost of sales
2026-07,JP01,Spare Parts,COGS-000395,2100_AP,0.0,721181.13,EXTERNAL,Variable cost of sales
2026-07,JP01,Spare Parts,COGS-000395,5100_FIXED_PRODUCTION,51855.64,0.0,EXTERNAL,Fixed production cost
2026-07,JP01,Spare Parts,COGS-000395,2100_AP,0.0,51855.64,EXTERNAL,Fixed production cost
2026-07,JP01,Spare Parts,OPEX-000395,6000_OPEX,179940.51,0.0,EXTERNAL,Operating expenses
2026-07,JP01,Spare Parts,OPEX-000395,2100_AP,0.0,179940.51,EXTERNAL,Operating expenses
2026-07,JP01,Spare Parts,CAPEX-000395,1500_PPE,14995.04,0.0,EXTERNAL,Capital expenditure
2026-07,JP01,Spare Parts,CAPEX-000395,1000_CASH,0.0,14995.04,EXTERNAL,Capital expenditure
2026-07,JP01,Spare Parts,DEP-000395,6100_DEPRECIATION,178.51,0.0,EXTERNAL,Depreciation
2026-07,JP01,Spare Parts,DEP-000395,1590_ACCUM_DEP,0.0,178.51,EXTERNAL,Depreciation
2026-07,JP01,Spare Parts,COLL-000395,1000_CASH,1229593.48,0.0,EXTERNAL,Customer collections
2026-07,JP01,Spare Parts,COLL-000395,1100_AR,0.0,1229593.48,EXTERNAL,Customer collections
2026-07,JP01,Spare Parts,PAY-000395,2100_AP,743322.28,0.0,EXTERNAL,Supplier payments
2026-07,JP01,Spare Parts,PAY-000395,1000_CASH,0.0,743322.28,EXTERNAL,Supplier payments
