month,entity,division,journal_id,journal_type,account,debit,credit,counterparty,description,cash_flow_category,product,customer
2023-10,DE01,Hardware,ECL-2023-10-DE01-Hardware,provision,6050_CREDIT_LOSS_EXPENSE,8152.4,0.0,PROVISION,Expected credit loss allowance,,,
2023-10,DE01,Hardware,ECL-2023-10-DE01-Hardware,provision,1190_CREDIT_LOSS_ALLOWANCE,0.0,8152.4,PROVISION,Expected credit loss allowance,,,
2023-10,DE01,Hardware,ECLCLOSE-2023-10-DE01-Hardware,closing,6050_CREDIT_LOSS_EXPENSE,0.0,8152.4,PROVISION,Close Expected credit loss allowance,,,
2023-10,DE01,Hardware,ECLCLOSE-2023-10-DE01-Hardware,closing,3200_RETAINED_EARNINGS,8152.4,0.0,PROVISION,Close Expected credit loss allowance,,,
2023-10,DE01,Software,ECL-2023-10-DE01-Software,provision,6050_CREDIT_LOSS_EXPENSE,1045.54,0.0,PROVISION,Expected credit loss allowance,,,
2023-10,DE01,Software,ECL-2023-10-DE01-Software,provision,1190_CREDIT_LOSS_ALLOWANCE,0.0,1045.54,PROVISION,Expected credit loss allowance,,,
2023-10,DE01,Software,ECLCLOSE-2023-10-DE01-Software,closing,6050_CREDIT_LOSS_EXPENSE,0.0,1045.54,PROVISION,Close Expected credit loss allowance,,,
2023-10,DE01,Software,ECLCLOSE-2023-10-DE01-Software,closing,3200_RETAINED_EARNINGS,1045.54,0.0,PROVISION,Close Expected credit loss allowance,,,
2023-10,ES01,Events,ECL-2023-10-ES01-Events,provision,6050_CREDIT_LOSS_EXPENSE,2148.11,0.0,PROVISION,Expected credit loss allowance,,,
2023-10,ES01,Events,ECL-2023-10-ES01-Events,provision,1190_CREDIT_LOSS_ALLOWANCE,0.0,2148.11,PROVISION,Expected credit loss allowance,,,
2023-10,ES01,Events,ECLCLOSE-2023-10-ES01-Events,closing,6050_CREDIT_LOSS_EXPENSE,0.0,2148.11,PROVISION,Close Expected credit loss allowance,,,
2023-10,ES01,Events,ECLCLOSE-2023-10-ES01-Events,closing,3200_RETAINED_EARNINGS,2148.11,0.0,PROVISION,Close Expected credit loss allowance,,,
2023-10,ES01,Hardware,ECL-2023-10-ES01-Hardware,provision,6050_CREDIT_LOSS_EXPENSE,6667.58,0.0,PROVISION,Expected credit loss allowance,,,
2023-10,ES01,Hardware,ECL-2023-10-ES01-Hardware,provision,1190_CREDIT_LOSS_ALLOWANCE,0.0,6667.58,PROVISION,Expected credit loss allowance,,,
2023-10,ES01,Hardware,ECLCLOSE-2023-10-ES01-Hardware,closing,6050_CREDIT_LOSS_EXPENSE,0.0,6667.58,PROVISION,Close Expected credit loss allowance,,,
2023-10,ES01,Hardware,ECLCLOSE-2023-10-ES01-Hardware,closing,3200_RETAINED_EARNINGS,6667.58,0.0,PROVISION,Close Expected credit loss allowance,,,
2023-10,ES01,Spare Parts,ECL-2023-10-ES01-SpareParts,provision,6050_CREDIT_LOSS_EXPENSE,3559.47,0.0,PROVISION,Expected credit loss allowance,,,
2023-10,ES01,Spare Parts,ECL-2023-10-ES01-SpareParts,provision,1190_CREDIT_LOSS_ALLOWANCE,0.0,3559.47,PROVISION,Expected credit loss allowance,,,
2023-10,ES01,Spare Parts,ECLCLOSE-2023-10-ES01-SpareParts,closing,6050_CREDIT_LOSS_EXPENSE,0.0,3559.47,PROVISION,Close Expected credit loss allowance,,,
2023-10,ES01,Spare Parts,ECLCLOSE-2023-10-ES01-SpareParts,closing,3200_RETAINED_EARNINGS,3559.47,0.0,PROVISION,Close Expected credit loss allowance,,,
2023-10,JP01,Hardware,ECL-2023-10-JP01-Hardware,provision,6050_CREDIT_LOSS_EXPENSE,6182.25,0.0,PROVISION,Expected credit loss allowance,,,
2023-10,JP01,Hardware,ECL-2023-10-JP01-Hardware,provision,1190_CREDIT_LOSS_ALLOWANCE,0.0,6182.25,PROVISION,Expected credit loss allowance,,,
2023-10,JP01,Hardware,ECLCLOSE-2023-10-JP01-Hardware,closing,6050_CREDIT_LOSS_EXPENSE,0.0,6182.25,PROVISION,Close Expected credit loss allowance,,,
2023-10,JP01,Hardware,ECLCLOSE-2023-10-JP01-Hardware,closing,3200_RETAINED_EARNINGS,6182.25,0.0,PROVISION,Close Expected credit loss allowance,,,
2023-10,JP01,Software,ECL-2023-10-JP01-Software,provision,6050_CREDIT_LOSS_EXPENSE,912.74,0.0,PROVISION,Expected credit loss allowance,,,
2023-10,JP01,Software,ECL-2023-10-JP01-Software,provision,1190_CREDIT_LOSS_ALLOWANCE,0.0,912.74,PROVISION,Expected credit loss allowance,,,
2023-10,JP01,Software,ECLCLOSE-2023-10-JP01-Software,closing,6050_CREDIT_LOSS_EXPENSE,0.0,912.74,PROVISION,Close Expected credit loss allowance,,,
2023-10,JP01,Software,ECLCLOSE-2023-10-JP01-Software,closing,3200_RETAINED_EARNINGS,912.74,0.0,PROVISION,Close Expected credit loss allowance,,,
2023-10,JP01,Spare Parts,ECL-2023-10-JP01-SpareParts,provision,6050_CREDIT_LOSS_EXPENSE,4612.72,0.0,PROVISION,Expected credit loss allowance,,,
2023-10,JP01,Spare Parts,ECL-2023-10-JP01-SpareParts,provision,1190_CREDIT_LOSS_ALLOWANCE,0.0,4612.72,PROVISION,Expected credit loss allowance,,,
2023-10,JP01,Spare Parts,ECLCLOSE-2023-10-JP01-SpareParts,closing,6050_CREDIT_LOSS_EXPENSE,0.0,4612.72,PROVISION,Close Expected credit loss allowance,,,
2023-10,JP01,Spare Parts,ECLCLOSE-2023-10-JP01-SpareParts,closing,3200_RETAINED_EARNINGS,4612.72,0.0,PROVISION,Close Expected credit loss allowance,,,
2023-10,US01,Events,ECL-2023-10-US01-Events,provision,6050_CREDIT_LOSS_EXPENSE,2047.36,0.0,PROVISION,Expected credit loss allowance,,,
2023-10,US01,Events,ECL-2023-10-US01-Events,provision,1190_CREDIT_LOSS_ALLOWANCE,0.0,2047.36,PROVISION,Expected credit loss allowance,,,
2023-10,US01,Events,ECLCLOSE-2023-10-US01-Events,closing,6050_CREDIT_LOSS_EXPENSE,0.0,2047.36,PROVISION,Close Expected credit loss allowance,,,
2023-10,US01,Events,ECLCLOSE-2023-10-US01-Events,closing,3200_RETAINED_EARNINGS,2047.36,0.0,PROVISION,Close Expected credit loss allowance,,,
2023-10,US01,Hardware,ECL-2023-10-US01-Hardware,provision,6050_CREDIT_LOSS_EXPENSE,9848.09,0.0,PROVISION,Expected credit loss allowance,,,
2023-10,US01,Hardware,ECL-2023-10-US01-Hardware,provision,1190_CREDIT_LOSS_ALLOWANCE,0.0,9848.09,PROVISION,Expected credit loss allowance,,,
2023-10,US01,Hardware,ECLCLOSE-2023-10-US01-Hardware,closing,6050_CREDIT_LOSS_EXPENSE,0.0,9848.09,PROVISION,Close Expected credit loss allowance,,,
2023-10,US01,Hardware,ECLCLOSE-2023-10-US01-Hardware,closing,3200_RETAINED_EARNINGS,9848.09,0.0,PROVISION,Close Expected credit loss allowance,,,
2023-10,US01,Software,ECL-2023-10-US01-Software,provision,6050_CREDIT_LOSS_EXPENSE,1322.76,0.0,PROVISION,Expected credit loss allowance,,,
2023-10,US01,Software,ECL-2023-10-US01-Software,provision,1190_CREDIT_LOSS_ALLOWANCE,0.0,1322.76,PROVISION,Expected credit loss allowance,,,
2023-10,US01,Software,ECLCLOSE-2023-10-US01-Software,closing,6050_CREDIT_LOSS_EXPENSE,0.0,1322.76,PROVISION,Close Expected credit loss allowance,,,
2023-10,US01,Software,ECLCLOSE-2023-10-US01-Software,closing,3200_RETAINED_EARNINGS,1322.76,0.0,PROVISION,Close Expected credit loss allowance,,,
2023-11,DE01,Hardware,ECL-2023-11-DE01-Hardware,provision,6050_CREDIT_LOSS_EXPENSE,7892.39,0.0,PROVISION,Expected credit loss allowance,,,
2023-11,DE01,Hardware,ECL-2023-11-DE01-Hardware,provision,1190_CREDIT_LOSS_ALLOWANCE,0.0,7892.39,PROVISION,Expected credit loss allowance,,,
2023-11,DE01,Hardware,ECLCLOSE-2023-11-DE01-Hardware,closing,6050_CREDIT_LOSS_EXPENSE,0.0,7892.39,PROVISION,Close Expected credit loss allowance,,,
2023-11,DE01,Hardware,ECLCLOSE-2023-11-DE01-Hardware,closing,3200_RETAINED_EARNINGS,7892.39,0.0,PROVISION,Close Expected credit loss allowance,,,
2023-11,DE01,Software,ECL-2023-11-DE01-Software,provision_release,1190_CREDIT_LOSS_ALLOWANCE,105.12,0.0,PROVISION,Release Expected credit loss allowance,,,
2023-11,DE01,Software,ECL-2023-11-DE01-Software,provision_release,6050_CREDIT_LOSS_EXPENSE,0.0,105.12,PROVISION,Release Expected credit loss allowance,,,
2023-11,DE01,Software,ECLCLOSE-2023-11-DE01-Software,closing,6050_CREDIT_LOSS_EXPENSE,105.12,0.0,PROVISION,Close release Expected credit loss allowance,,,
2023-11,DE01,Software,ECLCLOSE-2023-11-DE01-Software,closing,3200_RETAINED_EARNINGS,0.0,105.12,PROVISION,Close release Expected credit loss allowance,,,
2023-11,ES01,Events,ECL-2023-11-ES01-Events,provision,6050_CREDIT_LOSS_EXPENSE,6581.69,0.0,PROVISION,Expected credit loss allowance,,,
2023-11,ES01,Events,ECL-2023-11-ES01-Events,provision,1190_CREDIT_LOSS_ALLOWANCE,0.0,6581.69,PROVISION,Expected credit loss allowance,,,
2023-11,ES01,Events,ECLCLOSE-2023-11-ES01-Events,closing,6050_CREDIT_LOSS_EXPENSE,0.0,6581.69,PROVISION,Close Expected credit loss allowance,,,
2023-11,ES01,Events,ECLCLOSE-2023-11-ES01-Events,closing,3200_RETAINED_EARNINGS,6581.69,0.0,PROVISION,Close Expected credit loss allowance,,,
2023-11,ES01,Hardware,ECL-2023-11-ES01-Hardware,provision,6050_CREDIT_LOSS_EXPENSE,6639.07,0.0,PROVISION,Expected credit loss allowance,,,
2023-11,ES01,Hardware,ECL-2023-11-ES01-Hardware,provision,1190_CREDIT_LOSS_ALLOWANCE,0.0,6639.07,PROVISION,Expected credit loss allowance,,,
2023-11,ES01,Hardware,ECLCLOSE-2023-11-ES01-Hardware,closing,6050_CREDIT_LOSS_EXPENSE,0.0,6639.07,PROVISION,Close Expected credit loss allowance,,,
2023-11,ES01,Hardware,ECLCLOSE-2023-11-ES01-Hardware,closing,3200_RETAINED_EARNINGS,6639.07,0.0,PROVISION,Close Expected credit loss allowance,,,
2023-11,ES01,Spare Parts,ECL-2023-11-ES01-SpareParts,provision,6050_CREDIT_LOSS_EXPENSE,2686.56,0.0,PROVISION,Expected credit loss allowance,,,
2023-11,ES01,Spare Parts,ECL-2023-11-ES01-SpareParts,provision,1190_CREDIT_LOSS_ALLOWANCE,0.0,2686.56,PROVISION,Expected credit loss allowance,,,
2023-11,ES01,Spare Parts,ECLCLOSE-2023-11-ES01-SpareParts,closing,6050_CREDIT_LOSS_EXPENSE,0.0,2686.56,PROVISION,Close Expected credit loss allowance,,,
2023-11,ES01,Spare Parts,ECLCLOSE-2023-11-ES01-SpareParts,closing,3200_RETAINED_EARNINGS,2686.56,0.0,PROVISION,Close Expected credit loss allowance,,,
2023-11,JP01,Hardware,ECL-2023-11-JP01-Hardware,provision,6050_CREDIT_LOSS_EXPENSE,5320.32,0.0,PROVISION,Expected credit loss allowance,,,
2023-11,JP01,Hardware,ECL-2023-11-JP01-Hardware,provision,1190_CREDIT_LOSS_ALLOWANCE,0.0,5320.32,PROVISION,Expected credit loss allowance,,,
2023-11,JP01,Hardware,ECLCLOSE-2023-11-JP01-Hardware,closing,6050_CREDIT_LOSS_EXPENSE,0.0,5320.32,PROVISION,Close Expected credit loss allowance,,,
2023-11,JP01,Hardware,ECLCLOSE-2023-11-JP01-Hardware,closing,3200_RETAINED_EARNINGS,5320.32,0.0,PROVISION,Close Expected credit loss allowance,,,
2023-11,JP01,Software,ECL-2023-11-JP01-Software,provision_release,1190_CREDIT_LOSS_ALLOWANCE,89.93,0.0,PROVISION,Release Expected credit loss allowance,,,
2023-11,JP01,Software,ECL-2023-11-JP01-Software,provision_release,6050_CREDIT_LOSS_EXPENSE,0.0,89.93,PROVISION,Release Expected credit loss allowance,,,
2023-11,JP01,Software,ECLCLOSE-2023-11-JP01-Software,closing,6050_CREDIT_LOSS_EXPENSE,89.93,0.0,PROVISION,Close release Expected credit loss allowance,,,
2023-11,JP01,Software,ECLCLOSE-2023-11-JP01-Software,closing,3200_RETAINED_EARNINGS,0.0,89.93,PROVISION,Close release Expected credit loss allowance,,,
2023-11,JP01,Spare Parts,ECL-2023-11-JP01-SpareParts,provision,6050_CREDIT_LOSS_EXPENSE,3684.81,0.0,PROVISION,Expected credit loss allowance,,,
2023-11,JP01,Spare Parts,ECL-2023-11-JP01-SpareParts,provision,1190_CREDIT_LOSS_ALLOWANCE,0.0,3684.81,PROVISION,Expected credit loss allowance,,,
2023-11,JP01,Spare Parts,ECLCLOSE-2023-11-JP01-SpareParts,closing,6050_CREDIT_LOSS_EXPENSE,0.0,3684.81,PROVISION,Close Expected credit loss allowance,,,
2023-11,JP01,Spare Parts,ECLCLOSE-2023-11-JP01-SpareParts,closing,3200_RETAINED_EARNINGS,3684.81,0.0,PROVISION,Close Expected credit loss allowance,,,
2023-11,US01,Events,ECL-2023-11-US01-Events,provision,6050_CREDIT_LOSS_EXPENSE,1629.94,0.0,PROVISION,Expected credit loss allowance,,,
2023-11,US01,Events,ECL-2023-11-US01-Events,provision,1190_CREDIT_LOSS_ALLOWANCE,0.0,1629.94,PROVISION,Expected credit loss allowance,,,
2023-11,US01,Events,ECLCLOSE-2023-11-US01-Events,closing,6050_CREDIT_LOSS_EXPENSE,0.0,1629.94,PROVISION,Close Expected credit loss allowance,,,
2023-11,US01,Events,ECLCLOSE-2023-11-US01-Events,closing,3200_RETAINED_EARNINGS,1629.94,0.0,PROVISION,Close Expected credit loss allowance,,,
2023-11,US01,Hardware,ECL-2023-11-US01-Hardware,provision,6050_CREDIT_LOSS_EXPENSE,8886.57,0.0,PROVISION,Expected credit loss allowance,,,
2023-11,US01,Hardware,ECL-2023-11-US01-Hardware,provision,1190_CREDIT_LOSS_ALLOWANCE,0.0,8886.57,PROVISION,Expected credit loss allowance,,,
2023-11,US01,Hardware,ECLCLOSE-2023-11-US01-Hardware,closing,6050_CREDIT_LOSS_EXPENSE,0.0,8886.57,PROVISION,Close Expected credit loss allowance,,,
2023-11,US01,Hardware,ECLCLOSE-2023-11-US01-Hardware,closing,3200_RETAINED_EARNINGS,8886.57,0.0,PROVISION,Close Expected credit loss allowance,,,
2023-11,US01,Software,ECL-2023-11-US01-Software,provision_release,1190_CREDIT_LOSS_ALLOWANCE,196.46,0.0,PROVISION,Release Expected credit loss allowance,,,
2023-11,US01,Software,ECL-2023-11-US01-Software,provision_release,6050_CREDIT_LOSS_EXPENSE,0.0,196.46,PROVISION,Release Expected credit loss allowance,,,
2023-11,US01,Software,ECLCLOSE-2023-11-US01-Software,closing,6050_CREDIT_LOSS_EXPENSE,196.46,0.0,PROVISION,Close release Expected credit loss allowance,,,
2023-11,US01,Software,ECLCLOSE-2023-11-US01-Software,closing,3200_RETAINED_EARNINGS,0.0,196.46,PROVISION,Close release Expected credit loss allowance,,,
2023-12,DE01,Hardware,ECL-2023-12-DE01-Hardware,provision,6050_CREDIT_LOSS_EXPENSE,3786.55,0.0,PROVISION,Expected credit loss allowance,,,
2023-12,DE01,Hardware,ECL-2023-12-DE01-Hardware,provision,1190_CREDIT_LOSS_ALLOWANCE,0.0,3786.55,PROVISION,Expected credit loss allowance,,,
2023-12,DE01,Hardware,ECLCLOSE-2023-12-DE01-Hardware,closing,6050_CREDIT_LOSS_EXPENSE,0.0,3786.55,PROVISION,Close Expected credit loss allowance,,,
2023-12,DE01,Hardware,ECLCLOSE-2023-12-DE01-Hardware,closing,3200_RETAINED_EARNINGS,3786.55,0.0,PROVISION,Close Expected credit loss allowance,,,
2023-12,DE01,Software,ECL-2023-12-DE01-Software,provision,6050_CREDIT_LOSS_EXPENSE,1.07,0.0,PROVISION,Expected credit loss allowance,,,
2023-12,DE01,Software,ECL-2023-12-DE01-Software,provision,1190_CREDIT_LOSS_ALLOWANCE,0.0,1.07,PROVISION,Expected credit loss allowance,,,
2023-12,DE01,Software,ECLCLOSE-2023-12-DE01-Software,closing,6050_CREDIT_LOSS_EXPENSE,0.0,1.07,PROVISION,Close Expected credit loss allowance,,,
2023-12,DE01,Software,ECLCLOSE-2023-12-DE01-Software,closing,3200_RETAINED_EARNINGS,1.07,0.0,PROVISION,Close Expected credit loss allowance,,,
2023-12,ES01,Events,ECL-2023-12-ES01-Events,provision_release,1190_CREDIT_LOSS_ALLOWANCE,494.83,0.0,PROVISION,Release Expected credit loss allowance,,,
2023-12,ES01,Events,ECL-2023-12-ES01-Events,provision_release,6050_CREDIT_LOSS_EXPENSE,0.0,494.83,PROVISION,Release Expected credit loss allowance,,,
2023-12,ES01,Events,ECLCLOSE-2023-12-ES01-Events,closing,6050_CREDIT_LOSS_EXPENSE,494.83,0.0,PROVISION,Close release Expected credit loss allowance,,,
2023-12,ES01,Events,ECLCLOSE-2023-12-ES01-Events,closing,3200_RETAINED_EARNINGS,0.0,494.83,PROVISION,Close release Expected credit loss allowance,,,
2023-12,ES01,Hardware,ECL-2023-12-ES01-Hardware,provision,6050_CREDIT_LOSS_EXPENSE,824.82,0.0,PROVISION,Expected credit loss allowance,,,
2023-12,ES01,Hardware,ECL-2023-12-ES01-Hardware,provision,1190_CREDIT_LOSS_ALLOWANCE,0.0,824.82,PROVISION,Expected credit loss allowance,,,
2023-12,ES01,Hardware,ECLCLOSE-2023-12-ES01-Hardware,closing,6050_CREDIT_LOSS_EXPENSE,0.0,824.82,PROVISION,Close Expected credit loss allowance,,,
2023-12,ES01,Hardware,ECLCLOSE-2023-12-ES01-Hardware,closing,3200_RETAINED_EARNINGS,824.82,0.0,PROVISION,Close Expected credit loss allowance,,,
2023-12,ES01,Spare Parts,ECL-2023-12-ES01-SpareParts,provision,6050_CREDIT_LOSS_EXPENSE,344.68,0.0,PROVISION,Expected credit loss allowance,,,
2023-12,ES01,Spare Parts,ECL-2023-12-ES01-SpareParts,provision,1190_CREDIT_LOSS_ALLOWANCE,0.0,344.68,PROVISION,Expected credit loss allowance,,,
2023-12,ES01,Spare Parts,ECLCLOSE-2023-12-ES01-SpareParts,closing,6050_CREDIT_LOSS_EXPENSE,0.0,344.68,PROVISION,Close Expected credit loss allowance,,,
2023-12,ES01,Spare Parts,ECLCLOSE-2023-12-ES01-SpareParts,closing,3200_RETAINED_EARNINGS,344.68,0.0,PROVISION,Close Expected credit loss allowance,,,
2023-12,JP01,Hardware,ECL-2023-12-JP01-Hardware,provision,6050_CREDIT_LOSS_EXPENSE,1128.64,0.0,PROVISION,Expected credit loss allowance,,,
2023-12,JP01,Hardware,ECL-2023-12-JP01-Hardware,provision,1190_CREDIT_LOSS_ALLOWANCE,0.0,1128.64,PROVISION,Expected credit loss allowance,,,
2023-12,JP01,Hardware,ECLCLOSE-2023-12-JP01-Hardware,closing,6050_CREDIT_LOSS_EXPENSE,0.0,1128.64,PROVISION,Close Expected credit loss allowance,,,
2023-12,JP01,Hardware,ECLCLOSE-2023-12-JP01-Hardware,closing,3200_RETAINED_EARNINGS,1128.64,0.0,PROVISION,Close Expected credit loss allowance,,,
2023-12,JP01,Software,ECL-2023-12-JP01-Software,provision_release,1190_CREDIT_LOSS_ALLOWANCE,37.49,0.0,PROVISION,Release Expected credit loss allowance,,,
2023-12,JP01,Software,ECL-2023-12-JP01-Software,provision_release,6050_CREDIT_LOSS_EXPENSE,0.0,37.49,PROVISION,Release Expected credit loss allowance,,,
2023-12,JP01,Software,ECLCLOSE-2023-12-JP01-Software,closing,6050_CREDIT_LOSS_EXPENSE,37.49,0.0,PROVISION,Close release Expected credit loss allowance,,,
2023-12,JP01,Software,ECLCLOSE-2023-12-JP01-Software,closing,3200_RETAINED_EARNINGS,0.0,37.49,PROVISION,Close release Expected credit loss allowance,,,
2023-12,JP01,Spare Parts,ECL-2023-12-JP01-SpareParts,provision,6050_CREDIT_LOSS_EXPENSE,435.27,0.0,PROVISION,Expected credit loss allowance,,,
2023-12,JP01,Spare Parts,ECL-2023-12-JP01-SpareParts,provision,1190_CREDIT_LOSS_ALLOWANCE,0.0,435.27,PROVISION,Expected credit loss allowance,,,
2023-12,JP01,Spare Parts,ECLCLOSE-2023-12-JP01-SpareParts,closing,6050_CREDIT_LOSS_EXPENSE,0.0,435.27,PROVISION,Close Expected credit loss allowance,,,
2023-12,JP01,Spare Parts,ECLCLOSE-2023-12-JP01-SpareParts,closing,3200_RETAINED_EARNINGS,435.27,0.0,PROVISION,Close Expected credit loss allowance,,,
2023-12,US01,Events,ECL-2023-12-US01-Events,provision,6050_CREDIT_LOSS_EXPENSE,357.24,0.0,PROVISION,Expected credit loss allowance,,,
2023-12,US01,Events,ECL-2023-12-US01-Events,provision,1190_CREDIT_LOSS_ALLOWANCE,0.0,357.24,PROVISION,Expected credit loss allowance,,,
2023-12,US01,Events,ECLCLOSE-2023-12-US01-Events,closing,6050_CREDIT_LOSS_EXPENSE,0.0,357.24,PROVISION,Close Expected credit loss allowance,,,
2023-12,US01,Events,ECLCLOSE-2023-12-US01-Events,closing,3200_RETAINED_EARNINGS,357.24,0.0,PROVISION,Close Expected credit loss allowance,,,
2023-12,US01,Hardware,ECL-2023-12-US01-Hardware,provision,6050_CREDIT_LOSS_EXPENSE,1033.12,0.0,PROVISION,Expected credit loss allowance,,,
2023-12,US01,Hardware,ECL-2023-12-US01-Hardware,provision,1190_CREDIT_LOSS_ALLOWANCE,0.0,1033.12,PROVISION,Expected credit loss allowance,,,
2023-12,US01,Hardware,ECLCLOSE-2023-12-US01-Hardware,closing,6050_CREDIT_LOSS_EXPENSE,0.0,1033.12,PROVISION,Close Expected credit loss allowance,,,
2023-12,US01,Hardware,ECLCLOSE-2023-12-US01-Hardware,closing,3200_RETAINED_EARNINGS,1033.12,0.0,PROVISION,Close Expected credit loss allowance,,,
2023-12,US01,Software,ECL-2023-12-US01-Software,provision,6050_CREDIT_LOSS_EXPENSE,34.91,0.0,PROVISION,Expected credit loss allowance,,,
2023-12,US01,Software,ECL-2023-12-US01-Software,provision,1190_CREDIT_LOSS_ALLOWANCE,0.0,34.91,PROVISION,Expected credit loss allowance,,,
2023-12,US01,Software,ECLCLOSE-2023-12-US01-Software,closing,6050_CREDIT_LOSS_EXPENSE,0.0,34.91,PROVISION,Close Expected credit loss allowance,,,
2023-12,US01,Software,ECLCLOSE-2023-12-US01-Software,closing,3200_RETAINED_EARNINGS,34.91,0.0,PROVISION,Close Expected credit loss allowance,,,
2024-01,DE01,Hardware,ECL-2024-01-DE01-Hardware,provision_release,1190_CREDIT_LOSS_ALLOWANCE,4246.71,0.0,PROVISION,Release Expected credit loss allowance,,,
2024-01,DE01,Hardware,ECL-2024-01-DE01-Hardware,provision_release,6050_CREDIT_LOSS_EXPENSE,0.0,4246.71,PROVISION,Release Expected credit loss allowance,,,
2024-01,DE01,Hardware,ECLCLOSE-2024-01-DE01-Hardware,closing,6050_CREDIT_LOSS_EXPENSE,4246.71,0.0,PROVISION,Close release Expected credit loss allowance,,,
2024-01,DE01,Hardware,ECLCLOSE-2024-01-DE01-Hardware,closing,3200_RETAINED_EARNINGS,0.0,4246.71,PROVISION,Close release Expected credit loss allowance,,,
2024-01,DE01,Software,ECL-2024-01-DE01-Software,provision,6050_CREDIT_LOSS_EXPENSE,8.42,0.0,PROVISION,Expected credit loss allowance,,,
2024-01,DE01,Software,ECL-2024-01-DE01-Software,provision,1190_CREDIT_LOSS_ALLOWANCE,0.0,8.42,PROVISION,Expected credit loss allowance,,,
2024-01,DE01,Software,ECLCLOSE-2024-01-DE01-Software,closing,6050_CREDIT_LOSS_EXPENSE,0.0,8.42,PROVISION,Close Expected credit loss allowance,,,
2024-01,DE01,Software,ECLCLOSE-2024-01-DE01-Software,closing,3200_RETAINED_EARNINGS,8.42,0.0,PROVISION,Close Expected credit loss allowance,,,
2024-01,ES01,Events,ECL-2024-01-ES01-Events,provision_release,1190_CREDIT_LOSS_ALLOWANCE,3130.5,0.0,PROVISION,Release Expected credit loss allowance,,,
2024-01,ES01,Events,ECL-2024-01-ES01-Events,provision_release,6050_CREDIT_LOSS_EXPENSE,0.0,3130.5,PROVISION,Release Expected credit loss allowance,,,
2024-01,ES01,Events,ECLCLOSE-2024-01-ES01-Events,closing,6050_CREDIT_LOSS_EXPENSE,3130.5,0.0,PROVISION,Close release Expected credit loss allowance,,,
2024-01,ES01,Events,ECLCLOSE-2024-01-ES01-Events,closing,3200_RETAINED_EARNINGS,0.0,3130.5,PROVISION,Close release Expected credit loss allowance,,,
2024-01,ES01,Hardware,ECL-2024-01-ES01-Hardware,provision_release,1190_CREDIT_LOSS_ALLOWANCE,4075.14,0.0,PROVISION,Release Expected credit loss allowance,,,
2024-01,ES01,Hardware,ECL-2024-01-ES01-Hardware,provision_release,6050_CREDIT_LOSS_EXPENSE,0.0,4075.14,PROVISION,Release Expected credit loss allowance,,,
2024-01,ES01,Hardware,ECLCLOSE-2024-01-ES01-Hardware,closing,6050_CREDIT_LOSS_EXPENSE,4075.14,0.0,PROVISION,Close release Expected credit loss allowance,,,
2024-01,ES01,Hardware,ECLCLOSE-2024-01-ES01-Hardware,closing,3200_RETAINED_EARNINGS,0.0,4075.14,PROVISION,Close release Expected credit loss allowance,,,
2024-01,ES01,Spare Parts,ECL-2024-01-ES01-SpareParts,provision_release,1190_CREDIT_LOSS_ALLOWANCE,1583.1,0.0,PROVISION,Release Expected credit loss allowance,,,
2024-01,ES01,Spare Parts,ECL-2024-01-ES01-SpareParts,provision_release,6050_CREDIT_LOSS_EXPENSE,0.0,1583.1,PROVISION,Release Expected credit loss allowance,,,
2024-01,ES01,Spare Parts,ECLCLOSE-2024-01-ES01-SpareParts,closing,6050_CREDIT_LOSS_EXPENSE,1583.1,0.0,PROVISION,Close release Expected credit loss allowance,,,
2024-01,ES01,Spare Parts,ECLCLOSE-2024-01-ES01-SpareParts,closing,3200_RETAINED_EARNINGS,0.0,1583.1,PROVISION,Close release Expected credit loss allowance,,,
2024-01,JP01,Hardware,ECL-2024-01-JP01-Hardware,provision_release,1190_CREDIT_LOSS_ALLOWANCE,5382.91,0.0,PROVISION,Release Expected credit loss allowance,,,
2024-01,JP01,Hardware,ECL-2024-01-JP01-Hardware,provision_release,6050_CREDIT_LOSS_EXPENSE,0.0,5382.91,PROVISION,Release Expected credit loss allowance,,,
2024-01,JP01,Hardware,ECLCLOSE-2024-01-JP01-Hardware,closing,6050_CREDIT_LOSS_EXPENSE,5382.91,0.0,PROVISION,Close release Expected credit loss allowance,,,
2024-01,JP01,Hardware,ECLCLOSE-2024-01-JP01-Hardware,closing,3200_RETAINED_EARNINGS,0.0,5382.91,PROVISION,Close release Expected credit loss allowance,,,
2024-01,JP01,Software,ECL-2024-01-JP01-Software,provision,6050_CREDIT_LOSS_EXPENSE,12.99,0.0,PROVISION,Expected credit loss allowance,,,
2024-01,JP01,Software,ECL-2024-01-JP01-Software,provision,1190_CREDIT_LOSS_ALLOWANCE,0.0,12.99,PROVISION,Expected credit loss allowance,,,
2024-01,JP01,Software,ECLCLOSE-2024-01-JP01-Software,closing,6050_CREDIT_LOSS_EXPENSE,0.0,12.99,PROVISION,Close Expected credit loss allowance,,,
2024-01,JP01,Software,ECLCLOSE-2024-01-JP01-Software,closing,3200_RETAINED_EARNINGS,12.99,0.0,PROVISION,Close Expected credit loss allowance,,,
2024-01,JP01,Spare Parts,ECL-2024-01-JP01-SpareParts,provision_release,1190_CREDIT_LOSS_ALLOWANCE,2061.18,0.0,PROVISION,Release Expected credit loss allowance,,,
2024-01,JP01,Spare Parts,ECL-2024-01-JP01-SpareParts,provision_release,6050_CREDIT_LOSS_EXPENSE,0.0,2061.18,PROVISION,Release Expected credit loss allowance,,,
2024-01,JP01,Spare Parts,ECLCLOSE-2024-01-JP01-SpareParts,closing,6050_CREDIT_LOSS_EXPENSE,2061.18,0.0,PROVISION,Close release Expected credit loss allowance,,,
2024-01,JP01,Spare Parts,ECLCLOSE-2024-01-JP01-SpareParts,closing,3200_RETAINED_EARNINGS,0.0,2061.18,PROVISION,Close release Expected credit loss allowance,,,
2024-01,US01,Events,ECL-2024-01-US01-Events,provision,6050_CREDIT_LOSS_EXPENSE,2874.8,0.0,PROVISION,Expected credit loss allowance,,,
2024-01,US01,Events,ECL-2024-01-US01-Events,provision,1190_CREDIT_LOSS_ALLOWANCE,0.0,2874.8,PROVISION,Expected credit loss allowance,,,
2024-01,US01,Events,ECLCLOSE-2024-01-US01-Events,closing,6050_CREDIT_LOSS_EXPENSE,0.0,2874.8,PROVISION,Close Expected credit loss allowance,,,
2024-01,US01,Events,ECLCLOSE-2024-01-US01-Events,closing,3200_RETAINED_EARNINGS,2874.8,0.0,PROVISION,Close Expected credit loss allowance,,,
2024-01,US01,Hardware,ECL-2024-01-US01-Hardware,provision_release,1190_CREDIT_LOSS_ALLOWANCE,5535.92,0.0,PROVISION,Release Expected credit loss allowance,,,
2024-01,US01,Hardware,ECL-2024-01-US01-Hardware,provision_release,6050_CREDIT_LOSS_EXPENSE,0.0,5535.92,PROVISION,Release Expected credit loss allowance,,,
2024-01,US01,Hardware,ECLCLOSE-2024-01-US01-Hardware,closing,6050_CREDIT_LOSS_EXPENSE,5535.92,0.0,PROVISION,Close release Expected credit loss allowance,,,
2024-01,US01,Hardware,ECLCLOSE-2024-01-US01-Hardware,closing,3200_RETAINED_EARNINGS,0.0,5535.92,PROVISION,Close release Expected credit loss allowance,,,
2024-01,US01,Software,ECL-2024-01-US01-Software,provision_release,1190_CREDIT_LOSS_ALLOWANCE,41.32,0.0,PROVISION,Release Expected credit loss allowance,,,
2024-01,US01,Software,ECL-2024-01-US01-Software,provision_release,6050_CREDIT_LOSS_EXPENSE,0.0,41.32,PROVISION,Release Expected credit loss allowance,,,
2024-01,US01,Software,ECLCLOSE-2024-01-US01-Software,closing,6050_CREDIT_LOSS_EXPENSE,41.32,0.0,PROVISION,Close release Expected credit loss allowance,,,
2024-01,US01,Software,ECLCLOSE-2024-01-US01-Software,closing,3200_RETAINED_EARNINGS,0.0,41.32,PROVISION,Close release Expected credit loss allowance,,,
2024-02,DE01,Hardware,ECL-2024-02-DE01-Hardware,provision,6050_CREDIT_LOSS_EXPENSE,1224.01,0.0,PROVISION,Expected credit loss allowance,,,
2024-02,DE01,Hardware,ECL-2024-02-DE01-Hardware,provision,1190_CREDIT_LOSS_ALLOWANCE,0.0,1224.01,PROVISION,Expected credit loss allowance,,,
2024-02,DE01,Hardware,ECLCLOSE-2024-02-DE01-Hardware,closing,6050_CREDIT_LOSS_EXPENSE,0.0,1224.01,PROVISION,Close Expected credit loss allowance,,,
2024-02,DE01,Hardware,ECLCLOSE-2024-02-DE01-Hardware,closing,3200_RETAINED_EARNINGS,1224.01,0.0,PROVISION,Close Expected credit loss allowance,,,
2024-02,DE01,Software,ECL-2024-02-DE01-Software,provision,6050_CREDIT_LOSS_EXPENSE,52.48,0.0,PROVISION,Expected credit loss allowance,,,
2024-02,DE01,Software,ECL-2024-02-DE01-Software,provision,1190_CREDIT_LOSS_ALLOWANCE,0.0,52.48,PROVISION,Expected credit loss allowance,,,
2024-02,DE01,Software,ECLCLOSE-2024-02-DE01-Software,closing,6050_CREDIT_LOSS_EXPENSE,0.0,52.48,PROVISION,Close Expected credit loss allowance,,,
2024-02,DE01,Software,ECLCLOSE-2024-02-DE01-Software,closing,3200_RETAINED_EARNINGS,52.48,0.0,PROVISION,Close Expected credit loss allowance,,,
2024-02,ES01,Events,ECL-2024-02-ES01-Events,provision_release,1190_CREDIT_LOSS_ALLOWANCE,684.78,0.0,PROVISION,Release Expected credit loss allowance,,,
2024-02,ES01,Events,ECL-2024-02-ES01-Events,provision_release,6050_CREDIT_LOSS_EXPENSE,0.0,684.78,PROVISION,Release Expected credit loss allowance,,,
2024-02,ES01,Events,ECLCLOSE-2024-02-ES01-Events,closing,6050_CREDIT_LOSS_EXPENSE,684.78,0.0,PROVISION,Close release Expected credit loss allowance,,,
2024-02,ES01,Events,ECLCLOSE-2024-02-ES01-Events,closing,3200_RETAINED_EARNINGS,0.0,684.78,PROVISION,Close release Expected credit loss allowance,,,
2024-02,ES01,Hardware,ECL-2024-02-ES01-Hardware,provision,6050_CREDIT_LOSS_EXPENSE,524.93,0.0,PROVISION,Expected credit loss allowance,,,
2024-02,ES01,Hardware,ECL-2024-02-ES01-Hardware,provision,1190_CREDIT_LOSS_ALLOWANCE,0.0,524.93,PROVISION,Expected credit loss allowance,,,
2024-02,ES01,Hardware,ECLCLOSE-2024-02-ES01-Hardware,closing,6050_CREDIT_LOSS_EXPENSE,0.0,524.93,PROVISION,Close Expected credit loss allowance,,,
2024-02,ES01,Hardware,ECLCLOSE-2024-02-ES01-Hardware,closing,3200_RETAINED_EARNINGS,524.93,0.0,PROVISION,Close Expected credit loss allowance,,,
2024-02,ES01,Spare Parts,ECL-2024-02-ES01-SpareParts,provision,6050_CREDIT_LOSS_EXPENSE,179.51,0.0,PROVISION,Expected credit loss allowance,,,
2024-02,ES01,Spare Parts,ECL-2024-02-ES01-SpareParts,provision,1190_CREDIT_LOSS_ALLOWANCE,0.0,179.51,PROVISION,Expected credit loss allowance,,,
2024-02,ES01,Spare Parts,ECLCLOSE-2024-02-ES01-SpareParts,closing,6050_CREDIT_LOSS_EXPENSE,0.0,179.51,PROVISION,Close Expected credit loss allowance,,,
2024-02,ES01,Spare Parts,ECLCLOSE-2024-02-ES01-SpareParts,closing,3200_RETAINED_EARNINGS,179.51,0.0,PROVISION,Close Expected credit loss allowance,,,
2024-02,JP01,Hardware,ECL-2024-02-JP01-Hardware,provision,6050_CREDIT_LOSS_EXPENSE,647.9,0.0,PROVISION,Expected credit loss allowance,,,
2024-02,JP01,Hardware,ECL-2024-02-JP01-Hardware,provision,1190_CREDIT_LOSS_ALLOWANCE,0.0,647.9,PROVISION,Expected credit loss allowance,,,
2024-02,JP01,Hardware,ECLCLOSE-2024-02-JP01-Hardware,closing,6050_CREDIT_LOSS_EXPENSE,0.0,647.9,PROVISION,Close Expected credit loss allowance,,,
2024-02,JP01,Hardware,ECLCLOSE-2024-02-JP01-Hardware,closing,3200_RETAINED_EARNINGS,647.9,0.0,PROVISION,Close Expected credit loss allowance,,,
2024-02,JP01,Software,ECL-2024-02-JP01-Software,provision_release,1190_CREDIT_LOSS_ALLOWANCE,4.3,0.0,PROVISION,Release Expected credit loss allowance,,,
2024-02,JP01,Software,ECL-2024-02-JP01-Software,provision_release,6050_CREDIT_LOSS_EXPENSE,0.0,4.3,PROVISION,Release Expected credit loss allowance,,,
2024-02,JP01,Software,ECLCLOSE-2024-02-JP01-Software,closing,6050_CREDIT_LOSS_EXPENSE,4.3,0.0,PROVISION,Close release Expected credit loss allowance,,,
2024-02,JP01,Software,ECLCLOSE-2024-02-JP01-Software,closing,3200_RETAINED_EARNINGS,0.0,4.3,PROVISION,Close release Expected credit loss allowance,,,
2024-02,JP01,Spare Parts,ECL-2024-02-JP01-SpareParts,provision,6050_CREDIT_LOSS_EXPENSE,201.58,0.0,PROVISION,Expected credit loss allowance,,,
2024-02,JP01,Spare Parts,ECL-2024-02-JP01-SpareParts,provision,1190_CREDIT_LOSS_ALLOWANCE,0.0,201.58,PROVISION,Expected credit loss allowance,,,
2024-02,JP01,Spare Parts,ECLCLOSE-2024-02-JP01-SpareParts,closing,6050_CREDIT_LOSS_EXPENSE,0.0,201.58,PROVISION,Close Expected credit loss allowance,,,
2024-02,JP01,Spare Parts,ECLCLOSE-2024-02-JP01-SpareParts,closing,3200_RETAINED_EARNINGS,201.58,0.0,PROVISION,Close Expected credit loss allowance,,,
2024-02,US01,Events,ECL-2024-02-US01-Events,provision,6050_CREDIT_LOSS_EXPENSE,560.64,0.0,PROVISION,Expected credit loss allowance,,,
2024-02,US01,Events,ECL-2024-02-US01-Events,provision,1190_CREDIT_LOSS_ALLOWANCE,0.0,560.64,PROVISION,Expected credit loss allowance,,,
2024-02,US01,Events,ECLCLOSE-2024-02-US01-Events,closing,6050_CREDIT_LOSS_EXPENSE,0.0,560.64,PROVISION,Close Expected credit loss allowance,,,
2024-02,US01,Events,ECLCLOSE-2024-02-US01-Events,closing,3200_RETAINED_EARNINGS,560.64,0.0,PROVISION,Close Expected credit loss allowance,,,
2024-02,US01,Hardware,ECL-2024-02-US01-Hardware,provision,6050_CREDIT_LOSS_EXPENSE,1382.66,0.0,PROVISION,Expected credit loss allowance,,,
2024-02,US01,Hardware,ECL-2024-02-US01-Hardware,provision,1190_CREDIT_LOSS_ALLOWANCE,0.0,1382.66,PROVISION,Expected credit loss allowance,,,
2024-02,US01,Hardware,ECLCLOSE-2024-02-US01-Hardware,closing,6050_CREDIT_LOSS_EXPENSE,0.0,1382.66,PROVISION,Close Expected credit loss allowance,,,
2024-02,US01,Hardware,ECLCLOSE-2024-02-US01-Hardware,closing,3200_RETAINED_EARNINGS,1382.66,0.0,PROVISION,Close Expected credit loss allowance,,,
2024-02,US01,Software,ECL-2024-02-US01-Software,provision,6050_CREDIT_LOSS_EXPENSE,55.21,0.0,PROVISION,Expected credit loss allowance,,,
2024-02,US01,Software,ECL-2024-02-US01-Software,provision,1190_CREDIT_LOSS_ALLOWANCE,0.0,55.21,PROVISION,Expected credit loss allowance,,,
2024-02,US01,Software,ECLCLOSE-2024-02-US01-Software,closing,6050_CREDIT_LOSS_EXPENSE,0.0,55.21,PROVISION,Close Expected credit loss allowance,,,
2024-02,US01,Software,ECLCLOSE-2024-02-US01-Software,closing,3200_RETAINED_EARNINGS,55.21,0.0,PROVISION,Close Expected credit loss allowance,,,
2024-03,DE01,Hardware,ECL-2024-03-DE01-Hardware,provision_release,1190_CREDIT_LOSS_ALLOWANCE,417.76,0.0,PROVISION,Release Expected credit loss allowance,,,
2024-03,DE01,Hardware,ECL-2024-03-DE01-Hardware,provision_release,6050_CREDIT_LOSS_EXPENSE,0.0,417.76,PROVISION,Release Expected credit loss allowance,,,
2024-03,DE01,Hardware,ECLCLOSE-2024-03-DE01-Hardware,closing,6050_CREDIT_LOSS_EXPENSE,417.76,0.0,PROVISION,Close release Expected credit loss allowance,,,
2024-03,DE01,Hardware,ECLCLOSE-2024-03-DE01-Hardware,closing,3200_RETAINED_EARNINGS,0.0,417.76,PROVISION,Close release Expected credit loss allowance,,,
2024-03,DE01,Software,ECL-2024-03-DE01-Software,provision,6050_CREDIT_LOSS_EXPENSE,16.73,0.0,PROVISION,Expected credit loss allowance,,,
2024-03,DE01,Software,ECL-2024-03-DE01-Software,provision,1190_CREDIT_LOSS_ALLOWANCE,0.0,16.73,PROVISION,Expected credit loss allowance,,,
2024-03,DE01,Software,ECLCLOSE-2024-03-DE01-Software,closing,6050_CREDIT_LOSS_EXPENSE,0.0,16.73,PROVISION,Close Expected credit loss allowance,,,
2024-03,DE01,Software,ECLCLOSE-2024-03-DE01-Software,closing,3200_RETAINED_EARNINGS,16.73,0.0,PROVISION,Close Expected credit loss allowance,,,
2024-03,ES01,Events,ECL-2024-03-ES01-Events,provision_release,1190_CREDIT_LOSS_ALLOWANCE,1468.58,0.0,PROVISION,Release Expected credit loss allowance,,,
2024-03,ES01,Events,ECL-2024-03-ES01-Events,provision_release,6050_CREDIT_LOSS_EXPENSE,0.0,1468.58,PROVISION,Release Expected credit loss allowance,,,
2024-03,ES01,Events,ECLCLOSE-2024-03-ES01-Events,closing,6050_CREDIT_LOSS_EXPENSE,1468.58,0.0,PROVISION,Close release Expected credit loss allowance,,,
2024-03,ES01,Events,ECLCLOSE-2024-03-ES01-Events,closing,3200_RETAINED_EARNINGS,0.0,1468.58,PROVISION,Close release Expected credit loss allowance,,,
2024-03,ES01,Hardware,ECL-2024-03-ES01-Hardware,provision,6050_CREDIT_LOSS_EXPENSE,1106.9,0.0,PROVISION,Expected credit loss allowance,,,
2024-03,ES01,Hardware,ECL-2024-03-ES01-Hardware,provision,1190_CREDIT_LOSS_ALLOWANCE,0.0,1106.9,PROVISION,Expected credit loss allowance,,,
2024-03,ES01,Hardware,ECLCLOSE-2024-03-ES01-Hardware,closing,6050_CREDIT_LOSS_EXPENSE,0.0,1106.9,PROVISION,Close Expected credit loss allowance,,,
2024-03,ES01,Hardware,ECLCLOSE-2024-03-ES01-Hardware,closing,3200_RETAINED_EARNINGS,1106.9,0.0,PROVISION,Close Expected credit loss allowance,,,
2024-03,ES01,Spare Parts,ECL-2024-03-ES01-SpareParts,provision,6050_CREDIT_LOSS_EXPENSE,446.03,0.0,PROVISION,Expected credit loss allowance,,,
2024-03,ES01,Spare Parts,ECL-2024-03-ES01-SpareParts,provision,1190_CREDIT_LOSS_ALLOWANCE,0.0,446.03,PROVISION,Expected credit loss allowance,,,
2024-03,ES01,Spare Parts,ECLCLOSE-2024-03-ES01-SpareParts,closing,6050_CREDIT_LOSS_EXPENSE,0.0,446.03,PROVISION,Close Expected credit loss allowance,,,
2024-03,ES01,Spare Parts,ECLCLOSE-2024-03-ES01-SpareParts,closing,3200_RETAINED_EARNINGS,446.03,0.0,PROVISION,Close Expected credit loss allowance,,,
2024-03,JP01,Hardware,ECL-2024-03-JP01-Hardware,provision,6050_CREDIT_LOSS_EXPENSE,1972.73,0.0,PROVISION,Expected credit loss allowance,,,
2024-03,JP01,Hardware,ECL-2024-03-JP01-Hardware,provision,1190_CREDIT_LOSS_ALLOWANCE,0.0,1972.73,PROVISION,Expected credit loss allowance,,,
2024-03,JP01,Hardware,ECLCLOSE-2024-03-JP01-Hardware,closing,6050_CREDIT_LOSS_EXPENSE,0.0,1972.73,PROVISION,Close Expected credit loss allowance,,,
2024-03,JP01,Hardware,ECLCLOSE-2024-03-JP01-Hardware,closing,3200_RETAINED_EARNINGS,1972.73,0.0,PROVISION,Close Expected credit loss allowance,,,
2024-03,JP01,Software,ECL-2024-03-JP01-Software,provision,6050_CREDIT_LOSS_EXPENSE,24.46,0.0,PROVISION,Expected credit loss allowance,,,
2024-03,JP01,Software,ECL-2024-03-JP01-Software,provision,1190_CREDIT_LOSS_ALLOWANCE,0.0,24.46,PROVISION,Expected credit loss allowance,,,
2024-03,JP01,Software,ECLCLOSE-2024-03-JP01-Software,closing,6050_CREDIT_LOSS_EXPENSE,0.0,24.46,PROVISION,Close Expected credit loss allowance,,,
2024-03,JP01,Software,ECLCLOSE-2024-03-JP01-Software,closing,3200_RETAINED_EARNINGS,24.46,0.0,PROVISION,Close Expected credit loss allowance,,,
2024-03,JP01,Spare Parts,ECL-2024-03-JP01-SpareParts,provision,6050_CREDIT_LOSS_EXPENSE,603.68,0.0,PROVISION,Expected credit loss allowance,,,
2024-03,JP01,Spare Parts,ECL-2024-03-JP01-SpareParts,provision,1190_CREDIT_LOSS_ALLOWANCE,0.0,603.68,PROVISION,Expected credit loss allowance,,,
2024-03,JP01,Spare Parts,ECLCLOSE-2024-03-JP01-SpareParts,closing,6050_CREDIT_LOSS_EXPENSE,0.0,603.68,PROVISION,Close Expected credit loss allowance,,,
2024-03,JP01,Spare Parts,ECLCLOSE-2024-03-JP01-SpareParts,closing,3200_RETAINED_EARNINGS,603.68,0.0,PROVISION,Close Expected credit loss allowance,,,
2024-03,US01,Events,ECL-2024-03-US01-Events,provision_release,1190_CREDIT_LOSS_ALLOWANCE,5428.44,0.0,PROVISION,Release Expected credit loss allowance,,,
2024-03,US01,Events,ECL-2024-03-US01-Events,provision_release,6050_CREDIT_LOSS_EXPENSE,0.0,5428.44,PROVISION,Release Expected credit loss allowance,,,
2024-03,US01,Events,ECLCLOSE-2024-03-US01-Events,closing,6050_CREDIT_LOSS_EXPENSE,5428.44,0.0,PROVISION,Close release Expected credit loss allowance,,,
2024-03,US01,Events,ECLCLOSE-2024-03-US01-Events,closing,3200_RETAINED_EARNINGS,0.0,5428.44,PROVISION,Close release Expected credit loss allowance,,,
2024-03,US01,Hardware,ECL-2024-03-US01-Hardware,provision,6050_CREDIT_LOSS_EXPENSE,877.9,0.0,PROVISION,Expected credit loss allowance,,,
2024-03,US01,Hardware,ECL-2024-03-US01-Hardware,provision,1190_CREDIT_LOSS_ALLOWANCE,0.0,877.9,PROVISION,Expected credit loss allowance,,,
2024-03,US01,Hardware,ECLCLOSE-2024-03-US01-Hardware,closing,6050_CREDIT_LOSS_EXPENSE,0.0,877.9,PROVISION,Close Expected credit loss allowance,,,
2024-03,US01,Hardware,ECLCLOSE-2024-03-US01-Hardware,closing,3200_RETAINED_EARNINGS,877.9,0.0,PROVISION,Close Expected credit loss allowance,,,
2024-03,US01,Software,ECL-2024-03-US01-Software,provision_release,1190_CREDIT_LOSS_ALLOWANCE,29.52,0.0,PROVISION,Release Expected credit loss allowance,,,
2024-03,US01,Software,ECL-2024-03-US01-Software,provision_release,6050_CREDIT_LOSS_EXPENSE,0.0,29.52,PROVISION,Release Expected credit loss allowance,,,
2024-03,US01,Software,ECLCLOSE-2024-03-US01-Software,closing,6050_CREDIT_LOSS_EXPENSE,29.52,0.0,PROVISION,Close release Expected credit loss allowance,,,
2024-03,US01,Software,ECLCLOSE-2024-03-US01-Software,closing,3200_RETAINED_EARNINGS,0.0,29.52,PROVISION,Close release Expected credit loss allowance,,,
2024-04,DE01,Hardware,ECL-2024-04-DE01-Hardware,provision,6050_CREDIT_LOSS_EXPENSE,1074.88,0.0,PROVISION,Expected credit loss allowance,,,
2024-04,DE01,Hardware,ECL-2024-04-DE01-Hardware,provision,1190_CREDIT_LOSS_ALLOWANCE,0.0,1074.88,PROVISION,Expected credit loss allowance,,,
2024-04,DE01,Hardware,ECLCLOSE-2024-04-DE01-Hardware,closing,6050_CREDIT_LOSS_EXPENSE,0.0,1074.88,PROVISION,Close Expected credit loss allowance,,,
2024-04,DE01,Hardware,ECLCLOSE-2024-04-DE01-Hardware,closing,3200_RETAINED_EARNINGS,1074.88,0.0,PROVISION,Close Expected credit loss allowance,,,
2024-04,DE01,Software,ECL-2024-04-DE01-Software,provision_release,1190_CREDIT_LOSS_ALLOWANCE,37.1,0.0,PROVISION,Release Expected credit loss allowance,,,
2024-04,DE01,Software,ECL-2024-04-DE01-Software,provision_release,6050_CREDIT_LOSS_EXPENSE,0.0,37.1,PROVISION,Release Expected credit loss allowance,,,
2024-04,DE01,Software,ECLCLOSE-2024-04-DE01-Software,closing,6050_CREDIT_LOSS_EXPENSE,37.1,0.0,PROVISION,Close release Expected credit loss allowance,,,
2024-04,DE01,Software,ECLCLOSE-2024-04-DE01-Software,closing,3200_RETAINED_EARNINGS,0.0,37.1,PROVISION,Close release Expected credit loss allowance,,,
2024-04,ES01,Events,ECL-2024-04-ES01-Events,provision,6050_CREDIT_LOSS_EXPENSE,2948.78,0.0,PROVISION,Expected credit loss allowance,,,
2024-04,ES01,Events,ECL-2024-04-ES01-Events,provision,1190_CREDIT_LOSS_ALLOWANCE,0.0,2948.78,PROVISION,Expected credit loss allowance,,,
2024-04,ES01,Events,ECLCLOSE-2024-04-ES01-Events,closing,6050_CREDIT_LOSS_EXPENSE,0.0,2948.78,PROVISION,Close Expected credit loss allowance,,,
2024-04,ES01,Events,ECLCLOSE-2024-04-ES01-Events,closing,3200_RETAINED_EARNINGS,2948.78,0.0,PROVISION,Close Expected credit loss allowance,,,
2024-04,ES01,Hardware,ECL-2024-04-ES01-Hardware,provision_release,1190_CREDIT_LOSS_ALLOWANCE,38.56,0.0,PROVISION,Release Expected credit loss allowance,,,
2024-04,ES01,Hardware,ECL-2024-04-ES01-Hardware,provision_release,6050_CREDIT_LOSS_EXPENSE,0.0,38.56,PROVISION,Release Expected credit loss allowance,,,
2024-04,ES01,Hardware,ECLCLOSE-2024-04-ES01-Hardware,closing,6050_CREDIT_LOSS_EXPENSE,38.56,0.0,PROVISION,Close release Expected credit loss allowance,,,
2024-04,ES01,Hardware,ECLCLOSE-2024-04-ES01-Hardware,closing,3200_RETAINED_EARNINGS,0.0,38.56,PROVISION,Close release Expected credit loss allowance,,,
2024-04,ES01,Spare Parts,ECL-2024-04-ES01-SpareParts,provision,6050_CREDIT_LOSS_EXPENSE,148.63,0.0,PROVISION,Expected credit loss allowance,,,
2024-04,ES01,Spare Parts,ECL-2024-04-ES01-SpareParts,provision,1190_CREDIT_LOSS_ALLOWANCE,0.0,148.63,PROVISION,Expected credit loss allowance,,,
2024-04,ES01,Spare Parts,ECLCLOSE-2024-04-ES01-SpareParts,closing,6050_CREDIT_LOSS_EXPENSE,0.0,148.63,PROVISION,Close Expected credit loss allowance,,,
2024-04,ES01,Spare Parts,ECLCLOSE-2024-04-ES01-SpareParts,closing,3200_RETAINED_EARNINGS,148.63,0.0,PROVISION,Close Expected credit loss allowance,,,
2024-04,JP01,Hardware,ECL-2024-04-JP01-Hardware,provision,6050_CREDIT_LOSS_EXPENSE,556.97,0.0,PROVISION,Expected credit loss allowance,,,
2024-04,JP01,Hardware,ECL-2024-04-JP01-Hardware,provision,1190_CREDIT_LOSS_ALLOWANCE,0.0,556.97,PROVISION,Expected credit loss allowance,,,
2024-04,JP01,Hardware,ECLCLOSE-2024-04-JP01-Hardware,closing,6050_CREDIT_LOSS_EXPENSE,0.0,556.97,PROVISION,Close Expected credit loss allowance,,,
2024-04,JP01,Hardware,ECLCLOSE-2024-04-JP01-Hardware,closing,3200_RETAINED_EARNINGS,556.97,0.0,PROVISION,Close Expected credit loss allowance,,,
2024-04,JP01,Software,ECL-2024-04-JP01-Software,provision,6050_CREDIT_LOSS_EXPENSE,36.14,0.0,PROVISION,Expected credit loss allowance,,,
2024-04,JP01,Software,ECL-2024-04-JP01-Software,provision,1190_CREDIT_LOSS_ALLOWANCE,0.0,36.14,PROVISION,Expected credit loss allowance,,,
2024-04,JP01,Software,ECLCLOSE-2024-04-JP01-Software,closing,6050_CREDIT_LOSS_EXPENSE,0.0,36.14,PROVISION,Close Expected credit loss allowance,,,
2024-04,JP01,Software,ECLCLOSE-2024-04-JP01-Software,closing,3200_RETAINED_EARNINGS,36.14,0.0,PROVISION,Close Expected credit loss allowance,,,
2024-04,JP01,Spare Parts,ECL-2024-04-JP01-SpareParts,provision,6050_CREDIT_LOSS_EXPENSE,237.73,0.0,PROVISION,Expected credit loss allowance,,,
2024-04,JP01,Spare Parts,ECL-2024-04-JP01-SpareParts,provision,1190_CREDIT_LOSS_ALLOWANCE,0.0,237.73,PROVISION,Expected credit loss allowance,,,
2024-04,JP01,Spare Parts,ECLCLOSE-2024-04-JP01-SpareParts,closing,6050_CREDIT_LOSS_EXPENSE,0.0,237.73,PROVISION,Close Expected credit loss allowance,,,
2024-04,JP01,Spare Parts,ECLCLOSE-2024-04-JP01-SpareParts,closing,3200_RETAINED_EARNINGS,237.73,0.0,PROVISION,Close Expected credit loss allowance,,,
2024-04,US01,Events,ECL-2024-04-US01-Events,provision,6050_CREDIT_LOSS_EXPENSE,3751.36,0.0,PROVISION,Expected credit loss allowance,,,
2024-04,US01,Events,ECL-2024-04-US01-Events,provision,1190_CREDIT_LOSS_ALLOWANCE,0.0,3751.36,PROVISION,Expected credit loss allowance,,,
2024-04,US01,Events,ECLCLOSE-2024-04-US01-Events,closing,6050_CREDIT_LOSS_EXPENSE,0.0,3751.36,PROVISION,Close Expected credit loss allowance,,,
2024-04,US01,Events,ECLCLOSE-2024-04-US01-Events,closing,3200_RETAINED_EARNINGS,3751.36,0.0,PROVISION,Close Expected credit loss allowance,,,
2024-04,US01,Hardware,ECL-2024-04-US01-Hardware,provision,6050_CREDIT_LOSS_EXPENSE,717.92,0.0,PROVISION,Expected credit loss allowance,,,
2024-04,US01,Hardware,ECL-2024-04-US01-Hardware,provision,1190_CREDIT_LOSS_ALLOWANCE,0.0,717.92,PROVISION,Expected credit loss allowance,,,
2024-04,US01,Hardware,ECLCLOSE-2024-04-US01-Hardware,closing,6050_CREDIT_LOSS_EXPENSE,0.0,717.92,PROVISION,Close Expected credit loss allowance,,,
2024-04,US01,Hardware,ECLCLOSE-2024-04-US01-Hardware,closing,3200_RETAINED_EARNINGS,717.92,0.0,PROVISION,Close Expected credit loss allowance,,,
2024-04,US01,Software,ECL-2024-04-US01-Software,provision,6050_CREDIT_LOSS_EXPENSE,43.27,0.0,PROVISION,Expected credit loss allowance,,,
2024-04,US01,Software,ECL-2024-04-US01-Software,provision,1190_CREDIT_LOSS_ALLOWANCE,0.0,43.27,PROVISION,Expected credit loss allowance,,,
2024-04,US01,Software,ECLCLOSE-2024-04-US01-Software,closing,6050_CREDIT_LOSS_EXPENSE,0.0,43.27,PROVISION,Close Expected credit loss allowance,,,
2024-04,US01,Software,ECLCLOSE-2024-04-US01-Software,closing,3200_RETAINED_EARNINGS,43.27,0.0,PROVISION,Close Expected credit loss allowance,,,
2024-05,DE01,Hardware,ECL-2024-05-DE01-Hardware,provision_release,1190_CREDIT_LOSS_ALLOWANCE,307.46,0.0,PROVISION,Release Expected credit loss allowance,,,
2024-05,DE01,Hardware,ECL-2024-05-DE01-Hardware,provision_release,6050_CREDIT_LOSS_EXPENSE,0.0,307.46,PROVISION,Release Expected credit loss allowance,,,
2024-05,DE01,Hardware,ECLCLOSE-2024-05-DE01-Hardware,closing,6050_CREDIT_LOSS_EXPENSE,307.46,0.0,PROVISION,Close release Expected credit loss allowance,,,
2024-05,DE01,Hardware,ECLCLOSE-2024-05-DE01-Hardware,closing,3200_RETAINED_EARNINGS,0.0,307.46,PROVISION,Close release Expected credit loss allowance,,,
2024-05,DE01,Software,ECL-2024-05-DE01-Software,provision,6050_CREDIT_LOSS_EXPENSE,9.48,0.0,PROVISION,Expected credit loss allowance,,,
2024-05,DE01,Software,ECL-2024-05-DE01-Software,provision,1190_CREDIT_LOSS_ALLOWANCE,0.0,9.48,PROVISION,Expected credit loss allowance,,,
2024-05,DE01,Software,ECLCLOSE-2024-05-DE01-Software,closing,6050_CREDIT_LOSS_EXPENSE,0.0,9.48,PROVISION,Close Expected credit loss allowance,,,
2024-05,DE01,Software,ECLCLOSE-2024-05-DE01-Software,closing,3200_RETAINED_EARNINGS,9.48,0.0,PROVISION,Close Expected credit loss allowance,,,
2024-05,ES01,Events,ECL-2024-05-ES01-Events,provision_release,1190_CREDIT_LOSS_ALLOWANCE,2659.49,0.0,PROVISION,Release Expected credit loss allowance,,,
2024-05,ES01,Events,ECL-2024-05-ES01-Events,provision_release,6050_CREDIT_LOSS_EXPENSE,0.0,2659.49,PROVISION,Release Expected credit loss allowance,,,
2024-05,ES01,Events,ECLCLOSE-2024-05-ES01-Events,closing,6050_CREDIT_LOSS_EXPENSE,2659.49,0.0,PROVISION,Close release Expected credit loss allowance,,,
2024-05,ES01,Events,ECLCLOSE-2024-05-ES01-Events,closing,3200_RETAINED_EARNINGS,0.0,2659.49,PROVISION,Close release Expected credit loss allowance,,,
2024-05,ES01,Hardware,ECL-2024-05-ES01-Hardware,provision,6050_CREDIT_LOSS_EXPENSE,324.91,0.0,PROVISION,Expected credit loss allowance,,,
2024-05,ES01,Hardware,ECL-2024-05-ES01-Hardware,provision,1190_CREDIT_LOSS_ALLOWANCE,0.0,324.91,PROVISION,Expected credit loss allowance,,,
2024-05,ES01,Hardware,ECLCLOSE-2024-05-ES01-Hardware,closing,6050_CREDIT_LOSS_EXPENSE,0.0,324.91,PROVISION,Close Expected credit loss allowance,,,
2024-05,ES01,Hardware,ECLCLOSE-2024-05-ES01-Hardware,closing,3200_RETAINED_EARNINGS,324.91,0.0,PROVISION,Close Expected credit loss allowance,,,
2024-05,ES01,Spare Parts,ECL-2024-05-ES01-SpareParts,provision,6050_CREDIT_LOSS_EXPENSE,65.79,0.0,PROVISION,Expected credit loss allowance,,,
2024-05,ES01,Spare Parts,ECL-2024-05-ES01-SpareParts,provision,1190_CREDIT_LOSS_ALLOWANCE,0.0,65.79,PROVISION,Expected credit loss allowance,,,
2024-05,ES01,Spare Parts,ECLCLOSE-2024-05-ES01-SpareParts,closing,6050_CREDIT_LOSS_EXPENSE,0.0,65.79,PROVISION,Close Expected credit loss allowance,,,
2024-05,ES01,Spare Parts,ECLCLOSE-2024-05-ES01-SpareParts,closing,3200_RETAINED_EARNINGS,65.79,0.0,PROVISION,Close Expected credit loss allowance,,,
2024-05,JP01,Hardware,ECL-2024-05-JP01-Hardware,provision,6050_CREDIT_LOSS_EXPENSE,54.35,0.0,PROVISION,Expected credit loss allowance,,,
2024-05,JP01,Hardware,ECL-2024-05-JP01-Hardware,provision,1190_CREDIT_LOSS_ALLOWANCE,0.0,54.35,PROVISION,Expected credit loss allowance,,,
2024-05,JP01,Hardware,ECLCLOSE-2024-05-JP01-Hardware,closing,6050_CREDIT_LOSS_EXPENSE,0.0,54.35,PROVISION,Close Expected credit loss allowance,,,
2024-05,JP01,Hardware,ECLCLOSE-2024-05-JP01-Hardware,closing,3200_RETAINED_EARNINGS,54.35,0.0,PROVISION,Close Expected credit loss allowance,,,
2024-05,JP01,Software,ECL-2024-05-JP01-Software,provision_release,1190_CREDIT_LOSS_ALLOWANCE,28.02,0.0,PROVISION,Release Expected credit loss allowance,,,
2024-05,JP01,Software,ECL-2024-05-JP01-Software,provision_release,6050_CREDIT_LOSS_EXPENSE,0.0,28.02,PROVISION,Release Expected credit loss allowance,,,
2024-05,JP01,Software,ECLCLOSE-2024-05-JP01-Software,closing,6050_CREDIT_LOSS_EXPENSE,28.02,0.0,PROVISION,Close release Expected credit loss allowance,,,
2024-05,JP01,Software,ECLCLOSE-2024-05-JP01-Software,closing,3200_RETAINED_EARNINGS,0.0,28.02,PROVISION,Close release Expected credit loss allowance,,,
2024-05,JP01,Spare Parts,ECL-2024-05-JP01-SpareParts,provision,6050_CREDIT_LOSS_EXPENSE,38.68,0.0,PROVISION,Expected credit loss allowance,,,
2024-05,JP01,Spare Parts,ECL-2024-05-JP01-SpareParts,provision,1190_CREDIT_LOSS_ALLOWANCE,0.0,38.68,PROVISION,Expected credit loss allowance,,,
2024-05,JP01,Spare Parts,ECLCLOSE-2024-05-JP01-SpareParts,closing,6050_CREDIT_LOSS_EXPENSE,0.0,38.68,PROVISION,Close Expected credit loss allowance,,,
2024-05,JP01,Spare Parts,ECLCLOSE-2024-05-JP01-SpareParts,closing,3200_RETAINED_EARNINGS,38.68,0.0,PROVISION,Close Expected credit loss allowance,,,
2024-05,US01,Events,ECL-2024-05-US01-Events,provision_release,1190_CREDIT_LOSS_ALLOWANCE,425.79,0.0,PROVISION,Release Expected credit loss allowance,,,
2024-05,US01,Events,ECL-2024-05-US01-Events,provision_release,6050_CREDIT_LOSS_EXPENSE,0.0,425.79,PROVISION,Release Expected credit loss allowance,,,
2024-05,US01,Events,ECLCLOSE-2024-05-US01-Events,closing,6050_CREDIT_LOSS_EXPENSE,425.79,0.0,PROVISION,Close release Expected credit loss allowance,,,
2024-05,US01,Events,ECLCLOSE-2024-05-US01-Events,closing,3200_RETAINED_EARNINGS,0.0,425.79,PROVISION,Close release Expected credit loss allowance,,,
2024-05,US01,Hardware,ECL-2024-05-US01-Hardware,provision,6050_CREDIT_LOSS_EXPENSE,181.73,0.0,PROVISION,Expected credit loss allowance,,,
2024-05,US01,Hardware,ECL-2024-05-US01-Hardware,provision,1190_CREDIT_LOSS_ALLOWANCE,0.0,181.73,PROVISION,Expected credit loss allowance,,,
2024-05,US01,Hardware,ECLCLOSE-2024-05-US01-Hardware,closing,6050_CREDIT_LOSS_EXPENSE,0.0,181.73,PROVISION,Close Expected credit loss allowance,,,
2024-05,US01,Hardware,ECLCLOSE-2024-05-US01-Hardware,closing,3200_RETAINED_EARNINGS,181.73,0.0,PROVISION,Close Expected credit loss allowance,,,
2024-05,US01,Software,ECL-2024-05-US01-Software,provision_release,1190_CREDIT_LOSS_ALLOWANCE,27.32,0.0,PROVISION,Release Expected credit loss allowance,,,
2024-05,US01,Software,ECL-2024-05-US01-Software,provision_release,6050_CREDIT_LOSS_EXPENSE,0.0,27.32,PROVISION,Release Expected credit loss allowance,,,
2024-05,US01,Software,ECLCLOSE-2024-05-US01-Software,closing,6050_CREDIT_LOSS_EXPENSE,27.32,0.0,PROVISION,Close release Expected credit loss allowance,,,
2024-05,US01,Software,ECLCLOSE-2024-05-US01-Software,closing,3200_RETAINED_EARNINGS,0.0,27.32,PROVISION,Close release Expected credit loss allowance,,,
2024-06,DE01,Hardware,ECL-2024-06-DE01-Hardware,provision,6050_CREDIT_LOSS_EXPENSE,1373.07,0.0,PROVISION,Expected credit loss allowance,,,
2024-06,DE01,Hardware,ECL-2024-06-DE01-Hardware,provision,1190_CREDIT_LOSS_ALLOWANCE,0.0,1373.07,PROVISION,Expected credit loss allowance,,,
2024-06,DE01,Hardware,ECLCLOSE-2024-06-DE01-Hardware,closing,6050_CREDIT_LOSS_EXPENSE,0.0,1373.07,PROVISION,Close Expected credit loss allowance,,,
2024-06,DE01,Hardware,ECLCLOSE-2024-06-DE01-Hardware,closing,3200_RETAINED_EARNINGS,1373.07,0.0,PROVISION,Close Expected credit loss allowance,,,
2024-06,DE01,Software,ECL-2024-06-DE01-Software,provision,6050_CREDIT_LOSS_EXPENSE,12.08,0.0,PROVISION,Expected credit loss allowance,,,
2024-06,DE01,Software,ECL-2024-06-DE01-Software,provision,1190_CREDIT_LOSS_ALLOWANCE,0.0,12.08,PROVISION,Expected credit loss allowance,,,
2024-06,DE01,Software,ECLCLOSE-2024-06-DE01-Software,closing,6050_CREDIT_LOSS_EXPENSE,0.0,12.08,PROVISION,Close Expected credit loss allowance,,,
2024-06,DE01,Software,ECLCLOSE-2024-06-DE01-Software,closing,3200_RETAINED_EARNINGS,12.08,0.0,PROVISION,Close Expected credit loss allowance,,,
2024-06,ES01,Events,ECL-2024-06-ES01-Events,provision_release,1190_CREDIT_LOSS_ALLOWANCE,603.86,0.0,PROVISION,Release Expected credit loss allowance,,,
2024-06,ES01,Events,ECL-2024-06-ES01-Events,provision_release,6050_CREDIT_LOSS_EXPENSE,0.0,603.86,PROVISION,Release Expected credit loss allowance,,,
2024-06,ES01,Events,ECLCLOSE-2024-06-ES01-Events,closing,6050_CREDIT_LOSS_EXPENSE,603.86,0.0,PROVISION,Close release Expected credit loss allowance,,,
2024-06,ES01,Events,ECLCLOSE-2024-06-ES01-Events,closing,3200_RETAINED_EARNINGS,0.0,603.86,PROVISION,Close release Expected credit loss allowance,,,
2024-06,ES01,Hardware,ECL-2024-06-ES01-Hardware,provision,6050_CREDIT_LOSS_EXPENSE,424.15,0.0,PROVISION,Expected credit loss allowance,,,
2024-06,ES01,Hardware,ECL-2024-06-ES01-Hardware,provision,1190_CREDIT_LOSS_ALLOWANCE,0.0,424.15,PROVISION,Expected credit loss allowance,,,
2024-06,ES01,Hardware,ECLCLOSE-2024-06-ES01-Hardware,closing,6050_CREDIT_LOSS_EXPENSE,0.0,424.15,PROVISION,Close Expected credit loss allowance,,,
2024-06,ES01,Hardware,ECLCLOSE-2024-06-ES01-Hardware,closing,3200_RETAINED_EARNINGS,424.15,0.0,PROVISION,Close Expected credit loss allowance,,,
2024-06,ES01,Spare Parts,ECL-2024-06-ES01-SpareParts,provision,6050_CREDIT_LOSS_EXPENSE,170.38,0.0,PROVISION,Expected credit loss allowance,,,
2024-06,ES01,Spare Parts,ECL-2024-06-ES01-SpareParts,provision,1190_CREDIT_LOSS_ALLOWANCE,0.0,170.38,PROVISION,Expected credit loss allowance,,,
2024-06,ES01,Spare Parts,ECLCLOSE-2024-06-ES01-SpareParts,closing,6050_CREDIT_LOSS_EXPENSE,0.0,170.38,PROVISION,Close Expected credit loss allowance,,,
2024-06,ES01,Spare Parts,ECLCLOSE-2024-06-ES01-SpareParts,closing,3200_RETAINED_EARNINGS,170.38,0.0,PROVISION,Close Expected credit loss allowance,,,
2024-06,JP01,Hardware,ECL-2024-06-JP01-Hardware,provision,6050_CREDIT_LOSS_EXPENSE,792.6,0.0,PROVISION,Expected credit loss allowance,,,
2024-06,JP01,Hardware,ECL-2024-06-JP01-Hardware,provision,1190_CREDIT_LOSS_ALLOWANCE,0.0,792.6,PROVISION,Expected credit loss allowance,,,
2024-06,JP01,Hardware,ECLCLOSE-2024-06-JP01-Hardware,closing,6050_CREDIT_LOSS_EXPENSE,0.0,792.6,PROVISION,Close Expected credit loss allowance,,,
2024-06,JP01,Hardware,ECLCLOSE-2024-06-JP01-Hardware,closing,3200_RETAINED_EARNINGS,792.6,0.0,PROVISION,Close Expected credit loss allowance,,,
2024-06,JP01,Software,ECL-2024-06-JP01-Software,provision_release,1190_CREDIT_LOSS_ALLOWANCE,11.55,0.0,PROVISION,Release Expected credit loss allowance,,,
2024-06,JP01,Software,ECL-2024-06-JP01-Software,provision_release,6050_CREDIT_LOSS_EXPENSE,0.0,11.55,PROVISION,Release Expected credit loss allowance,,,
2024-06,JP01,Software,ECLCLOSE-2024-06-JP01-Software,closing,6050_CREDIT_LOSS_EXPENSE,11.55,0.0,PROVISION,Close release Expected credit loss allowance,,,
2024-06,JP01,Software,ECLCLOSE-2024-06-JP01-Software,closing,3200_RETAINED_EARNINGS,0.0,11.55,PROVISION,Close release Expected credit loss allowance,,,
2024-06,JP01,Spare Parts,ECL-2024-06-JP01-SpareParts,provision,6050_CREDIT_LOSS_EXPENSE,307.2,0.0,PROVISION,Expected credit loss allowance,,,
2024-06,JP01,Spare Parts,ECL-2024-06-JP01-SpareParts,provision,1190_CREDIT_LOSS_ALLOWANCE,0.0,307.2,PROVISION,Expected credit loss allowance,,,
2024-06,JP01,Spare Parts,ECLCLOSE-2024-06-JP01-SpareParts,closing,6050_CREDIT_LOSS_EXPENSE,0.0,307.2,PROVISION,Close Expected credit loss allowance,,,
2024-06,JP01,Spare Parts,ECLCLOSE-2024-06-JP01-SpareParts,closing,3200_RETAINED_EARNINGS,307.2,0.0,PROVISION,Close Expected credit loss allowance,,,
2024-06,US01,Events,ECL-2024-06-US01-Events,provision_release,1190_CREDIT_LOSS_ALLOWANCE,791.94,0.0,PROVISION,Release Expected credit loss allowance,,,
2024-06,US01,Events,ECL-2024-06-US01-Events,provision_release,6050_CREDIT_LOSS_EXPENSE,0.0,791.94,PROVISION,Release Expected credit loss allowance,,,
2024-06,US01,Events,ECLCLOSE-2024-06-US01-Events,closing,6050_CREDIT_LOSS_EXPENSE,791.94,0.0,PROVISION,Close release Expected credit loss allowance,,,
2024-06,US01,Events,ECLCLOSE-2024-06-US01-Events,closing,3200_RETAINED_EARNINGS,0.0,791.94,PROVISION,Close release Expected credit loss allowance,,,
2024-06,US01,Hardware,ECL-2024-06-US01-Hardware,provision,6050_CREDIT_LOSS_EXPENSE,588.81,0.0,PROVISION,Expected credit loss allowance,,,
2024-06,US01,Hardware,ECL-2024-06-US01-Hardware,provision,1190_CREDIT_LOSS_ALLOWANCE,0.0,588.81,PROVISION,Expected credit loss allowance,,,
2024-06,US01,Hardware,ECLCLOSE-2024-06-US01-Hardware,closing,6050_CREDIT_LOSS_EXPENSE,0.0,588.81,PROVISION,Close Expected credit loss allowance,,,
2024-06,US01,Hardware,ECLCLOSE-2024-06-US01-Hardware,closing,3200_RETAINED_EARNINGS,588.81,0.0,PROVISION,Close Expected credit loss allowance,,,
2024-06,US01,Software,ECL-2024-06-US01-Software,provision,6050_CREDIT_LOSS_EXPENSE,13.23,0.0,PROVISION,Expected credit loss allowance,,,
2024-06,US01,Software,ECL-2024-06-US01-Software,provision,1190_CREDIT_LOSS_ALLOWANCE,0.0,13.23,PROVISION,Expected credit loss allowance,,,
2024-06,US01,Software,ECLCLOSE-2024-06-US01-Software,closing,6050_CREDIT_LOSS_EXPENSE,0.0,13.23,PROVISION,Close Expected credit loss allowance,,,
2024-06,US01,Software,ECLCLOSE-2024-06-US01-Software,closing,3200_RETAINED_EARNINGS,13.23,0.0,PROVISION,Close Expected credit loss allowance,,,
2024-07,DE01,Hardware,ECL-2024-07-DE01-Hardware,provision_release,1190_CREDIT_LOSS_ALLOWANCE,1240.61,0.0,PROVISION,Release Expected credit loss allowance,,,
2024-07,DE01,Hardware,ECL-2024-07-DE01-Hardware,provision_release,6050_CREDIT_LOSS_EXPENSE,0.0,1240.61,PROVISION,Release Expected credit loss allowance,,,
2024-07,DE01,Hardware,ECLCLOSE-2024-07-DE01-Hardware,closing,6050_CREDIT_LOSS_EXPENSE,1240.61,0.0,PROVISION,Close release Expected credit loss allowance,,,
2024-07,DE01,Hardware,ECLCLOSE-2024-07-DE01-Hardware,closing,3200_RETAINED_EARNINGS,0.0,1240.61,PROVISION,Close release Expected credit loss allowance,,,
2024-07,DE01,Software,ECL-2024-07-DE01-Software,provision,6050_CREDIT_LOSS_EXPENSE,53.83,0.0,PROVISION,Expected credit loss allowance,,,
2024-07,DE01,Software,ECL-2024-07-DE01-Software,provision,1190_CREDIT_LOSS_ALLOWANCE,0.0,53.83,PROVISION,Expected credit loss allowance,,,
2024-07,DE01,Software,ECLCLOSE-2024-07-DE01-Software,closing,6050_CREDIT_LOSS_EXPENSE,0.0,53.83,PROVISION,Close Expected credit loss allowance,,,
2024-07,DE01,Software,ECLCLOSE-2024-07-DE01-Software,closing,3200_RETAINED_EARNINGS,53.83,0.0,PROVISION,Close Expected credit loss allowance,,,
2024-07,ES01,Events,ECL-2024-07-ES01-Events,provision,6050_CREDIT_LOSS_EXPENSE,1552.17,0.0,PROVISION,Expected credit loss allowance,,,
2024-07,ES01,Events,ECL-2024-07-ES01-Events,provision,1190_CREDIT_LOSS_ALLOWANCE,0.0,1552.17,PROVISION,Expected credit loss allowance,,,
2024-07,ES01,Events,ECLCLOSE-2024-07-ES01-Events,closing,6050_CREDIT_LOSS_EXPENSE,0.0,1552.17,PROVISION,Close Expected credit loss allowance,,,
2024-07,ES01,Events,ECLCLOSE-2024-07-ES01-Events,closing,3200_RETAINED_EARNINGS,1552.17,0.0,PROVISION,Close Expected credit loss allowance,,,
2024-07,ES01,Hardware,ECL-2024-07-ES01-Hardware,provision_release,1190_CREDIT_LOSS_ALLOWANCE,805.66,0.0,PROVISION,Release Expected credit loss allowance,,,
2024-07,ES01,Hardware,ECL-2024-07-ES01-Hardware,provision_release,6050_CREDIT_LOSS_EXPENSE,0.0,805.66,PROVISION,Release Expected credit loss allowance,,,
2024-07,ES01,Hardware,ECLCLOSE-2024-07-ES01-Hardware,closing,6050_CREDIT_LOSS_EXPENSE,805.66,0.0,PROVISION,Close release Expected credit loss allowance,,,
2024-07,ES01,Hardware,ECLCLOSE-2024-07-ES01-Hardware,closing,3200_RETAINED_EARNINGS,0.0,805.66,PROVISION,Close release Expected credit loss allowance,,,
2024-07,ES01,Spare Parts,ECL-2024-07-ES01-SpareParts,provision_release,1190_CREDIT_LOSS_ALLOWANCE,465.09,0.0,PROVISION,Release Expected credit loss allowance,,,
2024-07,ES01,Spare Parts,ECL-2024-07-ES01-SpareParts,provision_release,6050_CREDIT_LOSS_EXPENSE,0.0,465.09,PROVISION,Release Expected credit loss allowance,,,
2024-07,ES01,Spare Parts,ECLCLOSE-2024-07-ES01-SpareParts,closing,6050_CREDIT_LOSS_EXPENSE,465.09,0.0,PROVISION,Close release Expected credit loss allowance,,,
2024-07,ES01,Spare Parts,ECLCLOSE-2024-07-ES01-SpareParts,closing,3200_RETAINED_EARNINGS,0.0,465.09,PROVISION,Close release Expected credit loss allowance,,,
2024-07,JP01,Hardware,ECL-2024-07-JP01-Hardware,provision_release,1190_CREDIT_LOSS_ALLOWANCE,1526.71,0.0,PROVISION,Release Expected credit loss allowance,,,
2024-07,JP01,Hardware,ECL-2024-07-JP01-Hardware,provision_release,6050_CREDIT_LOSS_EXPENSE,0.0,1526.71,PROVISION,Release Expected credit loss allowance,,,
2024-07,JP01,Hardware,ECLCLOSE-2024-07-JP01-Hardware,closing,6050_CREDIT_LOSS_EXPENSE,1526.71,0.0,PROVISION,Close release Expected credit loss allowance,,,
2024-07,JP01,Hardware,ECLCLOSE-2024-07-JP01-Hardware,closing,3200_RETAINED_EARNINGS,0.0,1526.71,PROVISION,Close release Expected credit loss allowance,,,
2024-07,JP01,Software,ECL-2024-07-JP01-Software,provision,6050_CREDIT_LOSS_EXPENSE,47.77,0.0,PROVISION,Expected credit loss allowance,,,
2024-07,JP01,Software,ECL-2024-07-JP01-Software,provision,1190_CREDIT_LOSS_ALLOWANCE,0.0,47.77,PROVISION,Expected credit loss allowance,,,
2024-07,JP01,Software,ECLCLOSE-2024-07-JP01-Software,closing,6050_CREDIT_LOSS_EXPENSE,0.0,47.77,PROVISION,Close Expected credit loss allowance,,,
2024-07,JP01,Software,ECLCLOSE-2024-07-JP01-Software,closing,3200_RETAINED_EARNINGS,47.77,0.0,PROVISION,Close Expected credit loss allowance,,,
2024-07,JP01,Spare Parts,ECL-2024-07-JP01-SpareParts,provision_release,1190_CREDIT_LOSS_ALLOWANCE,714.69,0.0,PROVISION,Release Expected credit loss allowance,,,
2024-07,JP01,Spare Parts,ECL-2024-07-JP01-SpareParts,provision_release,6050_CREDIT_LOSS_EXPENSE,0.0,714.69,PROVISION,Release Expected credit loss allowance,,,
2024-07,JP01,Spare Parts,ECLCLOSE-2024-07-JP01-SpareParts,closing,6050_CREDIT_LOSS_EXPENSE,714.69,0.0,PROVISION,Close release Expected credit loss allowance,,,
2024-07,JP01,Spare Parts,ECLCLOSE-2024-07-JP01-SpareParts,closing,3200_RETAINED_EARNINGS,0.0,714.69,PROVISION,Close release Expected credit loss allowance,,,
2024-07,US01,Events,ECL-2024-07-US01-Events,provision_release,1190_CREDIT_LOSS_ALLOWANCE,422.32,0.0,PROVISION,Release Expected credit loss allowance,,,
2024-07,US01,Events,ECL-2024-07-US01-Events,provision_release,6050_CREDIT_LOSS_EXPENSE,0.0,422.32,PROVISION,Release Expected credit loss allowance,,,
2024-07,US01,Events,ECLCLOSE-2024-07-US01-Events,closing,6050_CREDIT_LOSS_EXPENSE,422.32,0.0,PROVISION,Close release Expected credit loss allowance,,,
2024-07,US01,Events,ECLCLOSE-2024-07-US01-Events,closing,3200_RETAINED_EARNINGS,0.0,422.32,PROVISION,Close release Expected credit loss allowance,,,
2024-07,US01,Hardware,ECL-2024-07-US01-Hardware,provision_release,1190_CREDIT_LOSS_ALLOWANCE,1605.81,0.0,PROVISION,Release Expected credit loss allowance,,,
2024-07,US01,Hardware,ECL-2024-07-US01-Hardware,provision_release,6050_CREDIT_LOSS_EXPENSE,0.0,1605.81,PROVISION,Release Expected credit loss allowance,,,
2024-07,US01,Hardware,ECLCLOSE-2024-07-US01-Hardware,closing,6050_CREDIT_LOSS_EXPENSE,1605.81,0.0,PROVISION,Close release Expected credit loss allowance,,,
2024-07,US01,Hardware,ECLCLOSE-2024-07-US01-Hardware,closing,3200_RETAINED_EARNINGS,0.0,1605.81,PROVISION,Close release Expected credit loss allowance,,,
2024-07,US01,Software,ECL-2024-07-US01-Software,provision,6050_CREDIT_LOSS_EXPENSE,70.79,0.0,PROVISION,Expected credit loss allowance,,,
2024-07,US01,Software,ECL-2024-07-US01-Software,provision,1190_CREDIT_LOSS_ALLOWANCE,0.0,70.79,PROVISION,Expected credit loss allowance,,,
2024-07,US01,Software,ECLCLOSE-2024-07-US01-Software,closing,6050_CREDIT_LOSS_EXPENSE,0.0,70.79,PROVISION,Close Expected credit loss allowance,,,
2024-07,US01,Software,ECLCLOSE-2024-07-US01-Software,closing,3200_RETAINED_EARNINGS,70.79,0.0,PROVISION,Close Expected credit loss allowance,,,
2024-08,DE01,Hardware,ECL-2024-08-DE01-Hardware,provision_release,1190_CREDIT_LOSS_ALLOWANCE,1345.21,0.0,PROVISION,Release Expected credit loss allowance,,,
2024-08,DE01,Hardware,ECL-2024-08-DE01-Hardware,provision_release,6050_CREDIT_LOSS_EXPENSE,0.0,1345.21,PROVISION,Release Expected credit loss allowance,,,
2024-08,DE01,Hardware,ECLCLOSE-2024-08-DE01-Hardware,closing,6050_CREDIT_LOSS_EXPENSE,1345.21,0.0,PROVISION,Close release Expected credit loss allowance,,,
2024-08,DE01,Hardware,ECLCLOSE-2024-08-DE01-Hardware,closing,3200_RETAINED_EARNINGS,0.0,1345.21,PROVISION,Close release Expected credit loss allowance,,,
2024-08,DE01,Software,ECL-2024-08-DE01-Software,provision,6050_CREDIT_LOSS_EXPENSE,25.44,0.0,PROVISION,Expected credit loss allowance,,,
2024-08,DE01,Software,ECL-2024-08-DE01-Software,provision,1190_CREDIT_LOSS_ALLOWANCE,0.0,25.44,PROVISION,Expected credit loss allowance,,,
2024-08,DE01,Software,ECLCLOSE-2024-08-DE01-Software,closing,6050_CREDIT_LOSS_EXPENSE,0.0,25.44,PROVISION,Close Expected credit loss allowance,,,
2024-08,DE01,Software,ECLCLOSE-2024-08-DE01-Software,closing,3200_RETAINED_EARNINGS,25.44,0.0,PROVISION,Close Expected credit loss allowance,,,
2024-08,ES01,Events,ECL-2024-08-ES01-Events,provision,6050_CREDIT_LOSS_EXPENSE,444.03,0.0,PROVISION,Expected credit loss allowance,,,
2024-08,ES01,Events,ECL-2024-08-ES01-Events,provision,1190_CREDIT_LOSS_ALLOWANCE,0.0,444.03,PROVISION,Expected credit loss allowance,,,
2024-08,ES01,Events,ECLCLOSE-2024-08-ES01-Events,closing,6050_CREDIT_LOSS_EXPENSE,0.0,444.03,PROVISION,Close Expected credit loss allowance,,,
2024-08,ES01,Events,ECLCLOSE-2024-08-ES01-Events,closing,3200_RETAINED_EARNINGS,444.03,0.0,PROVISION,Close Expected credit loss allowance,,,
2024-08,ES01,Hardware,ECL-2024-08-ES01-Hardware,provision_release,1190_CREDIT_LOSS_ALLOWANCE,1612.85,0.0,PROVISION,Release Expected credit loss allowance,,,
2024-08,ES01,Hardware,ECL-2024-08-ES01-Hardware,provision_release,6050_CREDIT_LOSS_EXPENSE,0.0,1612.85,PROVISION,Release Expected credit loss allowance,,,
2024-08,ES01,Hardware,ECLCLOSE-2024-08-ES01-Hardware,closing,6050_CREDIT_LOSS_EXPENSE,1612.85,0.0,PROVISION,Close release Expected credit loss allowance,,,
2024-08,ES01,Hardware,ECLCLOSE-2024-08-ES01-Hardware,closing,3200_RETAINED_EARNINGS,0.0,1612.85,PROVISION,Close release Expected credit loss allowance,,,
2024-08,ES01,Spare Parts,ECL-2024-08-ES01-SpareParts,provision_release,1190_CREDIT_LOSS_ALLOWANCE,659.45,0.0,PROVISION,Release Expected credit loss allowance,,,
2024-08,ES01,Spare Parts,ECL-2024-08-ES01-SpareParts,provision_release,6050_CREDIT_LOSS_EXPENSE,0.0,659.45,PROVISION,Release Expected credit loss allowance,,,
2024-08,ES01,Spare Parts,ECLCLOSE-2024-08-ES01-SpareParts,closing,6050_CREDIT_LOSS_EXPENSE,659.45,0.0,PROVISION,Close release Expected credit loss allowance,,,
2024-08,ES01,Spare Parts,ECLCLOSE-2024-08-ES01-SpareParts,closing,3200_RETAINED_EARNINGS,0.0,659.45,PROVISION,Close release Expected credit loss allowance,,,
2024-08,JP01,Hardware,ECL-2024-08-JP01-Hardware,provision_release,1190_CREDIT_LOSS_ALLOWANCE,3054.97,0.0,PROVISION,Release Expected credit loss allowance,,,
2024-08,JP01,Hardware,ECL-2024-08-JP01-Hardware,provision_release,6050_CREDIT_LOSS_EXPENSE,0.0,3054.97,PROVISION,Release Expected credit loss allowance,,,
2024-08,JP01,Hardware,ECLCLOSE-2024-08-JP01-Hardware,closing,6050_CREDIT_LOSS_EXPENSE,3054.97,0.0,PROVISION,Close release Expected credit loss allowance,,,
2024-08,JP01,Hardware,ECLCLOSE-2024-08-JP01-Hardware,closing,3200_RETAINED_EARNINGS,0.0,3054.97,PROVISION,Close release Expected credit loss allowance,,,
2024-08,JP01,Software,ECL-2024-08-JP01-Software,provision_release,1190_CREDIT_LOSS_ALLOWANCE,5.27,0.0,PROVISION,Release Expected credit loss allowance,,,
2024-08,JP01,Software,ECL-2024-08-JP01-Software,provision_release,6050_CREDIT_LOSS_EXPENSE,0.0,5.27,PROVISION,Release Expected credit loss allowance,,,
2024-08,JP01,Software,ECLCLOSE-2024-08-JP01-Software,closing,6050_CREDIT_LOSS_EXPENSE,5.27,0.0,PROVISION,Close release Expected credit loss allowance,,,
2024-08,JP01,Software,ECLCLOSE-2024-08-JP01-Software,closing,3200_RETAINED_EARNINGS,0.0,5.27,PROVISION,Close release Expected credit loss allowance,,,
2024-08,JP01,Spare Parts,ECL-2024-08-JP01-SpareParts,provision_release,1190_CREDIT_LOSS_ALLOWANCE,804.53,0.0,PROVISION,Release Expected credit loss allowance,,,
2024-08,JP01,Spare Parts,ECL-2024-08-JP01-SpareParts,provision_release,6050_CREDIT_LOSS_EXPENSE,0.0,804.53,PROVISION,Release Expected credit loss allowance,,,
2024-08,JP01,Spare Parts,ECLCLOSE-2024-08-JP01-SpareParts,closing,6050_CREDIT_LOSS_EXPENSE,804.53,0.0,PROVISION,Close release Expected credit loss allowance,,,
2024-08,JP01,Spare Parts,ECLCLOSE-2024-08-JP01-SpareParts,closing,3200_RETAINED_EARNINGS,0.0,804.53,PROVISION,Close release Expected credit loss allowance,,,
2024-08,US01,Events,ECL-2024-08-US01-Events,provision,6050_CREDIT_LOSS_EXPENSE,1819.38,0.0,PROVISION,Expected credit loss allowance,,,
2024-08,US01,Events,ECL-2024-08-US01-Events,provision,1190_CREDIT_LOSS_ALLOWANCE,0.0,1819.38,PROVISION,Expected credit loss allowance,,,
2024-08,US01,Events,ECLCLOSE-2024-08-US01-Events,closing,6050_CREDIT_LOSS_EXPENSE,0.0,1819.38,PROVISION,Close Expected credit loss allowance,,,
2024-08,US01,Events,ECLCLOSE-2024-08-US01-Events,closing,3200_RETAINED_EARNINGS,1819.38,0.0,PROVISION,Close Expected credit loss allowance,,,
2024-08,US01,Hardware,ECL-2024-08-US01-Hardware,provision_release,1190_CREDIT_LOSS_ALLOWANCE,2221.8,0.0,PROVISION,Release Expected credit loss allowance,,,
2024-08,US01,Hardware,ECL-2024-08-US01-Hardware,provision_release,6050_CREDIT_LOSS_EXPENSE,0.0,2221.8,PROVISION,Release Expected credit loss allowance,,,
2024-08,US01,Hardware,ECLCLOSE-2024-08-US01-Hardware,closing,6050_CREDIT_LOSS_EXPENSE,2221.8,0.0,PROVISION,Close release Expected credit loss allowance,,,
2024-08,US01,Hardware,ECLCLOSE-2024-08-US01-Hardware,closing,3200_RETAINED_EARNINGS,0.0,2221.8,PROVISION,Close release Expected credit loss allowance,,,
2024-08,US01,Software,ECL-2024-08-US01-Software,provision,6050_CREDIT_LOSS_EXPENSE,4.83,0.0,PROVISION,Expected credit loss allowance,,,
2024-08,US01,Software,ECL-2024-08-US01-Software,provision,1190_CREDIT_LOSS_ALLOWANCE,0.0,4.83,PROVISION,Expected credit loss allowance,,,
2024-08,US01,Software,ECLCLOSE-2024-08-US01-Software,closing,6050_CREDIT_LOSS_EXPENSE,0.0,4.83,PROVISION,Close Expected credit loss allowance,,,
2024-08,US01,Software,ECLCLOSE-2024-08-US01-Software,closing,3200_RETAINED_EARNINGS,4.83,0.0,PROVISION,Close Expected credit loss allowance,,,
2024-09,DE01,Hardware,ECL-2024-09-DE01-Hardware,provision,6050_CREDIT_LOSS_EXPENSE,1946.94,0.0,PROVISION,Expected credit loss allowance,,,
2024-09,DE01,Hardware,ECL-2024-09-DE01-Hardware,provision,1190_CREDIT_LOSS_ALLOWANCE,0.0,1946.94,PROVISION,Expected credit loss allowance,,,
2024-09,DE01,Hardware,ECLCLOSE-2024-09-DE01-Hardware,closing,6050_CREDIT_LOSS_EXPENSE,0.0,1946.94,PROVISION,Close Expected credit loss allowance,,,
2024-09,DE01,Hardware,ECLCLOSE-2024-09-DE01-Hardware,closing,3200_RETAINED_EARNINGS,1946.94,0.0,PROVISION,Close Expected credit loss allowance,,,
2024-09,DE01,Software,ECL-2024-09-DE01-Software,provision_release,1190_CREDIT_LOSS_ALLOWANCE,5.05,0.0,PROVISION,Release Expected credit loss allowance,,,
2024-09,DE01,Software,ECL-2024-09-DE01-Software,provision_release,6050_CREDIT_LOSS_EXPENSE,0.0,5.05,PROVISION,Release Expected credit loss allowance,,,
2024-09,DE01,Software,ECLCLOSE-2024-09-DE01-Software,closing,6050_CREDIT_LOSS_EXPENSE,5.05,0.0,PROVISION,Close release Expected credit loss allowance,,,
2024-09,DE01,Software,ECLCLOSE-2024-09-DE01-Software,closing,3200_RETAINED_EARNINGS,0.0,5.05,PROVISION,Close release Expected credit loss allowance,,,
2024-09,ES01,Events,ECL-2024-09-ES01-Events,provision_release,1190_CREDIT_LOSS_ALLOWANCE,1070.83,0.0,PROVISION,Release Expected credit loss allowance,,,
2024-09,ES01,Events,ECL-2024-09-ES01-Events,provision_release,6050_CREDIT_LOSS_EXPENSE,0.0,1070.83,PROVISION,Release Expected credit loss allowance,,,
2024-09,ES01,Events,ECLCLOSE-2024-09-ES01-Events,closing,6050_CREDIT_LOSS_EXPENSE,1070.83,0.0,PROVISION,Close release Expected credit loss allowance,,,
2024-09,ES01,Events,ECLCLOSE-2024-09-ES01-Events,closing,3200_RETAINED_EARNINGS,0.0,1070.83,PROVISION,Close release Expected credit loss allowance,,,
2024-09,ES01,Hardware,ECL-2024-09-ES01-Hardware,provision,6050_CREDIT_LOSS_EXPENSE,4779.55,0.0,PROVISION,Expected credit loss allowance,,,
2024-09,ES01,Hardware,ECL-2024-09-ES01-Hardware,provision,1190_CREDIT_LOSS_ALLOWANCE,0.0,4779.55,PROVISION,Expected credit loss allowance,,,
2024-09,ES01,Hardware,ECLCLOSE-2024-09-ES01-Hardware,closing,6050_CREDIT_LOSS_EXPENSE,0.0,4779.55,PROVISION,Close Expected credit loss allowance,,,
2024-09,ES01,Hardware,ECLCLOSE-2024-09-ES01-Hardware,closing,3200_RETAINED_EARNINGS,4779.55,0.0,PROVISION,Close Expected credit loss allowance,,,
2024-09,ES01,Spare Parts,ECL-2024-09-ES01-SpareParts,provision,6050_CREDIT_LOSS_EXPENSE,1074.05,0.0,PROVISION,Expected credit loss allowance,,,
2024-09,ES01,Spare Parts,ECL-2024-09-ES01-SpareParts,provision,1190_CREDIT_LOSS_ALLOWANCE,0.0,1074.05,PROVISION,Expected credit loss allowance,,,
2024-09,ES01,Spare Parts,ECLCLOSE-2024-09-ES01-SpareParts,closing,6050_CREDIT_LOSS_EXPENSE,0.0,1074.05,PROVISION,Close Expected credit loss allowance,,,
2024-09,ES01,Spare Parts,ECLCLOSE-2024-09-ES01-SpareParts,closing,3200_RETAINED_EARNINGS,1074.05,0.0,PROVISION,Close Expected credit loss allowance,,,
2024-09,JP01,Hardware,ECL-2024-09-JP01-Hardware,provision,6050_CREDIT_LOSS_EXPENSE,9540.27,0.0,PROVISION,Expected credit loss allowance,,,
2024-09,JP01,Hardware,ECL-2024-09-JP01-Hardware,provision,1190_CREDIT_LOSS_ALLOWANCE,0.0,9540.27,PROVISION,Expected credit loss allowance,,,
2024-09,JP01,Hardware,ECLCLOSE-2024-09-JP01-Hardware,closing,6050_CREDIT_LOSS_EXPENSE,0.0,9540.27,PROVISION,Close Expected credit loss allowance,,,
2024-09,JP01,Hardware,ECLCLOSE-2024-09-JP01-Hardware,closing,3200_RETAINED_EARNINGS,9540.27,0.0,PROVISION,Close Expected credit loss allowance,,,
2024-09,JP01,Software,ECL-2024-09-JP01-Software,provision_release,1190_CREDIT_LOSS_ALLOWANCE,9.13,0.0,PROVISION,Release Expected credit loss allowance,,,
2024-09,JP01,Software,ECL-2024-09-JP01-Software,provision_release,6050_CREDIT_LOSS_EXPENSE,0.0,9.13,PROVISION,Release Expected credit loss allowance,,,
2024-09,JP01,Software,ECLCLOSE-2024-09-JP01-Software,closing,6050_CREDIT_LOSS_EXPENSE,9.13,0.0,PROVISION,Close release Expected credit loss allowance,,,
2024-09,JP01,Software,ECLCLOSE-2024-09-JP01-Software,closing,3200_RETAINED_EARNINGS,0.0,9.13,PROVISION,Close release Expected credit loss allowance,,,
2024-09,JP01,Spare Parts,ECL-2024-09-JP01-SpareParts,provision,6050_CREDIT_LOSS_EXPENSE,1370.28,0.0,PROVISION,Expected credit loss allowance,,,
2024-09,JP01,Spare Parts,ECL-2024-09-JP01-SpareParts,provision,1190_CREDIT_LOSS_ALLOWANCE,0.0,1370.28,PROVISION,Expected credit loss allowance,,,
2024-09,JP01,Spare Parts,ECLCLOSE-2024-09-JP01-SpareParts,closing,6050_CREDIT_LOSS_EXPENSE,0.0,1370.28,PROVISION,Close Expected credit loss allowance,,,
2024-09,JP01,Spare Parts,ECLCLOSE-2024-09-JP01-SpareParts,closing,3200_RETAINED_EARNINGS,1370.28,0.0,PROVISION,Close Expected credit loss allowance,,,
2024-09,US01,Events,ECL-2024-09-US01-Events,provision_release,1190_CREDIT_LOSS_ALLOWANCE,2060.86,0.0,PROVISION,Release Expected credit loss allowance,,,
2024-09,US01,Events,ECL-2024-09-US01-Events,provision_release,6050_CREDIT_LOSS_EXPENSE,0.0,2060.86,PROVISION,Release Expected credit loss allowance,,,
2024-09,US01,Events,ECLCLOSE-2024-09-US01-Events,closing,6050_CREDIT_LOSS_EXPENSE,2060.86,0.0,PROVISION,Close release Expected credit loss allowance,,,
2024-09,US01,Events,ECLCLOSE-2024-09-US01-Events,closing,3200_RETAINED_EARNINGS,0.0,2060.86,PROVISION,Close release Expected credit loss allowance,,,
2024-09,US01,Hardware,ECL-2024-09-US01-Hardware,provision,6050_CREDIT_LOSS_EXPENSE,6300.16,0.0,PROVISION,Expected credit loss allowance,,,
2024-09,US01,Hardware,ECL-2024-09-US01-Hardware,provision,1190_CREDIT_LOSS_ALLOWANCE,0.0,6300.16,PROVISION,Expected credit loss allowance,,,
2024-09,US01,Hardware,ECLCLOSE-2024-09-US01-Hardware,closing,6050_CREDIT_LOSS_EXPENSE,0.0,6300.16,PROVISION,Close Expected credit loss allowance,,,
2024-09,US01,Hardware,ECLCLOSE-2024-09-US01-Hardware,closing,3200_RETAINED_EARNINGS,6300.16,0.0,PROVISION,Close Expected credit loss allowance,,,
2024-09,US01,Software,ECL-2024-09-US01-Software,provision_release,1190_CREDIT_LOSS_ALLOWANCE,17.69,0.0,PROVISION,Release Expected credit loss allowance,,,
2024-09,US01,Software,ECL-2024-09-US01-Software,provision_release,6050_CREDIT_LOSS_EXPENSE,0.0,17.69,PROVISION,Release Expected credit loss allowance,,,
2024-09,US01,Software,ECLCLOSE-2024-09-US01-Software,closing,6050_CREDIT_LOSS_EXPENSE,17.69,0.0,PROVISION,Close release Expected credit loss allowance,,,
2024-09,US01,Software,ECLCLOSE-2024-09-US01-Software,closing,3200_RETAINED_EARNINGS,0.0,17.69,PROVISION,Close release Expected credit loss allowance,,,
2024-10,DE01,Hardware,ECL-2024-10-DE01-Hardware,provision,6050_CREDIT_LOSS_EXPENSE,363.2,0.0,PROVISION,Expected credit loss allowance,,,
2024-10,DE01,Hardware,ECL-2024-10-DE01-Hardware,provision,1190_CREDIT_LOSS_ALLOWANCE,0.0,363.2,PROVISION,Expected credit loss allowance,,,
2024-10,DE01,Hardware,ECLCLOSE-2024-10-DE01-Hardware,closing,6050_CREDIT_LOSS_EXPENSE,0.0,363.2,PROVISION,Close Expected credit loss allowance,,,
2024-10,DE01,Hardware,ECLCLOSE-2024-10-DE01-Hardware,closing,3200_RETAINED_EARNINGS,363.2,0.0,PROVISION,Close Expected credit loss allowance,,,
2024-10,DE01,Software,ECL-2024-10-DE01-Software,provision,6050_CREDIT_LOSS_EXPENSE,25.63,0.0,PROVISION,Expected credit loss allowance,,,
2024-10,DE01,Software,ECL-2024-10-DE01-Software,provision,1190_CREDIT_LOSS_ALLOWANCE,0.0,25.63,PROVISION,Expected credit loss allowance,,,
2024-10,DE01,Software,ECLCLOSE-2024-10-DE01-Software,closing,6050_CREDIT_LOSS_EXPENSE,0.0,25.63,PROVISION,Close Expected credit loss allowance,,,
2024-10,DE01,Software,ECLCLOSE-2024-10-DE01-Software,closing,3200_RETAINED_EARNINGS,25.63,0.0,PROVISION,Close Expected credit loss allowance,,,
2024-10,ES01,Events,ECL-2024-10-ES01-Events,provision,6050_CREDIT_LOSS_EXPENSE,2644.26,0.0,PROVISION,Expected credit loss allowance,,,
2024-10,ES01,Events,ECL-2024-10-ES01-Events,provision,1190_CREDIT_LOSS_ALLOWANCE,0.0,2644.26,PROVISION,Expected credit loss allowance,,,
2024-10,ES01,Events,ECLCLOSE-2024-10-ES01-Events,closing,6050_CREDIT_LOSS_EXPENSE,0.0,2644.26,PROVISION,Close Expected credit loss allowance,,,
2024-10,ES01,Events,ECLCLOSE-2024-10-ES01-Events,closing,3200_RETAINED_EARNINGS,2644.26,0.0,PROVISION,Close Expected credit loss allowance,,,
2024-10,ES01,Hardware,ECL-2024-10-ES01-Hardware,provision_release,1190_CREDIT_LOSS_ALLOWANCE,1454.06,0.0,PROVISION,Release Expected credit loss allowance,,,
2024-10,ES01,Hardware,ECL-2024-10-ES01-Hardware,provision_release,6050_CREDIT_LOSS_EXPENSE,0.0,1454.06,PROVISION,Release Expected credit loss allowance,,,
2024-10,ES01,Hardware,ECLCLOSE-2024-10-ES01-Hardware,closing,6050_CREDIT_LOSS_EXPENSE,1454.06,0.0,PROVISION,Close release Expected credit loss allowance,,,
2024-10,ES01,Hardware,ECLCLOSE-2024-10-ES01-Hardware,closing,3200_RETAINED_EARNINGS,0.0,1454.06,PROVISION,Close release Expected credit loss allowance,,,
2024-10,ES01,Spare Parts,ECL-2024-10-ES01-SpareParts,provision,6050_CREDIT_LOSS_EXPENSE,384.77,0.0,PROVISION,Expected credit loss allowance,,,
2024-10,ES01,Spare Parts,ECL-2024-10-ES01-SpareParts,provision,1190_CREDIT_LOSS_ALLOWANCE,0.0,384.77,PROVISION,Expected credit loss allowance,,,
2024-10,ES01,Spare Parts,ECLCLOSE-2024-10-ES01-SpareParts,closing,6050_CREDIT_LOSS_EXPENSE,0.0,384.77,PROVISION,Close Expected credit loss allowance,,,
2024-10,ES01,Spare Parts,ECLCLOSE-2024-10-ES01-SpareParts,closing,3200_RETAINED_EARNINGS,384.77,0.0,PROVISION,Close Expected credit loss allowance,,,
2024-10,JP01,Hardware,ECL-2024-10-JP01-Hardware,provision_release,1190_CREDIT_LOSS_ALLOWANCE,4656.49,0.0,PROVISION,Release Expected credit loss allowance,,,
2024-10,JP01,Hardware,ECL-2024-10-JP01-Hardware,provision_release,6050_CREDIT_LOSS_EXPENSE,0.0,4656.49,PROVISION,Release Expected credit loss allowance,,,
2024-10,JP01,Hardware,ECLCLOSE-2024-10-JP01-Hardware,closing,6050_CREDIT_LOSS_EXPENSE,4656.49,0.0,PROVISION,Close release Expected credit loss allowance,,,
2024-10,JP01,Hardware,ECLCLOSE-2024-10-JP01-Hardware,closing,3200_RETAINED_EARNINGS,0.0,4656.49,PROVISION,Close release Expected credit loss allowance,,,
2024-10,JP01,Software,ECL-2024-10-JP01-Software,provision,6050_CREDIT_LOSS_EXPENSE,65.89,0.0,PROVISION,Expected credit loss allowance,,,
2024-10,JP01,Software,ECL-2024-10-JP01-Software,provision,1190_CREDIT_LOSS_ALLOWANCE,0.0,65.89,PROVISION,Expected credit loss allowance,,,
2024-10,JP01,Software,ECLCLOSE-2024-10-JP01-Software,closing,6050_CREDIT_LOSS_EXPENSE,0.0,65.89,PROVISION,Close Expected credit loss allowance,,,
2024-10,JP01,Software,ECLCLOSE-2024-10-JP01-Software,closing,3200_RETAINED_EARNINGS,65.89,0.0,PROVISION,Close Expected credit loss allowance,,,
2024-10,JP01,Spare Parts,ECL-2024-10-JP01-SpareParts,provision,6050_CREDIT_LOSS_EXPENSE,518.82,0.0,PROVISION,Expected credit loss allowance,,,
2024-10,JP01,Spare Parts,ECL-2024-10-JP01-SpareParts,provision,1190_CREDIT_LOSS_ALLOWANCE,0.0,518.82,PROVISION,Expected credit loss allowance,,,
2024-10,JP01,Spare Parts,ECLCLOSE-2024-10-JP01-SpareParts,closing,6050_CREDIT_LOSS_EXPENSE,0.0,518.82,PROVISION,Close Expected credit loss allowance,,,
2024-10,JP01,Spare Parts,ECLCLOSE-2024-10-JP01-SpareParts,closing,3200_RETAINED_EARNINGS,518.82,0.0,PROVISION,Close Expected credit loss allowance,,,
2024-10,US01,Events,ECL-2024-10-US01-Events,provision,6050_CREDIT_LOSS_EXPENSE,359.56,0.0,PROVISION,Expected credit loss allowance,,,
2024-10,US01,Events,ECL-2024-10-US01-Events,provision,1190_CREDIT_LOSS_ALLOWANCE,0.0,359.56,PROVISION,Expected credit loss allowance,,,
2024-10,US01,Events,ECLCLOSE-2024-10-US01-Events,closing,6050_CREDIT_LOSS_EXPENSE,0.0,359.56,PROVISION,Close Expected credit loss allowance,,,
2024-10,US01,Events,ECLCLOSE-2024-10-US01-Events,closing,3200_RETAINED_EARNINGS,359.56,0.0,PROVISION,Close Expected credit loss allowance,,,
2024-10,US01,Hardware,ECL-2024-10-US01-Hardware,provision_release,1190_CREDIT_LOSS_ALLOWANCE,2021.73,0.0,PROVISION,Release Expected credit loss allowance,,,
2024-10,US01,Hardware,ECL-2024-10-US01-Hardware,provision_release,6050_CREDIT_LOSS_EXPENSE,0.0,2021.73,PROVISION,Release Expected credit loss allowance,,,
2024-10,US01,Hardware,ECLCLOSE-2024-10-US01-Hardware,closing,6050_CREDIT_LOSS_EXPENSE,2021.73,0.0,PROVISION,Close release Expected credit loss allowance,,,
2024-10,US01,Hardware,ECLCLOSE-2024-10-US01-Hardware,closing,3200_RETAINED_EARNINGS,0.0,2021.73,PROVISION,Close release Expected credit loss allowance,,,
2024-10,US01,Software,ECL-2024-10-US01-Software,provision,6050_CREDIT_LOSS_EXPENSE,60.69,0.0,PROVISION,Expected credit loss allowance,,,
2024-10,US01,Software,ECL-2024-10-US01-Software,provision,1190_CREDIT_LOSS_ALLOWANCE,0.0,60.69,PROVISION,Expected credit loss allowance,,,
2024-10,US01,Software,ECLCLOSE-2024-10-US01-Software,closing,6050_CREDIT_LOSS_EXPENSE,0.0,60.69,PROVISION,Close Expected credit loss allowance,,,
2024-10,US01,Software,ECLCLOSE-2024-10-US01-Software,closing,3200_RETAINED_EARNINGS,60.69,0.0,PROVISION,Close Expected credit loss allowance,,,
2024-11,DE01,Hardware,ECL-2024-11-DE01-Hardware,provision,6050_CREDIT_LOSS_EXPENSE,1683.4,0.0,PROVISION,Expected credit loss allowance,,,
2024-11,DE01,Hardware,ECL-2024-11-DE01-Hardware,provision,1190_CREDIT_LOSS_ALLOWANCE,0.0,1683.4,PROVISION,Expected credit loss allowance,,,
2024-11,DE01,Hardware,ECLCLOSE-2024-11-DE01-Hardware,closing,6050_CREDIT_LOSS_EXPENSE,0.0,1683.4,PROVISION,Close Expected credit loss allowance,,,
2024-11,DE01,Hardware,ECLCLOSE-2024-11-DE01-Hardware,closing,3200_RETAINED_EARNINGS,1683.4,0.0,PROVISION,Close Expected credit loss allowance,,,
2024-11,DE01,Software,ECL-2024-11-DE01-Software,provision_release,1190_CREDIT_LOSS_ALLOWANCE,44.16,0.0,PROVISION,Release Expected credit loss allowance,,,
2024-11,DE01,Software,ECL-2024-11-DE01-Software,provision_release,6050_CREDIT_LOSS_EXPENSE,0.0,44.16,PROVISION,Release Expected credit loss allowance,,,
2024-11,DE01,Software,ECLCLOSE-2024-11-DE01-Software,closing,6050_CREDIT_LOSS_EXPENSE,44.16,0.0,PROVISION,Close release Expected credit loss allowance,,,
2024-11,DE01,Software,ECLCLOSE-2024-11-DE01-Software,closing,3200_RETAINED_EARNINGS,0.0,44.16,PROVISION,Close release Expected credit loss allowance,,,
2024-11,ES01,Events,ECL-2024-11-ES01-Events,provision_release,1190_CREDIT_LOSS_ALLOWANCE,1723.0,0.0,PROVISION,Release Expected credit loss allowance,,,
2024-11,ES01,Events,ECL-2024-11-ES01-Events,provision_release,6050_CREDIT_LOSS_EXPENSE,0.0,1723.0,PROVISION,Release Expected credit loss allowance,,,
2024-11,ES01,Events,ECLCLOSE-2024-11-ES01-Events,closing,6050_CREDIT_LOSS_EXPENSE,1723.0,0.0,PROVISION,Close release Expected credit loss allowance,,,
2024-11,ES01,Events,ECLCLOSE-2024-11-ES01-Events,closing,3200_RETAINED_EARNINGS,0.0,1723.0,PROVISION,Close release Expected credit loss allowance,,,
2024-11,ES01,Hardware,ECL-2024-11-ES01-Hardware,provision,6050_CREDIT_LOSS_EXPENSE,1022.59,0.0,PROVISION,Expected credit loss allowance,,,
2024-11,ES01,Hardware,ECL-2024-11-ES01-Hardware,provision,1190_CREDIT_LOSS_ALLOWANCE,0.0,1022.59,PROVISION,Expected credit loss allowance,,,
2024-11,ES01,Hardware,ECLCLOSE-2024-11-ES01-Hardware,closing,6050_CREDIT_LOSS_EXPENSE,0.0,1022.59,PROVISION,Close Expected credit loss allowance,,,
2024-11,ES01,Hardware,ECLCLOSE-2024-11-ES01-Hardware,closing,3200_RETAINED_EARNINGS,1022.59,0.0,PROVISION,Close Expected credit loss allowance,,,
2024-11,ES01,Spare Parts,ECL-2024-11-ES01-SpareParts,provision,6050_CREDIT_LOSS_EXPENSE,149.2,0.0,PROVISION,Expected credit loss allowance,,,
2024-11,ES01,Spare Parts,ECL-2024-11-ES01-SpareParts,provision,1190_CREDIT_LOSS_ALLOWANCE,0.0,149.2,PROVISION,Expected credit loss allowance,,,
2024-11,ES01,Spare Parts,ECLCLOSE-2024-11-ES01-SpareParts,closing,6050_CREDIT_LOSS_EXPENSE,0.0,149.2,PROVISION,Close Expected credit loss allowance,,,
2024-11,ES01,Spare Parts,ECLCLOSE-2024-11-ES01-SpareParts,closing,3200_RETAINED_EARNINGS,149.2,0.0,PROVISION,Close Expected credit loss allowance,,,
2024-11,JP01,Hardware,ECL-2024-11-JP01-Hardware,provision,6050_CREDIT_LOSS_EXPENSE,1136.2,0.0,PROVISION,Expected credit loss allowance,,,
2024-11,JP01,Hardware,ECL-2024-11-JP01-Hardware,provision,1190_CREDIT_LOSS_ALLOWANCE,0.0,1136.2,PROVISION,Expected credit loss allowance,,,
2024-11,JP01,Hardware,ECLCLOSE-2024-11-JP01-Hardware,closing,6050_CREDIT_LOSS_EXPENSE,0.0,1136.2,PROVISION,Close Expected credit loss allowance,,,
2024-11,JP01,Hardware,ECLCLOSE-2024-11-JP01-Hardware,closing,3200_RETAINED_EARNINGS,1136.2,0.0,PROVISION,Close Expected credit loss allowance,,,
2024-11,JP01,Software,ECL-2024-11-JP01-Software,provision_release,1190_CREDIT_LOSS_ALLOWANCE,68.77,0.0,PROVISION,Release Expected credit loss allowance,,,
2024-11,JP01,Software,ECL-2024-11-JP01-Software,provision_release,6050_CREDIT_LOSS_EXPENSE,0.0,68.77,PROVISION,Release Expected credit loss allowance,,,
2024-11,JP01,Software,ECLCLOSE-2024-11-JP01-Software,closing,6050_CREDIT_LOSS_EXPENSE,68.77,0.0,PROVISION,Close release Expected credit loss allowance,,,
2024-11,JP01,Software,ECLCLOSE-2024-11-JP01-Software,closing,3200_RETAINED_EARNINGS,0.0,68.77,PROVISION,Close release Expected credit loss allowance,,,
2024-11,JP01,Spare Parts,ECL-2024-11-JP01-SpareParts,provision,6050_CREDIT_LOSS_EXPENSE,276.17,0.0,PROVISION,Expected credit loss allowance,,,
2024-11,JP01,Spare Parts,ECL-2024-11-JP01-SpareParts,provision,1190_CREDIT_LOSS_ALLOWANCE,0.0,276.17,PROVISION,Expected credit loss allowance,,,
2024-11,JP01,Spare Parts,ECLCLOSE-2024-11-JP01-SpareParts,closing,6050_CREDIT_LOSS_EXPENSE,0.0,276.17,PROVISION,Close Expected credit loss allowance,,,
2024-11,JP01,Spare Parts,ECLCLOSE-2024-11-JP01-SpareParts,closing,3200_RETAINED_EARNINGS,276.17,0.0,PROVISION,Close Expected credit loss allowance,,,
2024-11,US01,Events,ECL-2024-11-US01-Events,provision,6050_CREDIT_LOSS_EXPENSE,1872.61,0.0,PROVISION,Expected credit loss allowance,,,
2024-11,US01,Events,ECL-2024-11-US01-Events,provision,1190_CREDIT_LOSS_ALLOWANCE,0.0,1872.61,PROVISION,Expected credit loss allowance,,,
2024-11,US01,Events,ECLCLOSE-2024-11-US01-Events,closing,6050_CREDIT_LOSS_EXPENSE,0.0,1872.61,PROVISION,Close Expected credit loss allowance,,,
2024-11,US01,Events,ECLCLOSE-2024-11-US01-Events,closing,3200_RETAINED_EARNINGS,1872.61,0.0,PROVISION,Close Expected credit loss allowance,,,
2024-11,US01,Hardware,ECL-2024-11-US01-Hardware,provision,6050_CREDIT_LOSS_EXPENSE,470.37,0.0,PROVISION,Expected credit loss allowance,,,
2024-11,US01,Hardware,ECL-2024-11-US01-Hardware,provision,1190_CREDIT_LOSS_ALLOWANCE,0.0,470.37,PROVISION,Expected credit loss allowance,,,
2024-11,US01,Hardware,ECLCLOSE-2024-11-US01-Hardware,closing,6050_CREDIT_LOSS_EXPENSE,0.0,470.37,PROVISION,Close Expected credit loss allowance,,,
2024-11,US01,Hardware,ECLCLOSE-2024-11-US01-Hardware,closing,3200_RETAINED_EARNINGS,470.37,0.0,PROVISION,Close Expected credit loss allowance,,,
2024-11,US01,Software,ECL-2024-11-US01-Software,provision_release,1190_CREDIT_LOSS_ALLOWANCE,61.76,0.0,PROVISION,Release Expected credit loss allowance,,,
2024-11,US01,Software,ECL-2024-11-US01-Software,provision_release,6050_CREDIT_LOSS_EXPENSE,0.0,61.76,PROVISION,Release Expected credit loss allowance,,,
2024-11,US01,Software,ECLCLOSE-2024-11-US01-Software,closing,6050_CREDIT_LOSS_EXPENSE,61.76,0.0,PROVISION,Close release Expected credit loss allowance,,,
2024-11,US01,Software,ECLCLOSE-2024-11-US01-Software,closing,3200_RETAINED_EARNINGS,0.0,61.76,PROVISION,Close release Expected credit loss allowance,,,
2024-12,DE01,Hardware,ECL-2024-12-DE01-Hardware,provision,6050_CREDIT_LOSS_EXPENSE,1284.65,0.0,PROVISION,Expected credit loss allowance,,,
2024-12,DE01,Hardware,ECL-2024-12-DE01-Hardware,provision,1190_CREDIT_LOSS_ALLOWANCE,0.0,1284.65,PROVISION,Expected credit loss allowance,,,
2024-12,DE01,Hardware,ECLCLOSE-2024-12-DE01-Hardware,closing,6050_CREDIT_LOSS_EXPENSE,0.0,1284.65,PROVISION,Close Expected credit loss allowance,,,
2024-12,DE01,Hardware,ECLCLOSE-2024-12-DE01-Hardware,closing,3200_RETAINED_EARNINGS,1284.65,0.0,PROVISION,Close Expected credit loss allowance,,,
2024-12,DE01,Software,ECL-2024-12-DE01-Software,provision_release,1190_CREDIT_LOSS_ALLOWANCE,31.54,0.0,PROVISION,Release Expected credit loss allowance,,,
2024-12,DE01,Software,ECL-2024-12-DE01-Software,provision_release,6050_CREDIT_LOSS_EXPENSE,0.0,31.54,PROVISION,Release Expected credit loss allowance,,,
2024-12,DE01,Software,ECLCLOSE-2024-12-DE01-Software,closing,6050_CREDIT_LOSS_EXPENSE,31.54,0.0,PROVISION,Close release Expected credit loss allowance,,,
2024-12,DE01,Software,ECLCLOSE-2024-12-DE01-Software,closing,3200_RETAINED_EARNINGS,0.0,31.54,PROVISION,Close release Expected credit loss allowance,,,
2024-12,ES01,Events,ECL-2024-12-ES01-Events,provision_release,1190_CREDIT_LOSS_ALLOWANCE,393.9,0.0,PROVISION,Release Expected credit loss allowance,,,
2024-12,ES01,Events,ECL-2024-12-ES01-Events,provision_release,6050_CREDIT_LOSS_EXPENSE,0.0,393.9,PROVISION,Release Expected credit loss allowance,,,
2024-12,ES01,Events,ECLCLOSE-2024-12-ES01-Events,closing,6050_CREDIT_LOSS_EXPENSE,393.9,0.0,PROVISION,Close release Expected credit loss allowance,,,
2024-12,ES01,Events,ECLCLOSE-2024-12-ES01-Events,closing,3200_RETAINED_EARNINGS,0.0,393.9,PROVISION,Close release Expected credit loss allowance,,,
2024-12,ES01,Hardware,ECL-2024-12-ES01-Hardware,provision,6050_CREDIT_LOSS_EXPENSE,125.99,0.0,PROVISION,Expected credit loss allowance,,,
2024-12,ES01,Hardware,ECL-2024-12-ES01-Hardware,provision,1190_CREDIT_LOSS_ALLOWANCE,0.0,125.99,PROVISION,Expected credit loss allowance,,,
2024-12,ES01,Hardware,ECLCLOSE-2024-12-ES01-Hardware,closing,6050_CREDIT_LOSS_EXPENSE,0.0,125.99,PROVISION,Close Expected credit loss allowance,,,
2024-12,ES01,Hardware,ECLCLOSE-2024-12-ES01-Hardware,closing,3200_RETAINED_EARNINGS,125.99,0.0,PROVISION,Close Expected credit loss allowance,,,
2024-12,ES01,Spare Parts,ECL-2024-12-ES01-SpareParts,provision,6050_CREDIT_LOSS_EXPENSE,441.54,0.0,PROVISION,Expected credit loss allowance,,,
2024-12,ES01,Spare Parts,ECL-2024-12-ES01-SpareParts,provision,1190_CREDIT_LOSS_ALLOWANCE,0.0,441.54,PROVISION,Expected credit loss allowance,,,
2024-12,ES01,Spare Parts,ECLCLOSE-2024-12-ES01-SpareParts,closing,6050_CREDIT_LOSS_EXPENSE,0.0,441.54,PROVISION,Close Expected credit loss allowance,,,
2024-12,ES01,Spare Parts,ECLCLOSE-2024-12-ES01-SpareParts,closing,3200_RETAINED_EARNINGS,441.54,0.0,PROVISION,Close Expected credit loss allowance,,,
2024-12,JP01,Hardware,ECL-2024-12-JP01-Hardware,provision,6050_CREDIT_LOSS_EXPENSE,316.46,0.0,PROVISION,Expected credit loss allowance,,,
2024-12,JP01,Hardware,ECL-2024-12-JP01-Hardware,provision,1190_CREDIT_LOSS_ALLOWANCE,0.0,316.46,PROVISION,Expected credit loss allowance,,,
2024-12,JP01,Hardware,ECLCLOSE-2024-12-JP01-Hardware,closing,6050_CREDIT_LOSS_EXPENSE,0.0,316.46,PROVISION,Close Expected credit loss allowance,,,
2024-12,JP01,Hardware,ECLCLOSE-2024-12-JP01-Hardware,closing,3200_RETAINED_EARNINGS,316.46,0.0,PROVISION,Close Expected credit loss allowance,,,
2024-12,JP01,Software,ECL-2024-12-JP01-Software,provision,6050_CREDIT_LOSS_EXPENSE,47.74,0.0,PROVISION,Expected credit loss allowance,,,
2024-12,JP01,Software,ECL-2024-12-JP01-Software,provision,1190_CREDIT_LOSS_ALLOWANCE,0.0,47.74,PROVISION,Expected credit loss allowance,,,
2024-12,JP01,Software,ECLCLOSE-2024-12-JP01-Software,closing,6050_CREDIT_LOSS_EXPENSE,0.0,47.74,PROVISION,Close Expected credit loss allowance,,,
2024-12,JP01,Software,ECLCLOSE-2024-12-JP01-Software,closing,3200_RETAINED_EARNINGS,47.74,0.0,PROVISION,Close Expected credit loss allowance,,,
2024-12,JP01,Spare Parts,ECL-2024-12-JP01-SpareParts,provision,6050_CREDIT_LOSS_EXPENSE,542.2,0.0,PROVISION,Expected credit loss allowance,,,
2024-12,JP01,Spare Parts,ECL-2024-12-JP01-SpareParts,provision,1190_CREDIT_LOSS_ALLOWANCE,0.0,542.2,PROVISION,Expected credit loss allowance,,,
2024-12,JP01,Spare Parts,ECLCLOSE-2024-12-JP01-SpareParts,closing,6050_CREDIT_LOSS_EXPENSE,0.0,542.2,PROVISION,Close Expected credit loss allowance,,,
2024-12,JP01,Spare Parts,ECLCLOSE-2024-12-JP01-SpareParts,closing,3200_RETAINED_EARNINGS,542.2,0.0,PROVISION,Close Expected credit loss allowance,,,
2024-12,US01,Events,ECL-2024-12-US01-Events,provision_release,1190_CREDIT_LOSS_ALLOWANCE,1487.56,0.0,PROVISION,Release Expected credit loss allowance,,,
2024-12,US01,Events,ECL-2024-12-US01-Events,provision_release,6050_CREDIT_LOSS_EXPENSE,0.0,1487.56,PROVISION,Release Expected credit loss allowance,,,
2024-12,US01,Events,ECLCLOSE-2024-12-US01-Events,closing,6050_CREDIT_LOSS_EXPENSE,1487.56,0.0,PROVISION,Close release Expected credit loss allowance,,,
2024-12,US01,Events,ECLCLOSE-2024-12-US01-Events,closing,3200_RETAINED_EARNINGS,0.0,1487.56,PROVISION,Close release Expected credit loss allowance,,,
2024-12,US01,Hardware,ECL-2024-12-US01-Hardware,provision,6050_CREDIT_LOSS_EXPENSE,1191.46,0.0,PROVISION,Expected credit loss allowance,,,
2024-12,US01,Hardware,ECL-2024-12-US01-Hardware,provision,1190_CREDIT_LOSS_ALLOWANCE,0.0,1191.46,PROVISION,Expected credit loss allowance,,,
2024-12,US01,Hardware,ECLCLOSE-2024-12-US01-Hardware,closing,6050_CREDIT_LOSS_EXPENSE,0.0,1191.46,PROVISION,Close Expected credit loss allowance,,,
2024-12,US01,Hardware,ECLCLOSE-2024-12-US01-Hardware,closing,3200_RETAINED_EARNINGS,1191.46,0.0,PROVISION,Close Expected credit loss allowance,,,
2024-12,US01,Software,ECL-2024-12-US01-Software,provision,6050_CREDIT_LOSS_EXPENSE,21.35,0.0,PROVISION,Expected credit loss allowance,,,
2024-12,US01,Software,ECL-2024-12-US01-Software,provision,1190_CREDIT_LOSS_ALLOWANCE,0.0,21.35,PROVISION,Expected credit loss allowance,,,
2024-12,US01,Software,ECLCLOSE-2024-12-US01-Software,closing,6050_CREDIT_LOSS_EXPENSE,0.0,21.35,PROVISION,Close Expected credit loss allowance,,,
2024-12,US01,Software,ECLCLOSE-2024-12-US01-Software,closing,3200_RETAINED_EARNINGS,21.35,0.0,PROVISION,Close Expected credit loss allowance,,,
2025-01,DE01,Hardware,ECL-2025-01-DE01-Hardware,provision_release,1190_CREDIT_LOSS_ALLOWANCE,2866.67,0.0,PROVISION,Release Expected credit loss allowance,,,
2025-01,DE01,Hardware,ECL-2025-01-DE01-Hardware,provision_release,6050_CREDIT_LOSS_EXPENSE,0.0,2866.67,PROVISION,Release Expected credit loss allowance,,,
2025-01,DE01,Hardware,ECLCLOSE-2025-01-DE01-Hardware,closing,6050_CREDIT_LOSS_EXPENSE,2866.67,0.0,PROVISION,Close release Expected credit loss allowance,,,
2025-01,DE01,Hardware,ECLCLOSE-2025-01-DE01-Hardware,closing,3200_RETAINED_EARNINGS,0.0,2866.67,PROVISION,Close release Expected credit loss allowance,,,
2025-01,DE01,Software,ECL-2025-01-DE01-Software,provision,6050_CREDIT_LOSS_EXPENSE,112.96,0.0,PROVISION,Expected credit loss allowance,,,
2025-01,DE01,Software,ECL-2025-01-DE01-Software,provision,1190_CREDIT_LOSS_ALLOWANCE,0.0,112.96,PROVISION,Expected credit loss allowance,,,
2025-01,DE01,Software,ECLCLOSE-2025-01-DE01-Software,closing,6050_CREDIT_LOSS_EXPENSE,0.0,112.96,PROVISION,Close Expected credit loss allowance,,,
2025-01,DE01,Software,ECLCLOSE-2025-01-DE01-Software,closing,3200_RETAINED_EARNINGS,112.96,0.0,PROVISION,Close Expected credit loss allowance,,,
2025-01,ES01,Events,ECL-2025-01-ES01-Events,provision,6050_CREDIT_LOSS_EXPENSE,667.61,0.0,PROVISION,Expected credit loss allowance,,,
2025-01,ES01,Events,ECL-2025-01-ES01-Events,provision,1190_CREDIT_LOSS_ALLOWANCE,0.0,667.61,PROVISION,Expected credit loss allowance,,,
2025-01,ES01,Events,ECLCLOSE-2025-01-ES01-Events,closing,6050_CREDIT_LOSS_EXPENSE,0.0,667.61,PROVISION,Close Expected credit loss allowance,,,
2025-01,ES01,Events,ECLCLOSE-2025-01-ES01-Events,closing,3200_RETAINED_EARNINGS,667.61,0.0,PROVISION,Close Expected credit loss allowance,,,
2025-01,ES01,Hardware,ECL-2025-01-ES01-Hardware,provision_release,1190_CREDIT_LOSS_ALLOWANCE,3755.59,0.0,PROVISION,Release Expected credit loss allowance,,,
2025-01,ES01,Hardware,ECL-2025-01-ES01-Hardware,provision_release,6050_CREDIT_LOSS_EXPENSE,0.0,3755.59,PROVISION,Release Expected credit loss allowance,,,
2025-01,ES01,Hardware,ECLCLOSE-2025-01-ES01-Hardware,closing,6050_CREDIT_LOSS_EXPENSE,3755.59,0.0,PROVISION,Close release Expected credit loss allowance,,,
2025-01,ES01,Hardware,ECLCLOSE-2025-01-ES01-Hardware,closing,3200_RETAINED_EARNINGS,0.0,3755.59,PROVISION,Close release Expected credit loss allowance,,,
2025-01,ES01,Spare Parts,ECL-2025-01-ES01-SpareParts,provision_release,1190_CREDIT_LOSS_ALLOWANCE,1643.29,0.0,PROVISION,Release Expected credit loss allowance,,,
2025-01,ES01,Spare Parts,ECL-2025-01-ES01-SpareParts,provision_release,6050_CREDIT_LOSS_EXPENSE,0.0,1643.29,PROVISION,Release Expected credit loss allowance,,,
2025-01,ES01,Spare Parts,ECLCLOSE-2025-01-ES01-SpareParts,closing,6050_CREDIT_LOSS_EXPENSE,1643.29,0.0,PROVISION,Close release Expected credit loss allowance,,,
2025-01,ES01,Spare Parts,ECLCLOSE-2025-01-ES01-SpareParts,closing,3200_RETAINED_EARNINGS,0.0,1643.29,PROVISION,Close release Expected credit loss allowance,,,
2025-01,JP01,Hardware,ECL-2025-01-JP01-Hardware,provision_release,1190_CREDIT_LOSS_ALLOWANCE,4588.91,0.0,PROVISION,Release Expected credit loss allowance,,,
2025-01,JP01,Hardware,ECL-2025-01-JP01-Hardware,provision_release,6050_CREDIT_LOSS_EXPENSE,0.0,4588.91,PROVISION,Release Expected credit loss allowance,,,
2025-01,JP01,Hardware,ECLCLOSE-2025-01-JP01-Hardware,closing,6050_CREDIT_LOSS_EXPENSE,4588.91,0.0,PROVISION,Close release Expected credit loss allowance,,,
2025-01,JP01,Hardware,ECLCLOSE-2025-01-JP01-Hardware,closing,3200_RETAINED_EARNINGS,0.0,4588.91,PROVISION,Close release Expected credit loss allowance,,,
2025-01,JP01,Software,ECL-2025-01-JP01-Software,provision,6050_CREDIT_LOSS_EXPENSE,16.18,0.0,PROVISION,Expected credit loss allowance,,,
2025-01,JP01,Software,ECL-2025-01-JP01-Software,provision,1190_CREDIT_LOSS_ALLOWANCE,0.0,16.18,PROVISION,Expected credit loss allowance,,,
2025-01,JP01,Software,ECLCLOSE-2025-01-JP01-Software,closing,6050_CREDIT_LOSS_EXPENSE,0.0,16.18,PROVISION,Close Expected credit loss allowance,,,
2025-01,JP01,Software,ECLCLOSE-2025-01-JP01-Software,closing,3200_RETAINED_EARNINGS,16.18,0.0,PROVISION,Close Expected credit loss allowance,,,
2025-01,JP01,Spare Parts,ECL-2025-01-JP01-SpareParts,provision_release,1190_CREDIT_LOSS_ALLOWANCE,2145.9,0.0,PROVISION,Release Expected credit loss allowance,,,
2025-01,JP01,Spare Parts,ECL-2025-01-JP01-SpareParts,provision_release,6050_CREDIT_LOSS_EXPENSE,0.0,2145.9,PROVISION,Release Expected credit loss allowance,,,
2025-01,JP01,Spare Parts,ECLCLOSE-2025-01-JP01-SpareParts,closing,6050_CREDIT_LOSS_EXPENSE,2145.9,0.0,PROVISION,Close release Expected credit loss allowance,,,
2025-01,JP01,Spare Parts,ECLCLOSE-2025-01-JP01-SpareParts,closing,3200_RETAINED_EARNINGS,0.0,2145.9,PROVISION,Close release Expected credit loss allowance,,,
2025-01,US01,Events,ECL-2025-01-US01-Events,provision,6050_CREDIT_LOSS_EXPENSE,675.19,0.0,PROVISION,Expected credit loss allowance,,,
2025-01,US01,Events,ECL-2025-01-US01-Events,provision,1190_CREDIT_LOSS_ALLOWANCE,0.0,675.19,PROVISION,Expected credit loss allowance,,,
2025-01,US01,Events,ECLCLOSE-2025-01-US01-Events,closing,6050_CREDIT_LOSS_EXPENSE,0.0,675.19,PROVISION,Close Expected credit loss allowance,,,
2025-01,US01,Events,ECLCLOSE-2025-01-US01-Events,closing,3200_RETAINED_EARNINGS,675.19,0.0,PROVISION,Close Expected credit loss allowance,,,
2025-01,US01,Hardware,ECL-2025-01-US01-Hardware,provision_release,1190_CREDIT_LOSS_ALLOWANCE,4148.21,0.0,PROVISION,Release Expected credit loss allowance,,,
2025-01,US01,Hardware,ECL-2025-01-US01-Hardware,provision_release,6050_CREDIT_LOSS_EXPENSE,0.0,4148.21,PROVISION,Release Expected credit loss allowance,,,
2025-01,US01,Hardware,ECLCLOSE-2025-01-US01-Hardware,closing,6050_CREDIT_LOSS_EXPENSE,4148.21,0.0,PROVISION,Close release Expected credit loss allowance,,,
2025-01,US01,Hardware,ECLCLOSE-2025-01-US01-Hardware,closing,3200_RETAINED_EARNINGS,0.0,4148.21,PROVISION,Close release Expected credit loss allowance,,,
2025-01,US01,Software,ECL-2025-01-US01-Software,provision,6050_CREDIT_LOSS_EXPENSE,99.94,0.0,PROVISION,Expected credit loss allowance,,,
2025-01,US01,Software,ECL-2025-01-US01-Software,provision,1190_CREDIT_LOSS_ALLOWANCE,0.0,99.94,PROVISION,Expected credit loss allowance,,,
2025-01,US01,Software,ECLCLOSE-2025-01-US01-Software,closing,6050_CREDIT_LOSS_EXPENSE,0.0,99.94,PROVISION,Close Expected credit loss allowance,,,
2025-01,US01,Software,ECLCLOSE-2025-01-US01-Software,closing,3200_RETAINED_EARNINGS,99.94,0.0,PROVISION,Close Expected credit loss allowance,,,
2025-02,DE01,Hardware,ECL-2025-02-DE01-Hardware,provision,6050_CREDIT_LOSS_EXPENSE,651.96,0.0,PROVISION,Expected credit loss allowance,,,
2025-02,DE01,Hardware,ECL-2025-02-DE01-Hardware,provision,1190_CREDIT_LOSS_ALLOWANCE,0.0,651.96,PROVISION,Expected credit loss allowance,,,
2025-02,DE01,Hardware,ECLCLOSE-2025-02-DE01-Hardware,closing,6050_CREDIT_LOSS_EXPENSE,0.0,651.96,PROVISION,Close Expected credit loss allowance,,,
2025-02,DE01,Hardware,ECLCLOSE-2025-02-DE01-Hardware,closing,3200_RETAINED_EARNINGS,651.96,0.0,PROVISION,Close Expected credit loss allowance,,,
2025-02,DE01,Software,ECL-2025-02-DE01-Software,provision_release,1190_CREDIT_LOSS_ALLOWANCE,29.12,0.0,PROVISION,Release Expected credit loss allowance,,,
2025-02,DE01,Software,ECL-2025-02-DE01-Software,provision_release,6050_CREDIT_LOSS_EXPENSE,0.0,29.12,PROVISION,Release Expected credit loss allowance,,,
2025-02,DE01,Software,ECLCLOSE-2025-02-DE01-Software,closing,6050_CREDIT_LOSS_EXPENSE,29.12,0.0,PROVISION,Close release Expected credit loss allowance,,,
2025-02,DE01,Software,ECLCLOSE-2025-02-DE01-Software,closing,3200_RETAINED_EARNINGS,0.0,29.12,PROVISION,Close release Expected credit loss allowance,,,
2025-02,ES01,Events,ECL-2025-02-ES01-Events,provision_release,1190_CREDIT_LOSS_ALLOWANCE,207.44,0.0,PROVISION,Release Expected credit loss allowance,,,
2025-02,ES01,Events,ECL-2025-02-ES01-Events,provision_release,6050_CREDIT_LOSS_EXPENSE,0.0,207.44,PROVISION,Release Expected credit loss allowance,,,
2025-02,ES01,Events,ECLCLOSE-2025-02-ES01-Events,closing,6050_CREDIT_LOSS_EXPENSE,207.44,0.0,PROVISION,Close release Expected credit loss allowance,,,
2025-02,ES01,Events,ECLCLOSE-2025-02-ES01-Events,closing,3200_RETAINED_EARNINGS,0.0,207.44,PROVISION,Close release Expected credit loss allowance,,,
2025-02,ES01,Hardware,ECL-2025-02-ES01-Hardware,provision,6050_CREDIT_LOSS_EXPENSE,391.19,0.0,PROVISION,Expected credit loss allowance,,,
2025-02,ES01,Hardware,ECL-2025-02-ES01-Hardware,provision,1190_CREDIT_LOSS_ALLOWANCE,0.0,391.19,PROVISION,Expected credit loss allowance,,,
2025-02,ES01,Hardware,ECLCLOSE-2025-02-ES01-Hardware,closing,6050_CREDIT_LOSS_EXPENSE,0.0,391.19,PROVISION,Close Expected credit loss allowance,,,
2025-02,ES01,Hardware,ECLCLOSE-2025-02-ES01-Hardware,closing,3200_RETAINED_EARNINGS,391.19,0.0,PROVISION,Close Expected credit loss allowance,,,
2025-02,ES01,Spare Parts,ECL-2025-02-ES01-SpareParts,provision,6050_CREDIT_LOSS_EXPENSE,254.66,0.0,PROVISION,Expected credit loss allowance,,,
2025-02,ES01,Spare Parts,ECL-2025-02-ES01-SpareParts,provision,1190_CREDIT_LOSS_ALLOWANCE,0.0,254.66,PROVISION,Expected credit loss allowance,,,
2025-02,ES01,Spare Parts,ECLCLOSE-2025-02-ES01-SpareParts,closing,6050_CREDIT_LOSS_EXPENSE,0.0,254.66,PROVISION,Close Expected credit loss allowance,,,
2025-02,ES01,Spare Parts,ECLCLOSE-2025-02-ES01-SpareParts,closing,3200_RETAINED_EARNINGS,254.66,0.0,PROVISION,Close Expected credit loss allowance,,,
2025-02,JP01,Hardware,ECL-2025-02-JP01-Hardware,provision,6050_CREDIT_LOSS_EXPENSE,678.74,0.0,PROVISION,Expected credit loss allowance,,,
2025-02,JP01,Hardware,ECL-2025-02-JP01-Hardware,provision,1190_CREDIT_LOSS_ALLOWANCE,0.0,678.74,PROVISION,Expected credit loss allowance,,,
2025-02,JP01,Hardware,ECLCLOSE-2025-02-JP01-Hardware,closing,6050_CREDIT_LOSS_EXPENSE,0.0,678.74,PROVISION,Close Expected credit loss allowance,,,
2025-02,JP01,Hardware,ECLCLOSE-2025-02-JP01-Hardware,closing,3200_RETAINED_EARNINGS,678.74,0.0,PROVISION,Close Expected credit loss allowance,,,
2025-02,JP01,Software,ECL-2025-02-JP01-Software,provision,6050_CREDIT_LOSS_EXPENSE,10.86,0.0,PROVISION,Expected credit loss allowance,,,
2025-02,JP01,Software,ECL-2025-02-JP01-Software,provision,1190_CREDIT_LOSS_ALLOWANCE,0.0,10.86,PROVISION,Expected credit loss allowance,,,
2025-02,JP01,Software,ECLCLOSE-2025-02-JP01-Software,closing,6050_CREDIT_LOSS_EXPENSE,0.0,10.86,PROVISION,Close Expected credit loss allowance,,,
2025-02,JP01,Software,ECLCLOSE-2025-02-JP01-Software,closing,3200_RETAINED_EARNINGS,10.86,0.0,PROVISION,Close Expected credit loss allowance,,,
2025-02,JP01,Spare Parts,ECL-2025-02-JP01-SpareParts,provision,6050_CREDIT_LOSS_EXPENSE,287.7,0.0,PROVISION,Expected credit loss allowance,,,
2025-02,JP01,Spare Parts,ECL-2025-02-JP01-SpareParts,provision,1190_CREDIT_LOSS_ALLOWANCE,0.0,287.7,PROVISION,Expected credit loss allowance,,,
2025-02,JP01,Spare Parts,ECLCLOSE-2025-02-JP01-SpareParts,closing,6050_CREDIT_LOSS_EXPENSE,0.0,287.7,PROVISION,Close Expected credit loss allowance,,,
2025-02,JP01,Spare Parts,ECLCLOSE-2025-02-JP01-SpareParts,closing,3200_RETAINED_EARNINGS,287.7,0.0,PROVISION,Close Expected credit loss allowance,,,
2025-02,US01,Events,ECL-2025-02-US01-Events,provision_release,1190_CREDIT_LOSS_ALLOWANCE,1085.85,0.0,PROVISION,Release Expected credit loss allowance,,,
2025-02,US01,Events,ECL-2025-02-US01-Events,provision_release,6050_CREDIT_LOSS_EXPENSE,0.0,1085.85,PROVISION,Release Expected credit loss allowance,,,
2025-02,US01,Events,ECLCLOSE-2025-02-US01-Events,closing,6050_CREDIT_LOSS_EXPENSE,1085.85,0.0,PROVISION,Close release Expected credit loss allowance,,,
2025-02,US01,Events,ECLCLOSE-2025-02-US01-Events,closing,3200_RETAINED_EARNINGS,0.0,1085.85,PROVISION,Close release Expected credit loss allowance,,,
2025-02,US01,Hardware,ECL-2025-02-US01-Hardware,provision,6050_CREDIT_LOSS_EXPENSE,429.3,0.0,PROVISION,Expected credit loss allowance,,,
2025-02,US01,Hardware,ECL-2025-02-US01-Hardware,provision,1190_CREDIT_LOSS_ALLOWANCE,0.0,429.3,PROVISION,Expected credit loss allowance,,,
2025-02,US01,Hardware,ECLCLOSE-2025-02-US01-Hardware,closing,6050_CREDIT_LOSS_EXPENSE,0.0,429.3,PROVISION,Close Expected credit loss allowance,,,
2025-02,US01,Hardware,ECLCLOSE-2025-02-US01-Hardware,closing,3200_RETAINED_EARNINGS,429.3,0.0,PROVISION,Close Expected credit loss allowance,,,
2025-02,US01,Software,ECL-2025-02-US01-Software,provision_release,1190_CREDIT_LOSS_ALLOWANCE,40.13,0.0,PROVISION,Release Expected credit loss allowance,,,
2025-02,US01,Software,ECL-2025-02-US01-Software,provision_release,6050_CREDIT_LOSS_EXPENSE,0.0,40.13,PROVISION,Release Expected credit loss allowance,,,
2025-02,US01,Software,ECLCLOSE-2025-02-US01-Software,closing,6050_CREDIT_LOSS_EXPENSE,40.13,0.0,PROVISION,Close release Expected credit loss allowance,,,
2025-02,US01,Software,ECLCLOSE-2025-02-US01-Software,closing,3200_RETAINED_EARNINGS,0.0,40.13,PROVISION,Close release Expected credit loss allowance,,,
2025-03,DE01,Hardware,ECL-2025-03-DE01-Hardware,provision_release,1190_CREDIT_LOSS_ALLOWANCE,648.91,0.0,PROVISION,Release Expected credit loss allowance,,,
2025-03,DE01,Hardware,ECL-2025-03-DE01-Hardware,provision_release,6050_CREDIT_LOSS_EXPENSE,0.0,648.91,PROVISION,Release Expected credit loss allowance,,,
2025-03,DE01,Hardware,ECLCLOSE-2025-03-DE01-Hardware,closing,6050_CREDIT_LOSS_EXPENSE,648.91,0.0,PROVISION,Close release Expected credit loss allowance,,,
2025-03,DE01,Hardware,ECLCLOSE-2025-03-DE01-Hardware,closing,3200_RETAINED_EARNINGS,0.0,648.91,PROVISION,Close release Expected credit loss allowance,,,
2025-03,DE01,Software,ECL-2025-03-DE01-Software,provision,6050_CREDIT_LOSS_EXPENSE,38.72,0.0,PROVISION,Expected credit loss allowance,,,
2025-03,DE01,Software,ECL-2025-03-DE01-Software,provision,1190_CREDIT_LOSS_ALLOWANCE,0.0,38.72,PROVISION,Expected credit loss allowance,,,
2025-03,DE01,Software,ECLCLOSE-2025-03-DE01-Software,closing,6050_CREDIT_LOSS_EXPENSE,0.0,38.72,PROVISION,Close Expected credit loss allowance,,,
2025-03,DE01,Software,ECLCLOSE-2025-03-DE01-Software,closing,3200_RETAINED_EARNINGS,38.72,0.0,PROVISION,Close Expected credit loss allowance,,,
2025-03,ES01,Events,ECL-2025-03-ES01-Events,provision_release,1190_CREDIT_LOSS_ALLOWANCE,1273.06,0.0,PROVISION,Release Expected credit loss allowance,,,
2025-03,ES01,Events,ECL-2025-03-ES01-Events,provision_release,6050_CREDIT_LOSS_EXPENSE,0.0,1273.06,PROVISION,Release Expected credit loss allowance,,,
2025-03,ES01,Events,ECLCLOSE-2025-03-ES01-Events,closing,6050_CREDIT_LOSS_EXPENSE,1273.06,0.0,PROVISION,Close release Expected credit loss allowance,,,
2025-03,ES01,Events,ECLCLOSE-2025-03-ES01-Events,closing,3200_RETAINED_EARNINGS,0.0,1273.06,PROVISION,Close release Expected credit loss allowance,,,
2025-03,ES01,Hardware,ECL-2025-03-ES01-Hardware,provision,6050_CREDIT_LOSS_EXPENSE,1802.1,0.0,PROVISION,Expected credit loss allowance,,,
2025-03,ES01,Hardware,ECL-2025-03-ES01-Hardware,provision,1190_CREDIT_LOSS_ALLOWANCE,0.0,1802.1,PROVISION,Expected credit loss allowance,,,
2025-03,ES01,Hardware,ECLCLOSE-2025-03-ES01-Hardware,closing,6050_CREDIT_LOSS_EXPENSE,0.0,1802.1,PROVISION,Close Expected credit loss allowance,,,
2025-03,ES01,Hardware,ECLCLOSE-2025-03-ES01-Hardware,closing,3200_RETAINED_EARNINGS,1802.1,0.0,PROVISION,Close Expected credit loss allowance,,,
2025-03,ES01,Spare Parts,ECL-2025-03-ES01-SpareParts,provision,6050_CREDIT_LOSS_EXPENSE,568.43,0.0,PROVISION,Expected credit loss allowance,,,
2025-03,ES01,Spare Parts,ECL-2025-03-ES01-SpareParts,provision,1190_CREDIT_LOSS_ALLOWANCE,0.0,568.43,PROVISION,Expected credit loss allowance,,,
2025-03,ES01,Spare Parts,ECLCLOSE-2025-03-ES01-SpareParts,closing,6050_CREDIT_LOSS_EXPENSE,0.0,568.43,PROVISION,Close Expected credit loss allowance,,,
2025-03,ES01,Spare Parts,ECLCLOSE-2025-03-ES01-SpareParts,closing,3200_RETAINED_EARNINGS,568.43,0.0,PROVISION,Close Expected credit loss allowance,,,
2025-03,JP01,Hardware,ECL-2025-03-JP01-Hardware,provision,6050_CREDIT_LOSS_EXPENSE,2102.98,0.0,PROVISION,Expected credit loss allowance,,,
2025-03,JP01,Hardware,ECL-2025-03-JP01-Hardware,provision,1190_CREDIT_LOSS_ALLOWANCE,0.0,2102.98,PROVISION,Expected credit loss allowance,,,
2025-03,JP01,Hardware,ECLCLOSE-2025-03-JP01-Hardware,closing,6050_CREDIT_LOSS_EXPENSE,0.0,2102.98,PROVISION,Close Expected credit loss allowance,,,
2025-03,JP01,Hardware,ECLCLOSE-2025-03-JP01-Hardware,closing,3200_RETAINED_EARNINGS,2102.98,0.0,PROVISION,Close Expected credit loss allowance,,,
2025-03,JP01,Software,ECL-2025-03-JP01-Software,provision_release,1190_CREDIT_LOSS_ALLOWANCE,17.79,0.0,PROVISION,Release Expected credit loss allowance,,,
2025-03,JP01,Software,ECL-2025-03-JP01-Software,provision_release,6050_CREDIT_LOSS_EXPENSE,0.0,17.79,PROVISION,Release Expected credit loss allowance,,,
2025-03,JP01,Software,ECLCLOSE-2025-03-JP01-Software,closing,6050_CREDIT_LOSS_EXPENSE,17.79,0.0,PROVISION,Close release Expected credit loss allowance,,,
2025-03,JP01,Software,ECLCLOSE-2025-03-JP01-Software,closing,3200_RETAINED_EARNINGS,0.0,17.79,PROVISION,Close release Expected credit loss allowance,,,
2025-03,JP01,Spare Parts,ECL-2025-03-JP01-SpareParts,provision,6050_CREDIT_LOSS_EXPENSE,684.46,0.0,PROVISION,Expected credit loss allowance,,,
2025-03,JP01,Spare Parts,ECL-2025-03-JP01-SpareParts,provision,1190_CREDIT_LOSS_ALLOWANCE,0.0,684.46,PROVISION,Expected credit loss allowance,,,
2025-03,JP01,Spare Parts,ECLCLOSE-2025-03-JP01-SpareParts,closing,6050_CREDIT_LOSS_EXPENSE,0.0,684.46,PROVISION,Close Expected credit loss allowance,,,
2025-03,JP01,Spare Parts,ECLCLOSE-2025-03-JP01-SpareParts,closing,3200_RETAINED_EARNINGS,684.46,0.0,PROVISION,Close Expected credit loss allowance,,,
2025-03,US01,Events,ECL-2025-03-US01-Events,provision,6050_CREDIT_LOSS_EXPENSE,46.7,0.0,PROVISION,Expected credit loss allowance,,,
2025-03,US01,Events,ECL-2025-03-US01-Events,provision,1190_CREDIT_LOSS_ALLOWANCE,0.0,46.7,PROVISION,Expected credit loss allowance,,,
2025-03,US01,Events,ECLCLOSE-2025-03-US01-Events,closing,6050_CREDIT_LOSS_EXPENSE,0.0,46.7,PROVISION,Close Expected credit loss allowance,,,
2025-03,US01,Events,ECLCLOSE-2025-03-US01-Events,closing,3200_RETAINED_EARNINGS,46.7,0.0,PROVISION,Close Expected credit loss allowance,,,
2025-03,US01,Hardware,ECL-2025-03-US01-Hardware,provision,6050_CREDIT_LOSS_EXPENSE,1895.69,0.0,PROVISION,Expected credit loss allowance,,,
2025-03,US01,Hardware,ECL-2025-03-US01-Hardware,provision,1190_CREDIT_LOSS_ALLOWANCE,0.0,1895.69,PROVISION,Expected credit loss allowance,,,
2025-03,US01,Hardware,ECLCLOSE-2025-03-US01-Hardware,closing,6050_CREDIT_LOSS_EXPENSE,0.0,1895.69,PROVISION,Close Expected credit loss allowance,,,
2025-03,US01,Hardware,ECLCLOSE-2025-03-US01-Hardware,closing,3200_RETAINED_EARNINGS,1895.69,0.0,PROVISION,Close Expected credit loss allowance,,,
2025-03,US01,Software,ECL-2025-03-US01-Software,provision,6050_CREDIT_LOSS_EXPENSE,10.77,0.0,PROVISION,Expected credit loss allowance,,,
2025-03,US01,Software,ECL-2025-03-US01-Software,provision,1190_CREDIT_LOSS_ALLOWANCE,0.0,10.77,PROVISION,Expected credit loss allowance,,,
2025-03,US01,Software,ECLCLOSE-2025-03-US01-Software,closing,6050_CREDIT_LOSS_EXPENSE,0.0,10.77,PROVISION,Close Expected credit loss allowance,,,
2025-03,US01,Software,ECLCLOSE-2025-03-US01-Software,closing,3200_RETAINED_EARNINGS,10.77,0.0,PROVISION,Close Expected credit loss allowance,,,
2025-04,DE01,Hardware,ECL-2025-04-DE01-Hardware,provision,6050_CREDIT_LOSS_EXPENSE,2.66,0.0,PROVISION,Expected credit loss allowance,,,
2025-04,DE01,Hardware,ECL-2025-04-DE01-Hardware,provision,1190_CREDIT_LOSS_ALLOWANCE,0.0,2.66,PROVISION,Expected credit loss allowance,,,
2025-04,DE01,Hardware,ECLCLOSE-2025-04-DE01-Hardware,closing,6050_CREDIT_LOSS_EXPENSE,0.0,2.66,PROVISION,Close Expected credit loss allowance,,,
2025-04,DE01,Hardware,ECLCLOSE-2025-04-DE01-Hardware,closing,3200_RETAINED_EARNINGS,2.66,0.0,PROVISION,Close Expected credit loss allowance,,,
2025-04,DE01,Software,ECL-2025-04-DE01-Software,provision,6050_CREDIT_LOSS_EXPENSE,13.6,0.0,PROVISION,Expected credit loss allowance,,,
2025-04,DE01,Software,ECL-2025-04-DE01-Software,provision,1190_CREDIT_LOSS_ALLOWANCE,0.0,13.6,PROVISION,Expected credit loss allowance,,,
2025-04,DE01,Software,ECLCLOSE-2025-04-DE01-Software,closing,6050_CREDIT_LOSS_EXPENSE,0.0,13.6,PROVISION,Close Expected credit loss allowance,,,
2025-04,DE01,Software,ECLCLOSE-2025-04-DE01-Software,closing,3200_RETAINED_EARNINGS,13.6,0.0,PROVISION,Close Expected credit loss allowance,,,
2025-04,ES01,Events,ECL-2025-04-ES01-Events,provision,6050_CREDIT_LOSS_EXPENSE,268.7,0.0,PROVISION,Expected credit loss allowance,,,
2025-04,ES01,Events,ECL-2025-04-ES01-Events,provision,1190_CREDIT_LOSS_ALLOWANCE,0.0,268.7,PROVISION,Expected credit loss allowance,,,
2025-04,ES01,Events,ECLCLOSE-2025-04-ES01-Events,closing,6050_CREDIT_LOSS_EXPENSE,0.0,268.7,PROVISION,Close Expected credit loss allowance,,,
2025-04,ES01,Events,ECLCLOSE-2025-04-ES01-Events,closing,3200_RETAINED_EARNINGS,268.7,0.0,PROVISION,Close Expected credit loss allowance,,,
2025-04,ES01,Hardware,ECL-2025-04-ES01-Hardware,provision_release,1190_CREDIT_LOSS_ALLOWANCE,153.89,0.0,PROVISION,Release Expected credit loss allowance,,,
2025-04,ES01,Hardware,ECL-2025-04-ES01-Hardware,provision_release,6050_CREDIT_LOSS_EXPENSE,0.0,153.89,PROVISION,Release Expected credit loss allowance,,,
2025-04,ES01,Hardware,ECLCLOSE-2025-04-ES01-Hardware,closing,6050_CREDIT_LOSS_EXPENSE,153.89,0.0,PROVISION,Close release Expected credit loss allowance,,,
2025-04,ES01,Hardware,ECLCLOSE-2025-04-ES01-Hardware,closing,3200_RETAINED_EARNINGS,0.0,153.89,PROVISION,Close release Expected credit loss allowance,,,
2025-04,ES01,Spare Parts,ECL-2025-04-ES01-SpareParts,provision,6050_CREDIT_LOSS_EXPENSE,51.17,0.0,PROVISION,Expected credit loss allowance,,,
2025-04,ES01,Spare Parts,ECL-2025-04-ES01-SpareParts,provision,1190_CREDIT_LOSS_ALLOWANCE,0.0,51.17,PROVISION,Expected credit loss allowance,,,
2025-04,ES01,Spare Parts,ECLCLOSE-2025-04-ES01-SpareParts,closing,6050_CREDIT_LOSS_EXPENSE,0.0,51.17,PROVISION,Close Expected credit loss allowance,,,
2025-04,ES01,Spare Parts,ECLCLOSE-2025-04-ES01-SpareParts,closing,3200_RETAINED_EARNINGS,51.17,0.0,PROVISION,Close Expected credit loss allowance,,,
2025-04,JP01,Hardware,ECL-2025-04-JP01-Hardware,provision,6050_CREDIT_LOSS_EXPENSE,366.28,0.0,PROVISION,Expected credit loss allowance,,,
2025-04,JP01,Hardware,ECL-2025-04-JP01-Hardware,provision,1190_CREDIT_LOSS_ALLOWANCE,0.0,366.28,PROVISION,Expected credit loss allowance,,,
2025-04,JP01,Hardware,ECLCLOSE-2025-04-JP01-Hardware,closing,6050_CREDIT_LOSS_EXPENSE,0.0,366.28,PROVISION,Close Expected credit loss allowance,,,
2025-04,JP01,Hardware,ECLCLOSE-2025-04-JP01-Hardware,closing,3200_RETAINED_EARNINGS,366.28,0.0,PROVISION,Close Expected credit loss allowance,,,
2025-04,JP01,Software,ECL-2025-04-JP01-Software,provision,6050_CREDIT_LOSS_EXPENSE,39.01,0.0,PROVISION,Expected credit loss allowance,,,
2025-04,JP01,Software,ECL-2025-04-JP01-Software,provision,1190_CREDIT_LOSS_ALLOWANCE,0.0,39.01,PROVISION,Expected credit loss allowance,,,
2025-04,JP01,Software,ECLCLOSE-2025-04-JP01-Software,closing,6050_CREDIT_LOSS_EXPENSE,0.0,39.01,PROVISION,Close Expected credit loss allowance,,,
2025-04,JP01,Software,ECLCLOSE-2025-04-JP01-Software,closing,3200_RETAINED_EARNINGS,39.01,0.0,PROVISION,Close Expected credit loss allowance,,,
2025-04,JP01,Spare Parts,ECL-2025-04-JP01-SpareParts,provision,6050_CREDIT_LOSS_EXPENSE,103.22,0.0,PROVISION,Expected credit loss allowance,,,
2025-04,JP01,Spare Parts,ECL-2025-04-JP01-SpareParts,provision,1190_CREDIT_LOSS_ALLOWANCE,0.0,103.22,PROVISION,Expected credit loss allowance,,,
2025-04,JP01,Spare Parts,ECLCLOSE-2025-04-JP01-SpareParts,closing,6050_CREDIT_LOSS_EXPENSE,0.0,103.22,PROVISION,Close Expected credit loss allowance,,,
2025-04,JP01,Spare Parts,ECLCLOSE-2025-04-JP01-SpareParts,closing,3200_RETAINED_EARNINGS,103.22,0.0,PROVISION,Close Expected credit loss allowance,,,
2025-04,US01,Events,ECL-2025-04-US01-Events,provision,6050_CREDIT_LOSS_EXPENSE,281.39,0.0,PROVISION,Expected credit loss allowance,,,
2025-04,US01,Events,ECL-2025-04-US01-Events,provision,1190_CREDIT_LOSS_ALLOWANCE,0.0,281.39,PROVISION,Expected credit loss allowance,,,
2025-04,US01,Events,ECLCLOSE-2025-04-US01-Events,closing,6050_CREDIT_LOSS_EXPENSE,0.0,281.39,PROVISION,Close Expected credit loss allowance,,,
2025-04,US01,Events,ECLCLOSE-2025-04-US01-Events,closing,3200_RETAINED_EARNINGS,281.39,0.0,PROVISION,Close Expected credit loss allowance,,,
2025-04,US01,Hardware,ECL-2025-04-US01-Hardware,provision_release,1190_CREDIT_LOSS_ALLOWANCE,503.28,0.0,PROVISION,Release Expected credit loss allowance,,,
2025-04,US01,Hardware,ECL-2025-04-US01-Hardware,provision_release,6050_CREDIT_LOSS_EXPENSE,0.0,503.28,PROVISION,Release Expected credit loss allowance,,,
2025-04,US01,Hardware,ECLCLOSE-2025-04-US01-Hardware,closing,6050_CREDIT_LOSS_EXPENSE,503.28,0.0,PROVISION,Close release Expected credit loss allowance,,,
2025-04,US01,Hardware,ECLCLOSE-2025-04-US01-Hardware,closing,3200_RETAINED_EARNINGS,0.0,503.28,PROVISION,Close release Expected credit loss allowance,,,
2025-04,US01,Software,ECL-2025-04-US01-Software,provision,6050_CREDIT_LOSS_EXPENSE,29.62,0.0,PROVISION,Expected credit loss allowance,,,
2025-04,US01,Software,ECL-2025-04-US01-Software,provision,1190_CREDIT_LOSS_ALLOWANCE,0.0,29.62,PROVISION,Expected credit loss allowance,,,
2025-04,US01,Software,ECLCLOSE-2025-04-US01-Software,closing,6050_CREDIT_LOSS_EXPENSE,0.0,29.62,PROVISION,Close Expected credit loss allowance,,,
2025-04,US01,Software,ECLCLOSE-2025-04-US01-Software,closing,3200_RETAINED_EARNINGS,29.62,0.0,PROVISION,Close Expected credit loss allowance,,,
2025-05,DE01,Hardware,ECL-2025-05-DE01-Hardware,provision,6050_CREDIT_LOSS_EXPENSE,1204.5,0.0,PROVISION,Expected credit loss allowance,,,
2025-05,DE01,Hardware,ECL-2025-05-DE01-Hardware,provision,1190_CREDIT_LOSS_ALLOWANCE,0.0,1204.5,PROVISION,Expected credit loss allowance,,,
2025-05,DE01,Hardware,ECLCLOSE-2025-05-DE01-Hardware,closing,6050_CREDIT_LOSS_EXPENSE,0.0,1204.5,PROVISION,Close Expected credit loss allowance,,,
2025-05,DE01,Hardware,ECLCLOSE-2025-05-DE01-Hardware,closing,3200_RETAINED_EARNINGS,1204.5,0.0,PROVISION,Close Expected credit loss allowance,,,
2025-05,DE01,Software,ECL-2025-05-DE01-Software,provision_release,1190_CREDIT_LOSS_ALLOWANCE,6.61,0.0,PROVISION,Release Expected credit loss allowance,,,
2025-05,DE01,Software,ECL-2025-05-DE01-Software,provision_release,6050_CREDIT_LOSS_EXPENSE,0.0,6.61,PROVISION,Release Expected credit loss allowance,,,
2025-05,DE01,Software,ECLCLOSE-2025-05-DE01-Software,closing,6050_CREDIT_LOSS_EXPENSE,6.61,0.0,PROVISION,Close release Expected credit loss allowance,,,
2025-05,DE01,Software,ECLCLOSE-2025-05-DE01-Software,closing,3200_RETAINED_EARNINGS,0.0,6.61,PROVISION,Close release Expected credit loss allowance,,,
2025-05,ES01,Events,ECL-2025-05-ES01-Events,provision,6050_CREDIT_LOSS_EXPENSE,1060.3,0.0,PROVISION,Expected credit loss allowance,,,
2025-05,ES01,Events,ECL-2025-05-ES01-Events,provision,1190_CREDIT_LOSS_ALLOWANCE,0.0,1060.3,PROVISION,Expected credit loss allowance,,,
2025-05,ES01,Events,ECLCLOSE-2025-05-ES01-Events,closing,6050_CREDIT_LOSS_EXPENSE,0.0,1060.3,PROVISION,Close Expected credit loss allowance,,,
2025-05,ES01,Events,ECLCLOSE-2025-05-ES01-Events,closing,3200_RETAINED_EARNINGS,1060.3,0.0,PROVISION,Close Expected credit loss allowance,,,
2025-05,ES01,Hardware,ECL-2025-05-ES01-Hardware,provision,6050_CREDIT_LOSS_EXPENSE,509.65,0.0,PROVISION,Expected credit loss allowance,,,
2025-05,ES01,Hardware,ECL-2025-05-ES01-Hardware,provision,1190_CREDIT_LOSS_ALLOWANCE,0.0,509.65,PROVISION,Expected credit loss allowance,,,
2025-05,ES01,Hardware,ECLCLOSE-2025-05-ES01-Hardware,closing,6050_CREDIT_LOSS_EXPENSE,0.0,509.65,PROVISION,Close Expected credit loss allowance,,,
2025-05,ES01,Hardware,ECLCLOSE-2025-05-ES01-Hardware,closing,3200_RETAINED_EARNINGS,509.65,0.0,PROVISION,Close Expected credit loss allowance,,,
2025-05,ES01,Spare Parts,ECL-2025-05-ES01-SpareParts,provision,6050_CREDIT_LOSS_EXPENSE,121.1,0.0,PROVISION,Expected credit loss allowance,,,
2025-05,ES01,Spare Parts,ECL-2025-05-ES01-SpareParts,provision,1190_CREDIT_LOSS_ALLOWANCE,0.0,121.1,PROVISION,Expected credit loss allowance,,,
2025-05,ES01,Spare Parts,ECLCLOSE-2025-05-ES01-SpareParts,closing,6050_CREDIT_LOSS_EXPENSE,0.0,121.1,PROVISION,Close Expected credit loss allowance,,,
2025-05,ES01,Spare Parts,ECLCLOSE-2025-05-ES01-SpareParts,closing,3200_RETAINED_EARNINGS,121.1,0.0,PROVISION,Close Expected credit loss allowance,,,
2025-05,JP01,Hardware,ECL-2025-05-JP01-Hardware,provision,6050_CREDIT_LOSS_EXPENSE,321.95,0.0,PROVISION,Expected credit loss allowance,,,
2025-05,JP01,Hardware,ECL-2025-05-JP01-Hardware,provision,1190_CREDIT_LOSS_ALLOWANCE,0.0,321.95,PROVISION,Expected credit loss allowance,,,
2025-05,JP01,Hardware,ECLCLOSE-2025-05-JP01-Hardware,closing,6050_CREDIT_LOSS_EXPENSE,0.0,321.95,PROVISION,Close Expected credit loss allowance,,,
2025-05,JP01,Hardware,ECLCLOSE-2025-05-JP01-Hardware,closing,3200_RETAINED_EARNINGS,321.95,0.0,PROVISION,Close Expected credit loss allowance,,,
2025-05,JP01,Software,ECL-2025-05-JP01-Software,provision_release,1190_CREDIT_LOSS_ALLOWANCE,16.56,0.0,PROVISION,Release Expected credit loss allowance,,,
2025-05,JP01,Software,ECL-2025-05-JP01-Software,provision_release,6050_CREDIT_LOSS_EXPENSE,0.0,16.56,PROVISION,Release Expected credit loss allowance,,,
2025-05,JP01,Software,ECLCLOSE-2025-05-JP01-Software,closing,6050_CREDIT_LOSS_EXPENSE,16.56,0.0,PROVISION,Close release Expected credit loss allowance,,,
2025-05,JP01,Software,ECLCLOSE-2025-05-JP01-Software,closing,3200_RETAINED_EARNINGS,0.0,16.56,PROVISION,Close release Expected credit loss allowance,,,
2025-05,JP01,Spare Parts,ECL-2025-05-JP01-SpareParts,provision,6050_CREDIT_LOSS_EXPENSE,146.99,0.0,PROVISION,Expected credit loss allowance,,,
2025-05,JP01,Spare Parts,ECL-2025-05-JP01-SpareParts,provision,1190_CREDIT_LOSS_ALLOWANCE,0.0,146.99,PROVISION,Expected credit loss allowance,,,
2025-05,JP01,Spare Parts,ECLCLOSE-2025-05-JP01-SpareParts,closing,6050_CREDIT_LOSS_EXPENSE,0.0,146.99,PROVISION,Close Expected credit loss allowance,,,
2025-05,JP01,Spare Parts,ECLCLOSE-2025-05-JP01-SpareParts,closing,3200_RETAINED_EARNINGS,146.99,0.0,PROVISION,Close Expected credit loss allowance,,,
2025-05,US01,Events,ECL-2025-05-US01-Events,provision,6050_CREDIT_LOSS_EXPENSE,1217.58,0.0,PROVISION,Expected credit loss allowance,,,
2025-05,US01,Events,ECL-2025-05-US01-Events,provision,1190_CREDIT_LOSS_ALLOWANCE,0.0,1217.58,PROVISION,Expected credit loss allowance,,,
2025-05,US01,Events,ECLCLOSE-2025-05-US01-Events,closing,6050_CREDIT_LOSS_EXPENSE,0.0,1217.58,PROVISION,Close Expected credit loss allowance,,,
2025-05,US01,Events,ECLCLOSE-2025-05-US01-Events,closing,3200_RETAINED_EARNINGS,1217.58,0.0,PROVISION,Close Expected credit loss allowance,,,
2025-05,US01,Hardware,ECL-2025-05-US01-Hardware,provision,6050_CREDIT_LOSS_EXPENSE,597.02,0.0,PROVISION,Expected credit loss allowance,,,
2025-05,US01,Hardware,ECL-2025-05-US01-Hardware,provision,1190_CREDIT_LOSS_ALLOWANCE,0.0,597.02,PROVISION,Expected credit loss allowance,,,
2025-05,US01,Hardware,ECLCLOSE-2025-05-US01-Hardware,closing,6050_CREDIT_LOSS_EXPENSE,0.0,597.02,PROVISION,Close Expected credit loss allowance,,,
2025-05,US01,Hardware,ECLCLOSE-2025-05-US01-Hardware,closing,3200_RETAINED_EARNINGS,597.02,0.0,PROVISION,Close Expected credit loss allowance,,,
2025-05,US01,Software,ECL-2025-05-US01-Software,provision,6050_CREDIT_LOSS_EXPENSE,19.97,0.0,PROVISION,Expected credit loss allowance,,,
2025-05,US01,Software,ECL-2025-05-US01-Software,provision,1190_CREDIT_LOSS_ALLOWANCE,0.0,19.97,PROVISION,Expected credit loss allowance,,,
2025-05,US01,Software,ECLCLOSE-2025-05-US01-Software,closing,6050_CREDIT_LOSS_EXPENSE,0.0,19.97,PROVISION,Close Expected credit loss allowance,,,
2025-05,US01,Software,ECLCLOSE-2025-05-US01-Software,closing,3200_RETAINED_EARNINGS,19.97,0.0,PROVISION,Close Expected credit loss allowance,,,
2025-06,DE01,Hardware,ECL-2025-06-DE01-Hardware,provision_release,1190_CREDIT_LOSS_ALLOWANCE,222.01,0.0,PROVISION,Release Expected credit loss allowance,,,
2025-06,DE01,Hardware,ECL-2025-06-DE01-Hardware,provision_release,6050_CREDIT_LOSS_EXPENSE,0.0,222.01,PROVISION,Release Expected credit loss allowance,,,
2025-06,DE01,Hardware,ECLCLOSE-2025-06-DE01-Hardware,closing,6050_CREDIT_LOSS_EXPENSE,222.01,0.0,PROVISION,Close release Expected credit loss allowance,,,
2025-06,DE01,Hardware,ECLCLOSE-2025-06-DE01-Hardware,closing,3200_RETAINED_EARNINGS,0.0,222.01,PROVISION,Close release Expected credit loss allowance,,,
2025-06,DE01,Software,ECL-2025-06-DE01-Software,provision,6050_CREDIT_LOSS_EXPENSE,13.22,0.0,PROVISION,Expected credit loss allowance,,,
2025-06,DE01,Software,ECL-2025-06-DE01-Software,provision,1190_CREDIT_LOSS_ALLOWANCE,0.0,13.22,PROVISION,Expected credit loss allowance,,,
2025-06,DE01,Software,ECLCLOSE-2025-06-DE01-Software,closing,6050_CREDIT_LOSS_EXPENSE,0.0,13.22,PROVISION,Close Expected credit loss allowance,,,
2025-06,DE01,Software,ECLCLOSE-2025-06-DE01-Software,closing,3200_RETAINED_EARNINGS,13.22,0.0,PROVISION,Close Expected credit loss allowance,,,
2025-06,ES01,Events,ECL-2025-06-ES01-Events,provision,6050_CREDIT_LOSS_EXPENSE,606.18,0.0,PROVISION,Expected credit loss allowance,,,
2025-06,ES01,Events,ECL-2025-06-ES01-Events,provision,1190_CREDIT_LOSS_ALLOWANCE,0.0,606.18,PROVISION,Expected credit loss allowance,,,
2025-06,ES01,Events,ECLCLOSE-2025-06-ES01-Events,closing,6050_CREDIT_LOSS_EXPENSE,0.0,606.18,PROVISION,Close Expected credit loss allowance,,,
2025-06,ES01,Events,ECLCLOSE-2025-06-ES01-Events,closing,3200_RETAINED_EARNINGS,606.18,0.0,PROVISION,Close Expected credit loss allowance,,,
2025-06,ES01,Hardware,ECL-2025-06-ES01-Hardware,provision,6050_CREDIT_LOSS_EXPENSE,323.95,0.0,PROVISION,Expected credit loss allowance,,,
2025-06,ES01,Hardware,ECL-2025-06-ES01-Hardware,provision,1190_CREDIT_LOSS_ALLOWANCE,0.0,323.95,PROVISION,Expected credit loss allowance,,,
2025-06,ES01,Hardware,ECLCLOSE-2025-06-ES01-Hardware,closing,6050_CREDIT_LOSS_EXPENSE,0.0,323.95,PROVISION,Close Expected credit loss allowance,,,
2025-06,ES01,Hardware,ECLCLOSE-2025-06-ES01-Hardware,closing,3200_RETAINED_EARNINGS,323.95,0.0,PROVISION,Close Expected credit loss allowance,,,
2025-06,ES01,Spare Parts,ECL-2025-06-ES01-SpareParts,provision,6050_CREDIT_LOSS_EXPENSE,196.35,0.0,PROVISION,Expected credit loss allowance,,,
2025-06,ES01,Spare Parts,ECL-2025-06-ES01-SpareParts,provision,1190_CREDIT_LOSS_ALLOWANCE,0.0,196.35,PROVISION,Expected credit loss allowance,,,
2025-06,ES01,Spare Parts,ECLCLOSE-2025-06-ES01-SpareParts,closing,6050_CREDIT_LOSS_EXPENSE,0.0,196.35,PROVISION,Close Expected credit loss allowance,,,
2025-06,ES01,Spare Parts,ECLCLOSE-2025-06-ES01-SpareParts,closing,3200_RETAINED_EARNINGS,196.35,0.0,PROVISION,Close Expected credit loss allowance,,,
2025-06,JP01,Hardware,ECL-2025-06-JP01-Hardware,provision,6050_CREDIT_LOSS_EXPENSE,2.93,0.0,PROVISION,Expected credit loss allowance,,,
2025-06,JP01,Hardware,ECL-2025-06-JP01-Hardware,provision,1190_CREDIT_LOSS_ALLOWANCE,0.0,2.93,PROVISION,Expected credit loss allowance,,,
2025-06,JP01,Hardware,ECLCLOSE-2025-06-JP01-Hardware,closing,6050_CREDIT_LOSS_EXPENSE,0.0,2.93,PROVISION,Close Expected credit loss allowance,,,
2025-06,JP01,Hardware,ECLCLOSE-2025-06-JP01-Hardware,closing,3200_RETAINED_EARNINGS,2.93,0.0,PROVISION,Close Expected credit loss allowance,,,
2025-06,JP01,Software,ECL-2025-06-JP01-Software,provision,6050_CREDIT_LOSS_EXPENSE,53.09,0.0,PROVISION,Expected credit loss allowance,,,
2025-06,JP01,Software,ECL-2025-06-JP01-Software,provision,1190_CREDIT_LOSS_ALLOWANCE,0.0,53.09,PROVISION,Expected credit loss allowance,,,
2025-06,JP01,Software,ECLCLOSE-2025-06-JP01-Software,closing,6050_CREDIT_LOSS_EXPENSE,0.0,53.09,PROVISION,Close Expected credit loss allowance,,,
2025-06,JP01,Software,ECLCLOSE-2025-06-JP01-Software,closing,3200_RETAINED_EARNINGS,53.09,0.0,PROVISION,Close Expected credit loss allowance,,,
2025-06,JP01,Spare Parts,ECL-2025-06-JP01-SpareParts,provision,6050_CREDIT_LOSS_EXPENSE,261.91,0.0,PROVISION,Expected credit loss allowance,,,
2025-06,JP01,Spare Parts,ECL-2025-06-JP01-SpareParts,provision,1190_CREDIT_LOSS_ALLOWANCE,0.0,261.91,PROVISION,Expected credit loss allowance,,,
2025-06,JP01,Spare Parts,ECLCLOSE-2025-06-JP01-SpareParts,closing,6050_CREDIT_LOSS_EXPENSE,0.0,261.91,PROVISION,Close Expected credit loss allowance,,,
2025-06,JP01,Spare Parts,ECLCLOSE-2025-06-JP01-SpareParts,closing,3200_RETAINED_EARNINGS,261.91,0.0,PROVISION,Close Expected credit loss allowance,,,
2025-06,US01,Events,ECL-2025-06-US01-Events,provision_release,1190_CREDIT_LOSS_ALLOWANCE,1261.67,0.0,PROVISION,Release Expected credit loss allowance,,,
2025-06,US01,Events,ECL-2025-06-US01-Events,provision_release,6050_CREDIT_LOSS_EXPENSE,0.0,1261.67,PROVISION,Release Expected credit loss allowance,,,
2025-06,US01,Events,ECLCLOSE-2025-06-US01-Events,closing,6050_CREDIT_LOSS_EXPENSE,1261.67,0.0,PROVISION,Close release Expected credit loss allowance,,,
2025-06,US01,Events,ECLCLOSE-2025-06-US01-Events,closing,3200_RETAINED_EARNINGS,0.0,1261.67,PROVISION,Close release Expected credit loss allowance,,,
2025-06,US01,Hardware,ECL-2025-06-US01-Hardware,provision,6050_CREDIT_LOSS_EXPENSE,306.64,0.0,PROVISION,Expected credit loss allowance,,,
2025-06,US01,Hardware,ECL-2025-06-US01-Hardware,provision,1190_CREDIT_LOSS_ALLOWANCE,0.0,306.64,PROVISION,Expected credit loss allowance,,,
2025-06,US01,Hardware,ECLCLOSE-2025-06-US01-Hardware,closing,6050_CREDIT_LOSS_EXPENSE,0.0,306.64,PROVISION,Close Expected credit loss allowance,,,
2025-06,US01,Hardware,ECLCLOSE-2025-06-US01-Hardware,closing,3200_RETAINED_EARNINGS,306.64,0.0,PROVISION,Close Expected credit loss allowance,,,
2025-06,US01,Software,ECL-2025-06-US01-Software,provision,6050_CREDIT_LOSS_EXPENSE,12.04,0.0,PROVISION,Expected credit loss allowance,,,
2025-06,US01,Software,ECL-2025-06-US01-Software,provision,1190_CREDIT_LOSS_ALLOWANCE,0.0,12.04,PROVISION,Expected credit loss allowance,,,
2025-06,US01,Software,ECLCLOSE-2025-06-US01-Software,closing,6050_CREDIT_LOSS_EXPENSE,0.0,12.04,PROVISION,Close Expected credit loss allowance,,,
2025-06,US01,Software,ECLCLOSE-2025-06-US01-Software,closing,3200_RETAINED_EARNINGS,12.04,0.0,PROVISION,Close Expected credit loss allowance,,,
2025-07,DE01,Hardware,ECL-2025-07-DE01-Hardware,provision_release,1190_CREDIT_LOSS_ALLOWANCE,251.94,0.0,PROVISION,Release Expected credit loss allowance,,,
2025-07,DE01,Hardware,ECL-2025-07-DE01-Hardware,provision_release,6050_CREDIT_LOSS_EXPENSE,0.0,251.94,PROVISION,Release Expected credit loss allowance,,,
2025-07,DE01,Hardware,ECLCLOSE-2025-07-DE01-Hardware,closing,6050_CREDIT_LOSS_EXPENSE,251.94,0.0,PROVISION,Close release Expected credit loss allowance,,,
2025-07,DE01,Hardware,ECLCLOSE-2025-07-DE01-Hardware,closing,3200_RETAINED_EARNINGS,0.0,251.94,PROVISION,Close release Expected credit loss allowance,,,
2025-07,DE01,Software,ECL-2025-07-DE01-Software,provision,6050_CREDIT_LOSS_EXPENSE,0.61,0.0,PROVISION,Expected credit loss allowance,,,
2025-07,DE01,Software,ECL-2025-07-DE01-Software,provision,1190_CREDIT_LOSS_ALLOWANCE,0.0,0.61,PROVISION,Expected credit loss allowance,,,
2025-07,DE01,Software,ECLCLOSE-2025-07-DE01-Software,closing,6050_CREDIT_LOSS_EXPENSE,0.0,0.61,PROVISION,Close Expected credit loss allowance,,,
2025-07,DE01,Software,ECLCLOSE-2025-07-DE01-Software,closing,3200_RETAINED_EARNINGS,0.61,0.0,PROVISION,Close Expected credit loss allowance,,,
2025-07,ES01,Events,ECL-2025-07-ES01-Events,provision,6050_CREDIT_LOSS_EXPENSE,1189.85,0.0,PROVISION,Expected credit loss allowance,,,
2025-07,ES01,Events,ECL-2025-07-ES01-Events,provision,1190_CREDIT_LOSS_ALLOWANCE,0.0,1189.85,PROVISION,Expected credit loss allowance,,,
2025-07,ES01,Events,ECLCLOSE-2025-07-ES01-Events,closing,6050_CREDIT_LOSS_EXPENSE,0.0,1189.85,PROVISION,Close Expected credit loss allowance,,,
2025-07,ES01,Events,ECLCLOSE-2025-07-ES01-Events,closing,3200_RETAINED_EARNINGS,1189.85,0.0,PROVISION,Close Expected credit loss allowance,,,
2025-07,ES01,Hardware,ECL-2025-07-ES01-Hardware,provision_release,1190_CREDIT_LOSS_ALLOWANCE,1182.94,0.0,PROVISION,Release Expected credit loss allowance,,,
2025-07,ES01,Hardware,ECL-2025-07-ES01-Hardware,provision_release,6050_CREDIT_LOSS_EXPENSE,0.0,1182.94,PROVISION,Release Expected credit loss allowance,,,
2025-07,ES01,Hardware,ECLCLOSE-2025-07-ES01-Hardware,closing,6050_CREDIT_LOSS_EXPENSE,1182.94,0.0,PROVISION,Close release Expected credit loss allowance,,,
2025-07,ES01,Hardware,ECLCLOSE-2025-07-ES01-Hardware,closing,3200_RETAINED_EARNINGS,0.0,1182.94,PROVISION,Close release Expected credit loss allowance,,,
2025-07,ES01,Spare Parts,ECL-2025-07-ES01-SpareParts,provision_release,1190_CREDIT_LOSS_ALLOWANCE,538.84,0.0,PROVISION,Release Expected credit loss allowance,,,
2025-07,ES01,Spare Parts,ECL-2025-07-ES01-SpareParts,provision_release,6050_CREDIT_LOSS_EXPENSE,0.0,538.84,PROVISION,Release Expected credit loss allowance,,,
2025-07,ES01,Spare Parts,ECLCLOSE-2025-07-ES01-SpareParts,closing,6050_CREDIT_LOSS_EXPENSE,538.84,0.0,PROVISION,Close release Expected credit loss allowance,,,
2025-07,ES01,Spare Parts,ECLCLOSE-2025-07-ES01-SpareParts,closing,3200_RETAINED_EARNINGS,0.0,538.84,PROVISION,Close release Expected credit loss allowance,,,
2025-07,JP01,Hardware,ECL-2025-07-JP01-Hardware,provision_release,1190_CREDIT_LOSS_ALLOWANCE,1255.13,0.0,PROVISION,Release Expected credit loss allowance,,,
2025-07,JP01,Hardware,ECL-2025-07-JP01-Hardware,provision_release,6050_CREDIT_LOSS_EXPENSE,0.0,1255.13,PROVISION,Release Expected credit loss allowance,,,
2025-07,JP01,Hardware,ECLCLOSE-2025-07-JP01-Hardware,closing,6050_CREDIT_LOSS_EXPENSE,1255.13,0.0,PROVISION,Close release Expected credit loss allowance,,,
2025-07,JP01,Hardware,ECLCLOSE-2025-07-JP01-Hardware,closing,3200_RETAINED_EARNINGS,0.0,1255.13,PROVISION,Close release Expected credit loss allowance,,,
2025-07,JP01,Software,ECL-2025-07-JP01-Software,provision_release,1190_CREDIT_LOSS_ALLOWANCE,19.55,0.0,PROVISION,Release Expected credit loss allowance,,,
2025-07,JP01,Software,ECL-2025-07-JP01-Software,provision_release,6050_CREDIT_LOSS_EXPENSE,0.0,19.55,PROVISION,Release Expected credit loss allowance,,,
2025-07,JP01,Software,ECLCLOSE-2025-07-JP01-Software,closing,6050_CREDIT_LOSS_EXPENSE,19.55,0.0,PROVISION,Close release Expected credit loss allowance,,,
2025-07,JP01,Software,ECLCLOSE-2025-07-JP01-Software,closing,3200_RETAINED_EARNINGS,0.0,19.55,PROVISION,Close release Expected credit loss allowance,,,
2025-07,JP01,Spare Parts,ECL-2025-07-JP01-SpareParts,provision_release,1190_CREDIT_LOSS_ALLOWANCE,728.58,0.0,PROVISION,Release Expected credit loss allowance,,,
2025-07,JP01,Spare Parts,ECL-2025-07-JP01-SpareParts,provision_release,6050_CREDIT_LOSS_EXPENSE,0.0,728.58,PROVISION,Release Expected credit loss allowance,,,
2025-07,JP01,Spare Parts,ECLCLOSE-2025-07-JP01-SpareParts,closing,6050_CREDIT_LOSS_EXPENSE,728.58,0.0,PROVISION,Close release Expected credit loss allowance,,,
2025-07,JP01,Spare Parts,ECLCLOSE-2025-07-JP01-SpareParts,closing,3200_RETAINED_EARNINGS,0.0,728.58,PROVISION,Close release Expected credit loss allowance,,,
2025-07,US01,Events,ECL-2025-07-US01-Events,provision_release,1190_CREDIT_LOSS_ALLOWANCE,1120.48,0.0,PROVISION,Release Expected credit loss allowance,,,
2025-07,US01,Events,ECL-2025-07-US01-Events,provision_release,6050_CREDIT_LOSS_EXPENSE,0.0,1120.48,PROVISION,Release Expected credit loss allowance,,,
2025-07,US01,Events,ECLCLOSE-2025-07-US01-Events,closing,6050_CREDIT_LOSS_EXPENSE,1120.48,0.0,PROVISION,Close release Expected credit loss allowance,,,
2025-07,US01,Events,ECLCLOSE-2025-07-US01-Events,closing,3200_RETAINED_EARNINGS,0.0,1120.48,PROVISION,Close release Expected credit loss allowance,,,
2025-07,US01,Hardware,ECL-2025-07-US01-Hardware,provision_release,1190_CREDIT_LOSS_ALLOWANCE,1490.98,0.0,PROVISION,Release Expected credit loss allowance,,,
2025-07,US01,Hardware,ECL-2025-07-US01-Hardware,provision_release,6050_CREDIT_LOSS_EXPENSE,0.0,1490.98,PROVISION,Release Expected credit loss allowance,,,
2025-07,US01,Hardware,ECLCLOSE-2025-07-US01-Hardware,closing,6050_CREDIT_LOSS_EXPENSE,1490.98,0.0,PROVISION,Close release Expected credit loss allowance,,,
2025-07,US01,Hardware,ECLCLOSE-2025-07-US01-Hardware,closing,3200_RETAINED_EARNINGS,0.0,1490.98,PROVISION,Close release Expected credit loss allowance,,,
2025-07,US01,Software,ECL-2025-07-US01-Software,provision,6050_CREDIT_LOSS_EXPENSE,44.41,0.0,PROVISION,Expected credit loss allowance,,,
2025-07,US01,Software,ECL-2025-07-US01-Software,provision,1190_CREDIT_LOSS_ALLOWANCE,0.0,44.41,PROVISION,Expected credit loss allowance,,,
2025-07,US01,Software,ECLCLOSE-2025-07-US01-Software,closing,6050_CREDIT_LOSS_EXPENSE,0.0,44.41,PROVISION,Close Expected credit loss allowance,,,
2025-07,US01,Software,ECLCLOSE-2025-07-US01-Software,closing,3200_RETAINED_EARNINGS,44.41,0.0,PROVISION,Close Expected credit loss allowance,,,
2025-08,DE01,Hardware,ECL-2025-08-DE01-Hardware,provision_release,1190_CREDIT_LOSS_ALLOWANCE,1601.39,0.0,PROVISION,Release Expected credit loss allowance,,,
2025-08,DE01,Hardware,ECL-2025-08-DE01-Hardware,provision_release,6050_CREDIT_LOSS_EXPENSE,0.0,1601.39,PROVISION,Release Expected credit loss allowance,,,
2025-08,DE01,Hardware,ECLCLOSE-2025-08-DE01-Hardware,closing,6050_CREDIT_LOSS_EXPENSE,1601.39,0.0,PROVISION,Close release Expected credit loss allowance,,,
2025-08,DE01,Hardware,ECLCLOSE-2025-08-DE01-Hardware,closing,3200_RETAINED_EARNINGS,0.0,1601.39,PROVISION,Close release Expected credit loss allowance,,,
2025-08,DE01,Software,ECL-2025-08-DE01-Software,provision,6050_CREDIT_LOSS_EXPENSE,29.81,0.0,PROVISION,Expected credit loss allowance,,,
2025-08,DE01,Software,ECL-2025-08-DE01-Software,provision,1190_CREDIT_LOSS_ALLOWANCE,0.0,29.81,PROVISION,Expected credit loss allowance,,,
2025-08,DE01,Software,ECLCLOSE-2025-08-DE01-Software,closing,6050_CREDIT_LOSS_EXPENSE,0.0,29.81,PROVISION,Close Expected credit loss allowance,,,
2025-08,DE01,Software,ECLCLOSE-2025-08-DE01-Software,closing,3200_RETAINED_EARNINGS,29.81,0.0,PROVISION,Close Expected credit loss allowance,,,
2025-08,ES01,Events,ECL-2025-08-ES01-Events,provision_release,1190_CREDIT_LOSS_ALLOWANCE,3810.34,0.0,PROVISION,Release Expected credit loss allowance,,,
2025-08,ES01,Events,ECL-2025-08-ES01-Events,provision_release,6050_CREDIT_LOSS_EXPENSE,0.0,3810.34,PROVISION,Release Expected credit loss allowance,,,
2025-08,ES01,Events,ECLCLOSE-2025-08-ES01-Events,closing,6050_CREDIT_LOSS_EXPENSE,3810.34,0.0,PROVISION,Close release Expected credit loss allowance,,,
2025-08,ES01,Events,ECLCLOSE-2025-08-ES01-Events,closing,3200_RETAINED_EARNINGS,0.0,3810.34,PROVISION,Close release Expected credit loss allowance,,,
2025-08,ES01,Hardware,ECL-2025-08-ES01-Hardware,provision_release,1190_CREDIT_LOSS_ALLOWANCE,1805.28,0.0,PROVISION,Release Expected credit loss allowance,,,
2025-08,ES01,Hardware,ECL-2025-08-ES01-Hardware,provision_release,6050_CREDIT_LOSS_EXPENSE,0.0,1805.28,PROVISION,Release Expected credit loss allowance,,,
2025-08,ES01,Hardware,ECLCLOSE-2025-08-ES01-Hardware,closing,6050_CREDIT_LOSS_EXPENSE,1805.28,0.0,PROVISION,Close release Expected credit loss allowance,,,
2025-08,ES01,Hardware,ECLCLOSE-2025-08-ES01-Hardware,closing,3200_RETAINED_EARNINGS,0.0,1805.28,PROVISION,Close release Expected credit loss allowance,,,
2025-08,ES01,Spare Parts,ECL-2025-08-ES01-SpareParts,provision_release,1190_CREDIT_LOSS_ALLOWANCE,673.65,0.0,PROVISION,Release Expected credit loss allowance,,,
2025-08,ES01,Spare Parts,ECL-2025-08-ES01-SpareParts,provision_release,6050_CREDIT_LOSS_EXPENSE,0.0,673.65,PROVISION,Release Expected credit loss allowance,,,
2025-08,ES01,Spare Parts,ECLCLOSE-2025-08-ES01-SpareParts,closing,6050_CREDIT_LOSS_EXPENSE,673.65,0.0,PROVISION,Close release Expected credit loss allowance,,,
2025-08,ES01,Spare Parts,ECLCLOSE-2025-08-ES01-SpareParts,closing,3200_RETAINED_EARNINGS,0.0,673.65,PROVISION,Close release Expected credit loss allowance,,,
2025-08,JP01,Hardware,ECL-2025-08-JP01-Hardware,provision_release,1190_CREDIT_LOSS_ALLOWANCE,2407.18,0.0,PROVISION,Release Expected credit loss allowance,,,
2025-08,JP01,Hardware,ECL-2025-08-JP01-Hardware,provision_release,6050_CREDIT_LOSS_EXPENSE,0.0,2407.18,PROVISION,Release Expected credit loss allowance,,,
2025-08,JP01,Hardware,ECLCLOSE-2025-08-JP01-Hardware,closing,6050_CREDIT_LOSS_EXPENSE,2407.18,0.0,PROVISION,Close release Expected credit loss allowance,,,
2025-08,JP01,Hardware,ECLCLOSE-2025-08-JP01-Hardware,closing,3200_RETAINED_EARNINGS,0.0,2407.18,PROVISION,Close release Expected credit loss allowance,,,
2025-08,JP01,Software,ECL-2025-08-JP01-Software,provision,6050_CREDIT_LOSS_EXPENSE,54.03,0.0,PROVISION,Expected credit loss allowance,,,
2025-08,JP01,Software,ECL-2025-08-JP01-Software,provision,1190_CREDIT_LOSS_ALLOWANCE,0.0,54.03,PROVISION,Expected credit loss allowance,,,
2025-08,JP01,Software,ECLCLOSE-2025-08-JP01-Software,closing,6050_CREDIT_LOSS_EXPENSE,0.0,54.03,PROVISION,Close Expected credit loss allowance,,,
2025-08,JP01,Software,ECLCLOSE-2025-08-JP01-Software,closing,3200_RETAINED_EARNINGS,54.03,0.0,PROVISION,Close Expected credit loss allowance,,,
2025-08,JP01,Spare Parts,ECL-2025-08-JP01-SpareParts,provision_release,1190_CREDIT_LOSS_ALLOWANCE,918.93,0.0,PROVISION,Release Expected credit loss allowance,,,
2025-08,JP01,Spare Parts,ECL-2025-08-JP01-SpareParts,provision_release,6050_CREDIT_LOSS_EXPENSE,0.0,918.93,PROVISION,Release Expected credit loss allowance,,,
2025-08,JP01,Spare Parts,ECLCLOSE-2025-08-JP01-SpareParts,closing,6050_CREDIT_LOSS_EXPENSE,918.93,0.0,PROVISION,Close release Expected credit loss allowance,,,
2025-08,JP01,Spare Parts,ECLCLOSE-2025-08-JP01-SpareParts,closing,3200_RETAINED_EARNINGS,0.0,918.93,PROVISION,Close release Expected credit loss allowance,,,
2025-08,US01,Events,ECL-2025-08-US01-Events,provision_release,1190_CREDIT_LOSS_ALLOWANCE,648.11,0.0,PROVISION,Release Expected credit loss allowance,,,
2025-08,US01,Events,ECL-2025-08-US01-Events,provision_release,6050_CREDIT_LOSS_EXPENSE,0.0,648.11,PROVISION,Release Expected credit loss allowance,,,
2025-08,US01,Events,ECLCLOSE-2025-08-US01-Events,closing,6050_CREDIT_LOSS_EXPENSE,648.11,0.0,PROVISION,Close release Expected credit loss allowance,,,
2025-08,US01,Events,ECLCLOSE-2025-08-US01-Events,closing,3200_RETAINED_EARNINGS,0.0,648.11,PROVISION,Close release Expected credit loss allowance,,,
2025-08,US01,Hardware,ECL-2025-08-US01-Hardware,provision_release,1190_CREDIT_LOSS_ALLOWANCE,2357.15,0.0,PROVISION,Release Expected credit loss allowance,,,
2025-08,US01,Hardware,ECL-2025-08-US01-Hardware,provision_release,6050_CREDIT_LOSS_EXPENSE,0.0,2357.15,PROVISION,Release Expected credit loss allowance,,,
2025-08,US01,Hardware,ECLCLOSE-2025-08-US01-Hardware,closing,6050_CREDIT_LOSS_EXPENSE,2357.15,0.0,PROVISION,Close release Expected credit loss allowance,,,
2025-08,US01,Hardware,ECLCLOSE-2025-08-US01-Hardware,closing,3200_RETAINED_EARNINGS,0.0,2357.15,PROVISION,Close release Expected credit loss allowance,,,
2025-08,US01,Software,ECL-2025-08-US01-Software,provision_release,1190_CREDIT_LOSS_ALLOWANCE,28.2,0.0,PROVISION,Release Expected credit loss allowance,,,
2025-08,US01,Software,ECL-2025-08-US01-Software,provision_release,6050_CREDIT_LOSS_EXPENSE,0.0,28.2,PROVISION,Release Expected credit loss allowance,,,
2025-08,US01,Software,ECLCLOSE-2025-08-US01-Software,closing,6050_CREDIT_LOSS_EXPENSE,28.2,0.0,PROVISION,Close release Expected credit loss allowance,,,
2025-08,US01,Software,ECLCLOSE-2025-08-US01-Software,closing,3200_RETAINED_EARNINGS,0.0,28.2,PROVISION,Close release Expected credit loss allowance,,,
2025-09,DE01,Hardware,ECL-2025-09-DE01-Hardware,provision,6050_CREDIT_LOSS_EXPENSE,1296.06,0.0,PROVISION,Expected credit loss allowance,,,
2025-09,DE01,Hardware,ECL-2025-09-DE01-Hardware,provision,1190_CREDIT_LOSS_ALLOWANCE,0.0,1296.06,PROVISION,Expected credit loss allowance,,,
2025-09,DE01,Hardware,ECLCLOSE-2025-09-DE01-Hardware,closing,6050_CREDIT_LOSS_EXPENSE,0.0,1296.06,PROVISION,Close Expected credit loss allowance,,,
2025-09,DE01,Hardware,ECLCLOSE-2025-09-DE01-Hardware,closing,3200_RETAINED_EARNINGS,1296.06,0.0,PROVISION,Close Expected credit loss allowance,,,
2025-09,DE01,Software,ECL-2025-09-DE01-Software,provision,6050_CREDIT_LOSS_EXPENSE,32.24,0.0,PROVISION,Expected credit loss allowance,,,
2025-09,DE01,Software,ECL-2025-09-DE01-Software,provision,1190_CREDIT_LOSS_ALLOWANCE,0.0,32.24,PROVISION,Expected credit loss allowance,,,
2025-09,DE01,Software,ECLCLOSE-2025-09-DE01-Software,closing,6050_CREDIT_LOSS_EXPENSE,0.0,32.24,PROVISION,Close Expected credit loss allowance,,,
2025-09,DE01,Software,ECLCLOSE-2025-09-DE01-Software,closing,3200_RETAINED_EARNINGS,32.24,0.0,PROVISION,Close Expected credit loss allowance,,,
2025-09,ES01,Events,ECL-2025-09-ES01-Events,provision,6050_CREDIT_LOSS_EXPENSE,1281.45,0.0,PROVISION,Expected credit loss allowance,,,
2025-09,ES01,Events,ECL-2025-09-ES01-Events,provision,1190_CREDIT_LOSS_ALLOWANCE,0.0,1281.45,PROVISION,Expected credit loss allowance,,,
2025-09,ES01,Events,ECLCLOSE-2025-09-ES01-Events,closing,6050_CREDIT_LOSS_EXPENSE,0.0,1281.45,PROVISION,Close Expected credit loss allowance,,,
2025-09,ES01,Events,ECLCLOSE-2025-09-ES01-Events,closing,3200_RETAINED_EARNINGS,1281.45,0.0,PROVISION,Close Expected credit loss allowance,,,
2025-09,ES01,Hardware,ECL-2025-09-ES01-Hardware,provision,6050_CREDIT_LOSS_EXPENSE,4665.16,0.0,PROVISION,Expected credit loss allowance,,,
2025-09,ES01,Hardware,ECL-2025-09-ES01-Hardware,provision,1190_CREDIT_LOSS_ALLOWANCE,0.0,4665.16,PROVISION,Expected credit loss allowance,,,
2025-09,ES01,Hardware,ECLCLOSE-2025-09-ES01-Hardware,closing,6050_CREDIT_LOSS_EXPENSE,0.0,4665.16,PROVISION,Close Expected credit loss allowance,,,
2025-09,ES01,Hardware,ECLCLOSE-2025-09-ES01-Hardware,closing,3200_RETAINED_EARNINGS,4665.16,0.0,PROVISION,Close Expected credit loss allowance,,,
2025-09,ES01,Spare Parts,ECL-2025-09-ES01-SpareParts,provision,6050_CREDIT_LOSS_EXPENSE,1239.72,0.0,PROVISION,Expected credit loss allowance,,,
2025-09,ES01,Spare Parts,ECL-2025-09-ES01-SpareParts,provision,1190_CREDIT_LOSS_ALLOWANCE,0.0,1239.72,PROVISION,Expected credit loss allowance,,,
2025-09,ES01,Spare Parts,ECLCLOSE-2025-09-ES01-SpareParts,closing,6050_CREDIT_LOSS_EXPENSE,0.0,1239.72,PROVISION,Close Expected credit loss allowance,,,
2025-09,ES01,Spare Parts,ECLCLOSE-2025-09-ES01-SpareParts,closing,3200_RETAINED_EARNINGS,1239.72,0.0,PROVISION,Close Expected credit loss allowance,,,
2025-09,JP01,Hardware,ECL-2025-09-JP01-Hardware,provision,6050_CREDIT_LOSS_EXPENSE,8982.21,0.0,PROVISION,Expected credit loss allowance,,,
2025-09,JP01,Hardware,ECL-2025-09-JP01-Hardware,provision,1190_CREDIT_LOSS_ALLOWANCE,0.0,8982.21,PROVISION,Expected credit loss allowance,,,
2025-09,JP01,Hardware,ECLCLOSE-2025-09-JP01-Hardware,closing,6050_CREDIT_LOSS_EXPENSE,0.0,8982.21,PROVISION,Close Expected credit loss allowance,,,
2025-09,JP01,Hardware,ECLCLOSE-2025-09-JP01-Hardware,closing,3200_RETAINED_EARNINGS,8982.21,0.0,PROVISION,Close Expected credit loss allowance,,,
2025-09,JP01,Software,ECL-2025-09-JP01-Software,provision_release,1190_CREDIT_LOSS_ALLOWANCE,2.23,0.0,PROVISION,Release Expected credit loss allowance,,,
2025-09,JP01,Software,ECL-2025-09-JP01-Software,provision_release,6050_CREDIT_LOSS_EXPENSE,0.0,2.23,PROVISION,Release Expected credit loss allowance,,,
2025-09,JP01,Software,ECLCLOSE-2025-09-JP01-Software,closing,6050_CREDIT_LOSS_EXPENSE,2.23,0.0,PROVISION,Close release Expected credit loss allowance,,,
2025-09,JP01,Software,ECLCLOSE-2025-09-JP01-Software,closing,3200_RETAINED_EARNINGS,0.0,2.23,PROVISION,Close release Expected credit loss allowance,,,
2025-09,JP01,Spare Parts,ECL-2025-09-JP01-SpareParts,provision,6050_CREDIT_LOSS_EXPENSE,1576.41,0.0,PROVISION,Expected credit loss allowance,,,
2025-09,JP01,Spare Parts,ECL-2025-09-JP01-SpareParts,provision,1190_CREDIT_LOSS_ALLOWANCE,0.0,1576.41,PROVISION,Expected credit loss allowance,,,
2025-09,JP01,Spare Parts,ECLCLOSE-2025-09-JP01-SpareParts,closing,6050_CREDIT_LOSS_EXPENSE,0.0,1576.41,PROVISION,Close Expected credit loss allowance,,,
2025-09,JP01,Spare Parts,ECLCLOSE-2025-09-JP01-SpareParts,closing,3200_RETAINED_EARNINGS,1576.41,0.0,PROVISION,Close Expected credit loss allowance,,,
2025-09,US01,Events,ECL-2025-09-US01-Events,provision,6050_CREDIT_LOSS_EXPENSE,4846.75,0.0,PROVISION,Expected credit loss allowance,,,
2025-09,US01,Events,ECL-2025-09-US01-Events,provision,1190_CREDIT_LOSS_ALLOWANCE,0.0,4846.75,PROVISION,Expected credit loss allowance,,,
2025-09,US01,Events,ECLCLOSE-2025-09-US01-Events,closing,6050_CREDIT_LOSS_EXPENSE,0.0,4846.75,PROVISION,Close Expected credit loss allowance,,,
2025-09,US01,Events,ECLCLOSE-2025-09-US01-Events,closing,3200_RETAINED_EARNINGS,4846.75,0.0,PROVISION,Close Expected credit loss allowance,,,
2025-09,US01,Hardware,ECL-2025-09-US01-Hardware,provision,6050_CREDIT_LOSS_EXPENSE,5713.58,0.0,PROVISION,Expected credit loss allowance,,,
2025-09,US01,Hardware,ECL-2025-09-US01-Hardware,provision,1190_CREDIT_LOSS_ALLOWANCE,0.0,5713.58,PROVISION,Expected credit loss allowance,,,
2025-09,US01,Hardware,ECLCLOSE-2025-09-US01-Hardware,closing,6050_CREDIT_LOSS_EXPENSE,0.0,5713.58,PROVISION,Close Expected credit loss allowance,,,
2025-09,US01,Hardware,ECLCLOSE-2025-09-US01-Hardware,closing,3200_RETAINED_EARNINGS,5713.58,0.0,PROVISION,Close Expected credit loss allowance,,,
2025-09,US01,Software,ECL-2025-09-US01-Software,provision,6050_CREDIT_LOSS_EXPENSE,21.62,0.0,PROVISION,Expected credit loss allowance,,,
2025-09,US01,Software,ECL-2025-09-US01-Software,provision,1190_CREDIT_LOSS_ALLOWANCE,0.0,21.62,PROVISION,Expected credit loss allowance,,,
2025-09,US01,Software,ECLCLOSE-2025-09-US01-Software,closing,6050_CREDIT_LOSS_EXPENSE,0.0,21.62,PROVISION,Close Expected credit loss allowance,,,
2025-09,US01,Software,ECLCLOSE-2025-09-US01-Software,closing,3200_RETAINED_EARNINGS,21.62,0.0,PROVISION,Close Expected credit loss allowance,,,
2025-10,DE01,Hardware,ECL-2025-10-DE01-Hardware,provision,6050_CREDIT_LOSS_EXPENSE,1192.86,0.0,PROVISION,Expected credit loss allowance,,,
2025-10,DE01,Hardware,ECL-2025-10-DE01-Hardware,provision,1190_CREDIT_LOSS_ALLOWANCE,0.0,1192.86,PROVISION,Expected credit loss allowance,,,
2025-10,DE01,Hardware,ECLCLOSE-2025-10-DE01-Hardware,closing,6050_CREDIT_LOSS_EXPENSE,0.0,1192.86,PROVISION,Close Expected credit loss allowance,,,
2025-10,DE01,Hardware,ECLCLOSE-2025-10-DE01-Hardware,closing,3200_RETAINED_EARNINGS,1192.86,0.0,PROVISION,Close Expected credit loss allowance,,,
2025-10,DE01,Software,ECL-2025-10-DE01-Software,provision,6050_CREDIT_LOSS_EXPENSE,15.17,0.0,PROVISION,Expected credit loss allowance,,,
2025-10,DE01,Software,ECL-2025-10-DE01-Software,provision,1190_CREDIT_LOSS_ALLOWANCE,0.0,15.17,PROVISION,Expected credit loss allowance,,,
2025-10,DE01,Software,ECLCLOSE-2025-10-DE01-Software,closing,6050_CREDIT_LOSS_EXPENSE,0.0,15.17,PROVISION,Close Expected credit loss allowance,,,
2025-10,DE01,Software,ECLCLOSE-2025-10-DE01-Software,closing,3200_RETAINED_EARNINGS,15.17,0.0,PROVISION,Close Expected credit loss allowance,,,
2025-10,ES01,Events,ECL-2025-10-ES01-Events,provision,6050_CREDIT_LOSS_EXPENSE,2081.76,0.0,PROVISION,Expected credit loss allowance,,,
2025-10,ES01,Events,ECL-2025-10-ES01-Events,provision,1190_CREDIT_LOSS_ALLOWANCE,0.0,2081.76,PROVISION,Expected credit loss allowance,,,
2025-10,ES01,Events,ECLCLOSE-2025-10-ES01-Events,closing,6050_CREDIT_LOSS_EXPENSE,0.0,2081.76,PROVISION,Close Expected credit loss allowance,,,
2025-10,ES01,Events,ECLCLOSE-2025-10-ES01-Events,closing,3200_RETAINED_EARNINGS,2081.76,0.0,PROVISION,Close Expected credit loss allowance,,,
2025-10,ES01,Hardware,ECL-2025-10-ES01-Hardware,provision_release,1190_CREDIT_LOSS_ALLOWANCE,1006.44,0.0,PROVISION,Release Expected credit loss allowance,,,
2025-10,ES01,Hardware,ECL-2025-10-ES01-Hardware,provision_release,6050_CREDIT_LOSS_EXPENSE,0.0,1006.44,PROVISION,Release Expected credit loss allowance,,,
2025-10,ES01,Hardware,ECLCLOSE-2025-10-ES01-Hardware,closing,6050_CREDIT_LOSS_EXPENSE,1006.44,0.0,PROVISION,Close release Expected credit loss allowance,,,
2025-10,ES01,Hardware,ECLCLOSE-2025-10-ES01-Hardware,closing,3200_RETAINED_EARNINGS,0.0,1006.44,PROVISION,Close release Expected credit loss allowance,,,
2025-10,ES01,Spare Parts,ECL-2025-10-ES01-SpareParts,provision,6050_CREDIT_LOSS_EXPENSE,285.76,0.0,PROVISION,Expected credit loss allowance,,,
2025-10,ES01,Spare Parts,ECL-2025-10-ES01-SpareParts,provision,1190_CREDIT_LOSS_ALLOWANCE,0.0,285.76,PROVISION,Expected credit loss allowance,,,
2025-10,ES01,Spare Parts,ECLCLOSE-2025-10-ES01-SpareParts,closing,6050_CREDIT_LOSS_EXPENSE,0.0,285.76,PROVISION,Close Expected credit loss allowance,,,
2025-10,ES01,Spare Parts,ECLCLOSE-2025-10-ES01-SpareParts,closing,3200_RETAINED_EARNINGS,285.76,0.0,PROVISION,Close Expected credit loss allowance,,,
2025-10,JP01,Hardware,ECL-2025-10-JP01-Hardware,provision_release,1190_CREDIT_LOSS_ALLOWANCE,4217.06,0.0,PROVISION,Release Expected credit loss allowance,,,
2025-10,JP01,Hardware,ECL-2025-10-JP01-Hardware,provision_release,6050_CREDIT_LOSS_EXPENSE,0.0,4217.06,PROVISION,Release Expected credit loss allowance,,,
2025-10,JP01,Hardware,ECLCLOSE-2025-10-JP01-Hardware,closing,6050_CREDIT_LOSS_EXPENSE,4217.06,0.0,PROVISION,Close release Expected credit loss allowance,,,
2025-10,JP01,Hardware,ECLCLOSE-2025-10-JP01-Hardware,closing,3200_RETAINED_EARNINGS,0.0,4217.06,PROVISION,Close release Expected credit loss allowance,,,
2025-10,JP01,Software,ECL-2025-10-JP01-Software,provision,6050_CREDIT_LOSS_EXPENSE,24.19,0.0,PROVISION,Expected credit loss allowance,,,
2025-10,JP01,Software,ECL-2025-10-JP01-Software,provision,1190_CREDIT_LOSS_ALLOWANCE,0.0,24.19,PROVISION,Expected credit loss allowance,,,
2025-10,JP01,Software,ECLCLOSE-2025-10-JP01-Software,closing,6050_CREDIT_LOSS_EXPENSE,0.0,24.19,PROVISION,Close Expected credit loss allowance,,,
2025-10,JP01,Software,ECLCLOSE-2025-10-JP01-Software,closing,3200_RETAINED_EARNINGS,24.19,0.0,PROVISION,Close Expected credit loss allowance,,,
2025-10,JP01,Spare Parts,ECL-2025-10-JP01-SpareParts,provision,6050_CREDIT_LOSS_EXPENSE,511.2,0.0,PROVISION,Expected credit loss allowance,,,
2025-10,JP01,Spare Parts,ECL-2025-10-JP01-SpareParts,provision,1190_CREDIT_LOSS_ALLOWANCE,0.0,511.2,PROVISION,Expected credit loss allowance,,,
2025-10,JP01,Spare Parts,ECLCLOSE-2025-10-JP01-SpareParts,closing,6050_CREDIT_LOSS_EXPENSE,0.0,511.2,PROVISION,Close Expected credit loss allowance,,,
2025-10,JP01,Spare Parts,ECLCLOSE-2025-10-JP01-SpareParts,closing,3200_RETAINED_EARNINGS,511.2,0.0,PROVISION,Close Expected credit loss allowance,,,
2025-10,US01,Events,ECL-2025-10-US01-Events,provision_release,1190_CREDIT_LOSS_ALLOWANCE,2950.25,0.0,PROVISION,Release Expected credit loss allowance,,,
2025-10,US01,Events,ECL-2025-10-US01-Events,provision_release,6050_CREDIT_LOSS_EXPENSE,0.0,2950.25,PROVISION,Release Expected credit loss allowance,,,
2025-10,US01,Events,ECLCLOSE-2025-10-US01-Events,closing,6050_CREDIT_LOSS_EXPENSE,2950.25,0.0,PROVISION,Close release Expected credit loss allowance,,,
2025-10,US01,Events,ECLCLOSE-2025-10-US01-Events,closing,3200_RETAINED_EARNINGS,0.0,2950.25,PROVISION,Close release Expected credit loss allowance,,,
2025-10,US01,Hardware,ECL-2025-10-US01-Hardware,provision_release,1190_CREDIT_LOSS_ALLOWANCE,1492.37,0.0,PROVISION,Release Expected credit loss allowance,,,
2025-10,US01,Hardware,ECL-2025-10-US01-Hardware,provision_release,6050_CREDIT_LOSS_EXPENSE,0.0,1492.37,PROVISION,Release Expected credit loss allowance,,,
2025-10,US01,Hardware,ECLCLOSE-2025-10-US01-Hardware,closing,6050_CREDIT_LOSS_EXPENSE,1492.37,0.0,PROVISION,Close release Expected credit loss allowance,,,
2025-10,US01,Hardware,ECLCLOSE-2025-10-US01-Hardware,closing,3200_RETAINED_EARNINGS,0.0,1492.37,PROVISION,Close release Expected credit loss allowance,,,
2025-10,US01,Software,ECL-2025-10-US01-Software,provision,6050_CREDIT_LOSS_EXPENSE,48.17,0.0,PROVISION,Expected credit loss allowance,,,
2025-10,US01,Software,ECL-2025-10-US01-Software,provision,1190_CREDIT_LOSS_ALLOWANCE,0.0,48.17,PROVISION,Expected credit loss allowance,,,
2025-10,US01,Software,ECLCLOSE-2025-10-US01-Software,closing,6050_CREDIT_LOSS_EXPENSE,0.0,48.17,PROVISION,Close Expected credit loss allowance,,,
2025-10,US01,Software,ECLCLOSE-2025-10-US01-Software,closing,3200_RETAINED_EARNINGS,48.17,0.0,PROVISION,Close Expected credit loss allowance,,,
2025-11,DE01,Hardware,ECL-2025-11-DE01-Hardware,provision,6050_CREDIT_LOSS_EXPENSE,1306.58,0.0,PROVISION,Expected credit loss allowance,,,
2025-11,DE01,Hardware,ECL-2025-11-DE01-Hardware,provision,1190_CREDIT_LOSS_ALLOWANCE,0.0,1306.58,PROVISION,Expected credit loss allowance,,,
2025-11,DE01,Hardware,ECLCLOSE-2025-11-DE01-Hardware,closing,6050_CREDIT_LOSS_EXPENSE,0.0,1306.58,PROVISION,Close Expected credit loss allowance,,,
2025-11,DE01,Hardware,ECLCLOSE-2025-11-DE01-Hardware,closing,3200_RETAINED_EARNINGS,1306.58,0.0,PROVISION,Close Expected credit loss allowance,,,
2025-11,DE01,Software,ECL-2025-11-DE01-Software,provision,6050_CREDIT_LOSS_EXPENSE,0.69,0.0,PROVISION,Expected credit loss allowance,,,
2025-11,DE01,Software,ECL-2025-11-DE01-Software,provision,1190_CREDIT_LOSS_ALLOWANCE,0.0,0.69,PROVISION,Expected credit loss allowance,,,
2025-11,DE01,Software,ECLCLOSE-2025-11-DE01-Software,closing,6050_CREDIT_LOSS_EXPENSE,0.0,0.69,PROVISION,Close Expected credit loss allowance,,,
2025-11,DE01,Software,ECLCLOSE-2025-11-DE01-Software,closing,3200_RETAINED_EARNINGS,0.69,0.0,PROVISION,Close Expected credit loss allowance,,,
2025-11,ES01,Events,ECL-2025-11-ES01-Events,provision,6050_CREDIT_LOSS_EXPENSE,179.93,0.0,PROVISION,Expected credit loss allowance,,,
2025-11,ES01,Events,ECL-2025-11-ES01-Events,provision,1190_CREDIT_LOSS_ALLOWANCE,0.0,179.93,PROVISION,Expected credit loss allowance,,,
2025-11,ES01,Events,ECLCLOSE-2025-11-ES01-Events,closing,6050_CREDIT_LOSS_EXPENSE,0.0,179.93,PROVISION,Close Expected credit loss allowance,,,
2025-11,ES01,Events,ECLCLOSE-2025-11-ES01-Events,closing,3200_RETAINED_EARNINGS,179.93,0.0,PROVISION,Close Expected credit loss allowance,,,
2025-11,ES01,Hardware,ECL-2025-11-ES01-Hardware,provision,6050_CREDIT_LOSS_EXPENSE,19.68,0.0,PROVISION,Expected credit loss allowance,,,
2025-11,ES01,Hardware,ECL-2025-11-ES01-Hardware,provision,1190_CREDIT_LOSS_ALLOWANCE,0.0,19.68,PROVISION,Expected credit loss allowance,,,
2025-11,ES01,Hardware,ECLCLOSE-2025-11-ES01-Hardware,closing,6050_CREDIT_LOSS_EXPENSE,0.0,19.68,PROVISION,Close Expected credit loss allowance,,,
2025-11,ES01,Hardware,ECLCLOSE-2025-11-ES01-Hardware,closing,3200_RETAINED_EARNINGS,19.68,0.0,PROVISION,Close Expected credit loss allowance,,,
2025-11,ES01,Spare Parts,ECL-2025-11-ES01-SpareParts,provision,6050_CREDIT_LOSS_EXPENSE,346.31,0.0,PROVISION,Expected credit loss allowance,,,
2025-11,ES01,Spare Parts,ECL-2025-11-ES01-SpareParts,provision,1190_CREDIT_LOSS_ALLOWANCE,0.0,346.31,PROVISION,Expected credit loss allowance,,,
2025-11,ES01,Spare Parts,ECLCLOSE-2025-11-ES01-SpareParts,closing,6050_CREDIT_LOSS_EXPENSE,0.0,346.31,PROVISION,Close Expected credit loss allowance,,,
2025-11,ES01,Spare Parts,ECLCLOSE-2025-11-ES01-SpareParts,closing,3200_RETAINED_EARNINGS,346.31,0.0,PROVISION,Close Expected credit loss allowance,,,
2025-11,JP01,Hardware,ECL-2025-11-JP01-Hardware,provision,6050_CREDIT_LOSS_EXPENSE,542.51,0.0,PROVISION,Expected credit loss allowance,,,
2025-11,JP01,Hardware,ECL-2025-11-JP01-Hardware,provision,1190_CREDIT_LOSS_ALLOWANCE,0.0,542.51,PROVISION,Expected credit loss allowance,,,
2025-11,JP01,Hardware,ECLCLOSE-2025-11-JP01-Hardware,closing,6050_CREDIT_LOSS_EXPENSE,0.0,542.51,PROVISION,Close Expected credit loss allowance,,,
2025-11,JP01,Hardware,ECLCLOSE-2025-11-JP01-Hardware,closing,3200_RETAINED_EARNINGS,542.51,0.0,PROVISION,Close Expected credit loss allowance,,,
2025-11,JP01,Software,ECL-2025-11-JP01-Software,provision,6050_CREDIT_LOSS_EXPENSE,9.28,0.0,PROVISION,Expected credit loss allowance,,,
2025-11,JP01,Software,ECL-2025-11-JP01-Software,provision,1190_CREDIT_LOSS_ALLOWANCE,0.0,9.28,PROVISION,Expected credit loss allowance,,,
2025-11,JP01,Software,ECLCLOSE-2025-11-JP01-Software,closing,6050_CREDIT_LOSS_EXPENSE,0.0,9.28,PROVISION,Close Expected credit loss allowance,,,
2025-11,JP01,Software,ECLCLOSE-2025-11-JP01-Software,closing,3200_RETAINED_EARNINGS,9.28,0.0,PROVISION,Close Expected credit loss allowance,,,
2025-11,JP01,Spare Parts,ECL-2025-11-JP01-SpareParts,provision,6050_CREDIT_LOSS_EXPENSE,341.06,0.0,PROVISION,Expected credit loss allowance,,,
2025-11,JP01,Spare Parts,ECL-2025-11-JP01-SpareParts,provision,1190_CREDIT_LOSS_ALLOWANCE,0.0,341.06,PROVISION,Expected credit loss allowance,,,
2025-11,JP01,Spare Parts,ECLCLOSE-2025-11-JP01-SpareParts,closing,6050_CREDIT_LOSS_EXPENSE,0.0,341.06,PROVISION,Close Expected credit loss allowance,,,
2025-11,JP01,Spare Parts,ECLCLOSE-2025-11-JP01-SpareParts,closing,3200_RETAINED_EARNINGS,341.06,0.0,PROVISION,Close Expected credit loss allowance,,,
2025-11,US01,Events,ECL-2025-11-US01-Events,provision_release,1190_CREDIT_LOSS_ALLOWANCE,118.74,0.0,PROVISION,Release Expected credit loss allowance,,,
2025-11,US01,Events,ECL-2025-11-US01-Events,provision_release,6050_CREDIT_LOSS_EXPENSE,0.0,118.74,PROVISION,Release Expected credit loss allowance,,,
2025-11,US01,Events,ECLCLOSE-2025-11-US01-Events,closing,6050_CREDIT_LOSS_EXPENSE,118.74,0.0,PROVISION,Close release Expected credit loss allowance,,,
2025-11,US01,Events,ECLCLOSE-2025-11-US01-Events,closing,3200_RETAINED_EARNINGS,0.0,118.74,PROVISION,Close release Expected credit loss allowance,,,
2025-11,US01,Hardware,ECL-2025-11-US01-Hardware,provision,6050_CREDIT_LOSS_EXPENSE,552.52,0.0,PROVISION,Expected credit loss allowance,,,
2025-11,US01,Hardware,ECL-2025-11-US01-Hardware,provision,1190_CREDIT_LOSS_ALLOWANCE,0.0,552.52,PROVISION,Expected credit loss allowance,,,
2025-11,US01,Hardware,ECLCLOSE-2025-11-US01-Hardware,closing,6050_CREDIT_LOSS_EXPENSE,0.0,552.52,PROVISION,Close Expected credit loss allowance,,,
2025-11,US01,Hardware,ECLCLOSE-2025-11-US01-Hardware,closing,3200_RETAINED_EARNINGS,552.52,0.0,PROVISION,Close Expected credit loss allowance,,,
2025-11,US01,Software,ECL-2025-11-US01-Software,provision,6050_CREDIT_LOSS_EXPENSE,45.34,0.0,PROVISION,Expected credit loss allowance,,,
2025-11,US01,Software,ECL-2025-11-US01-Software,provision,1190_CREDIT_LOSS_ALLOWANCE,0.0,45.34,PROVISION,Expected credit loss allowance,,,
2025-11,US01,Software,ECLCLOSE-2025-11-US01-Software,closing,6050_CREDIT_LOSS_EXPENSE,0.0,45.34,PROVISION,Close Expected credit loss allowance,,,
2025-11,US01,Software,ECLCLOSE-2025-11-US01-Software,closing,3200_RETAINED_EARNINGS,45.34,0.0,PROVISION,Close Expected credit loss allowance,,,
2025-12,DE01,Hardware,ECL-2025-12-DE01-Hardware,provision,6050_CREDIT_LOSS_EXPENSE,815.05,0.0,PROVISION,Expected credit loss allowance,,,
2025-12,DE01,Hardware,ECL-2025-12-DE01-Hardware,provision,1190_CREDIT_LOSS_ALLOWANCE,0.0,815.05,PROVISION,Expected credit loss allowance,,,
2025-12,DE01,Hardware,ECLCLOSE-2025-12-DE01-Hardware,closing,6050_CREDIT_LOSS_EXPENSE,0.0,815.05,PROVISION,Close Expected credit loss allowance,,,
2025-12,DE01,Hardware,ECLCLOSE-2025-12-DE01-Hardware,closing,3200_RETAINED_EARNINGS,815.05,0.0,PROVISION,Close Expected credit loss allowance,,,
2025-12,DE01,Software,ECL-2025-12-DE01-Software,provision,6050_CREDIT_LOSS_EXPENSE,7.83,0.0,PROVISION,Expected credit loss allowance,,,
2025-12,DE01,Software,ECL-2025-12-DE01-Software,provision,1190_CREDIT_LOSS_ALLOWANCE,0.0,7.83,PROVISION,Expected credit loss allowance,,,
2025-12,DE01,Software,ECLCLOSE-2025-12-DE01-Software,closing,6050_CREDIT_LOSS_EXPENSE,0.0,7.83,PROVISION,Close Expected credit loss allowance,,,
2025-12,DE01,Software,ECLCLOSE-2025-12-DE01-Software,closing,3200_RETAINED_EARNINGS,7.83,0.0,PROVISION,Close Expected credit loss allowance,,,
2025-12,ES01,Events,ECL-2025-12-ES01-Events,provision_release,1190_CREDIT_LOSS_ALLOWANCE,1927.71,0.0,PROVISION,Release Expected credit loss allowance,,,
2025-12,ES01,Events,ECL-2025-12-ES01-Events,provision_release,6050_CREDIT_LOSS_EXPENSE,0.0,1927.71,PROVISION,Release Expected credit loss allowance,,,
2025-12,ES01,Events,ECLCLOSE-2025-12-ES01-Events,closing,6050_CREDIT_LOSS_EXPENSE,1927.71,0.0,PROVISION,Close release Expected credit loss allowance,,,
2025-12,ES01,Events,ECLCLOSE-2025-12-ES01-Events,closing,3200_RETAINED_EARNINGS,0.0,1927.71,PROVISION,Close release Expected credit loss allowance,,,
2025-12,ES01,Hardware,ECL-2025-12-ES01-Hardware,provision,6050_CREDIT_LOSS_EXPENSE,1167.32,0.0,PROVISION,Expected credit loss allowance,,,
2025-12,ES01,Hardware,ECL-2025-12-ES01-Hardware,provision,1190_CREDIT_LOSS_ALLOWANCE,0.0,1167.32,PROVISION,Expected credit loss allowance,,,
2025-12,ES01,Hardware,ECLCLOSE-2025-12-ES01-Hardware,closing,6050_CREDIT_LOSS_EXPENSE,0.0,1167.32,PROVISION,Close Expected credit loss allowance,,,
2025-12,ES01,Hardware,ECLCLOSE-2025-12-ES01-Hardware,closing,3200_RETAINED_EARNINGS,1167.32,0.0,PROVISION,Close Expected credit loss allowance,,,
2025-12,ES01,Spare Parts,ECL-2025-12-ES01-SpareParts,provision,6050_CREDIT_LOSS_EXPENSE,331.73,0.0,PROVISION,Expected credit loss allowance,,,
2025-12,ES01,Spare Parts,ECL-2025-12-ES01-SpareParts,provision,1190_CREDIT_LOSS_ALLOWANCE,0.0,331.73,PROVISION,Expected credit loss allowance,,,
2025-12,ES01,Spare Parts,ECLCLOSE-2025-12-ES01-SpareParts,closing,6050_CREDIT_LOSS_EXPENSE,0.0,331.73,PROVISION,Close Expected credit loss allowance,,,
2025-12,ES01,Spare Parts,ECLCLOSE-2025-12-ES01-SpareParts,closing,3200_RETAINED_EARNINGS,331.73,0.0,PROVISION,Close Expected credit loss allowance,,,
2025-12,JP01,Hardware,ECL-2025-12-JP01-Hardware,provision,6050_CREDIT_LOSS_EXPENSE,374.47,0.0,PROVISION,Expected credit loss allowance,,,
2025-12,JP01,Hardware,ECL-2025-12-JP01-Hardware,provision,1190_CREDIT_LOSS_ALLOWANCE,0.0,374.47,PROVISION,Expected credit loss allowance,,,
2025-12,JP01,Hardware,ECLCLOSE-2025-12-JP01-Hardware,closing,6050_CREDIT_LOSS_EXPENSE,0.0,374.47,PROVISION,Close Expected credit loss allowance,,,
2025-12,JP01,Hardware,ECLCLOSE-2025-12-JP01-Hardware,closing,3200_RETAINED_EARNINGS,374.47,0.0,PROVISION,Close Expected credit loss allowance,,,
2025-12,JP01,Software,ECL-2025-12-JP01-Software,provision,6050_CREDIT_LOSS_EXPENSE,10.82,0.0,PROVISION,Expected credit loss allowance,,,
2025-12,JP01,Software,ECL-2025-12-JP01-Software,provision,1190_CREDIT_LOSS_ALLOWANCE,0.0,10.82,PROVISION,Expected credit loss allowance,,,
2025-12,JP01,Software,ECLCLOSE-2025-12-JP01-Software,closing,6050_CREDIT_LOSS_EXPENSE,0.0,10.82,PROVISION,Close Expected credit loss allowance,,,
2025-12,JP01,Software,ECLCLOSE-2025-12-JP01-Software,closing,3200_RETAINED_EARNINGS,10.82,0.0,PROVISION,Close Expected credit loss allowance,,,
2025-12,JP01,Spare Parts,ECL-2025-12-JP01-SpareParts,provision,6050_CREDIT_LOSS_EXPENSE,509.94,0.0,PROVISION,Expected credit loss allowance,,,
2025-12,JP01,Spare Parts,ECL-2025-12-JP01-SpareParts,provision,1190_CREDIT_LOSS_ALLOWANCE,0.0,509.94,PROVISION,Expected credit loss allowance,,,
2025-12,JP01,Spare Parts,ECLCLOSE-2025-12-JP01-SpareParts,closing,6050_CREDIT_LOSS_EXPENSE,0.0,509.94,PROVISION,Close Expected credit loss allowance,,,
2025-12,JP01,Spare Parts,ECLCLOSE-2025-12-JP01-SpareParts,closing,3200_RETAINED_EARNINGS,509.94,0.0,PROVISION,Close Expected credit loss allowance,,,
2025-12,US01,Events,ECL-2025-12-US01-Events,provision_release,1190_CREDIT_LOSS_ALLOWANCE,322.94,0.0,PROVISION,Release Expected credit loss allowance,,,
2025-12,US01,Events,ECL-2025-12-US01-Events,provision_release,6050_CREDIT_LOSS_EXPENSE,0.0,322.94,PROVISION,Release Expected credit loss allowance,,,
2025-12,US01,Events,ECLCLOSE-2025-12-US01-Events,closing,6050_CREDIT_LOSS_EXPENSE,322.94,0.0,PROVISION,Close release Expected credit loss allowance,,,
2025-12,US01,Events,ECLCLOSE-2025-12-US01-Events,closing,3200_RETAINED_EARNINGS,0.0,322.94,PROVISION,Close release Expected credit loss allowance,,,
2025-12,US01,Hardware,ECL-2025-12-US01-Hardware,provision,6050_CREDIT_LOSS_EXPENSE,1115.29,0.0,PROVISION,Expected credit loss allowance,,,
2025-12,US01,Hardware,ECL-2025-12-US01-Hardware,provision,1190_CREDIT_LOSS_ALLOWANCE,0.0,1115.29,PROVISION,Expected credit loss allowance,,,
2025-12,US01,Hardware,ECLCLOSE-2025-12-US01-Hardware,closing,6050_CREDIT_LOSS_EXPENSE,0.0,1115.29,PROVISION,Close Expected credit loss allowance,,,
2025-12,US01,Hardware,ECLCLOSE-2025-12-US01-Hardware,closing,3200_RETAINED_EARNINGS,1115.29,0.0,PROVISION,Close Expected credit loss allowance,,,
2025-12,US01,Software,ECL-2025-12-US01-Software,provision_release,1190_CREDIT_LOSS_ALLOWANCE,41.2,0.0,PROVISION,Release Expected credit loss allowance,,,
2025-12,US01,Software,ECL-2025-12-US01-Software,provision_release,6050_CREDIT_LOSS_EXPENSE,0.0,41.2,PROVISION,Release Expected credit loss allowance,,,
2025-12,US01,Software,ECLCLOSE-2025-12-US01-Software,closing,6050_CREDIT_LOSS_EXPENSE,41.2,0.0,PROVISION,Close release Expected credit loss allowance,,,
2025-12,US01,Software,ECLCLOSE-2025-12-US01-Software,closing,3200_RETAINED_EARNINGS,0.0,41.2,PROVISION,Close release Expected credit loss allowance,,,
2026-01,DE01,Hardware,ECL-2026-01-DE01-Hardware,provision_release,1190_CREDIT_LOSS_ALLOWANCE,5110.04,0.0,PROVISION,Release Expected credit loss allowance,,,
2026-01,DE01,Hardware,ECL-2026-01-DE01-Hardware,provision_release,6050_CREDIT_LOSS_EXPENSE,0.0,5110.04,PROVISION,Release Expected credit loss allowance,,,
2026-01,DE01,Hardware,ECLCLOSE-2026-01-DE01-Hardware,closing,6050_CREDIT_LOSS_EXPENSE,5110.04,0.0,PROVISION,Close release Expected credit loss allowance,,,
2026-01,DE01,Hardware,ECLCLOSE-2026-01-DE01-Hardware,closing,3200_RETAINED_EARNINGS,0.0,5110.04,PROVISION,Close release Expected credit loss allowance,,,
2026-01,DE01,Software,ECL-2026-01-DE01-Software,provision_release,1190_CREDIT_LOSS_ALLOWANCE,7.53,0.0,PROVISION,Release Expected credit loss allowance,,,
2026-01,DE01,Software,ECL-2026-01-DE01-Software,provision_release,6050_CREDIT_LOSS_EXPENSE,0.0,7.53,PROVISION,Release Expected credit loss allowance,,,
2026-01,DE01,Software,ECLCLOSE-2026-01-DE01-Software,closing,6050_CREDIT_LOSS_EXPENSE,7.53,0.0,PROVISION,Close release Expected credit loss allowance,,,
2026-01,DE01,Software,ECLCLOSE-2026-01-DE01-Software,closing,3200_RETAINED_EARNINGS,0.0,7.53,PROVISION,Close release Expected credit loss allowance,,,
2026-01,ES01,Events,ECL-2026-01-ES01-Events,provision,6050_CREDIT_LOSS_EXPENSE,2931.29,0.0,PROVISION,Expected credit loss allowance,,,
2026-01,ES01,Events,ECL-2026-01-ES01-Events,provision,1190_CREDIT_LOSS_ALLOWANCE,0.0,2931.29,PROVISION,Expected credit loss allowance,,,
2026-01,ES01,Events,ECLCLOSE-2026-01-ES01-Events,closing,6050_CREDIT_LOSS_EXPENSE,0.0,2931.29,PROVISION,Close Expected credit loss allowance,,,
2026-01,ES01,Events,ECLCLOSE-2026-01-ES01-Events,closing,3200_RETAINED_EARNINGS,2931.29,0.0,PROVISION,Close Expected credit loss allowance,,,
2026-01,ES01,Hardware,ECL-2026-01-ES01-Hardware,provision_release,1190_CREDIT_LOSS_ALLOWANCE,4038.54,0.0,PROVISION,Release Expected credit loss allowance,,,
2026-01,ES01,Hardware,ECL-2026-01-ES01-Hardware,provision_release,6050_CREDIT_LOSS_EXPENSE,0.0,4038.54,PROVISION,Release Expected credit loss allowance,,,
2026-01,ES01,Hardware,ECLCLOSE-2026-01-ES01-Hardware,closing,6050_CREDIT_LOSS_EXPENSE,4038.54,0.0,PROVISION,Close release Expected credit loss allowance,,,
2026-01,ES01,Hardware,ECLCLOSE-2026-01-ES01-Hardware,closing,3200_RETAINED_EARNINGS,0.0,4038.54,PROVISION,Close release Expected credit loss allowance,,,
2026-01,ES01,Spare Parts,ECL-2026-01-ES01-SpareParts,provision_release,1190_CREDIT_LOSS_ALLOWANCE,1912.12,0.0,PROVISION,Release Expected credit loss allowance,,,
2026-01,ES01,Spare Parts,ECL-2026-01-ES01-SpareParts,provision_release,6050_CREDIT_LOSS_EXPENSE,0.0,1912.12,PROVISION,Release Expected credit loss allowance,,,
2026-01,ES01,Spare Parts,ECLCLOSE-2026-01-ES01-SpareParts,closing,6050_CREDIT_LOSS_EXPENSE,1912.12,0.0,PROVISION,Close release Expected credit loss allowance,,,
2026-01,ES01,Spare Parts,ECLCLOSE-2026-01-ES01-SpareParts,closing,3200_RETAINED_EARNINGS,0.0,1912.12,PROVISION,Close release Expected credit loss allowance,,,
2026-01,JP01,Hardware,ECL-2026-01-JP01-Hardware,provision_release,1190_CREDIT_LOSS_ALLOWANCE,5503.59,0.0,PROVISION,Release Expected credit loss allowance,,,
2026-01,JP01,Hardware,ECL-2026-01-JP01-Hardware,provision_release,6050_CREDIT_LOSS_EXPENSE,0.0,5503.59,PROVISION,Release Expected credit loss allowance,,,
2026-01,JP01,Hardware,ECLCLOSE-2026-01-JP01-Hardware,closing,6050_CREDIT_LOSS_EXPENSE,5503.59,0.0,PROVISION,Close release Expected credit loss allowance,,,
2026-01,JP01,Hardware,ECLCLOSE-2026-01-JP01-Hardware,closing,3200_RETAINED_EARNINGS,0.0,5503.59,PROVISION,Close release Expected credit loss allowance,,,
2026-01,JP01,Software,ECL-2026-01-JP01-Software,provision_release,1190_CREDIT_LOSS_ALLOWANCE,77.69,0.0,PROVISION,Release Expected credit loss allowance,,,
2026-01,JP01,Software,ECL-2026-01-JP01-Software,provision_release,6050_CREDIT_LOSS_EXPENSE,0.0,77.69,PROVISION,Release Expected credit loss allowance,,,
2026-01,JP01,Software,ECLCLOSE-2026-01-JP01-Software,closing,6050_CREDIT_LOSS_EXPENSE,77.69,0.0,PROVISION,Close release Expected credit loss allowance,,,
2026-01,JP01,Software,ECLCLOSE-2026-01-JP01-Software,closing,3200_RETAINED_EARNINGS,0.0,77.69,PROVISION,Close release Expected credit loss allowance,,,
2026-01,JP01,Spare Parts,ECL-2026-01-JP01-SpareParts,provision_release,1190_CREDIT_LOSS_ALLOWANCE,2501.07,0.0,PROVISION,Release Expected credit loss allowance,,,
2026-01,JP01,Spare Parts,ECL-2026-01-JP01-SpareParts,provision_release,6050_CREDIT_LOSS_EXPENSE,0.0,2501.07,PROVISION,Release Expected credit loss allowance,,,
2026-01,JP01,Spare Parts,ECLCLOSE-2026-01-JP01-SpareParts,closing,6050_CREDIT_LOSS_EXPENSE,2501.07,0.0,PROVISION,Close release Expected credit loss allowance,,,
2026-01,JP01,Spare Parts,ECLCLOSE-2026-01-JP01-SpareParts,closing,3200_RETAINED_EARNINGS,0.0,2501.07,PROVISION,Close release Expected credit loss allowance,,,
2026-01,US01,Events,ECL-2026-01-US01-Events,provision_release,1190_CREDIT_LOSS_ALLOWANCE,267.64,0.0,PROVISION,Release Expected credit loss allowance,,,
2026-01,US01,Events,ECL-2026-01-US01-Events,provision_release,6050_CREDIT_LOSS_EXPENSE,0.0,267.64,PROVISION,Release Expected credit loss allowance,,,
2026-01,US01,Events,ECLCLOSE-2026-01-US01-Events,closing,6050_CREDIT_LOSS_EXPENSE,267.64,0.0,PROVISION,Close release Expected credit loss allowance,,,
2026-01,US01,Events,ECLCLOSE-2026-01-US01-Events,closing,3200_RETAINED_EARNINGS,0.0,267.64,PROVISION,Close release Expected credit loss allowance,,,
2026-01,US01,Hardware,ECL-2026-01-US01-Hardware,provision_release,1190_CREDIT_LOSS_ALLOWANCE,5173.7,0.0,PROVISION,Release Expected credit loss allowance,,,
2026-01,US01,Hardware,ECL-2026-01-US01-Hardware,provision_release,6050_CREDIT_LOSS_EXPENSE,0.0,5173.7,PROVISION,Release Expected credit loss allowance,,,
2026-01,US01,Hardware,ECLCLOSE-2026-01-US01-Hardware,closing,6050_CREDIT_LOSS_EXPENSE,5173.7,0.0,PROVISION,Close release Expected credit loss allowance,,,
2026-01,US01,Hardware,ECLCLOSE-2026-01-US01-Hardware,closing,3200_RETAINED_EARNINGS,0.0,5173.7,PROVISION,Close release Expected credit loss allowance,,,
2026-01,US01,Software,ECL-2026-01-US01-Software,provision_release,1190_CREDIT_LOSS_ALLOWANCE,29.51,0.0,PROVISION,Release Expected credit loss allowance,,,
2026-01,US01,Software,ECL-2026-01-US01-Software,provision_release,6050_CREDIT_LOSS_EXPENSE,0.0,29.51,PROVISION,Release Expected credit loss allowance,,,
2026-01,US01,Software,ECLCLOSE-2026-01-US01-Software,closing,6050_CREDIT_LOSS_EXPENSE,29.51,0.0,PROVISION,Close release Expected credit loss allowance,,,
2026-01,US01,Software,ECLCLOSE-2026-01-US01-Software,closing,3200_RETAINED_EARNINGS,0.0,29.51,PROVISION,Close release Expected credit loss allowance,,,
2026-02,DE01,Hardware,ECL-2026-02-DE01-Hardware,provision,6050_CREDIT_LOSS_EXPENSE,2317.23,0.0,PROVISION,Expected credit loss allowance,,,
2026-02,DE01,Hardware,ECL-2026-02-DE01-Hardware,provision,1190_CREDIT_LOSS_ALLOWANCE,0.0,2317.23,PROVISION,Expected credit loss allowance,,,
2026-02,DE01,Hardware,ECLCLOSE-2026-02-DE01-Hardware,closing,6050_CREDIT_LOSS_EXPENSE,0.0,2317.23,PROVISION,Close Expected credit loss allowance,,,
2026-02,DE01,Hardware,ECLCLOSE-2026-02-DE01-Hardware,closing,3200_RETAINED_EARNINGS,2317.23,0.0,PROVISION,Close Expected credit loss allowance,,,
2026-02,DE01,Software,ECL-2026-02-DE01-Software,provision,6050_CREDIT_LOSS_EXPENSE,25.69,0.0,PROVISION,Expected credit loss allowance,,,
2026-02,DE01,Software,ECL-2026-02-DE01-Software,provision,1190_CREDIT_LOSS_ALLOWANCE,0.0,25.69,PROVISION,Expected credit loss allowance,,,
2026-02,DE01,Software,ECLCLOSE-2026-02-DE01-Software,closing,6050_CREDIT_LOSS_EXPENSE,0.0,25.69,PROVISION,Close Expected credit loss allowance,,,
2026-02,DE01,Software,ECLCLOSE-2026-02-DE01-Software,closing,3200_RETAINED_EARNINGS,25.69,0.0,PROVISION,Close Expected credit loss allowance,,,
2026-02,ES01,Events,ECL-2026-02-ES01-Events,provision_release,1190_CREDIT_LOSS_ALLOWANCE,2174.45,0.0,PROVISION,Release Expected credit loss allowance,,,
2026-02,ES01,Events,ECL-2026-02-ES01-Events,provision_release,6050_CREDIT_LOSS_EXPENSE,0.0,2174.45,PROVISION,Release Expected credit loss allowance,,,
2026-02,ES01,Events,ECLCLOSE-2026-02-ES01-Events,closing,6050_CREDIT_LOSS_EXPENSE,2174.45,0.0,PROVISION,Close release Expected credit loss allowance,,,
2026-02,ES01,Events,ECLCLOSE-2026-02-ES01-Events,closing,3200_RETAINED_EARNINGS,0.0,2174.45,PROVISION,Close release Expected credit loss allowance,,,
2026-02,ES01,Hardware,ECL-2026-02-ES01-Hardware,provision,6050_CREDIT_LOSS_EXPENSE,365.23,0.0,PROVISION,Expected credit loss allowance,,,
2026-02,ES01,Hardware,ECL-2026-02-ES01-Hardware,provision,1190_CREDIT_LOSS_ALLOWANCE,0.0,365.23,PROVISION,Expected credit loss allowance,,,
2026-02,ES01,Hardware,ECLCLOSE-2026-02-ES01-Hardware,closing,6050_CREDIT_LOSS_EXPENSE,0.0,365.23,PROVISION,Close Expected credit loss allowance,,,
2026-02,ES01,Hardware,ECLCLOSE-2026-02-ES01-Hardware,closing,3200_RETAINED_EARNINGS,365.23,0.0,PROVISION,Close Expected credit loss allowance,,,
2026-02,ES01,Spare Parts,ECL-2026-02-ES01-SpareParts,provision,6050_CREDIT_LOSS_EXPENSE,282.96,0.0,PROVISION,Expected credit loss allowance,,,
2026-02,ES01,Spare Parts,ECL-2026-02-ES01-SpareParts,provision,1190_CREDIT_LOSS_ALLOWANCE,0.0,282.96,PROVISION,Expected credit loss allowance,,,
2026-02,ES01,Spare Parts,ECLCLOSE-2026-02-ES01-SpareParts,closing,6050_CREDIT_LOSS_EXPENSE,0.0,282.96,PROVISION,Close Expected credit loss allowance,,,
2026-02,ES01,Spare Parts,ECLCLOSE-2026-02-ES01-SpareParts,closing,3200_RETAINED_EARNINGS,282.96,0.0,PROVISION,Close Expected credit loss allowance,,,
2026-02,JP01,Hardware,ECL-2026-02-JP01-Hardware,provision,6050_CREDIT_LOSS_EXPENSE,2360.7,0.0,PROVISION,Expected credit loss allowance,,,
2026-02,JP01,Hardware,ECL-2026-02-JP01-Hardware,provision,1190_CREDIT_LOSS_ALLOWANCE,0.0,2360.7,PROVISION,Expected credit loss allowance,,,
2026-02,JP01,Hardware,ECLCLOSE-2026-02-JP01-Hardware,closing,6050_CREDIT_LOSS_EXPENSE,0.0,2360.7,PROVISION,Close Expected credit loss allowance,,,
2026-02,JP01,Hardware,ECLCLOSE-2026-02-JP01-Hardware,closing,3200_RETAINED_EARNINGS,2360.7,0.0,PROVISION,Close Expected credit loss allowance,,,
2026-02,JP01,Software,ECL-2026-02-JP01-Software,provision,6050_CREDIT_LOSS_EXPENSE,81.75,0.0,PROVISION,Expected credit loss allowance,,,
2026-02,JP01,Software,ECL-2026-02-JP01-Software,provision,1190_CREDIT_LOSS_ALLOWANCE,0.0,81.75,PROVISION,Expected credit loss allowance,,,
2026-02,JP01,Software,ECLCLOSE-2026-02-JP01-Software,closing,6050_CREDIT_LOSS_EXPENSE,0.0,81.75,PROVISION,Close Expected credit loss allowance,,,
2026-02,JP01,Software,ECLCLOSE-2026-02-JP01-Software,closing,3200_RETAINED_EARNINGS,81.75,0.0,PROVISION,Close Expected credit loss allowance,,,
2026-02,JP01,Spare Parts,ECL-2026-02-JP01-SpareParts,provision,6050_CREDIT_LOSS_EXPENSE,367.67,0.0,PROVISION,Expected credit loss allowance,,,
2026-02,JP01,Spare Parts,ECL-2026-02-JP01-SpareParts,provision,1190_CREDIT_LOSS_ALLOWANCE,0.0,367.67,PROVISION,Expected credit loss allowance,,,
2026-02,JP01,Spare Parts,ECLCLOSE-2026-02-JP01-SpareParts,closing,6050_CREDIT_LOSS_EXPENSE,0.0,367.67,PROVISION,Close Expected credit loss allowance,,,
2026-02,JP01,Spare Parts,ECLCLOSE-2026-02-JP01-SpareParts,closing,3200_RETAINED_EARNINGS,367.67,0.0,PROVISION,Close Expected credit loss allowance,,,
2026-02,US01,Events,ECL-2026-02-US01-Events,provision,6050_CREDIT_LOSS_EXPENSE,730.9,0.0,PROVISION,Expected credit loss allowance,,,
2026-02,US01,Events,ECL-2026-02-US01-Events,provision,1190_CREDIT_LOSS_ALLOWANCE,0.0,730.9,PROVISION,Expected credit loss allowance,,,
2026-02,US01,Events,ECLCLOSE-2026-02-US01-Events,closing,6050_CREDIT_LOSS_EXPENSE,0.0,730.9,PROVISION,Close Expected credit loss allowance,,,
2026-02,US01,Events,ECLCLOSE-2026-02-US01-Events,closing,3200_RETAINED_EARNINGS,730.9,0.0,PROVISION,Close Expected credit loss allowance,,,
2026-02,US01,Hardware,ECL-2026-02-US01-Hardware,provision,6050_CREDIT_LOSS_EXPENSE,1162.34,0.0,PROVISION,Expected credit loss allowance,,,
2026-02,US01,Hardware,ECL-2026-02-US01-Hardware,provision,1190_CREDIT_LOSS_ALLOWANCE,0.0,1162.34,PROVISION,Expected credit loss allowance,,,
2026-02,US01,Hardware,ECLCLOSE-2026-02-US01-Hardware,closing,6050_CREDIT_LOSS_EXPENSE,0.0,1162.34,PROVISION,Close Expected credit loss allowance,,,
2026-02,US01,Hardware,ECLCLOSE-2026-02-US01-Hardware,closing,3200_RETAINED_EARNINGS,1162.34,0.0,PROVISION,Close Expected credit loss allowance,,,
2026-02,US01,Software,ECL-2026-02-US01-Software,provision,6050_CREDIT_LOSS_EXPENSE,37.69,0.0,PROVISION,Expected credit loss allowance,,,
2026-02,US01,Software,ECL-2026-02-US01-Software,provision,1190_CREDIT_LOSS_ALLOWANCE,0.0,37.69,PROVISION,Expected credit loss allowance,,,
2026-02,US01,Software,ECLCLOSE-2026-02-US01-Software,closing,6050_CREDIT_LOSS_EXPENSE,0.0,37.69,PROVISION,Close Expected credit loss allowance,,,
2026-02,US01,Software,ECLCLOSE-2026-02-US01-Software,closing,3200_RETAINED_EARNINGS,37.69,0.0,PROVISION,Close Expected credit loss allowance,,,
2026-03,DE01,Hardware,ECL-2026-03-DE01-Hardware,provision_release,1190_CREDIT_LOSS_ALLOWANCE,471.74,0.0,PROVISION,Release Expected credit loss allowance,,,
2026-03,DE01,Hardware,ECL-2026-03-DE01-Hardware,provision_release,6050_CREDIT_LOSS_EXPENSE,0.0,471.74,PROVISION,Release Expected credit loss allowance,,,
2026-03,DE01,Hardware,ECLCLOSE-2026-03-DE01-Hardware,closing,6050_CREDIT_LOSS_EXPENSE,471.74,0.0,PROVISION,Close release Expected credit loss allowance,,,
2026-03,DE01,Hardware,ECLCLOSE-2026-03-DE01-Hardware,closing,3200_RETAINED_EARNINGS,0.0,471.74,PROVISION,Close release Expected credit loss allowance,,,
2026-03,DE01,Software,ECL-2026-03-DE01-Software,provision,6050_CREDIT_LOSS_EXPENSE,37.01,0.0,PROVISION,Expected credit loss allowance,,,
2026-03,DE01,Software,ECL-2026-03-DE01-Software,provision,1190_CREDIT_LOSS_ALLOWANCE,0.0,37.01,PROVISION,Expected credit loss allowance,,,
2026-03,DE01,Software,ECLCLOSE-2026-03-DE01-Software,closing,6050_CREDIT_LOSS_EXPENSE,0.0,37.01,PROVISION,Close Expected credit loss allowance,,,
2026-03,DE01,Software,ECLCLOSE-2026-03-DE01-Software,closing,3200_RETAINED_EARNINGS,37.01,0.0,PROVISION,Close Expected credit loss allowance,,,
2026-03,ES01,Events,ECL-2026-03-ES01-Events,provision,6050_CREDIT_LOSS_EXPENSE,3305.53,0.0,PROVISION,Expected credit loss allowance,,,
2026-03,ES01,Events,ECL-2026-03-ES01-Events,provision,1190_CREDIT_LOSS_ALLOWANCE,0.0,3305.53,PROVISION,Expected credit loss allowance,,,
2026-03,ES01,Events,ECLCLOSE-2026-03-ES01-Events,closing,6050_CREDIT_LOSS_EXPENSE,0.0,3305.53,PROVISION,Close Expected credit loss allowance,,,
2026-03,ES01,Events,ECLCLOSE-2026-03-ES01-Events,closing,3200_RETAINED_EARNINGS,3305.53,0.0,PROVISION,Close Expected credit loss allowance,,,
2026-03,ES01,Hardware,ECL-2026-03-ES01-Hardware,provision,6050_CREDIT_LOSS_EXPENSE,1150.86,0.0,PROVISION,Expected credit loss allowance,,,
2026-03,ES01,Hardware,ECL-2026-03-ES01-Hardware,provision,1190_CREDIT_LOSS_ALLOWANCE,0.0,1150.86,PROVISION,Expected credit loss allowance,,,
2026-03,ES01,Hardware,ECLCLOSE-2026-03-ES01-Hardware,closing,6050_CREDIT_LOSS_EXPENSE,0.0,1150.86,PROVISION,Close Expected credit loss allowance,,,
2026-03,ES01,Hardware,ECLCLOSE-2026-03-ES01-Hardware,closing,3200_RETAINED_EARNINGS,1150.86,0.0,PROVISION,Close Expected credit loss allowance,,,
2026-03,ES01,Spare Parts,ECL-2026-03-ES01-SpareParts,provision,6050_CREDIT_LOSS_EXPENSE,556.85,0.0,PROVISION,Expected credit loss allowance,,,
2026-03,ES01,Spare Parts,ECL-2026-03-ES01-SpareParts,provision,1190_CREDIT_LOSS_ALLOWANCE,0.0,556.85,PROVISION,Expected credit loss allowance,,,
2026-03,ES01,Spare Parts,ECLCLOSE-2026-03-ES01-SpareParts,closing,6050_CREDIT_LOSS_EXPENSE,0.0,556.85,PROVISION,Close Expected credit loss allowance,,,
2026-03,ES01,Spare Parts,ECLCLOSE-2026-03-ES01-SpareParts,closing,3200_RETAINED_EARNINGS,556.85,0.0,PROVISION,Close Expected credit loss allowance,,,
2026-03,JP01,Hardware,ECL-2026-03-JP01-Hardware,provision,6050_CREDIT_LOSS_EXPENSE,988.82,0.0,PROVISION,Expected credit loss allowance,,,
2026-03,JP01,Hardware,ECL-2026-03-JP01-Hardware,provision,1190_CREDIT_LOSS_ALLOWANCE,0.0,988.82,PROVISION,Expected credit loss allowance,,,
2026-03,JP01,Hardware,ECLCLOSE-2026-03-JP01-Hardware,closing,6050_CREDIT_LOSS_EXPENSE,0.0,988.82,PROVISION,Close Expected credit loss allowance,,,
2026-03,JP01,Hardware,ECLCLOSE-2026-03-JP01-Hardware,closing,3200_RETAINED_EARNINGS,988.82,0.0,PROVISION,Close Expected credit loss allowance,,,
2026-03,JP01,Software,ECL-2026-03-JP01-Software,provision,6050_CREDIT_LOSS_EXPENSE,76.67,0.0,PROVISION,Expected credit loss allowance,,,
2026-03,JP01,Software,ECL-2026-03-JP01-Software,provision,1190_CREDIT_LOSS_ALLOWANCE,0.0,76.67,PROVISION,Expected credit loss allowance,,,
2026-03,JP01,Software,ECLCLOSE-2026-03-JP01-Software,closing,6050_CREDIT_LOSS_EXPENSE,0.0,76.67,PROVISION,Close Expected credit loss allowance,,,
2026-03,JP01,Software,ECLCLOSE-2026-03-JP01-Software,closing,3200_RETAINED_EARNINGS,76.67,0.0,PROVISION,Close Expected credit loss allowance,,,
2026-03,JP01,Spare Parts,ECL-2026-03-JP01-SpareParts,provision,6050_CREDIT_LOSS_EXPENSE,778.0,0.0,PROVISION,Expected credit loss allowance,,,
2026-03,JP01,Spare Parts,ECL-2026-03-JP01-SpareParts,provision,1190_CREDIT_LOSS_ALLOWANCE,0.0,778.0,PROVISION,Expected credit loss allowance,,,
2026-03,JP01,Spare Parts,ECLCLOSE-2026-03-JP01-SpareParts,closing,6050_CREDIT_LOSS_EXPENSE,0.0,778.0,PROVISION,Close Expected credit loss allowance,,,
2026-03,JP01,Spare Parts,ECLCLOSE-2026-03-JP01-SpareParts,closing,3200_RETAINED_EARNINGS,778.0,0.0,PROVISION,Close Expected credit loss allowance,,,
2026-03,US01,Events,ECL-2026-03-US01-Events,provision_release,1190_CREDIT_LOSS_ALLOWANCE,336.29,0.0,PROVISION,Release Expected credit loss allowance,,,
2026-03,US01,Events,ECL-2026-03-US01-Events,provision_release,6050_CREDIT_LOSS_EXPENSE,0.0,336.29,PROVISION,Release Expected credit loss allowance,,,
2026-03,US01,Events,ECLCLOSE-2026-03-US01-Events,closing,6050_CREDIT_LOSS_EXPENSE,336.29,0.0,PROVISION,Close release Expected credit loss allowance,,,
2026-03,US01,Events,ECLCLOSE-2026-03-US01-Events,closing,3200_RETAINED_EARNINGS,0.0,336.29,PROVISION,Close release Expected credit loss allowance,,,
2026-03,US01,Hardware,ECL-2026-03-US01-Hardware,provision,6050_CREDIT_LOSS_EXPENSE,1596.08,0.0,PROVISION,Expected credit loss allowance,,,
2026-03,US01,Hardware,ECL-2026-03-US01-Hardware,provision,1190_CREDIT_LOSS_ALLOWANCE,0.0,1596.08,PROVISION,Expected credit loss allowance,,,
2026-03,US01,Hardware,ECLCLOSE-2026-03-US01-Hardware,closing,6050_CREDIT_LOSS_EXPENSE,0.0,1596.08,PROVISION,Close Expected credit loss allowance,,,
2026-03,US01,Hardware,ECLCLOSE-2026-03-US01-Hardware,closing,3200_RETAINED_EARNINGS,1596.08,0.0,PROVISION,Close Expected credit loss allowance,,,
2026-03,US01,Software,ECL-2026-03-US01-Software,provision,6050_CREDIT_LOSS_EXPENSE,121.98,0.0,PROVISION,Expected credit loss allowance,,,
2026-03,US01,Software,ECL-2026-03-US01-Software,provision,1190_CREDIT_LOSS_ALLOWANCE,0.0,121.98,PROVISION,Expected credit loss allowance,,,
2026-03,US01,Software,ECLCLOSE-2026-03-US01-Software,closing,6050_CREDIT_LOSS_EXPENSE,0.0,121.98,PROVISION,Close Expected credit loss allowance,,,
2026-03,US01,Software,ECLCLOSE-2026-03-US01-Software,closing,3200_RETAINED_EARNINGS,121.98,0.0,PROVISION,Close Expected credit loss allowance,,,
2026-04,DE01,Hardware,ECL-2026-04-DE01-Hardware,provision,6050_CREDIT_LOSS_EXPENSE,1049.26,0.0,PROVISION,Expected credit loss allowance,,,
2026-04,DE01,Hardware,ECL-2026-04-DE01-Hardware,provision,1190_CREDIT_LOSS_ALLOWANCE,0.0,1049.26,PROVISION,Expected credit loss allowance,,,
2026-04,DE01,Hardware,ECLCLOSE-2026-04-DE01-Hardware,closing,6050_CREDIT_LOSS_EXPENSE,0.0,1049.26,PROVISION,Close Expected credit loss allowance,,,
2026-04,DE01,Hardware,ECLCLOSE-2026-04-DE01-Hardware,closing,3200_RETAINED_EARNINGS,1049.26,0.0,PROVISION,Close Expected credit loss allowance,,,
2026-04,DE01,Software,ECL-2026-04-DE01-Software,provision,6050_CREDIT_LOSS_EXPENSE,39.27,0.0,PROVISION,Expected credit loss allowance,,,
2026-04,DE01,Software,ECL-2026-04-DE01-Software,provision,1190_CREDIT_LOSS_ALLOWANCE,0.0,39.27,PROVISION,Expected credit loss allowance,,,
2026-04,DE01,Software,ECLCLOSE-2026-04-DE01-Software,closing,6050_CREDIT_LOSS_EXPENSE,0.0,39.27,PROVISION,Close Expected credit loss allowance,,,
2026-04,DE01,Software,ECLCLOSE-2026-04-DE01-Software,closing,3200_RETAINED_EARNINGS,39.27,0.0,PROVISION,Close Expected credit loss allowance,,,
2026-04,ES01,Events,ECL-2026-04-ES01-Events,provision_release,1190_CREDIT_LOSS_ALLOWANCE,5508.85,0.0,PROVISION,Release Expected credit loss allowance,,,
2026-04,ES01,Events,ECL-2026-04-ES01-Events,provision_release,6050_CREDIT_LOSS_EXPENSE,0.0,5508.85,PROVISION,Release Expected credit loss allowance,,,
2026-04,ES01,Events,ECLCLOSE-2026-04-ES01-Events,closing,6050_CREDIT_LOSS_EXPENSE,5508.85,0.0,PROVISION,Close release Expected credit loss allowance,,,
2026-04,ES01,Events,ECLCLOSE-2026-04-ES01-Events,closing,3200_RETAINED_EARNINGS,0.0,5508.85,PROVISION,Close release Expected credit loss allowance,,,
2026-04,ES01,Hardware,ECL-2026-04-ES01-Hardware,provision,6050_CREDIT_LOSS_EXPENSE,724.72,0.0,PROVISION,Expected credit loss allowance,,,
2026-04,ES01,Hardware,ECL-2026-04-ES01-Hardware,provision,1190_CREDIT_LOSS_ALLOWANCE,0.0,724.72,PROVISION,Expected credit loss allowance,,,
2026-04,ES01,Hardware,ECLCLOSE-2026-04-ES01-Hardware,closing,6050_CREDIT_LOSS_EXPENSE,0.0,724.72,PROVISION,Close Expected credit loss allowance,,,
2026-04,ES01,Hardware,ECLCLOSE-2026-04-ES01-Hardware,closing,3200_RETAINED_EARNINGS,724.72,0.0,PROVISION,Close Expected credit loss allowance,,,
2026-04,ES01,Spare Parts,ECL-2026-04-ES01-SpareParts,provision,6050_CREDIT_LOSS_EXPENSE,299.28,0.0,PROVISION,Expected credit loss allowance,,,
2026-04,ES01,Spare Parts,ECL-2026-04-ES01-SpareParts,provision,1190_CREDIT_LOSS_ALLOWANCE,0.0,299.28,PROVISION,Expected credit loss allowance,,,
2026-04,ES01,Spare Parts,ECLCLOSE-2026-04-ES01-SpareParts,closing,6050_CREDIT_LOSS_EXPENSE,0.0,299.28,PROVISION,Close Expected credit loss allowance,,,
2026-04,ES01,Spare Parts,ECLCLOSE-2026-04-ES01-SpareParts,closing,3200_RETAINED_EARNINGS,299.28,0.0,PROVISION,Close Expected credit loss allowance,,,
2026-04,JP01,Hardware,ECL-2026-04-JP01-Hardware,provision,6050_CREDIT_LOSS_EXPENSE,824.66,0.0,PROVISION,Expected credit loss allowance,,,
2026-04,JP01,Hardware,ECL-2026-04-JP01-Hardware,provision,1190_CREDIT_LOSS_ALLOWANCE,0.0,824.66,PROVISION,Expected credit loss allowance,,,
2026-04,JP01,Hardware,ECLCLOSE-2026-04-JP01-Hardware,closing,6050_CREDIT_LOSS_EXPENSE,0.0,824.66,PROVISION,Close Expected credit loss allowance,,,
2026-04,JP01,Hardware,ECLCLOSE-2026-04-JP01-Hardware,closing,3200_RETAINED_EARNINGS,824.66,0.0,PROVISION,Close Expected credit loss allowance,,,
2026-04,JP01,Software,ECL-2026-04-JP01-Software,provision_release,1190_CREDIT_LOSS_ALLOWANCE,0.84,0.0,PROVISION,Release Expected credit loss allowance,,,
2026-04,JP01,Software,ECL-2026-04-JP01-Software,provision_release,6050_CREDIT_LOSS_EXPENSE,0.0,0.84,PROVISION,Release Expected credit loss allowance,,,
2026-04,JP01,Software,ECLCLOSE-2026-04-JP01-Software,closing,6050_CREDIT_LOSS_EXPENSE,0.84,0.0,PROVISION,Close release Expected credit loss allowance,,,
2026-04,JP01,Software,ECLCLOSE-2026-04-JP01-Software,closing,3200_RETAINED_EARNINGS,0.0,0.84,PROVISION,Close release Expected credit loss allowance,,,
2026-04,JP01,Spare Parts,ECL-2026-04-JP01-SpareParts,provision,6050_CREDIT_LOSS_EXPENSE,410.08,0.0,PROVISION,Expected credit loss allowance,,,
2026-04,JP01,Spare Parts,ECL-2026-04-JP01-SpareParts,provision,1190_CREDIT_LOSS_ALLOWANCE,0.0,410.08,PROVISION,Expected credit loss allowance,,,
2026-04,JP01,Spare Parts,ECLCLOSE-2026-04-JP01-SpareParts,closing,6050_CREDIT_LOSS_EXPENSE,0.0,410.08,PROVISION,Close Expected credit loss allowance,,,
2026-04,JP01,Spare Parts,ECLCLOSE-2026-04-JP01-SpareParts,closing,3200_RETAINED_EARNINGS,410.08,0.0,PROVISION,Close Expected credit loss allowance,,,
2026-04,US01,Events,ECL-2026-04-US01-Events,provision,6050_CREDIT_LOSS_EXPENSE,781.83,0.0,PROVISION,Expected credit loss allowance,,,
2026-04,US01,Events,ECL-2026-04-US01-Events,provision,1190_CREDIT_LOSS_ALLOWANCE,0.0,781.83,PROVISION,Expected credit loss allowance,,,
2026-04,US01,Events,ECLCLOSE-2026-04-US01-Events,closing,6050_CREDIT_LOSS_EXPENSE,0.0,781.83,PROVISION,Close Expected credit loss allowance,,,
2026-04,US01,Events,ECLCLOSE-2026-04-US01-Events,closing,3200_RETAINED_EARNINGS,781.83,0.0,PROVISION,Close Expected credit loss allowance,,,
2026-04,US01,Hardware,ECL-2026-04-US01-Hardware,provision,6050_CREDIT_LOSS_EXPENSE,1276.13,0.0,PROVISION,Expected credit loss allowance,,,
2026-04,US01,Hardware,ECL-2026-04-US01-Hardware,provision,1190_CREDIT_LOSS_ALLOWANCE,0.0,1276.13,PROVISION,Expected credit loss allowance,,,
2026-04,US01,Hardware,ECLCLOSE-2026-04-US01-Hardware,closing,6050_CREDIT_LOSS_EXPENSE,0.0,1276.13,PROVISION,Close Expected credit loss allowance,,,
2026-04,US01,Hardware,ECLCLOSE-2026-04-US01-Hardware,closing,3200_RETAINED_EARNINGS,1276.13,0.0,PROVISION,Close Expected credit loss allowance,,,
2026-04,US01,Software,ECL-2026-04-US01-Software,provision_release,1190_CREDIT_LOSS_ALLOWANCE,15.96,0.0,PROVISION,Release Expected credit loss allowance,,,
2026-04,US01,Software,ECL-2026-04-US01-Software,provision_release,6050_CREDIT_LOSS_EXPENSE,0.0,15.96,PROVISION,Release Expected credit loss allowance,,,
2026-04,US01,Software,ECLCLOSE-2026-04-US01-Software,closing,6050_CREDIT_LOSS_EXPENSE,15.96,0.0,PROVISION,Close release Expected credit loss allowance,,,
2026-04,US01,Software,ECLCLOSE-2026-04-US01-Software,closing,3200_RETAINED_EARNINGS,0.0,15.96,PROVISION,Close release Expected credit loss allowance,,,
2026-05,DE01,Hardware,ECL-2026-05-DE01-Hardware,provision,6050_CREDIT_LOSS_EXPENSE,706.53,0.0,PROVISION,Expected credit loss allowance,,,
2026-05,DE01,Hardware,ECL-2026-05-DE01-Hardware,provision,1190_CREDIT_LOSS_ALLOWANCE,0.0,706.53,PROVISION,Expected credit loss allowance,,,
2026-05,DE01,Hardware,ECLCLOSE-2026-05-DE01-Hardware,closing,6050_CREDIT_LOSS_EXPENSE,0.0,706.53,PROVISION,Close Expected credit loss allowance,,,
2026-05,DE01,Hardware,ECLCLOSE-2026-05-DE01-Hardware,closing,3200_RETAINED_EARNINGS,706.53,0.0,PROVISION,Close Expected credit loss allowance,,,
2026-05,DE01,Software,ECL-2026-05-DE01-Software,provision_release,1190_CREDIT_LOSS_ALLOWANCE,12.22,0.0,PROVISION,Release Expected credit loss allowance,,,
2026-05,DE01,Software,ECL-2026-05-DE01-Software,provision_release,6050_CREDIT_LOSS_EXPENSE,0.0,12.22,PROVISION,Release Expected credit loss allowance,,,
2026-05,DE01,Software,ECLCLOSE-2026-05-DE01-Software,closing,6050_CREDIT_LOSS_EXPENSE,12.22,0.0,PROVISION,Close release Expected credit loss allowance,,,
2026-05,DE01,Software,ECLCLOSE-2026-05-DE01-Software,closing,3200_RETAINED_EARNINGS,0.0,12.22,PROVISION,Close release Expected credit loss allowance,,,
2026-05,ES01,Events,ECL-2026-05-ES01-Events,provision,6050_CREDIT_LOSS_EXPENSE,3417.94,0.0,PROVISION,Expected credit loss allowance,,,
2026-05,ES01,Events,ECL-2026-05-ES01-Events,provision,1190_CREDIT_LOSS_ALLOWANCE,0.0,3417.94,PROVISION,Expected credit loss allowance,,,
2026-05,ES01,Events,ECLCLOSE-2026-05-ES01-Events,closing,6050_CREDIT_LOSS_EXPENSE,0.0,3417.94,PROVISION,Close Expected credit loss allowance,,,
2026-05,ES01,Events,ECLCLOSE-2026-05-ES01-Events,closing,3200_RETAINED_EARNINGS,3417.94,0.0,PROVISION,Close Expected credit loss allowance,,,
2026-05,ES01,Hardware,ECL-2026-05-ES01-Hardware,provision,6050_CREDIT_LOSS_EXPENSE,856.22,0.0,PROVISION,Expected credit loss allowance,,,
2026-05,ES01,Hardware,ECL-2026-05-ES01-Hardware,provision,1190_CREDIT_LOSS_ALLOWANCE,0.0,856.22,PROVISION,Expected credit loss allowance,,,
2026-05,ES01,Hardware,ECLCLOSE-2026-05-ES01-Hardware,closing,6050_CREDIT_LOSS_EXPENSE,0.0,856.22,PROVISION,Close Expected credit loss allowance,,,
2026-05,ES01,Hardware,ECLCLOSE-2026-05-ES01-Hardware,closing,3200_RETAINED_EARNINGS,856.22,0.0,PROVISION,Close Expected credit loss allowance,,,
2026-05,ES01,Spare Parts,ECL-2026-05-ES01-SpareParts,provision,6050_CREDIT_LOSS_EXPENSE,216.78,0.0,PROVISION,Expected credit loss allowance,,,
2026-05,ES01,Spare Parts,ECL-2026-05-ES01-SpareParts,provision,1190_CREDIT_LOSS_ALLOWANCE,0.0,216.78,PROVISION,Expected credit loss allowance,,,
2026-05,ES01,Spare Parts,ECLCLOSE-2026-05-ES01-SpareParts,closing,6050_CREDIT_LOSS_EXPENSE,0.0,216.78,PROVISION,Close Expected credit loss allowance,,,
2026-05,ES01,Spare Parts,ECLCLOSE-2026-05-ES01-SpareParts,closing,3200_RETAINED_EARNINGS,216.78,0.0,PROVISION,Close Expected credit loss allowance,,,
2026-05,JP01,Hardware,ECL-2026-05-JP01-Hardware,provision,6050_CREDIT_LOSS_EXPENSE,454.4,0.0,PROVISION,Expected credit loss allowance,,,
2026-05,JP01,Hardware,ECL-2026-05-JP01-Hardware,provision,1190_CREDIT_LOSS_ALLOWANCE,0.0,454.4,PROVISION,Expected credit loss allowance,,,
2026-05,JP01,Hardware,ECLCLOSE-2026-05-JP01-Hardware,closing,6050_CREDIT_LOSS_EXPENSE,0.0,454.4,PROVISION,Close Expected credit loss allowance,,,
2026-05,JP01,Hardware,ECLCLOSE-2026-05-JP01-Hardware,closing,3200_RETAINED_EARNINGS,454.4,0.0,PROVISION,Close Expected credit loss allowance,,,
2026-05,JP01,Software,ECL-2026-05-JP01-Software,provision,6050_CREDIT_LOSS_EXPENSE,1.8,0.0,PROVISION,Expected credit loss allowance,,,
2026-05,JP01,Software,ECL-2026-05-JP01-Software,provision,1190_CREDIT_LOSS_ALLOWANCE,0.0,1.8,PROVISION,Expected credit loss allowance,,,
2026-05,JP01,Software,ECLCLOSE-2026-05-JP01-Software,closing,6050_CREDIT_LOSS_EXPENSE,0.0,1.8,PROVISION,Close Expected credit loss allowance,,,
2026-05,JP01,Software,ECLCLOSE-2026-05-JP01-Software,closing,3200_RETAINED_EARNINGS,1.8,0.0,PROVISION,Close Expected credit loss allowance,,,
2026-05,JP01,Spare Parts,ECL-2026-05-JP01-SpareParts,provision,6050_CREDIT_LOSS_EXPENSE,261.64,0.0,PROVISION,Expected credit loss allowance,,,
2026-05,JP01,Spare Parts,ECL-2026-05-JP01-SpareParts,provision,1190_CREDIT_LOSS_ALLOWANCE,0.0,261.64,PROVISION,Expected credit loss allowance,,,
2026-05,JP01,Spare Parts,ECLCLOSE-2026-05-JP01-SpareParts,closing,6050_CREDIT_LOSS_EXPENSE,0.0,261.64,PROVISION,Close Expected credit loss allowance,,,
2026-05,JP01,Spare Parts,ECLCLOSE-2026-05-JP01-SpareParts,closing,3200_RETAINED_EARNINGS,261.64,0.0,PROVISION,Close Expected credit loss allowance,,,
2026-05,US01,Events,ECL-2026-05-US01-Events,provision_release,1190_CREDIT_LOSS_ALLOWANCE,1365.66,0.0,PROVISION,Release Expected credit loss allowance,,,
2026-05,US01,Events,ECL-2026-05-US01-Events,provision_release,6050_CREDIT_LOSS_EXPENSE,0.0,1365.66,PROVISION,Release Expected credit loss allowance,,,
2026-05,US01,Events,ECLCLOSE-2026-05-US01-Events,closing,6050_CREDIT_LOSS_EXPENSE,1365.66,0.0,PROVISION,Close release Expected credit loss allowance,,,
2026-05,US01,Events,ECLCLOSE-2026-05-US01-Events,closing,3200_RETAINED_EARNINGS,0.0,1365.66,PROVISION,Close release Expected credit loss allowance,,,
2026-05,US01,Hardware,ECL-2026-05-US01-Hardware,provision_release,1190_CREDIT_LOSS_ALLOWANCE,375.61,0.0,PROVISION,Release Expected credit loss allowance,,,
2026-05,US01,Hardware,ECL-2026-05-US01-Hardware,provision_release,6050_CREDIT_LOSS_EXPENSE,0.0,375.61,PROVISION,Release Expected credit loss allowance,,,
2026-05,US01,Hardware,ECLCLOSE-2026-05-US01-Hardware,closing,6050_CREDIT_LOSS_EXPENSE,375.61,0.0,PROVISION,Close release Expected credit loss allowance,,,
2026-05,US01,Hardware,ECLCLOSE-2026-05-US01-Hardware,closing,3200_RETAINED_EARNINGS,0.0,375.61,PROVISION,Close release Expected credit loss allowance,,,
2026-05,US01,Software,ECL-2026-05-US01-Software,provision_release,1190_CREDIT_LOSS_ALLOWANCE,24.78,0.0,PROVISION,Release Expected credit loss allowance,,,
2026-05,US01,Software,ECL-2026-05-US01-Software,provision_release,6050_CREDIT_LOSS_EXPENSE,0.0,24.78,PROVISION,Release Expected credit loss allowance,,,
2026-05,US01,Software,ECLCLOSE-2026-05-US01-Software,closing,6050_CREDIT_LOSS_EXPENSE,24.78,0.0,PROVISION,Close release Expected credit loss allowance,,,
2026-05,US01,Software,ECLCLOSE-2026-05-US01-Software,closing,3200_RETAINED_EARNINGS,0.0,24.78,PROVISION,Close release Expected credit loss allowance,,,
2026-06,DE01,Hardware,ECL-2026-06-DE01-Hardware,provision,6050_CREDIT_LOSS_EXPENSE,382.83,0.0,PROVISION,Expected credit loss allowance,,,
2026-06,DE01,Hardware,ECL-2026-06-DE01-Hardware,provision,1190_CREDIT_LOSS_ALLOWANCE,0.0,382.83,PROVISION,Expected credit loss allowance,,,
2026-06,DE01,Hardware,ECLCLOSE-2026-06-DE01-Hardware,closing,6050_CREDIT_LOSS_EXPENSE,0.0,382.83,PROVISION,Close Expected credit loss allowance,,,
2026-06,DE01,Hardware,ECLCLOSE-2026-06-DE01-Hardware,closing,3200_RETAINED_EARNINGS,382.83,0.0,PROVISION,Close Expected credit loss allowance,,,
2026-06,DE01,Software,ECL-2026-06-DE01-Software,provision,6050_CREDIT_LOSS_EXPENSE,66.63,0.0,PROVISION,Expected credit loss allowance,,,
2026-06,DE01,Software,ECL-2026-06-DE01-Software,provision,1190_CREDIT_LOSS_ALLOWANCE,0.0,66.63,PROVISION,Expected credit loss allowance,,,
2026-06,DE01,Software,ECLCLOSE-2026-06-DE01-Software,closing,6050_CREDIT_LOSS_EXPENSE,0.0,66.63,PROVISION,Close Expected credit loss allowance,,,
2026-06,DE01,Software,ECLCLOSE-2026-06-DE01-Software,closing,3200_RETAINED_EARNINGS,66.63,0.0,PROVISION,Close Expected credit loss allowance,,,
2026-06,ES01,Events,ECL-2026-06-ES01-Events,provision_release,1190_CREDIT_LOSS_ALLOWANCE,2135.6,0.0,PROVISION,Release Expected credit loss allowance,,,
2026-06,ES01,Events,ECL-2026-06-ES01-Events,provision_release,6050_CREDIT_LOSS_EXPENSE,0.0,2135.6,PROVISION,Release Expected credit loss allowance,,,
2026-06,ES01,Events,ECLCLOSE-2026-06-ES01-Events,closing,6050_CREDIT_LOSS_EXPENSE,2135.6,0.0,PROVISION,Close release Expected credit loss allowance,,,
2026-06,ES01,Events,ECLCLOSE-2026-06-ES01-Events,closing,3200_RETAINED_EARNINGS,0.0,2135.6,PROVISION,Close release Expected credit loss allowance,,,
2026-06,ES01,Hardware,ECL-2026-06-ES01-Hardware,provision_release,1190_CREDIT_LOSS_ALLOWANCE,246.97,0.0,PROVISION,Release Expected credit loss allowance,,,
2026-06,ES01,Hardware,ECL-2026-06-ES01-Hardware,provision_release,6050_CREDIT_LOSS_EXPENSE,0.0,246.97,PROVISION,Release Expected credit loss allowance,,,
2026-06,ES01,Hardware,ECLCLOSE-2026-06-ES01-Hardware,closing,6050_CREDIT_LOSS_EXPENSE,246.97,0.0,PROVISION,Close release Expected credit loss allowance,,,
2026-06,ES01,Hardware,ECLCLOSE-2026-06-ES01-Hardware,closing,3200_RETAINED_EARNINGS,0.0,246.97,PROVISION,Close release Expected credit loss allowance,,,
2026-06,ES01,Spare Parts,ECL-2026-06-ES01-SpareParts,provision,6050_CREDIT_LOSS_EXPENSE,89.07,0.0,PROVISION,Expected credit loss allowance,,,
2026-06,ES01,Spare Parts,ECL-2026-06-ES01-SpareParts,provision,1190_CREDIT_LOSS_ALLOWANCE,0.0,89.07,PROVISION,Expected credit loss allowance,,,
2026-06,ES01,Spare Parts,ECLCLOSE-2026-06-ES01-SpareParts,closing,6050_CREDIT_LOSS_EXPENSE,0.0,89.07,PROVISION,Close Expected credit loss allowance,,,
2026-06,ES01,Spare Parts,ECLCLOSE-2026-06-ES01-SpareParts,closing,3200_RETAINED_EARNINGS,89.07,0.0,PROVISION,Close Expected credit loss allowance,,,
2026-06,JP01,Hardware,ECL-2026-06-JP01-Hardware,provision,6050_CREDIT_LOSS_EXPENSE,211.0,0.0,PROVISION,Expected credit loss allowance,,,
2026-06,JP01,Hardware,ECL-2026-06-JP01-Hardware,provision,1190_CREDIT_LOSS_ALLOWANCE,0.0,211.0,PROVISION,Expected credit loss allowance,,,
2026-06,JP01,Hardware,ECLCLOSE-2026-06-JP01-Hardware,closing,6050_CREDIT_LOSS_EXPENSE,0.0,211.0,PROVISION,Close Expected credit loss allowance,,,
2026-06,JP01,Hardware,ECLCLOSE-2026-06-JP01-Hardware,closing,3200_RETAINED_EARNINGS,211.0,0.0,PROVISION,Close Expected credit loss allowance,,,
2026-06,JP01,Software,ECL-2026-06-JP01-Software,provision,6050_CREDIT_LOSS_EXPENSE,14.56,0.0,PROVISION,Expected credit loss allowance,,,
2026-06,JP01,Software,ECL-2026-06-JP01-Software,provision,1190_CREDIT_LOSS_ALLOWANCE,0.0,14.56,PROVISION,Expected credit loss allowance,,,
2026-06,JP01,Software,ECLCLOSE-2026-06-JP01-Software,closing,6050_CREDIT_LOSS_EXPENSE,0.0,14.56,PROVISION,Close Expected credit loss allowance,,,
2026-06,JP01,Software,ECLCLOSE-2026-06-JP01-Software,closing,3200_RETAINED_EARNINGS,14.56,0.0,PROVISION,Close Expected credit loss allowance,,,
2026-06,JP01,Spare Parts,ECL-2026-06-JP01-SpareParts,provision,6050_CREDIT_LOSS_EXPENSE,59.23,0.0,PROVISION,Expected credit loss allowance,,,
2026-06,JP01,Spare Parts,ECL-2026-06-JP01-SpareParts,provision,1190_CREDIT_LOSS_ALLOWANCE,0.0,59.23,PROVISION,Expected credit loss allowance,,,
2026-06,JP01,Spare Parts,ECLCLOSE-2026-06-JP01-SpareParts,closing,6050_CREDIT_LOSS_EXPENSE,0.0,59.23,PROVISION,Close Expected credit loss allowance,,,
2026-06,JP01,Spare Parts,ECLCLOSE-2026-06-JP01-SpareParts,closing,3200_RETAINED_EARNINGS,59.23,0.0,PROVISION,Close Expected credit loss allowance,,,
2026-06,US01,Events,ECL-2026-06-US01-Events,provision_release,1190_CREDIT_LOSS_ALLOWANCE,1631.01,0.0,PROVISION,Release Expected credit loss allowance,,,
2026-06,US01,Events,ECL-2026-06-US01-Events,provision_release,6050_CREDIT_LOSS_EXPENSE,0.0,1631.01,PROVISION,Release Expected credit loss allowance,,,
2026-06,US01,Events,ECLCLOSE-2026-06-US01-Events,closing,6050_CREDIT_LOSS_EXPENSE,1631.01,0.0,PROVISION,Close release Expected credit loss allowance,,,
2026-06,US01,Events,ECLCLOSE-2026-06-US01-Events,closing,3200_RETAINED_EARNINGS,0.0,1631.01,PROVISION,Close release Expected credit loss allowance,,,
2026-06,US01,Hardware,ECL-2026-06-US01-Hardware,provision,6050_CREDIT_LOSS_EXPENSE,304.82,0.0,PROVISION,Expected credit loss allowance,,,
2026-06,US01,Hardware,ECL-2026-06-US01-Hardware,provision,1190_CREDIT_LOSS_ALLOWANCE,0.0,304.82,PROVISION,Expected credit loss allowance,,,
2026-06,US01,Hardware,ECLCLOSE-2026-06-US01-Hardware,closing,6050_CREDIT_LOSS_EXPENSE,0.0,304.82,PROVISION,Close Expected credit loss allowance,,,
2026-06,US01,Hardware,ECLCLOSE-2026-06-US01-Hardware,closing,3200_RETAINED_EARNINGS,304.82,0.0,PROVISION,Close Expected credit loss allowance,,,
2026-06,US01,Software,ECL-2026-06-US01-Software,provision,6050_CREDIT_LOSS_EXPENSE,77.88,0.0,PROVISION,Expected credit loss allowance,,,
2026-06,US01,Software,ECL-2026-06-US01-Software,provision,1190_CREDIT_LOSS_ALLOWANCE,0.0,77.88,PROVISION,Expected credit loss allowance,,,
2026-06,US01,Software,ECLCLOSE-2026-06-US01-Software,closing,6050_CREDIT_LOSS_EXPENSE,0.0,77.88,PROVISION,Close Expected credit loss allowance,,,
2026-06,US01,Software,ECLCLOSE-2026-06-US01-Software,closing,3200_RETAINED_EARNINGS,77.88,0.0,PROVISION,Close Expected credit loss allowance,,,
2026-07,DE01,Hardware,ECL-2026-07-DE01-Hardware,provision_release,1190_CREDIT_LOSS_ALLOWANCE,1010.19,0.0,PROVISION,Release Expected credit loss allowance,,,
2026-07,DE01,Hardware,ECL-2026-07-DE01-Hardware,provision_release,6050_CREDIT_LOSS_EXPENSE,0.0,1010.19,PROVISION,Release Expected credit loss allowance,,,
2026-07,DE01,Hardware,ECLCLOSE-2026-07-DE01-Hardware,closing,6050_CREDIT_LOSS_EXPENSE,1010.19,0.0,PROVISION,Close release Expected credit loss allowance,,,
2026-07,DE01,Hardware,ECLCLOSE-2026-07-DE01-Hardware,closing,3200_RETAINED_EARNINGS,0.0,1010.19,PROVISION,Close release Expected credit loss allowance,,,
2026-07,DE01,Software,ECL-2026-07-DE01-Software,provision_release,1190_CREDIT_LOSS_ALLOWANCE,63.06,0.0,PROVISION,Release Expected credit loss allowance,,,
2026-07,DE01,Software,ECL-2026-07-DE01-Software,provision_release,6050_CREDIT_LOSS_EXPENSE,0.0,63.06,PROVISION,Release Expected credit loss allowance,,,
2026-07,DE01,Software,ECLCLOSE-2026-07-DE01-Software,closing,6050_CREDIT_LOSS_EXPENSE,63.06,0.0,PROVISION,Close release Expected credit loss allowance,,,
2026-07,DE01,Software,ECLCLOSE-2026-07-DE01-Software,closing,3200_RETAINED_EARNINGS,0.0,63.06,PROVISION,Close release Expected credit loss allowance,,,
2026-07,ES01,Events,ECL-2026-07-ES01-Events,provision,6050_CREDIT_LOSS_EXPENSE,2239.66,0.0,PROVISION,Expected credit loss allowance,,,
2026-07,ES01,Events,ECL-2026-07-ES01-Events,provision,1190_CREDIT_LOSS_ALLOWANCE,0.0,2239.66,PROVISION,Expected credit loss allowance,,,
2026-07,ES01,Events,ECLCLOSE-2026-07-ES01-Events,closing,6050_CREDIT_LOSS_EXPENSE,0.0,2239.66,PROVISION,Close Expected credit loss allowance,,,
2026-07,ES01,Events,ECLCLOSE-2026-07-ES01-Events,closing,3200_RETAINED_EARNINGS,2239.66,0.0,PROVISION,Close Expected credit loss allowance,,,
2026-07,ES01,Hardware,ECL-2026-07-ES01-Hardware,provision_release,1190_CREDIT_LOSS_ALLOWANCE,822.35,0.0,PROVISION,Release Expected credit loss allowance,,,
2026-07,ES01,Hardware,ECL-2026-07-ES01-Hardware,provision_release,6050_CREDIT_LOSS_EXPENSE,0.0,822.35,PROVISION,Release Expected credit loss allowance,,,
2026-07,ES01,Hardware,ECLCLOSE-2026-07-ES01-Hardware,closing,6050_CREDIT_LOSS_EXPENSE,822.35,0.0,PROVISION,Close release Expected credit loss allowance,,,
2026-07,ES01,Hardware,ECLCLOSE-2026-07-ES01-Hardware,closing,3200_RETAINED_EARNINGS,0.0,822.35,PROVISION,Close release Expected credit loss allowance,,,
2026-07,ES01,Spare Parts,ECL-2026-07-ES01-SpareParts,provision_release,1190_CREDIT_LOSS_ALLOWANCE,590.97,0.0,PROVISION,Release Expected credit loss allowance,,,
2026-07,ES01,Spare Parts,ECL-2026-07-ES01-SpareParts,provision_release,6050_CREDIT_LOSS_EXPENSE,0.0,590.97,PROVISION,Release Expected credit loss allowance,,,
2026-07,ES01,Spare Parts,ECLCLOSE-2026-07-ES01-SpareParts,closing,6050_CREDIT_LOSS_EXPENSE,590.97,0.0,PROVISION,Close release Expected credit loss allowance,,,
2026-07,ES01,Spare Parts,ECLCLOSE-2026-07-ES01-SpareParts,closing,3200_RETAINED_EARNINGS,0.0,590.97,PROVISION,Close release Expected credit loss allowance,,,
2026-07,JP01,Hardware,ECL-2026-07-JP01-Hardware,provision_release,1190_CREDIT_LOSS_ALLOWANCE,1771.23,0.0,PROVISION,Release Expected credit loss allowance,,,
2026-07,JP01,Hardware,ECL-2026-07-JP01-Hardware,provision_release,6050_CREDIT_LOSS_EXPENSE,0.0,1771.23,PROVISION,Release Expected credit loss allowance,,,
2026-07,JP01,Hardware,ECLCLOSE-2026-07-JP01-Hardware,closing,6050_CREDIT_LOSS_EXPENSE,1771.23,0.0,PROVISION,Close release Expected credit loss allowance,,,
2026-07,JP01,Hardware,ECLCLOSE-2026-07-JP01-Hardware,closing,3200_RETAINED_EARNINGS,0.0,1771.23,PROVISION,Close release Expected credit loss allowance,,,
2026-07,JP01,Software,ECL-2026-07-JP01-Software,provision_release,1190_CREDIT_LOSS_ALLOWANCE,53.98,0.0,PROVISION,Release Expected credit loss allowance,,,
2026-07,JP01,Software,ECL-2026-07-JP01-Software,provision_release,6050_CREDIT_LOSS_EXPENSE,0.0,53.98,PROVISION,Release Expected credit loss allowance,,,
2026-07,JP01,Software,ECLCLOSE-2026-07-JP01-Software,closing,6050_CREDIT_LOSS_EXPENSE,53.98,0.0,PROVISION,Close release Expected credit loss allowance,,,
2026-07,JP01,Software,ECLCLOSE-2026-07-JP01-Software,closing,3200_RETAINED_EARNINGS,0.0,53.98,PROVISION,Close release Expected credit loss allowance,,,
2026-07,JP01,Spare Parts,ECL-2026-07-JP01-SpareParts,provision_release,1190_CREDIT_LOSS_ALLOWANCE,718.6,0.0,PROVISION,Release Expected credit loss allowance,,,
2026-07,JP01,Spare Parts,ECL-2026-07-JP01-SpareParts,provision_release,6050_CREDIT_LOSS_EXPENSE,0.0,718.6,PROVISION,Release Expected credit loss allowance,,,
2026-07,JP01,Spare Parts,ECLCLOSE-2026-07-JP01-SpareParts,closing,6050_CREDIT_LOSS_EXPENSE,718.6,0.0,PROVISION,Close release Expected credit loss allowance,,,
2026-07,JP01,Spare Parts,ECLCLOSE-2026-07-JP01-SpareParts,closing,3200_RETAINED_EARNINGS,0.0,718.6,PROVISION,Close release Expected credit loss allowance,,,
2026-07,US01,Events,ECL-2026-07-US01-Events,provision,6050_CREDIT_LOSS_EXPENSE,3578.63,0.0,PROVISION,Expected credit loss allowance,,,
2026-07,US01,Events,ECL-2026-07-US01-Events,provision,1190_CREDIT_LOSS_ALLOWANCE,0.0,3578.63,PROVISION,Expected credit loss allowance,,,
2026-07,US01,Events,ECLCLOSE-2026-07-US01-Events,closing,6050_CREDIT_LOSS_EXPENSE,0.0,3578.63,PROVISION,Close Expected credit loss allowance,,,
2026-07,US01,Events,ECLCLOSE-2026-07-US01-Events,closing,3200_RETAINED_EARNINGS,3578.63,0.0,PROVISION,Close Expected credit loss allowance,,,
2026-07,US01,Hardware,ECL-2026-07-US01-Hardware,provision_release,1190_CREDIT_LOSS_ALLOWANCE,1835.12,0.0,PROVISION,Release Expected credit loss allowance,,,
2026-07,US01,Hardware,ECL-2026-07-US01-Hardware,provision_release,6050_CREDIT_LOSS_EXPENSE,0.0,1835.12,PROVISION,Release Expected credit loss allowance,,,
2026-07,US01,Hardware,ECLCLOSE-2026-07-US01-Hardware,closing,6050_CREDIT_LOSS_EXPENSE,1835.12,0.0,PROVISION,Close release Expected credit loss allowance,,,
2026-07,US01,Hardware,ECLCLOSE-2026-07-US01-Hardware,closing,3200_RETAINED_EARNINGS,0.0,1835.12,PROVISION,Close release Expected credit loss allowance,,,
2026-07,US01,Software,ECL-2026-07-US01-Software,provision_release,1190_CREDIT_LOSS_ALLOWANCE,32.69,0.0,PROVISION,Release Expected credit loss allowance,,,
2026-07,US01,Software,ECL-2026-07-US01-Software,provision_release,6050_CREDIT_LOSS_EXPENSE,0.0,32.69,PROVISION,Release Expected credit loss allowance,,,
2026-07,US01,Software,ECLCLOSE-2026-07-US01-Software,closing,6050_CREDIT_LOSS_EXPENSE,32.69,0.0,PROVISION,Close release Expected credit loss allowance,,,
2026-07,US01,Software,ECLCLOSE-2026-07-US01-Software,closing,3200_RETAINED_EARNINGS,0.0,32.69,PROVISION,Close release Expected credit loss allowance,,,
2026-08,DE01,Hardware,ECL-2026-08-DE01-Hardware,provision_release,1190_CREDIT_LOSS_ALLOWANCE,580.19,0.0,PROVISION,Release Expected credit loss allowance,,,
2026-08,DE01,Hardware,ECL-2026-08-DE01-Hardware,provision_release,6050_CREDIT_LOSS_EXPENSE,0.0,580.19,PROVISION,Release Expected credit loss allowance,,,
2026-08,DE01,Hardware,ECLCLOSE-2026-08-DE01-Hardware,closing,6050_CREDIT_LOSS_EXPENSE,580.19,0.0,PROVISION,Close release Expected credit loss allowance,,,
2026-08,DE01,Hardware,ECLCLOSE-2026-08-DE01-Hardware,closing,3200_RETAINED_EARNINGS,0.0,580.19,PROVISION,Close release Expected credit loss allowance,,,
2026-08,DE01,Software,ECL-2026-08-DE01-Software,provision,6050_CREDIT_LOSS_EXPENSE,45.15,0.0,PROVISION,Expected credit loss allowance,,,
2026-08,DE01,Software,ECL-2026-08-DE01-Software,provision,1190_CREDIT_LOSS_ALLOWANCE,0.0,45.15,PROVISION,Expected credit loss allowance,,,
2026-08,DE01,Software,ECLCLOSE-2026-08-DE01-Software,closing,6050_CREDIT_LOSS_EXPENSE,0.0,45.15,PROVISION,Close Expected credit loss allowance,,,
2026-08,DE01,Software,ECLCLOSE-2026-08-DE01-Software,closing,3200_RETAINED_EARNINGS,45.15,0.0,PROVISION,Close Expected credit loss allowance,,,
2026-08,ES01,Events,ECL-2026-08-ES01-Events,provision,6050_CREDIT_LOSS_EXPENSE,470.15,0.0,PROVISION,Expected credit loss allowance,,,
2026-08,ES01,Events,ECL-2026-08-ES01-Events,provision,1190_CREDIT_LOSS_ALLOWANCE,0.0,470.15,PROVISION,Expected credit loss allowance,,,
2026-08,ES01,Events,ECLCLOSE-2026-08-ES01-Events,closing,6050_CREDIT_LOSS_EXPENSE,0.0,470.15,PROVISION,Close Expected credit loss allowance,,,
2026-08,ES01,Events,ECLCLOSE-2026-08-ES01-Events,closing,3200_RETAINED_EARNINGS,470.15,0.0,PROVISION,Close Expected credit loss allowance,,,
2026-08,ES01,Hardware,ECL-2026-08-ES01-Hardware,provision_release,1190_CREDIT_LOSS_ALLOWANCE,503.07,0.0,PROVISION,Release Expected credit loss allowance,,,
2026-08,ES01,Hardware,ECL-2026-08-ES01-Hardware,provision_release,6050_CREDIT_LOSS_EXPENSE,0.0,503.07,PROVISION,Release Expected credit loss allowance,,,
2026-08,ES01,Hardware,ECLCLOSE-2026-08-ES01-Hardware,closing,6050_CREDIT_LOSS_EXPENSE,503.07,0.0,PROVISION,Close release Expected credit loss allowance,,,
2026-08,ES01,Hardware,ECLCLOSE-2026-08-ES01-Hardware,closing,3200_RETAINED_EARNINGS,0.0,503.07,PROVISION,Close release Expected credit loss allowance,,,
2026-08,ES01,Spare Parts,ECL-2026-08-ES01-SpareParts,provision_release,1190_CREDIT_LOSS_ALLOWANCE,452.76,0.0,PROVISION,Release Expected credit loss allowance,,,
2026-08,ES01,Spare Parts,ECL-2026-08-ES01-SpareParts,provision_release,6050_CREDIT_LOSS_EXPENSE,0.0,452.76,PROVISION,Release Expected credit loss allowance,,,
2026-08,ES01,Spare Parts,ECLCLOSE-2026-08-ES01-SpareParts,closing,6050_CREDIT_LOSS_EXPENSE,452.76,0.0,PROVISION,Close release Expected credit loss allowance,,,
2026-08,ES01,Spare Parts,ECLCLOSE-2026-08-ES01-SpareParts,closing,3200_RETAINED_EARNINGS,0.0,452.76,PROVISION,Close release Expected credit loss allowance,,,
2026-08,JP01,Hardware,ECL-2026-08-JP01-Hardware,provision_release,1190_CREDIT_LOSS_ALLOWANCE,1213.59,0.0,PROVISION,Release Expected credit loss allowance,,,
2026-08,JP01,Hardware,ECL-2026-08-JP01-Hardware,provision_release,6050_CREDIT_LOSS_EXPENSE,0.0,1213.59,PROVISION,Release Expected credit loss allowance,,,
2026-08,JP01,Hardware,ECLCLOSE-2026-08-JP01-Hardware,closing,6050_CREDIT_LOSS_EXPENSE,1213.59,0.0,PROVISION,Close release Expected credit loss allowance,,,
2026-08,JP01,Hardware,ECLCLOSE-2026-08-JP01-Hardware,closing,3200_RETAINED_EARNINGS,0.0,1213.59,PROVISION,Close release Expected credit loss allowance,,,
2026-08,JP01,Software,ECL-2026-08-JP01-Software,provision,6050_CREDIT_LOSS_EXPENSE,99.44,0.0,PROVISION,Expected credit loss allowance,,,
2026-08,JP01,Software,ECL-2026-08-JP01-Software,provision,1190_CREDIT_LOSS_ALLOWANCE,0.0,99.44,PROVISION,Expected credit loss allowance,,,
2026-08,JP01,Software,ECLCLOSE-2026-08-JP01-Software,closing,6050_CREDIT_LOSS_EXPENSE,0.0,99.44,PROVISION,Close Expected credit loss allowance,,,
2026-08,JP01,Software,ECLCLOSE-2026-08-JP01-Software,closing,3200_RETAINED_EARNINGS,99.44,0.0,PROVISION,Close Expected credit loss allowance,,,
2026-08,JP01,Spare Parts,ECL-2026-08-JP01-SpareParts,provision_release,1190_CREDIT_LOSS_ALLOWANCE,588.76,0.0,PROVISION,Release Expected credit loss allowance,,,
2026-08,JP01,Spare Parts,ECL-2026-08-JP01-SpareParts,provision_release,6050_CREDIT_LOSS_EXPENSE,0.0,588.76,PROVISION,Release Expected credit loss allowance,,,
2026-08,JP01,Spare Parts,ECLCLOSE-2026-08-JP01-SpareParts,closing,6050_CREDIT_LOSS_EXPENSE,588.76,0.0,PROVISION,Close release Expected credit loss allowance,,,
2026-08,JP01,Spare Parts,ECLCLOSE-2026-08-JP01-SpareParts,closing,3200_RETAINED_EARNINGS,0.0,588.76,PROVISION,Close release Expected credit loss allowance,,,
2026-08,US01,Events,ECL-2026-08-US01-Events,provision,6050_CREDIT_LOSS_EXPENSE,1618.36,0.0,PROVISION,Expected credit loss allowance,,,
2026-08,US01,Events,ECL-2026-08-US01-Events,provision,1190_CREDIT_LOSS_ALLOWANCE,0.0,1618.36,PROVISION,Expected credit loss allowance,,,
2026-08,US01,Events,ECLCLOSE-2026-08-US01-Events,closing,6050_CREDIT_LOSS_EXPENSE,0.0,1618.36,PROVISION,Close Expected credit loss allowance,,,
2026-08,US01,Events,ECLCLOSE-2026-08-US01-Events,closing,3200_RETAINED_EARNINGS,1618.36,0.0,PROVISION,Close Expected credit loss allowance,,,
2026-08,US01,Hardware,ECL-2026-08-US01-Hardware,provision_release,1190_CREDIT_LOSS_ALLOWANCE,650.88,0.0,PROVISION,Release Expected credit loss allowance,,,
2026-08,US01,Hardware,ECL-2026-08-US01-Hardware,provision_release,6050_CREDIT_LOSS_EXPENSE,0.0,650.88,PROVISION,Release Expected credit loss allowance,,,
2026-08,US01,Hardware,ECLCLOSE-2026-08-US01-Hardware,closing,6050_CREDIT_LOSS_EXPENSE,650.88,0.0,PROVISION,Close release Expected credit loss allowance,,,
2026-08,US01,Hardware,ECLCLOSE-2026-08-US01-Hardware,closing,3200_RETAINED_EARNINGS,0.0,650.88,PROVISION,Close release Expected credit loss allowance,,,
2026-08,US01,Software,ECL-2026-08-US01-Software,provision,6050_CREDIT_LOSS_EXPENSE,42.36,0.0,PROVISION,Expected credit loss allowance,,,
2026-08,US01,Software,ECL-2026-08-US01-Software,provision,1190_CREDIT_LOSS_ALLOWANCE,0.0,42.36,PROVISION,Expected credit loss allowance,,,
2026-08,US01,Software,ECLCLOSE-2026-08-US01-Software,closing,6050_CREDIT_LOSS_EXPENSE,0.0,42.36,PROVISION,Close Expected credit loss allowance,,,
2026-08,US01,Software,ECLCLOSE-2026-08-US01-Software,closing,3200_RETAINED_EARNINGS,42.36,0.0,PROVISION,Close Expected credit loss allowance,,,
2026-09,DE01,Hardware,ECL-2026-09-DE01-Hardware,provision,6050_CREDIT_LOSS_EXPENSE,3197.27,0.0,PROVISION,Expected credit loss allowance,,,
2026-09,DE01,Hardware,ECL-2026-09-DE01-Hardware,provision,1190_CREDIT_LOSS_ALLOWANCE,0.0,3197.27,PROVISION,Expected credit loss allowance,,,
2026-09,DE01,Hardware,ECLCLOSE-2026-09-DE01-Hardware,closing,6050_CREDIT_LOSS_EXPENSE,0.0,3197.27,PROVISION,Close Expected credit loss allowance,,,
2026-09,DE01,Hardware,ECLCLOSE-2026-09-DE01-Hardware,closing,3200_RETAINED_EARNINGS,3197.27,0.0,PROVISION,Close Expected credit loss allowance,,,
2026-09,DE01,Software,ECL-2026-09-DE01-Software,provision,6050_CREDIT_LOSS_EXPENSE,68.11,0.0,PROVISION,Expected credit loss allowance,,,
2026-09,DE01,Software,ECL-2026-09-DE01-Software,provision,1190_CREDIT_LOSS_ALLOWANCE,0.0,68.11,PROVISION,Expected credit loss allowance,,,
2026-09,DE01,Software,ECLCLOSE-2026-09-DE01-Software,closing,6050_CREDIT_LOSS_EXPENSE,0.0,68.11,PROVISION,Close Expected credit loss allowance,,,
2026-09,DE01,Software,ECLCLOSE-2026-09-DE01-Software,closing,3200_RETAINED_EARNINGS,68.11,0.0,PROVISION,Close Expected credit loss allowance,,,
2026-09,ES01,Events,ECL-2026-09-ES01-Events,provision,6050_CREDIT_LOSS_EXPENSE,563.55,0.0,PROVISION,Expected credit loss allowance,,,
2026-09,ES01,Events,ECL-2026-09-ES01-Events,provision,1190_CREDIT_LOSS_ALLOWANCE,0.0,563.55,PROVISION,Expected credit loss allowance,,,
2026-09,ES01,Events,ECLCLOSE-2026-09-ES01-Events,closing,6050_CREDIT_LOSS_EXPENSE,0.0,563.55,PROVISION,Close Expected credit loss allowance,,,
2026-09,ES01,Events,ECLCLOSE-2026-09-ES01-Events,closing,3200_RETAINED_EARNINGS,563.55,0.0,PROVISION,Close Expected credit loss allowance,,,
2026-09,ES01,Hardware,ECL-2026-09-ES01-Hardware,provision,6050_CREDIT_LOSS_EXPENSE,3053.99,0.0,PROVISION,Expected credit loss allowance,,,
2026-09,ES01,Hardware,ECL-2026-09-ES01-Hardware,provision,1190_CREDIT_LOSS_ALLOWANCE,0.0,3053.99,PROVISION,Expected credit loss allowance,,,
2026-09,ES01,Hardware,ECLCLOSE-2026-09-ES01-Hardware,closing,6050_CREDIT_LOSS_EXPENSE,0.0,3053.99,PROVISION,Close Expected credit loss allowance,,,
2026-09,ES01,Hardware,ECLCLOSE-2026-09-ES01-Hardware,closing,3200_RETAINED_EARNINGS,3053.99,0.0,PROVISION,Close Expected credit loss allowance,,,
2026-09,ES01,Spare Parts,ECL-2026-09-ES01-SpareParts,provision,6050_CREDIT_LOSS_EXPENSE,1458.68,0.0,PROVISION,Expected credit loss allowance,,,
2026-09,ES01,Spare Parts,ECL-2026-09-ES01-SpareParts,provision,1190_CREDIT_LOSS_ALLOWANCE,0.0,1458.68,PROVISION,Expected credit loss allowance,,,
2026-09,ES01,Spare Parts,ECLCLOSE-2026-09-ES01-SpareParts,closing,6050_CREDIT_LOSS_EXPENSE,0.0,1458.68,PROVISION,Close Expected credit loss allowance,,,
2026-09,ES01,Spare Parts,ECLCLOSE-2026-09-ES01-SpareParts,closing,3200_RETAINED_EARNINGS,1458.68,0.0,PROVISION,Close Expected credit loss allowance,,,
2026-09,JP01,Hardware,ECL-2026-09-JP01-Hardware,provision,6050_CREDIT_LOSS_EXPENSE,9362.3,0.0,PROVISION,Expected credit loss allowance,,,
2026-09,JP01,Hardware,ECL-2026-09-JP01-Hardware,provision,1190_CREDIT_LOSS_ALLOWANCE,0.0,9362.3,PROVISION,Expected credit loss allowance,,,
2026-09,JP01,Hardware,ECLCLOSE-2026-09-JP01-Hardware,closing,6050_CREDIT_LOSS_EXPENSE,0.0,9362.3,PROVISION,Close Expected credit loss allowance,,,
2026-09,JP01,Hardware,ECLCLOSE-2026-09-JP01-Hardware,closing,3200_RETAINED_EARNINGS,9362.3,0.0,PROVISION,Close Expected credit loss allowance,,,
2026-09,JP01,Software,ECL-2026-09-JP01-Software,provision,6050_CREDIT_LOSS_EXPENSE,26.62,0.0,PROVISION,Expected credit loss allowance,,,
2026-09,JP01,Software,ECL-2026-09-JP01-Software,provision,1190_CREDIT_LOSS_ALLOWANCE,0.0,26.62,PROVISION,Expected credit loss allowance,,,
2026-09,JP01,Software,ECLCLOSE-2026-09-JP01-Software,closing,6050_CREDIT_LOSS_EXPENSE,0.0,26.62,PROVISION,Close Expected credit loss allowance,,,
2026-09,JP01,Software,ECLCLOSE-2026-09-JP01-Software,closing,3200_RETAINED_EARNINGS,26.62,0.0,PROVISION,Close Expected credit loss allowance,,,
2026-09,JP01,Spare Parts,ECL-2026-09-JP01-SpareParts,provision,6050_CREDIT_LOSS_EXPENSE,1993.45,0.0,PROVISION,Expected credit loss allowance,,,
2026-09,JP01,Spare Parts,ECL-2026-09-JP01-SpareParts,provision,1190_CREDIT_LOSS_ALLOWANCE,0.0,1993.45,PROVISION,Expected credit loss allowance,,,
2026-09,JP01,Spare Parts,ECLCLOSE-2026-09-JP01-SpareParts,closing,6050_CREDIT_LOSS_EXPENSE,0.0,1993.45,PROVISION,Close Expected credit loss allowance,,,
2026-09,JP01,Spare Parts,ECLCLOSE-2026-09-JP01-SpareParts,closing,3200_RETAINED_EARNINGS,1993.45,0.0,PROVISION,Close Expected credit loss allowance,,,
2026-09,US01,Events,ECL-2026-09-US01-Events,provision_release,1190_CREDIT_LOSS_ALLOWANCE,1501.41,0.0,PROVISION,Release Expected credit loss allowance,,,
2026-09,US01,Events,ECL-2026-09-US01-Events,provision_release,6050_CREDIT_LOSS_EXPENSE,0.0,1501.41,PROVISION,Release Expected credit loss allowance,,,
2026-09,US01,Events,ECLCLOSE-2026-09-US01-Events,closing,6050_CREDIT_LOSS_EXPENSE,1501.41,0.0,PROVISION,Close release Expected credit loss allowance,,,
2026-09,US01,Events,ECLCLOSE-2026-09-US01-Events,closing,3200_RETAINED_EARNINGS,0.0,1501.41,PROVISION,Close release Expected credit loss allowance,,,
2026-09,US01,Hardware,ECL-2026-09-US01-Hardware,provision,6050_CREDIT_LOSS_EXPENSE,7698.97,0.0,PROVISION,Expected credit loss allowance,,,
2026-09,US01,Hardware,ECL-2026-09-US01-Hardware,provision,1190_CREDIT_LOSS_ALLOWANCE,0.0,7698.97,PROVISION,Expected credit loss allowance,,,
2026-09,US01,Hardware,ECLCLOSE-2026-09-US01-Hardware,closing,6050_CREDIT_LOSS_EXPENSE,0.0,7698.97,PROVISION,Close Expected credit loss allowance,,,
2026-09,US01,Hardware,ECLCLOSE-2026-09-US01-Hardware,closing,3200_RETAINED_EARNINGS,7698.97,0.0,PROVISION,Close Expected credit loss allowance,,,
2026-09,US01,Software,ECL-2026-09-US01-Software,provision,6050_CREDIT_LOSS_EXPENSE,142.78,0.0,PROVISION,Expected credit loss allowance,,,
2026-09,US01,Software,ECL-2026-09-US01-Software,provision,1190_CREDIT_LOSS_ALLOWANCE,0.0,142.78,PROVISION,Expected credit loss allowance,,,
2026-09,US01,Software,ECLCLOSE-2026-09-US01-Software,closing,6050_CREDIT_LOSS_EXPENSE,0.0,142.78,PROVISION,Close Expected credit loss allowance,,,
2026-09,US01,Software,ECLCLOSE-2026-09-US01-Software,closing,3200_RETAINED_EARNINGS,142.78,0.0,PROVISION,Close Expected credit loss allowance,,,
2023-10,DE01,Hardware,INVPROV-2023-10-DE01-Hardware,provision,5460_INVENTORY_OBSOLESCENCE,9068.92,0.0,PROVISION,Inventory obsolescence provision,,,
2023-10,DE01,Hardware,INVPROV-2023-10-DE01-Hardware,provision,1290_INVENTORY_PROVISION,0.0,9068.92,PROVISION,Inventory obsolescence provision,,,
2023-10,DE01,Hardware,INVPROVCLOSE-2023-10-DE01-Hardware,closing,5460_INVENTORY_OBSOLESCENCE,0.0,9068.92,PROVISION,Close Inventory obsolescence provision,,,
2023-10,DE01,Hardware,INVPROVCLOSE-2023-10-DE01-Hardware,closing,3200_RETAINED_EARNINGS,9068.92,0.0,PROVISION,Close Inventory obsolescence provision,,,
2023-10,ES01,Hardware,INVPROV-2023-10-ES01-Hardware,provision,5460_INVENTORY_OBSOLESCENCE,8004.85,0.0,PROVISION,Inventory obsolescence provision,,,
2023-10,ES01,Hardware,INVPROV-2023-10-ES01-Hardware,provision,1290_INVENTORY_PROVISION,0.0,8004.85,PROVISION,Inventory obsolescence provision,,,
2023-10,ES01,Hardware,INVPROVCLOSE-2023-10-ES01-Hardware,closing,5460_INVENTORY_OBSOLESCENCE,0.0,8004.85,PROVISION,Close Inventory obsolescence provision,,,
2023-10,ES01,Hardware,INVPROVCLOSE-2023-10-ES01-Hardware,closing,3200_RETAINED_EARNINGS,8004.85,0.0,PROVISION,Close Inventory obsolescence provision,,,
2023-10,ES01,Spare Parts,INVPROV-2023-10-ES01-SpareParts,provision,5460_INVENTORY_OBSOLESCENCE,6105.91,0.0,PROVISION,Inventory obsolescence provision,,,
2023-10,ES01,Spare Parts,INVPROV-2023-10-ES01-SpareParts,provision,1290_INVENTORY_PROVISION,0.0,6105.91,PROVISION,Inventory obsolescence provision,,,
2023-10,ES01,Spare Parts,INVPROVCLOSE-2023-10-ES01-SpareParts,closing,5460_INVENTORY_OBSOLESCENCE,0.0,6105.91,PROVISION,Close Inventory obsolescence provision,,,
2023-10,ES01,Spare Parts,INVPROVCLOSE-2023-10-ES01-SpareParts,closing,3200_RETAINED_EARNINGS,6105.91,0.0,PROVISION,Close Inventory obsolescence provision,,,
2023-10,JP01,Hardware,INVPROV-2023-10-JP01-Hardware,provision,5460_INVENTORY_OBSOLESCENCE,5447.54,0.0,PROVISION,Inventory obsolescence provision,,,
2023-10,JP01,Hardware,INVPROV-2023-10-JP01-Hardware,provision,1290_INVENTORY_PROVISION,0.0,5447.54,PROVISION,Inventory obsolescence provision,,,
2023-10,JP01,Hardware,INVPROVCLOSE-2023-10-JP01-Hardware,closing,5460_INVENTORY_OBSOLESCENCE,0.0,5447.54,PROVISION,Close Inventory obsolescence provision,,,
2023-10,JP01,Hardware,INVPROVCLOSE-2023-10-JP01-Hardware,closing,3200_RETAINED_EARNINGS,5447.54,0.0,PROVISION,Close Inventory obsolescence provision,,,
2023-10,JP01,Spare Parts,INVPROV-2023-10-JP01-SpareParts,provision,5460_INVENTORY_OBSOLESCENCE,8567.4,0.0,PROVISION,Inventory obsolescence provision,,,
2023-10,JP01,Spare Parts,INVPROV-2023-10-JP01-SpareParts,provision,1290_INVENTORY_PROVISION,0.0,8567.4,PROVISION,Inventory obsolescence provision,,,
2023-10,JP01,Spare Parts,INVPROVCLOSE-2023-10-JP01-SpareParts,closing,5460_INVENTORY_OBSOLESCENCE,0.0,8567.4,PROVISION,Close Inventory obsolescence provision,,,
2023-10,JP01,Spare Parts,INVPROVCLOSE-2023-10-JP01-SpareParts,closing,3200_RETAINED_EARNINGS,8567.4,0.0,PROVISION,Close Inventory obsolescence provision,,,
2023-10,US01,Hardware,INVPROV-2023-10-US01-Hardware,provision,5460_INVENTORY_OBSOLESCENCE,10441.35,0.0,PROVISION,Inventory obsolescence provision,,,
2023-10,US01,Hardware,INVPROV-2023-10-US01-Hardware,provision,1290_INVENTORY_PROVISION,0.0,10441.35,PROVISION,Inventory obsolescence provision,,,
2023-10,US01,Hardware,INVPROVCLOSE-2023-10-US01-Hardware,closing,5460_INVENTORY_OBSOLESCENCE,0.0,10441.35,PROVISION,Close Inventory obsolescence provision,,,
2023-10,US01,Hardware,INVPROVCLOSE-2023-10-US01-Hardware,closing,3200_RETAINED_EARNINGS,10441.35,0.0,PROVISION,Close Inventory obsolescence provision,,,
2023-11,DE01,Hardware,INVPROV-2023-11-DE01-Hardware,provision,5460_INVENTORY_OBSOLESCENCE,1167.47,0.0,PROVISION,Inventory obsolescence provision,,,
2023-11,DE01,Hardware,INVPROV-2023-11-DE01-Hardware,provision,1290_INVENTORY_PROVISION,0.0,1167.47,PROVISION,Inventory obsolescence provision,,,
2023-11,DE01,Hardware,INVPROVCLOSE-2023-11-DE01-Hardware,closing,5460_INVENTORY_OBSOLESCENCE,0.0,1167.47,PROVISION,Close Inventory obsolescence provision,,,
2023-11,DE01,Hardware,INVPROVCLOSE-2023-11-DE01-Hardware,closing,3200_RETAINED_EARNINGS,1167.47,0.0,PROVISION,Close Inventory obsolescence provision,,,
2023-11,ES01,Hardware,INVPROV-2023-11-ES01-Hardware,provision,5460_INVENTORY_OBSOLESCENCE,1183.17,0.0,PROVISION,Inventory obsolescence provision,,,
2023-11,ES01,Hardware,INVPROV-2023-11-ES01-Hardware,provision,1290_INVENTORY_PROVISION,0.0,1183.17,PROVISION,Inventory obsolescence provision,,,
2023-11,ES01,Hardware,INVPROVCLOSE-2023-11-ES01-Hardware,closing,5460_INVENTORY_OBSOLESCENCE,0.0,1183.17,PROVISION,Close Inventory obsolescence provision,,,
2023-11,ES01,Hardware,INVPROVCLOSE-2023-11-ES01-Hardware,closing,3200_RETAINED_EARNINGS,1183.17,0.0,PROVISION,Close Inventory obsolescence provision,,,
2023-11,ES01,Spare Parts,INVPROV-2023-11-ES01-SpareParts,provision,5460_INVENTORY_OBSOLESCENCE,566.04,0.0,PROVISION,Inventory obsolescence provision,,,
2023-11,ES01,Spare Parts,INVPROV-2023-11-ES01-SpareParts,provision,1290_INVENTORY_PROVISION,0.0,566.04,PROVISION,Inventory obsolescence provision,,,
2023-11,ES01,Spare Parts,INVPROVCLOSE-2023-11-ES01-SpareParts,closing,5460_INVENTORY_OBSOLESCENCE,0.0,566.04,PROVISION,Close Inventory obsolescence provision,,,
2023-11,ES01,Spare Parts,INVPROVCLOSE-2023-11-ES01-SpareParts,closing,3200_RETAINED_EARNINGS,566.04,0.0,PROVISION,Close Inventory obsolescence provision,,,
2023-11,JP01,Hardware,INVPROV-2023-11-JP01-Hardware,provision_release,1290_INVENTORY_PROVISION,237.08,0.0,PROVISION,Release Inventory obsolescence provision,,,
2023-11,JP01,Hardware,INVPROV-2023-11-JP01-Hardware,provision_release,5460_INVENTORY_OBSOLESCENCE,0.0,237.08,PROVISION,Release Inventory obsolescence provision,,,
2023-11,JP01,Hardware,INVPROVCLOSE-2023-11-JP01-Hardware,closing,5460_INVENTORY_OBSOLESCENCE,237.08,0.0,PROVISION,Close release Inventory obsolescence provision,,,
2023-11,JP01,Hardware,INVPROVCLOSE-2023-11-JP01-Hardware,closing,3200_RETAINED_EARNINGS,0.0,237.08,PROVISION,Close release Inventory obsolescence provision,,,
2023-11,JP01,Spare Parts,INVPROV-2023-11-JP01-SpareParts,provision,5460_INVENTORY_OBSOLESCENCE,1310.6,0.0,PROVISION,Inventory obsolescence provision,,,
2023-11,JP01,Spare Parts,INVPROV-2023-11-JP01-SpareParts,provision,1290_INVENTORY_PROVISION,0.0,1310.6,PROVISION,Inventory obsolescence provision,,,
2023-11,JP01,Spare Parts,INVPROVCLOSE-2023-11-JP01-SpareParts,closing,5460_INVENTORY_OBSOLESCENCE,0.0,1310.6,PROVISION,Close Inventory obsolescence provision,,,
2023-11,JP01,Spare Parts,INVPROVCLOSE-2023-11-JP01-SpareParts,closing,3200_RETAINED_EARNINGS,1310.6,0.0,PROVISION,Close Inventory obsolescence provision,,,
2023-11,US01,Hardware,INVPROV-2023-11-US01-Hardware,provision,5460_INVENTORY_OBSOLESCENCE,209.95,0.0,PROVISION,Inventory obsolescence provision,,,
2023-11,US01,Hardware,INVPROV-2023-11-US01-Hardware,provision,1290_INVENTORY_PROVISION,0.0,209.95,PROVISION,Inventory obsolescence provision,,,
2023-11,US01,Hardware,INVPROVCLOSE-2023-11-US01-Hardware,closing,5460_INVENTORY_OBSOLESCENCE,0.0,209.95,PROVISION,Close Inventory obsolescence provision,,,
2023-11,US01,Hardware,INVPROVCLOSE-2023-11-US01-Hardware,closing,3200_RETAINED_EARNINGS,209.95,0.0,PROVISION,Close Inventory obsolescence provision,,,
2023-12,DE01,Hardware,INVPROV-2023-12-DE01-Hardware,provision,5460_INVENTORY_OBSOLESCENCE,86.31,0.0,PROVISION,Inventory obsolescence provision,,,
2023-12,DE01,Hardware,INVPROV-2023-12-DE01-Hardware,provision,1290_INVENTORY_PROVISION,0.0,86.31,PROVISION,Inventory obsolescence provision,,,
2023-12,DE01,Hardware,INVPROVCLOSE-2023-12-DE01-Hardware,closing,5460_INVENTORY_OBSOLESCENCE,0.0,86.31,PROVISION,Close Inventory obsolescence provision,,,
2023-12,DE01,Hardware,INVPROVCLOSE-2023-12-DE01-Hardware,closing,3200_RETAINED_EARNINGS,86.31,0.0,PROVISION,Close Inventory obsolescence provision,,,
2023-12,ES01,Hardware,INVPROV-2023-12-ES01-Hardware,provision,5460_INVENTORY_OBSOLESCENCE,1557.88,0.0,PROVISION,Inventory obsolescence provision,,,
2023-12,ES01,Hardware,INVPROV-2023-12-ES01-Hardware,provision,1290_INVENTORY_PROVISION,0.0,1557.88,PROVISION,Inventory obsolescence provision,,,
2023-12,ES01,Hardware,INVPROVCLOSE-2023-12-ES01-Hardware,closing,5460_INVENTORY_OBSOLESCENCE,0.0,1557.88,PROVISION,Close Inventory obsolescence provision,,,
2023-12,ES01,Hardware,INVPROVCLOSE-2023-12-ES01-Hardware,closing,3200_RETAINED_EARNINGS,1557.88,0.0,PROVISION,Close Inventory obsolescence provision,,,
2023-12,ES01,Spare Parts,INVPROV-2023-12-ES01-SpareParts,provision,5460_INVENTORY_OBSOLESCENCE,1308.7,0.0,PROVISION,Inventory obsolescence provision,,,
2023-12,ES01,Spare Parts,INVPROV-2023-12-ES01-SpareParts,provision,1290_INVENTORY_PROVISION,0.0,1308.7,PROVISION,Inventory obsolescence provision,,,
2023-12,ES01,Spare Parts,INVPROVCLOSE-2023-12-ES01-SpareParts,closing,5460_INVENTORY_OBSOLESCENCE,0.0,1308.7,PROVISION,Close Inventory obsolescence provision,,,
2023-12,ES01,Spare Parts,INVPROVCLOSE-2023-12-ES01-SpareParts,closing,3200_RETAINED_EARNINGS,1308.7,0.0,PROVISION,Close Inventory obsolescence provision,,,
2023-12,JP01,Hardware,INVPROV-2023-12-JP01-Hardware,provision,5460_INVENTORY_OBSOLESCENCE,1884.72,0.0,PROVISION,Inventory obsolescence provision,,,
2023-12,JP01,Hardware,INVPROV-2023-12-JP01-Hardware,provision,1290_INVENTORY_PROVISION,0.0,1884.72,PROVISION,Inventory obsolescence provision,,,
2023-12,JP01,Hardware,INVPROVCLOSE-2023-12-JP01-Hardware,closing,5460_INVENTORY_OBSOLESCENCE,0.0,1884.72,PROVISION,Close Inventory obsolescence provision,,,
2023-12,JP01,Hardware,INVPROVCLOSE-2023-12-JP01-Hardware,closing,3200_RETAINED_EARNINGS,1884.72,0.0,PROVISION,Close Inventory obsolescence provision,,,
2023-12,JP01,Spare Parts,INVPROV-2023-12-JP01-SpareParts,provision,5460_INVENTORY_OBSOLESCENCE,1534.51,0.0,PROVISION,Inventory obsolescence provision,,,
2023-12,JP01,Spare Parts,INVPROV-2023-12-JP01-SpareParts,provision,1290_INVENTORY_PROVISION,0.0,1534.51,PROVISION,Inventory obsolescence provision,,,
2023-12,JP01,Spare Parts,INVPROVCLOSE-2023-12-JP01-SpareParts,closing,5460_INVENTORY_OBSOLESCENCE,0.0,1534.51,PROVISION,Close Inventory obsolescence provision,,,
2023-12,JP01,Spare Parts,INVPROVCLOSE-2023-12-JP01-SpareParts,closing,3200_RETAINED_EARNINGS,1534.51,0.0,PROVISION,Close Inventory obsolescence provision,,,
2023-12,US01,Hardware,INVPROV-2023-12-US01-Hardware,provision,5460_INVENTORY_OBSOLESCENCE,1544.82,0.0,PROVISION,Inventory obsolescence provision,,,
2023-12,US01,Hardware,INVPROV-2023-12-US01-Hardware,provision,1290_INVENTORY_PROVISION,0.0,1544.82,PROVISION,Inventory obsolescence provision,,,
2023-12,US01,Hardware,INVPROVCLOSE-2023-12-US01-Hardware,closing,5460_INVENTORY_OBSOLESCENCE,0.0,1544.82,PROVISION,Close Inventory obsolescence provision,,,
2023-12,US01,Hardware,INVPROVCLOSE-2023-12-US01-Hardware,closing,3200_RETAINED_EARNINGS,1544.82,0.0,PROVISION,Close Inventory obsolescence provision,,,
2024-01,DE01,Hardware,INVPROV-2024-01-DE01-Hardware,provision_release,1290_INVENTORY_PROVISION,8685.91,0.0,PROVISION,Release Inventory obsolescence provision,,,
2024-01,DE01,Hardware,INVPROV-2024-01-DE01-Hardware,provision_release,5460_INVENTORY_OBSOLESCENCE,0.0,8685.91,PROVISION,Release Inventory obsolescence provision,,,
2024-01,DE01,Hardware,INVPROVCLOSE-2024-01-DE01-Hardware,closing,5460_INVENTORY_OBSOLESCENCE,8685.91,0.0,PROVISION,Close release Inventory obsolescence provision,,,
2024-01,DE01,Hardware,INVPROVCLOSE-2024-01-DE01-Hardware,closing,3200_RETAINED_EARNINGS,0.0,8685.91,PROVISION,Close release Inventory obsolescence provision,,,
2024-01,ES01,Hardware,INVPROV-2024-01-ES01-Hardware,provision_release,1290_INVENTORY_PROVISION,7117.31,0.0,PROVISION,Release Inventory obsolescence provision,,,
2024-01,ES01,Hardware,INVPROV-2024-01-ES01-Hardware,provision_release,5460_INVENTORY_OBSOLESCENCE,0.0,7117.31,PROVISION,Release Inventory obsolescence provision,,,
2024-01,ES01,Hardware,INVPROVCLOSE-2024-01-ES01-Hardware,closing,5460_INVENTORY_OBSOLESCENCE,7117.31,0.0,PROVISION,Close release Inventory obsolescence provision,,,
2024-01,ES01,Hardware,INVPROVCLOSE-2024-01-ES01-Hardware,closing,3200_RETAINED_EARNINGS,0.0,7117.31,PROVISION,Close release Inventory obsolescence provision,,,
2024-01,ES01,Spare Parts,INVPROV-2024-01-ES01-SpareParts,provision_release,1290_INVENTORY_PROVISION,5809.65,0.0,PROVISION,Release Inventory obsolescence provision,,,
2024-01,ES01,Spare Parts,INVPROV-2024-01-ES01-SpareParts,provision_release,5460_INVENTORY_OBSOLESCENCE,0.0,5809.65,PROVISION,Release Inventory obsolescence provision,,,
2024-01,ES01,Spare Parts,INVPROVCLOSE-2024-01-ES01-SpareParts,closing,5460_INVENTORY_OBSOLESCENCE,5809.65,0.0,PROVISION,Close release Inventory obsolescence provision,,,
2024-01,ES01,Spare Parts,INVPROVCLOSE-2024-01-ES01-SpareParts,closing,3200_RETAINED_EARNINGS,0.0,5809.65,PROVISION,Close release Inventory obsolescence provision,,,
2024-01,JP01,Hardware,INVPROV-2024-01-JP01-Hardware,provision_release,1290_INVENTORY_PROVISION,2804.71,0.0,PROVISION,Release Inventory obsolescence provision,,,
2024-01,JP01,Hardware,INVPROV-2024-01-JP01-Hardware,provision_release,5460_INVENTORY_OBSOLESCENCE,0.0,2804.71,PROVISION,Release Inventory obsolescence provision,,,
2024-01,JP01,Hardware,INVPROVCLOSE-2024-01-JP01-Hardware,closing,5460_INVENTORY_OBSOLESCENCE,2804.71,0.0,PROVISION,Close release Inventory obsolescence provision,,,
2024-01,JP01,Hardware,INVPROVCLOSE-2024-01-JP01-Hardware,closing,3200_RETAINED_EARNINGS,0.0,2804.71,PROVISION,Close release Inventory obsolescence provision,,,
2024-01,JP01,Spare Parts,INVPROV-2024-01-JP01-SpareParts,provision_release,1290_INVENTORY_PROVISION,8350.35,0.0,PROVISION,Release Inventory obsolescence provision,,,
2024-01,JP01,Spare Parts,INVPROV-2024-01-JP01-SpareParts,provision_release,5460_INVENTORY_OBSOLESCENCE,0.0,8350.35,PROVISION,Release Inventory obsolescence provision,,,
2024-01,JP01,Spare Parts,INVPROVCLOSE-2024-01-JP01-SpareParts,closing,5460_INVENTORY_OBSOLESCENCE,8350.35,0.0,PROVISION,Close release Inventory obsolescence provision,,,
2024-01,JP01,Spare Parts,INVPROVCLOSE-2024-01-JP01-SpareParts,closing,3200_RETAINED_EARNINGS,0.0,8350.35,PROVISION,Close release Inventory obsolescence provision,,,
2024-01,US01,Hardware,INVPROV-2024-01-US01-Hardware,provision_release,1290_INVENTORY_PROVISION,9985.97,0.0,PROVISION,Release Inventory obsolescence provision,,,
2024-01,US01,Hardware,INVPROV-2024-01-US01-Hardware,provision_release,5460_INVENTORY_OBSOLESCENCE,0.0,9985.97,PROVISION,Release Inventory obsolescence provision,,,
2024-01,US01,Hardware,INVPROVCLOSE-2024-01-US01-Hardware,closing,5460_INVENTORY_OBSOLESCENCE,9985.97,0.0,PROVISION,Close release Inventory obsolescence provision,,,
2024-01,US01,Hardware,INVPROVCLOSE-2024-01-US01-Hardware,closing,3200_RETAINED_EARNINGS,0.0,9985.97,PROVISION,Close release Inventory obsolescence provision,,,
2024-02,DE01,Hardware,INVPROV-2024-02-DE01-Hardware,provision,5460_INVENTORY_OBSOLESCENCE,5828.62,0.0,PROVISION,Inventory obsolescence provision,,,
2024-02,DE01,Hardware,INVPROV-2024-02-DE01-Hardware,provision,1290_INVENTORY_PROVISION,0.0,5828.62,PROVISION,Inventory obsolescence provision,,,
2024-02,DE01,Hardware,INVPROVCLOSE-2024-02-DE01-Hardware,closing,5460_INVENTORY_OBSOLESCENCE,0.0,5828.62,PROVISION,Close Inventory obsolescence provision,,,
2024-02,DE01,Hardware,INVPROVCLOSE-2024-02-DE01-Hardware,closing,3200_RETAINED_EARNINGS,5828.62,0.0,PROVISION,Close Inventory obsolescence provision,,,
2024-02,ES01,Hardware,INVPROV-2024-02-ES01-Hardware,provision,5460_INVENTORY_OBSOLESCENCE,4189.09,0.0,PROVISION,Inventory obsolescence provision,,,
2024-02,ES01,Hardware,INVPROV-2024-02-ES01-Hardware,provision,1290_INVENTORY_PROVISION,0.0,4189.09,PROVISION,Inventory obsolescence provision,,,
2024-02,ES01,Hardware,INVPROVCLOSE-2024-02-ES01-Hardware,closing,5460_INVENTORY_OBSOLESCENCE,0.0,4189.09,PROVISION,Close Inventory obsolescence provision,,,
2024-02,ES01,Hardware,INVPROVCLOSE-2024-02-ES01-Hardware,closing,3200_RETAINED_EARNINGS,4189.09,0.0,PROVISION,Close Inventory obsolescence provision,,,
2024-02,ES01,Spare Parts,INVPROV-2024-02-ES01-SpareParts,provision,5460_INVENTORY_OBSOLESCENCE,1419.88,0.0,PROVISION,Inventory obsolescence provision,,,
2024-02,ES01,Spare Parts,INVPROV-2024-02-ES01-SpareParts,provision,1290_INVENTORY_PROVISION,0.0,1419.88,PROVISION,Inventory obsolescence provision,,,
2024-02,ES01,Spare Parts,INVPROVCLOSE-2024-02-ES01-SpareParts,closing,5460_INVENTORY_OBSOLESCENCE,0.0,1419.88,PROVISION,Close Inventory obsolescence provision,,,
2024-02,ES01,Spare Parts,INVPROVCLOSE-2024-02-ES01-SpareParts,closing,3200_RETAINED_EARNINGS,1419.88,0.0,PROVISION,Close Inventory obsolescence provision,,,
2024-02,JP01,Hardware,INVPROV-2024-02-JP01-Hardware,provision_release,1290_INVENTORY_PROVISION,1147.55,0.0,PROVISION,Release Inventory obsolescence provision,,,
2024-02,JP01,Hardware,INVPROV-2024-02-JP01-Hardware,provision_release,5460_INVENTORY_OBSOLESCENCE,0.0,1147.55,PROVISION,Release Inventory obsolescence provision,,,
2024-02,JP01,Hardware,INVPROVCLOSE-2024-02-JP01-Hardware,closing,5460_INVENTORY_OBSOLESCENCE,1147.55,0.0,PROVISION,Close release Inventory obsolescence provision,,,
2024-02,JP01,Hardware,INVPROVCLOSE-2024-02-JP01-Hardware,closing,3200_RETAINED_EARNINGS,0.0,1147.55,PROVISION,Close release Inventory obsolescence provision,,,
2024-02,JP01,Spare Parts,INVPROV-2024-02-JP01-SpareParts,provision,5460_INVENTORY_OBSOLESCENCE,1952.7,0.0,PROVISION,Inventory obsolescence provision,,,
2024-02,JP01,Spare Parts,INVPROV-2024-02-JP01-SpareParts,provision,1290_INVENTORY_PROVISION,0.0,1952.7,PROVISION,Inventory obsolescence provision,,,
2024-02,JP01,Spare Parts,INVPROVCLOSE-2024-02-JP01-SpareParts,closing,5460_INVENTORY_OBSOLESCENCE,0.0,1952.7,PROVISION,Close Inventory obsolescence provision,,,
2024-02,JP01,Spare Parts,INVPROVCLOSE-2024-02-JP01-SpareParts,closing,3200_RETAINED_EARNINGS,1952.7,0.0,PROVISION,Close Inventory obsolescence provision,,,
2024-02,US01,Hardware,INVPROV-2024-02-US01-Hardware,provision,5460_INVENTORY_OBSOLESCENCE,6366.24,0.0,PROVISION,Inventory obsolescence provision,,,
2024-02,US01,Hardware,INVPROV-2024-02-US01-Hardware,provision,1290_INVENTORY_PROVISION,0.0,6366.24,PROVISION,Inventory obsolescence provision,,,
2024-02,US01,Hardware,INVPROVCLOSE-2024-02-US01-Hardware,closing,5460_INVENTORY_OBSOLESCENCE,0.0,6366.24,PROVISION,Close Inventory obsolescence provision,,,
2024-02,US01,Hardware,INVPROVCLOSE-2024-02-US01-Hardware,closing,3200_RETAINED_EARNINGS,6366.24,0.0,PROVISION,Close Inventory obsolescence provision,,,
2024-03,DE01,Hardware,INVPROV-2024-03-DE01-Hardware,provision,5460_INVENTORY_OBSOLESCENCE,5250.74,0.0,PROVISION,Inventory obsolescence provision,,,
2024-03,DE01,Hardware,INVPROV-2024-03-DE01-Hardware,provision,1290_INVENTORY_PROVISION,0.0,5250.74,PROVISION,Inventory obsolescence provision,,,
2024-03,DE01,Hardware,INVPROVCLOSE-2024-03-DE01-Hardware,closing,5460_INVENTORY_OBSOLESCENCE,0.0,5250.74,PROVISION,Close Inventory obsolescence provision,,,
2024-03,DE01,Hardware,INVPROVCLOSE-2024-03-DE01-Hardware,closing,3200_RETAINED_EARNINGS,5250.74,0.0,PROVISION,Close Inventory obsolescence provision,,,
2024-03,ES01,Hardware,INVPROV-2024-03-ES01-Hardware,provision,5460_INVENTORY_OBSOLESCENCE,5535.48,0.0,PROVISION,Inventory obsolescence provision,,,
2024-03,ES01,Hardware,INVPROV-2024-03-ES01-Hardware,provision,1290_INVENTORY_PROVISION,0.0,5535.48,PROVISION,Inventory obsolescence provision,,,
2024-03,ES01,Hardware,INVPROVCLOSE-2024-03-ES01-Hardware,closing,5460_INVENTORY_OBSOLESCENCE,0.0,5535.48,PROVISION,Close Inventory obsolescence provision,,,
2024-03,ES01,Hardware,INVPROVCLOSE-2024-03-ES01-Hardware,closing,3200_RETAINED_EARNINGS,5535.48,0.0,PROVISION,Close Inventory obsolescence provision,,,
2024-03,ES01,Spare Parts,INVPROV-2024-03-ES01-SpareParts,provision,5460_INVENTORY_OBSOLESCENCE,4400.67,0.0,PROVISION,Inventory obsolescence provision,,,
2024-03,ES01,Spare Parts,INVPROV-2024-03-ES01-SpareParts,provision,1290_INVENTORY_PROVISION,0.0,4400.67,PROVISION,Inventory obsolescence provision,,,
2024-03,ES01,Spare Parts,INVPROVCLOSE-2024-03-ES01-SpareParts,closing,5460_INVENTORY_OBSOLESCENCE,0.0,4400.67,PROVISION,Close Inventory obsolescence provision,,,
2024-03,ES01,Spare Parts,INVPROVCLOSE-2024-03-ES01-SpareParts,closing,3200_RETAINED_EARNINGS,4400.67,0.0,PROVISION,Close Inventory obsolescence provision,,,
2024-03,JP01,Hardware,INVPROV-2024-03-JP01-Hardware,provision,5460_INVENTORY_OBSOLESCENCE,4351.59,0.0,PROVISION,Inventory obsolescence provision,,,
2024-03,JP01,Hardware,INVPROV-2024-03-JP01-Hardware,provision,1290_INVENTORY_PROVISION,0.0,4351.59,PROVISION,Inventory obsolescence provision,,,
2024-03,JP01,Hardware,INVPROVCLOSE-2024-03-JP01-Hardware,closing,5460_INVENTORY_OBSOLESCENCE,0.0,4351.59,PROVISION,Close Inventory obsolescence provision,,,
2024-03,JP01,Hardware,INVPROVCLOSE-2024-03-JP01-Hardware,closing,3200_RETAINED_EARNINGS,4351.59,0.0,PROVISION,Close Inventory obsolescence provision,,,
2024-03,JP01,Spare Parts,INVPROV-2024-03-JP01-SpareParts,provision,5460_INVENTORY_OBSOLESCENCE,6078.26,0.0,PROVISION,Inventory obsolescence provision,,,
2024-03,JP01,Spare Parts,INVPROV-2024-03-JP01-SpareParts,provision,1290_INVENTORY_PROVISION,0.0,6078.26,PROVISION,Inventory obsolescence provision,,,
2024-03,JP01,Spare Parts,INVPROVCLOSE-2024-03-JP01-SpareParts,closing,5460_INVENTORY_OBSOLESCENCE,0.0,6078.26,PROVISION,Close Inventory obsolescence provision,,,
2024-03,JP01,Spare Parts,INVPROVCLOSE-2024-03-JP01-SpareParts,closing,3200_RETAINED_EARNINGS,6078.26,0.0,PROVISION,Close Inventory obsolescence provision,,,
2024-03,US01,Hardware,INVPROV-2024-03-US01-Hardware,provision,5460_INVENTORY_OBSOLESCENCE,2579.18,0.0,PROVISION,Inventory obsolescence provision,,,
2024-03,US01,Hardware,INVPROV-2024-03-US01-Hardware,provision,1290_INVENTORY_PROVISION,0.0,2579.18,PROVISION,Inventory obsolescence provision,,,
2024-03,US01,Hardware,INVPROVCLOSE-2024-03-US01-Hardware,closing,5460_INVENTORY_OBSOLESCENCE,0.0,2579.18,PROVISION,Close Inventory obsolescence provision,,,
2024-03,US01,Hardware,INVPROVCLOSE-2024-03-US01-Hardware,closing,3200_RETAINED_EARNINGS,2579.18,0.0,PROVISION,Close Inventory obsolescence provision,,,
2024-04,DE01,Hardware,INVPROV-2024-04-DE01-Hardware,provision,5460_INVENTORY_OBSOLESCENCE,337.44,0.0,PROVISION,Inventory obsolescence provision,,,
2024-04,DE01,Hardware,INVPROV-2024-04-DE01-Hardware,provision,1290_INVENTORY_PROVISION,0.0,337.44,PROVISION,Inventory obsolescence provision,,,
2024-04,DE01,Hardware,INVPROVCLOSE-2024-04-DE01-Hardware,closing,5460_INVENTORY_OBSOLESCENCE,0.0,337.44,PROVISION,Close Inventory obsolescence provision,,,
2024-04,DE01,Hardware,INVPROVCLOSE-2024-04-DE01-Hardware,closing,3200_RETAINED_EARNINGS,337.44,0.0,PROVISION,Close Inventory obsolescence provision,,,
2024-04,ES01,Hardware,INVPROV-2024-04-ES01-Hardware,provision,5460_INVENTORY_OBSOLESCENCE,6427.44,0.0,PROVISION,Inventory obsolescence provision,,,
2024-04,ES01,Hardware,INVPROV-2024-04-ES01-Hardware,provision,1290_INVENTORY_PROVISION,0.0,6427.44,PROVISION,Inventory obsolescence provision,,,
2024-04,ES01,Hardware,INVPROVCLOSE-2024-04-ES01-Hardware,closing,5460_INVENTORY_OBSOLESCENCE,0.0,6427.44,PROVISION,Close Inventory obsolescence provision,,,
2024-04,ES01,Hardware,INVPROVCLOSE-2024-04-ES01-Hardware,closing,3200_RETAINED_EARNINGS,6427.44,0.0,PROVISION,Close Inventory obsolescence provision,,,
2024-04,ES01,Spare Parts,INVPROV-2024-04-ES01-SpareParts,provision_release,1290_INVENTORY_PROVISION,641.69,0.0,PROVISION,Release Inventory obsolescence provision,,,
2024-04,ES01,Spare Parts,INVPROV-2024-04-ES01-SpareParts,provision_release,5460_INVENTORY_OBSOLESCENCE,0.0,641.69,PROVISION,Release Inventory obsolescence provision,,,
2024-04,ES01,Spare Parts,INVPROVCLOSE-2024-04-ES01-SpareParts,closing,5460_INVENTORY_OBSOLESCENCE,641.69,0.0,PROVISION,Close release Inventory obsolescence provision,,,
2024-04,ES01,Spare Parts,INVPROVCLOSE-2024-04-ES01-SpareParts,closing,3200_RETAINED_EARNINGS,0.0,641.69,PROVISION,Close release Inventory obsolescence provision,,,
2024-04,JP01,Hardware,INVPROV-2024-04-JP01-Hardware,provision_release,1290_INVENTORY_PROVISION,1066.98,0.0,PROVISION,Release Inventory obsolescence provision,,,
2024-04,JP01,Hardware,INVPROV-2024-04-JP01-Hardware,provision_release,5460_INVENTORY_OBSOLESCENCE,0.0,1066.98,PROVISION,Release Inventory obsolescence provision,,,
2024-04,JP01,Hardware,INVPROVCLOSE-2024-04-JP01-Hardware,closing,5460_INVENTORY_OBSOLESCENCE,1066.98,0.0,PROVISION,Close release Inventory obsolescence provision,,,
2024-04,JP01,Hardware,INVPROVCLOSE-2024-04-JP01-Hardware,closing,3200_RETAINED_EARNINGS,0.0,1066.98,PROVISION,Close release Inventory obsolescence provision,,,
2024-04,JP01,Spare Parts,INVPROV-2024-04-JP01-SpareParts,provision_release,1290_INVENTORY_PROVISION,559.95,0.0,PROVISION,Release Inventory obsolescence provision,,,
2024-04,JP01,Spare Parts,INVPROV-2024-04-JP01-SpareParts,provision_release,5460_INVENTORY_OBSOLESCENCE,0.0,559.95,PROVISION,Release Inventory obsolescence provision,,,
2024-04,JP01,Spare Parts,INVPROVCLOSE-2024-04-JP01-SpareParts,closing,5460_INVENTORY_OBSOLESCENCE,559.95,0.0,PROVISION,Close release Inventory obsolescence provision,,,
2024-04,JP01,Spare Parts,INVPROVCLOSE-2024-04-JP01-SpareParts,closing,3200_RETAINED_EARNINGS,0.0,559.95,PROVISION,Close release Inventory obsolescence provision,,,
2024-04,US01,Hardware,INVPROV-2024-04-US01-Hardware,provision,5460_INVENTORY_OBSOLESCENCE,802.64,0.0,PROVISION,Inventory obsolescence provision,,,
2024-04,US01,Hardware,INVPROV-2024-04-US01-Hardware,provision,1290_INVENTORY_PROVISION,0.0,802.64,PROVISION,Inventory obsolescence provision,,,
2024-04,US01,Hardware,INVPROVCLOSE-2024-04-US01-Hardware,closing,5460_INVENTORY_OBSOLESCENCE,0.0,802.64,PROVISION,Close Inventory obsolescence provision,,,
2024-04,US01,Hardware,INVPROVCLOSE-2024-04-US01-Hardware,closing,3200_RETAINED_EARNINGS,802.64,0.0,PROVISION,Close Inventory obsolescence provision,,,
2024-05,DE01,Hardware,INVPROV-2024-05-DE01-Hardware,provision_release,1290_INVENTORY_PROVISION,2630.72,0.0,PROVISION,Release Inventory obsolescence provision,,,
2024-05,DE01,Hardware,INVPROV-2024-05-DE01-Hardware,provision_release,5460_INVENTORY_OBSOLESCENCE,0.0,2630.72,PROVISION,Release Inventory obsolescence provision,,,
2024-05,DE01,Hardware,INVPROVCLOSE-2024-05-DE01-Hardware,closing,5460_INVENTORY_OBSOLESCENCE,2630.72,0.0,PROVISION,Close release Inventory obsolescence provision,,,
2024-05,DE01,Hardware,INVPROVCLOSE-2024-05-DE01-Hardware,closing,3200_RETAINED_EARNINGS,0.0,2630.72,PROVISION,Close release Inventory obsolescence provision,,,
2024-05,ES01,Hardware,INVPROV-2024-05-ES01-Hardware,provision,5460_INVENTORY_OBSOLESCENCE,1077.97,0.0,PROVISION,Inventory obsolescence provision,,,
2024-05,ES01,Hardware,INVPROV-2024-05-ES01-Hardware,provision,1290_INVENTORY_PROVISION,0.0,1077.97,PROVISION,Inventory obsolescence provision,,,
2024-05,ES01,Hardware,INVPROVCLOSE-2024-05-ES01-Hardware,closing,5460_INVENTORY_OBSOLESCENCE,0.0,1077.97,PROVISION,Close Inventory obsolescence provision,,,
2024-05,ES01,Hardware,INVPROVCLOSE-2024-05-ES01-Hardware,closing,3200_RETAINED_EARNINGS,1077.97,0.0,PROVISION,Close Inventory obsolescence provision,,,
2024-05,ES01,Spare Parts,INVPROV-2024-05-ES01-SpareParts,provision_release,1290_INVENTORY_PROVISION,1282.12,0.0,PROVISION,Release Inventory obsolescence provision,,,
2024-05,ES01,Spare Parts,INVPROV-2024-05-ES01-SpareParts,provision_release,5460_INVENTORY_OBSOLESCENCE,0.0,1282.12,PROVISION,Release Inventory obsolescence provision,,,
2024-05,ES01,Spare Parts,INVPROVCLOSE-2024-05-ES01-SpareParts,closing,5460_INVENTORY_OBSOLESCENCE,1282.12,0.0,PROVISION,Close release Inventory obsolescence provision,,,
2024-05,ES01,Spare Parts,INVPROVCLOSE-2024-05-ES01-SpareParts,closing,3200_RETAINED_EARNINGS,0.0,1282.12,PROVISION,Close release Inventory obsolescence provision,,,
2024-05,JP01,Hardware,INVPROV-2024-05-JP01-Hardware,provision_release,1290_INVENTORY_PROVISION,1334.88,0.0,PROVISION,Release Inventory obsolescence provision,,,
2024-05,JP01,Hardware,INVPROV-2024-05-JP01-Hardware,provision_release,5460_INVENTORY_OBSOLESCENCE,0.0,1334.88,PROVISION,Release Inventory obsolescence provision,,,
2024-05,JP01,Hardware,INVPROVCLOSE-2024-05-JP01-Hardware,closing,5460_INVENTORY_OBSOLESCENCE,1334.88,0.0,PROVISION,Close release Inventory obsolescence provision,,,
2024-05,JP01,Hardware,INVPROVCLOSE-2024-05-JP01-Hardware,closing,3200_RETAINED_EARNINGS,0.0,1334.88,PROVISION,Close release Inventory obsolescence provision,,,
2024-05,JP01,Spare Parts,INVPROV-2024-05-JP01-SpareParts,provision_release,1290_INVENTORY_PROVISION,2048.14,0.0,PROVISION,Release Inventory obsolescence provision,,,
2024-05,JP01,Spare Parts,INVPROV-2024-05-JP01-SpareParts,provision_release,5460_INVENTORY_OBSOLESCENCE,0.0,2048.14,PROVISION,Release Inventory obsolescence provision,,,
2024-05,JP01,Spare Parts,INVPROVCLOSE-2024-05-JP01-SpareParts,closing,5460_INVENTORY_OBSOLESCENCE,2048.14,0.0,PROVISION,Close release Inventory obsolescence provision,,,
2024-05,JP01,Spare Parts,INVPROVCLOSE-2024-05-JP01-SpareParts,closing,3200_RETAINED_EARNINGS,0.0,2048.14,PROVISION,Close release Inventory obsolescence provision,,,
2024-05,US01,Hardware,INVPROV-2024-05-US01-Hardware,provision,5460_INVENTORY_OBSOLESCENCE,1833.27,0.0,PROVISION,Inventory obsolescence provision,,,
2024-05,US01,Hardware,INVPROV-2024-05-US01-Hardware,provision,1290_INVENTORY_PROVISION,0.0,1833.27,PROVISION,Inventory obsolescence provision,,,
2024-05,US01,Hardware,INVPROVCLOSE-2024-05-US01-Hardware,closing,5460_INVENTORY_OBSOLESCENCE,0.0,1833.27,PROVISION,Close Inventory obsolescence provision,,,
2024-05,US01,Hardware,INVPROVCLOSE-2024-05-US01-Hardware,closing,3200_RETAINED_EARNINGS,1833.27,0.0,PROVISION,Close Inventory obsolescence provision,,,
2024-06,DE01,Hardware,INVPROV-2024-06-DE01-Hardware,provision,5460_INVENTORY_OBSOLESCENCE,6692.08,0.0,PROVISION,Inventory obsolescence provision,,,
2024-06,DE01,Hardware,INVPROV-2024-06-DE01-Hardware,provision,1290_INVENTORY_PROVISION,0.0,6692.08,PROVISION,Inventory obsolescence provision,,,
2024-06,DE01,Hardware,INVPROVCLOSE-2024-06-DE01-Hardware,closing,5460_INVENTORY_OBSOLESCENCE,0.0,6692.08,PROVISION,Close Inventory obsolescence provision,,,
2024-06,DE01,Hardware,INVPROVCLOSE-2024-06-DE01-Hardware,closing,3200_RETAINED_EARNINGS,6692.08,0.0,PROVISION,Close Inventory obsolescence provision,,,
2024-06,ES01,Hardware,INVPROV-2024-06-ES01-Hardware,provision,5460_INVENTORY_OBSOLESCENCE,2254.23,0.0,PROVISION,Inventory obsolescence provision,,,
2024-06,ES01,Hardware,INVPROV-2024-06-ES01-Hardware,provision,1290_INVENTORY_PROVISION,0.0,2254.23,PROVISION,Inventory obsolescence provision,,,
2024-06,ES01,Hardware,INVPROVCLOSE-2024-06-ES01-Hardware,closing,5460_INVENTORY_OBSOLESCENCE,0.0,2254.23,PROVISION,Close Inventory obsolescence provision,,,
2024-06,ES01,Hardware,INVPROVCLOSE-2024-06-ES01-Hardware,closing,3200_RETAINED_EARNINGS,2254.23,0.0,PROVISION,Close Inventory obsolescence provision,,,
2024-06,ES01,Spare Parts,INVPROV-2024-06-ES01-SpareParts,provision,5460_INVENTORY_OBSOLESCENCE,1151.57,0.0,PROVISION,Inventory obsolescence provision,,,
2024-06,ES01,Spare Parts,INVPROV-2024-06-ES01-SpareParts,provision,1290_INVENTORY_PROVISION,0.0,1151.57,PROVISION,Inventory obsolescence provision,,,
2024-06,ES01,Spare Parts,INVPROVCLOSE-2024-06-ES01-SpareParts,closing,5460_INVENTORY_OBSOLESCENCE,0.0,1151.57,PROVISION,Close Inventory obsolescence provision,,,
2024-06,ES01,Spare Parts,INVPROVCLOSE-2024-06-ES01-SpareParts,closing,3200_RETAINED_EARNINGS,1151.57,0.0,PROVISION,Close Inventory obsolescence provision,,,
2024-06,JP01,Hardware,INVPROV-2024-06-JP01-Hardware,provision,5460_INVENTORY_OBSOLESCENCE,1042.27,0.0,PROVISION,Inventory obsolescence provision,,,
2024-06,JP01,Hardware,INVPROV-2024-06-JP01-Hardware,provision,1290_INVENTORY_PROVISION,0.0,1042.27,PROVISION,Inventory obsolescence provision,,,
2024-06,JP01,Hardware,INVPROVCLOSE-2024-06-JP01-Hardware,closing,5460_INVENTORY_OBSOLESCENCE,0.0,1042.27,PROVISION,Close Inventory obsolescence provision,,,
2024-06,JP01,Hardware,INVPROVCLOSE-2024-06-JP01-Hardware,closing,3200_RETAINED_EARNINGS,1042.27,0.0,PROVISION,Close Inventory obsolescence provision,,,
2024-06,JP01,Spare Parts,INVPROV-2024-06-JP01-SpareParts,provision,5460_INVENTORY_OBSOLESCENCE,1471.94,0.0,PROVISION,Inventory obsolescence provision,,,
2024-06,JP01,Spare Parts,INVPROV-2024-06-JP01-SpareParts,provision,1290_INVENTORY_PROVISION,0.0,1471.94,PROVISION,Inventory obsolescence provision,,,
2024-06,JP01,Spare Parts,INVPROVCLOSE-2024-06-JP01-SpareParts,closing,5460_INVENTORY_OBSOLESCENCE,0.0,1471.94,PROVISION,Close Inventory obsolescence provision,,,
2024-06,JP01,Spare Parts,INVPROVCLOSE-2024-06-JP01-SpareParts,closing,3200_RETAINED_EARNINGS,1471.94,0.0,PROVISION,Close Inventory obsolescence provision,,,
2024-06,US01,Hardware,INVPROV-2024-06-US01-Hardware,provision_release,1290_INVENTORY_PROVISION,265.68,0.0,PROVISION,Release Inventory obsolescence provision,,,
2024-06,US01,Hardware,INVPROV-2024-06-US01-Hardware,provision_release,5460_INVENTORY_OBSOLESCENCE,0.0,265.68,PROVISION,Release Inventory obsolescence provision,,,
2024-06,US01,Hardware,INVPROVCLOSE-2024-06-US01-Hardware,closing,5460_INVENTORY_OBSOLESCENCE,265.68,0.0,PROVISION,Close release Inventory obsolescence provision,,,
2024-06,US01,Hardware,INVPROVCLOSE-2024-06-US01-Hardware,closing,3200_RETAINED_EARNINGS,0.0,265.68,PROVISION,Close release Inventory obsolescence provision,,,
2024-07,DE01,Hardware,INVPROV-2024-07-DE01-Hardware,provision,5460_INVENTORY_OBSOLESCENCE,5235.47,0.0,PROVISION,Inventory obsolescence provision,,,
2024-07,DE01,Hardware,INVPROV-2024-07-DE01-Hardware,provision,1290_INVENTORY_PROVISION,0.0,5235.47,PROVISION,Inventory obsolescence provision,,,
2024-07,DE01,Hardware,INVPROVCLOSE-2024-07-DE01-Hardware,closing,5460_INVENTORY_OBSOLESCENCE,0.0,5235.47,PROVISION,Close Inventory obsolescence provision,,,
2024-07,DE01,Hardware,INVPROVCLOSE-2024-07-DE01-Hardware,closing,3200_RETAINED_EARNINGS,5235.47,0.0,PROVISION,Close Inventory obsolescence provision,,,
2024-07,ES01,Hardware,INVPROV-2024-07-ES01-Hardware,provision,5460_INVENTORY_OBSOLESCENCE,17318.49,0.0,PROVISION,Inventory obsolescence provision,,,
2024-07,ES01,Hardware,INVPROV-2024-07-ES01-Hardware,provision,1290_INVENTORY_PROVISION,0.0,17318.49,PROVISION,Inventory obsolescence provision,,,
2024-07,ES01,Hardware,INVPROVCLOSE-2024-07-ES01-Hardware,closing,5460_INVENTORY_OBSOLESCENCE,0.0,17318.49,PROVISION,Close Inventory obsolescence provision,,,
2024-07,ES01,Hardware,INVPROVCLOSE-2024-07-ES01-Hardware,closing,3200_RETAINED_EARNINGS,17318.49,0.0,PROVISION,Close Inventory obsolescence provision,,,
2024-07,ES01,Spare Parts,INVPROV-2024-07-ES01-SpareParts,provision_release,1290_INVENTORY_PROVISION,2408.68,0.0,PROVISION,Release Inventory obsolescence provision,,,
2024-07,ES01,Spare Parts,INVPROV-2024-07-ES01-SpareParts,provision_release,5460_INVENTORY_OBSOLESCENCE,0.0,2408.68,PROVISION,Release Inventory obsolescence provision,,,
2024-07,ES01,Spare Parts,INVPROVCLOSE-2024-07-ES01-SpareParts,closing,5460_INVENTORY_OBSOLESCENCE,2408.68,0.0,PROVISION,Close release Inventory obsolescence provision,,,
2024-07,ES01,Spare Parts,INVPROVCLOSE-2024-07-ES01-SpareParts,closing,3200_RETAINED_EARNINGS,0.0,2408.68,PROVISION,Close release Inventory obsolescence provision,,,
2024-07,JP01,Hardware,INVPROV-2024-07-JP01-Hardware,provision_release,1290_INVENTORY_PROVISION,3140.39,0.0,PROVISION,Release Inventory obsolescence provision,,,
2024-07,JP01,Hardware,INVPROV-2024-07-JP01-Hardware,provision_release,5460_INVENTORY_OBSOLESCENCE,0.0,3140.39,PROVISION,Release Inventory obsolescence provision,,,
2024-07,JP01,Hardware,INVPROVCLOSE-2024-07-JP01-Hardware,closing,5460_INVENTORY_OBSOLESCENCE,3140.39,0.0,PROVISION,Close release Inventory obsolescence provision,,,
2024-07,JP01,Hardware,INVPROVCLOSE-2024-07-JP01-Hardware,closing,3200_RETAINED_EARNINGS,0.0,3140.39,PROVISION,Close release Inventory obsolescence provision,,,
2024-07,JP01,Spare Parts,INVPROV-2024-07-JP01-SpareParts,provision_release,1290_INVENTORY_PROVISION,3727.75,0.0,PROVISION,Release Inventory obsolescence provision,,,
2024-07,JP01,Spare Parts,INVPROV-2024-07-JP01-SpareParts,provision_release,5460_INVENTORY_OBSOLESCENCE,0.0,3727.75,PROVISION,Release Inventory obsolescence provision,,,
2024-07,JP01,Spare Parts,INVPROVCLOSE-2024-07-JP01-SpareParts,closing,5460_INVENTORY_OBSOLESCENCE,3727.75,0.0,PROVISION,Close release Inventory obsolescence provision,,,
2024-07,JP01,Spare Parts,INVPROVCLOSE-2024-07-JP01-SpareParts,closing,3200_RETAINED_EARNINGS,0.0,3727.75,PROVISION,Close release Inventory obsolescence provision,,,
2024-07,US01,Hardware,INVPROV-2024-07-US01-Hardware,provision,5460_INVENTORY_OBSOLESCENCE,384.48,0.0,PROVISION,Inventory obsolescence provision,,,
2024-07,US01,Hardware,INVPROV-2024-07-US01-Hardware,provision,1290_INVENTORY_PROVISION,0.0,384.48,PROVISION,Inventory obsolescence provision,,,
2024-07,US01,Hardware,INVPROVCLOSE-2024-07-US01-Hardware,closing,5460_INVENTORY_OBSOLESCENCE,0.0,384.48,PROVISION,Close Inventory obsolescence provision,,,
2024-07,US01,Hardware,INVPROVCLOSE-2024-07-US01-Hardware,closing,3200_RETAINED_EARNINGS,384.48,0.0,PROVISION,Close Inventory obsolescence provision,,,
2024-08,DE01,Hardware,INVPROV-2024-08-DE01-Hardware,provision_release,1290_INVENTORY_PROVISION,1335.84,0.0,PROVISION,Release Inventory obsolescence provision,,,
2024-08,DE01,Hardware,INVPROV-2024-08-DE01-Hardware,provision_release,5460_INVENTORY_OBSOLESCENCE,0.0,1335.84,PROVISION,Release Inventory obsolescence provision,,,
2024-08,DE01,Hardware,INVPROVCLOSE-2024-08-DE01-Hardware,closing,5460_INVENTORY_OBSOLESCENCE,1335.84,0.0,PROVISION,Close release Inventory obsolescence provision,,,
2024-08,DE01,Hardware,INVPROVCLOSE-2024-08-DE01-Hardware,closing,3200_RETAINED_EARNINGS,0.0,1335.84,PROVISION,Close release Inventory obsolescence provision,,,
2024-08,ES01,Hardware,INVPROV-2024-08-ES01-Hardware,provision_release,1290_INVENTORY_PROVISION,7449.9,0.0,PROVISION,Release Inventory obsolescence provision,,,
2024-08,ES01,Hardware,INVPROV-2024-08-ES01-Hardware,provision_release,5460_INVENTORY_OBSOLESCENCE,0.0,7449.9,PROVISION,Release Inventory obsolescence provision,,,
2024-08,ES01,Hardware,INVPROVCLOSE-2024-08-ES01-Hardware,closing,5460_INVENTORY_OBSOLESCENCE,7449.9,0.0,PROVISION,Close release Inventory obsolescence provision,,,
2024-08,ES01,Hardware,INVPROVCLOSE-2024-08-ES01-Hardware,closing,3200_RETAINED_EARNINGS,0.0,7449.9,PROVISION,Close release Inventory obsolescence provision,,,
2024-08,ES01,Spare Parts,INVPROV-2024-08-ES01-SpareParts,provision_release,1290_INVENTORY_PROVISION,1220.29,0.0,PROVISION,Release Inventory obsolescence provision,,,
2024-08,ES01,Spare Parts,INVPROV-2024-08-ES01-SpareParts,provision_release,5460_INVENTORY_OBSOLESCENCE,0.0,1220.29,PROVISION,Release Inventory obsolescence provision,,,
2024-08,ES01,Spare Parts,INVPROVCLOSE-2024-08-ES01-SpareParts,closing,5460_INVENTORY_OBSOLESCENCE,1220.29,0.0,PROVISION,Close release Inventory obsolescence provision,,,
2024-08,ES01,Spare Parts,INVPROVCLOSE-2024-08-ES01-SpareParts,closing,3200_RETAINED_EARNINGS,0.0,1220.29,PROVISION,Close release Inventory obsolescence provision,,,
2024-08,JP01,Hardware,INVPROV-2024-08-JP01-Hardware,provision_release,1290_INVENTORY_PROVISION,1669.9,0.0,PROVISION,Release Inventory obsolescence provision,,,
2024-08,JP01,Hardware,INVPROV-2024-08-JP01-Hardware,provision_release,5460_INVENTORY_OBSOLESCENCE,0.0,1669.9,PROVISION,Release Inventory obsolescence provision,,,
2024-08,JP01,Hardware,INVPROVCLOSE-2024-08-JP01-Hardware,closing,5460_INVENTORY_OBSOLESCENCE,1669.9,0.0,PROVISION,Close release Inventory obsolescence provision,,,
2024-08,JP01,Hardware,INVPROVCLOSE-2024-08-JP01-Hardware,closing,3200_RETAINED_EARNINGS,0.0,1669.9,PROVISION,Close release Inventory obsolescence provision,,,
2024-08,JP01,Spare Parts,INVPROV-2024-08-JP01-SpareParts,provision_release,1290_INVENTORY_PROVISION,1987.86,0.0,PROVISION,Release Inventory obsolescence provision,,,
2024-08,JP01,Spare Parts,INVPROV-2024-08-JP01-SpareParts,provision_release,5460_INVENTORY_OBSOLESCENCE,0.0,1987.86,PROVISION,Release Inventory obsolescence provision,,,
2024-08,JP01,Spare Parts,INVPROVCLOSE-2024-08-JP01-SpareParts,closing,5460_INVENTORY_OBSOLESCENCE,1987.86,0.0,PROVISION,Close release Inventory obsolescence provision,,,
2024-08,JP01,Spare Parts,INVPROVCLOSE-2024-08-JP01-SpareParts,closing,3200_RETAINED_EARNINGS,0.0,1987.86,PROVISION,Close release Inventory obsolescence provision,,,
2024-08,US01,Hardware,INVPROV-2024-08-US01-Hardware,provision_release,1290_INVENTORY_PROVISION,3654.79,0.0,PROVISION,Release Inventory obsolescence provision,,,
2024-08,US01,Hardware,INVPROV-2024-08-US01-Hardware,provision_release,5460_INVENTORY_OBSOLESCENCE,0.0,3654.79,PROVISION,Release Inventory obsolescence provision,,,
2024-08,US01,Hardware,INVPROVCLOSE-2024-08-US01-Hardware,closing,5460_INVENTORY_OBSOLESCENCE,3654.79,0.0,PROVISION,Close release Inventory obsolescence provision,,,
2024-08,US01,Hardware,INVPROVCLOSE-2024-08-US01-Hardware,closing,3200_RETAINED_EARNINGS,0.0,3654.79,PROVISION,Close release Inventory obsolescence provision,,,
2024-09,DE01,Hardware,INVPROV-2024-09-DE01-Hardware,provision_release,1290_INVENTORY_PROVISION,3266.05,0.0,PROVISION,Release Inventory obsolescence provision,,,
2024-09,DE01,Hardware,INVPROV-2024-09-DE01-Hardware,provision_release,5460_INVENTORY_OBSOLESCENCE,0.0,3266.05,PROVISION,Release Inventory obsolescence provision,,,
2024-09,DE01,Hardware,INVPROVCLOSE-2024-09-DE01-Hardware,closing,5460_INVENTORY_OBSOLESCENCE,3266.05,0.0,PROVISION,Close release Inventory obsolescence provision,,,
2024-09,DE01,Hardware,INVPROVCLOSE-2024-09-DE01-Hardware,closing,3200_RETAINED_EARNINGS,0.0,3266.05,PROVISION,Close release Inventory obsolescence provision,,,
2024-09,ES01,Hardware,INVPROV-2024-09-ES01-Hardware,provision,5460_INVENTORY_OBSOLESCENCE,22186.72,0.0,PROVISION,Inventory obsolescence provision,,,
2024-09,ES01,Hardware,INVPROV-2024-09-ES01-Hardware,provision,1290_INVENTORY_PROVISION,0.0,22186.72,PROVISION,Inventory obsolescence provision,,,
2024-09,ES01,Hardware,INVPROVCLOSE-2024-09-ES01-Hardware,closing,5460_INVENTORY_OBSOLESCENCE,0.0,22186.72,PROVISION,Close Inventory obsolescence provision,,,
2024-09,ES01,Hardware,INVPROVCLOSE-2024-09-ES01-Hardware,closing,3200_RETAINED_EARNINGS,22186.72,0.0,PROVISION,Close Inventory obsolescence provision,,,
2024-09,ES01,Spare Parts,INVPROV-2024-09-ES01-SpareParts,provision,5460_INVENTORY_OBSOLESCENCE,6396.59,0.0,PROVISION,Inventory obsolescence provision,,,
2024-09,ES01,Spare Parts,INVPROV-2024-09-ES01-SpareParts,provision,1290_INVENTORY_PROVISION,0.0,6396.59,PROVISION,Inventory obsolescence provision,,,
2024-09,ES01,Spare Parts,INVPROVCLOSE-2024-09-ES01-SpareParts,closing,5460_INVENTORY_OBSOLESCENCE,0.0,6396.59,PROVISION,Close Inventory obsolescence provision,,,
2024-09,ES01,Spare Parts,INVPROVCLOSE-2024-09-ES01-SpareParts,closing,3200_RETAINED_EARNINGS,6396.59,0.0,PROVISION,Close Inventory obsolescence provision,,,
2024-09,JP01,Hardware,INVPROV-2024-09-JP01-Hardware,provision,5460_INVENTORY_OBSOLESCENCE,7951.26,0.0,PROVISION,Inventory obsolescence provision,,,
2024-09,JP01,Hardware,INVPROV-2024-09-JP01-Hardware,provision,1290_INVENTORY_PROVISION,0.0,7951.26,PROVISION,Inventory obsolescence provision,,,
2024-09,JP01,Hardware,INVPROVCLOSE-2024-09-JP01-Hardware,closing,5460_INVENTORY_OBSOLESCENCE,0.0,7951.26,PROVISION,Close Inventory obsolescence provision,,,
2024-09,JP01,Hardware,INVPROVCLOSE-2024-09-JP01-Hardware,closing,3200_RETAINED_EARNINGS,7951.26,0.0,PROVISION,Close Inventory obsolescence provision,,,
2024-09,JP01,Spare Parts,INVPROV-2024-09-JP01-SpareParts,provision,5460_INVENTORY_OBSOLESCENCE,8818.77,0.0,PROVISION,Inventory obsolescence provision,,,
2024-09,JP01,Spare Parts,INVPROV-2024-09-JP01-SpareParts,provision,1290_INVENTORY_PROVISION,0.0,8818.77,PROVISION,Inventory obsolescence provision,,,
2024-09,JP01,Spare Parts,INVPROVCLOSE-2024-09-JP01-SpareParts,closing,5460_INVENTORY_OBSOLESCENCE,0.0,8818.77,PROVISION,Close Inventory obsolescence provision,,,
2024-09,JP01,Spare Parts,INVPROVCLOSE-2024-09-JP01-SpareParts,closing,3200_RETAINED_EARNINGS,8818.77,0.0,PROVISION,Close Inventory obsolescence provision,,,
2024-09,US01,Hardware,INVPROV-2024-09-US01-Hardware,provision,5460_INVENTORY_OBSOLESCENCE,21951.19,0.0,PROVISION,Inventory obsolescence provision,,,
2024-09,US01,Hardware,INVPROV-2024-09-US01-Hardware,provision,1290_INVENTORY_PROVISION,0.0,21951.19,PROVISION,Inventory obsolescence provision,,,
2024-09,US01,Hardware,INVPROVCLOSE-2024-09-US01-Hardware,closing,5460_INVENTORY_OBSOLESCENCE,0.0,21951.19,PROVISION,Close Inventory obsolescence provision,,,
2024-09,US01,Hardware,INVPROVCLOSE-2024-09-US01-Hardware,closing,3200_RETAINED_EARNINGS,21951.19,0.0,PROVISION,Close Inventory obsolescence provision,,,
2024-10,DE01,Hardware,INVPROV-2024-10-DE01-Hardware,provision,5460_INVENTORY_OBSOLESCENCE,12214.81,0.0,PROVISION,Inventory obsolescence provision,,,
2024-10,DE01,Hardware,INVPROV-2024-10-DE01-Hardware,provision,1290_INVENTORY_PROVISION,0.0,12214.81,PROVISION,Inventory obsolescence provision,,,
2024-10,DE01,Hardware,INVPROVCLOSE-2024-10-DE01-Hardware,closing,5460_INVENTORY_OBSOLESCENCE,0.0,12214.81,PROVISION,Close Inventory obsolescence provision,,,
2024-10,DE01,Hardware,INVPROVCLOSE-2024-10-DE01-Hardware,closing,3200_RETAINED_EARNINGS,12214.81,0.0,PROVISION,Close Inventory obsolescence provision,,,
2024-10,ES01,Hardware,INVPROV-2024-10-ES01-Hardware,provision_release,1290_INVENTORY_PROVISION,6511.25,0.0,PROVISION,Release Inventory obsolescence provision,,,
2024-10,ES01,Hardware,INVPROV-2024-10-ES01-Hardware,provision_release,5460_INVENTORY_OBSOLESCENCE,0.0,6511.25,PROVISION,Release Inventory obsolescence provision,,,
2024-10,ES01,Hardware,INVPROVCLOSE-2024-10-ES01-Hardware,closing,5460_INVENTORY_OBSOLESCENCE,6511.25,0.0,PROVISION,Close release Inventory obsolescence provision,,,
2024-10,ES01,Hardware,INVPROVCLOSE-2024-10-ES01-Hardware,closing,3200_RETAINED_EARNINGS,0.0,6511.25,PROVISION,Close release Inventory obsolescence provision,,,
2024-10,ES01,Spare Parts,INVPROV-2024-10-ES01-SpareParts,provision,5460_INVENTORY_OBSOLESCENCE,2887.73,0.0,PROVISION,Inventory obsolescence provision,,,
2024-10,ES01,Spare Parts,INVPROV-2024-10-ES01-SpareParts,provision,1290_INVENTORY_PROVISION,0.0,2887.73,PROVISION,Inventory obsolescence provision,,,
2024-10,ES01,Spare Parts,INVPROVCLOSE-2024-10-ES01-SpareParts,closing,5460_INVENTORY_OBSOLESCENCE,0.0,2887.73,PROVISION,Close Inventory obsolescence provision,,,
2024-10,ES01,Spare Parts,INVPROVCLOSE-2024-10-ES01-SpareParts,closing,3200_RETAINED_EARNINGS,2887.73,0.0,PROVISION,Close Inventory obsolescence provision,,,
2024-10,JP01,Hardware,INVPROV-2024-10-JP01-Hardware,provision_release,1290_INVENTORY_PROVISION,445.36,0.0,PROVISION,Release Inventory obsolescence provision,,,
2024-10,JP01,Hardware,INVPROV-2024-10-JP01-Hardware,provision_release,5460_INVENTORY_OBSOLESCENCE,0.0,445.36,PROVISION,Release Inventory obsolescence provision,,,
2024-10,JP01,Hardware,INVPROVCLOSE-2024-10-JP01-Hardware,closing,5460_INVENTORY_OBSOLESCENCE,445.36,0.0,PROVISION,Close release Inventory obsolescence provision,,,
2024-10,JP01,Hardware,INVPROVCLOSE-2024-10-JP01-Hardware,closing,3200_RETAINED_EARNINGS,0.0,445.36,PROVISION,Close release Inventory obsolescence provision,,,
2024-10,JP01,Spare Parts,INVPROV-2024-10-JP01-SpareParts,provision,5460_INVENTORY_OBSOLESCENCE,2262.1,0.0,PROVISION,Inventory obsolescence provision,,,
2024-10,JP01,Spare Parts,INVPROV-2024-10-JP01-SpareParts,provision,1290_INVENTORY_PROVISION,0.0,2262.1,PROVISION,Inventory obsolescence provision,,,
2024-10,JP01,Spare Parts,INVPROVCLOSE-2024-10-JP01-SpareParts,closing,5460_INVENTORY_OBSOLESCENCE,0.0,2262.1,PROVISION,Close Inventory obsolescence provision,,,
2024-10,JP01,Spare Parts,INVPROVCLOSE-2024-10-JP01-SpareParts,closing,3200_RETAINED_EARNINGS,2262.1,0.0,PROVISION,Close Inventory obsolescence provision,,,
2024-10,US01,Hardware,INVPROV-2024-10-US01-Hardware,provision,5460_INVENTORY_OBSOLESCENCE,16263.69,0.0,PROVISION,Inventory obsolescence provision,,,
2024-10,US01,Hardware,INVPROV-2024-10-US01-Hardware,provision,1290_INVENTORY_PROVISION,0.0,16263.69,PROVISION,Inventory obsolescence provision,,,
2024-10,US01,Hardware,INVPROVCLOSE-2024-10-US01-Hardware,closing,5460_INVENTORY_OBSOLESCENCE,0.0,16263.69,PROVISION,Close Inventory obsolescence provision,,,
2024-10,US01,Hardware,INVPROVCLOSE-2024-10-US01-Hardware,closing,3200_RETAINED_EARNINGS,16263.69,0.0,PROVISION,Close Inventory obsolescence provision,,,
2024-11,DE01,Hardware,INVPROV-2024-11-DE01-Hardware,provision,5460_INVENTORY_OBSOLESCENCE,9046.86,0.0,PROVISION,Inventory obsolescence provision,,,
2024-11,DE01,Hardware,INVPROV-2024-11-DE01-Hardware,provision,1290_INVENTORY_PROVISION,0.0,9046.86,PROVISION,Inventory obsolescence provision,,,
2024-11,DE01,Hardware,INVPROVCLOSE-2024-11-DE01-Hardware,closing,5460_INVENTORY_OBSOLESCENCE,0.0,9046.86,PROVISION,Close Inventory obsolescence provision,,,
2024-11,DE01,Hardware,INVPROVCLOSE-2024-11-DE01-Hardware,closing,3200_RETAINED_EARNINGS,9046.86,0.0,PROVISION,Close Inventory obsolescence provision,,,
2024-11,ES01,Hardware,INVPROV-2024-11-ES01-Hardware,provision_release,1290_INVENTORY_PROVISION,16768.16,0.0,PROVISION,Release Inventory obsolescence provision,,,
2024-11,ES01,Hardware,INVPROV-2024-11-ES01-Hardware,provision_release,5460_INVENTORY_OBSOLESCENCE,0.0,16768.16,PROVISION,Release Inventory obsolescence provision,,,
2024-11,ES01,Hardware,INVPROVCLOSE-2024-11-ES01-Hardware,closing,5460_INVENTORY_OBSOLESCENCE,16768.16,0.0,PROVISION,Close release Inventory obsolescence provision,,,
2024-11,ES01,Hardware,INVPROVCLOSE-2024-11-ES01-Hardware,closing,3200_RETAINED_EARNINGS,0.0,16768.16,PROVISION,Close release Inventory obsolescence provision,,,
2024-11,ES01,Spare Parts,INVPROV-2024-11-ES01-SpareParts,provision_release,1290_INVENTORY_PROVISION,461.59,0.0,PROVISION,Release Inventory obsolescence provision,,,
2024-11,ES01,Spare Parts,INVPROV-2024-11-ES01-SpareParts,provision_release,5460_INVENTORY_OBSOLESCENCE,0.0,461.59,PROVISION,Release Inventory obsolescence provision,,,
2024-11,ES01,Spare Parts,INVPROVCLOSE-2024-11-ES01-SpareParts,closing,5460_INVENTORY_OBSOLESCENCE,461.59,0.0,PROVISION,Close release Inventory obsolescence provision,,,
2024-11,ES01,Spare Parts,INVPROVCLOSE-2024-11-ES01-SpareParts,closing,3200_RETAINED_EARNINGS,0.0,461.59,PROVISION,Close release Inventory obsolescence provision,,,
2024-11,JP01,Hardware,INVPROV-2024-11-JP01-Hardware,provision_release,1290_INVENTORY_PROVISION,1212.27,0.0,PROVISION,Release Inventory obsolescence provision,,,
2024-11,JP01,Hardware,INVPROV-2024-11-JP01-Hardware,provision_release,5460_INVENTORY_OBSOLESCENCE,0.0,1212.27,PROVISION,Release Inventory obsolescence provision,,,
2024-11,JP01,Hardware,INVPROVCLOSE-2024-11-JP01-Hardware,closing,5460_INVENTORY_OBSOLESCENCE,1212.27,0.0,PROVISION,Close release Inventory obsolescence provision,,,
2024-11,JP01,Hardware,INVPROVCLOSE-2024-11-JP01-Hardware,closing,3200_RETAINED_EARNINGS,0.0,1212.27,PROVISION,Close release Inventory obsolescence provision,,,
2024-11,JP01,Spare Parts,INVPROV-2024-11-JP01-SpareParts,provision_release,1290_INVENTORY_PROVISION,1929.34,0.0,PROVISION,Release Inventory obsolescence provision,,,
2024-11,JP01,Spare Parts,INVPROV-2024-11-JP01-SpareParts,provision_release,5460_INVENTORY_OBSOLESCENCE,0.0,1929.34,PROVISION,Release Inventory obsolescence provision,,,
2024-11,JP01,Spare Parts,INVPROVCLOSE-2024-11-JP01-SpareParts,closing,5460_INVENTORY_OBSOLESCENCE,1929.34,0.0,PROVISION,Close release Inventory obsolescence provision,,,
2024-11,JP01,Spare Parts,INVPROVCLOSE-2024-11-JP01-SpareParts,closing,3200_RETAINED_EARNINGS,0.0,1929.34,PROVISION,Close release Inventory obsolescence provision,,,
2024-11,US01,Hardware,INVPROV-2024-11-US01-Hardware,provision_release,1290_INVENTORY_PROVISION,7341.71,0.0,PROVISION,Release Inventory obsolescence provision,,,
2024-11,US01,Hardware,INVPROV-2024-11-US01-Hardware,provision_release,5460_INVENTORY_OBSOLESCENCE,0.0,7341.71,PROVISION,Release Inventory obsolescence provision,,,
2024-11,US01,Hardware,INVPROVCLOSE-2024-11-US01-Hardware,closing,5460_INVENTORY_OBSOLESCENCE,7341.71,0.0,PROVISION,Close release Inventory obsolescence provision,,,
2024-11,US01,Hardware,INVPROVCLOSE-2024-11-US01-Hardware,closing,3200_RETAINED_EARNINGS,0.0,7341.71,PROVISION,Close release Inventory obsolescence provision,,,
2024-12,DE01,Hardware,INVPROV-2024-12-DE01-Hardware,provision_release,1290_INVENTORY_PROVISION,1805.26,0.0,PROVISION,Release Inventory obsolescence provision,,,
2024-12,DE01,Hardware,INVPROV-2024-12-DE01-Hardware,provision_release,5460_INVENTORY_OBSOLESCENCE,0.0,1805.26,PROVISION,Release Inventory obsolescence provision,,,
2024-12,DE01,Hardware,INVPROVCLOSE-2024-12-DE01-Hardware,closing,5460_INVENTORY_OBSOLESCENCE,1805.26,0.0,PROVISION,Close release Inventory obsolescence provision,,,
2024-12,DE01,Hardware,INVPROVCLOSE-2024-12-DE01-Hardware,closing,3200_RETAINED_EARNINGS,0.0,1805.26,PROVISION,Close release Inventory obsolescence provision,,,
2024-12,ES01,Hardware,INVPROV-2024-12-ES01-Hardware,provision_release,1290_INVENTORY_PROVISION,1215.79,0.0,PROVISION,Release Inventory obsolescence provision,,,
2024-12,ES01,Hardware,INVPROV-2024-12-ES01-Hardware,provision_release,5460_INVENTORY_OBSOLESCENCE,0.0,1215.79,PROVISION,Release Inventory obsolescence provision,,,
2024-12,ES01,Hardware,INVPROVCLOSE-2024-12-ES01-Hardware,closing,5460_INVENTORY_OBSOLESCENCE,1215.79,0.0,PROVISION,Close release Inventory obsolescence provision,,,
2024-12,ES01,Hardware,INVPROVCLOSE-2024-12-ES01-Hardware,closing,3200_RETAINED_EARNINGS,0.0,1215.79,PROVISION,Close release Inventory obsolescence provision,,,
2024-12,ES01,Spare Parts,INVPROV-2024-12-ES01-SpareParts,provision,5460_INVENTORY_OBSOLESCENCE,1449.43,0.0,PROVISION,Inventory obsolescence provision,,,
2024-12,ES01,Spare Parts,INVPROV-2024-12-ES01-SpareParts,provision,1290_INVENTORY_PROVISION,0.0,1449.43,PROVISION,Inventory obsolescence provision,,,
2024-12,ES01,Spare Parts,INVPROVCLOSE-2024-12-ES01-SpareParts,closing,5460_INVENTORY_OBSOLESCENCE,0.0,1449.43,PROVISION,Close Inventory obsolescence provision,,,
2024-12,ES01,Spare Parts,INVPROVCLOSE-2024-12-ES01-SpareParts,closing,3200_RETAINED_EARNINGS,1449.43,0.0,PROVISION,Close Inventory obsolescence provision,,,
2024-12,JP01,Hardware,INVPROV-2024-12-JP01-Hardware,provision_release,1290_INVENTORY_PROVISION,923.91,0.0,PROVISION,Release Inventory obsolescence provision,,,
2024-12,JP01,Hardware,INVPROV-2024-12-JP01-Hardware,provision_release,5460_INVENTORY_OBSOLESCENCE,0.0,923.91,PROVISION,Release Inventory obsolescence provision,,,
2024-12,JP01,Hardware,INVPROVCLOSE-2024-12-JP01-Hardware,closing,5460_INVENTORY_OBSOLESCENCE,923.91,0.0,PROVISION,Close release Inventory obsolescence provision,,,
2024-12,JP01,Hardware,INVPROVCLOSE-2024-12-JP01-Hardware,closing,3200_RETAINED_EARNINGS,0.0,923.91,PROVISION,Close release Inventory obsolescence provision,,,
2024-12,JP01,Spare Parts,INVPROV-2024-12-JP01-SpareParts,provision,5460_INVENTORY_OBSOLESCENCE,2693.57,0.0,PROVISION,Inventory obsolescence provision,,,
2024-12,JP01,Spare Parts,INVPROV-2024-12-JP01-SpareParts,provision,1290_INVENTORY_PROVISION,0.0,2693.57,PROVISION,Inventory obsolescence provision,,,
2024-12,JP01,Spare Parts,INVPROVCLOSE-2024-12-JP01-SpareParts,closing,5460_INVENTORY_OBSOLESCENCE,0.0,2693.57,PROVISION,Close Inventory obsolescence provision,,,
2024-12,JP01,Spare Parts,INVPROVCLOSE-2024-12-JP01-SpareParts,closing,3200_RETAINED_EARNINGS,2693.57,0.0,PROVISION,Close Inventory obsolescence provision,,,
2024-12,US01,Hardware,INVPROV-2024-12-US01-Hardware,provision_release,1290_INVENTORY_PROVISION,4275.22,0.0,PROVISION,Release Inventory obsolescence provision,,,
2024-12,US01,Hardware,INVPROV-2024-12-US01-Hardware,provision_release,5460_INVENTORY_OBSOLESCENCE,0.0,4275.22,PROVISION,Release Inventory obsolescence provision,,,
2024-12,US01,Hardware,INVPROVCLOSE-2024-12-US01-Hardware,closing,5460_INVENTORY_OBSOLESCENCE,4275.22,0.0,PROVISION,Close release Inventory obsolescence provision,,,
2024-12,US01,Hardware,INVPROVCLOSE-2024-12-US01-Hardware,closing,3200_RETAINED_EARNINGS,0.0,4275.22,PROVISION,Close release Inventory obsolescence provision,,,
2025-01,DE01,Hardware,INVPROV-2025-01-DE01-Hardware,provision_release,1290_INVENTORY_PROVISION,10792.23,0.0,PROVISION,Release Inventory obsolescence provision,,,
2025-01,DE01,Hardware,INVPROV-2025-01-DE01-Hardware,provision_release,5460_INVENTORY_OBSOLESCENCE,0.0,10792.23,PROVISION,Release Inventory obsolescence provision,,,
2025-01,DE01,Hardware,INVPROVCLOSE-2025-01-DE01-Hardware,closing,5460_INVENTORY_OBSOLESCENCE,10792.23,0.0,PROVISION,Close release Inventory obsolescence provision,,,
2025-01,DE01,Hardware,INVPROVCLOSE-2025-01-DE01-Hardware,closing,3200_RETAINED_EARNINGS,0.0,10792.23,PROVISION,Close release Inventory obsolescence provision,,,
2025-01,ES01,Hardware,INVPROV-2025-01-ES01-Hardware,provision_release,1290_INVENTORY_PROVISION,13325.26,0.0,PROVISION,Release Inventory obsolescence provision,,,
2025-01,ES01,Hardware,INVPROV-2025-01-ES01-Hardware,provision_release,5460_INVENTORY_OBSOLESCENCE,0.0,13325.26,PROVISION,Release Inventory obsolescence provision,,,
2025-01,ES01,Hardware,INVPROVCLOSE-2025-01-ES01-Hardware,closing,5460_INVENTORY_OBSOLESCENCE,13325.26,0.0,PROVISION,Close release Inventory obsolescence provision,,,
2025-01,ES01,Hardware,INVPROVCLOSE-2025-01-ES01-Hardware,closing,3200_RETAINED_EARNINGS,0.0,13325.26,PROVISION,Close release Inventory obsolescence provision,,,
2025-01,ES01,Spare Parts,INVPROV-2025-01-ES01-SpareParts,provision_release,1290_INVENTORY_PROVISION,7191.87,0.0,PROVISION,Release Inventory obsolescence provision,,,
2025-01,ES01,Spare Parts,INVPROV-2025-01-ES01-SpareParts,provision_release,5460_INVENTORY_OBSOLESCENCE,0.0,7191.87,PROVISION,Release Inventory obsolescence provision,,,
2025-01,ES01,Spare Parts,INVPROVCLOSE-2025-01-ES01-SpareParts,closing,5460_INVENTORY_OBSOLESCENCE,7191.87,0.0,PROVISION,Close release Inventory obsolescence provision,,,
2025-01,ES01,Spare Parts,INVPROVCLOSE-2025-01-ES01-SpareParts,closing,3200_RETAINED_EARNINGS,0.0,7191.87,PROVISION,Close release Inventory obsolescence provision,,,
2025-01,JP01,Hardware,INVPROV-2025-01-JP01-Hardware,provision_release,1290_INVENTORY_PROVISION,4937.22,0.0,PROVISION,Release Inventory obsolescence provision,,,
2025-01,JP01,Hardware,INVPROV-2025-01-JP01-Hardware,provision_release,5460_INVENTORY_OBSOLESCENCE,0.0,4937.22,PROVISION,Release Inventory obsolescence provision,,,
2025-01,JP01,Hardware,INVPROVCLOSE-2025-01-JP01-Hardware,closing,5460_INVENTORY_OBSOLESCENCE,4937.22,0.0,PROVISION,Close release Inventory obsolescence provision,,,
2025-01,JP01,Hardware,INVPROVCLOSE-2025-01-JP01-Hardware,closing,3200_RETAINED_EARNINGS,0.0,4937.22,PROVISION,Close release Inventory obsolescence provision,,,
2025-01,JP01,Spare Parts,INVPROV-2025-01-JP01-SpareParts,provision_release,1290_INVENTORY_PROVISION,9980.47,0.0,PROVISION,Release Inventory obsolescence provision,,,
2025-01,JP01,Spare Parts,INVPROV-2025-01-JP01-SpareParts,provision_release,5460_INVENTORY_OBSOLESCENCE,0.0,9980.47,PROVISION,Release Inventory obsolescence provision,,,
2025-01,JP01,Spare Parts,INVPROVCLOSE-2025-01-JP01-SpareParts,closing,5460_INVENTORY_OBSOLESCENCE,9980.47,0.0,PROVISION,Close release Inventory obsolescence provision,,,
2025-01,JP01,Spare Parts,INVPROVCLOSE-2025-01-JP01-SpareParts,closing,3200_RETAINED_EARNINGS,0.0,9980.47,PROVISION,Close release Inventory obsolescence provision,,,
2025-01,US01,Hardware,INVPROV-2025-01-US01-Hardware,provision_release,1290_INVENTORY_PROVISION,13931.69,0.0,PROVISION,Release Inventory obsolescence provision,,,
2025-01,US01,Hardware,INVPROV-2025-01-US01-Hardware,provision_release,5460_INVENTORY_OBSOLESCENCE,0.0,13931.69,PROVISION,Release Inventory obsolescence provision,,,
2025-01,US01,Hardware,INVPROVCLOSE-2025-01-US01-Hardware,closing,5460_INVENTORY_OBSOLESCENCE,13931.69,0.0,PROVISION,Close release Inventory obsolescence provision,,,
2025-01,US01,Hardware,INVPROVCLOSE-2025-01-US01-Hardware,closing,3200_RETAINED_EARNINGS,0.0,13931.69,PROVISION,Close release Inventory obsolescence provision,,,
2025-02,DE01,Hardware,INVPROV-2025-02-DE01-Hardware,provision,5460_INVENTORY_OBSOLESCENCE,10734.48,0.0,PROVISION,Inventory obsolescence provision,,,
2025-02,DE01,Hardware,INVPROV-2025-02-DE01-Hardware,provision,1290_INVENTORY_PROVISION,0.0,10734.48,PROVISION,Inventory obsolescence provision,,,
2025-02,DE01,Hardware,INVPROVCLOSE-2025-02-DE01-Hardware,closing,5460_INVENTORY_OBSOLESCENCE,0.0,10734.48,PROVISION,Close Inventory obsolescence provision,,,
2025-02,DE01,Hardware,INVPROVCLOSE-2025-02-DE01-Hardware,closing,3200_RETAINED_EARNINGS,10734.48,0.0,PROVISION,Close Inventory obsolescence provision,,,
2025-02,ES01,Hardware,INVPROV-2025-02-ES01-Hardware,provision,5460_INVENTORY_OBSOLESCENCE,7899.72,0.0,PROVISION,Inventory obsolescence provision,,,
2025-02,ES01,Hardware,INVPROV-2025-02-ES01-Hardware,provision,1290_INVENTORY_PROVISION,0.0,7899.72,PROVISION,Inventory obsolescence provision,,,
2025-02,ES01,Hardware,INVPROVCLOSE-2025-02-ES01-Hardware,closing,5460_INVENTORY_OBSOLESCENCE,0.0,7899.72,PROVISION,Close Inventory obsolescence provision,,,
2025-02,ES01,Hardware,INVPROVCLOSE-2025-02-ES01-Hardware,closing,3200_RETAINED_EARNINGS,7899.72,0.0,PROVISION,Close Inventory obsolescence provision,,,
2025-02,ES01,Spare Parts,INVPROV-2025-02-ES01-SpareParts,provision,5460_INVENTORY_OBSOLESCENCE,2436.23,0.0,PROVISION,Inventory obsolescence provision,,,
2025-02,ES01,Spare Parts,INVPROV-2025-02-ES01-SpareParts,provision,1290_INVENTORY_PROVISION,0.0,2436.23,PROVISION,Inventory obsolescence provision,,,
2025-02,ES01,Spare Parts,INVPROVCLOSE-2025-02-ES01-SpareParts,closing,5460_INVENTORY_OBSOLESCENCE,0.0,2436.23,PROVISION,Close Inventory obsolescence provision,,,
2025-02,ES01,Spare Parts,INVPROVCLOSE-2025-02-ES01-SpareParts,closing,3200_RETAINED_EARNINGS,2436.23,0.0,PROVISION,Close Inventory obsolescence provision,,,
2025-02,JP01,Hardware,INVPROV-2025-02-JP01-Hardware,provision,5460_INVENTORY_OBSOLESCENCE,642.11,0.0,PROVISION,Inventory obsolescence provision,,,
2025-02,JP01,Hardware,INVPROV-2025-02-JP01-Hardware,provision,1290_INVENTORY_PROVISION,0.0,642.11,PROVISION,Inventory obsolescence provision,,,
2025-02,JP01,Hardware,INVPROVCLOSE-2025-02-JP01-Hardware,closing,5460_INVENTORY_OBSOLESCENCE,0.0,642.11,PROVISION,Close Inventory obsolescence provision,,,
2025-02,JP01,Hardware,INVPROVCLOSE-2025-02-JP01-Hardware,closing,3200_RETAINED_EARNINGS,642.11,0.0,PROVISION,Close Inventory obsolescence provision,,,
2025-02,JP01,Spare Parts,INVPROV-2025-02-JP01-SpareParts,provision,5460_INVENTORY_OBSOLESCENCE,3378.43,0.0,PROVISION,Inventory obsolescence provision,,,
2025-02,JP01,Spare Parts,INVPROV-2025-02-JP01-SpareParts,provision,1290_INVENTORY_PROVISION,0.0,3378.43,PROVISION,Inventory obsolescence provision,,,
2025-02,JP01,Spare Parts,INVPROVCLOSE-2025-02-JP01-SpareParts,closing,5460_INVENTORY_OBSOLESCENCE,0.0,3378.43,PROVISION,Close Inventory obsolescence provision,,,
2025-02,JP01,Spare Parts,INVPROVCLOSE-2025-02-JP01-SpareParts,closing,3200_RETAINED_EARNINGS,3378.43,0.0,PROVISION,Close Inventory obsolescence provision,,,
2025-02,US01,Hardware,INVPROV-2025-02-US01-Hardware,provision,5460_INVENTORY_OBSOLESCENCE,8358.54,0.0,PROVISION,Inventory obsolescence provision,,,
2025-02,US01,Hardware,INVPROV-2025-02-US01-Hardware,provision,1290_INVENTORY_PROVISION,0.0,8358.54,PROVISION,Inventory obsolescence provision,,,
2025-02,US01,Hardware,INVPROVCLOSE-2025-02-US01-Hardware,closing,5460_INVENTORY_OBSOLESCENCE,0.0,8358.54,PROVISION,Close Inventory obsolescence provision,,,
2025-02,US01,Hardware,INVPROVCLOSE-2025-02-US01-Hardware,closing,3200_RETAINED_EARNINGS,8358.54,0.0,PROVISION,Close Inventory obsolescence provision,,,
2025-03,DE01,Hardware,INVPROV-2025-03-DE01-Hardware,provision,5460_INVENTORY_OBSOLESCENCE,18154.64,0.0,PROVISION,Inventory obsolescence provision,,,
2025-03,DE01,Hardware,INVPROV-2025-03-DE01-Hardware,provision,1290_INVENTORY_PROVISION,0.0,18154.64,PROVISION,Inventory obsolescence provision,,,
2025-03,DE01,Hardware,INVPROVCLOSE-2025-03-DE01-Hardware,closing,5460_INVENTORY_OBSOLESCENCE,0.0,18154.64,PROVISION,Close Inventory obsolescence provision,,,
2025-03,DE01,Hardware,INVPROVCLOSE-2025-03-DE01-Hardware,closing,3200_RETAINED_EARNINGS,18154.64,0.0,PROVISION,Close Inventory obsolescence provision,,,
2025-03,ES01,Hardware,INVPROV-2025-03-ES01-Hardware,provision_release,1290_INVENTORY_PROVISION,7311.41,0.0,PROVISION,Release Inventory obsolescence provision,,,
2025-03,ES01,Hardware,INVPROV-2025-03-ES01-Hardware,provision_release,5460_INVENTORY_OBSOLESCENCE,0.0,7311.41,PROVISION,Release Inventory obsolescence provision,,,
2025-03,ES01,Hardware,INVPROVCLOSE-2025-03-ES01-Hardware,closing,5460_INVENTORY_OBSOLESCENCE,7311.41,0.0,PROVISION,Close release Inventory obsolescence provision,,,
2025-03,ES01,Hardware,INVPROVCLOSE-2025-03-ES01-Hardware,closing,3200_RETAINED_EARNINGS,0.0,7311.41,PROVISION,Close release Inventory obsolescence provision,,,
2025-03,ES01,Spare Parts,INVPROV-2025-03-ES01-SpareParts,provision,5460_INVENTORY_OBSOLESCENCE,5316.71,0.0,PROVISION,Inventory obsolescence provision,,,
2025-03,ES01,Spare Parts,INVPROV-2025-03-ES01-SpareParts,provision,1290_INVENTORY_PROVISION,0.0,5316.71,PROVISION,Inventory obsolescence provision,,,
2025-03,ES01,Spare Parts,INVPROVCLOSE-2025-03-ES01-SpareParts,closing,5460_INVENTORY_OBSOLESCENCE,0.0,5316.71,PROVISION,Close Inventory obsolescence provision,,,
2025-03,ES01,Spare Parts,INVPROVCLOSE-2025-03-ES01-SpareParts,closing,3200_RETAINED_EARNINGS,5316.71,0.0,PROVISION,Close Inventory obsolescence provision,,,
2025-03,JP01,Hardware,INVPROV-2025-03-JP01-Hardware,provision,5460_INVENTORY_OBSOLESCENCE,7727.37,0.0,PROVISION,Inventory obsolescence provision,,,
2025-03,JP01,Hardware,INVPROV-2025-03-JP01-Hardware,provision,1290_INVENTORY_PROVISION,0.0,7727.37,PROVISION,Inventory obsolescence provision,,,
2025-03,JP01,Hardware,INVPROVCLOSE-2025-03-JP01-Hardware,closing,5460_INVENTORY_OBSOLESCENCE,0.0,7727.37,PROVISION,Close Inventory obsolescence provision,,,
2025-03,JP01,Hardware,INVPROVCLOSE-2025-03-JP01-Hardware,closing,3200_RETAINED_EARNINGS,7727.37,0.0,PROVISION,Close Inventory obsolescence provision,,,
2025-03,JP01,Spare Parts,INVPROV-2025-03-JP01-SpareParts,provision,5460_INVENTORY_OBSOLESCENCE,6436.76,0.0,PROVISION,Inventory obsolescence provision,,,
2025-03,JP01,Spare Parts,INVPROV-2025-03-JP01-SpareParts,provision,1290_INVENTORY_PROVISION,0.0,6436.76,PROVISION,Inventory obsolescence provision,,,
2025-03,JP01,Spare Parts,INVPROVCLOSE-2025-03-JP01-SpareParts,closing,5460_INVENTORY_OBSOLESCENCE,0.0,6436.76,PROVISION,Close Inventory obsolescence provision,,,
2025-03,JP01,Spare Parts,INVPROVCLOSE-2025-03-JP01-SpareParts,closing,3200_RETAINED_EARNINGS,6436.76,0.0,PROVISION,Close Inventory obsolescence provision,,,
2025-03,US01,Hardware,INVPROV-2025-03-US01-Hardware,provision_release,1290_INVENTORY_PROVISION,10831.77,0.0,PROVISION,Release Inventory obsolescence provision,,,
2025-03,US01,Hardware,INVPROV-2025-03-US01-Hardware,provision_release,5460_INVENTORY_OBSOLESCENCE,0.0,10831.77,PROVISION,Release Inventory obsolescence provision,,,
2025-03,US01,Hardware,INVPROVCLOSE-2025-03-US01-Hardware,closing,5460_INVENTORY_OBSOLESCENCE,10831.77,0.0,PROVISION,Close release Inventory obsolescence provision,,,
2025-03,US01,Hardware,INVPROVCLOSE-2025-03-US01-Hardware,closing,3200_RETAINED_EARNINGS,0.0,10831.77,PROVISION,Close release Inventory obsolescence provision,,,
2025-04,DE01,Hardware,INVPROV-2025-04-DE01-Hardware,provision_release,1290_INVENTORY_PROVISION,41643.3,0.0,PROVISION,Release Inventory obsolescence provision,,,
2025-04,DE01,Hardware,INVPROV-2025-04-DE01-Hardware,provision_release,5460_INVENTORY_OBSOLESCENCE,0.0,41643.3,PROVISION,Release Inventory obsolescence provision,,,
2025-04,DE01,Hardware,INVPROVCLOSE-2025-04-DE01-Hardware,closing,5460_INVENTORY_OBSOLESCENCE,41643.3,0.0,PROVISION,Close release Inventory obsolescence provision,,,
2025-04,DE01,Hardware,INVPROVCLOSE-2025-04-DE01-Hardware,closing,3200_RETAINED_EARNINGS,0.0,41643.3,PROVISION,Close release Inventory obsolescence provision,,,
2025-04,ES01,Hardware,INVPROV-2025-04-ES01-Hardware,provision,5460_INVENTORY_OBSOLESCENCE,7198.12,0.0,PROVISION,Inventory obsolescence provision,,,
2025-04,ES01,Hardware,INVPROV-2025-04-ES01-Hardware,provision,1290_INVENTORY_PROVISION,0.0,7198.12,PROVISION,Inventory obsolescence provision,,,
2025-04,ES01,Hardware,INVPROVCLOSE-2025-04-ES01-Hardware,closing,5460_INVENTORY_OBSOLESCENCE,0.0,7198.12,PROVISION,Close Inventory obsolescence provision,,,
2025-04,ES01,Hardware,INVPROVCLOSE-2025-04-ES01-Hardware,closing,3200_RETAINED_EARNINGS,7198.12,0.0,PROVISION,Close Inventory obsolescence provision,,,
2025-04,ES01,Spare Parts,INVPROV-2025-04-ES01-SpareParts,provision_release,1290_INVENTORY_PROVISION,6498.33,0.0,PROVISION,Release Inventory obsolescence provision,,,
2025-04,ES01,Spare Parts,INVPROV-2025-04-ES01-SpareParts,provision_release,5460_INVENTORY_OBSOLESCENCE,0.0,6498.33,PROVISION,Release Inventory obsolescence provision,,,
2025-04,ES01,Spare Parts,INVPROVCLOSE-2025-04-ES01-SpareParts,closing,5460_INVENTORY_OBSOLESCENCE,6498.33,0.0,PROVISION,Close release Inventory obsolescence provision,,,
2025-04,ES01,Spare Parts,INVPROVCLOSE-2025-04-ES01-SpareParts,closing,3200_RETAINED_EARNINGS,0.0,6498.33,PROVISION,Close release Inventory obsolescence provision,,,
2025-04,JP01,Hardware,INVPROV-2025-04-JP01-Hardware,provision_release,1290_INVENTORY_PROVISION,301.37,0.0,PROVISION,Release Inventory obsolescence provision,,,
2025-04,JP01,Hardware,INVPROV-2025-04-JP01-Hardware,provision_release,5460_INVENTORY_OBSOLESCENCE,0.0,301.37,PROVISION,Release Inventory obsolescence provision,,,
2025-04,JP01,Hardware,INVPROVCLOSE-2025-04-JP01-Hardware,closing,5460_INVENTORY_OBSOLESCENCE,301.37,0.0,PROVISION,Close release Inventory obsolescence provision,,,
2025-04,JP01,Hardware,INVPROVCLOSE-2025-04-JP01-Hardware,closing,3200_RETAINED_EARNINGS,0.0,301.37,PROVISION,Close release Inventory obsolescence provision,,,
2025-04,JP01,Spare Parts,INVPROV-2025-04-JP01-SpareParts,provision_release,1290_INVENTORY_PROVISION,2097.67,0.0,PROVISION,Release Inventory obsolescence provision,,,
2025-04,JP01,Spare Parts,INVPROV-2025-04-JP01-SpareParts,provision_release,5460_INVENTORY_OBSOLESCENCE,0.0,2097.67,PROVISION,Release Inventory obsolescence provision,,,
2025-04,JP01,Spare Parts,INVPROVCLOSE-2025-04-JP01-SpareParts,closing,5460_INVENTORY_OBSOLESCENCE,2097.67,0.0,PROVISION,Close release Inventory obsolescence provision,,,
2025-04,JP01,Spare Parts,INVPROVCLOSE-2025-04-JP01-SpareParts,closing,3200_RETAINED_EARNINGS,0.0,2097.67,PROVISION,Close release Inventory obsolescence provision,,,
2025-04,US01,Hardware,INVPROV-2025-04-US01-Hardware,provision,5460_INVENTORY_OBSOLESCENCE,2302.46,0.0,PROVISION,Inventory obsolescence provision,,,
2025-04,US01,Hardware,INVPROV-2025-04-US01-Hardware,provision,1290_INVENTORY_PROVISION,0.0,2302.46,PROVISION,Inventory obsolescence provision,,,
2025-04,US01,Hardware,INVPROVCLOSE-2025-04-US01-Hardware,closing,5460_INVENTORY_OBSOLESCENCE,0.0,2302.46,PROVISION,Close Inventory obsolescence provision,,,
2025-04,US01,Hardware,INVPROVCLOSE-2025-04-US01-Hardware,closing,3200_RETAINED_EARNINGS,2302.46,0.0,PROVISION,Close Inventory obsolescence provision,,,
2025-05,DE01,Hardware,INVPROV-2025-05-DE01-Hardware,provision_release,1290_INVENTORY_PROVISION,732.43,0.0,PROVISION,Release Inventory obsolescence provision,,,
2025-05,DE01,Hardware,INVPROV-2025-05-DE01-Hardware,provision_release,5460_INVENTORY_OBSOLESCENCE,0.0,732.43,PROVISION,Release Inventory obsolescence provision,,,
2025-05,DE01,Hardware,INVPROVCLOSE-2025-05-DE01-Hardware,closing,5460_INVENTORY_OBSOLESCENCE,732.43,0.0,PROVISION,Close release Inventory obsolescence provision,,,
2025-05,DE01,Hardware,INVPROVCLOSE-2025-05-DE01-Hardware,closing,3200_RETAINED_EARNINGS,0.0,732.43,PROVISION,Close release Inventory obsolescence provision,,,
2025-05,ES01,Hardware,INVPROV-2025-05-ES01-Hardware,provision_release,1290_INVENTORY_PROVISION,9321.24,0.0,PROVISION,Release Inventory obsolescence provision,,,
2025-05,ES01,Hardware,INVPROV-2025-05-ES01-Hardware,provision_release,5460_INVENTORY_OBSOLESCENCE,0.0,9321.24,PROVISION,Release Inventory obsolescence provision,,,
2025-05,ES01,Hardware,INVPROVCLOSE-2025-05-ES01-Hardware,closing,5460_INVENTORY_OBSOLESCENCE,9321.24,0.0,PROVISION,Close release Inventory obsolescence provision,,,
2025-05,ES01,Hardware,INVPROVCLOSE-2025-05-ES01-Hardware,closing,3200_RETAINED_EARNINGS,0.0,9321.24,PROVISION,Close release Inventory obsolescence provision,,,
2025-05,ES01,Spare Parts,INVPROV-2025-05-ES01-SpareParts,provision,5460_INVENTORY_OBSOLESCENCE,501.07,0.0,PROVISION,Inventory obsolescence provision,,,
2025-05,ES01,Spare Parts,INVPROV-2025-05-ES01-SpareParts,provision,1290_INVENTORY_PROVISION,0.0,501.07,PROVISION,Inventory obsolescence provision,,,
2025-05,ES01,Spare Parts,INVPROVCLOSE-2025-05-ES01-SpareParts,closing,5460_INVENTORY_OBSOLESCENCE,0.0,501.07,PROVISION,Close Inventory obsolescence provision,,,
2025-05,ES01,Spare Parts,INVPROVCLOSE-2025-05-ES01-SpareParts,closing,3200_RETAINED_EARNINGS,501.07,0.0,PROVISION,Close Inventory obsolescence provision,,,
2025-05,JP01,Hardware,INVPROV-2025-05-JP01-Hardware,provision_release,1290_INVENTORY_PROVISION,2215.67,0.0,PROVISION,Release Inventory obsolescence provision,,,
2025-05,JP01,Hardware,INVPROV-2025-05-JP01-Hardware,provision_release,5460_INVENTORY_OBSOLESCENCE,0.0,2215.67,PROVISION,Release Inventory obsolescence provision,,,
2025-05,JP01,Hardware,INVPROVCLOSE-2025-05-JP01-Hardware,closing,5460_INVENTORY_OBSOLESCENCE,2215.67,0.0,PROVISION,Close release Inventory obsolescence provision,,,
2025-05,JP01,Hardware,INVPROVCLOSE-2025-05-JP01-Hardware,closing,3200_RETAINED_EARNINGS,0.0,2215.67,PROVISION,Close release Inventory obsolescence provision,,,
2025-05,JP01,Spare Parts,INVPROV-2025-05-JP01-SpareParts,provision,5460_INVENTORY_OBSOLESCENCE,2970.48,0.0,PROVISION,Inventory obsolescence provision,,,
2025-05,JP01,Spare Parts,INVPROV-2025-05-JP01-SpareParts,provision,1290_INVENTORY_PROVISION,0.0,2970.48,PROVISION,Inventory obsolescence provision,,,
2025-05,JP01,Spare Parts,INVPROVCLOSE-2025-05-JP01-SpareParts,closing,5460_INVENTORY_OBSOLESCENCE,0.0,2970.48,PROVISION,Close Inventory obsolescence provision,,,
2025-05,JP01,Spare Parts,INVPROVCLOSE-2025-05-JP01-SpareParts,closing,3200_RETAINED_EARNINGS,2970.48,0.0,PROVISION,Close Inventory obsolescence provision,,,
2025-05,US01,Hardware,INVPROV-2025-05-US01-Hardware,provision,5460_INVENTORY_OBSOLESCENCE,19150.22,0.0,PROVISION,Inventory obsolescence provision,,,
2025-05,US01,Hardware,INVPROV-2025-05-US01-Hardware,provision,1290_INVENTORY_PROVISION,0.0,19150.22,PROVISION,Inventory obsolescence provision,,,
2025-05,US01,Hardware,INVPROVCLOSE-2025-05-US01-Hardware,closing,5460_INVENTORY_OBSOLESCENCE,0.0,19150.22,PROVISION,Close Inventory obsolescence provision,,,
2025-05,US01,Hardware,INVPROVCLOSE-2025-05-US01-Hardware,closing,3200_RETAINED_EARNINGS,19150.22,0.0,PROVISION,Close Inventory obsolescence provision,,,
2025-06,DE01,Hardware,INVPROV-2025-06-DE01-Hardware,provision,5460_INVENTORY_OBSOLESCENCE,5241.01,0.0,PROVISION,Inventory obsolescence provision,,,
2025-06,DE01,Hardware,INVPROV-2025-06-DE01-Hardware,provision,1290_INVENTORY_PROVISION,0.0,5241.01,PROVISION,Inventory obsolescence provision,,,
2025-06,DE01,Hardware,INVPROVCLOSE-2025-06-DE01-Hardware,closing,5460_INVENTORY_OBSOLESCENCE,0.0,5241.01,PROVISION,Close Inventory obsolescence provision,,,
2025-06,DE01,Hardware,INVPROVCLOSE-2025-06-DE01-Hardware,closing,3200_RETAINED_EARNINGS,5241.01,0.0,PROVISION,Close Inventory obsolescence provision,,,
2025-06,ES01,Hardware,INVPROV-2025-06-ES01-Hardware,provision,5460_INVENTORY_OBSOLESCENCE,9767.34,0.0,PROVISION,Inventory obsolescence provision,,,
2025-06,ES01,Hardware,INVPROV-2025-06-ES01-Hardware,provision,1290_INVENTORY_PROVISION,0.0,9767.34,PROVISION,Inventory obsolescence provision,,,
2025-06,ES01,Hardware,INVPROVCLOSE-2025-06-ES01-Hardware,closing,5460_INVENTORY_OBSOLESCENCE,0.0,9767.34,PROVISION,Close Inventory obsolescence provision,,,
2025-06,ES01,Hardware,INVPROVCLOSE-2025-06-ES01-Hardware,closing,3200_RETAINED_EARNINGS,9767.34,0.0,PROVISION,Close Inventory obsolescence provision,,,
2025-06,ES01,Spare Parts,INVPROV-2025-06-ES01-SpareParts,provision,5460_INVENTORY_OBSOLESCENCE,1168.42,0.0,PROVISION,Inventory obsolescence provision,,,
2025-06,ES01,Spare Parts,INVPROV-2025-06-ES01-SpareParts,provision,1290_INVENTORY_PROVISION,0.0,1168.42,PROVISION,Inventory obsolescence provision,,,
2025-06,ES01,Spare Parts,INVPROVCLOSE-2025-06-ES01-SpareParts,closing,5460_INVENTORY_OBSOLESCENCE,0.0,1168.42,PROVISION,Close Inventory obsolescence provision,,,
2025-06,ES01,Spare Parts,INVPROVCLOSE-2025-06-ES01-SpareParts,closing,3200_RETAINED_EARNINGS,1168.42,0.0,PROVISION,Close Inventory obsolescence provision,,,
2025-06,JP01,Hardware,INVPROV-2025-06-JP01-Hardware,provision,5460_INVENTORY_OBSOLESCENCE,1561.55,0.0,PROVISION,Inventory obsolescence provision,,,
2025-06,JP01,Hardware,INVPROV-2025-06-JP01-Hardware,provision,1290_INVENTORY_PROVISION,0.0,1561.55,PROVISION,Inventory obsolescence provision,,,
2025-06,JP01,Hardware,INVPROVCLOSE-2025-06-JP01-Hardware,closing,5460_INVENTORY_OBSOLESCENCE,0.0,1561.55,PROVISION,Close Inventory obsolescence provision,,,
2025-06,JP01,Hardware,INVPROVCLOSE-2025-06-JP01-Hardware,closing,3200_RETAINED_EARNINGS,1561.55,0.0,PROVISION,Close Inventory obsolescence provision,,,
2025-06,JP01,Spare Parts,INVPROV-2025-06-JP01-SpareParts,provision,5460_INVENTORY_OBSOLESCENCE,1709.6,0.0,PROVISION,Inventory obsolescence provision,,,
2025-06,JP01,Spare Parts,INVPROV-2025-06-JP01-SpareParts,provision,1290_INVENTORY_PROVISION,0.0,1709.6,PROVISION,Inventory obsolescence provision,,,
2025-06,JP01,Spare Parts,INVPROVCLOSE-2025-06-JP01-SpareParts,closing,5460_INVENTORY_OBSOLESCENCE,0.0,1709.6,PROVISION,Close Inventory obsolescence provision,,,
2025-06,JP01,Spare Parts,INVPROVCLOSE-2025-06-JP01-SpareParts,closing,3200_RETAINED_EARNINGS,1709.6,0.0,PROVISION,Close Inventory obsolescence provision,,,
2025-06,US01,Hardware,INVPROV-2025-06-US01-Hardware,provision,5460_INVENTORY_OBSOLESCENCE,3265.94,0.0,PROVISION,Inventory obsolescence provision,,,
2025-06,US01,Hardware,INVPROV-2025-06-US01-Hardware,provision,1290_INVENTORY_PROVISION,0.0,3265.94,PROVISION,Inventory obsolescence provision,,,
2025-06,US01,Hardware,INVPROVCLOSE-2025-06-US01-Hardware,closing,5460_INVENTORY_OBSOLESCENCE,0.0,3265.94,PROVISION,Close Inventory obsolescence provision,,,
2025-06,US01,Hardware,INVPROVCLOSE-2025-06-US01-Hardware,closing,3200_RETAINED_EARNINGS,3265.94,0.0,PROVISION,Close Inventory obsolescence provision,,,
2025-07,DE01,Hardware,INVPROV-2025-07-DE01-Hardware,provision,5460_INVENTORY_OBSOLESCENCE,4785.91,0.0,PROVISION,Inventory obsolescence provision,,,
2025-07,DE01,Hardware,INVPROV-2025-07-DE01-Hardware,provision,1290_INVENTORY_PROVISION,0.0,4785.91,PROVISION,Inventory obsolescence provision,,,
2025-07,DE01,Hardware,INVPROVCLOSE-2025-07-DE01-Hardware,closing,5460_INVENTORY_OBSOLESCENCE,0.0,4785.91,PROVISION,Close Inventory obsolescence provision,,,
2025-07,DE01,Hardware,INVPROVCLOSE-2025-07-DE01-Hardware,closing,3200_RETAINED_EARNINGS,4785.91,0.0,PROVISION,Close Inventory obsolescence provision,,,
2025-07,ES01,Hardware,INVPROV-2025-07-ES01-Hardware,provision,5460_INVENTORY_OBSOLESCENCE,13949.7,0.0,PROVISION,Inventory obsolescence provision,,,
2025-07,ES01,Hardware,INVPROV-2025-07-ES01-Hardware,provision,1290_INVENTORY_PROVISION,0.0,13949.7,PROVISION,Inventory obsolescence provision,,,
2025-07,ES01,Hardware,INVPROVCLOSE-2025-07-ES01-Hardware,closing,5460_INVENTORY_OBSOLESCENCE,0.0,13949.7,PROVISION,Close Inventory obsolescence provision,,,
2025-07,ES01,Hardware,INVPROVCLOSE-2025-07-ES01-Hardware,closing,3200_RETAINED_EARNINGS,13949.7,0.0,PROVISION,Close Inventory obsolescence provision,,,
2025-07,ES01,Spare Parts,INVPROV-2025-07-ES01-SpareParts,provision_release,1290_INVENTORY_PROVISION,2977.91,0.0,PROVISION,Release Inventory obsolescence provision,,,
2025-07,ES01,Spare Parts,INVPROV-2025-07-ES01-SpareParts,provision_release,5460_INVENTORY_OBSOLESCENCE,0.0,2977.91,PROVISION,Release Inventory obsolescence provision,,,
2025-07,ES01,Spare Parts,INVPROVCLOSE-2025-07-ES01-SpareParts,closing,5460_INVENTORY_OBSOLESCENCE,2977.91,0.0,PROVISION,Close release Inventory obsolescence provision,,,
2025-07,ES01,Spare Parts,INVPROVCLOSE-2025-07-ES01-SpareParts,closing,3200_RETAINED_EARNINGS,0.0,2977.91,PROVISION,Close release Inventory obsolescence provision,,,
2025-07,JP01,Hardware,INVPROV-2025-07-JP01-Hardware,provision,5460_INVENTORY_OBSOLESCENCE,2397.85,0.0,PROVISION,Inventory obsolescence provision,,,
2025-07,JP01,Hardware,INVPROV-2025-07-JP01-Hardware,provision,1290_INVENTORY_PROVISION,0.0,2397.85,PROVISION,Inventory obsolescence provision,,,
2025-07,JP01,Hardware,INVPROVCLOSE-2025-07-JP01-Hardware,closing,5460_INVENTORY_OBSOLESCENCE,0.0,2397.85,PROVISION,Close Inventory obsolescence provision,,,
2025-07,JP01,Hardware,INVPROVCLOSE-2025-07-JP01-Hardware,closing,3200_RETAINED_EARNINGS,2397.85,0.0,PROVISION,Close Inventory obsolescence provision,,,
2025-07,JP01,Spare Parts,INVPROV-2025-07-JP01-SpareParts,provision_release,1290_INVENTORY_PROVISION,4863.3,0.0,PROVISION,Release Inventory obsolescence provision,,,
2025-07,JP01,Spare Parts,INVPROV-2025-07-JP01-SpareParts,provision_release,5460_INVENTORY_OBSOLESCENCE,0.0,4863.3,PROVISION,Release Inventory obsolescence provision,,,
2025-07,JP01,Spare Parts,INVPROVCLOSE-2025-07-JP01-SpareParts,closing,5460_INVENTORY_OBSOLESCENCE,4863.3,0.0,PROVISION,Close release Inventory obsolescence provision,,,
2025-07,JP01,Spare Parts,INVPROVCLOSE-2025-07-JP01-SpareParts,closing,3200_RETAINED_EARNINGS,0.0,4863.3,PROVISION,Close release Inventory obsolescence provision,,,
2025-07,US01,Hardware,INVPROV-2025-07-US01-Hardware,provision_release,1290_INVENTORY_PROVISION,8195.63,0.0,PROVISION,Release Inventory obsolescence provision,,,
2025-07,US01,Hardware,INVPROV-2025-07-US01-Hardware,provision_release,5460_INVENTORY_OBSOLESCENCE,0.0,8195.63,PROVISION,Release Inventory obsolescence provision,,,
2025-07,US01,Hardware,INVPROVCLOSE-2025-07-US01-Hardware,closing,5460_INVENTORY_OBSOLESCENCE,8195.63,0.0,PROVISION,Close release Inventory obsolescence provision,,,
2025-07,US01,Hardware,INVPROVCLOSE-2025-07-US01-Hardware,closing,3200_RETAINED_EARNINGS,0.0,8195.63,PROVISION,Close release Inventory obsolescence provision,,,
2025-08,DE01,Hardware,INVPROV-2025-08-DE01-Hardware,provision_release,1290_INVENTORY_PROVISION,789.06,0.0,PROVISION,Release Inventory obsolescence provision,,,
2025-08,DE01,Hardware,INVPROV-2025-08-DE01-Hardware,provision_release,5460_INVENTORY_OBSOLESCENCE,0.0,789.06,PROVISION,Release Inventory obsolescence provision,,,
2025-08,DE01,Hardware,INVPROVCLOSE-2025-08-DE01-Hardware,closing,5460_INVENTORY_OBSOLESCENCE,789.06,0.0,PROVISION,Close release Inventory obsolescence provision,,,
2025-08,DE01,Hardware,INVPROVCLOSE-2025-08-DE01-Hardware,closing,3200_RETAINED_EARNINGS,0.0,789.06,PROVISION,Close release Inventory obsolescence provision,,,
2025-08,ES01,Hardware,INVPROV-2025-08-ES01-Hardware,provision_release,1290_INVENTORY_PROVISION,6691.36,0.0,PROVISION,Release Inventory obsolescence provision,,,
2025-08,ES01,Hardware,INVPROV-2025-08-ES01-Hardware,provision_release,5460_INVENTORY_OBSOLESCENCE,0.0,6691.36,PROVISION,Release Inventory obsolescence provision,,,
2025-08,ES01,Hardware,INVPROVCLOSE-2025-08-ES01-Hardware,closing,5460_INVENTORY_OBSOLESCENCE,6691.36,0.0,PROVISION,Close release Inventory obsolescence provision,,,
2025-08,ES01,Hardware,INVPROVCLOSE-2025-08-ES01-Hardware,closing,3200_RETAINED_EARNINGS,0.0,6691.36,PROVISION,Close release Inventory obsolescence provision,,,
2025-08,ES01,Spare Parts,INVPROV-2025-08-ES01-SpareParts,provision_release,1290_INVENTORY_PROVISION,1584.65,0.0,PROVISION,Release Inventory obsolescence provision,,,
2025-08,ES01,Spare Parts,INVPROV-2025-08-ES01-SpareParts,provision_release,5460_INVENTORY_OBSOLESCENCE,0.0,1584.65,PROVISION,Release Inventory obsolescence provision,,,
2025-08,ES01,Spare Parts,INVPROVCLOSE-2025-08-ES01-SpareParts,closing,5460_INVENTORY_OBSOLESCENCE,1584.65,0.0,PROVISION,Close release Inventory obsolescence provision,,,
2025-08,ES01,Spare Parts,INVPROVCLOSE-2025-08-ES01-SpareParts,closing,3200_RETAINED_EARNINGS,0.0,1584.65,PROVISION,Close release Inventory obsolescence provision,,,
2025-08,JP01,Hardware,INVPROV-2025-08-JP01-Hardware,provision_release,1290_INVENTORY_PROVISION,3584.7,0.0,PROVISION,Release Inventory obsolescence provision,,,
2025-08,JP01,Hardware,INVPROV-2025-08-JP01-Hardware,provision_release,5460_INVENTORY_OBSOLESCENCE,0.0,3584.7,PROVISION,Release Inventory obsolescence provision,,,
2025-08,JP01,Hardware,INVPROVCLOSE-2025-08-JP01-Hardware,closing,5460_INVENTORY_OBSOLESCENCE,3584.7,0.0,PROVISION,Close release Inventory obsolescence provision,,,
2025-08,JP01,Hardware,INVPROVCLOSE-2025-08-JP01-Hardware,closing,3200_RETAINED_EARNINGS,0.0,3584.7,PROVISION,Close release Inventory obsolescence provision,,,
2025-08,JP01,Spare Parts,INVPROV-2025-08-JP01-SpareParts,provision_release,1290_INVENTORY_PROVISION,2071.0,0.0,PROVISION,Release Inventory obsolescence provision,,,
2025-08,JP01,Spare Parts,INVPROV-2025-08-JP01-SpareParts,provision_release,5460_INVENTORY_OBSOLESCENCE,0.0,2071.0,PROVISION,Release Inventory obsolescence provision,,,
2025-08,JP01,Spare Parts,INVPROVCLOSE-2025-08-JP01-SpareParts,closing,5460_INVENTORY_OBSOLESCENCE,2071.0,0.0,PROVISION,Close release Inventory obsolescence provision,,,
2025-08,JP01,Spare Parts,INVPROVCLOSE-2025-08-JP01-SpareParts,closing,3200_RETAINED_EARNINGS,0.0,2071.0,PROVISION,Close release Inventory obsolescence provision,,,
2025-08,US01,Hardware,INVPROV-2025-08-US01-Hardware,provision,5460_INVENTORY_OBSOLESCENCE,2710.97,0.0,PROVISION,Inventory obsolescence provision,,,
2025-08,US01,Hardware,INVPROV-2025-08-US01-Hardware,provision,1290_INVENTORY_PROVISION,0.0,2710.97,PROVISION,Inventory obsolescence provision,,,
2025-08,US01,Hardware,INVPROVCLOSE-2025-08-US01-Hardware,closing,5460_INVENTORY_OBSOLESCENCE,0.0,2710.97,PROVISION,Close Inventory obsolescence provision,,,
2025-08,US01,Hardware,INVPROVCLOSE-2025-08-US01-Hardware,closing,3200_RETAINED_EARNINGS,2710.97,0.0,PROVISION,Close Inventory obsolescence provision,,,
2025-09,DE01,Hardware,INVPROV-2025-09-DE01-Hardware,provision,5460_INVENTORY_OBSOLESCENCE,10275.5,0.0,PROVISION,Inventory obsolescence provision,,,
2025-09,DE01,Hardware,INVPROV-2025-09-DE01-Hardware,provision,1290_INVENTORY_PROVISION,0.0,10275.5,PROVISION,Inventory obsolescence provision,,,
2025-09,DE01,Hardware,INVPROVCLOSE-2025-09-DE01-Hardware,closing,5460_INVENTORY_OBSOLESCENCE,0.0,10275.5,PROVISION,Close Inventory obsolescence provision,,,
2025-09,DE01,Hardware,INVPROVCLOSE-2025-09-DE01-Hardware,closing,3200_RETAINED_EARNINGS,10275.5,0.0,PROVISION,Close Inventory obsolescence provision,,,
2025-09,ES01,Hardware,INVPROV-2025-09-ES01-Hardware,provision,5460_INVENTORY_OBSOLESCENCE,18915.4,0.0,PROVISION,Inventory obsolescence provision,,,
2025-09,ES01,Hardware,INVPROV-2025-09-ES01-Hardware,provision,1290_INVENTORY_PROVISION,0.0,18915.4,PROVISION,Inventory obsolescence provision,,,
2025-09,ES01,Hardware,INVPROVCLOSE-2025-09-ES01-Hardware,closing,5460_INVENTORY_OBSOLESCENCE,0.0,18915.4,PROVISION,Close Inventory obsolescence provision,,,
2025-09,ES01,Hardware,INVPROVCLOSE-2025-09-ES01-Hardware,closing,3200_RETAINED_EARNINGS,18915.4,0.0,PROVISION,Close Inventory obsolescence provision,,,
2025-09,ES01,Spare Parts,INVPROV-2025-09-ES01-SpareParts,provision,5460_INVENTORY_OBSOLESCENCE,7670.0,0.0,PROVISION,Inventory obsolescence provision,,,
2025-09,ES01,Spare Parts,INVPROV-2025-09-ES01-SpareParts,provision,1290_INVENTORY_PROVISION,0.0,7670.0,PROVISION,Inventory obsolescence provision,,,
2025-09,ES01,Spare Parts,INVPROVCLOSE-2025-09-ES01-SpareParts,closing,5460_INVENTORY_OBSOLESCENCE,0.0,7670.0,PROVISION,Close Inventory obsolescence provision,,,
2025-09,ES01,Spare Parts,INVPROVCLOSE-2025-09-ES01-SpareParts,closing,3200_RETAINED_EARNINGS,7670.0,0.0,PROVISION,Close Inventory obsolescence provision,,,
2025-09,JP01,Hardware,INVPROV-2025-09-JP01-Hardware,provision,5460_INVENTORY_OBSOLESCENCE,10958.33,0.0,PROVISION,Inventory obsolescence provision,,,
2025-09,JP01,Hardware,INVPROV-2025-09-JP01-Hardware,provision,1290_INVENTORY_PROVISION,0.0,10958.33,PROVISION,Inventory obsolescence provision,,,
2025-09,JP01,Hardware,INVPROVCLOSE-2025-09-JP01-Hardware,closing,5460_INVENTORY_OBSOLESCENCE,0.0,10958.33,PROVISION,Close Inventory obsolescence provision,,,
2025-09,JP01,Hardware,INVPROVCLOSE-2025-09-JP01-Hardware,closing,3200_RETAINED_EARNINGS,10958.33,0.0,PROVISION,Close Inventory obsolescence provision,,,
2025-09,JP01,Spare Parts,INVPROV-2025-09-JP01-SpareParts,provision,5460_INVENTORY_OBSOLESCENCE,12267.75,0.0,PROVISION,Inventory obsolescence provision,,,
2025-09,JP01,Spare Parts,INVPROV-2025-09-JP01-SpareParts,provision,1290_INVENTORY_PROVISION,0.0,12267.75,PROVISION,Inventory obsolescence provision,,,
2025-09,JP01,Spare Parts,INVPROVCLOSE-2025-09-JP01-SpareParts,closing,5460_INVENTORY_OBSOLESCENCE,0.0,12267.75,PROVISION,Close Inventory obsolescence provision,,,
2025-09,JP01,Spare Parts,INVPROVCLOSE-2025-09-JP01-SpareParts,closing,3200_RETAINED_EARNINGS,12267.75,0.0,PROVISION,Close Inventory obsolescence provision,,,
2025-09,US01,Hardware,INVPROV-2025-09-US01-Hardware,provision,5460_INVENTORY_OBSOLESCENCE,19267.4,0.0,PROVISION,Inventory obsolescence provision,,,
2025-09,US01,Hardware,INVPROV-2025-09-US01-Hardware,provision,1290_INVENTORY_PROVISION,0.0,19267.4,PROVISION,Inventory obsolescence provision,,,
2025-09,US01,Hardware,INVPROVCLOSE-2025-09-US01-Hardware,closing,5460_INVENTORY_OBSOLESCENCE,0.0,19267.4,PROVISION,Close Inventory obsolescence provision,,,
2025-09,US01,Hardware,INVPROVCLOSE-2025-09-US01-Hardware,closing,3200_RETAINED_EARNINGS,19267.4,0.0,PROVISION,Close Inventory obsolescence provision,,,
2025-10,DE01,Hardware,INVPROV-2025-10-DE01-Hardware,provision,5460_INVENTORY_OBSOLESCENCE,6101.64,0.0,PROVISION,Inventory obsolescence provision,,,
2025-10,DE01,Hardware,INVPROV-2025-10-DE01-Hardware,provision,1290_INVENTORY_PROVISION,0.0,6101.64,PROVISION,Inventory obsolescence provision,,,
2025-10,DE01,Hardware,INVPROVCLOSE-2025-10-DE01-Hardware,closing,5460_INVENTORY_OBSOLESCENCE,0.0,6101.64,PROVISION,Close Inventory obsolescence provision,,,
2025-10,DE01,Hardware,INVPROVCLOSE-2025-10-DE01-Hardware,closing,3200_RETAINED_EARNINGS,6101.64,0.0,PROVISION,Close Inventory obsolescence provision,,,
2025-10,ES01,Hardware,INVPROV-2025-10-ES01-Hardware,provision_release,1290_INVENTORY_PROVISION,15184.1,0.0,PROVISION,Release Inventory obsolescence provision,,,
2025-10,ES01,Hardware,INVPROV-2025-10-ES01-Hardware,provision_release,5460_INVENTORY_OBSOLESCENCE,0.0,15184.1,PROVISION,Release Inventory obsolescence provision,,,
2025-10,ES01,Hardware,INVPROVCLOSE-2025-10-ES01-Hardware,closing,5460_INVENTORY_OBSOLESCENCE,15184.1,0.0,PROVISION,Close release Inventory obsolescence provision,,,
2025-10,ES01,Hardware,INVPROVCLOSE-2025-10-ES01-Hardware,closing,3200_RETAINED_EARNINGS,0.0,15184.1,PROVISION,Close release Inventory obsolescence provision,,,
2025-10,ES01,Spare Parts,INVPROV-2025-10-ES01-SpareParts,provision_release,1290_INVENTORY_PROVISION,1571.65,0.0,PROVISION,Release Inventory obsolescence provision,,,
2025-10,ES01,Spare Parts,INVPROV-2025-10-ES01-SpareParts,provision_release,5460_INVENTORY_OBSOLESCENCE,0.0,1571.65,PROVISION,Release Inventory obsolescence provision,,,
2025-10,ES01,Spare Parts,INVPROVCLOSE-2025-10-ES01-SpareParts,closing,5460_INVENTORY_OBSOLESCENCE,1571.65,0.0,PROVISION,Close release Inventory obsolescence provision,,,
2025-10,ES01,Spare Parts,INVPROVCLOSE-2025-10-ES01-SpareParts,closing,3200_RETAINED_EARNINGS,0.0,1571.65,PROVISION,Close release Inventory obsolescence provision,,,
2025-10,JP01,Hardware,INVPROV-2025-10-JP01-Hardware,provision_release,1290_INVENTORY_PROVISION,10906.64,0.0,PROVISION,Release Inventory obsolescence provision,,,
2025-10,JP01,Hardware,INVPROV-2025-10-JP01-Hardware,provision_release,5460_INVENTORY_OBSOLESCENCE,0.0,10906.64,PROVISION,Release Inventory obsolescence provision,,,
2025-10,JP01,Hardware,INVPROVCLOSE-2025-10-JP01-Hardware,closing,5460_INVENTORY_OBSOLESCENCE,10906.64,0.0,PROVISION,Close release Inventory obsolescence provision,,,
2025-10,JP01,Hardware,INVPROVCLOSE-2025-10-JP01-Hardware,closing,3200_RETAINED_EARNINGS,0.0,10906.64,PROVISION,Close release Inventory obsolescence provision,,,
2025-10,JP01,Spare Parts,INVPROV-2025-10-JP01-SpareParts,provision_release,1290_INVENTORY_PROVISION,8025.31,0.0,PROVISION,Release Inventory obsolescence provision,,,
2025-10,JP01,Spare Parts,INVPROV-2025-10-JP01-SpareParts,provision_release,5460_INVENTORY_OBSOLESCENCE,0.0,8025.31,PROVISION,Release Inventory obsolescence provision,,,
2025-10,JP01,Spare Parts,INVPROVCLOSE-2025-10-JP01-SpareParts,closing,5460_INVENTORY_OBSOLESCENCE,8025.31,0.0,PROVISION,Close release Inventory obsolescence provision,,,
2025-10,JP01,Spare Parts,INVPROVCLOSE-2025-10-JP01-SpareParts,closing,3200_RETAINED_EARNINGS,0.0,8025.31,PROVISION,Close release Inventory obsolescence provision,,,
2025-10,US01,Hardware,INVPROV-2025-10-US01-Hardware,provision_release,1290_INVENTORY_PROVISION,30778.4,0.0,PROVISION,Release Inventory obsolescence provision,,,
2025-10,US01,Hardware,INVPROV-2025-10-US01-Hardware,provision_release,5460_INVENTORY_OBSOLESCENCE,0.0,30778.4,PROVISION,Release Inventory obsolescence provision,,,
2025-10,US01,Hardware,INVPROVCLOSE-2025-10-US01-Hardware,closing,5460_INVENTORY_OBSOLESCENCE,30778.4,0.0,PROVISION,Close release Inventory obsolescence provision,,,
2025-10,US01,Hardware,INVPROVCLOSE-2025-10-US01-Hardware,closing,3200_RETAINED_EARNINGS,0.0,30778.4,PROVISION,Close release Inventory obsolescence provision,,,
2025-11,DE01,Hardware,INVPROV-2025-11-DE01-Hardware,provision_release,1290_INVENTORY_PROVISION,11475.32,0.0,PROVISION,Release Inventory obsolescence provision,,,
2025-11,DE01,Hardware,INVPROV-2025-11-DE01-Hardware,provision_release,5460_INVENTORY_OBSOLESCENCE,0.0,11475.32,PROVISION,Release Inventory obsolescence provision,,,
2025-11,DE01,Hardware,INVPROVCLOSE-2025-11-DE01-Hardware,closing,5460_INVENTORY_OBSOLESCENCE,11475.32,0.0,PROVISION,Close release Inventory obsolescence provision,,,
2025-11,DE01,Hardware,INVPROVCLOSE-2025-11-DE01-Hardware,closing,3200_RETAINED_EARNINGS,0.0,11475.32,PROVISION,Close release Inventory obsolescence provision,,,
2025-11,ES01,Hardware,INVPROV-2025-11-ES01-Hardware,provision,5460_INVENTORY_OBSOLESCENCE,4134.13,0.0,PROVISION,Inventory obsolescence provision,,,
2025-11,ES01,Hardware,INVPROV-2025-11-ES01-Hardware,provision,1290_INVENTORY_PROVISION,0.0,4134.13,PROVISION,Inventory obsolescence provision,,,
2025-11,ES01,Hardware,INVPROVCLOSE-2025-11-ES01-Hardware,closing,5460_INVENTORY_OBSOLESCENCE,0.0,4134.13,PROVISION,Close Inventory obsolescence provision,,,
2025-11,ES01,Hardware,INVPROVCLOSE-2025-11-ES01-Hardware,closing,3200_RETAINED_EARNINGS,4134.13,0.0,PROVISION,Close Inventory obsolescence provision,,,
2025-11,ES01,Spare Parts,INVPROV-2025-11-ES01-SpareParts,provision_release,1290_INVENTORY_PROVISION,649.05,0.0,PROVISION,Release Inventory obsolescence provision,,,
2025-11,ES01,Spare Parts,INVPROV-2025-11-ES01-SpareParts,provision_release,5460_INVENTORY_OBSOLESCENCE,0.0,649.05,PROVISION,Release Inventory obsolescence provision,,,
2025-11,ES01,Spare Parts,INVPROVCLOSE-2025-11-ES01-SpareParts,closing,5460_INVENTORY_OBSOLESCENCE,649.05,0.0,PROVISION,Close release Inventory obsolescence provision,,,
2025-11,ES01,Spare Parts,INVPROVCLOSE-2025-11-ES01-SpareParts,closing,3200_RETAINED_EARNINGS,0.0,649.05,PROVISION,Close release Inventory obsolescence provision,,,
2025-11,JP01,Hardware,INVPROV-2025-11-JP01-Hardware,provision_release,1290_INVENTORY_PROVISION,1313.35,0.0,PROVISION,Release Inventory obsolescence provision,,,
2025-11,JP01,Hardware,INVPROV-2025-11-JP01-Hardware,provision_release,5460_INVENTORY_OBSOLESCENCE,0.0,1313.35,PROVISION,Release Inventory obsolescence provision,,,
2025-11,JP01,Hardware,INVPROVCLOSE-2025-11-JP01-Hardware,closing,5460_INVENTORY_OBSOLESCENCE,1313.35,0.0,PROVISION,Close release Inventory obsolescence provision,,,
2025-11,JP01,Hardware,INVPROVCLOSE-2025-11-JP01-Hardware,closing,3200_RETAINED_EARNINGS,0.0,1313.35,PROVISION,Close release Inventory obsolescence provision,,,
2025-11,JP01,Spare Parts,INVPROV-2025-11-JP01-SpareParts,provision_release,1290_INVENTORY_PROVISION,1630.22,0.0,PROVISION,Release Inventory obsolescence provision,,,
2025-11,JP01,Spare Parts,INVPROV-2025-11-JP01-SpareParts,provision_release,5460_INVENTORY_OBSOLESCENCE,0.0,1630.22,PROVISION,Release Inventory obsolescence provision,,,
2025-11,JP01,Spare Parts,INVPROVCLOSE-2025-11-JP01-SpareParts,closing,5460_INVENTORY_OBSOLESCENCE,1630.22,0.0,PROVISION,Close release Inventory obsolescence provision,,,
2025-11,JP01,Spare Parts,INVPROVCLOSE-2025-11-JP01-SpareParts,closing,3200_RETAINED_EARNINGS,0.0,1630.22,PROVISION,Close release Inventory obsolescence provision,,,
2025-11,US01,Hardware,INVPROV-2025-11-US01-Hardware,provision,5460_INVENTORY_OBSOLESCENCE,14392.22,0.0,PROVISION,Inventory obsolescence provision,,,
2025-11,US01,Hardware,INVPROV-2025-11-US01-Hardware,provision,1290_INVENTORY_PROVISION,0.0,14392.22,PROVISION,Inventory obsolescence provision,,,
2025-11,US01,Hardware,INVPROVCLOSE-2025-11-US01-Hardware,closing,5460_INVENTORY_OBSOLESCENCE,0.0,14392.22,PROVISION,Close Inventory obsolescence provision,,,
2025-11,US01,Hardware,INVPROVCLOSE-2025-11-US01-Hardware,closing,3200_RETAINED_EARNINGS,14392.22,0.0,PROVISION,Close Inventory obsolescence provision,,,
2025-12,DE01,Hardware,INVPROV-2025-12-DE01-Hardware,provision,5460_INVENTORY_OBSOLESCENCE,3293.6,0.0,PROVISION,Inventory obsolescence provision,,,
2025-12,DE01,Hardware,INVPROV-2025-12-DE01-Hardware,provision,1290_INVENTORY_PROVISION,0.0,3293.6,PROVISION,Inventory obsolescence provision,,,
2025-12,DE01,Hardware,INVPROVCLOSE-2025-12-DE01-Hardware,closing,5460_INVENTORY_OBSOLESCENCE,0.0,3293.6,PROVISION,Close Inventory obsolescence provision,,,
2025-12,DE01,Hardware,INVPROVCLOSE-2025-12-DE01-Hardware,closing,3200_RETAINED_EARNINGS,3293.6,0.0,PROVISION,Close Inventory obsolescence provision,,,
2025-12,ES01,Hardware,INVPROV-2025-12-ES01-Hardware,provision_release,1290_INVENTORY_PROVISION,27769.88,0.0,PROVISION,Release Inventory obsolescence provision,,,
2025-12,ES01,Hardware,INVPROV-2025-12-ES01-Hardware,provision_release,5460_INVENTORY_OBSOLESCENCE,0.0,27769.88,PROVISION,Release Inventory obsolescence provision,,,
2025-12,ES01,Hardware,INVPROVCLOSE-2025-12-ES01-Hardware,closing,5460_INVENTORY_OBSOLESCENCE,27769.88,0.0,PROVISION,Close release Inventory obsolescence provision,,,
2025-12,ES01,Hardware,INVPROVCLOSE-2025-12-ES01-Hardware,closing,3200_RETAINED_EARNINGS,0.0,27769.88,PROVISION,Close release Inventory obsolescence provision,,,
2025-12,ES01,Spare Parts,INVPROV-2025-12-ES01-SpareParts,provision,5460_INVENTORY_OBSOLESCENCE,1174.77,0.0,PROVISION,Inventory obsolescence provision,,,
2025-12,ES01,Spare Parts,INVPROV-2025-12-ES01-SpareParts,provision,1290_INVENTORY_PROVISION,0.0,1174.77,PROVISION,Inventory obsolescence provision,,,
2025-12,ES01,Spare Parts,INVPROVCLOSE-2025-12-ES01-SpareParts,closing,5460_INVENTORY_OBSOLESCENCE,0.0,1174.77,PROVISION,Close Inventory obsolescence provision,,,
2025-12,ES01,Spare Parts,INVPROVCLOSE-2025-12-ES01-SpareParts,closing,3200_RETAINED_EARNINGS,1174.77,0.0,PROVISION,Close Inventory obsolescence provision,,,
2025-12,JP01,Hardware,INVPROV-2025-12-JP01-Hardware,provision_release,1290_INVENTORY_PROVISION,35.08,0.0,PROVISION,Release Inventory obsolescence provision,,,
2025-12,JP01,Hardware,INVPROV-2025-12-JP01-Hardware,provision_release,5460_INVENTORY_OBSOLESCENCE,0.0,35.08,PROVISION,Release Inventory obsolescence provision,,,
2025-12,JP01,Hardware,INVPROVCLOSE-2025-12-JP01-Hardware,closing,5460_INVENTORY_OBSOLESCENCE,35.08,0.0,PROVISION,Close release Inventory obsolescence provision,,,
2025-12,JP01,Hardware,INVPROVCLOSE-2025-12-JP01-Hardware,closing,3200_RETAINED_EARNINGS,0.0,35.08,PROVISION,Close release Inventory obsolescence provision,,,
2025-12,JP01,Spare Parts,INVPROV-2025-12-JP01-SpareParts,provision,5460_INVENTORY_OBSOLESCENCE,2416.14,0.0,PROVISION,Inventory obsolescence provision,,,
2025-12,JP01,Spare Parts,INVPROV-2025-12-JP01-SpareParts,provision,1290_INVENTORY_PROVISION,0.0,2416.14,PROVISION,Inventory obsolescence provision,,,
2025-12,JP01,Spare Parts,INVPROVCLOSE-2025-12-JP01-SpareParts,closing,5460_INVENTORY_OBSOLESCENCE,0.0,2416.14,PROVISION,Close Inventory obsolescence provision,,,
2025-12,JP01,Spare Parts,INVPROVCLOSE-2025-12-JP01-SpareParts,closing,3200_RETAINED_EARNINGS,2416.14,0.0,PROVISION,Close Inventory obsolescence provision,,,
2025-12,US01,Hardware,INVPROV-2025-12-US01-Hardware,provision,5460_INVENTORY_OBSOLESCENCE,5095.31,0.0,PROVISION,Inventory obsolescence provision,,,
2025-12,US01,Hardware,INVPROV-2025-12-US01-Hardware,provision,1290_INVENTORY_PROVISION,0.0,5095.31,PROVISION,Inventory obsolescence provision,,,
2025-12,US01,Hardware,INVPROVCLOSE-2025-12-US01-Hardware,closing,5460_INVENTORY_OBSOLESCENCE,0.0,5095.31,PROVISION,Close Inventory obsolescence provision,,,
2025-12,US01,Hardware,INVPROVCLOSE-2025-12-US01-Hardware,closing,3200_RETAINED_EARNINGS,5095.31,0.0,PROVISION,Close Inventory obsolescence provision,,,
2026-01,DE01,Hardware,INVPROV-2026-01-DE01-Hardware,provision_release,1290_INVENTORY_PROVISION,13615.97,0.0,PROVISION,Release Inventory obsolescence provision,,,
2026-01,DE01,Hardware,INVPROV-2026-01-DE01-Hardware,provision_release,5460_INVENTORY_OBSOLESCENCE,0.0,13615.97,PROVISION,Release Inventory obsolescence provision,,,
2026-01,DE01,Hardware,INVPROVCLOSE-2026-01-DE01-Hardware,closing,5460_INVENTORY_OBSOLESCENCE,13615.97,0.0,PROVISION,Close release Inventory obsolescence provision,,,
2026-01,DE01,Hardware,INVPROVCLOSE-2026-01-DE01-Hardware,closing,3200_RETAINED_EARNINGS,0.0,13615.97,PROVISION,Close release Inventory obsolescence provision,,,
2026-01,ES01,Hardware,INVPROV-2026-01-ES01-Hardware,provision_release,1290_INVENTORY_PROVISION,10446.97,0.0,PROVISION,Release Inventory obsolescence provision,,,
2026-01,ES01,Hardware,INVPROV-2026-01-ES01-Hardware,provision_release,5460_INVENTORY_OBSOLESCENCE,0.0,10446.97,PROVISION,Release Inventory obsolescence provision,,,
2026-01,ES01,Hardware,INVPROVCLOSE-2026-01-ES01-Hardware,closing,5460_INVENTORY_OBSOLESCENCE,10446.97,0.0,PROVISION,Close release Inventory obsolescence provision,,,
2026-01,ES01,Hardware,INVPROVCLOSE-2026-01-ES01-Hardware,closing,3200_RETAINED_EARNINGS,0.0,10446.97,PROVISION,Close release Inventory obsolescence provision,,,
2026-01,ES01,Spare Parts,INVPROV-2026-01-ES01-SpareParts,provision_release,1290_INVENTORY_PROVISION,7197.48,0.0,PROVISION,Release Inventory obsolescence provision,,,
2026-01,ES01,Spare Parts,INVPROV-2026-01-ES01-SpareParts,provision_release,5460_INVENTORY_OBSOLESCENCE,0.0,7197.48,PROVISION,Release Inventory obsolescence provision,,,
2026-01,ES01,Spare Parts,INVPROVCLOSE-2026-01-ES01-SpareParts,closing,5460_INVENTORY_OBSOLESCENCE,7197.48,0.0,PROVISION,Close release Inventory obsolescence provision,,,
2026-01,ES01,Spare Parts,INVPROVCLOSE-2026-01-ES01-SpareParts,closing,3200_RETAINED_EARNINGS,0.0,7197.48,PROVISION,Close release Inventory obsolescence provision,,,
2026-01,JP01,Hardware,INVPROV-2026-01-JP01-Hardware,provision_release,1290_INVENTORY_PROVISION,3698.73,0.0,PROVISION,Release Inventory obsolescence provision,,,
2026-01,JP01,Hardware,INVPROV-2026-01-JP01-Hardware,provision_release,5460_INVENTORY_OBSOLESCENCE,0.0,3698.73,PROVISION,Release Inventory obsolescence provision,,,
2026-01,JP01,Hardware,INVPROVCLOSE-2026-01-JP01-Hardware,closing,5460_INVENTORY_OBSOLESCENCE,3698.73,0.0,PROVISION,Close release Inventory obsolescence provision,,,
2026-01,JP01,Hardware,INVPROVCLOSE-2026-01-JP01-Hardware,closing,3200_RETAINED_EARNINGS,0.0,3698.73,PROVISION,Close release Inventory obsolescence provision,,,
2026-01,JP01,Spare Parts,INVPROV-2026-01-JP01-SpareParts,provision_release,1290_INVENTORY_PROVISION,10357.04,0.0,PROVISION,Release Inventory obsolescence provision,,,
2026-01,JP01,Spare Parts,INVPROV-2026-01-JP01-SpareParts,provision_release,5460_INVENTORY_OBSOLESCENCE,0.0,10357.04,PROVISION,Release Inventory obsolescence provision,,,
2026-01,JP01,Spare Parts,INVPROVCLOSE-2026-01-JP01-SpareParts,closing,5460_INVENTORY_OBSOLESCENCE,10357.04,0.0,PROVISION,Close release Inventory obsolescence provision,,,
2026-01,JP01,Spare Parts,INVPROVCLOSE-2026-01-JP01-SpareParts,closing,3200_RETAINED_EARNINGS,0.0,10357.04,PROVISION,Close release Inventory obsolescence provision,,,
2026-01,US01,Hardware,INVPROV-2026-01-US01-Hardware,provision_release,1290_INVENTORY_PROVISION,17784.9,0.0,PROVISION,Release Inventory obsolescence provision,,,
2026-01,US01,Hardware,INVPROV-2026-01-US01-Hardware,provision_release,5460_INVENTORY_OBSOLESCENCE,0.0,17784.9,PROVISION,Release Inventory obsolescence provision,,,
2026-01,US01,Hardware,INVPROVCLOSE-2026-01-US01-Hardware,closing,5460_INVENTORY_OBSOLESCENCE,17784.9,0.0,PROVISION,Close release Inventory obsolescence provision,,,
2026-01,US01,Hardware,INVPROVCLOSE-2026-01-US01-Hardware,closing,3200_RETAINED_EARNINGS,0.0,17784.9,PROVISION,Close release Inventory obsolescence provision,,,
2026-02,DE01,Hardware,INVPROV-2026-02-DE01-Hardware,provision,5460_INVENTORY_OBSOLESCENCE,9731.12,0.0,PROVISION,Inventory obsolescence provision,,,
2026-02,DE01,Hardware,INVPROV-2026-02-DE01-Hardware,provision,1290_INVENTORY_PROVISION,0.0,9731.12,PROVISION,Inventory obsolescence provision,,,
2026-02,DE01,Hardware,INVPROVCLOSE-2026-02-DE01-Hardware,closing,5460_INVENTORY_OBSOLESCENCE,0.0,9731.12,PROVISION,Close Inventory obsolescence provision,,,
2026-02,DE01,Hardware,INVPROVCLOSE-2026-02-DE01-Hardware,closing,3200_RETAINED_EARNINGS,9731.12,0.0,PROVISION,Close Inventory obsolescence provision,,,
2026-02,ES01,Hardware,INVPROV-2026-02-ES01-Hardware,provision,5460_INVENTORY_OBSOLESCENCE,7461.0,0.0,PROVISION,Inventory obsolescence provision,,,
2026-02,ES01,Hardware,INVPROV-2026-02-ES01-Hardware,provision,1290_INVENTORY_PROVISION,0.0,7461.0,PROVISION,Inventory obsolescence provision,,,
2026-02,ES01,Hardware,INVPROVCLOSE-2026-02-ES01-Hardware,closing,5460_INVENTORY_OBSOLESCENCE,0.0,7461.0,PROVISION,Close Inventory obsolescence provision,,,
2026-02,ES01,Hardware,INVPROVCLOSE-2026-02-ES01-Hardware,closing,3200_RETAINED_EARNINGS,7461.0,0.0,PROVISION,Close Inventory obsolescence provision,,,
2026-02,ES01,Spare Parts,INVPROV-2026-02-ES01-SpareParts,provision,5460_INVENTORY_OBSOLESCENCE,2176.55,0.0,PROVISION,Inventory obsolescence provision,,,
2026-02,ES01,Spare Parts,INVPROV-2026-02-ES01-SpareParts,provision,1290_INVENTORY_PROVISION,0.0,2176.55,PROVISION,Inventory obsolescence provision,,,
2026-02,ES01,Spare Parts,INVPROVCLOSE-2026-02-ES01-SpareParts,closing,5460_INVENTORY_OBSOLESCENCE,0.0,2176.55,PROVISION,Close Inventory obsolescence provision,,,
2026-02,ES01,Spare Parts,INVPROVCLOSE-2026-02-ES01-SpareParts,closing,3200_RETAINED_EARNINGS,2176.55,0.0,PROVISION,Close Inventory obsolescence provision,,,
2026-02,JP01,Hardware,INVPROV-2026-02-JP01-Hardware,provision,5460_INVENTORY_OBSOLESCENCE,1746.39,0.0,PROVISION,Inventory obsolescence provision,,,
2026-02,JP01,Hardware,INVPROV-2026-02-JP01-Hardware,provision,1290_INVENTORY_PROVISION,0.0,1746.39,PROVISION,Inventory obsolescence provision,,,
2026-02,JP01,Hardware,INVPROVCLOSE-2026-02-JP01-Hardware,closing,5460_INVENTORY_OBSOLESCENCE,0.0,1746.39,PROVISION,Close Inventory obsolescence provision,,,
2026-02,JP01,Hardware,INVPROVCLOSE-2026-02-JP01-Hardware,closing,3200_RETAINED_EARNINGS,1746.39,0.0,PROVISION,Close Inventory obsolescence provision,,,
2026-02,JP01,Spare Parts,INVPROV-2026-02-JP01-SpareParts,provision,5460_INVENTORY_OBSOLESCENCE,3637.17,0.0,PROVISION,Inventory obsolescence provision,,,
2026-02,JP01,Spare Parts,INVPROV-2026-02-JP01-SpareParts,provision,1290_INVENTORY_PROVISION,0.0,3637.17,PROVISION,Inventory obsolescence provision,,,
2026-02,JP01,Spare Parts,INVPROVCLOSE-2026-02-JP01-SpareParts,closing,5460_INVENTORY_OBSOLESCENCE,0.0,3637.17,PROVISION,Close Inventory obsolescence provision,,,
2026-02,JP01,Spare Parts,INVPROVCLOSE-2026-02-JP01-SpareParts,closing,3200_RETAINED_EARNINGS,3637.17,0.0,PROVISION,Close Inventory obsolescence provision,,,
2026-02,US01,Hardware,INVPROV-2026-02-US01-Hardware,provision,5460_INVENTORY_OBSOLESCENCE,11445.8,0.0,PROVISION,Inventory obsolescence provision,,,
2026-02,US01,Hardware,INVPROV-2026-02-US01-Hardware,provision,1290_INVENTORY_PROVISION,0.0,11445.8,PROVISION,Inventory obsolescence provision,,,
2026-02,US01,Hardware,INVPROVCLOSE-2026-02-US01-Hardware,closing,5460_INVENTORY_OBSOLESCENCE,0.0,11445.8,PROVISION,Close Inventory obsolescence provision,,,
2026-02,US01,Hardware,INVPROVCLOSE-2026-02-US01-Hardware,closing,3200_RETAINED_EARNINGS,11445.8,0.0,PROVISION,Close Inventory obsolescence provision,,,
2026-03,DE01,Hardware,INVPROV-2026-03-DE01-Hardware,provision,5460_INVENTORY_OBSOLESCENCE,12807.29,0.0,PROVISION,Inventory obsolescence provision,,,
2026-03,DE01,Hardware,INVPROV-2026-03-DE01-Hardware,provision,1290_INVENTORY_PROVISION,0.0,12807.29,PROVISION,Inventory obsolescence provision,,,
2026-03,DE01,Hardware,INVPROVCLOSE-2026-03-DE01-Hardware,closing,5460_INVENTORY_OBSOLESCENCE,0.0,12807.29,PROVISION,Close Inventory obsolescence provision,,,
2026-03,DE01,Hardware,INVPROVCLOSE-2026-03-DE01-Hardware,closing,3200_RETAINED_EARNINGS,12807.29,0.0,PROVISION,Close Inventory obsolescence provision,,,
2026-03,ES01,Hardware,INVPROV-2026-03-ES01-Hardware,provision,5460_INVENTORY_OBSOLESCENCE,7246.13,0.0,PROVISION,Inventory obsolescence provision,,,
2026-03,ES01,Hardware,INVPROV-2026-03-ES01-Hardware,provision,1290_INVENTORY_PROVISION,0.0,7246.13,PROVISION,Inventory obsolescence provision,,,
2026-03,ES01,Hardware,INVPROVCLOSE-2026-03-ES01-Hardware,closing,5460_INVENTORY_OBSOLESCENCE,0.0,7246.13,PROVISION,Close Inventory obsolescence provision,,,
2026-03,ES01,Hardware,INVPROVCLOSE-2026-03-ES01-Hardware,closing,3200_RETAINED_EARNINGS,7246.13,0.0,PROVISION,Close Inventory obsolescence provision,,,
2026-03,ES01,Spare Parts,INVPROV-2026-03-ES01-SpareParts,provision,5460_INVENTORY_OBSOLESCENCE,6714.34,0.0,PROVISION,Inventory obsolescence provision,,,
2026-03,ES01,Spare Parts,INVPROV-2026-03-ES01-SpareParts,provision,1290_INVENTORY_PROVISION,0.0,6714.34,PROVISION,Inventory obsolescence provision,,,
2026-03,ES01,Spare Parts,INVPROVCLOSE-2026-03-ES01-SpareParts,closing,5460_INVENTORY_OBSOLESCENCE,0.0,6714.34,PROVISION,Close Inventory obsolescence provision,,,
2026-03,ES01,Spare Parts,INVPROVCLOSE-2026-03-ES01-SpareParts,closing,3200_RETAINED_EARNINGS,6714.34,0.0,PROVISION,Close Inventory obsolescence provision,,,
2026-03,JP01,Hardware,INVPROV-2026-03-JP01-Hardware,provision,5460_INVENTORY_OBSOLESCENCE,6250.4,0.0,PROVISION,Inventory obsolescence provision,,,
2026-03,JP01,Hardware,INVPROV-2026-03-JP01-Hardware,provision,1290_INVENTORY_PROVISION,0.0,6250.4,PROVISION,Inventory obsolescence provision,,,
2026-03,JP01,Hardware,INVPROVCLOSE-2026-03-JP01-Hardware,closing,5460_INVENTORY_OBSOLESCENCE,0.0,6250.4,PROVISION,Close Inventory obsolescence provision,,,
2026-03,JP01,Hardware,INVPROVCLOSE-2026-03-JP01-Hardware,closing,3200_RETAINED_EARNINGS,6250.4,0.0,PROVISION,Close Inventory obsolescence provision,,,
2026-03,JP01,Spare Parts,INVPROV-2026-03-JP01-SpareParts,provision,5460_INVENTORY_OBSOLESCENCE,9120.81,0.0,PROVISION,Inventory obsolescence provision,,,
2026-03,JP01,Spare Parts,INVPROV-2026-03-JP01-SpareParts,provision,1290_INVENTORY_PROVISION,0.0,9120.81,PROVISION,Inventory obsolescence provision,,,
2026-03,JP01,Spare Parts,INVPROVCLOSE-2026-03-JP01-SpareParts,closing,5460_INVENTORY_OBSOLESCENCE,0.0,9120.81,PROVISION,Close Inventory obsolescence provision,,,
2026-03,JP01,Spare Parts,INVPROVCLOSE-2026-03-JP01-SpareParts,closing,3200_RETAINED_EARNINGS,9120.81,0.0,PROVISION,Close Inventory obsolescence provision,,,
2026-03,US01,Hardware,INVPROV-2026-03-US01-Hardware,provision,5460_INVENTORY_OBSOLESCENCE,14492.35,0.0,PROVISION,Inventory obsolescence provision,,,
2026-03,US01,Hardware,INVPROV-2026-03-US01-Hardware,provision,1290_INVENTORY_PROVISION,0.0,14492.35,PROVISION,Inventory obsolescence provision,,,
2026-03,US01,Hardware,INVPROVCLOSE-2026-03-US01-Hardware,closing,5460_INVENTORY_OBSOLESCENCE,0.0,14492.35,PROVISION,Close Inventory obsolescence provision,,,
2026-03,US01,Hardware,INVPROVCLOSE-2026-03-US01-Hardware,closing,3200_RETAINED_EARNINGS,14492.35,0.0,PROVISION,Close Inventory obsolescence provision,,,
2026-04,DE01,Hardware,INVPROV-2026-04-DE01-Hardware,provision_release,1290_INVENTORY_PROVISION,10937.33,0.0,PROVISION,Release Inventory obsolescence provision,,,
2026-04,DE01,Hardware,INVPROV-2026-04-DE01-Hardware,provision_release,5460_INVENTORY_OBSOLESCENCE,0.0,10937.33,PROVISION,Release Inventory obsolescence provision,,,
2026-04,DE01,Hardware,INVPROVCLOSE-2026-04-DE01-Hardware,closing,5460_INVENTORY_OBSOLESCENCE,10937.33,0.0,PROVISION,Close release Inventory obsolescence provision,,,
2026-04,DE01,Hardware,INVPROVCLOSE-2026-04-DE01-Hardware,closing,3200_RETAINED_EARNINGS,0.0,10937.33,PROVISION,Close release Inventory obsolescence provision,,,
2026-04,ES01,Hardware,INVPROV-2026-04-ES01-Hardware,provision,5460_INVENTORY_OBSOLESCENCE,4654.75,0.0,PROVISION,Inventory obsolescence provision,,,
2026-04,ES01,Hardware,INVPROV-2026-04-ES01-Hardware,provision,1290_INVENTORY_PROVISION,0.0,4654.75,PROVISION,Inventory obsolescence provision,,,
2026-04,ES01,Hardware,INVPROVCLOSE-2026-04-ES01-Hardware,closing,5460_INVENTORY_OBSOLESCENCE,0.0,4654.75,PROVISION,Close Inventory obsolescence provision,,,
2026-04,ES01,Hardware,INVPROVCLOSE-2026-04-ES01-Hardware,closing,3200_RETAINED_EARNINGS,4654.75,0.0,PROVISION,Close Inventory obsolescence provision,,,
2026-04,ES01,Spare Parts,INVPROV-2026-04-ES01-SpareParts,provision_release,1290_INVENTORY_PROVISION,1027.64,0.0,PROVISION,Release Inventory obsolescence provision,,,
2026-04,ES01,Spare Parts,INVPROV-2026-04-ES01-SpareParts,provision_release,5460_INVENTORY_OBSOLESCENCE,0.0,1027.64,PROVISION,Release Inventory obsolescence provision,,,
2026-04,ES01,Spare Parts,INVPROVCLOSE-2026-04-ES01-SpareParts,closing,5460_INVENTORY_OBSOLESCENCE,1027.64,0.0,PROVISION,Close release Inventory obsolescence provision,,,
2026-04,ES01,Spare Parts,INVPROVCLOSE-2026-04-ES01-SpareParts,closing,3200_RETAINED_EARNINGS,0.0,1027.64,PROVISION,Close release Inventory obsolescence provision,,,
2026-04,JP01,Hardware,INVPROV-2026-04-JP01-Hardware,provision,5460_INVENTORY_OBSOLESCENCE,94.02,0.0,PROVISION,Inventory obsolescence provision,,,
2026-04,JP01,Hardware,INVPROV-2026-04-JP01-Hardware,provision,1290_INVENTORY_PROVISION,0.0,94.02,PROVISION,Inventory obsolescence provision,,,
2026-04,JP01,Hardware,INVPROVCLOSE-2026-04-JP01-Hardware,closing,5460_INVENTORY_OBSOLESCENCE,0.0,94.02,PROVISION,Close Inventory obsolescence provision,,,
2026-04,JP01,Hardware,INVPROVCLOSE-2026-04-JP01-Hardware,closing,3200_RETAINED_EARNINGS,94.02,0.0,PROVISION,Close Inventory obsolescence provision,,,
2026-04,JP01,Spare Parts,INVPROV-2026-04-JP01-SpareParts,provision_release,1290_INVENTORY_PROVISION,982.96,0.0,PROVISION,Release Inventory obsolescence provision,,,
2026-04,JP01,Spare Parts,INVPROV-2026-04-JP01-SpareParts,provision_release,5460_INVENTORY_OBSOLESCENCE,0.0,982.96,PROVISION,Release Inventory obsolescence provision,,,
2026-04,JP01,Spare Parts,INVPROVCLOSE-2026-04-JP01-SpareParts,closing,5460_INVENTORY_OBSOLESCENCE,982.96,0.0,PROVISION,Close release Inventory obsolescence provision,,,
2026-04,JP01,Spare Parts,INVPROVCLOSE-2026-04-JP01-SpareParts,closing,3200_RETAINED_EARNINGS,0.0,982.96,PROVISION,Close release Inventory obsolescence provision,,,
2026-04,US01,Hardware,INVPROV-2026-04-US01-Hardware,provision_release,1290_INVENTORY_PROVISION,27056.31,0.0,PROVISION,Release Inventory obsolescence provision,,,
2026-04,US01,Hardware,INVPROV-2026-04-US01-Hardware,provision_release,5460_INVENTORY_OBSOLESCENCE,0.0,27056.31,PROVISION,Release Inventory obsolescence provision,,,
2026-04,US01,Hardware,INVPROVCLOSE-2026-04-US01-Hardware,closing,5460_INVENTORY_OBSOLESCENCE,27056.31,0.0,PROVISION,Close release Inventory obsolescence provision,,,
2026-04,US01,Hardware,INVPROVCLOSE-2026-04-US01-Hardware,closing,3200_RETAINED_EARNINGS,0.0,27056.31,PROVISION,Close release Inventory obsolescence provision,,,
2026-05,DE01,Hardware,INVPROV-2026-05-DE01-Hardware,provision,5460_INVENTORY_OBSOLESCENCE,13530.98,0.0,PROVISION,Inventory obsolescence provision,,,
2026-05,DE01,Hardware,INVPROV-2026-05-DE01-Hardware,provision,1290_INVENTORY_PROVISION,0.0,13530.98,PROVISION,Inventory obsolescence provision,,,
2026-05,DE01,Hardware,INVPROVCLOSE-2026-05-DE01-Hardware,closing,5460_INVENTORY_OBSOLESCENCE,0.0,13530.98,PROVISION,Close Inventory obsolescence provision,,,
2026-05,DE01,Hardware,INVPROVCLOSE-2026-05-DE01-Hardware,closing,3200_RETAINED_EARNINGS,13530.98,0.0,PROVISION,Close Inventory obsolescence provision,,,
2026-05,ES01,Hardware,INVPROV-2026-05-ES01-Hardware,provision,5460_INVENTORY_OBSOLESCENCE,6348.58,0.0,PROVISION,Inventory obsolescence provision,,,
2026-05,ES01,Hardware,INVPROV-2026-05-ES01-Hardware,provision,1290_INVENTORY_PROVISION,0.0,6348.58,PROVISION,Inventory obsolescence provision,,,
2026-05,ES01,Hardware,INVPROVCLOSE-2026-05-ES01-Hardware,closing,5460_INVENTORY_OBSOLESCENCE,0.0,6348.58,PROVISION,Close Inventory obsolescence provision,,,
2026-05,ES01,Hardware,INVPROVCLOSE-2026-05-ES01-Hardware,closing,3200_RETAINED_EARNINGS,6348.58,0.0,PROVISION,Close Inventory obsolescence provision,,,
2026-05,ES01,Spare Parts,INVPROV-2026-05-ES01-SpareParts,provision,5460_INVENTORY_OBSOLESCENCE,554.2,0.0,PROVISION,Inventory obsolescence provision,,,
2026-05,ES01,Spare Parts,INVPROV-2026-05-ES01-SpareParts,provision,1290_INVENTORY_PROVISION,0.0,554.2,PROVISION,Inventory obsolescence provision,,,
2026-05,ES01,Spare Parts,INVPROVCLOSE-2026-05-ES01-SpareParts,closing,5460_INVENTORY_OBSOLESCENCE,0.0,554.2,PROVISION,Close Inventory obsolescence provision,,,
2026-05,ES01,Spare Parts,INVPROVCLOSE-2026-05-ES01-SpareParts,closing,3200_RETAINED_EARNINGS,554.2,0.0,PROVISION,Close Inventory obsolescence provision,,,
2026-05,JP01,Hardware,INVPROV-2026-05-JP01-Hardware,provision_release,1290_INVENTORY_PROVISION,1765.6,0.0,PROVISION,Release Inventory obsolescence provision,,,
2026-05,JP01,Hardware,INVPROV-2026-05-JP01-Hardware,provision_release,5460_INVENTORY_OBSOLESCENCE,0.0,1765.6,PROVISION,Release Inventory obsolescence provision,,,
2026-05,JP01,Hardware,INVPROVCLOSE-2026-05-JP01-Hardware,closing,5460_INVENTORY_OBSOLESCENCE,1765.6,0.0,PROVISION,Close release Inventory obsolescence provision,,,
2026-05,JP01,Hardware,INVPROVCLOSE-2026-05-JP01-Hardware,closing,3200_RETAINED_EARNINGS,0.0,1765.6,PROVISION,Close release Inventory obsolescence provision,,,
2026-05,JP01,Spare Parts,INVPROV-2026-05-JP01-SpareParts,provision,5460_INVENTORY_OBSOLESCENCE,758.12,0.0,PROVISION,Inventory obsolescence provision,,,
2026-05,JP01,Spare Parts,INVPROV-2026-05-JP01-SpareParts,provision,1290_INVENTORY_PROVISION,0.0,758.12,PROVISION,Inventory obsolescence provision,,,
2026-05,JP01,Spare Parts,INVPROVCLOSE-2026-05-JP01-SpareParts,closing,5460_INVENTORY_OBSOLESCENCE,0.0,758.12,PROVISION,Close Inventory obsolescence provision,,,
2026-05,JP01,Spare Parts,INVPROVCLOSE-2026-05-JP01-SpareParts,closing,3200_RETAINED_EARNINGS,758.12,0.0,PROVISION,Close Inventory obsolescence provision,,,
2026-05,US01,Hardware,INVPROV-2026-05-US01-Hardware,provision,5460_INVENTORY_OBSOLESCENCE,6676.21,0.0,PROVISION,Inventory obsolescence provision,,,
2026-05,US01,Hardware,INVPROV-2026-05-US01-Hardware,provision,1290_INVENTORY_PROVISION,0.0,6676.21,PROVISION,Inventory obsolescence provision,,,
2026-05,US01,Hardware,INVPROVCLOSE-2026-05-US01-Hardware,closing,5460_INVENTORY_OBSOLESCENCE,0.0,6676.21,PROVISION,Close Inventory obsolescence provision,,,
2026-05,US01,Hardware,INVPROVCLOSE-2026-05-US01-Hardware,closing,3200_RETAINED_EARNINGS,6676.21,0.0,PROVISION,Close Inventory obsolescence provision,,,
2026-06,DE01,Hardware,INVPROV-2026-06-DE01-Hardware,provision,5460_INVENTORY_OBSOLESCENCE,3475.97,0.0,PROVISION,Inventory obsolescence provision,,,
2026-06,DE01,Hardware,INVPROV-2026-06-DE01-Hardware,provision,1290_INVENTORY_PROVISION,0.0,3475.97,PROVISION,Inventory obsolescence provision,,,
2026-06,DE01,Hardware,INVPROVCLOSE-2026-06-DE01-Hardware,closing,5460_INVENTORY_OBSOLESCENCE,0.0,3475.97,PROVISION,Close Inventory obsolescence provision,,,
2026-06,DE01,Hardware,INVPROVCLOSE-2026-06-DE01-Hardware,closing,3200_RETAINED_EARNINGS,3475.97,0.0,PROVISION,Close Inventory obsolescence provision,,,
2026-06,ES01,Hardware,INVPROV-2026-06-ES01-Hardware,provision_release,1290_INVENTORY_PROVISION,1334.81,0.0,PROVISION,Release Inventory obsolescence provision,,,
2026-06,ES01,Hardware,INVPROV-2026-06-ES01-Hardware,provision_release,5460_INVENTORY_OBSOLESCENCE,0.0,1334.81,PROVISION,Release Inventory obsolescence provision,,,
2026-06,ES01,Hardware,INVPROVCLOSE-2026-06-ES01-Hardware,closing,5460_INVENTORY_OBSOLESCENCE,1334.81,0.0,PROVISION,Close release Inventory obsolescence provision,,,
2026-06,ES01,Hardware,INVPROVCLOSE-2026-06-ES01-Hardware,closing,3200_RETAINED_EARNINGS,0.0,1334.81,PROVISION,Close release Inventory obsolescence provision,,,
2026-06,ES01,Spare Parts,INVPROV-2026-06-ES01-SpareParts,provision_release,1290_INVENTORY_PROVISION,314.26,0.0,PROVISION,Release Inventory obsolescence provision,,,
2026-06,ES01,Spare Parts,INVPROV-2026-06-ES01-SpareParts,provision_release,5460_INVENTORY_OBSOLESCENCE,0.0,314.26,PROVISION,Release Inventory obsolescence provision,,,
2026-06,ES01,Spare Parts,INVPROVCLOSE-2026-06-ES01-SpareParts,closing,5460_INVENTORY_OBSOLESCENCE,314.26,0.0,PROVISION,Close release Inventory obsolescence provision,,,
2026-06,ES01,Spare Parts,INVPROVCLOSE-2026-06-ES01-SpareParts,closing,3200_RETAINED_EARNINGS,0.0,314.26,PROVISION,Close release Inventory obsolescence provision,,,
2026-06,JP01,Hardware,INVPROV-2026-06-JP01-Hardware,provision,5460_INVENTORY_OBSOLESCENCE,1760.01,0.0,PROVISION,Inventory obsolescence provision,,,
2026-06,JP01,Hardware,INVPROV-2026-06-JP01-Hardware,provision,1290_INVENTORY_PROVISION,0.0,1760.01,PROVISION,Inventory obsolescence provision,,,
2026-06,JP01,Hardware,INVPROVCLOSE-2026-06-JP01-Hardware,closing,5460_INVENTORY_OBSOLESCENCE,0.0,1760.01,PROVISION,Close Inventory obsolescence provision,,,
2026-06,JP01,Hardware,INVPROVCLOSE-2026-06-JP01-Hardware,closing,3200_RETAINED_EARNINGS,1760.01,0.0,PROVISION,Close Inventory obsolescence provision,,,
2026-06,JP01,Spare Parts,INVPROV-2026-06-JP01-SpareParts,provision_release,1290_INVENTORY_PROVISION,1188.39,0.0,PROVISION,Release Inventory obsolescence provision,,,
2026-06,JP01,Spare Parts,INVPROV-2026-06-JP01-SpareParts,provision_release,5460_INVENTORY_OBSOLESCENCE,0.0,1188.39,PROVISION,Release Inventory obsolescence provision,,,
2026-06,JP01,Spare Parts,INVPROVCLOSE-2026-06-JP01-SpareParts,closing,5460_INVENTORY_OBSOLESCENCE,1188.39,0.0,PROVISION,Close release Inventory obsolescence provision,,,
2026-06,JP01,Spare Parts,INVPROVCLOSE-2026-06-JP01-SpareParts,closing,3200_RETAINED_EARNINGS,0.0,1188.39,PROVISION,Close release Inventory obsolescence provision,,,
2026-06,US01,Hardware,INVPROV-2026-06-US01-Hardware,provision_release,1290_INVENTORY_PROVISION,871.99,0.0,PROVISION,Release Inventory obsolescence provision,,,
2026-06,US01,Hardware,INVPROV-2026-06-US01-Hardware,provision_release,5460_INVENTORY_OBSOLESCENCE,0.0,871.99,PROVISION,Release Inventory obsolescence provision,,,
2026-06,US01,Hardware,INVPROVCLOSE-2026-06-US01-Hardware,closing,5460_INVENTORY_OBSOLESCENCE,871.99,0.0,PROVISION,Close release Inventory obsolescence provision,,,
2026-06,US01,Hardware,INVPROVCLOSE-2026-06-US01-Hardware,closing,3200_RETAINED_EARNINGS,0.0,871.99,PROVISION,Close release Inventory obsolescence provision,,,
2026-07,DE01,Hardware,INVPROV-2026-07-DE01-Hardware,provision_release,1290_INVENTORY_PROVISION,4093.62,0.0,PROVISION,Release Inventory obsolescence provision,,,
2026-07,DE01,Hardware,INVPROV-2026-07-DE01-Hardware,provision_release,5460_INVENTORY_OBSOLESCENCE,0.0,4093.62,PROVISION,Release Inventory obsolescence provision,,,
2026-07,DE01,Hardware,INVPROVCLOSE-2026-07-DE01-Hardware,closing,5460_INVENTORY_OBSOLESCENCE,4093.62,0.0,PROVISION,Close release Inventory obsolescence provision,,,
2026-07,DE01,Hardware,INVPROVCLOSE-2026-07-DE01-Hardware,closing,3200_RETAINED_EARNINGS,0.0,4093.62,PROVISION,Close release Inventory obsolescence provision,,,
2026-07,ES01,Hardware,INVPROV-2026-07-ES01-Hardware,provision,5460_INVENTORY_OBSOLESCENCE,8082.61,0.0,PROVISION,Inventory obsolescence provision,,,
2026-07,ES01,Hardware,INVPROV-2026-07-ES01-Hardware,provision,1290_INVENTORY_PROVISION,0.0,8082.61,PROVISION,Inventory obsolescence provision,,,
2026-07,ES01,Hardware,INVPROVCLOSE-2026-07-ES01-Hardware,closing,5460_INVENTORY_OBSOLESCENCE,0.0,8082.61,PROVISION,Close Inventory obsolescence provision,,,
2026-07,ES01,Hardware,INVPROVCLOSE-2026-07-ES01-Hardware,closing,3200_RETAINED_EARNINGS,8082.61,0.0,PROVISION,Close Inventory obsolescence provision,,,
2026-07,ES01,Spare Parts,INVPROV-2026-07-ES01-SpareParts,provision_release,1290_INVENTORY_PROVISION,3264.78,0.0,PROVISION,Release Inventory obsolescence provision,,,
2026-07,ES01,Spare Parts,INVPROV-2026-07-ES01-SpareParts,provision_release,5460_INVENTORY_OBSOLESCENCE,0.0,3264.78,PROVISION,Release Inventory obsolescence provision,,,
2026-07,ES01,Spare Parts,INVPROVCLOSE-2026-07-ES01-SpareParts,closing,5460_INVENTORY_OBSOLESCENCE,3264.78,0.0,PROVISION,Close release Inventory obsolescence provision,,,
2026-07,ES01,Spare Parts,INVPROVCLOSE-2026-07-ES01-SpareParts,closing,3200_RETAINED_EARNINGS,0.0,3264.78,PROVISION,Close release Inventory obsolescence provision,,,
2026-07,JP01,Hardware,INVPROV-2026-07-JP01-Hardware,provision,5460_INVENTORY_OBSOLESCENCE,1991.04,0.0,PROVISION,Inventory obsolescence provision,,,
2026-07,JP01,Hardware,INVPROV-2026-07-JP01-Hardware,provision,1290_INVENTORY_PROVISION,0.0,1991.04,PROVISION,Inventory obsolescence provision,,,
2026-07,JP01,Hardware,INVPROVCLOSE-2026-07-JP01-Hardware,closing,5460_INVENTORY_OBSOLESCENCE,0.0,1991.04,PROVISION,Close Inventory obsolescence provision,,,
2026-07,JP01,Hardware,INVPROVCLOSE-2026-07-JP01-Hardware,closing,3200_RETAINED_EARNINGS,1991.04,0.0,PROVISION,Close Inventory obsolescence provision,,,
2026-07,JP01,Spare Parts,INVPROV-2026-07-JP01-SpareParts,provision_release,1290_INVENTORY_PROVISION,3788.08,0.0,PROVISION,Release Inventory obsolescence provision,,,
2026-07,JP01,Spare Parts,INVPROV-2026-07-JP01-SpareParts,provision_release,5460_INVENTORY_OBSOLESCENCE,0.0,3788.08,PROVISION,Release Inventory obsolescence provision,,,
2026-07,JP01,Spare Parts,INVPROVCLOSE-2026-07-JP01-SpareParts,closing,5460_INVENTORY_OBSOLESCENCE,3788.08,0.0,PROVISION,Close release Inventory obsolescence provision,,,
2026-07,JP01,Spare Parts,INVPROVCLOSE-2026-07-JP01-SpareParts,closing,3200_RETAINED_EARNINGS,0.0,3788.08,PROVISION,Close release Inventory obsolescence provision,,,
2026-07,US01,Hardware,INVPROV-2026-07-US01-Hardware,provision_release,1290_INVENTORY_PROVISION,3802.36,0.0,PROVISION,Release Inventory obsolescence provision,,,
2026-07,US01,Hardware,INVPROV-2026-07-US01-Hardware,provision_release,5460_INVENTORY_OBSOLESCENCE,0.0,3802.36,PROVISION,Release Inventory obsolescence provision,,,
2026-07,US01,Hardware,INVPROVCLOSE-2026-07-US01-Hardware,closing,5460_INVENTORY_OBSOLESCENCE,3802.36,0.0,PROVISION,Close release Inventory obsolescence provision,,,
2026-07,US01,Hardware,INVPROVCLOSE-2026-07-US01-Hardware,closing,3200_RETAINED_EARNINGS,0.0,3802.36,PROVISION,Close release Inventory obsolescence provision,,,
2026-08,DE01,Hardware,INVPROV-2026-08-DE01-Hardware,provision,5460_INVENTORY_OBSOLESCENCE,6427.35,0.0,PROVISION,Inventory obsolescence provision,,,
2026-08,DE01,Hardware,INVPROV-2026-08-DE01-Hardware,provision,1290_INVENTORY_PROVISION,0.0,6427.35,PROVISION,Inventory obsolescence provision,,,
2026-08,DE01,Hardware,INVPROVCLOSE-2026-08-DE01-Hardware,closing,5460_INVENTORY_OBSOLESCENCE,0.0,6427.35,PROVISION,Close Inventory obsolescence provision,,,
2026-08,DE01,Hardware,INVPROVCLOSE-2026-08-DE01-Hardware,closing,3200_RETAINED_EARNINGS,6427.35,0.0,PROVISION,Close Inventory obsolescence provision,,,
2026-08,ES01,Hardware,INVPROV-2026-08-ES01-Hardware,provision,5460_INVENTORY_OBSOLESCENCE,658.05,0.0,PROVISION,Inventory obsolescence provision,,,
2026-08,ES01,Hardware,INVPROV-2026-08-ES01-Hardware,provision,1290_INVENTORY_PROVISION,0.0,658.05,PROVISION,Inventory obsolescence provision,,,
2026-08,ES01,Hardware,INVPROVCLOSE-2026-08-ES01-Hardware,closing,5460_INVENTORY_OBSOLESCENCE,0.0,658.05,PROVISION,Close Inventory obsolescence provision,,,
2026-08,ES01,Hardware,INVPROVCLOSE-2026-08-ES01-Hardware,closing,3200_RETAINED_EARNINGS,658.05,0.0,PROVISION,Close Inventory obsolescence provision,,,
2026-08,ES01,Spare Parts,INVPROV-2026-08-ES01-SpareParts,provision,5460_INVENTORY_OBSOLESCENCE,156.8,0.0,PROVISION,Inventory obsolescence provision,,,
2026-08,ES01,Spare Parts,INVPROV-2026-08-ES01-SpareParts,provision,1290_INVENTORY_PROVISION,0.0,156.8,PROVISION,Inventory obsolescence provision,,,
2026-08,ES01,Spare Parts,INVPROVCLOSE-2026-08-ES01-SpareParts,closing,5460_INVENTORY_OBSOLESCENCE,0.0,156.8,PROVISION,Close Inventory obsolescence provision,,,
2026-08,ES01,Spare Parts,INVPROVCLOSE-2026-08-ES01-SpareParts,closing,3200_RETAINED_EARNINGS,156.8,0.0,PROVISION,Close Inventory obsolescence provision,,,
2026-08,JP01,Hardware,INVPROV-2026-08-JP01-Hardware,provision,5460_INVENTORY_OBSOLESCENCE,1083.09,0.0,PROVISION,Inventory obsolescence provision,,,
2026-08,JP01,Hardware,INVPROV-2026-08-JP01-Hardware,provision,1290_INVENTORY_PROVISION,0.0,1083.09,PROVISION,Inventory obsolescence provision,,,
2026-08,JP01,Hardware,INVPROVCLOSE-2026-08-JP01-Hardware,closing,5460_INVENTORY_OBSOLESCENCE,0.0,1083.09,PROVISION,Close Inventory obsolescence provision,,,
2026-08,JP01,Hardware,INVPROVCLOSE-2026-08-JP01-Hardware,closing,3200_RETAINED_EARNINGS,1083.09,0.0,PROVISION,Close Inventory obsolescence provision,,,
2026-08,JP01,Spare Parts,INVPROV-2026-08-JP01-SpareParts,provision_release,1290_INVENTORY_PROVISION,78.84,0.0,PROVISION,Release Inventory obsolescence provision,,,
2026-08,JP01,Spare Parts,INVPROV-2026-08-JP01-SpareParts,provision_release,5460_INVENTORY_OBSOLESCENCE,0.0,78.84,PROVISION,Release Inventory obsolescence provision,,,
2026-08,JP01,Spare Parts,INVPROVCLOSE-2026-08-JP01-SpareParts,closing,5460_INVENTORY_OBSOLESCENCE,78.84,0.0,PROVISION,Close release Inventory obsolescence provision,,,
2026-08,JP01,Spare Parts,INVPROVCLOSE-2026-08-JP01-SpareParts,closing,3200_RETAINED_EARNINGS,0.0,78.84,PROVISION,Close release Inventory obsolescence provision,,,
2026-08,US01,Hardware,INVPROV-2026-08-US01-Hardware,provision,5460_INVENTORY_OBSOLESCENCE,2482.92,0.0,PROVISION,Inventory obsolescence provision,,,
2026-08,US01,Hardware,INVPROV-2026-08-US01-Hardware,provision,1290_INVENTORY_PROVISION,0.0,2482.92,PROVISION,Inventory obsolescence provision,,,
2026-08,US01,Hardware,INVPROVCLOSE-2026-08-US01-Hardware,closing,5460_INVENTORY_OBSOLESCENCE,0.0,2482.92,PROVISION,Close Inventory obsolescence provision,,,
2026-08,US01,Hardware,INVPROVCLOSE-2026-08-US01-Hardware,closing,3200_RETAINED_EARNINGS,2482.92,0.0,PROVISION,Close Inventory obsolescence provision,,,
2026-09,DE01,Hardware,INVPROV-2026-09-DE01-Hardware,provision,5460_INVENTORY_OBSOLESCENCE,21733.73,0.0,PROVISION,Inventory obsolescence provision,,,
2026-09,DE01,Hardware,INVPROV-2026-09-DE01-Hardware,provision,1290_INVENTORY_PROVISION,0.0,21733.73,PROVISION,Inventory obsolescence provision,,,
2026-09,DE01,Hardware,INVPROVCLOSE-2026-09-DE01-Hardware,closing,5460_INVENTORY_OBSOLESCENCE,0.0,21733.73,PROVISION,Close Inventory obsolescence provision,,,
2026-09,DE01,Hardware,INVPROVCLOSE-2026-09-DE01-Hardware,closing,3200_RETAINED_EARNINGS,21733.73,0.0,PROVISION,Close Inventory obsolescence provision,,,
2026-09,ES01,Hardware,INVPROV-2026-09-ES01-Hardware,provision,5460_INVENTORY_OBSOLESCENCE,15228.53,0.0,PROVISION,Inventory obsolescence provision,,,
2026-09,ES01,Hardware,INVPROV-2026-09-ES01-Hardware,provision,1290_INVENTORY_PROVISION,0.0,15228.53,PROVISION,Inventory obsolescence provision,,,
2026-09,ES01,Hardware,INVPROVCLOSE-2026-09-ES01-Hardware,closing,5460_INVENTORY_OBSOLESCENCE,0.0,15228.53,PROVISION,Close Inventory obsolescence provision,,,
2026-09,ES01,Hardware,INVPROVCLOSE-2026-09-ES01-Hardware,closing,3200_RETAINED_EARNINGS,15228.53,0.0,PROVISION,Close Inventory obsolescence provision,,,
2026-09,ES01,Spare Parts,INVPROV-2026-09-ES01-SpareParts,provision,5460_INVENTORY_OBSOLESCENCE,10542.3,0.0,PROVISION,Inventory obsolescence provision,,,
2026-09,ES01,Spare Parts,INVPROV-2026-09-ES01-SpareParts,provision,1290_INVENTORY_PROVISION,0.0,10542.3,PROVISION,Inventory obsolescence provision,,,
2026-09,ES01,Spare Parts,INVPROVCLOSE-2026-09-ES01-SpareParts,closing,5460_INVENTORY_OBSOLESCENCE,0.0,10542.3,PROVISION,Close Inventory obsolescence provision,,,
2026-09,ES01,Spare Parts,INVPROVCLOSE-2026-09-ES01-SpareParts,closing,3200_RETAINED_EARNINGS,10542.3,0.0,PROVISION,Close Inventory obsolescence provision,,,
2026-09,JP01,Hardware,INVPROV-2026-09-JP01-Hardware,provision,5460_INVENTORY_OBSOLESCENCE,16041.19,0.0,PROVISION,Inventory obsolescence provision,,,
2026-09,JP01,Hardware,INVPROV-2026-09-JP01-Hardware,provision,1290_INVENTORY_PROVISION,0.0,16041.19,PROVISION,Inventory obsolescence provision,,,
2026-09,JP01,Hardware,INVPROVCLOSE-2026-09-JP01-Hardware,closing,5460_INVENTORY_OBSOLESCENCE,0.0,16041.19,PROVISION,Close Inventory obsolescence provision,,,
2026-09,JP01,Hardware,INVPROVCLOSE-2026-09-JP01-Hardware,closing,3200_RETAINED_EARNINGS,16041.19,0.0,PROVISION,Close Inventory obsolescence provision,,,
2026-09,JP01,Spare Parts,INVPROV-2026-09-JP01-SpareParts,provision,5460_INVENTORY_OBSOLESCENCE,15542.05,0.0,PROVISION,Inventory obsolescence provision,,,
2026-09,JP01,Spare Parts,INVPROV-2026-09-JP01-SpareParts,provision,1290_INVENTORY_PROVISION,0.0,15542.05,PROVISION,Inventory obsolescence provision,,,
2026-09,JP01,Spare Parts,INVPROVCLOSE-2026-09-JP01-SpareParts,closing,5460_INVENTORY_OBSOLESCENCE,0.0,15542.05,PROVISION,Close Inventory obsolescence provision,,,
2026-09,JP01,Spare Parts,INVPROVCLOSE-2026-09-JP01-SpareParts,closing,3200_RETAINED_EARNINGS,15542.05,0.0,PROVISION,Close Inventory obsolescence provision,,,
2026-09,US01,Hardware,INVPROV-2026-09-US01-Hardware,provision,5460_INVENTORY_OBSOLESCENCE,25095.88,0.0,PROVISION,Inventory obsolescence provision,,,
2026-09,US01,Hardware,INVPROV-2026-09-US01-Hardware,provision,1290_INVENTORY_PROVISION,0.0,25095.88,PROVISION,Inventory obsolescence provision,,,
2026-09,US01,Hardware,INVPROVCLOSE-2026-09-US01-Hardware,closing,5460_INVENTORY_OBSOLESCENCE,0.0,25095.88,PROVISION,Close Inventory obsolescence provision,,,
2026-09,US01,Hardware,INVPROVCLOSE-2026-09-US01-Hardware,closing,3200_RETAINED_EARNINGS,25095.88,0.0,PROVISION,Close Inventory obsolescence provision,,,
